# Blender 5.1.2
# www.blender.org
mtllib ambulance.mtl
o Ambulance
v 0.400353 0.575357 0.022222
v 0.374101 0.587032 0.022222
v 0.400353 0.575357 0.028278
v 0.374101 0.587032 0.028278
v 0.399732 0.573961 0.028278
v 0.373480 0.585636 0.028278
v 0.399732 0.573961 0.022222
v 0.373480 0.585636 0.022222
v 0.399477 0.575747 0.028278
v 0.398856 0.574351 0.028278
v 0.398856 0.574351 0.022222
v 0.399477 0.575747 0.022222
v 0.375078 0.586598 0.028278
v 0.374457 0.585202 0.028278
v 0.374457 0.585202 0.022222
v 0.375078 0.586598 0.022222
v 0.375078 0.586598 0.027268
v 0.399477 0.575747 0.027268
v 0.400353 0.575357 0.027268
v 0.399732 0.573961 0.027268
v 0.398856 0.574351 0.027268
v 0.374457 0.585202 0.027268
v 0.373480 0.585636 0.027268
v 0.374101 0.587032 0.027268
v 0.375078 0.586598 0.023268
v 0.399477 0.575747 0.023268
v 0.400353 0.575357 0.023268
v 0.399732 0.573961 0.023268
v 0.398856 0.574351 0.023268
v 0.374457 0.585202 0.023268
v 0.373480 0.585636 0.023268
v 0.374101 0.587032 0.023268
v 0.399892 0.575483 0.026703
v 0.374504 0.586774 0.026703
v 0.399297 0.574145 0.027139
v 0.373909 0.585436 0.027139
v 0.399831 0.575346 0.026199
v 0.399236 0.574008 0.026634
v 0.373848 0.585299 0.026634
v 0.374443 0.586637 0.026199
v 0.276460 0.406306 0.026066
v 0.270564 0.408928 0.026066
v 0.276460 0.406306 0.031427
v 0.270564 0.408928 0.031427
v 0.278290 0.407164 0.032527
v 0.269976 0.410862 0.032527
v 0.278290 0.407164 0.024966
v 0.269976 0.410862 0.024966
v 0.343370 0.564075 0.053378
v 0.337981 0.566873 0.053378
v 0.342079 0.564938 0.063979
v 0.338913 0.566459 0.063979
v 0.341636 0.563382 0.064791
v 0.337894 0.564917 0.064791
v 0.343369 0.562944 0.052586
v 0.336822 0.565394 0.052586
v 0.337994 0.566867 0.059487
v 0.343415 0.564177 0.058102
v 0.343316 0.562826 0.058025
v 0.336836 0.565387 0.059620
v 0.340579 0.565527 0.053247
v 0.339975 0.564211 0.052435
v 0.341034 0.565034 0.053247
v 0.340717 0.564134 0.052435
v 0.339943 0.564168 0.048286
v 0.340717 0.564134 0.048286
v 0.341091 0.564973 0.048286
v 0.340546 0.565525 0.048286
v 0.339837 0.565028 0.048286
v 0.339837 0.565028 0.052435
v 0.339947 0.564166 0.047884
v 0.340698 0.564142 0.048073
v 0.341072 0.564981 0.048073
v 0.340551 0.565523 0.047884
v 0.339856 0.565019 0.047767
v 0.340265 0.564017 0.047462
v 0.340806 0.564118 0.047964
v 0.341161 0.564917 0.047964
v 0.340875 0.565387 0.047462
v 0.340276 0.564833 0.047119
v 0.347333 0.560806 0.047455
v 0.347470 0.561115 0.047999
v 0.347855 0.561980 0.047999
v 0.347992 0.562289 0.047455
v 0.347662 0.561548 0.047084
v 0.311682 0.389657 0.010808
v 0.295588 0.396814 0.010808
v 0.311382 0.388984 0.018335
v 0.295288 0.396141 0.018335
v 0.310762 0.387588 0.018335
v 0.294667 0.394745 0.018335
v 0.311061 0.388261 0.010808
v 0.294967 0.395419 0.010808
v 0.352634 0.405307 0.023574
v 0.350521 0.400557 0.016420
v 0.350521 0.400557 0.007577
v 0.352634 0.405307 0.000423
v 0.356052 0.412993 -0.002309
v 0.359470 0.420678 0.000423
v 0.361583 0.425428 0.007577
v 0.361583 0.425428 0.016420
v 0.359470 0.420678 0.023574
v 0.356052 0.412993 0.026306
v 0.351062 0.407356 0.021876
v 0.349259 0.403303 0.015771
v 0.349259 0.403303 0.008226
v 0.351062 0.407356 0.002122
v 0.353979 0.413915 -0.000210
v 0.356895 0.420473 0.002122
v 0.358698 0.424526 0.008226
v 0.358698 0.424526 0.015771
v 0.356895 0.420473 0.021876
v 0.353979 0.413915 0.024207
v 0.353746 0.407807 0.019808
v 0.352321 0.404603 0.014981
v 0.352321 0.404603 0.009016
v 0.353746 0.407807 0.004189
v 0.356052 0.412993 0.002346
v 0.358358 0.418178 0.004189
v 0.359783 0.421382 0.009016
v 0.359783 0.421382 0.014981
v 0.358358 0.418178 0.019808
v 0.356052 0.412993 0.021651
v 0.354782 0.410137 0.016299
v 0.353997 0.408372 0.013641
v 0.353997 0.408372 0.010356
v 0.354782 0.410137 0.007698
v 0.356052 0.412993 0.006682
v 0.357322 0.415848 0.007698
v 0.358107 0.417613 0.010356
v 0.358107 0.417613 0.013641
v 0.357322 0.415848 0.016299
v 0.356052 0.412993 0.017315
v 0.353447 0.412172 0.014487
v 0.352993 0.411150 0.012949
v 0.354182 0.413824 0.011999
v 0.352993 0.411150 0.011048
v 0.353447 0.412172 0.009510
v 0.354182 0.413824 0.008922
v 0.354917 0.415477 0.009510
v 0.355371 0.416498 0.011048
v 0.355371 0.416498 0.012949
v 0.354917 0.415477 0.014487
v 0.354182 0.413824 0.015075
v 0.353280 0.409327 0.013452
v 0.353975 0.410889 0.015805
v 0.355099 0.413416 0.016703
v 0.356223 0.415944 0.015805
v 0.356918 0.417505 0.013452
v 0.356918 0.417505 0.010545
v 0.356223 0.415944 0.008192
v 0.355099 0.413416 0.007294
v 0.353975 0.410889 0.008192
v 0.353280 0.409327 0.010545
v 0.358452 0.402719 0.023574
v 0.356340 0.397969 0.016420
v 0.356340 0.397969 0.007577
v 0.358452 0.402719 0.000423
v 0.361870 0.410405 -0.002309
v 0.365288 0.418091 0.000423
v 0.367401 0.422841 0.007577
v 0.367401 0.422841 0.016420
v 0.365288 0.418091 0.023574
v 0.361870 0.410405 0.026306
v 0.361027 0.402925 0.021876
v 0.359224 0.398871 0.015771
v 0.359224 0.398871 0.008226
v 0.361027 0.402925 0.002122
v 0.363944 0.409483 -0.000210
v 0.366860 0.416041 0.002122
v 0.368663 0.420094 0.008226
v 0.368663 0.420094 0.015771
v 0.366860 0.416041 0.021876
v 0.363944 0.409483 0.024207
v 0.359564 0.405220 0.019808
v 0.358139 0.402015 0.014981
v 0.358139 0.402015 0.009016
v 0.359564 0.405220 0.004189
v 0.361870 0.410405 0.002346
v 0.364176 0.415590 0.004189
v 0.365602 0.418795 0.009016
v 0.365602 0.418795 0.014981
v 0.364176 0.415590 0.019808
v 0.361870 0.410405 0.021651
v 0.360600 0.407549 0.016299
v 0.359815 0.405784 0.013641
v 0.359815 0.405784 0.010356
v 0.360600 0.407549 0.007698
v 0.361870 0.410405 0.006682
v 0.363140 0.413261 0.007698
v 0.363925 0.415026 0.010356
v 0.363925 0.415026 0.013641
v 0.363140 0.413261 0.016299
v 0.361870 0.410405 0.017315
v 0.363005 0.407921 0.014487
v 0.362551 0.406899 0.012949
v 0.363740 0.409573 0.011999
v 0.362551 0.406899 0.011048
v 0.363005 0.407921 0.009510
v 0.363740 0.409573 0.008922
v 0.364475 0.411226 0.009510
v 0.364929 0.412247 0.011048
v 0.364929 0.412247 0.012949
v 0.364475 0.411226 0.014487
v 0.363740 0.409573 0.015075
v 0.361005 0.405892 0.013452
v 0.361699 0.407454 0.015805
v 0.362823 0.409981 0.016703
v 0.363947 0.412508 0.015805
v 0.364642 0.414070 0.013452
v 0.364642 0.414070 0.010545
v 0.363947 0.412508 0.008192
v 0.362823 0.409981 0.007294
v 0.361699 0.407454 0.008192
v 0.361005 0.405892 0.010545
v 0.353292 0.398780 0.016582
v 0.355482 0.403704 0.023997
v 0.359025 0.411670 0.026830
v 0.362568 0.419637 0.023997
v 0.364758 0.424561 0.016582
v 0.364758 0.424561 0.007416
v 0.362568 0.419637 0.000000
v 0.359025 0.411670 -0.002832
v 0.355482 0.403704 -0.000000
v 0.353292 0.398780 0.007416
v 0.273690 0.440416 0.023574
v 0.271578 0.435666 0.016420
v 0.271578 0.435666 0.007577
v 0.273690 0.440416 0.000423
v 0.277108 0.448102 -0.002309
v 0.280527 0.455787 0.000423
v 0.282639 0.460538 0.007577
v 0.282639 0.460538 0.016420
v 0.280527 0.455787 0.023574
v 0.277108 0.448102 0.026306
v 0.272118 0.442466 0.021876
v 0.270316 0.438412 0.015771
v 0.270316 0.438412 0.008226
v 0.272118 0.442466 0.002122
v 0.275035 0.449024 -0.000210
v 0.277952 0.455582 0.002122
v 0.279754 0.459635 0.008226
v 0.279754 0.459635 0.015771
v 0.277952 0.455582 0.021876
v 0.275035 0.449024 0.024207
v 0.274802 0.442916 0.019808
v 0.273377 0.439712 0.014981
v 0.273377 0.439712 0.009016
v 0.274802 0.442916 0.004189
v 0.277108 0.448102 0.002346
v 0.279414 0.453287 0.004189
v 0.280840 0.456492 0.009016
v 0.280840 0.456492 0.014981
v 0.279414 0.453287 0.019808
v 0.277108 0.448102 0.021651
v 0.275838 0.445246 0.016299
v 0.275053 0.443481 0.013641
v 0.275053 0.443481 0.010356
v 0.275838 0.445246 0.007698
v 0.277108 0.448102 0.006682
v 0.278378 0.450957 0.007698
v 0.279163 0.452722 0.010356
v 0.279163 0.452722 0.013641
v 0.278378 0.450957 0.016299
v 0.277108 0.448102 0.017315
v 0.274503 0.447281 0.014487
v 0.274049 0.446260 0.012949
v 0.275238 0.448933 0.011999
v 0.274049 0.446260 0.011048
v 0.274503 0.447281 0.009510
v 0.275238 0.448933 0.008922
v 0.275973 0.450586 0.009510
v 0.276427 0.451607 0.011048
v 0.276427 0.451607 0.012949
v 0.275973 0.450586 0.014487
v 0.275238 0.448933 0.015075
v 0.274337 0.444436 0.013452
v 0.275032 0.445998 0.015805
v 0.276156 0.448525 0.016703
v 0.277279 0.451053 0.015805
v 0.277974 0.452615 0.013452
v 0.277974 0.452615 0.010545
v 0.277279 0.451053 0.008192
v 0.276156 0.448525 0.007294
v 0.275032 0.445998 0.008192
v 0.274337 0.444436 0.010545
v 0.279509 0.437828 0.023574
v 0.277396 0.433078 0.016420
v 0.277396 0.433078 0.007577
v 0.279509 0.437828 0.000423
v 0.282927 0.445514 -0.002309
v 0.286345 0.453200 0.000423
v 0.288457 0.457950 0.007577
v 0.288457 0.457950 0.016420
v 0.286345 0.453200 0.023574
v 0.282927 0.445514 0.026306
v 0.282083 0.438034 0.021876
v 0.280281 0.433981 0.015771
v 0.280281 0.433981 0.008226
v 0.282083 0.438034 0.002122
v 0.285000 0.444592 -0.000210
v 0.287917 0.451150 0.002122
v 0.289719 0.455203 0.008226
v 0.289719 0.455203 0.015771
v 0.287917 0.451150 0.021876
v 0.285000 0.444592 0.024207
v 0.280621 0.440329 0.019808
v 0.279195 0.437124 0.014981
v 0.279195 0.437124 0.009016
v 0.280621 0.440329 0.004189
v 0.282927 0.445514 0.002346
v 0.285233 0.450699 0.004189
v 0.286658 0.453904 0.009016
v 0.286658 0.453904 0.014981
v 0.285233 0.450699 0.019808
v 0.282927 0.445514 0.021651
v 0.281657 0.442658 0.016299
v 0.280872 0.440893 0.013641
v 0.280872 0.440893 0.010356
v 0.281657 0.442658 0.007698
v 0.282927 0.445514 0.006682
v 0.284197 0.448370 0.007698
v 0.284982 0.450135 0.010356
v 0.284982 0.450135 0.013641
v 0.284197 0.448370 0.016299
v 0.282927 0.445514 0.017315
v 0.284062 0.443030 0.014487
v 0.283608 0.442009 0.012949
v 0.284797 0.444682 0.011999
v 0.283608 0.442009 0.011048
v 0.284062 0.443030 0.009510
v 0.284797 0.444682 0.008922
v 0.285532 0.446335 0.009510
v 0.285986 0.447356 0.011048
v 0.285986 0.447356 0.012949
v 0.285532 0.446335 0.014487
v 0.284797 0.444682 0.015075
v 0.282061 0.441001 0.013452
v 0.282756 0.442563 0.015805
v 0.283880 0.445090 0.016703
v 0.285004 0.447617 0.015805
v 0.285698 0.449179 0.013452
v 0.285698 0.449179 0.010545
v 0.285004 0.447617 0.008192
v 0.283880 0.445090 0.007294
v 0.282756 0.442563 0.008192
v 0.282061 0.441001 0.010545
v 0.274348 0.433889 0.016582
v 0.276538 0.438813 0.023997
v 0.280081 0.446779 0.026830
v 0.283624 0.454746 0.023997
v 0.285814 0.459670 0.016582
v 0.285814 0.459670 0.007416
v 0.283624 0.454746 -0.000000
v 0.280081 0.446779 -0.002832
v 0.276538 0.438813 -0.000000
v 0.274348 0.433889 0.007416
v 0.395919 0.509745 0.084750
v 0.391006 0.511930 0.084750
v 0.395919 0.509745 0.088952
v 0.391006 0.511930 0.088952
v 0.396306 0.507901 0.089814
v 0.389377 0.510983 0.089814
v 0.396306 0.507901 0.083888
v 0.389377 0.510983 0.083888
v 0.342089 0.378488 0.022436
v 0.342388 0.379161 0.012428
v 0.267228 0.412588 0.012428
v 0.266929 0.411914 0.022436
v 0.269906 0.418609 0.022493
v 0.270325 0.419551 0.012428
v 0.345485 0.386124 0.012428
v 0.345066 0.385182 0.022484
v 0.347235 0.383640 0.012428
v 0.346816 0.382697 0.021368
v 0.343194 0.374554 0.021316
v 0.343493 0.375227 0.012428
v 0.263267 0.410101 0.021316
v 0.263567 0.410774 0.012428
v 0.267308 0.419186 0.012428
v 0.266889 0.418244 0.021378
v 0.399892 0.575483 0.024173
v 0.374504 0.586774 0.024173
v 0.399297 0.574145 0.024609
v 0.373909 0.585436 0.024609
v 0.399831 0.575346 0.023668
v 0.399236 0.574008 0.024104
v 0.373848 0.585299 0.024104
v 0.374443 0.586637 0.023668
v 0.372576 0.588135 0.023292
v 0.366681 0.590756 0.023292
v 0.372576 0.588135 0.027494
v 0.366681 0.590756 0.027494
v 0.373165 0.586201 0.028356
v 0.364851 0.589898 0.028356
v 0.373165 0.586201 0.022430
v 0.364851 0.589898 0.022430
v 0.399892 0.575483 0.025506
v 0.374504 0.586774 0.025506
v 0.399297 0.574145 0.025942
v 0.373909 0.585436 0.025942
v 0.399831 0.575346 0.025001
v 0.399236 0.574008 0.025437
v 0.373848 0.585299 0.025437
v 0.374443 0.586637 0.025001
v 0.408088 0.572341 0.023292
v 0.402193 0.574963 0.023292
v 0.408088 0.572341 0.027494
v 0.402193 0.574963 0.027494
v 0.408677 0.570407 0.028356
v 0.400362 0.574105 0.028356
v 0.408677 0.570407 0.022430
v 0.400362 0.574105 0.022430
v 0.335740 0.380534 0.034428
v 0.332264 0.382081 0.034428
v 0.335740 0.380534 0.037402
v 0.332264 0.382081 0.037402
v 0.336893 0.381206 0.038012
v 0.331990 0.383386 0.038012
v 0.336893 0.381206 0.033818
v 0.331990 0.383386 0.033818
v 0.330840 0.538427 0.012428
v 0.393232 0.510678 0.012428
v 0.399616 0.507839 0.012428
v 0.324456 0.541266 0.012428
v 0.403592 0.544967 0.046705
v 0.397817 0.537629 0.077256
v 0.393232 0.510678 0.046721
v 0.391846 0.511295 0.080430
v 0.349364 0.569083 0.046705
v 0.330840 0.538427 0.046721
v 0.347783 0.559881 0.077256
v 0.332226 0.537810 0.080430
v 0.410651 0.569586 0.040147
v 0.362919 0.590814 0.040147
v 0.398995 0.506441 0.094090
v 0.323834 0.539868 0.094090
v 0.267053 0.412194 0.094090
v 0.342213 0.378767 0.094090
v 0.399616 0.507839 0.053482
v 0.324456 0.541266 0.053482
v 0.393933 0.528403 0.024609
v 0.399200 0.545560 0.024609
v 0.352738 0.566213 0.024720
v 0.343536 0.550827 0.024720
v 0.340063 0.545525 0.012243
v 0.400789 0.551502 0.012113
v 0.392320 0.522267 0.012113
v 0.356083 0.571366 0.012243
v 0.291388 0.451390 0.024541
v 0.293923 0.457091 0.012156
v 0.357413 0.428428 0.012293
v 0.355013 0.423031 0.024605
v 0.347701 0.406590 0.024605
v 0.284044 0.434878 0.024541
v 0.281469 0.429087 0.012156
v 0.345301 0.401194 0.012293
v 0.365846 0.429292 0.012293
v 0.363493 0.427567 0.012293
v 0.362899 0.422665 0.027617
v 0.360837 0.421646 0.025609
v 0.353236 0.400937 0.027659
v 0.352630 0.403193 0.025609
v 0.350016 0.397265 0.012293
v 0.350312 0.394363 0.012293
v 0.397930 0.523965 0.027586
v 0.396680 0.526317 0.025314
v 0.404608 0.545790 0.027548
v 0.402266 0.545020 0.025280
v 0.406591 0.553219 0.012113
v 0.404015 0.551542 0.012113
v 0.395012 0.519608 0.012113
v 0.396044 0.516602 0.012113
v 0.337551 0.550749 0.027771
v 0.340150 0.551470 0.025424
v 0.349364 0.570546 0.027905
v 0.350286 0.568125 0.025390
v 0.333238 0.544205 0.012243
v 0.336289 0.545744 0.012243
v 0.353954 0.573786 0.012243
v 0.353606 0.577113 0.012243
v 0.290364 0.460101 0.012156
v 0.288830 0.463812 0.012156
v 0.285779 0.456951 0.027961
v 0.287676 0.453948 0.025297
v 0.276181 0.435371 0.027871
v 0.279659 0.435922 0.025297
v 0.273067 0.428369 0.012156
v 0.276850 0.429714 0.012156
v 0.409590 0.570057 0.021348
v 0.408074 0.559195 0.012428
v 0.356928 0.581941 0.012428
v 0.363979 0.590342 0.021348
v 0.362739 0.590410 0.012428
v 0.410471 0.569182 0.012428
v 0.342089 0.378488 0.022436
v 0.266929 0.411914 0.022436
v 0.270325 0.419551 0.012428
v 0.345485 0.386124 0.012428
v 0.342388 0.379161 0.012428
v 0.267228 0.412588 0.012428
v 0.402659 0.542868 0.048818
v 0.397324 0.536522 0.075540
v 0.392643 0.513088 0.078317
v 0.394030 0.512472 0.048832
v 0.348431 0.566985 0.048818
v 0.331637 0.540220 0.048832
v 0.333024 0.539603 0.078317
v 0.347291 0.558774 0.075540
v 0.400509 0.545850 0.049353
v 0.352085 0.567386 0.049353
v 0.350651 0.559119 0.074528
v 0.395330 0.539248 0.074528
v 0.399128 0.544708 0.049745
v 0.352162 0.565596 0.049745
v 0.350771 0.557578 0.073747
v 0.394105 0.538306 0.073747
v 0.400863 0.541428 0.050150
v 0.395831 0.535319 0.073873
v 0.391840 0.514446 0.076764
v 0.393119 0.513877 0.049926
v 0.348440 0.564422 0.050224
v 0.333341 0.540553 0.050001
v 0.334612 0.539988 0.076973
v 0.347280 0.556636 0.074091
v 0.401270 0.534880 0.030764
v 0.399474 0.535671 0.028254
v 0.396567 0.536983 0.027494
v 0.348138 0.558522 0.027617
v 0.345220 0.559800 0.028376
v 0.343458 0.560648 0.031063
v 0.333941 0.544208 0.018386
v 0.336960 0.545775 0.017212
v 0.340636 0.545561 0.016860
v 0.391962 0.522717 0.016740
v 0.394585 0.520128 0.017092
v 0.395553 0.517058 0.018228
v 0.406959 0.552562 0.018209
v 0.404311 0.550913 0.017075
v 0.401099 0.551015 0.016740
v 0.355514 0.571271 0.016860
v 0.353290 0.573585 0.017195
v 0.352867 0.576935 0.018453
v 0.280931 0.446051 0.031395
v 0.283619 0.444826 0.028500
v 0.287668 0.443026 0.027664
v 0.351309 0.414703 0.027735
v 0.356686 0.412312 0.028844
v 0.358020 0.411695 0.031088
v 0.365903 0.429420 0.018346
v 0.363486 0.427577 0.017342
v 0.357396 0.428390 0.016840
v 0.293867 0.456965 0.016739
v 0.290338 0.459988 0.017117
v 0.288852 0.463861 0.018449
v 0.273075 0.428386 0.018405
v 0.276933 0.429847 0.017117
v 0.281542 0.429252 0.016739
v 0.345318 0.401233 0.016840
v 0.350003 0.397262 0.017342
v 0.350244 0.394209 0.018367
v 0.367873 0.425014 0.012366
v 0.368868 0.427250 0.012366
v 0.368923 0.427374 0.018078
v 0.367876 0.425020 0.017131
v 0.361311 0.410259 0.027986
v 0.361303 0.410240 0.030103
v 0.356678 0.399840 0.026868
v 0.357391 0.401444 0.024933
v 0.354842 0.395714 0.017131
v 0.353785 0.393337 0.018099
v 0.353852 0.393486 0.012366
v 0.354846 0.395722 0.012366
v 0.366019 0.420844 0.026827
v 0.365324 0.419282 0.024933
v 0.404550 0.533423 0.029863
v 0.404548 0.533416 0.027481
v 0.408350 0.541965 0.024659
v 0.409000 0.543428 0.026812
v 0.398187 0.519114 0.016890
v 0.397239 0.516983 0.017968
v 0.397154 0.516792 0.012165
v 0.398069 0.518848 0.012165
v 0.411807 0.549739 0.017950
v 0.410792 0.547457 0.016874
v 0.410971 0.547858 0.012165
v 0.411984 0.550137 0.012165
v 0.400099 0.523413 0.026847
v 0.400743 0.524862 0.024691
v 0.332752 0.545421 0.018118
v 0.333797 0.547769 0.017004
v 0.333679 0.547504 0.012289
v 0.332639 0.545166 0.012289
v 0.340151 0.562056 0.027597
v 0.340174 0.562108 0.030147
v 0.344670 0.572219 0.027150
v 0.343948 0.570596 0.024764
v 0.346388 0.576081 0.016988
v 0.347523 0.578634 0.018181
v 0.347705 0.579043 0.012289
v 0.346567 0.576483 0.012289
v 0.335677 0.551997 0.027023
v 0.336350 0.553512 0.024796
v 0.284725 0.464931 0.012237
v 0.283638 0.462487 0.012237
v 0.283593 0.462387 0.016919
v 0.284746 0.464979 0.018176
v 0.277089 0.447762 0.030394
v 0.277079 0.447738 0.027661
v 0.273250 0.439131 0.024639
v 0.272498 0.437438 0.027068
v 0.269495 0.430686 0.018134
v 0.270635 0.433250 0.016919
v 0.270574 0.433113 0.012237
v 0.269487 0.430669 0.012237
v 0.281000 0.456557 0.024639
v 0.281775 0.458299 0.027152
v 0.403700 0.537244 0.053378
v 0.409387 0.535116 0.053378
v 0.405206 0.536863 0.063979
v 0.408455 0.535530 0.063979
v 0.404347 0.535492 0.064791
v 0.407993 0.533741 0.064791
v 0.402861 0.536485 0.052586
v 0.409065 0.533264 0.052586
v 0.409374 0.535122 0.059487
v 0.403746 0.537346 0.058102
v 0.402809 0.536368 0.058025
v 0.409050 0.533271 0.059620
v 0.406648 0.536143 0.053247
v 0.406075 0.534814 0.052435
v 0.405977 0.536152 0.053247
v 0.405520 0.535313 0.052435
v 0.406064 0.534761 0.048286
v 0.405520 0.535313 0.048286
v 0.405894 0.536152 0.048286
v 0.406668 0.536119 0.048286
v 0.406774 0.535258 0.048286
v 0.406774 0.535258 0.052435
v 0.406060 0.534763 0.047884
v 0.405539 0.535305 0.048073
v 0.405912 0.536144 0.048073
v 0.406664 0.536121 0.047884
v 0.406755 0.535267 0.047767
v 0.405736 0.534899 0.047462
v 0.405450 0.535369 0.047964
v 0.405805 0.536168 0.047964
v 0.406346 0.536270 0.047462
v 0.406335 0.535453 0.047119
v 0.398619 0.537997 0.047455
v 0.398756 0.538306 0.047999
v 0.399141 0.539171 0.047999
v 0.399278 0.539480 0.047455
v 0.398949 0.538739 0.047084
v 0.340903 0.534843 0.085165
v 0.336606 0.536754 0.085165
v 0.340903 0.534843 0.088642
v 0.336606 0.536754 0.088642
v 0.341333 0.533433 0.089356
v 0.335272 0.536129 0.089356
v 0.341333 0.533433 0.084452
v 0.335272 0.536129 0.084452
v 0.336213 0.554646 0.023574
v 0.334100 0.549895 0.016420
v 0.334100 0.549895 0.007577
v 0.336213 0.554646 0.000423
v 0.339631 0.562331 -0.002309
v 0.343049 0.570017 0.000423
v 0.345162 0.574767 0.007577
v 0.345162 0.574767 0.016420
v 0.343049 0.570017 0.023574
v 0.339631 0.562331 0.026306
v 0.334641 0.556695 0.021876
v 0.332838 0.552642 0.015771
v 0.332838 0.552642 0.008226
v 0.334641 0.556695 0.002122
v 0.337558 0.563253 -0.000210
v 0.340474 0.569812 0.002122
v 0.342277 0.573865 0.008226
v 0.342277 0.573865 0.015771
v 0.340474 0.569812 0.021876
v 0.337558 0.563253 0.024207
v 0.337325 0.557146 0.019808
v 0.335900 0.553941 0.014981
v 0.335900 0.553941 0.009016
v 0.337325 0.557146 0.004189
v 0.339631 0.562331 0.002346
v 0.341937 0.567517 0.004189
v 0.343362 0.570721 0.009016
v 0.343362 0.570721 0.014981
v 0.341937 0.567517 0.019808
v 0.339631 0.562331 0.021651
v 0.338361 0.559476 0.016299
v 0.337576 0.557711 0.013641
v 0.337576 0.557711 0.010356
v 0.338361 0.559476 0.007698
v 0.339631 0.562331 0.006682
v 0.340901 0.565187 0.007698
v 0.341686 0.566952 0.010356
v 0.341686 0.566952 0.013641
v 0.340901 0.565187 0.016299
v 0.339631 0.562331 0.017315
v 0.337026 0.561511 0.014487
v 0.336572 0.560489 0.012949
v 0.337761 0.563163 0.011999
v 0.336572 0.560489 0.011048
v 0.337026 0.561511 0.009510
v 0.337761 0.563163 0.008922
v 0.338496 0.564815 0.009510
v 0.338950 0.565837 0.011048
v 0.338950 0.565837 0.012949
v 0.338496 0.564815 0.014487
v 0.337761 0.563163 0.015075
v 0.336859 0.558666 0.013452
v 0.337554 0.560228 0.015805
v 0.338678 0.562755 0.016703
v 0.339802 0.565282 0.015805
v 0.340497 0.566844 0.013452
v 0.340497 0.566844 0.010545
v 0.339802 0.565282 0.008192
v 0.338678 0.562755 0.007294
v 0.337554 0.560228 0.008192
v 0.336859 0.558666 0.010545
v 0.342031 0.552058 0.023574
v 0.339919 0.547308 0.016420
v 0.339919 0.547308 0.007577
v 0.342031 0.552058 0.000423
v 0.345449 0.559744 -0.002309
v 0.348868 0.567429 0.000423
v 0.350980 0.572179 0.007577
v 0.350980 0.572179 0.016420
v 0.348868 0.567429 0.023574
v 0.345449 0.559744 0.026306
v 0.344606 0.552263 0.021876
v 0.342803 0.548210 0.015771
v 0.342803 0.548210 0.008226
v 0.344606 0.552263 0.002122
v 0.347523 0.558821 -0.000210
v 0.350439 0.565380 0.002122
v 0.352242 0.569433 0.008226
v 0.352242 0.569433 0.015771
v 0.350439 0.565380 0.021876
v 0.347523 0.558821 0.024207
v 0.343143 0.554558 0.019808
v 0.341718 0.551354 0.014981
v 0.341718 0.551354 0.009016
v 0.343143 0.554558 0.004189
v 0.345449 0.559744 0.002346
v 0.347755 0.564929 0.004189
v 0.349181 0.568133 0.009016
v 0.349181 0.568133 0.014981
v 0.347755 0.564929 0.019808
v 0.345449 0.559744 0.021651
v 0.344179 0.556888 0.016299
v 0.343394 0.555123 0.013641
v 0.343394 0.555123 0.010356
v 0.344179 0.556888 0.007698
v 0.345449 0.559744 0.006682
v 0.346719 0.562599 0.007698
v 0.347504 0.564364 0.010356
v 0.347504 0.564364 0.013641
v 0.346719 0.562599 0.016299
v 0.345449 0.559744 0.017315
v 0.346584 0.557260 0.014487
v 0.346130 0.556238 0.012949
v 0.347319 0.558912 0.011999
v 0.346130 0.556238 0.011048
v 0.346584 0.557260 0.009510
v 0.347319 0.558912 0.008922
v 0.348054 0.560564 0.009510
v 0.348508 0.561586 0.011048
v 0.348508 0.561586 0.012949
v 0.348054 0.560564 0.014487
v 0.347319 0.558912 0.015075
v 0.344584 0.555231 0.013452
v 0.345278 0.556793 0.015805
v 0.346402 0.559320 0.016703
v 0.347526 0.561847 0.015805
v 0.348221 0.563409 0.013452
v 0.348221 0.563409 0.010545
v 0.347526 0.561847 0.008192
v 0.346402 0.559320 0.007294
v 0.345278 0.556793 0.008192
v 0.344584 0.555231 0.010545
v 0.336871 0.548119 0.016582
v 0.339061 0.553042 0.023997
v 0.342604 0.561009 0.026830
v 0.346147 0.568976 0.023997
v 0.348337 0.573900 0.016582
v 0.348337 0.573900 0.007416
v 0.346147 0.568976 0.000000
v 0.342604 0.561009 -0.002832
v 0.339061 0.553042 0.000000
v 0.336871 0.548119 0.007416
v 0.395752 0.528166 0.023574
v 0.393640 0.523416 0.016420
v 0.393640 0.523416 0.007577
v 0.395752 0.528166 0.000423
v 0.399170 0.535852 -0.002309
v 0.402589 0.543538 0.000423
v 0.404701 0.548288 0.007577
v 0.404701 0.548288 0.016420
v 0.402589 0.543538 0.023574
v 0.399170 0.535852 0.026306
v 0.394180 0.530216 0.021876
v 0.392378 0.526163 0.015771
v 0.392378 0.526163 0.008226
v 0.394180 0.530216 0.002122
v 0.397097 0.536774 -0.000210
v 0.400014 0.543332 0.002122
v 0.401816 0.547385 0.008226
v 0.401816 0.547385 0.015771
v 0.400014 0.543332 0.021876
v 0.397097 0.536774 0.024207
v 0.396864 0.530667 0.019808
v 0.395439 0.527462 0.014981
v 0.395439 0.527462 0.009016
v 0.396864 0.530667 0.004189
v 0.399170 0.535852 0.002346
v 0.401476 0.541037 0.004189
v 0.402902 0.544242 0.009016
v 0.402902 0.544242 0.014981
v 0.401476 0.541037 0.019808
v 0.399170 0.535852 0.021651
v 0.397900 0.532996 0.016299
v 0.397115 0.531231 0.013641
v 0.397115 0.531231 0.010356
v 0.397900 0.532996 0.007698
v 0.399170 0.535852 0.006682
v 0.400440 0.538708 0.007698
v 0.401225 0.540473 0.010356
v 0.401225 0.540473 0.013641
v 0.400440 0.538708 0.016299
v 0.399170 0.535852 0.017315
v 0.396565 0.535031 0.014487
v 0.396111 0.534010 0.012949
v 0.397300 0.536684 0.011999
v 0.396111 0.534010 0.011048
v 0.396565 0.535031 0.009510
v 0.397300 0.536684 0.008922
v 0.398035 0.538336 0.009510
v 0.398489 0.539357 0.011048
v 0.398489 0.539357 0.012949
v 0.398035 0.538336 0.014487
v 0.397300 0.536684 0.015075
v 0.396399 0.532187 0.013452
v 0.397093 0.533748 0.015805
v 0.398217 0.536276 0.016703
v 0.399341 0.538803 0.015805
v 0.400036 0.540365 0.013452
v 0.400036 0.540365 0.010545
v 0.399341 0.538803 0.008192
v 0.398217 0.536276 0.007294
v 0.397093 0.533748 0.008192
v 0.396399 0.532187 0.010545
v 0.401570 0.525578 0.023574
v 0.399458 0.520828 0.016420
v 0.399458 0.520828 0.007577
v 0.401570 0.525578 0.000423
v 0.404989 0.533264 -0.002309
v 0.408407 0.540950 0.000423
v 0.410519 0.545700 0.007577
v 0.410519 0.545700 0.016420
v 0.408407 0.540950 0.023574
v 0.404989 0.533264 0.026306
v 0.404145 0.525784 0.021876
v 0.402343 0.521731 0.015771
v 0.402343 0.521731 0.008226
v 0.404145 0.525784 0.002122
v 0.407062 0.532342 -0.000210
v 0.409979 0.538900 0.002122
v 0.411781 0.542953 0.008226
v 0.411781 0.542953 0.015771
v 0.409979 0.538900 0.021876
v 0.407062 0.532342 0.024207
v 0.402683 0.528079 0.019808
v 0.401257 0.524874 0.014981
v 0.401257 0.524874 0.009016
v 0.402683 0.528079 0.004189
v 0.404989 0.533264 0.002346
v 0.407295 0.538449 0.004189
v 0.408720 0.541654 0.009016
v 0.408720 0.541654 0.014981
v 0.407295 0.538449 0.019808
v 0.404989 0.533264 0.021651
v 0.403719 0.530408 0.016299
v 0.402934 0.528644 0.013641
v 0.402934 0.528644 0.010356
v 0.403719 0.530408 0.007698
v 0.404989 0.533264 0.006682
v 0.406259 0.536120 0.007698
v 0.407044 0.537885 0.010356
v 0.407044 0.537885 0.013641
v 0.406259 0.536120 0.016299
v 0.404989 0.533264 0.017315
v 0.406124 0.530780 0.014487
v 0.405670 0.529759 0.012949
v 0.406859 0.532433 0.011999
v 0.405670 0.529759 0.011048
v 0.406124 0.530780 0.009510
v 0.406859 0.532433 0.008922
v 0.407594 0.534085 0.009510
v 0.408048 0.535106 0.011048
v 0.408048 0.535106 0.012949
v 0.407594 0.534085 0.014487
v 0.406859 0.532433 0.015075
v 0.404123 0.528751 0.013452
v 0.404818 0.530313 0.015805
v 0.405942 0.532840 0.016703
v 0.407066 0.535368 0.015805
v 0.407760 0.536930 0.013452
v 0.407760 0.536930 0.010545
v 0.407066 0.535368 0.008192
v 0.405942 0.532840 0.007294
v 0.404818 0.530313 0.008192
v 0.404123 0.528751 0.010545
v 0.396410 0.521639 0.016582
v 0.398600 0.526563 0.023997
v 0.402143 0.534530 0.026830
v 0.405686 0.542497 0.023997
v 0.407876 0.547420 0.016582
v 0.407876 0.547420 0.007416
v 0.405686 0.542497 0.000000
v 0.402143 0.534530 -0.002832
v 0.398600 0.526563 0.000000
v 0.396410 0.521639 0.007416
v 0.337102 0.379336 0.026066
v 0.331207 0.381958 0.026066
v 0.337102 0.379336 0.031427
v 0.331207 0.381958 0.031427
v 0.338932 0.380194 0.032527
v 0.330618 0.383892 0.032527
v 0.338932 0.380194 0.024966
v 0.330618 0.383892 0.024966
v 0.333817 0.537364 0.084750
v 0.328904 0.539549 0.084750
v 0.333817 0.537364 0.088952
v 0.328904 0.539549 0.088952
v 0.334204 0.535520 0.089814
v 0.327275 0.538602 0.089814
v 0.334204 0.535520 0.083888
v 0.327275 0.538602 0.083888
v 0.409590 0.570057 0.021348
v 0.408254 0.559599 0.021348
v 0.357108 0.582345 0.021348
v 0.363979 0.590342 0.021348
v 0.354621 0.585104 0.020465
v 0.362025 0.594759 0.020465
v 0.411968 0.559600 0.020465
v 0.414179 0.571564 0.020465
v 0.413999 0.571160 0.012428
v 0.361845 0.594355 0.012428
v 0.408074 0.559195 0.012428
v 0.354441 0.584700 0.012428
v 0.411788 0.559196 0.012428
v 0.410471 0.569182 0.012428
v 0.362739 0.590410 0.012428
v 0.356928 0.581941 0.012428
v 0.371783 0.492532 0.102438
v 0.330545 0.510872 0.102438
v 0.368567 0.485302 0.102438
v 0.327329 0.503642 0.102438
v 0.371682 0.480281 0.093946
v 0.321514 0.502592 0.093946
v 0.377597 0.493582 0.093946
v 0.327430 0.515893 0.093946
v 0.344205 0.504797 0.102438
v 0.340989 0.497567 0.102438
v 0.339847 0.494439 0.093946
v 0.345763 0.507740 0.093946
v 0.359194 0.498131 0.102438
v 0.355978 0.490901 0.102438
v 0.354455 0.487942 0.093946
v 0.360371 0.501243 0.093946
v 0.345353 0.507913 0.096124
v 0.360805 0.501041 0.096124
v 0.377678 0.493537 0.096124
v 0.371770 0.480251 0.096124
v 0.354896 0.487755 0.096124
v 0.339444 0.494627 0.096124
v 0.321433 0.502637 0.096124
v 0.327342 0.515923 0.096124
v 0.396422 0.580197 0.010808
v 0.380328 0.587355 0.010808
v 0.396602 0.580601 0.018335
v 0.380508 0.587759 0.018335
v 0.395981 0.579205 0.018335
v 0.379887 0.586363 0.018335
v 0.395801 0.578801 0.010808
v 0.379707 0.585959 0.010808
v 0.387941 0.513924 0.085165
v 0.383643 0.515835 0.085165
v 0.387941 0.513924 0.088642
v 0.383643 0.515835 0.088642
v 0.388370 0.512514 0.089356
v 0.382309 0.515209 0.089356
v 0.388370 0.512514 0.084452
v 0.382309 0.515209 0.084452
v 0.275386 0.407376 0.035038
v 0.271909 0.408922 0.035038
v 0.275386 0.407376 0.038011
v 0.271909 0.408922 0.038011
v 0.276539 0.408047 0.038621
v 0.271636 0.410228 0.038621
v 0.276539 0.408047 0.034428
v 0.271636 0.410228 0.034428
v 0.786240 0.492676 0.024629
v 0.786240 0.492676 0.053360
v 0.788597 0.487097 0.024629
v 0.788597 0.487097 0.053360
v 0.787190 0.486503 0.024629
v 0.787190 0.486503 0.053360
v 0.784833 0.492081 0.024629
v 0.784833 0.492081 0.053360
v 0.788597 0.487097 0.025588
v 0.787190 0.486503 0.025588
v 0.784833 0.492081 0.025588
v 0.786240 0.492676 0.025588
v 0.788597 0.487097 0.052291
v 0.787190 0.486503 0.052291
v 0.784833 0.492081 0.052291
v 0.786240 0.492676 0.052291
v 0.788204 0.488028 0.052291
v 0.788204 0.488028 0.025588
v 0.788204 0.488028 0.024629
v 0.786797 0.487433 0.024629
v 0.786797 0.487433 0.025588
v 0.786797 0.487433 0.052291
v 0.786797 0.487433 0.053360
v 0.788204 0.488028 0.053360
v 0.786648 0.491712 0.052291
v 0.786648 0.491712 0.025588
v 0.786648 0.491712 0.024629
v 0.785240 0.491118 0.024629
v 0.785240 0.491118 0.025588
v 0.785240 0.491118 0.052291
v 0.785240 0.491118 0.053360
v 0.786648 0.491712 0.053360
v 0.787918 0.488520 0.025102
v 0.787918 0.488520 0.052887
v 0.786739 0.487548 0.025102
v 0.786739 0.487548 0.052887
v 0.787583 0.488926 0.025102
v 0.786404 0.487955 0.025102
v 0.786404 0.487955 0.052887
v 0.787583 0.488926 0.052887
v 0.599073 0.409428 0.069136
v 0.599073 0.409428 0.075588
v 0.601160 0.404490 0.069136
v 0.601160 0.404490 0.075588
v 0.602995 0.404071 0.067812
v 0.602995 0.404071 0.076912
v 0.600053 0.411036 0.067812
v 0.600053 0.411036 0.076912
v 0.767540 0.450953 0.072110
v 0.767877 0.451096 0.078171
v 0.771908 0.441290 0.073641
v 0.772003 0.441330 0.077151
v 0.770749 0.439919 0.073414
v 0.770640 0.439873 0.077456
v 0.766278 0.451280 0.071652
v 0.765890 0.451116 0.078629
v 0.770255 0.445468 0.078157
v 0.769481 0.446644 0.072110
v 0.768277 0.446219 0.071652
v 0.768627 0.444636 0.078614
v 0.767666 0.451148 0.075251
v 0.766016 0.451332 0.075268
v 0.767422 0.451045 0.074635
v 0.766229 0.451422 0.074558
v 0.764353 0.455134 0.075280
v 0.764614 0.455245 0.074558
v 0.765460 0.455602 0.074558
v 0.765722 0.455713 0.075280
v 0.765037 0.455423 0.075726
v 0.766652 0.451601 0.075726
v 0.764196 0.455504 0.075275
v 0.764531 0.455441 0.074579
v 0.765377 0.455799 0.074579
v 0.765565 0.456083 0.075275
v 0.764835 0.455901 0.075705
v 0.764026 0.455891 0.074923
v 0.764509 0.455550 0.074471
v 0.765315 0.455890 0.074471
v 0.765407 0.456475 0.074923
v 0.764583 0.456499 0.075245
v 0.763966 0.455873 0.067161
v 0.764490 0.455504 0.067161
v 0.765361 0.455872 0.067161
v 0.765461 0.456504 0.067161
v 0.764569 0.456530 0.067161
v 0.592306 0.423134 0.030187
v 0.592306 0.423134 0.047802
v 0.594557 0.415913 0.030187
v 0.594557 0.415913 0.047802
v 0.593150 0.415319 0.030187
v 0.593150 0.415319 0.047802
v 0.590899 0.422539 0.030187
v 0.590899 0.422539 0.047802
v 0.625776 0.423415 -0.000871
v 0.618203 0.427982 -0.000871
v 0.614762 0.436128 -0.000871
v 0.616767 0.444741 -0.000871
v 0.623452 0.450532 -0.000871
v 0.632264 0.451288 -0.000871
v 0.639836 0.446721 -0.000871
v 0.643278 0.438576 -0.000871
v 0.641273 0.429962 -0.000871
v 0.634588 0.424172 -0.000871
v 0.626252 0.425460 0.001398
v 0.619790 0.429357 0.001398
v 0.616854 0.436307 0.001398
v 0.618564 0.443657 0.001398
v 0.624269 0.448598 0.001398
v 0.631788 0.449243 0.001398
v 0.638249 0.445347 0.001398
v 0.641186 0.438396 0.001398
v 0.639475 0.431047 0.001398
v 0.633771 0.426105 0.001398
v 0.626832 0.427949 -0.000871
v 0.621722 0.431030 -0.000871
v 0.619401 0.436526 -0.000871
v 0.620753 0.442337 -0.000871
v 0.625263 0.446243 -0.000871
v 0.631208 0.446754 -0.000871
v 0.636317 0.443673 -0.000871
v 0.638639 0.438177 -0.000871
v 0.637287 0.432366 -0.000871
v 0.632776 0.428460 -0.000871
v 0.627815 0.432173 -0.000871
v 0.625001 0.433870 -0.000871
v 0.623722 0.436897 -0.000871
v 0.624467 0.440097 -0.000871
v 0.626951 0.442249 -0.000871
v 0.630225 0.442530 -0.000871
v 0.633039 0.440833 -0.000871
v 0.634318 0.437806 -0.000871
v 0.633573 0.434606 -0.000871
v 0.631089 0.432454 -0.000871
v 0.628322 0.434355 0.001175
v 0.626694 0.435337 0.001175
v 0.629020 0.437352 0.001175
v 0.625954 0.437088 0.001175
v 0.626385 0.438940 0.001175
v 0.627823 0.440185 0.001175
v 0.629717 0.440348 0.001175
v 0.631345 0.439366 0.001175
v 0.632085 0.437615 0.001175
v 0.631654 0.435763 0.001175
v 0.630217 0.434518 0.001175
v 0.625463 0.434271 0.000172
v 0.627953 0.432769 0.000172
v 0.630851 0.433018 0.000172
v 0.633049 0.434922 0.000172
v 0.633708 0.437754 0.000172
v 0.632577 0.440433 0.000172
v 0.630086 0.441934 0.000172
v 0.627189 0.441685 0.000172
v 0.624991 0.439781 0.000172
v 0.624332 0.436949 0.000172
v 0.625776 0.423415 -0.007239
v 0.618203 0.427982 -0.007239
v 0.614762 0.436128 -0.007239
v 0.616767 0.444741 -0.007239
v 0.623452 0.450532 -0.007239
v 0.632264 0.451288 -0.007239
v 0.639836 0.446721 -0.007239
v 0.643278 0.438576 -0.007239
v 0.641273 0.429962 -0.007239
v 0.634588 0.424172 -0.007239
v 0.626252 0.425460 -0.009508
v 0.619790 0.429357 -0.009508
v 0.616854 0.436307 -0.009508
v 0.618564 0.443657 -0.009508
v 0.624269 0.448598 -0.009508
v 0.631788 0.449243 -0.009508
v 0.638249 0.445347 -0.009508
v 0.641186 0.438396 -0.009508
v 0.639475 0.431047 -0.009508
v 0.633771 0.426105 -0.009508
v 0.626832 0.427949 -0.007239
v 0.621722 0.431030 -0.007239
v 0.619401 0.436526 -0.007239
v 0.620753 0.442337 -0.007239
v 0.625263 0.446243 -0.007239
v 0.631208 0.446754 -0.007239
v 0.636317 0.443673 -0.007239
v 0.638639 0.438177 -0.007239
v 0.637287 0.432366 -0.007239
v 0.632776 0.428460 -0.007239
v 0.627815 0.432173 -0.007239
v 0.625001 0.433870 -0.007239
v 0.623722 0.436897 -0.007239
v 0.624467 0.440097 -0.007239
v 0.626951 0.442249 -0.007239
v 0.630225 0.442530 -0.007239
v 0.633039 0.440833 -0.007239
v 0.634318 0.437806 -0.007239
v 0.633573 0.434606 -0.007239
v 0.631089 0.432454 -0.007239
v 0.628322 0.434355 -0.009286
v 0.626694 0.435337 -0.009286
v 0.629020 0.437352 -0.009286
v 0.625954 0.437088 -0.009286
v 0.626385 0.438940 -0.009286
v 0.627823 0.440185 -0.009286
v 0.629717 0.440348 -0.009286
v 0.631345 0.439366 -0.009286
v 0.632085 0.437615 -0.009286
v 0.631654 0.435763 -0.009286
v 0.630217 0.434518 -0.009286
v 0.625463 0.434271 -0.008282
v 0.627953 0.432769 -0.008282
v 0.630851 0.433018 -0.008282
v 0.633049 0.434922 -0.008282
v 0.633708 0.437754 -0.008282
v 0.632577 0.440433 -0.008282
v 0.630086 0.441934 -0.008282
v 0.627189 0.441685 -0.008282
v 0.624991 0.439781 -0.008282
v 0.624332 0.436949 -0.008282
v 0.617808 0.427639 -0.004125
v 0.625658 0.422906 -0.004125
v 0.634792 0.423690 -0.004125
v 0.641721 0.429692 -0.004125
v 0.643799 0.438620 -0.004125
v 0.640232 0.447064 -0.004125
v 0.632382 0.451798 -0.004125
v 0.623248 0.451013 -0.004125
v 0.616319 0.445011 -0.004125
v 0.614241 0.436083 -0.004125
v 0.625776 0.423415 0.085527
v 0.618203 0.427982 0.085527
v 0.614762 0.436128 0.085527
v 0.616767 0.444741 0.085527
v 0.623452 0.450532 0.085527
v 0.632264 0.451288 0.085527
v 0.639836 0.446721 0.085527
v 0.643278 0.438576 0.085527
v 0.641273 0.429962 0.085527
v 0.634588 0.424172 0.085527
v 0.626252 0.425460 0.087796
v 0.619790 0.429357 0.087796
v 0.616854 0.436307 0.087796
v 0.618564 0.443657 0.087796
v 0.624269 0.448598 0.087796
v 0.631788 0.449243 0.087796
v 0.638249 0.445347 0.087796
v 0.641186 0.438396 0.087796
v 0.639475 0.431047 0.087796
v 0.633771 0.426105 0.087796
v 0.626832 0.427949 0.085527
v 0.621722 0.431030 0.085527
v 0.619401 0.436526 0.085527
v 0.620753 0.442337 0.085527
v 0.625263 0.446243 0.085527
v 0.631208 0.446754 0.085527
v 0.636317 0.443673 0.085527
v 0.638639 0.438177 0.085527
v 0.637287 0.432366 0.085527
v 0.632776 0.428460 0.085527
v 0.627815 0.432173 0.085527
v 0.625001 0.433870 0.085527
v 0.623722 0.436897 0.085527
v 0.624467 0.440097 0.085527
v 0.626951 0.442249 0.085527
v 0.630225 0.442530 0.085527
v 0.633039 0.440833 0.085527
v 0.634318 0.437806 0.085527
v 0.633573 0.434606 0.085527
v 0.631089 0.432454 0.085527
v 0.628322 0.434355 0.087574
v 0.626694 0.435337 0.087574
v 0.629020 0.437352 0.087574
v 0.625954 0.437088 0.087574
v 0.626385 0.438940 0.087574
v 0.627823 0.440185 0.087574
v 0.629717 0.440348 0.087574
v 0.631345 0.439366 0.087574
v 0.632085 0.437615 0.087574
v 0.631654 0.435763 0.087574
v 0.630217 0.434518 0.087574
v 0.625463 0.434271 0.086570
v 0.627953 0.432769 0.086570
v 0.630851 0.433018 0.086570
v 0.633049 0.434922 0.086570
v 0.633708 0.437754 0.086570
v 0.632577 0.440433 0.086570
v 0.630086 0.441934 0.086570
v 0.627189 0.441685 0.086570
v 0.624991 0.439781 0.086570
v 0.624332 0.436949 0.086570
v 0.625776 0.423415 0.079160
v 0.618203 0.427982 0.079160
v 0.614762 0.436128 0.079160
v 0.616767 0.444741 0.079160
v 0.623452 0.450532 0.079160
v 0.632264 0.451288 0.079160
v 0.639836 0.446721 0.079160
v 0.643278 0.438576 0.079160
v 0.641273 0.429962 0.079160
v 0.634588 0.424172 0.079160
v 0.626252 0.425460 0.076890
v 0.619790 0.429357 0.076890
v 0.616854 0.436307 0.076890
v 0.618564 0.443657 0.076890
v 0.624269 0.448598 0.076890
v 0.631788 0.449243 0.076890
v 0.638249 0.445347 0.076890
v 0.641186 0.438396 0.076890
v 0.639475 0.431047 0.076890
v 0.633771 0.426105 0.076890
v 0.626832 0.427949 0.079160
v 0.621722 0.431030 0.079160
v 0.619401 0.436526 0.079160
v 0.620753 0.442337 0.079160
v 0.625263 0.446243 0.079160
v 0.631208 0.446754 0.079160
v 0.636317 0.443673 0.079160
v 0.638639 0.438177 0.079160
v 0.637287 0.432366 0.079160
v 0.632776 0.428460 0.079160
v 0.627815 0.432173 0.079160
v 0.625001 0.433870 0.079160
v 0.623722 0.436897 0.079160
v 0.624467 0.440097 0.079160
v 0.626951 0.442249 0.079160
v 0.630225 0.442530 0.079160
v 0.633039 0.440833 0.079160
v 0.634318 0.437806 0.079160
v 0.633573 0.434606 0.079160
v 0.631089 0.432454 0.079160
v 0.628322 0.434355 0.077113
v 0.626694 0.435337 0.077113
v 0.629020 0.437352 0.077113
v 0.625954 0.437088 0.077113
v 0.626385 0.438940 0.077113
v 0.627823 0.440185 0.077113
v 0.629717 0.440348 0.077113
v 0.631345 0.439366 0.077113
v 0.632085 0.437615 0.077113
v 0.631654 0.435763 0.077113
v 0.630217 0.434518 0.077113
v 0.625463 0.434271 0.078117
v 0.627953 0.432769 0.078117
v 0.630851 0.433018 0.078117
v 0.633049 0.434922 0.078117
v 0.633708 0.437754 0.078117
v 0.632577 0.440433 0.078117
v 0.630086 0.441934 0.078117
v 0.627189 0.441685 0.078117
v 0.624991 0.439781 0.078117
v 0.624332 0.436949 0.078117
v 0.617808 0.427639 0.082274
v 0.625658 0.422906 0.082274
v 0.634792 0.423690 0.082274
v 0.641721 0.429692 0.082274
v 0.643799 0.438620 0.082274
v 0.640232 0.447064 0.082274
v 0.632382 0.451798 0.082274
v 0.623248 0.451013 0.082274
v 0.616319 0.445011 0.082274
v 0.614241 0.436083 0.082274
v 0.753691 0.411045 0.002018
v 0.753691 0.411045 0.007395
v 0.755326 0.407174 0.002018
v 0.755326 0.407174 0.007395
v 0.754254 0.405786 0.000915
v 0.754254 0.405786 0.008498
v 0.751948 0.411245 0.000915
v 0.751948 0.411245 0.008498
v 0.598813 0.413259 -0.002135
v 0.595597 0.422765 -0.002135
v 0.595597 0.422765 0.080124
v 0.598813 0.413259 0.080124
v 0.605584 0.416058 0.080124
v 0.602617 0.425731 0.080124
v 0.602617 0.425731 -0.002135
v 0.605581 0.416066 -0.002135
v 0.601181 0.425124 -0.004743
v 0.603710 0.416487 -0.004743
v 0.595480 0.413067 -0.004743
v 0.592700 0.421541 -0.004743
v 0.595480 0.413067 0.082732
v 0.592700 0.421541 0.082732
v 0.601181 0.425124 0.082732
v 0.603714 0.416478 0.082732
v 0.786933 0.490851 0.025102
v 0.786933 0.490851 0.052887
v 0.785754 0.489879 0.025102
v 0.785754 0.489879 0.052887
v 0.786599 0.491257 0.025102
v 0.785419 0.490286 0.025102
v 0.785419 0.490286 0.052887
v 0.786599 0.491257 0.052887
v 0.787014 0.491841 0.055201
v 0.787014 0.491841 0.061653
v 0.788649 0.487971 0.055201
v 0.788649 0.487971 0.061653
v 0.787577 0.486582 0.053877
v 0.787577 0.486582 0.062977
v 0.785271 0.492041 0.053877
v 0.785271 0.492041 0.062977
v 0.787452 0.489622 0.025102
v 0.787452 0.489622 0.052887
v 0.786273 0.488651 0.025102
v 0.786273 0.488651 0.052887
v 0.787117 0.490029 0.025102
v 0.785938 0.489058 0.025102
v 0.785938 0.489058 0.052887
v 0.787117 0.490029 0.052887
v 0.787014 0.491841 0.016336
v 0.787014 0.491841 0.022788
v 0.788649 0.487971 0.016336
v 0.788649 0.487971 0.022788
v 0.787577 0.486582 0.015012
v 0.787577 0.486582 0.024112
v 0.785271 0.492041 0.015012
v 0.785271 0.492041 0.024112
v 0.602827 0.401936 0.004498
v 0.602827 0.401936 0.008303
v 0.603984 0.399197 0.004498
v 0.603984 0.399197 0.008303
v 0.605218 0.399056 0.003717
v 0.605218 0.399056 0.009084
v 0.603585 0.402919 0.003717
v 0.603585 0.402919 0.009084
v 0.725325 0.477572 0.073137
v 0.725325 0.477572 0.004852
v 0.725325 0.477572 -0.002135
v 0.725325 0.477572 0.080124
v 0.771402 0.459829 0.009320
v 0.774954 0.428164 0.011615
v 0.738670 0.445983 0.004852
v 0.751789 0.414931 0.006370
v 0.771402 0.459829 0.068669
v 0.738670 0.445983 0.073137
v 0.774954 0.428164 0.066374
v 0.751789 0.414931 0.071619
v 0.792213 0.475741 0.012874
v 0.792213 0.475741 0.065114
v 0.755696 0.401752 -0.002135
v 0.755696 0.401752 0.080124
v 0.626981 0.347373 0.080124
v 0.626981 0.347373 -0.002135
v 0.741302 0.439754 -0.002135
v 0.741302 0.439754 0.080124
v 0.745246 0.472765 0.011415
v 0.761659 0.479699 0.013574
v 0.761693 0.479593 0.064419
v 0.745298 0.472666 0.066576
v 0.734680 0.481725 0.067594
v 0.762391 0.493574 0.014537
v 0.734614 0.481839 0.010395
v 0.762427 0.493448 0.063457
v 0.642014 0.429225 0.073817
v 0.642942 0.443063 0.073817
v 0.642636 0.442784 0.004157
v 0.641986 0.429144 0.004157
v 0.625411 0.422142 0.004157
v 0.625368 0.422193 0.073816
v 0.614709 0.431135 0.073816
v 0.615179 0.431185 0.004157
v 0.646519 0.444425 -0.003197
v 0.644187 0.443440 -0.001748
v 0.645802 0.427487 -0.003197
v 0.643391 0.428648 -0.001727
v 0.623913 0.418193 -0.003197
v 0.624788 0.420789 -0.001727
v 0.613638 0.430534 -0.001747
v 0.611306 0.429548 -0.003197
v 0.744165 0.469077 0.005959
v 0.744793 0.471808 0.008057
v 0.765020 0.477929 0.008727
v 0.762612 0.479374 0.010553
v 0.766008 0.495102 0.009934
v 0.763632 0.494098 0.011605
v 0.733384 0.481319 0.006855
v 0.731241 0.480414 0.004690
v 0.744180 0.468882 0.072012
v 0.744846 0.471711 0.069930
v 0.765316 0.477666 0.069263
v 0.762645 0.479268 0.067437
v 0.731014 0.480177 0.073293
v 0.733452 0.481206 0.071131
v 0.763667 0.493971 0.066386
v 0.766336 0.495099 0.068056
v 0.644143 0.443570 0.078291
v 0.646692 0.444647 0.081201
v 0.645926 0.427166 0.081201
v 0.643072 0.428852 0.078248
v 0.624135 0.418057 0.081201
v 0.624898 0.421173 0.078248
v 0.610960 0.429551 0.081201
v 0.613508 0.430627 0.078291
v 0.784898 0.493057 0.014035
v 0.771716 0.497171 0.011006
v 0.771716 0.497171 0.066983
v 0.784898 0.493057 0.063954
v 0.781019 0.501102 0.065114
v 0.781019 0.501102 0.012874
v 0.598813 0.413259 -0.002135
v 0.598813 0.413259 0.080124
v 0.602617 0.425731 0.080124
v 0.602617 0.425731 -0.002135
v 0.595597 0.422765 -0.002135
v 0.595597 0.422765 0.080124
v 0.770109 0.456988 0.009320
v 0.773170 0.429272 0.011615
v 0.752775 0.417642 0.006370
v 0.741300 0.444802 0.004852
v 0.770109 0.456988 0.068669
v 0.741300 0.444802 0.073137
v 0.752775 0.417642 0.071619
v 0.773170 0.429272 0.066374
v 0.772022 0.457216 0.012496
v 0.772022 0.457216 0.065493
v 0.774325 0.430859 0.063444
v 0.774325 0.430859 0.014545
v 0.770697 0.456230 0.013294
v 0.770697 0.456230 0.064695
v 0.772768 0.431050 0.062707
v 0.772768 0.431050 0.015282
v 0.768743 0.454965 0.010375
v 0.770950 0.430144 0.012491
v 0.753012 0.419428 0.007655
v 0.742568 0.444150 0.006256
v 0.768501 0.454783 0.067619
v 0.742673 0.444113 0.071715
v 0.753170 0.419268 0.070324
v 0.770803 0.429845 0.065515
v 0.755839 0.470559 0.007343
v 0.754856 0.472868 0.009305
v 0.754577 0.473576 0.012494
v 0.754625 0.473462 0.065498
v 0.754903 0.472756 0.068683
v 0.756003 0.470303 0.070638
v 0.733670 0.474630 0.072653
v 0.735662 0.476746 0.070531
v 0.736721 0.477575 0.067085
v 0.736659 0.477680 0.010905
v 0.735599 0.476850 0.007456
v 0.733820 0.474865 0.005325
v 0.767965 0.489311 0.009330
v 0.765144 0.489351 0.011079
v 0.763898 0.489188 0.014055
v 0.763930 0.489071 0.063938
v 0.765175 0.489233 0.066911
v 0.768326 0.489199 0.068659
v 0.636273 0.419359 0.081201
v 0.635122 0.422016 0.078248
v 0.634797 0.422786 0.073816
v 0.634808 0.422714 0.004157
v 0.635240 0.421692 -0.001727
v 0.636093 0.419617 -0.003197
v 0.649004 0.438904 -0.003197
v 0.646158 0.438792 -0.001737
v 0.644367 0.438580 0.004157
v 0.644598 0.438786 0.073817
v 0.645969 0.438955 0.078270
v 0.649191 0.438871 0.081201
v 0.613408 0.423802 0.081201
v 0.615582 0.426117 0.078270
v 0.616659 0.426983 0.073816
v 0.616988 0.427013 0.004157
v 0.615595 0.425879 -0.001737
v 0.613515 0.423888 -0.003197
v 0.643706 0.443157 -0.006788
v 0.645961 0.444110 -0.006788
v 0.648309 0.438901 -0.006788
v 0.645566 0.438770 -0.006788
v 0.634910 0.422484 -0.006788
v 0.635714 0.420526 -0.006788
v 0.623971 0.419077 -0.006788
v 0.624835 0.421543 -0.006788
v 0.616022 0.426289 -0.006788
v 0.614002 0.424385 -0.006788
v 0.611921 0.429728 -0.006788
v 0.614175 0.430681 -0.006788
v 0.645130 0.428060 -0.006788
v 0.642818 0.429140 -0.006788
v 0.755490 0.471390 0.003753
v 0.754557 0.473581 0.003753
v 0.762077 0.479822 0.003753
v 0.764390 0.478462 0.003753
v 0.736016 0.477245 0.003753
v 0.734287 0.475345 0.003753
v 0.731836 0.480609 0.003753
v 0.733909 0.481484 0.003753
v 0.767303 0.489313 0.003753
v 0.764583 0.489332 0.003753
v 0.763156 0.493840 0.003753
v 0.765453 0.494811 0.003753
v 0.744225 0.469904 0.003753
v 0.744847 0.472507 0.003753
v 0.734141 0.475121 0.074232
v 0.736076 0.477147 0.074232
v 0.733973 0.481377 0.074232
v 0.731616 0.480381 0.074232
v 0.754602 0.473474 0.074232
v 0.755647 0.471147 0.074232
v 0.764673 0.478214 0.074232
v 0.762109 0.479721 0.074232
v 0.764613 0.489220 0.074232
v 0.767650 0.489209 0.074232
v 0.765770 0.494810 0.074232
v 0.763188 0.493720 0.074232
v 0.744237 0.469718 0.074232
v 0.744898 0.472415 0.074232
v 0.646128 0.444321 0.085407
v 0.643665 0.443280 0.085407
v 0.645386 0.438924 0.085407
v 0.648488 0.438870 0.085407
v 0.635885 0.420283 0.085407
v 0.634798 0.422790 0.085407
v 0.624944 0.421908 0.085407
v 0.624183 0.418949 0.085407
v 0.613899 0.424303 0.085407
v 0.616012 0.426514 0.085407
v 0.614051 0.430769 0.085407
v 0.611588 0.429728 0.085407
v 0.642512 0.429330 0.085407
v 0.645247 0.427757 0.085407
v 0.767540 0.450953 0.006083
v 0.767877 0.451096 0.000022
v 0.771908 0.441290 0.004553
v 0.772003 0.441330 0.001042
v 0.770749 0.439919 0.004780
v 0.770640 0.439873 0.000738
v 0.766278 0.451280 0.006541
v 0.765890 0.451116 -0.000436
v 0.770255 0.445468 0.000036
v 0.769481 0.446644 0.006083
v 0.768277 0.446219 0.006541
v 0.768627 0.444636 -0.000420
v 0.767666 0.451148 0.002942
v 0.766016 0.451332 0.002926
v 0.767422 0.451045 0.003559
v 0.766229 0.451422 0.003635
v 0.764353 0.455134 0.002914
v 0.764614 0.455245 0.003635
v 0.765460 0.455602 0.003635
v 0.765722 0.455713 0.002914
v 0.765037 0.455423 0.002467
v 0.766652 0.451601 0.002467
v 0.764196 0.455504 0.002918
v 0.764531 0.455441 0.003615
v 0.765377 0.455799 0.003615
v 0.765565 0.456083 0.002918
v 0.764835 0.455901 0.002488
v 0.764026 0.455891 0.003270
v 0.764509 0.455550 0.003722
v 0.765315 0.455890 0.003722
v 0.765407 0.456475 0.003270
v 0.764583 0.456499 0.002948
v 0.763966 0.455873 0.011032
v 0.764490 0.455504 0.011032
v 0.765361 0.455872 0.011032
v 0.765461 0.456504 0.011032
v 0.764569 0.456531 0.011032
v 0.754383 0.410886 0.062485
v 0.754383 0.410886 0.067189
v 0.755736 0.407684 0.062485
v 0.755736 0.407684 0.067189
v 0.754988 0.406593 0.061520
v 0.754988 0.406593 0.068154
v 0.753079 0.411110 0.061520
v 0.753079 0.411110 0.068154
v 0.745325 0.473922 0.074818
v 0.737752 0.478489 0.074818
v 0.734310 0.486634 0.074818
v 0.736315 0.495248 0.074818
v 0.743000 0.501038 0.074818
v 0.751812 0.501795 0.074818
v 0.759385 0.497228 0.074818
v 0.762826 0.489082 0.074818
v 0.760822 0.480469 0.074818
v 0.754137 0.474679 0.074818
v 0.745801 0.475967 0.077087
v 0.739339 0.479864 0.077087
v 0.736402 0.486814 0.077087
v 0.738113 0.494163 0.077087
v 0.743817 0.499105 0.077087
v 0.751336 0.499750 0.077087
v 0.757798 0.495853 0.077087
v 0.760734 0.488903 0.077087
v 0.759024 0.481553 0.077087
v 0.753320 0.476612 0.077087
v 0.746380 0.478456 0.074818
v 0.741271 0.481537 0.074818
v 0.738949 0.487033 0.074818
v 0.740302 0.492844 0.074818
v 0.744812 0.496750 0.074818
v 0.750757 0.497261 0.074818
v 0.755866 0.494180 0.074818
v 0.758188 0.488684 0.074818
v 0.756835 0.482873 0.074818
v 0.752325 0.478967 0.074818
v 0.747363 0.482680 0.074818
v 0.744549 0.484377 0.074818
v 0.743271 0.487404 0.074818
v 0.744016 0.490604 0.074818
v 0.746499 0.492756 0.074818
v 0.749774 0.493037 0.074818
v 0.752587 0.491340 0.074818
v 0.753866 0.488313 0.074818
v 0.753121 0.485113 0.074818
v 0.750637 0.482961 0.074818
v 0.747871 0.484862 0.076865
v 0.746243 0.485844 0.076865
v 0.748568 0.487858 0.076865
v 0.745503 0.487595 0.076865
v 0.745934 0.489447 0.076865
v 0.747371 0.490692 0.076865
v 0.749266 0.490855 0.076865
v 0.750894 0.489873 0.076865
v 0.751634 0.488122 0.076865
v 0.751203 0.486270 0.076865
v 0.749766 0.485025 0.076865
v 0.745012 0.484778 0.075861
v 0.747502 0.483276 0.075861
v 0.750399 0.483525 0.075861
v 0.752597 0.485429 0.075861
v 0.753257 0.488261 0.075861
v 0.752125 0.490939 0.075861
v 0.749635 0.492441 0.075861
v 0.746737 0.492192 0.075861
v 0.744539 0.490288 0.075861
v 0.743880 0.487456 0.075861
v 0.745325 0.473922 0.068450
v 0.737752 0.478489 0.068450
v 0.734310 0.486634 0.068450
v 0.736315 0.495248 0.068450
v 0.743000 0.501038 0.068450
v 0.751812 0.501795 0.068450
v 0.759385 0.497228 0.068450
v 0.762826 0.489082 0.068450
v 0.760822 0.480469 0.068450
v 0.754137 0.474679 0.068450
v 0.745801 0.475967 0.066181
v 0.739339 0.479864 0.066181
v 0.736402 0.486814 0.066181
v 0.738113 0.494163 0.066181
v 0.743817 0.499105 0.066181
v 0.751336 0.499750 0.066181
v 0.757798 0.495853 0.066181
v 0.760734 0.488903 0.066181
v 0.759024 0.481553 0.066181
v 0.753320 0.476612 0.066181
v 0.746380 0.478456 0.068450
v 0.741271 0.481537 0.068450
v 0.738949 0.487033 0.068450
v 0.740302 0.492844 0.068450
v 0.744812 0.496750 0.068450
v 0.750757 0.497261 0.068450
v 0.755866 0.494180 0.068450
v 0.758188 0.488684 0.068450
v 0.756835 0.482873 0.068450
v 0.752325 0.478967 0.068450
v 0.747363 0.482680 0.068450
v 0.744549 0.484377 0.068450
v 0.743271 0.487404 0.068450
v 0.744016 0.490604 0.068450
v 0.746499 0.492756 0.068450
v 0.749774 0.493037 0.068450
v 0.752587 0.491340 0.068450
v 0.753866 0.488313 0.068450
v 0.753121 0.485113 0.068450
v 0.750637 0.482961 0.068450
v 0.747871 0.484862 0.066404
v 0.746243 0.485844 0.066404
v 0.748568 0.487858 0.066404
v 0.745503 0.487595 0.066404
v 0.745934 0.489447 0.066404
v 0.747371 0.490692 0.066404
v 0.749266 0.490855 0.066404
v 0.750894 0.489873 0.066404
v 0.751634 0.488122 0.066404
v 0.751203 0.486270 0.066404
v 0.749766 0.485025 0.066404
v 0.745012 0.484778 0.067408
v 0.747502 0.483276 0.067408
v 0.750399 0.483525 0.067408
v 0.752597 0.485429 0.067408
v 0.753257 0.488261 0.067408
v 0.752125 0.490939 0.067408
v 0.749635 0.492441 0.067408
v 0.746737 0.492192 0.067408
v 0.744539 0.490288 0.067408
v 0.743880 0.487456 0.067408
v 0.737356 0.478146 0.071565
v 0.745206 0.473413 0.071565
v 0.754340 0.474197 0.071565
v 0.761270 0.480199 0.071565
v 0.763348 0.489127 0.071565
v 0.759781 0.497571 0.071565
v 0.751931 0.502304 0.071565
v 0.742797 0.501520 0.071565
v 0.735867 0.495518 0.071565
v 0.733789 0.486590 0.071565
v 0.745325 0.473922 0.009656
v 0.737752 0.478489 0.009656
v 0.734310 0.486634 0.009656
v 0.736315 0.495248 0.009656
v 0.743000 0.501038 0.009656
v 0.751812 0.501795 0.009656
v 0.759385 0.497228 0.009656
v 0.762826 0.489082 0.009656
v 0.760822 0.480469 0.009656
v 0.754137 0.474679 0.009656
v 0.745801 0.475967 0.011925
v 0.739339 0.479864 0.011925
v 0.736402 0.486814 0.011925
v 0.738113 0.494163 0.011925
v 0.743817 0.499105 0.011925
v 0.751336 0.499750 0.011925
v 0.757798 0.495853 0.011925
v 0.760734 0.488903 0.011925
v 0.759024 0.481553 0.011925
v 0.753320 0.476612 0.011925
v 0.746380 0.478456 0.009656
v 0.741271 0.481537 0.009656
v 0.738949 0.487033 0.009656
v 0.740302 0.492844 0.009656
v 0.744812 0.496750 0.009656
v 0.750757 0.497261 0.009656
v 0.755866 0.494180 0.009656
v 0.758188 0.488684 0.009656
v 0.756835 0.482873 0.009656
v 0.752325 0.478967 0.009656
v 0.747363 0.482680 0.009656
v 0.744549 0.484377 0.009656
v 0.743271 0.487404 0.009656
v 0.744016 0.490604 0.009656
v 0.746499 0.492756 0.009656
v 0.749774 0.493037 0.009656
v 0.752587 0.491340 0.009656
v 0.753866 0.488313 0.009656
v 0.753121 0.485113 0.009656
v 0.750637 0.482961 0.009656
v 0.747871 0.484862 0.011703
v 0.746243 0.485844 0.011703
v 0.748568 0.487858 0.011703
v 0.745503 0.487595 0.011703
v 0.745934 0.489447 0.011703
v 0.747371 0.490692 0.011703
v 0.749266 0.490855 0.011703
v 0.750894 0.489873 0.011703
v 0.751634 0.488122 0.011703
v 0.751203 0.486270 0.011703
v 0.749766 0.485025 0.011703
v 0.745012 0.484778 0.010699
v 0.747502 0.483276 0.010699
v 0.750399 0.483525 0.010699
v 0.752597 0.485429 0.010699
v 0.753257 0.488261 0.010699
v 0.752125 0.490939 0.010699
v 0.749635 0.492441 0.010699
v 0.746737 0.492192 0.010699
v 0.744539 0.490288 0.010699
v 0.743880 0.487456 0.010699
v 0.745325 0.473922 0.003288
v 0.737752 0.478489 0.003288
v 0.734310 0.486634 0.003288
v 0.736315 0.495248 0.003288
v 0.743000 0.501038 0.003288
v 0.751812 0.501795 0.003288
v 0.759385 0.497228 0.003288
v 0.762826 0.489082 0.003288
v 0.760822 0.480469 0.003288
v 0.754137 0.474679 0.003288
v 0.745801 0.475967 0.001019
v 0.739339 0.479864 0.001019
v 0.736402 0.486814 0.001019
v 0.738113 0.494163 0.001019
v 0.743817 0.499105 0.001019
v 0.751336 0.499750 0.001019
v 0.757798 0.495853 0.001019
v 0.760734 0.488903 0.001019
v 0.759024 0.481553 0.001019
v 0.753320 0.476612 0.001019
v 0.746380 0.478456 0.003288
v 0.741271 0.481537 0.003288
v 0.738949 0.487033 0.003288
v 0.740302 0.492844 0.003288
v 0.744812 0.496750 0.003288
v 0.750757 0.497261 0.003288
v 0.755866 0.494180 0.003288
v 0.758188 0.488684 0.003288
v 0.756835 0.482873 0.003288
v 0.752325 0.478967 0.003288
v 0.747363 0.482680 0.003288
v 0.744549 0.484377 0.003288
v 0.743271 0.487404 0.003288
v 0.744016 0.490604 0.003288
v 0.746499 0.492756 0.003288
v 0.749774 0.493037 0.003288
v 0.752587 0.491340 0.003288
v 0.753866 0.488313 0.003288
v 0.753121 0.485113 0.003288
v 0.750637 0.482961 0.003288
v 0.747871 0.484862 0.001242
v 0.746243 0.485844 0.001242
v 0.748568 0.487858 0.001242
v 0.745503 0.487595 0.001242
v 0.745934 0.489447 0.001242
v 0.747371 0.490692 0.001242
v 0.749266 0.490855 0.001242
v 0.750894 0.489873 0.001242
v 0.751634 0.488122 0.001242
v 0.751203 0.486270 0.001242
v 0.749766 0.485025 0.001242
v 0.745012 0.484778 0.002246
v 0.747502 0.483276 0.002246
v 0.750399 0.483525 0.002246
v 0.752597 0.485429 0.002246
v 0.753257 0.488261 0.002246
v 0.752125 0.490939 0.002246
v 0.749635 0.492441 0.002246
v 0.746737 0.492192 0.002246
v 0.744539 0.490288 0.002246
v 0.743880 0.487456 0.002246
v 0.737356 0.478146 0.006403
v 0.745206 0.473413 0.006403
v 0.754340 0.474197 0.006403
v 0.761270 0.480199 0.006403
v 0.763348 0.489127 0.006403
v 0.759781 0.497571 0.006403
v 0.751931 0.502304 0.006403
v 0.742797 0.501520 0.006403
v 0.735867 0.495518 0.006403
v 0.733789 0.486590 0.006403
v 0.599073 0.409428 0.002767
v 0.599073 0.409428 0.009219
v 0.601160 0.404490 0.002767
v 0.601160 0.404490 0.009219
v 0.602995 0.404071 0.001443
v 0.602995 0.404071 0.010543
v 0.600053 0.411036 0.001443
v 0.600053 0.411036 0.010543
v 0.753691 0.411045 0.069985
v 0.753691 0.411045 0.075362
v 0.755326 0.407174 0.069985
v 0.755326 0.407174 0.075362
v 0.754254 0.405786 0.068882
v 0.754254 0.405786 0.076465
v 0.751948 0.411245 0.068882
v 0.751948 0.411245 0.076465
v 0.784898 0.493057 0.014035
v 0.775594 0.489127 0.011006
v 0.775594 0.489127 0.066983
v 0.784898 0.493057 0.063954
v 0.776641 0.490528 0.070376
v 0.787539 0.495132 0.067534
v 0.776641 0.490528 0.007613
v 0.787539 0.495132 0.010455
v 0.784005 0.502363 0.010455
v 0.784005 0.502363 0.067534
v 0.771716 0.497171 0.011006
v 0.773107 0.497759 0.070376
v 0.773107 0.497759 0.007613
v 0.781019 0.501102 0.012874
v 0.781019 0.501102 0.065114
v 0.771716 0.497171 0.066983
v 0.737052 0.384814 0.017077
v 0.737052 0.384814 0.062210
v 0.729762 0.381734 0.017077
v 0.729762 0.381734 0.062210
v 0.723397 0.388263 0.012191
v 0.723397 0.388263 0.067096
v 0.736807 0.393929 0.012191
v 0.736807 0.393929 0.067096
v 0.737052 0.384814 0.047260
v 0.729762 0.381734 0.047260
v 0.723397 0.388263 0.047032
v 0.736807 0.393929 0.047032
v 0.737052 0.384814 0.030855
v 0.729762 0.381734 0.030855
v 0.723397 0.388263 0.031044
v 0.736807 0.393929 0.031044
v 0.737647 0.391920 0.047477
v 0.737647 0.391920 0.030565
v 0.737647 0.391920 0.012098
v 0.724252 0.386261 0.012098
v 0.724252 0.386261 0.030565
v 0.724252 0.386261 0.047477
v 0.724252 0.386261 0.067188
v 0.737647 0.391920 0.067188
v 0.784401 0.504290 0.030187
v 0.784401 0.504290 0.047802
v 0.787737 0.497528 0.030187
v 0.787737 0.497528 0.047802
v 0.786330 0.496934 0.030187
v 0.786330 0.496934 0.047802
v 0.782993 0.503695 0.030187
v 0.782993 0.503695 0.047802
v 0.754383 0.410886 0.011006
v 0.754383 0.410886 0.015709
v 0.755736 0.407684 0.011006
v 0.755736 0.407684 0.015709
v 0.754988 0.406593 0.010041
v 0.754988 0.406593 0.016674
v 0.753079 0.411110 0.010041
v 0.753079 0.411110 0.016674
v 0.603064 0.401375 0.070552
v 0.603064 0.401375 0.074357
v 0.604221 0.398636 0.070552
v 0.604221 0.398636 0.074357
v 0.605455 0.398495 0.069771
v 0.605455 0.398495 0.075138
v 0.603823 0.402358 0.069771
v 0.603823 0.402358 0.075138
vn 0.4064 0.9137 -0.0000
vn -0.0000 -0.0000 1.0000
vn -0.4064 -0.9137 -0.0000
vn -0.4064 -0.9137 -0.0001
vn -0.0000 -0.0000 -1.0000
vn -0.9137 0.4064 -0.0000
vn 0.9137 -0.4064 -0.0000
vn -0.4063 -0.9137 -0.0001
vn -0.4063 -0.9137 -0.0000
vn -0.4064 -0.9137 0.0001
vn -0.4063 -0.9137 0.0001
vn 0.1159 0.2605 0.9585
vn 0.3895 0.8758 -0.2849
vn -0.3895 -0.8758 0.2851
vn -0.1159 -0.2605 -0.9585
vn -0.2375 -0.5339 0.8115
vn -0.2375 -0.5339 -0.8115
vn -0.9566 -0.2913 -0.0000
vn 0.4244 -0.9055 -0.0000
vn 0.4628 0.8836 -0.0710
vn 0.1733 0.3918 0.9036
vn -0.3635 -0.9316 -0.0064
vn -0.3733 -0.9276 -0.0127
vn -0.3736 -0.9275 -0.0129
vn 0.2872 0.5653 -0.7733
vn -0.7876 0.6162 0.0022
vn 0.9992 -0.0407 0.0006
vn 0.9630 -0.1185 0.2422
vn -0.7606 0.6138 0.2115
vn 0.3073 0.6594 -0.6861
vn -0.0732 -0.9973 0.0055
vn 0.9282 -0.3720 0.0083
vn 0.7202 0.6937 -0.0060
vn 0.7201 0.6938 -0.0061
vn 0.7226 0.6912 -0.0026
vn -0.5668 0.8238 0.0019
vn -0.9896 -0.1440 0.0046
vn -0.0365 -0.9993 -0.0096
vn 0.9094 -0.4044 -0.0966
vn 0.7176 0.6964 -0.0096
vn -0.5792 0.8149 -0.0239
vn -0.9930 -0.1157 -0.0240
vn -0.0767 -0.9645 0.2526
vn 0.6481 -0.2882 0.7049
vn 0.6649 0.7030 0.2525
vn -0.4235 0.7429 -0.5184
vn -0.8353 -0.1830 -0.5184
vn -0.3504 -0.7721 0.5302
vn -0.0043 0.0019 1.0000
vn 0.3386 0.7773 0.5302
vn 0.1657 0.3823 -0.9091
vn -0.1729 -0.3790 -0.9091
vn -0.0508 -0.0086 -0.9987
vn 0.0122 0.4645 -0.8855
vn -0.3470 -0.9361 -0.0575
vn -0.3632 -0.9317 -0.0061
vn 0.4388 0.8985 -0.0127
vn 0.4483 0.8939 -0.0064
vn 0.4385 0.8986 -0.0129
vn 0.4487 0.8937 -0.0061
vn 0.4044 0.9094 0.0974
vn -0.4044 -0.9094 -0.0974
vn -0.9137 0.4063 -0.0000
vn -0.8504 -0.2864 0.4413
vn -0.9087 -0.4175 -0.0000
vn -0.8504 -0.2864 -0.4413
vn -0.6978 0.0565 -0.7140
vn -0.5093 0.4804 -0.7140
vn -0.3568 0.8233 -0.4413
vn -0.2986 0.9544 -0.0000
vn -0.3568 0.8233 0.4413
vn -0.5093 0.4804 0.7140
vn -0.6978 0.0565 0.7140
vn -0.4436 0.8014 -0.4011
vn -0.3907 0.9205 -0.0000
vn -0.4436 0.8014 0.4011
vn -0.5822 0.4897 0.6490
vn -0.7536 0.1044 0.6490
vn -0.8923 -0.2073 0.4011
vn -0.9452 -0.3264 -0.0000
vn -0.8923 -0.2073 -0.4011
vn -0.7536 0.1044 -0.6490
vn -0.5822 0.4897 -0.6490
vn -0.7322 -0.4476 0.5134
vn -0.8000 -0.6001 -0.0000
vn -0.7322 -0.4476 -0.5134
vn -0.5547 -0.0486 -0.8306
vn -0.3354 0.4445 -0.8306
vn -0.1580 0.8435 -0.5134
vn -0.0902 0.9959 -0.0000
vn -0.1580 0.8435 0.5134
vn -0.3354 0.4445 0.8306
vn -0.5547 -0.0486 0.8306
vn -0.9456 -0.0609 0.3197
vn -0.8350 0.1875 0.5173
vn -0.6985 0.4946 0.5173
vn -0.5880 0.7430 0.3197
vn -0.5458 0.8379 -0.0000
vn -0.5880 0.7430 -0.3197
vn -0.6985 0.4945 -0.5173
vn -0.8350 0.1875 -0.5173
vn -0.9456 -0.0609 -0.3197
vn -0.9878 -0.1559 -0.0000
vn -0.4631 -0.6692 0.5811
vn -0.2622 -0.2176 0.9401
vn -0.0140 0.3405 0.9401
vn 0.1868 0.7921 0.5811
vn 0.2636 0.9646 -0.0000
vn 0.1868 0.7921 -0.5811
vn -0.0140 0.3405 -0.9401
vn -0.2622 -0.2176 -0.9401
vn -0.4631 -0.6692 -0.5811
vn -0.5398 -0.8418 -0.0000
vn 0.9137 -0.4063 -0.0000
vn 0.3568 -0.8234 0.4413
vn 0.2986 -0.9544 -0.0000
vn 0.3568 -0.8233 -0.4413
vn 0.5093 -0.4804 -0.7140
vn 0.6978 -0.0565 -0.7140
vn 0.8504 0.2864 -0.4413
vn 0.9087 0.4174 -0.0000
vn 0.8504 0.2864 0.4413
vn 0.6978 -0.0565 0.7140
vn 0.5093 -0.4804 0.7140
vn 0.8923 0.2073 -0.4011
vn 0.9452 0.3264 -0.0000
vn 0.8923 0.2073 0.4011
vn 0.7536 -0.1044 0.6490
vn 0.5822 -0.4897 0.6490
vn 0.4436 -0.8014 0.4011
vn 0.3907 -0.9205 -0.0000
vn 0.4436 -0.8014 -0.4011
vn 0.5822 -0.4897 -0.6490
vn 0.7536 -0.1044 -0.6490
vn 0.1580 -0.8435 0.5134
vn 0.0902 -0.9959 -0.0000
vn 0.1580 -0.8435 -0.5134
vn 0.3354 -0.4445 -0.8306
vn 0.5547 0.0486 -0.8306
vn 0.7322 0.4476 -0.5134
vn 0.8000 0.6000 -0.0000
vn 0.7322 0.4476 0.5134
vn 0.5547 0.0486 0.8306
vn 0.3354 -0.4445 0.8306
vn 0.5880 -0.7430 0.3197
vn 0.6985 -0.4945 0.5172
vn 0.8350 -0.1875 0.5173
vn 0.9456 0.0609 0.3197
vn 0.9878 0.1559 -0.0000
vn 0.9456 0.0610 -0.3197
vn 0.8350 -0.1875 -0.5173
vn 0.6985 -0.4946 -0.5172
vn 0.5880 -0.7430 -0.3197
vn 0.5458 -0.8379 -0.0000
vn -0.1804 -0.7940 0.5805
vn 0.0202 -0.3429 0.9392
vn 0.2681 0.2147 0.9392
vn 0.4688 0.6658 0.5805
vn 0.5454 0.8382 -0.0000
vn 0.4688 0.6658 -0.5805
vn 0.2681 0.2147 -0.9392
vn 0.0202 -0.3429 -0.9392
vn -0.1804 -0.7940 -0.5805
vn -0.2571 -0.9664 -0.0000
vn -0.3568 0.8234 -0.4413
vn -0.3568 0.8234 0.4413
vn -0.8000 -0.6000 -0.0000
vn -0.9456 -0.0610 0.3197
vn -0.6985 0.4945 0.5173
vn -0.9456 -0.0610 -0.3197
vn 0.2635 0.9646 -0.0000
vn 0.9087 0.4175 -0.0000
vn 0.8504 0.2865 0.4413
vn 0.6985 -0.4945 0.5173
vn 0.9456 0.0610 0.3197
vn 0.6985 -0.4945 -0.5173
vn 0.5454 0.8381 -0.0000
vn 0.1997 0.4491 0.8709
vn 0.1997 0.4491 -0.8709
vn -0.5029 0.8644 -0.0000
vn 0.9787 0.2055 -0.0000
vn -0.4050 -0.9106 -0.0826
vn 0.8238 0.5594 0.0919
vn 0.3536 -0.1636 0.9210
vn -0.1363 -0.3066 0.9420
vn -0.3579 0.1517 0.9214
vn -0.1363 0.9864 0.0918
vn -0.4244 0.9055 -0.0000
vn 0.9566 0.2913 -0.0000
vn -0.1996 -0.4489 0.8710
vn -0.1996 -0.4489 -0.8710
vn -0.9787 -0.2052 -0.0000
vn 0.5031 -0.8642 -0.0000
vn 0.9686 -0.2295 0.0958
vn -0.8182 0.5670 0.0949
vn 0.4038 0.9080 0.1113
vn 0.0484 0.1087 0.9929
vn 0.4688 0.8830 0.0220
vn -0.4064 -0.9137 0.0043
vn -0.9097 0.4152 0.0030
vn -0.9089 0.4170 0.0019
vn -0.9090 0.4169 0.0020
vn 0.3417 0.9395 0.0220
vn 0.3860 0.8680 0.3123
vn 0.1017 0.2287 0.9682
vn 0.9183 -0.3959 0.0019
vn 0.9187 -0.3950 -0.0001
vn 0.9186 -0.3952 0.0003
vn 0.9183 -0.3958 0.0018
vn 0.8953 -0.4455 0.0041
vn -0.1361 -0.9907 -0.0032
vn 0.3067 0.2068 -0.9291
vn 0.6434 0.7655 -0.0031
vn 0.9422 -0.3351 0.0017
vn 0.9006 -0.4220 0.1039
vn 0.1178 -0.3405 -0.9328
vn -0.0036 -0.9933 -0.1154
vn 0.7029 0.7111 -0.0143
vn -0.3324 -0.1418 -0.9324
vn 0.0573 0.9983 -0.0143
vn -0.7352 -0.6679 -0.1155
vn -0.9086 0.4177 0.0005
vn -0.9085 0.4179 -0.0001
vn -0.9085 0.4178 0.0002
vn -0.6488 -0.7606 -0.0247
vn -0.0514 0.3674 -0.9287
vn 0.1299 0.9910 -0.0330
vn -0.8054 0.5926 -0.0060
vn -0.0099 -0.0088 -0.9999
vn -0.0098 -0.0089 -0.9999
vn -0.0107 -0.0078 -0.9999
vn -0.0412 -0.0271 -0.9988
vn 0.1355 0.3025 -0.9435
vn -0.4107 -0.9115 -0.0197
vn 0.4012 0.9156 -0.0244
vn -0.4053 -0.9116 -0.0688
vn -0.1274 -0.2813 -0.9511
vn -0.0145 0.0488 -0.9987
vn 0.4058 0.9121 -0.0574
vn 0.0090 0.0234 -0.9997
vn 0.0285 0.0123 -0.9995
vn -0.0053 -0.0142 -0.9999
vn 0.0024 -0.0284 -0.9996
vn 0.0013 -0.0016 -1.0000
vn 0.0014 -0.0012 -1.0000
vn 0.0012 0.0024 -1.0000
vn 0.0007 0.0011 -1.0000
vn 0.0057 -0.0295 -0.9995
vn -0.0109 -0.0219 -0.9997
vn 0.0016 0.0023 -1.0000
vn 0.0013 0.0029 -1.0000
vn 0.0013 0.0016 -1.0000
vn 0.0006 0.0014 -1.0000
vn -0.9306 0.3661 0.0043
vn 0.9134 -0.4066 0.0166
vn 0.9143 -0.3964 0.0826
vn 0.9780 -0.2044 0.0413
vn 0.9127 -0.4059 0.0480
vn 0.9595 -0.2816 0.0105
vn -0.8517 0.5239 0.0105
vn -0.9127 0.4059 0.0480
vn -0.8068 0.5894 0.0413
vn -0.9067 0.4135 0.0826
vn 0.4007 0.9011 0.1659
vn 0.3885 0.8731 0.2947
vn 0.4005 0.9005 0.1695
vn 0.3882 0.8732 0.2947
vn 0.0965 0.2171 0.9714
vn 0.9960 0.0505 0.0739
vn 0.2026 0.4554 -0.8669
vn -0.6295 0.7734 0.0739
vn 0.6289 -0.7750 -0.0621
vn 0.7876 -0.2274 -0.5727
vn 0.8472 0.5304 0.0289
vn 0.6568 -0.1882 0.7302
vn -0.5928 0.3704 0.7151
vn -0.2114 0.9769 0.0304
vn -0.6662 0.4017 -0.6284
vn -0.9990 0.0008 -0.0452
vn 0.3522 0.1910 -0.9162
vn 0.1236 0.2829 -0.9512
vn -0.0936 0.3907 -0.9158
vn 0.0150 0.8234 -0.5673
vn 0.3222 0.7272 -0.6061
vn 0.6014 0.5627 -0.5672
vn 0.0084 -0.8179 -0.5753
vn -0.3290 -0.7370 -0.5904
vn -0.6130 -0.5415 -0.5754
vn -0.3042 -0.2015 -0.9311
vn -0.1309 -0.2962 -0.9461
vn 0.0544 -0.3599 -0.9314
vn -0.0739 -0.8043 -0.5896
vn -0.3233 -0.7239 -0.6095
vn -0.5450 -0.5850 -0.6005
vn 0.0686 0.7941 -0.6039
vn 0.3205 0.7236 -0.6112
vn 0.5476 0.5940 -0.5894
vn 0.0130 -0.0110 -0.9999
vn 0.5597 0.8284 -0.0231
vn -0.5035 -0.8640 0.0012
vn 0.1153 -0.3447 0.9316
vn -0.0171 0.3376 -0.9411
vn -0.2404 -0.9703 -0.0276
vn 0.0169 -0.0023 -0.9999
vn 0.3045 0.9525 0.0016
vn 0.3319 0.1439 0.9323
vn -0.2595 -0.2077 -0.9431
vn 0.4932 0.6151 0.6152
vn -0.4276 -0.6600 -0.6177
vn -0.1268 -0.7800 0.6127
vn 0.2039 0.7599 -0.6172
vn -0.2250 -0.2242 -0.9482
vn 0.2880 0.1749 0.9415
vn 0.0452 -0.9974 0.0557
vn 0.0252 0.0006 -0.9997
vn 0.2553 0.9643 -0.0699
vn -0.4681 -0.8793 -0.0880
vn 0.0057 -0.0051 -1.0000
vn 0.4994 0.8637 0.0687
vn -0.0188 0.3110 -0.9502
vn 0.1567 -0.3335 0.9296
vn 0.0202 -0.8098 0.5864
vn 0.1791 0.7634 -0.6207
vn -0.3975 -0.6911 -0.6036
vn 0.4388 0.6661 0.6031
vn 0.5451 0.8354 -0.0700
vn -0.0150 0.0159 -0.9998
vn -0.7738 -0.6299 0.0663
vn -0.0694 0.3261 0.9428
vn -0.0154 -0.3189 -0.9477
vn 0.3051 0.9498 0.0693
vn -0.0066 0.0009 -1.0000
vn -0.3393 -0.9365 -0.0881
vn -0.3576 -0.1114 0.9272
vn 0.2451 0.1949 -0.9497
vn 0.4477 0.6437 -0.6207
vn -0.6147 -0.5204 0.5928
vn 0.1974 0.7717 0.6045
vn -0.2465 -0.7582 -0.6036
vn -0.0154 -0.0011 -0.9999
vn -0.3344 -0.9421 -0.0234
vn 0.2630 0.9648 -0.0086
vn 0.2217 0.2376 -0.9457
vn -0.3089 -0.1679 0.9361
vn 0.4758 0.8790 -0.0318
vn -0.0095 0.0122 -0.9999
vn -0.5406 -0.8412 0.0030
vn -0.0253 -0.3177 -0.9479
vn -0.0875 0.3315 0.9394
vn -0.2357 -0.7398 -0.6302
vn 0.1524 0.7719 0.6172
vn 0.3904 0.6681 -0.6335
vn -0.4686 -0.6262 0.6231
vn -0.9173 0.3841 0.1047
vn -0.8788 0.4771 0.0012
vn 0.9556 -0.2923 0.0381
vn 0.9619 -0.2706 0.0394
vn 0.9792 -0.2029 -0.0073
vn -0.8573 0.5134 0.0378
vn -0.8452 0.5328 0.0414
vn -0.7831 0.6218 -0.0112
vn 0.9851 -0.1717 -0.0069
vn 0.8750 -0.4820 -0.0450
vn 0.9175 -0.3976 0.0029
vn -0.9137 0.4059 0.0170
vn -0.9448 0.3244 -0.0449
vn 0.9187 -0.3950 -0.0003
vn 0.3462 0.9355 -0.0710
vn 0.1749 0.3911 0.9036
vn -0.4483 -0.8939 -0.0064
vn -0.4385 -0.8986 -0.0129
vn -0.4388 -0.8985 -0.0127
vn 0.2275 0.5918 -0.7733
vn 0.9851 -0.1721 0.0022
vn -0.6994 0.7147 0.0006
vn -0.7330 0.6357 0.2422
vn 0.9652 -0.1537 0.2115
vn 0.2839 0.6698 -0.6861
vn -0.6916 -0.7223 0.0055
vn -0.8979 0.4401 0.0083
vn 0.0328 0.9994 -0.0059
vn 0.0293 0.9996 -0.0026
vn 0.0328 0.9994 -0.0060
vn 0.9914 0.1308 0.0019
vn 0.5558 -0.8313 0.0046
vn -0.7176 -0.6964 -0.0096
vn -0.9094 0.4044 -0.0967
vn 0.0364 0.9993 -0.0094
vn 0.9930 0.1156 -0.0240
vn 0.5792 -0.8149 -0.0239
vn -0.6649 -0.7030 0.2525
vn -0.6479 0.2881 0.7051
vn 0.0768 0.9646 0.2524
vn 0.8353 0.1831 -0.5184
vn 0.4235 -0.7429 -0.5184
vn -0.3386 -0.7773 0.5302
vn 0.0043 -0.0019 1.0000
vn 0.3504 0.7720 0.5302
vn 0.1729 0.3790 -0.9091
vn -0.1657 -0.3822 -0.9091
vn 0.0277 -0.0435 -0.9987
vn 0.3368 0.3202 -0.8855
vn -0.4627 -0.8846 -0.0575
vn -0.4487 -0.8937 -0.0061
vn 0.3733 0.9276 -0.0127
vn 0.3736 0.9275 -0.0129
vn 0.3636 0.9315 -0.0064
vn 0.3632 0.9317 -0.0061
vn 0.2192 0.4928 0.8421
vn 0.2192 0.4928 -0.8421
vn -0.8504 -0.2865 0.4413
vn -0.8504 -0.2865 -0.4413
vn 0.3568 -0.8234 -0.4413
vn 0.6985 -0.4946 0.5173
vn 0.9878 0.1558 -0.0000
vn 0.9456 0.0609 -0.3197
vn 0.5455 0.8381 -0.0000
vn -0.9878 -0.1558 -0.0000
vn 0.8350 -0.1875 0.5172
vn 0.8350 -0.1875 -0.5172
vn -0.2374 -0.5339 0.8115
vn -0.2374 -0.5339 -0.8115
vn -0.5028 0.8644 -0.0000
vn -0.1684 0.1362 0.9763
vn 0.2139 -0.0338 0.9763
vn 0.4057 0.9123 -0.0549
vn -0.7935 0.6085 -0.0128
vn 0.9833 -0.1817 -0.0128
vn 0.1069 0.2403 0.9648
vn -0.7457 -0.6646 0.0475
vn 0.0059 -0.9989 0.0475
vn -0.4064 -0.9137 0.0038
vn 0.4064 0.9137 0.0038
vn -0.9129 0.4060 -0.0424
vn 0.9129 -0.4060 -0.0424
vn 0.3598 0.8091 0.4647
vn 0.3598 0.8090 0.4647
vn 0.7175 -0.3191 0.6192
vn -0.3598 -0.8091 0.4647
vn -0.3598 -0.8090 0.4647
vn -0.7175 0.3191 0.6192
vn 0.4057 0.9121 -0.0586
vn -0.4057 -0.9121 0.0586
vn -0.9787 -0.2053 -0.0000
vn 0.5030 -0.8643 -0.0000
vn 0.9212 0.3892 -0.0000
vn 0.3892 -0.9212 -0.0000
vn -0.9212 -0.3892 -0.0000
vn -0.9212 -0.3891 -0.0000
vn -0.3892 0.9212 -0.0000
vn 0.9212 0.3891 -0.0000
vn -0.9211 -0.3892 -0.0000
vn 0.6357 -0.7719 -0.0000
vn 0.7719 0.6357 -0.0000
vn -0.7719 -0.6358 -0.0000
vn -0.6357 0.7719 -0.0000
vn -0.2224 -0.9749 -0.0000
vn -0.8541 0.5201 -0.0000
vn -0.6033 -0.2549 0.7557
vn -0.6033 -0.2549 -0.7557
vn 0.8893 0.4528 -0.0638
vn 0.7463 -0.6656 0.0009
vn -0.9226 -0.3829 -0.0464
vn -0.9254 -0.3772 -0.0359
vn -0.9255 -0.3770 -0.0355
vn 0.2824 0.9587 -0.0327
vn 0.2247 0.0926 0.9700
vn 0.3400 0.1430 -0.9295
vn 0.3549 -0.1130 -0.9280
vn 0.3142 -0.0968 0.9444
vn 0.4030 0.9151 -0.0128
vn -0.8647 -0.3713 -0.3384
vn 0.0376 0.0069 -0.9993
vn 0.8512 0.3661 -0.3762
vn 0.8512 0.3662 -0.3761
vn 0.8513 0.3625 -0.3794
vn 0.4820 0.2016 0.8527
vn -0.4897 -0.2120 0.8457
vn -0.8584 -0.3525 -0.3727
vn -0.0376 0.0891 -0.9953
vn 0.8510 0.3698 -0.3728
vn 0.4597 0.2203 0.8603
vn -0.4783 -0.1762 0.8603
vn -0.7424 -0.5876 -0.3219
vn 0.2744 -0.6493 -0.7094
vn 0.9388 0.1227 -0.3219
vn 0.2650 0.6747 0.6888
vn -0.6685 0.2804 0.6888
vn -0.5747 -0.8183 0.0065
vn 0.3892 -0.9212 0.0047
vn 0.9874 -0.1584 0.0065
vn 0.0299 0.9995 0.0040
vn -0.7375 0.6753 0.0040
vn -0.4149 0.9088 0.0429
vn 0.0510 0.9828 0.1776
vn -0.9402 -0.3347 -0.0633
vn -0.9225 -0.3831 -0.0468
vn 0.9156 0.4006 -0.0359
vn 0.9177 0.3946 -0.0464
vn 0.9155 0.4007 -0.0355
vn 0.9177 0.3944 -0.0468
vn 0.9547 0.2976 -0.0000
vn -0.9547 -0.2976 -0.0000
vn -0.3877 -0.6429 0.6606
vn -0.6915 -0.2922 0.6607
vn -0.7312 0.1702 0.6606
vn -0.4915 0.5675 0.6606
vn -0.0642 0.7480 0.6606
vn 0.3877 0.6429 0.6606
vn 0.6915 0.2922 0.6606
vn 0.7312 -0.1702 0.6606
vn 0.4915 -0.5675 0.6606
vn 0.0642 -0.7480 0.6606
vn 0.3524 0.5843 0.7310
vn 0.6285 0.2656 0.7310
vn 0.6646 -0.1547 0.7310
vn 0.4468 -0.5158 0.7310
vn 0.0584 -0.6799 0.7310
vn -0.3524 -0.5843 0.7310
vn -0.6285 -0.2655 0.7311
vn -0.6646 0.1547 0.7310
vn -0.4468 0.5158 0.7310
vn -0.0584 0.6799 0.7310
vn -0.4510 -0.7479 0.4871
vn -0.8045 -0.3399 0.4871
vn -0.8506 0.1980 0.4871
vn -0.5718 0.6601 0.4871
vn -0.0747 0.8702 0.4870
vn 0.4510 0.7479 0.4871
vn 0.8045 0.3399 0.4871
vn 0.8506 -0.1980 0.4871
vn 0.5718 -0.6601 0.4871
vn 0.0747 -0.8702 0.4871
vn -0.2808 -0.4657 0.8392
vn 0.0465 -0.5419 0.8392
vn 0.3561 -0.4111 0.8392
vn 0.5297 -0.1233 0.8392
vn 0.5009 0.2116 0.8392
vn 0.2808 0.4657 0.8392
vn -0.0465 0.5419 0.8392
vn -0.3561 0.4111 0.8392
vn -0.5297 0.1233 0.8392
vn -0.5009 -0.2116 0.8392
vn -0.5105 -0.8465 0.1512
vn 0.0845 -0.9849 0.1512
vn 0.6472 -0.7472 0.1512
vn 0.9628 -0.2241 0.1512
vn 0.9106 0.3847 0.1512
vn 0.5105 0.8465 0.1512
vn -0.0845 0.9849 0.1512
vn -0.6472 0.7472 0.1512
vn -0.9628 0.2241 0.1512
vn -0.9106 -0.3847 0.1512
vn -0.3877 -0.6429 -0.6606
vn -0.6915 -0.2921 -0.6607
vn -0.7312 0.1702 -0.6606
vn -0.4915 0.5675 -0.6606
vn -0.0642 0.7480 -0.6606
vn 0.3877 0.6429 -0.6606
vn 0.6915 0.2922 -0.6606
vn 0.7312 -0.1702 -0.6606
vn 0.4915 -0.5675 -0.6606
vn 0.0642 -0.7480 -0.6606
vn 0.3524 0.5843 -0.7310
vn 0.6285 0.2655 -0.7310
vn 0.6646 -0.1547 -0.7310
vn 0.4468 -0.5158 -0.7310
vn 0.0584 -0.6799 -0.7310
vn -0.3524 -0.5843 -0.7310
vn -0.6285 -0.2655 -0.7311
vn -0.6646 0.1547 -0.7310
vn -0.4468 0.5158 -0.7310
vn -0.0584 0.6799 -0.7310
vn -0.4510 -0.7479 -0.4871
vn -0.8045 -0.3399 -0.4871
vn -0.8506 0.1980 -0.4871
vn -0.5718 0.6601 -0.4871
vn -0.0747 0.8702 -0.4871
vn 0.4510 0.7479 -0.4871
vn 0.8045 0.3399 -0.4872
vn 0.8506 -0.1980 -0.4871
vn 0.5718 -0.6601 -0.4871
vn 0.0747 -0.8702 -0.4871
vn -0.2808 -0.4657 -0.8392
vn 0.0465 -0.5419 -0.8392
vn 0.3561 -0.4111 -0.8392
vn 0.5297 -0.1233 -0.8392
vn 0.5009 0.2116 -0.8392
vn 0.2808 0.4657 -0.8392
vn -0.0465 0.5419 -0.8392
vn -0.3561 0.4111 -0.8392
vn -0.5297 0.1233 -0.8392
vn -0.5009 -0.2116 -0.8392
vn -0.5099 -0.8456 -0.1578
vn 0.0845 -0.9839 -0.1578
vn 0.6465 -0.7464 -0.1578
vn 0.9618 -0.2239 -0.1578
vn 0.9096 0.3843 -0.1578
vn 0.5099 0.8456 -0.1578
vn -0.0845 0.9839 -0.1578
vn -0.6465 0.7464 -0.1578
vn -0.9618 0.2238 -0.1578
vn -0.9096 -0.3843 -0.1578
vn -0.6915 -0.2921 0.6607
vn 0.6285 0.2655 0.7310
vn -0.0747 0.8702 0.4871
vn 0.8045 0.3399 0.4872
vn 0.8506 -0.1980 0.4872
vn -0.6915 -0.2922 -0.6607
vn 0.6285 0.2656 -0.7310
vn 0.8045 0.3399 -0.4871
vn 0.7917 -0.6109 -0.0000
vn 0.1138 0.9935 -0.0000
vn 0.5393 0.2278 0.8107
vn 0.5393 0.2278 -0.8107
vn -0.9502 -0.3117 -0.0000
vn 0.8150 0.2446 -0.5254
vn 0.3531 -0.8506 -0.3896
vn 0.0575 -0.9983 -0.0000
vn 0.3523 -0.8514 0.3886
vn 0.8149 0.2447 0.5254
vn 0.7719 0.6358 -0.0000
vn 0.7917 -0.6110 -0.0000
vn 0.6032 0.2549 0.7557
vn 0.6032 0.2549 -0.7557
vn 0.6357 -0.7720 -0.0000
vn -0.7720 -0.6356 -0.0000
vn 0.6033 0.2549 -0.7557
vn -0.1136 -0.9935 -0.0000
vn -0.7915 0.6111 -0.0000
vn -0.5391 -0.2278 0.8109
vn -0.5391 -0.2278 -0.8109
vn 0.2067 -0.0166 -0.9783
vn 0.2079 -0.0152 0.9780
vn 0.9588 0.2842 -0.0000
vn 0.4960 -0.8683 -0.0000
vn 0.9273 0.3679 -0.0696
vn -0.9195 -0.3931 -0.0000
vn 0.0101 0.0010 0.9999
vn 0.0115 0.0028 0.9999
vn 0.0114 0.0026 0.9999
vn 0.9273 0.3679 0.0696
vn 0.9966 0.0820 -0.0000
vn 0.6074 -0.7944 -0.0000
vn 0.0112 0.0027 -0.9999
vn 0.0114 0.0049 -0.9999
vn 0.0114 0.0045 -0.9999
vn 0.0113 0.0028 -0.9999
vn -0.0382 -0.0206 -0.9991
vn -0.8861 -0.3708 -0.2782
vn -0.0727 0.9779 -0.1962
vn 0.8839 0.3768 -0.2769
vn 0.0713 0.0283 -0.9971
vn 0.0224 -0.1033 -0.9944
vn -0.6055 0.7568 -0.2460
vn -0.8823 -0.2475 -0.4003
vn 0.8561 0.3772 -0.3533
vn -0.6067 0.7559 0.2461
vn 0.8561 0.3772 0.3533
vn -0.8823 -0.2474 0.4003
vn 0.0116 0.0044 0.9999
vn 0.0116 0.0050 0.9999
vn 0.0116 0.0047 0.9999
vn -0.8926 -0.3503 0.2837
vn -0.0714 0.9779 0.1962
vn 0.8699 0.4034 0.2840
vn 0.1950 0.0888 0.9768
vn -0.4002 0.9164 0.0054
vn -0.4003 0.9164 0.0053
vn -0.3997 0.9166 0.0066
vn -0.4269 0.9039 0.0266
vn -0.0618 0.9981 -0.0009
vn -0.9286 -0.3709 0.0049
vn 0.9114 0.4115 0.0055
vn -0.9458 -0.3249 -0.0002
vn -0.6546 0.7559 0.0021
vn -0.3530 0.9350 0.0330
vn 0.8973 0.4414 -0.0002
vn -0.3660 0.9306 0.0012
vn -0.3680 0.9296 -0.0210
vn -0.4031 0.9152 -0.0009
vn -0.4120 0.9111 -0.0138
vn -0.3900 0.9208 -0.0018
vn -0.3897 0.9210 -0.0018
vn -0.3897 0.9209 -0.0018
vn -0.3867 0.9222 -0.0001
vn -0.3880 0.9217 -0.0002
vn -0.4117 0.9112 -0.0172
vn -0.4116 0.9114 0.0010
vn -0.3866 0.9222 -0.0005
vn -0.3862 0.9224 -0.0000
vn -0.3873 0.9219 -0.0005
vn -0.3877 0.9218 -0.0000
vn -0.0386 -0.0209 0.9990
vn 0.0061 -0.0155 -0.9999
vn 0.0408 -0.0725 -0.9965
vn 0.2102 0.0439 -0.9767
vn 0.0187 -0.0442 -0.9988
vn 0.1262 0.0419 -0.9911
vn 0.1262 0.0419 0.9911
vn 0.0187 -0.0442 0.9988
vn 0.2102 0.0439 0.9767
vn 0.0408 -0.0725 0.9965
vn 0.9730 0.2310 -0.0000
vn 0.9949 0.1004 -0.0001
vn 0.9738 0.2274 -0.0000
vn 0.9949 0.1004 0.0001
vn 0.5968 -0.8024 -0.0000
vn 0.4441 0.1074 -0.8895
vn 0.1217 0.9926 -0.0000
vn 0.4441 0.1074 0.8895
vn -0.4410 -0.1189 -0.8896
vn -0.1194 0.5712 -0.8121
vn 0.7749 0.2960 -0.5586
vn 0.3716 -0.6357 -0.6766
vn 0.3682 -0.6208 0.6921
vn 0.7550 0.2859 0.5902
vn -0.1558 0.6163 0.7719
vn -0.3908 -0.1161 0.9131
vn -0.0640 0.9676 -0.2442
vn -0.0858 0.9963 0.0020
vn -0.0626 0.9677 0.2443
vn 0.4779 0.8177 0.3209
vn 0.4968 0.8679 0.0011
vn 0.4780 0.8177 -0.3209
vn -0.9091 0.2404 -0.3400
vn -0.9733 0.2297 0.0012
vn -0.9091 0.2405 0.3400
vn -0.6458 0.7379 0.1960
vn -0.6665 0.7455 -0.0007
vn -0.6450 0.7386 -0.1960
vn -0.9341 0.2454 -0.2594
vn -0.9675 0.2529 0.0013
vn -0.9302 0.2590 0.2603
vn 0.4591 0.8495 0.2601
vn 0.4912 0.8711 0.0012
vn 0.4755 0.8407 -0.2589
vn -0.3935 0.9192 -0.0164
vn 0.8978 0.4043 -0.1748
vn -0.9152 -0.3879 0.1090
vn 0.1156 -0.9625 -0.2454
vn -0.0885 0.9843 0.1528
vn -0.9174 -0.3576 -0.1746
vn -0.3847 0.9229 -0.0164
vn 0.9163 0.3854 0.1088
vn 0.6082 -0.7551 -0.2448
vn -0.6390 0.7539 0.1527
vn 0.9417 -0.2700 -0.2007
vn -0.9560 0.2667 0.1225
vn -0.4656 -0.8619 -0.2011
vn 0.4757 0.8710 0.1225
vn -0.6419 0.7582 0.1145
vn 0.6214 -0.7596 -0.1920
vn -0.8009 -0.3988 -0.4466
vn -0.3791 0.9251 -0.0228
vn 0.8800 0.4477 0.1586
vn -0.9496 -0.3056 0.0705
vn -0.3914 0.9202 -0.0073
vn 0.9406 0.3228 -0.1053
vn -0.1151 0.9829 0.1436
vn 0.1397 -0.9502 -0.2787
vn -0.4458 -0.8249 -0.3475
vn 0.4680 0.8715 0.1466
vn -0.9654 0.2474 0.0824
vn 0.9596 -0.2493 -0.1302
vn 0.8800 0.4477 -0.1586
vn -0.3813 0.9242 0.0202
vn -0.7941 -0.4074 0.4511
vn 0.6154 -0.7635 0.1959
vn -0.6430 0.7571 -0.1155
vn 0.9406 0.3222 0.1071
vn -0.3909 0.9204 0.0064
vn -0.9496 -0.3055 -0.0705
vn 0.1332 -0.9503 0.2815
vn -0.1138 0.9829 -0.1448
vn 0.4678 0.8714 -0.1475
vn -0.4374 -0.8283 0.3502
vn 0.9587 -0.2512 0.1332
vn -0.9654 0.2474 -0.0829
vn -0.3958 0.9182 0.0136
vn -0.9272 -0.3664 -0.0773
vn 0.9071 0.3926 0.1517
vn -0.0851 0.9907 -0.1060
vn 0.1074 -0.9709 0.2140
vn 0.9056 0.4171 -0.0775
vn -0.3824 0.9239 0.0136
vn -0.9093 -0.3874 0.1521
vn -0.6457 0.7562 -0.1060
vn 0.6118 -0.7613 0.2147
vn -0.9562 0.2802 -0.0852
vn 0.9469 -0.2699 0.1745
vn 0.4619 0.8828 -0.0852
vn -0.4600 -0.8708 0.1738
vn 0.0206 -0.1049 0.9943
vn 0.0731 0.0296 0.9969
vn 0.1265 0.0121 -0.9919
vn 0.1476 0.0196 -0.9889
vn 0.1929 0.0894 -0.9771
vn 0.1259 0.0122 0.9920
vn 0.1482 0.0176 0.9888
vn 0.2258 0.1076 0.9682
vn 0.2216 0.1011 -0.9699
vn -0.0956 0.0084 -0.9954
vn 0.0099 0.0010 -1.0000
vn 0.0062 -0.0158 0.9999
vn -0.0981 0.0073 0.9952
vn 0.0113 0.0051 -0.9999
vn 0.8893 0.4528 0.0638
vn 0.7463 -0.6656 -0.0009
vn -0.9226 -0.3829 0.0464
vn -0.9255 -0.3770 0.0355
vn -0.9254 -0.3772 0.0359
vn 0.2824 0.9588 0.0327
vn 0.2247 0.0926 -0.9700
vn 0.3400 0.1430 0.9295
vn 0.3549 -0.1130 0.9280
vn 0.3142 -0.0968 -0.9444
vn 0.4031 0.9151 0.0128
vn -0.8647 -0.3713 0.3384
vn 0.0376 0.0069 0.9993
vn 0.8512 0.3660 0.3762
vn 0.8513 0.3625 0.3794
vn 0.8512 0.3661 0.3761
vn 0.4820 0.2016 -0.8527
vn -0.4898 -0.2120 -0.8457
vn -0.8584 -0.3524 0.3727
vn -0.0377 0.0891 0.9953
vn 0.8510 0.3698 0.3728
vn 0.4597 0.2203 -0.8603
vn -0.4783 -0.1761 -0.8603
vn -0.7424 -0.5876 0.3219
vn 0.2744 -0.6494 0.7092
vn 0.9388 0.1226 0.3219
vn 0.2650 0.6747 -0.6888
vn -0.6685 0.2805 -0.6888
vn -0.5747 -0.8183 -0.0065
vn 0.3892 -0.9212 -0.0047
vn 0.9874 -0.1584 -0.0065
vn 0.0300 0.9995 -0.0040
vn -0.7375 0.6753 -0.0040
vn -0.4150 0.9088 -0.0429
vn 0.0510 0.9828 -0.1776
vn -0.9402 -0.3347 0.0633
vn -0.9225 -0.3831 0.0468
vn 0.9156 0.4006 0.0359
vn 0.9155 0.4007 0.0355
vn 0.9177 0.3946 0.0464
vn 0.9177 0.3944 0.0468
vn 0.8245 -0.5658 -0.0000
vn 0.1691 0.9856 -0.0000
vn 0.6032 0.2548 -0.7557
vn -0.6915 -0.2921 0.6606
vn 0.6915 0.2921 0.6607
vn 0.6285 0.2655 0.7311
vn -0.6285 -0.2656 0.7310
vn -0.8045 -0.3399 0.4872
vn 0.0747 -0.8701 0.4871
vn 0.5009 0.2117 0.8392
vn -0.5010 -0.2116 0.8392
vn 0.6915 0.2921 -0.6607
vn 0.6285 0.2655 -0.7311
vn -0.6285 -0.2655 -0.7310
vn -0.8045 -0.3399 -0.4872
vn 0.0747 -0.8701 -0.4871
vn 0.9618 -0.2238 -0.1578
vn -0.9618 0.2239 -0.1578
vn -0.6285 -0.2655 0.7310
vn -0.6915 -0.2921 -0.6606
vn 0.4315 -0.8775 0.2092
vn 0.4315 -0.8775 -0.2092
vn 0.8984 0.4392 -0.0000
vn 0.2101 0.1027 0.9723
vn 0.2101 0.1027 -0.9723
vn 0.6178 -0.7864 -0.0000
vn -0.8200 -0.3980 0.4113
vn -0.8200 -0.3980 -0.4113
vn -0.9197 -0.3927 -0.0000
vn 0.9227 0.3856 -0.0000
vn -0.0165 0.0390 0.9991
vn -0.0165 0.0391 -0.9991
vn 0.9965 -0.0835 -0.0000
vn 0.2410 -0.5703 -0.7853
vn -0.6348 -0.7727 -0.0000
vn 0.2410 -0.5703 0.7853
vn 0.8968 0.4425 -0.0000
vn -0.8968 -0.4425 -0.0000
vn 0.6032 0.2548 0.7558
vn -0.7915 0.6112 -0.0000
vt 0.883046 0.835609
vt 0.880237 0.835609
vt 0.880237 0.838673
vt 0.883046 0.838673
vt 0.800534 0.820666
vt 0.803343 0.820662
vt 0.803349 0.825138
vt 0.800540 0.825142
vt 0.044822 0.807083
vt 0.044826 0.811558
vt 0.041762 0.811561
vt 0.041758 0.807085
vt 0.881574 0.820563
vt 0.881580 0.825039
vt 0.802006 0.838673
vt 0.802006 0.835609
vt 0.884707 0.820559
vt 0.884713 0.825035
vt 0.798874 0.838673
vt 0.798874 0.835609
vt 0.880237 0.853351
vt 0.880237 0.850392
vt 0.802006 0.850392
vt 0.802006 0.853351
vt 0.883046 0.850392
vt 0.883046 0.853351
vt 0.030043 0.811571
vt 0.030039 0.807096
vt 0.027080 0.807098
vt 0.027084 0.811574
vt 0.798874 0.850392
vt 0.798874 0.853351
vt 0.028099 0.811571
vt 0.039818 0.811561
vt 0.039814 0.807085
vt 0.028095 0.807096
vt 0.802563 0.820663
vt 0.880794 0.820564
vt 0.880800 0.825040
vt 0.802569 0.825139
vt 0.800339 0.866425
vt 0.800286 0.861949
vt 0.881678 0.860986
vt 0.881731 0.865462
vt 0.881700 0.862488
vt 0.800306 0.863380
vt 0.800323 0.864923
vt 0.881717 0.864031
vt 0.800322 0.864923
vt 0.881701 0.862488
vt 0.881718 0.864031
vt 0.047978 0.771737
vt 0.047978 0.788609
vt 0.027673 0.788609
vt 0.027673 0.771737
vt 0.052145 0.792071
vt 0.023506 0.792071
vt 0.052145 0.768275
vt 0.023506 0.768275
vt 0.044250 0.623822
vt 0.027436 0.623805
vt 0.026962 0.632788
vt 0.026959 0.634981
vt 0.068048 0.628486
vt 0.065159 0.629290
vt 0.065146 0.641785
vt 0.068033 0.642871
vt 0.046233 0.696511
vt 0.041577 0.676083
vt 0.061419 0.681272
vt 0.061406 0.693130
vt 0.024619 0.622170
vt 0.024073 0.632512
vt 0.027413 0.645374
vt 0.024593 0.647003
vt 0.049626 0.646972
vt 0.049157 0.645348
vt 0.043977 0.622191
vt 0.024069 0.636668
vt 0.049505 0.664321
vt 0.048554 0.662171
vt 0.061407 0.662313
vt 0.061492 0.664316
vt 0.048558 0.659506
vt 0.063879 0.659786
vt 0.049489 0.657420
vt 0.064058 0.657879
vt 0.050304 0.654918
vt 0.061942 0.655245
vt 0.050242 0.666779
vt 0.061695 0.666764
vt 0.048715 0.664539
vt 0.047681 0.662328
vt 0.047664 0.659342
vt 0.048723 0.657165
vt 0.049456 0.654673
vt 0.049402 0.667026
vt 0.047575 0.664275
vt 0.046987 0.662313
vt 0.046968 0.659351
vt 0.047585 0.657399
vt 0.047979 0.654843
vt 0.047927 0.666836
vt 0.025055 0.663836
vt 0.025092 0.662016
vt 0.025143 0.659329
vt 0.025130 0.657508
vt 0.025091 0.654884
vt 0.024980 0.666458
vt 0.024070 0.635037
vt 0.025168 0.686673
vt 0.025170 0.684591
vt 0.025620 0.676067
vt 0.025598 0.696536
vt 0.292594 0.307524
vt 0.241031 0.305474
vt 0.241911 0.283334
vt 0.293475 0.285384
vt 0.291358 0.338608
vt 0.239795 0.336558
vt 0.239973 0.332086
vt 0.291536 0.334136
vt 0.240853 0.309946
vt 0.292416 0.311996
vt 0.236420 0.309334
vt 0.235539 0.331473
vt 0.296885 0.311738
vt 0.296004 0.333877
vt 0.192890 0.940098
vt 0.198739 0.934929
vt 0.200913 0.939192
vt 0.200092 0.943799
vt 0.189335 0.933290
vt 0.194330 0.932695
vt 0.184814 0.941079
vt 0.185644 0.936459
vt 0.191495 0.947439
vt 0.187094 0.945192
vt 0.196445 0.946906
vt 0.231771 0.970569
vt 0.224602 0.963754
vt 0.230287 0.940387
vt 0.238516 0.941477
vt 0.225105 0.917380
vt 0.233395 0.912078
vt 0.204682 0.905760
vt 0.207694 0.897689
vt 0.181356 0.905368
vt 0.180295 0.896926
vt 0.161127 0.916513
vt 0.153965 0.909690
vt 0.155431 0.939896
vt 0.147217 0.938786
vt 0.160737 0.962730
vt 0.152432 0.968052
vt 0.181149 0.974364
vt 0.178131 0.982444
vt 0.204424 0.974828
vt 0.205486 0.983270
vt 0.216872 0.956709
vt 0.221030 0.939618
vt 0.216269 0.923030
vt 0.201146 0.914384
vt 0.183413 0.914535
vt 0.168841 0.923582
vt 0.164641 0.940731
vt 0.169620 0.957013
vt 0.184702 0.965717
vt 0.202367 0.965661
vt 0.206945 0.948753
vt 0.209307 0.939018
vt 0.205684 0.930356
vt 0.197018 0.925224
vt 0.186778 0.925756
vt 0.178722 0.931602
vt 0.176132 0.941657
vt 0.180439 0.949361
vt 0.188877 0.954813
vt 0.199002 0.954440
vt 0.204362 0.946692
vt 0.206037 0.939052
vt 0.202864 0.932027
vt 0.195849 0.928095
vt 0.187654 0.928732
vt 0.181328 0.933631
vt 0.179557 0.941405
vt 0.183102 0.947909
vt 0.190022 0.951973
vt 0.198127 0.951463
vt 0.247498 0.942125
vt 0.241704 0.971225
vt 0.234075 0.980324
vt 0.206252 0.992503
vt 0.175765 0.991123
vt 0.149200 0.977508
vt 0.142652 0.967900
vt 0.138239 0.938132
vt 0.144032 0.909033
vt 0.151666 0.899928
vt 0.179528 0.887693
vt 0.210058 0.889013
vt 0.236627 0.902622
vt 0.243166 0.912242
vt 0.546120 0.940629
vt 0.553280 0.944309
vt 0.554096 0.939728
vt 0.551935 0.935490
vt 0.547551 0.933269
vt 0.542585 0.933861
vt 0.538916 0.937011
vt 0.538091 0.941604
vt 0.540357 0.945693
vt 0.544732 0.947928
vt 0.549654 0.947397
vt 0.584774 0.970922
vt 0.591480 0.942000
vt 0.583299 0.940916
vt 0.577647 0.964147
vt 0.586389 0.912773
vt 0.578147 0.918044
vt 0.560837 0.898467
vt 0.557843 0.906492
vt 0.533598 0.897708
vt 0.534653 0.906101
vt 0.507421 0.910398
vt 0.514542 0.917182
vt 0.500712 0.939325
vt 0.508879 0.940428
vt 0.505897 0.968420
vt 0.514154 0.963129
vt 0.531447 0.982729
vt 0.534447 0.974696
vt 0.558642 0.983550
vt 0.557587 0.975157
vt 0.574096 0.940152
vt 0.569962 0.957143
vt 0.569363 0.923660
vt 0.554327 0.915065
vt 0.536698 0.915215
vt 0.522210 0.924209
vt 0.518035 0.941258
vt 0.522985 0.957446
vt 0.537980 0.966099
vt 0.555541 0.966044
vt 0.562441 0.939556
vt 0.560093 0.949234
vt 0.558839 0.930944
vt 0.550223 0.925842
vt 0.540043 0.926371
vt 0.532034 0.932183
vt 0.529459 0.942178
vt 0.533741 0.949838
vt 0.542130 0.955258
vt 0.552196 0.954887
vt 0.559190 0.939589
vt 0.557525 0.947185
vt 0.556036 0.932605
vt 0.549061 0.928696
vt 0.540914 0.929330
vt 0.534624 0.934200
vt 0.532865 0.941928
vt 0.536389 0.948394
vt 0.543269 0.952435
vt 0.551326 0.951928
vt 0.594649 0.971574
vt 0.600410 0.942644
vt 0.559404 0.992729
vt 0.587064 0.980621
vt 0.529094 0.991357
vt 0.502684 0.977822
vt 0.491786 0.938674
vt 0.496175 0.968270
vt 0.497546 0.909745
vt 0.532836 0.888529
vt 0.505135 0.900693
vt 0.563188 0.889842
vt 0.589602 0.903372
vt 0.596103 0.912935
vt 0.071739 0.935526
vt 0.077588 0.930358
vt 0.079761 0.934620
vt 0.078941 0.939227
vt 0.068184 0.928718
vt 0.073178 0.928123
vt 0.063663 0.936507
vt 0.064493 0.931887
vt 0.070343 0.942868
vt 0.065943 0.940620
vt 0.075294 0.942334
vt 0.110619 0.965997
vt 0.103451 0.959182
vt 0.109136 0.935815
vt 0.117365 0.936905
vt 0.103953 0.912809
vt 0.112244 0.907507
vt 0.083531 0.901189
vt 0.086542 0.893118
vt 0.060205 0.900796
vt 0.059143 0.892354
vt 0.039976 0.911942
vt 0.032814 0.905118
vt 0.034280 0.935324
vt 0.026065 0.934214
vt 0.039586 0.958158
vt 0.031281 0.963480
vt 0.059998 0.969793
vt 0.056980 0.977873
vt 0.083273 0.970256
vt 0.084335 0.978698
vt 0.095720 0.952137
vt 0.099878 0.935047
vt 0.095118 0.918458
vt 0.079994 0.909812
vt 0.062262 0.909963
vt 0.047689 0.919010
vt 0.043490 0.936159
vt 0.048469 0.952442
vt 0.063551 0.961145
vt 0.081216 0.961090
vt 0.085793 0.944181
vt 0.088155 0.934447
vt 0.084532 0.925785
vt 0.075866 0.920653
vt 0.065627 0.921184
vt 0.057570 0.927031
vt 0.054980 0.937085
vt 0.059287 0.944789
vt 0.067725 0.950241
vt 0.077851 0.949868
vt 0.083211 0.942121
vt 0.084885 0.934480
vt 0.081713 0.927455
vt 0.074697 0.923524
vt 0.066502 0.924161
vt 0.060176 0.929059
vt 0.058406 0.936833
vt 0.061951 0.943337
vt 0.068871 0.947402
vt 0.076975 0.946892
vt 0.126347 0.937553
vt 0.120553 0.966653
vt 0.112923 0.975752
vt 0.085101 0.987931
vt 0.054613 0.986552
vt 0.028048 0.972937
vt 0.021501 0.963329
vt 0.017087 0.933560
vt 0.022881 0.904462
vt 0.030514 0.895357
vt 0.058377 0.883121
vt 0.088907 0.884441
vt 0.115476 0.898051
vt 0.122015 0.907670
vt 0.134662 0.830907
vt 0.141822 0.834586
vt 0.142638 0.830006
vt 0.140477 0.825768
vt 0.136093 0.823547
vt 0.131128 0.824139
vt 0.127458 0.827289
vt 0.126633 0.831882
vt 0.128900 0.835971
vt 0.133274 0.838206
vt 0.138196 0.837675
vt 0.173316 0.861200
vt 0.180022 0.832278
vt 0.171842 0.831194
vt 0.166189 0.854425
vt 0.174931 0.803050
vt 0.166689 0.808322
vt 0.149380 0.788745
vt 0.146385 0.796769
vt 0.122140 0.787986
vt 0.123195 0.796379
vt 0.095964 0.800675
vt 0.103084 0.807460
vt 0.089254 0.829603
vt 0.097421 0.830706
vt 0.094439 0.858698
vt 0.102696 0.853407
vt 0.119989 0.873007
vt 0.122989 0.864974
vt 0.147184 0.873828
vt 0.146129 0.865435
vt 0.162638 0.830430
vt 0.158504 0.847421
vt 0.157905 0.813938
vt 0.142870 0.805343
vt 0.125240 0.805492
vt 0.110752 0.814487
vt 0.106577 0.831536
vt 0.111528 0.847724
vt 0.126522 0.856377
vt 0.144084 0.856322
vt 0.150983 0.829834
vt 0.148635 0.839511
vt 0.147381 0.821222
vt 0.138765 0.816120
vt 0.128585 0.816649
vt 0.120576 0.822461
vt 0.118001 0.832456
vt 0.122283 0.840116
vt 0.130672 0.845536
vt 0.140738 0.845165
vt 0.147732 0.829867
vt 0.146067 0.837463
vt 0.144578 0.822883
vt 0.137604 0.818974
vt 0.129456 0.819608
vt 0.123167 0.824478
vt 0.121407 0.832206
vt 0.124931 0.838672
vt 0.131811 0.842713
vt 0.139868 0.842206
vt 0.183192 0.861852
vt 0.188952 0.832922
vt 0.147946 0.883007
vt 0.175607 0.870899
vt 0.117636 0.881635
vt 0.091226 0.868100
vt 0.080329 0.828952
vt 0.084717 0.858548
vt 0.086088 0.800023
vt 0.121378 0.778807
vt 0.093677 0.790971
vt 0.151730 0.780120
vt 0.178144 0.793649
vt 0.184646 0.803213
vt 0.045174 0.713870
vt 0.027799 0.713870
vt 0.027799 0.727449
vt 0.045174 0.727449
vt 0.024234 0.730235
vt 0.048739 0.730235
vt 0.024234 0.711084
vt 0.048739 0.711084
vt 0.967420 0.932113
vt 0.985543 0.955283
vt 0.962689 0.976004
vt 0.955939 0.951247
vt 0.698734 0.973488
vt 0.706311 0.947873
vt 0.695764 0.928565
vt 0.676576 0.951152
vt 0.973949 0.925910
vt 0.994408 0.951198
vt 0.994696 0.958691
vt 0.976504 0.974881
vt 0.950279 0.941795
vt 0.962917 0.924341
vt 0.954797 0.985985
vt 0.706583 0.983624
vt 0.712162 0.938734
vt 0.700597 0.920992
vt 0.684710 0.971386
vt 0.667209 0.953948
vt 0.668038 0.946407
vt 0.689772 0.921958
vt 0.800336 0.866425
vt 0.800284 0.861949
vt 0.881681 0.860986
vt 0.881734 0.865462
vt 0.800301 0.863380
vt 0.800318 0.864923
vt 0.800319 0.864923
vt 0.800302 0.863380
vt 0.881699 0.862488
vt 0.881716 0.864031
vt 0.800337 0.866425
vt 0.050285 0.742805
vt 0.029629 0.742805
vt 0.029629 0.756257
vt 0.050285 0.756257
vt 0.025391 0.759017
vt 0.054523 0.759017
vt 0.025391 0.740044
vt 0.054523 0.740044
vt 0.042635 0.715855
vt 0.042635 0.725464
vt 0.030339 0.725464
vt 0.030339 0.715855
vt 0.045158 0.727436
vt 0.027816 0.727436
vt 0.045158 0.713883
vt 0.027816 0.713883
vt 0.465388 0.635484
vt 0.485231 0.566420
vt 0.546227 0.557564
vt 0.547852 0.635212
vt 0.464205 0.372745
vt 0.545080 0.372431
vt 0.544306 0.450214
vt 0.484314 0.441836
vt 0.358985 0.250262
vt 0.359112 0.009237
vt 0.773915 0.009456
vt 0.773788 0.250481
vt 0.555011 0.361966
vt 0.554141 0.261052
vt 0.574692 0.260886
vt 0.575897 0.381228
vt 0.318973 0.225323
vt 0.319074 0.034135
vt 0.578829 0.746308
vt 0.558308 0.746381
vt 0.557734 0.645466
vt 0.578480 0.625868
vt 0.240813 0.209912
vt 0.240897 0.049463
vt 0.582376 0.506774
vt 0.555920 0.546273
vt 0.983869 0.009567
vt 0.983742 0.250592
vt 0.581125 0.500081
vt 0.847322 0.304173
vt 0.882395 0.313978
vt 0.554213 0.460875
vt 0.152400 0.215656
vt 0.153223 0.044270
vt 0.237434 0.051302
vt 0.236675 0.209434
vt 0.147538 0.042690
vt 0.147446 0.216587
vt 0.070690 0.206132
vt 0.070771 0.053064
vt 0.015612 0.202701
vt 0.015688 0.056436
vt 0.142196 0.385472
vt 0.136298 0.389165
vt 0.127781 0.375649
vt 0.135012 0.372301
vt 0.122415 0.308782
vt 0.116499 0.308770
vt 0.118488 0.274069
vt 0.125518 0.276450
vt 0.133984 0.245794
vt 0.126571 0.242609
vt 0.134800 0.228893
vt 0.140780 0.232424
vt 0.851113 0.700717
vt 0.829513 0.728044
vt 0.942731 0.727465
vt 0.920961 0.700282
vt 0.992644 0.504831
vt 0.994683 0.715234
vt 0.155026 0.380326
vt 0.148815 0.367348
vt 0.165683 0.361024
vt 0.171380 0.372954
vt 0.155634 0.308558
vt 0.137897 0.308671
vt 0.140229 0.279205
vt 0.157678 0.282905
vt 0.165283 0.256221
vt 0.148016 0.250402
vt 0.153683 0.237215
vt 0.170388 0.243949
vt 0.065849 0.305749
vt 0.072944 0.306280
vt 0.072592 0.337879
vt 0.064653 0.338687
vt 0.086534 0.245507
vt 0.079706 0.242450
vt 0.088419 0.229400
vt 0.093329 0.232931
vt 0.068705 0.370237
vt 0.076339 0.368503
vt 0.079536 0.382659
vt 0.072958 0.385453
vt 0.516831 0.702026
vt 0.538337 0.729391
vt 0.539061 0.747445
vt 0.093265 0.336516
vt 0.089914 0.307358
vt 0.099369 0.308065
vt 0.102362 0.335434
vt 0.102061 0.379475
vt 0.097946 0.365726
vt 0.107051 0.363742
vt 0.111490 0.377092
vt 0.106329 0.253303
vt 0.096841 0.249182
vt 0.101198 0.236262
vt 0.110663 0.240859
vt 0.018829 0.369851
vt 0.026666 0.367706
vt 0.031094 0.381384
vt 0.024899 0.384304
vt 0.023748 0.305432
vt 0.016234 0.304656
vt 0.019373 0.272394
vt 0.027768 0.274253
vt 0.034480 0.244210
vt 0.026211 0.241525
vt 0.031671 0.226837
vt 0.038821 0.230199
vt 0.050476 0.307734
vt 0.040844 0.306916
vt 0.048267 0.278089
vt 0.057368 0.280338
vt 0.039421 0.379584
vt 0.037526 0.366024
vt 0.047713 0.363708
vt 0.049639 0.376792
vt 0.065198 0.252019
vt 0.056122 0.249109
vt 0.061541 0.235445
vt 0.070995 0.238728
vt 0.194154 0.231131
vt 0.200718 0.233380
vt 0.197671 0.247208
vt 0.189190 0.245326
vt 0.184518 0.310828
vt 0.192604 0.310969
vt 0.193697 0.343018
vt 0.184917 0.344267
vt 0.188578 0.376162
vt 0.196977 0.374296
vt 0.199860 0.388217
vt 0.193230 0.390450
vt 0.824906 0.257965
vt 0.824904 0.276437
vt 0.232300 0.251895
vt 0.218857 0.249617
vt 0.221095 0.235630
vt 0.234831 0.238247
vt 0.215687 0.341465
vt 0.215021 0.311085
vt 0.228613 0.311147
vt 0.229287 0.340064
vt 0.220347 0.386204
vt 0.218255 0.372129
vt 0.231755 0.369963
vt 0.234144 0.383691
vt 0.425728 0.276425
vt 0.447266 0.304982
vt 0.374138 0.341591
vt 0.373559 0.285162
vt 0.435490 0.489230
vt 0.412972 0.497699
vt 0.422879 0.502152
vt 0.428158 0.500102
vt 0.268938 0.655017
vt 0.251745 0.659556
vt 0.258081 0.661789
vt 0.263927 0.660976
vt 0.302705 0.437850
vt 0.393112 0.519640
vt 0.402915 0.508809
vt 0.312551 0.426973
vt 0.282054 0.460666
vt 0.372965 0.541899
vt 0.378137 0.536185
vt 0.287457 0.454697
vt 0.317872 0.421095
vt 0.407944 0.503254
vt 0.323192 0.415216
vt 0.212201 0.693698
vt 0.147492 0.635094
vt 0.143111 0.641188
vt 0.206567 0.698667
vt 0.229201 0.678987
vt 0.160427 0.616737
vt 0.151872 0.629001
vt 0.217836 0.688729
vt 0.201805 0.713136
vt 0.207567 0.709567
vt 0.208764 0.703885
vt 0.177504 0.592401
vt 0.173243 0.598437
vt 0.246156 0.664401
vt 0.129173 0.647394
vt 0.137707 0.639522
vt 0.131758 0.641739
vt 0.119216 0.663266
vt 0.187000 0.724620
vt 0.328921 0.392438
vt 0.319074 0.400507
vt 0.319136 0.408027
vt 0.444267 0.479533
vt 0.337532 0.382924
vt 0.274498 0.457344
vt 0.378367 0.551331
vt 0.267008 0.458029
vt 0.376849 0.556789
vt 0.180335 0.574820
vt 0.175303 0.579971
vt 0.174655 0.586325
vt 0.171271 0.566615
vt 0.278002 0.663221
vt 0.938903 0.275448
vt 0.990574 0.286943
vt 0.991025 0.497182
vt 0.916643 0.303381
vt 0.886319 0.690369
vt 0.452855 0.646673
vt 0.476481 0.556219
vt 0.480109 0.561186
vt 0.459439 0.640334
vt 0.550294 0.552636
vt 0.551886 0.639306
vt 0.450903 0.361400
vt 0.549262 0.368142
vt 0.457485 0.367676
vt 0.548541 0.454579
vt 0.475016 0.451536
vt 0.478603 0.446559
vt 0.130227 0.213581
vt 0.131031 0.046206
vt 0.138560 0.055198
vt 0.137843 0.204662
vt 0.130088 0.177943
vt 0.128493 0.071435
vt 0.139098 0.079690
vt 0.139924 0.168169
vt 0.258400 0.048423
vt 0.257612 0.212451
vt 0.249364 0.203635
vt 0.250068 0.057160
vt 0.260441 0.082782
vt 0.259220 0.189295
vt 0.249350 0.179556
vt 0.249865 0.091074
vt 0.143208 0.057472
vt 0.142512 0.202433
vt 0.144813 0.080530
vt 0.145176 0.165033
vt 0.244677 0.201406
vt 0.245360 0.059343
vt 0.244087 0.176438
vt 0.244152 0.091934
vt 0.069674 0.273070
vt 0.077276 0.275195
vt 0.089978 0.278145
vt 0.099713 0.280820
vt 0.240567 0.669246
vt 0.168981 0.604474
vt 0.036006 0.336123
vt 0.046149 0.335182
vt 0.022878 0.336831
vt 0.014767 0.337652
vt 0.185007 0.276899
vt 0.194025 0.278282
vt 0.215978 0.280046
vt 0.229534 0.281588
vt 0.292859 0.448728
vt 0.383308 0.530471
vt 0.140656 0.338716
vt 0.158069 0.334781
vt 0.125972 0.341718
vt 0.119148 0.344182
vt 0.164920 0.256422
vt 0.148796 0.398870
vt 0.140222 0.399179
vt 0.127267 0.395263
vt 0.117878 0.379800
vt 0.105512 0.308861
vt 0.107707 0.272574
vt 0.116582 0.238650
vt 0.125655 0.222981
vt 0.138446 0.218777
vt 0.147023 0.218849
vt 0.108398 0.345875
vt 0.050191 0.339181
vt 0.055172 0.304895
vt 0.075358 0.240477
vt 0.085991 0.227490
vt 0.088510 0.226322
vt 0.097049 0.225139
vt 0.087331 0.404307
vt 0.078453 0.402839
vt 0.056074 0.390368
vt 0.053245 0.373149
vt 0.063048 0.271833
vt 0.033257 0.389712
vt 0.024359 0.387382
vt 0.022215 0.385721
vt 0.014192 0.370987
vt 0.005695 0.303861
vt 0.005431 0.270326
vt 0.011361 0.237387
vt 0.015709 0.220643
vt 0.037082 0.209970
vt 0.046617 0.208959
vt 0.008046 0.337674
vt 0.196076 0.220181
vt 0.205421 0.215334
vt 0.178011 0.242939
vt 0.183504 0.227122
vt 0.172921 0.344813
vt 0.172298 0.310801
vt 0.204510 0.406445
vt 0.195113 0.401520
vt 0.182440 0.394272
vt 0.177297 0.378375
vt 0.173064 0.276227
vt 0.534721 0.277078
vt 0.537098 0.258617
vt 0.513879 0.306602
vt 0.483409 0.693059
vt 0.450076 0.702776
vt 0.377993 0.666281
vt 0.377640 0.721419
vt 0.429482 0.730445
vt 0.481400 0.315274
vt 0.406389 0.258440
vt 0.423923 0.257769
vt 0.409832 0.747444
vt 0.427864 0.748369
vt 0.970371 0.744833
vt 0.942322 0.745338
vt 0.965923 0.257676
vt 0.938821 0.257119
vt 0.829990 0.745821
vt 0.044251 0.623822
vt 0.068049 0.628486
vt 0.061408 0.662313
vt 0.025092 0.662015
vt 0.045283 0.774660
vt 0.030368 0.774660
vt 0.030368 0.785686
vt 0.045283 0.785686
vt 0.027307 0.787948
vt 0.048344 0.787948
vt 0.027307 0.772398
vt 0.048344 0.772398
vt 0.311756 0.940098
vt 0.317605 0.934929
vt 0.319779 0.939192
vt 0.318958 0.943799
vt 0.308201 0.933290
vt 0.313195 0.932695
vt 0.303680 0.941079
vt 0.304510 0.936459
vt 0.310360 0.947439
vt 0.305960 0.945192
vt 0.315311 0.946906
vt 0.350636 0.970569
vt 0.343468 0.963754
vt 0.349153 0.940387
vt 0.357382 0.941477
vt 0.343970 0.917380
vt 0.352261 0.912078
vt 0.323548 0.905760
vt 0.326560 0.897689
vt 0.300222 0.905368
vt 0.299160 0.896926
vt 0.279993 0.916513
vt 0.272831 0.909690
vt 0.274297 0.939896
vt 0.266082 0.938786
vt 0.279603 0.962730
vt 0.271298 0.968052
vt 0.300015 0.974364
vt 0.296997 0.982444
vt 0.323290 0.974828
vt 0.324352 0.983270
vt 0.335738 0.956709
vt 0.339895 0.939618
vt 0.335135 0.923030
vt 0.320012 0.914384
vt 0.302279 0.914535
vt 0.287706 0.923582
vt 0.283507 0.940731
vt 0.288486 0.957013
vt 0.303568 0.965717
vt 0.321233 0.965661
vt 0.325810 0.948753
vt 0.328172 0.939018
vt 0.324549 0.930356
vt 0.315883 0.925224
vt 0.305644 0.925756
vt 0.297587 0.931602
vt 0.294997 0.941657
vt 0.299304 0.949361
vt 0.307742 0.954813
vt 0.317868 0.954440
vt 0.323228 0.946692
vt 0.324902 0.939052
vt 0.321730 0.932027
vt 0.314715 0.928095
vt 0.306519 0.928732
vt 0.300193 0.933631
vt 0.298423 0.941405
vt 0.301968 0.947909
vt 0.308888 0.951973
vt 0.316992 0.951463
vt 0.366364 0.942125
vt 0.360570 0.971225
vt 0.352940 0.980324
vt 0.325118 0.992503
vt 0.294631 0.991123
vt 0.268066 0.977508
vt 0.261518 0.967900
vt 0.257104 0.938132
vt 0.262898 0.909033
vt 0.270531 0.899928
vt 0.298394 0.887693
vt 0.328924 0.889013
vt 0.355493 0.902622
vt 0.362032 0.912242
vt 0.258099 0.828621
vt 0.265259 0.832301
vt 0.266075 0.827720
vt 0.263914 0.823482
vt 0.259530 0.821261
vt 0.254565 0.821853
vt 0.250896 0.825003
vt 0.250070 0.829596
vt 0.252337 0.833686
vt 0.256712 0.835920
vt 0.261634 0.835389
vt 0.296754 0.858914
vt 0.303460 0.829992
vt 0.295279 0.828908
vt 0.289627 0.852139
vt 0.298369 0.800765
vt 0.290126 0.806036
vt 0.272817 0.786459
vt 0.269823 0.794483
vt 0.245577 0.785700
vt 0.246633 0.794093
vt 0.219401 0.798390
vt 0.226521 0.805174
vt 0.212692 0.827317
vt 0.220858 0.828420
vt 0.217877 0.856412
vt 0.226133 0.851121
vt 0.243426 0.870721
vt 0.246426 0.862688
vt 0.270622 0.871542
vt 0.269566 0.863149
vt 0.286075 0.828144
vt 0.281941 0.845135
vt 0.281342 0.811652
vt 0.266307 0.803057
vt 0.248678 0.803207
vt 0.234190 0.812201
vt 0.230015 0.829250
vt 0.234965 0.845438
vt 0.249959 0.854091
vt 0.267521 0.854036
vt 0.274420 0.827548
vt 0.272072 0.837226
vt 0.270818 0.818936
vt 0.262203 0.813834
vt 0.252023 0.814363
vt 0.244013 0.820175
vt 0.241438 0.830171
vt 0.245720 0.837830
vt 0.254109 0.843250
vt 0.264176 0.842879
vt 0.271169 0.827581
vt 0.269504 0.835177
vt 0.268015 0.820597
vt 0.261041 0.816688
vt 0.252893 0.817322
vt 0.246604 0.822192
vt 0.244844 0.829920
vt 0.248368 0.836386
vt 0.255248 0.840427
vt 0.263305 0.839920
vt 0.306629 0.859566
vt 0.312390 0.830636
vt 0.271384 0.880721
vt 0.299044 0.868613
vt 0.241074 0.879349
vt 0.214663 0.865814
vt 0.203766 0.826666
vt 0.208154 0.856262
vt 0.209526 0.797737
vt 0.244815 0.776521
vt 0.217115 0.788685
vt 0.275167 0.777834
vt 0.301582 0.791364
vt 0.308083 0.800927
vt 0.428336 0.940098
vt 0.434185 0.934929
vt 0.436358 0.939192
vt 0.435537 0.943799
vt 0.424781 0.933290
vt 0.429775 0.932695
vt 0.420260 0.941079
vt 0.421090 0.936459
vt 0.426940 0.947439
vt 0.422539 0.945192
vt 0.431891 0.946906
vt 0.467216 0.970569
vt 0.460048 0.963754
vt 0.465733 0.940387
vt 0.473962 0.941477
vt 0.460550 0.917380
vt 0.468841 0.912078
vt 0.440128 0.905760
vt 0.443139 0.897689
vt 0.416802 0.905368
vt 0.415740 0.896926
vt 0.396573 0.916513
vt 0.389411 0.909690
vt 0.390877 0.939896
vt 0.382662 0.938786
vt 0.396183 0.962730
vt 0.387877 0.968052
vt 0.416594 0.974364
vt 0.413576 0.982444
vt 0.439870 0.974828
vt 0.440931 0.983270
vt 0.452317 0.956709
vt 0.456475 0.939618
vt 0.451715 0.923030
vt 0.436591 0.914384
vt 0.418859 0.914535
vt 0.404286 0.923582
vt 0.400087 0.940731
vt 0.405066 0.957013
vt 0.420148 0.965717
vt 0.437812 0.965661
vt 0.442390 0.948753
vt 0.444752 0.939018
vt 0.441129 0.930356
vt 0.432463 0.925224
vt 0.422223 0.925756
vt 0.414167 0.931602
vt 0.411577 0.941657
vt 0.415884 0.949361
vt 0.424322 0.954813
vt 0.434448 0.954440
vt 0.439807 0.946692
vt 0.441482 0.939052
vt 0.438310 0.932027
vt 0.431294 0.928095
vt 0.423099 0.928732
vt 0.416773 0.933631
vt 0.415003 0.941405
vt 0.418548 0.947909
vt 0.425468 0.951973
vt 0.433572 0.951463
vt 0.482944 0.942125
vt 0.477149 0.971225
vt 0.469520 0.980324
vt 0.441698 0.992503
vt 0.411210 0.991123
vt 0.384645 0.977508
vt 0.378098 0.967900
vt 0.373684 0.938132
vt 0.379477 0.909033
vt 0.387111 0.899928
vt 0.414974 0.887693
vt 0.445503 0.889013
vt 0.472072 0.902622
vt 0.478612 0.912242
vt 0.381537 0.828621
vt 0.388697 0.832301
vt 0.389513 0.827720
vt 0.387352 0.823482
vt 0.382968 0.821261
vt 0.378002 0.821853
vt 0.374333 0.825003
vt 0.373508 0.829596
vt 0.375774 0.833686
vt 0.380149 0.835920
vt 0.385071 0.835389
vt 0.420191 0.858914
vt 0.426897 0.829992
vt 0.418716 0.828908
vt 0.413064 0.852139
vt 0.421806 0.800765
vt 0.413564 0.806036
vt 0.396254 0.786459
vt 0.393260 0.794483
vt 0.369014 0.785700
vt 0.370070 0.794093
vt 0.342838 0.798390
vt 0.349959 0.805174
vt 0.336129 0.827317
vt 0.344296 0.828420
vt 0.341314 0.856412
vt 0.349571 0.851121
vt 0.366863 0.870721
vt 0.369864 0.862688
vt 0.394059 0.871542
vt 0.393004 0.863149
vt 0.409513 0.828144
vt 0.405379 0.845135
vt 0.404780 0.811652
vt 0.389744 0.803057
vt 0.372115 0.803207
vt 0.357627 0.812201
vt 0.353452 0.829250
vt 0.358402 0.845438
vt 0.373396 0.854091
vt 0.390958 0.854036
vt 0.397857 0.827548
vt 0.395509 0.837226
vt 0.394256 0.818936
vt 0.385640 0.813834
vt 0.375460 0.814363
vt 0.367451 0.820175
vt 0.364876 0.830171
vt 0.369158 0.837830
vt 0.377546 0.843250
vt 0.387613 0.842879
vt 0.394607 0.827581
vt 0.392942 0.835177
vt 0.391453 0.820597
vt 0.384478 0.816688
vt 0.376331 0.817322
vt 0.370041 0.822192
vt 0.368281 0.829920
vt 0.371806 0.836386
vt 0.378686 0.840427
vt 0.386742 0.839920
vt 0.430066 0.859566
vt 0.435827 0.830636
vt 0.394821 0.880721
vt 0.422481 0.868613
vt 0.364511 0.879349
vt 0.338101 0.865814
vt 0.327203 0.826666
vt 0.331591 0.856262
vt 0.332963 0.797737
vt 0.368253 0.776521
vt 0.340552 0.788685
vt 0.398605 0.777834
vt 0.425019 0.791364
vt 0.431520 0.800927
vt 0.023507 0.792071
vt 0.023507 0.768275
vt 0.957466 0.900608
vt 0.965610 0.908622
vt 0.939824 0.930098
vt 0.926010 0.924364
vt 0.722706 0.896997
vt 0.753266 0.922589
vt 0.739024 0.927511
vt 0.714159 0.904554
vt 0.759398 0.899527
vt 0.920621 0.902105
vt 0.942519 0.880014
vt 0.738563 0.876912
vt 0.764699 0.890107
vt 0.915634 0.892331
vt 0.915131 0.934299
vt 0.764073 0.932754
vt 0.951181 0.873255
vt 0.967744 0.895540
vt 0.935812 0.871014
vt 0.712728 0.891289
vt 0.730367 0.869711
vt 0.745617 0.868181
vt 0.032694 0.570849
vt 0.032732 0.531530
vt 0.056031 0.531567
vt 0.055989 0.570886
vt 0.075695 0.586030
vt 0.075788 0.532257
vt 0.081991 0.531896
vt 0.081896 0.585776
vt 0.127899 0.588374
vt 0.128593 0.533143
vt 0.085947 0.532608
vt 0.085254 0.587838
vt 0.006351 0.585643
vt 0.006446 0.531762
vt 0.012644 0.531481
vt 0.012552 0.585918
vt 0.023712 0.416320
vt 0.023700 0.410091
vt 0.065153 0.410165
vt 0.065119 0.416393
vt 0.023679 0.601899
vt 0.023713 0.596216
vt 0.064536 0.596283
vt 0.064549 0.601966
vt 0.032777 0.485983
vt 0.032819 0.440965
vt 0.056126 0.441002
vt 0.056081 0.486020
vt 0.082071 0.486207
vt 0.075873 0.485922
vt 0.075972 0.428593
vt 0.082172 0.428868
vt 0.086535 0.485774
vt 0.129181 0.486309
vt 0.129919 0.427532
vt 0.087273 0.426998
vt 0.012828 0.428481
vt 0.012729 0.485478
vt 0.006526 0.486074
vt 0.006627 0.428734
vt 0.021572 0.531646
vt 0.022651 0.486145
vt 0.021503 0.577602
vt 0.027514 0.586631
vt 0.061059 0.586663
vt 0.065408 0.577642
vt 0.065816 0.532019
vt 0.066570 0.486185
vt 0.066652 0.436909
vt 0.028056 0.425156
vt 0.060990 0.425187
vt 0.022726 0.436869
vt 0.248536 0.256075
vt 0.300126 0.257258
vt 0.299620 0.279342
vt 0.248030 0.278159
vt 0.249248 0.225042
vt 0.300838 0.226225
vt 0.300735 0.230699
vt 0.249145 0.229516
vt 0.300229 0.252783
vt 0.248639 0.251600
vt 0.304702 0.252624
vt 0.305208 0.230540
vt 0.244178 0.251236
vt 0.244684 0.229151
s 1
g off
usemtl blinn1SG
f 1/1/1 12/2/1 26/3/1 27/4/1
f 3/5/2 9/6/2 10/7/2 5/8/2
f 28/4/3 29/3/4 11/2/4 7/1/3
f 7/8/5 11/7/5 12/6/5 1/5/5
f 2/9/6 8/10/6 31/11/6 32/12/6
f 7/10/7 1/9/7 27/12/7 28/11/7
f 9/6/2 13/13/2 14/14/2 10/7/2
f 11/2/4 29/3/4 30/15/8 15/16/8
f 12/6/5 11/7/5 15/14/5 16/13/5
f 26/3/1 12/2/1 16/16/1 25/15/1
f 13/13/2 4/17/2 6/18/2 14/14/2
f 15/16/8 30/15/8 31/19/9 8/20/9
f 16/13/5 15/14/5 8/18/5 2/17/5
f 32/19/1 25/15/1 16/16/1 2/20/1
f 9/21/1 18/22/1 17/23/1 13/24/1
f 19/25/1 18/22/1 9/21/1 3/26/1
f 20/27/7 19/28/7 3/29/7 5/30/7
f 5/26/3 10/21/10 21/22/10 20/25/3
f 22/23/11 21/22/10 10/21/10 14/24/11
f 23/31/9 22/23/11 14/24/11 6/32/9
f 24/28/6 23/27/6 6/30/6 4/29/6
f 13/24/1 17/23/1 24/31/1 4/32/1
f 27/4/1 26/3/1 18/22/1 19/25/1
f 28/11/7 27/12/7 19/28/7 20/27/7
f 20/25/3 21/22/10 29/3/4 28/4/3
f 31/19/9 30/15/8 22/23/11 23/31/9
f 32/12/6 31/11/6 23/27/6 24/28/6
f 24/31/1 17/23/1 25/15/1 32/19/1
f 22/33/7 30/34/7 25/35/7 17/36/7
f 26/37/2 25/38/2 30/39/2 29/40/2
f 17/38/5 18/37/5 21/40/5 22/39/5
f 29/34/6 21/33/6 18/36/6 26/35/6
f 35/41/12 33/42/12 34/43/12 36/44/12
f 34/45/13 33/46/13 37/47/13 40/48/13
f 38/49/14 35/46/14 36/50/14 39/51/14
f 38/41/15 39/44/15 40/43/15 37/42/15
f 41/52/3 43/53/3 44/54/3 42/55/3
f 43/53/16 45/56/16 46/57/16 44/54/16
f 45/56/1 47/58/1 48/59/1 46/57/1
f 47/58/17 41/52/17 42/55/17 48/59/17
f 42/55/18 44/54/18 46/57/18 48/59/18
f 47/58/19 45/56/19 43/53/19 41/52/19
f 58/60/20 49/61/20 63/62/20 61/63/20
f 53/64/21 51/65/21 52/66/21 54/67/21
f 60/68/22 59/69/23 53/70/24 54/71/24
f 49/61/25 55/72/25 64/73/25 63/62/25
f 50/74/26 56/75/26 60/76/26 57/77/26
f 55/72/27 49/61/27 58/60/27 59/78/27
f 59/78/28 58/60/28 51/65/28 53/64/28
f 57/77/29 60/76/29 54/67/29 52/66/29
f 61/63/30 70/79/30 50/74/30
f 65/80/31 66/81/31 64/82/31 62/83/31
f 66/81/32 67/84/32 63/85/32 64/82/32
f 67/84/33 68/86/34 61/87/35 63/85/35
f 68/86/36 69/88/36 70/89/36 61/87/36
f 69/90/37 65/80/37 62/83/37 70/91/37
f 66/81/38 65/80/38 71/92/38 72/93/38
f 67/84/39 66/81/39 72/93/39 73/94/39
f 68/86/34 67/84/33 73/94/40 74/95/40
f 69/88/41 68/86/41 74/95/41 75/96/41
f 65/80/42 69/90/42 75/97/42 71/92/42
f 72/93/43 71/92/43 76/98/43 77/99/43
f 73/94/44 72/93/44 77/99/44 78/100/44
f 74/95/45 73/94/45 78/100/45 79/101/45
f 75/96/46 74/95/46 79/101/46 80/102/46
f 71/92/47 75/97/47 80/103/47 76/98/47
f 77/99/48 76/98/48 81/104/48 82/105/48
f 78/100/49 77/99/49 82/105/49 83/106/49
f 79/101/50 78/100/50 83/106/50 84/107/50
f 80/102/51 79/101/51 84/107/51 85/108/51
f 76/98/52 80/103/52 85/109/52 81/104/52
f 56/75/53 70/79/53 62/110/53
f 56/75/54 50/74/54 70/79/54
f 59/69/55 62/111/55 64/112/55 55/113/55
f 59/69/23 60/68/22 56/114/56 62/111/56
f 58/60/57 57/77/58 52/66/59 51/65/59
f 58/60/57 61/63/60 50/74/60 57/77/58
f 86/115/61 87/116/61 89/117/61 88/118/61
f 88/119/2 89/120/2 91/121/2 90/122/2
f 90/122/62 91/121/62 93/123/62 92/124/62
f 92/124/5 93/123/5 87/116/5 86/115/5
f 87/125/6 93/123/6 91/121/6 89/126/6
f 92/124/7 86/127/7 88/128/7 90/122/7
f 136/129/6 137/130/6 135/131/6 134/132/6
f 136/129/6 139/133/6 138/134/6 137/130/6
f 136/129/6 141/135/6 140/136/6 139/133/6
f 136/129/6 143/137/6 142/138/6 141/135/6
f 136/129/6 134/132/6 144/139/63 143/137/6
f 94/140/64 104/141/64 105/142/64 95/143/64
f 95/143/65 105/142/65 106/144/65 96/145/65
f 96/145/66 106/144/66 107/146/66 97/147/66
f 97/147/67 107/146/67 108/148/67 98/149/67
f 98/149/68 108/148/68 109/150/68 99/151/68
f 99/151/69 109/150/69 110/152/69 100/153/69
f 100/153/70 110/152/70 111/154/70 101/155/70
f 101/155/71 111/154/71 112/156/71 102/157/71
f 102/157/72 112/156/72 113/158/72 103/159/72
f 103/159/73 113/158/73 104/141/73 94/140/73
f 104/141/74 114/160/74 115/161/74 105/142/74
f 105/142/75 115/161/75 116/162/75 106/144/75
f 106/144/76 116/162/76 117/163/76 107/146/76
f 107/146/77 117/163/77 118/164/77 108/148/77
f 108/148/78 118/164/78 119/165/78 109/150/78
f 109/150/79 119/165/79 120/166/79 110/152/79
f 110/152/80 120/166/80 121/167/80 111/154/80
f 111/154/81 121/167/81 122/168/81 112/156/81
f 112/156/82 122/168/82 123/169/82 113/158/82
f 113/158/83 123/169/83 114/160/83 104/141/83
f 114/160/6 124/170/6 125/171/6 115/161/6
f 115/161/6 125/171/6 126/172/6 116/162/6
f 116/162/6 126/172/6 127/173/6 117/163/6
f 117/163/6 127/173/6 128/174/6 118/164/6
f 118/164/6 128/174/6 129/175/6 119/165/6
f 119/165/6 129/175/6 130/176/6 120/166/6
f 120/166/6 130/176/6 131/177/6 121/167/6
f 121/167/6 131/177/6 132/178/6 122/168/6
f 122/168/6 132/178/6 133/179/6 123/169/6
f 123/169/6 133/179/6 124/170/6 114/160/6
f 124/170/84 146/180/84 145/181/84 125/171/84
f 125/171/85 145/181/85 154/182/85 126/172/85
f 126/172/86 154/182/86 153/183/86 127/173/86
f 127/173/87 153/183/87 152/184/87 128/174/87
f 128/174/88 152/184/88 151/185/88 129/175/88
f 129/175/89 151/185/89 150/186/89 130/176/89
f 130/176/90 150/186/90 149/187/90 131/177/90
f 131/177/91 149/187/91 148/188/91 132/178/91
f 132/178/92 148/188/92 147/189/92 133/179/92
f 133/179/93 147/189/93 146/180/93 124/170/93
f 146/180/94 134/132/94 135/131/94 145/181/94
f 147/189/95 144/139/95 134/132/95 146/180/95
f 148/188/96 143/137/96 144/139/96 147/189/96
f 149/187/97 142/138/97 143/137/97 148/188/97
f 150/186/98 141/135/98 142/138/98 149/187/98
f 151/185/99 140/136/99 141/135/99 150/186/99
f 152/184/100 139/133/100 140/136/100 151/185/100
f 153/183/101 138/134/101 139/133/101 152/184/101
f 154/182/102 137/130/102 138/134/102 153/183/102
f 145/181/103 135/131/103 137/130/103 154/182/103
f 94/140/104 95/143/104 216/190/104 217/191/104
f 103/159/105 94/140/105 217/192/105 218/193/105
f 102/157/106 103/159/106 218/193/106 219/194/106
f 101/155/107 102/157/107 219/194/107 220/195/107
f 100/153/108 101/155/108 220/196/108 221/197/108
f 99/151/109 100/153/109 221/197/109 222/198/109
f 98/149/110 99/151/110 222/199/110 223/200/110
f 97/147/111 98/149/111 223/200/111 224/201/111
f 96/145/112 97/147/112 224/201/112 225/202/112
f 95/143/113 96/145/113 225/203/113 216/190/113
f 197/204/7 195/205/7 196/206/7 198/207/7
f 197/204/7 198/207/7 199/208/7 200/209/7
f 197/204/7 200/209/7 201/210/7 202/211/7
f 197/204/7 202/211/7 203/212/7 204/213/7
f 197/204/7 204/213/7 205/214/114 195/205/7
f 155/215/115 156/216/115 166/217/115 165/218/115
f 156/216/116 157/219/116 167/220/116 166/217/116
f 157/219/117 158/221/117 168/222/117 167/220/117
f 158/221/118 159/223/118 169/224/118 168/222/118
f 159/223/119 160/225/119 170/226/119 169/224/119
f 160/225/120 161/227/120 171/228/120 170/226/120
f 161/227/121 162/229/121 172/230/121 171/228/121
f 162/229/122 163/231/122 173/232/122 172/230/122
f 163/231/123 164/233/123 174/234/123 173/232/123
f 164/233/124 155/215/124 165/218/124 174/234/124
f 165/218/125 166/217/125 176/235/125 175/236/125
f 166/217/126 167/220/126 177/237/126 176/235/126
f 167/220/127 168/222/127 178/238/127 177/237/127
f 168/222/128 169/224/128 179/239/128 178/238/128
f 169/224/129 170/226/129 180/240/129 179/239/129
f 170/226/130 171/228/130 181/241/130 180/240/130
f 171/228/131 172/230/131 182/242/131 181/241/131
f 172/230/132 173/232/132 183/243/132 182/242/132
f 173/232/133 174/234/133 184/244/133 183/243/133
f 174/234/134 165/218/134 175/236/134 184/244/134
f 175/236/7 176/235/7 186/245/7 185/246/7
f 176/235/7 177/237/7 187/247/7 186/245/7
f 177/237/7 178/238/7 188/248/7 187/247/7
f 178/238/7 179/239/7 189/249/7 188/248/7
f 179/239/7 180/240/7 190/250/7 189/249/7
f 180/240/7 181/241/7 191/251/7 190/250/7
f 181/241/7 182/242/7 192/252/7 191/251/7
f 182/242/7 183/243/7 193/253/7 192/252/7
f 183/243/7 184/244/7 194/254/7 193/253/7
f 184/244/7 175/236/7 185/246/7 194/254/7
f 185/246/135 186/245/135 206/255/135 207/256/135
f 186/245/136 187/247/136 215/257/136 206/255/136
f 187/247/137 188/248/137 214/258/137 215/257/137
f 188/248/138 189/249/138 213/259/138 214/258/138
f 189/249/139 190/250/139 212/260/139 213/259/139
f 190/250/140 191/251/140 211/261/140 212/260/140
f 191/251/141 192/252/141 210/262/141 211/261/141
f 192/252/142 193/253/142 209/263/142 210/262/142
f 193/253/143 194/254/143 208/264/143 209/263/143
f 194/254/144 185/246/144 207/256/144 208/264/144
f 207/256/145 206/255/145 196/206/145 195/205/145
f 208/264/146 207/256/146 195/205/146 205/214/146
f 209/263/147 208/264/147 205/214/147 204/213/147
f 210/262/148 209/263/148 204/213/148 203/212/148
f 211/261/149 210/262/149 203/212/149 202/211/149
f 212/260/150 211/261/150 202/211/150 201/210/150
f 213/259/151 212/260/151 201/210/151 200/209/151
f 214/258/152 213/259/152 200/209/152 199/208/152
f 215/257/153 214/258/153 199/208/153 198/207/153
f 206/255/154 215/257/154 198/207/154 196/206/154
f 217/265/155 216/266/155 156/216/155 155/215/155
f 218/267/156 217/268/156 155/215/156 164/233/156
f 219/269/157 218/267/157 164/233/157 163/231/157
f 220/270/158 219/269/158 163/231/158 162/229/158
f 221/271/159 220/272/159 162/229/159 161/227/159
f 222/273/160 221/271/160 161/227/160 160/225/160
f 223/274/161 222/275/161 160/225/161 159/223/161
f 224/276/162 223/274/162 159/223/162 158/221/162
f 225/277/163 224/276/163 158/221/163 157/219/163
f 216/266/164 225/278/164 157/219/164 156/216/164
f 268/279/6 269/280/6 267/281/6 266/282/6
f 268/279/6 271/283/6 270/284/6 269/280/6
f 268/279/6 273/285/6 272/286/6 271/283/6
f 268/279/6 275/287/6 274/288/6 273/285/6
f 268/279/6 266/282/6 276/289/6 275/287/6
f 226/290/64 236/291/64 237/292/64 227/293/64
f 227/293/65 237/292/65 238/294/65 228/295/65
f 228/295/66 238/294/66 239/296/66 229/297/66
f 229/297/67 239/296/67 240/298/67 230/299/67
f 230/299/68 240/298/68 241/300/68 231/301/68
f 231/301/165 241/300/165 242/302/165 232/303/165
f 232/303/70 242/302/70 243/304/70 233/305/70
f 233/305/166 243/304/166 244/306/166 234/307/166
f 234/307/72 244/306/72 245/308/72 235/309/72
f 235/309/73 245/308/73 236/291/73 226/290/73
f 236/291/74 246/310/74 247/311/74 237/292/74
f 237/292/75 247/311/75 248/312/75 238/294/75
f 238/294/76 248/312/76 249/313/76 239/296/76
f 239/296/77 249/313/77 250/314/77 240/298/77
f 240/298/78 250/314/78 251/315/78 241/300/78
f 241/300/79 251/315/79 252/316/79 242/302/79
f 242/302/80 252/316/80 253/317/80 243/304/80
f 243/304/81 253/317/81 254/318/81 244/306/81
f 244/306/82 254/318/82 255/319/82 245/308/82
f 245/308/83 255/319/83 246/310/83 236/291/83
f 246/310/6 256/320/6 257/321/6 247/311/6
f 247/311/6 257/321/6 258/322/6 248/312/6
f 248/312/6 258/322/6 259/323/6 249/313/6
f 249/313/6 259/323/6 260/324/6 250/314/6
f 250/314/6 260/324/6 261/325/6 251/315/6
f 251/315/6 261/325/6 262/326/6 252/316/6
f 252/316/6 262/326/6 263/327/6 253/317/6
f 253/317/6 263/327/6 264/328/6 254/318/6
f 254/318/6 264/328/6 265/329/6 255/319/6
f 255/319/6 265/329/6 256/320/6 246/310/6
f 256/320/84 278/330/84 277/331/84 257/321/84
f 257/321/167 277/331/167 286/332/167 258/322/167
f 258/322/86 286/332/86 285/333/86 259/323/86
f 259/323/87 285/333/87 284/334/87 260/324/87
f 260/324/88 284/334/88 283/335/88 261/325/88
f 261/325/89 283/335/89 282/336/89 262/326/89
f 262/326/90 282/336/90 281/337/90 263/327/90
f 263/327/91 281/337/91 280/338/91 264/328/91
f 264/328/92 280/338/92 279/339/92 265/329/92
f 265/329/93 279/339/93 278/330/93 256/320/93
f 278/330/168 266/282/168 267/281/168 277/331/168
f 279/339/95 276/289/95 266/282/95 278/330/95
f 280/338/169 275/287/169 276/289/169 279/339/169
f 281/337/97 274/288/97 275/287/97 280/338/97
f 282/336/98 273/285/98 274/288/98 281/337/98
f 283/335/99 272/286/99 273/285/99 282/336/99
f 284/334/100 271/283/100 272/286/100 283/335/100
f 285/333/101 270/284/101 271/283/101 284/334/101
f 286/332/170 269/280/170 270/284/170 285/333/170
f 277/331/103 267/281/103 269/280/103 286/332/103
f 226/290/104 227/293/104 348/340/104 349/341/104
f 235/309/105 226/290/105 349/342/105 350/343/105
f 234/307/106 235/309/106 350/343/106 351/344/106
f 233/305/107 234/307/107 351/344/107 352/345/107
f 232/303/171 233/305/171 352/346/171 353/347/171
f 231/301/109 232/303/109 353/347/109 354/348/109
f 230/299/110 231/301/110 354/349/110 355/350/110
f 229/297/111 230/299/111 355/350/111 356/351/111
f 228/295/112 229/297/112 356/351/112 357/352/112
f 227/293/113 228/295/113 357/353/113 348/340/113
f 329/354/7 327/355/7 328/356/7 330/357/7
f 329/354/7 330/357/7 331/358/7 332/359/7
f 329/354/7 332/359/7 333/360/7 334/361/7
f 329/354/7 334/361/7 335/362/7 336/363/7
f 329/354/7 336/363/7 337/364/7 327/355/7
f 287/365/115 288/366/115 298/367/115 297/368/115
f 288/366/116 289/369/116 299/370/116 298/367/116
f 289/369/117 290/371/117 300/372/117 299/370/117
f 290/371/118 291/373/118 301/374/118 300/372/118
f 291/373/119 292/375/119 302/376/119 301/374/119
f 292/375/120 293/377/120 303/378/120 302/376/120
f 293/377/172 294/379/172 304/380/172 303/378/172
f 294/379/173 295/381/173 305/382/173 304/380/173
f 295/381/123 296/383/123 306/384/123 305/382/123
f 296/383/124 287/365/124 297/368/124 306/384/124
f 297/368/125 298/367/125 308/385/125 307/386/125
f 298/367/126 299/370/126 309/387/126 308/385/126
f 299/370/127 300/372/127 310/388/127 309/387/127
f 300/372/128 301/374/128 311/389/128 310/388/128
f 301/374/129 302/376/129 312/390/129 311/389/129
f 302/376/130 303/378/130 313/391/130 312/390/130
f 303/378/131 304/380/131 314/392/131 313/391/131
f 304/380/132 305/382/132 315/393/132 314/392/132
f 305/382/133 306/384/133 316/394/133 315/393/133
f 306/384/134 297/368/134 307/386/134 316/394/134
f 307/386/7 308/385/7 318/395/7 317/396/7
f 308/385/7 309/387/7 319/397/7 318/395/7
f 309/387/7 310/388/7 320/398/7 319/397/7
f 310/388/7 311/389/7 321/399/7 320/398/7
f 311/389/7 312/390/7 322/400/7 321/399/7
f 312/390/7 313/391/7 323/401/7 322/400/7
f 313/391/7 314/392/7 324/402/7 323/401/7
f 314/392/7 315/393/7 325/403/7 324/402/7
f 315/393/7 316/394/7 326/404/7 325/403/7
f 316/394/7 307/386/7 317/396/7 326/404/7
f 317/396/135 318/395/135 338/405/135 339/406/135
f 318/395/136 319/397/136 347/407/136 338/405/136
f 319/397/137 320/398/137 346/408/137 347/407/137
f 320/398/138 321/399/138 345/409/138 346/408/138
f 321/399/139 322/400/139 344/410/139 345/409/139
f 322/400/140 323/401/140 343/411/140 344/410/140
f 323/401/141 324/402/141 342/412/141 343/411/141
f 324/402/142 325/403/142 341/413/142 342/412/142
f 325/403/143 326/404/143 340/414/143 341/413/143
f 326/404/144 317/396/144 339/406/144 340/414/144
f 339/406/145 338/405/145 328/356/145 327/355/145
f 340/414/174 339/406/174 327/355/174 337/364/174
f 341/413/147 340/414/147 337/364/147 336/363/147
f 342/412/175 341/413/175 336/363/175 335/362/175
f 343/411/149 342/412/149 335/362/149 334/361/149
f 344/410/150 343/411/150 334/361/150 333/360/150
f 345/409/151 344/410/151 333/360/151 332/359/151
f 346/408/176 345/409/176 332/359/176 331/358/176
f 347/407/153 346/408/153 331/358/153 330/357/153
f 338/405/154 347/407/154 330/357/154 328/356/154
f 349/415/155 348/416/155 288/366/155 287/365/155
f 350/417/156 349/418/156 287/365/156 296/383/156
f 351/419/157 350/417/157 296/383/157 295/381/157
f 352/420/158 351/419/158 295/381/158 294/379/158
f 353/421/177 352/422/177 294/379/177 293/377/177
f 354/423/160 353/421/160 293/377/160 292/375/160
f 355/424/161 354/425/161 292/375/161 291/373/161
f 356/426/162 355/424/162 291/373/162 290/371/162
f 357/427/163 356/426/163 290/371/163 289/369/163
f 348/416/164 357/428/164 289/369/164 288/366/164
f 358/429/1 359/430/1 361/431/1 360/432/1
f 360/432/178 361/431/178 363/433/178 362/434/178
f 362/434/3 363/433/3 365/435/3 364/436/3
f 364/436/179 365/435/179 359/430/179 358/429/179
f 359/430/180 365/435/180 363/433/180 361/431/180
f 364/436/181 358/429/181 360/432/181 362/434/181
f 374/437/7 375/438/7 376/439/7 377/440/7
f 376/439/182 378/441/182 379/442/182 377/440/182
f 380/443/6 379/442/6 378/441/6 381/444/6
f 372/445/183 373/446/183 375/438/183 374/437/183
f 373/447/184 366/448/184 376/439/184 375/438/184
f 367/449/5 372/450/5 374/437/5 377/440/5
f 366/451/185 369/452/185 378/441/185 376/439/185
f 368/453/5 367/449/5 377/440/5 379/442/5
f 371/454/5 368/453/5 379/442/5 380/443/5
f 369/455/186 370/456/186 381/444/186 378/441/186
f 370/457/187 371/458/187 380/443/187 381/444/187
f 384/459/12 382/460/12 383/461/12 385/462/12
f 383/45/13 382/463/13 386/464/13 389/48/13
f 387/465/14 384/466/14 385/467/14 388/468/14
f 387/469/15 388/462/15 389/461/15 386/460/15
f 390/470/1 391/471/1 393/472/1 392/473/1
f 392/473/178 393/472/178 395/474/178 394/475/178
f 394/475/3 395/474/3 397/476/3 396/477/3
f 396/477/179 397/476/179 391/471/179 390/470/179
f 391/471/188 397/476/188 395/474/188 393/472/188
f 396/477/189 390/470/189 392/473/189 394/475/189
f 400/459/12 398/460/12 399/461/12 401/462/12
f 399/45/13 398/463/13 402/464/13 405/48/13
f 403/465/14 400/466/14 401/467/14 404/468/14
f 403/469/15 404/462/15 405/461/15 402/460/15
f 406/470/1 407/471/1 409/472/1 408/473/1
f 408/473/178 409/472/178 411/474/178 410/475/178
f 410/475/3 411/474/3 413/476/3 412/477/3
f 412/477/179 413/476/179 407/471/179 406/470/179
f 407/471/188 413/476/188 411/474/188 409/472/188
f 412/477/189 406/470/189 408/473/189 410/475/189
f 414/478/3 416/479/3 417/480/3 415/481/3
f 416/479/190 418/482/190 419/483/190 417/480/190
f 418/482/1 420/484/1 421/485/1 419/483/1
f 420/484/191 414/478/191 415/481/191 421/485/191
f 415/481/192 417/480/192 419/483/192 421/485/192
f 420/484/193 418/482/193 416/479/193 414/478/193
f 518/486/194 519/487/194 520/488/194 521/489/194
f 522/490/195 523/491/195 524/492/195 525/493/195
f 436/494/2 437/495/2 438/496/2 439/497/2
f 431/498/1 422/499/1 425/500/1 441/501/1
f 437/495/196 436/494/196 429/502/196 433/503/196
f 424/504/1 423/505/1 428/506/1 440/507/1
f 433/503/197 429/502/197 427/508/197 432/509/197
f 436/510/198 440/507/198 428/506/198 429/511/198
f 439/497/199 438/496/199 497/512/199 496/513/199
f 437/514/200 441/501/201 484/515/202 544/516/200
f 431/498/203 441/501/203 437/514/203 433/517/203
f 514/518/204 515/519/204 516/520/204 517/521/204
f 430/522/205 426/523/205 434/524/205 435/525/205
f 490/526/1 493/527/1 435/525/1 434/524/1
f 562/528/7 563/529/7 564/530/7 565/531/7
f 566/532/7 567/533/7 568/534/7 569/535/7
f 570/536/7 571/537/7 572/538/7 573/539/7
f 460/540/206 550/541/207 424/504/208 440/507/209
f 561/542/210 462/543/210 439/544/210 496/545/210
f 459/546/211 551/547/211 552/548/211 452/549/211
f 547/550/212 548/551/212 463/552/212 454/553/212
f 559/554/213 560/555/213 464/556/213 457/557/213
f 576/558/7 577/559/7 578/560/7 579/561/7
f 580/562/7 581/563/7 582/564/114 583/565/114
f 584/566/7 585/567/7 586/568/7 587/569/7
f 466/570/214 428/506/214 423/505/214 537/571/214
f 473/572/215 537/571/215 423/505/215
f 469/573/216 527/574/216 528/575/216 443/576/216
f 471/577/217 539/578/217 540/579/217 447/580/217
f 535/581/218 536/582/218 472/583/218 448/584/218
f 590/585/6 591/586/6 592/587/6 593/588/6
f 594/589/6 595/590/6 596/591/6 597/592/6
f 598/593/6 599/594/6 600/595/63 601/596/63
f 529/597/219 530/598/219 477/599/219 444/600/219
f 479/601/220 533/602/220 534/603/220 446/604/220
f 541/605/221 542/606/221 480/607/221 449/608/221
f 604/609/63 605/610/63 606/611/63 607/612/63
f 608/613/6 609/614/6 610/615/6 611/616/6
f 612/617/6 613/618/6 614/619/6 615/620/6
f 425/500/222 483/621/223 555/622/224
f 553/623/225 554/624/225 482/625/225 451/626/225
f 487/627/226 545/628/226 546/629/226 455/630/226
f 489/631/227 557/632/227 558/633/227 456/634/227
f 543/635/228 476/636/228 435/637/228 493/638/228
f 499/639/229 457/640/230 464/641/231 465/642/231
f 423/643/232 448/644/232 472/645/232 473/646/232
f 546/647/233 547/648/233 454/649/233 455/650/233
f 451/651/234 452/652/234 552/653/234 553/654/234
f 558/655/235 559/656/235 457/640/235 456/657/235
f 540/658/236 541/659/236 449/660/236 447/661/236
f 528/662/237 529/663/237 444/664/237 443/665/237
f 447/661/238 491/666/238 470/667/238 471/668/238
f 448/644/239 446/669/239 534/670/239 535/671/239
f 447/661/240 449/660/240 492/672/240 491/666/240
f 492/672/241 449/660/241 480/673/241 481/674/241
f 491/666/5 492/672/5 494/675/5 495/676/5
f 456/657/242 457/640/230 499/639/229 498/677/242
f 456/657/243 498/677/243 488/678/243 489/679/243
f 498/677/5 499/639/5 500/680/5 501/681/5
f 451/651/244 482/682/245 459/683/245 452/652/244
f 459/683/245 482/682/245 483/684/246 458/685/247
f 446/669/248 422/686/248 478/687/248 479/688/248
f 423/643/249 422/686/249 446/669/249 448/644/249
f 422/686/250 483/684/246 425/689/251
f 458/685/247 423/643/252 424/690/253
f 458/685/247 483/684/246 422/686/250 423/643/252
f 556/691/254 497/692/254 438/693/254 486/694/254
f 436/510/255 439/544/255 462/543/255 549/695/255
f 426/696/256 427/697/256 503/698/256 502/699/256
f 427/697/257 429/511/257 504/700/257 503/698/257
f 429/511/258 428/506/258 505/701/258 504/700/258
f 428/506/259 426/696/259 502/699/259 505/701/259
f 430/702/260 431/498/260 507/703/260 506/704/260
f 431/498/261 433/517/261 508/705/261 507/703/261
f 433/517/262 432/706/262 509/707/262 508/705/262
f 432/706/263 430/702/263 506/704/263 509/707/263
f 426/708/264 430/709/264 511/710/264 510/711/264
f 430/712/265 432/713/265 512/714/265 511/715/265
f 432/716/266 427/717/266 513/718/266 512/719/266
f 427/720/267 426/721/267 510/722/267 513/723/267
f 510/711/268 511/710/268 515/724/268 514/725/268
f 511/715/269 512/714/269 516/726/269 515/727/269
f 512/719/270 513/718/270 517/728/270 516/729/270
f 513/723/271 510/722/271 514/730/271 517/731/271
f 502/699/272 503/698/272 519/487/272 518/486/272
f 503/698/273 504/700/273 520/488/273 519/487/273
f 504/700/274 505/701/274 521/489/274 520/488/274
f 505/701/275 502/699/275 518/486/275 521/489/275
f 506/704/276 507/703/276 523/491/276 522/490/276
f 507/703/277 508/705/277 524/492/277 523/491/277
f 508/705/278 509/707/278 525/493/278 524/492/278
f 509/707/279 506/704/279 522/490/279 525/493/279
f 588/732/7 589/733/7 577/559/7 576/558/7
f 528/575/280 527/574/280 467/734/280 442/735/280
f 442/736/281 445/737/281 529/663/281 528/662/281
f 475/738/282 530/598/282 529/597/282 445/739/282
f 603/740/6 602/741/6 595/590/6 594/589/6
f 602/741/6 603/740/6 591/586/6 590/585/6
f 534/603/283 533/602/283 475/738/283 445/739/283
f 535/671/284 534/670/284 445/737/284 442/736/284
f 467/734/285 536/582/285 535/581/285 442/735/285
f 589/733/7 588/732/7 581/563/7 580/562/7
f 579/561/7 578/560/7 585/567/7 584/566/7
f 540/579/286 539/578/286 469/573/286 443/576/286
f 443/665/287 444/664/287 541/659/287 540/658/287
f 477/599/288 542/606/288 541/605/288 444/600/288
f 597/592/6 596/591/6 599/594/6 598/593/6
f 617/742/6 616/743/6 609/614/6 608/613/6
f 546/629/289 545/628/289 485/744/289 450/745/289
f 450/746/290 453/747/290 547/648/290 546/647/290
f 461/748/291 548/551/291 547/550/291 453/749/291
f 575/750/7 574/751/7 567/533/7 566/532/7
f 565/531/7 564/530/7 574/751/7 575/750/7
f 552/548/292 551/547/292 461/748/292 453/749/292
f 553/654/293 552/653/293 453/747/293 450/746/293
f 485/744/294 554/624/294 553/623/294 450/745/294
f 607/612/63 606/611/63 616/743/6 617/742/6
f 611/616/6 610/615/6 613/618/6 612/617/6
f 558/633/295 557/632/295 487/627/295 455/630/295
f 455/650/296 454/649/296 559/656/296 558/655/296
f 463/552/297 560/555/297 559/752/297 454/553/297
f 569/535/7 568/534/7 571/537/7 570/536/7
f 459/753/298 458/754/298 563/529/298 562/528/298
f 458/755/299 550/756/299 564/530/299 563/529/299
f 551/547/300 459/546/300 562/528/300 565/531/300
f 549/757/301 462/758/301 568/534/301 567/533/301
f 463/552/302 548/551/302 566/532/302 569/535/302
f 561/759/303 465/760/303 572/538/303 571/537/303
f 465/761/304 464/762/304 573/539/304 572/538/304
f 464/556/305 560/555/305 570/536/305 573/539/305
f 460/763/306 549/757/306 567/533/306 574/751/306
f 548/551/307 461/748/307 575/750/307 566/532/307
f 550/756/308 460/763/308 574/751/308 564/530/308
f 461/748/309 551/547/309 565/531/309 575/750/309
f 462/758/310 561/759/310 571/537/310 568/534/310
f 560/555/311 463/552/311 569/535/311 570/536/311
f 527/574/312 469/573/312 578/560/312 577/559/312
f 468/764/313 526/765/313 576/558/313 579/561/313
f 537/766/314 473/767/314 582/564/314 581/563/314
f 473/768/315 472/769/315 583/565/315 582/564/315
f 472/583/316 536/582/316 580/562/316 583/565/316
f 539/578/317 471/577/317 586/568/317 585/567/317
f 471/770/318 470/771/318 587/569/318 586/568/318
f 470/772/319 538/773/319 584/566/319 587/569/319
f 467/734/320 527/574/320 577/559/320 589/733/320
f 526/765/321 466/774/321 588/732/321 576/558/321
f 466/774/322 537/766/322 581/563/322 588/732/322
f 536/582/323 467/734/323 589/733/323 580/562/323
f 469/573/324 539/578/324 585/567/324 578/560/324
f 538/773/325 468/764/325 579/561/325 584/566/325
f 533/602/326 479/601/326 592/587/326 591/586/326
f 479/775/327 478/776/327 593/588/327 592/587/327
f 478/777/328 532/778/328 590/585/328 593/588/328
f 531/779/329 476/780/329 596/591/329 595/590/329
f 477/599/330 530/598/330 594/589/330 597/592/330
f 543/781/331 481/782/331 600/595/331 599/594/331
f 481/783/332 480/784/332 601/596/332 600/595/332
f 480/607/333 542/606/333 598/593/333 601/596/333
f 474/785/334 531/779/334 595/590/334 602/741/334
f 530/598/335 475/738/335 603/740/335 594/589/335
f 475/738/336 533/602/336 591/586/336 603/740/336
f 532/778/337 474/785/337 602/741/337 590/585/337
f 476/780/338 543/781/338 599/594/338 596/591/338
f 542/606/339 477/599/339 597/592/339 598/593/339
f 483/786/340 482/787/340 605/610/340 604/609/340
f 482/625/341 554/624/341 606/611/341 605/610/341
f 555/788/342 483/789/342 604/609/342 607/612/342
f 545/628/343 487/627/343 610/615/343 609/614/343
f 486/790/344 544/791/344 608/613/344 611/616/344
f 557/632/345 489/631/345 614/619/345 613/618/345
f 489/792/346 488/793/346 615/620/346 614/619/346
f 488/794/347 556/795/347 612/617/347 615/620/347
f 485/744/348 545/628/348 609/614/348 616/743/348
f 544/791/349 484/796/349 617/742/349 608/613/349
f 554/624/350 485/744/350 616/743/350 606/611/350
f 484/796/351 555/788/351 607/612/351 617/742/351
f 487/627/352 557/632/352 613/618/352 610/615/352
f 556/795/353 486/790/353 611/616/353 612/617/353
f 422/499/354 532/797/354 478/798/354
f 431/498/355 474/799/355 532/797/355 422/499/355
f 466/570/356 526/800/356 426/696/356 428/506/356
f 426/696/357 526/800/357 468/801/357 434/802/357
f 490/803/358 434/802/358 468/801/358 538/804/358
f 474/799/359 431/498/359 430/702/359 531/805/359
f 430/702/360 435/637/360 476/636/360 531/805/360
f 543/635/361 493/638/361 492/806/361 481/807/361
f 491/808/362 490/803/362 538/804/362 470/809/362
f 561/542/363 496/545/363 499/810/363 465/811/363
f 436/510/364 549/695/364 460/540/206 440/507/209
f 438/693/365 437/514/365 544/516/365 486/694/365
f 425/500/222 555/622/224 484/515/202 441/501/201
f 498/812/366 497/692/366 556/691/366 488/813/366
f 424/504/208 550/541/207 458/814/367
f 627/815/368 630/63/368 632/62/368 618/61/368
f 622/816/369 623/67/369 621/66/369 620/65/369
f 629/68/370 623/71/371 622/70/371 628/69/372
f 618/61/373 632/62/373 633/73/373 624/72/373
f 619/74/374 626/77/374 629/76/374 625/75/374
f 624/72/375 628/78/375 627/815/375 618/61/375
f 628/78/376 622/816/376 620/65/376 627/815/376
f 626/77/377 621/66/377 623/67/377 629/76/377
f 630/63/378 619/74/378 639/79/378
f 634/80/379 631/83/379 633/817/379 635/81/379
f 635/81/380 633/817/380 632/85/380 636/84/380
f 636/84/381 632/85/382 630/87/382 637/86/383
f 637/86/384 630/87/384 639/89/384 638/88/384
f 638/90/385 639/91/385 631/83/385 634/80/385
f 635/81/386 641/93/386 640/92/386 634/80/386
f 636/84/387 642/94/387 641/93/387 635/81/387
f 637/86/383 643/95/388 642/94/388 636/84/381
f 638/88/389 644/96/389 643/95/389 637/86/389
f 634/80/390 640/92/390 644/97/390 638/90/390
f 641/93/391 646/99/391 645/98/391 640/92/391
f 642/94/392 647/100/392 646/99/392 641/93/392
f 643/95/393 648/101/393 647/100/393 642/94/393
f 644/96/394 649/102/394 648/101/394 643/95/394
f 640/92/395 645/98/395 649/103/395 644/97/395
f 646/99/396 651/818/396 650/104/396 645/98/396
f 647/100/397 652/106/397 651/818/397 646/99/397
f 648/101/398 653/107/398 652/106/398 647/100/398
f 649/102/399 654/108/399 653/107/399 648/101/399
f 645/98/400 650/104/400 654/109/400 649/103/400
f 625/75/401 631/110/401 639/79/401
f 625/75/402 639/79/402 619/74/402
f 628/69/403 624/113/403 633/112/403 631/111/403
f 628/69/372 631/111/404 625/114/404 629/68/370
f 627/815/405 620/65/406 621/66/406 626/77/407
f 627/815/405 626/77/407 619/74/408 630/63/408
f 655/819/1 656/820/1 658/821/1 657/822/1
f 657/822/409 658/821/409 660/823/409 659/824/409
f 659/824/3 660/823/3 662/825/3 661/826/3
f 661/826/410 662/825/410 656/820/410 655/819/410
f 656/820/188 662/825/188 660/823/188 658/821/188
f 661/826/189 655/819/189 657/822/189 659/824/189
f 705/827/6 706/828/6 704/829/6 703/830/6
f 705/827/6 708/831/6 707/832/6 706/828/6
f 705/827/6 710/833/6 709/834/6 708/831/6
f 705/827/6 712/835/6 711/836/6 710/833/6
f 705/827/6 703/830/6 713/837/63 712/835/6
f 663/838/411 673/839/411 674/840/411 664/841/411
f 664/841/65 674/840/65 675/842/65 665/843/65
f 665/843/412 675/842/412 676/844/412 666/845/412
f 666/845/67 676/844/67 677/846/67 667/847/67
f 667/847/68 677/846/68 678/848/68 668/849/68
f 668/849/69 678/848/69 679/850/69 669/851/69
f 669/851/70 679/850/70 680/852/70 670/853/70
f 670/853/166 680/852/166 681/854/166 671/855/166
f 671/855/72 681/854/72 682/856/72 672/857/72
f 672/857/73 682/856/73 673/839/73 663/838/73
f 673/839/74 683/858/74 684/859/74 674/840/74
f 674/840/75 684/859/75 685/860/75 675/842/75
f 675/842/76 685/860/76 686/861/76 676/844/76
f 676/844/77 686/861/77 687/862/77 677/846/77
f 677/846/78 687/862/78 688/863/78 678/848/78
f 678/848/79 688/863/79 689/864/79 679/850/79
f 679/850/80 689/864/80 690/865/80 680/852/80
f 680/852/81 690/865/81 691/866/81 681/854/81
f 681/854/82 691/866/82 692/867/82 682/856/82
f 682/856/83 692/867/83 683/858/83 673/839/83
f 683/858/6 693/868/6 694/869/6 684/859/6
f 684/859/6 694/869/6 695/870/6 685/860/6
f 685/860/6 695/870/6 696/871/6 686/861/6
f 686/861/6 696/871/6 697/872/6 687/862/6
f 687/862/6 697/872/6 698/873/6 688/863/6
f 688/863/6 698/873/6 699/874/6 689/864/6
f 689/864/6 699/874/6 700/875/6 690/865/6
f 690/865/6 700/875/6 701/876/6 691/866/6
f 691/866/6 701/876/6 702/877/6 692/867/6
f 692/867/6 702/877/6 693/868/6 683/858/6
f 693/868/84 715/878/84 714/879/84 694/869/84
f 694/869/167 714/879/167 723/880/167 695/870/167
f 695/870/86 723/880/86 722/881/86 696/871/86
f 696/871/87 722/881/87 721/882/87 697/872/87
f 697/872/88 721/882/88 720/883/88 698/873/88
f 698/873/89 720/883/89 719/884/89 699/874/89
f 699/874/90 719/884/90 718/885/90 700/875/90
f 700/875/91 718/885/91 717/886/91 701/876/91
f 701/876/92 717/886/92 716/887/92 702/877/92
f 702/877/93 716/887/93 715/878/93 693/868/93
f 715/878/168 703/830/168 704/829/168 714/879/168
f 716/887/95 713/837/95 703/830/95 715/878/95
f 717/886/169 712/835/169 713/837/169 716/887/169
f 718/885/97 711/836/97 712/835/97 717/886/97
f 719/884/98 710/833/98 711/836/98 718/885/98
f 720/883/99 709/834/99 710/833/99 719/884/99
f 721/882/100 708/831/100 709/834/100 720/883/100
f 722/881/101 707/832/101 708/831/101 721/882/101
f 723/880/170 706/828/170 707/832/170 722/881/170
f 714/879/103 704/829/103 706/828/103 723/880/103
f 663/838/104 664/841/104 785/888/104 786/889/104
f 672/857/105 663/838/105 786/890/105 787/891/105
f 671/855/106 672/857/106 787/891/106 788/892/106
f 670/853/107 671/855/107 788/892/107 789/893/107
f 669/851/171 670/853/171 789/894/171 790/895/171
f 668/849/109 669/851/109 790/895/109 791/896/109
f 667/847/110 668/849/110 791/897/110 792/898/110
f 666/845/111 667/847/111 792/898/111 793/899/111
f 665/843/112 666/845/112 793/899/112 794/900/112
f 664/841/113 665/843/113 794/901/113 785/888/113
f 766/902/7 764/903/7 765/904/7 767/905/7
f 766/902/7 767/905/7 768/906/7 769/907/7
f 766/902/7 769/907/7 770/908/7 771/909/7
f 766/902/7 771/909/7 772/910/7 773/911/7
f 766/902/7 773/911/7 774/912/7 764/903/7
f 724/913/115 725/914/115 735/915/115 734/916/115
f 725/914/116 726/917/116 736/918/116 735/915/116
f 726/917/413 727/919/413 737/920/413 736/918/413
f 727/919/118 728/921/118 738/922/118 737/920/118
f 728/921/119 729/923/119 739/924/119 738/922/119
f 729/923/120 730/925/120 740/926/120 739/924/120
f 730/925/121 731/927/121 741/928/121 740/926/121
f 731/927/122 732/929/122 742/930/122 741/928/122
f 732/929/123 733/931/123 743/932/123 742/930/123
f 733/931/124 724/913/124 734/916/124 743/932/124
f 734/916/125 735/915/125 745/933/125 744/934/125
f 735/915/126 736/918/126 746/935/126 745/933/126
f 736/918/127 737/920/127 747/936/127 746/935/127
f 737/920/128 738/922/128 748/937/128 747/936/128
f 738/922/129 739/924/129 749/938/129 748/937/129
f 739/924/130 740/926/130 750/939/130 749/938/130
f 740/926/131 741/928/131 751/940/131 750/939/131
f 741/928/132 742/930/132 752/941/132 751/940/132
f 742/930/133 743/932/133 753/942/133 752/941/133
f 743/932/134 734/916/134 744/934/134 753/942/134
f 744/934/7 745/933/7 755/943/7 754/944/7
f 745/933/7 746/935/7 756/945/7 755/943/7
f 746/935/7 747/936/7 757/946/7 756/945/7
f 747/936/7 748/937/7 758/947/7 757/946/7
f 748/937/7 749/938/7 759/948/7 758/947/7
f 749/938/7 750/939/7 760/949/7 759/948/7
f 750/939/7 751/940/7 761/950/7 760/949/7
f 751/940/7 752/941/7 762/951/7 761/950/7
f 752/941/7 753/942/7 763/952/7 762/951/7
f 753/942/7 744/934/7 754/944/7 763/952/7
f 754/944/135 755/943/135 775/953/135 776/954/135
f 755/943/136 756/945/136 784/955/136 775/953/136
f 756/945/137 757/946/137 783/956/137 784/955/137
f 757/946/138 758/947/138 782/957/138 783/956/138
f 758/947/139 759/948/139 781/958/139 782/957/139
f 759/948/140 760/949/140 780/959/140 781/958/140
f 760/949/141 761/950/141 779/960/141 780/959/141
f 761/950/142 762/951/142 778/961/142 779/960/142
f 762/951/143 763/952/143 777/962/143 778/961/143
f 763/952/144 754/944/144 776/954/144 777/962/144
f 776/954/145 775/953/145 765/904/145 764/903/145
f 777/962/414 776/954/414 764/903/414 774/912/414
f 778/961/147 777/962/147 774/912/147 773/911/147
f 779/960/175 778/961/175 773/911/175 772/910/175
f 780/959/415 779/960/415 772/910/415 771/909/415
f 781/958/416 780/959/416 771/909/416 770/908/416
f 782/957/151 781/958/151 770/908/151 769/907/151
f 783/956/176 782/957/176 769/907/176 768/906/176
f 784/955/153 783/956/153 768/906/153 767/905/153
f 775/953/154 784/955/154 767/905/154 765/904/154
f 786/963/155 785/964/155 725/914/155 724/913/155
f 787/965/156 786/966/156 724/913/156 733/931/156
f 788/967/157 787/965/157 733/931/157 732/929/157
f 789/968/158 788/967/158 732/929/158 731/927/158
f 790/969/417 789/970/417 731/927/417 730/925/417
f 791/971/160 790/969/160 730/925/160 729/923/160
f 792/972/161 791/973/161 729/923/161 728/921/161
f 793/974/162 792/972/162 728/921/162 727/919/162
f 794/975/163 793/974/163 727/919/163 726/917/163
f 785/964/164 794/976/164 726/917/164 725/914/164
f 837/977/6 838/978/6 836/979/6 835/980/6
f 837/977/6 840/981/6 839/982/6 838/978/6
f 837/977/6 842/983/6 841/984/6 840/981/6
f 837/977/6 844/985/6 843/986/6 842/983/6
f 837/977/6 835/980/6 845/987/63 844/985/6
f 795/988/411 805/989/411 806/990/411 796/991/411
f 796/991/65 806/990/65 807/992/65 797/993/65
f 797/993/412 807/992/412 808/994/412 798/995/412
f 798/995/67 808/994/67 809/996/67 799/997/67
f 799/997/68 809/996/68 810/998/68 800/999/68
f 800/999/69 810/998/69 811/1000/69 801/1001/69
f 801/1001/70 811/1000/70 812/1002/70 802/1003/70
f 802/1003/71 812/1002/71 813/1004/71 803/1005/71
f 803/1005/72 813/1004/72 814/1006/72 804/1007/72
f 804/1007/73 814/1006/73 805/989/73 795/988/73
f 805/989/74 815/1008/74 816/1009/74 806/990/74
f 806/990/75 816/1009/75 817/1010/75 807/992/75
f 807/992/76 817/1010/76 818/1011/76 808/994/76
f 808/994/77 818/1011/77 819/1012/77 809/996/77
f 809/996/78 819/1012/78 820/1013/78 810/998/78
f 810/998/79 820/1013/79 821/1014/79 811/1000/79
f 811/1000/80 821/1014/80 822/1015/80 812/1002/80
f 812/1002/81 822/1015/81 823/1016/81 813/1004/81
f 813/1004/82 823/1016/82 824/1017/82 814/1006/82
f 814/1006/83 824/1017/83 815/1008/83 805/989/83
f 815/1008/6 825/1018/6 826/1019/6 816/1009/6
f 816/1009/6 826/1019/6 827/1020/6 817/1010/6
f 817/1010/6 827/1020/6 828/1021/6 818/1011/6
f 818/1011/6 828/1021/6 829/1022/6 819/1012/6
f 819/1012/6 829/1022/6 830/1023/6 820/1013/6
f 820/1013/6 830/1023/6 831/1024/6 821/1014/6
f 821/1014/6 831/1024/6 832/1025/6 822/1015/6
f 822/1015/6 832/1025/6 833/1026/6 823/1016/6
f 823/1016/6 833/1026/6 834/1027/6 824/1017/6
f 824/1017/6 834/1027/6 825/1018/6 815/1008/6
f 825/1018/84 847/1028/84 846/1029/84 826/1019/84
f 826/1019/167 846/1029/167 855/1030/167 827/1020/167
f 827/1020/86 855/1030/86 854/1031/86 828/1021/86
f 828/1021/87 854/1031/87 853/1032/87 829/1022/87
f 829/1022/88 853/1032/88 852/1033/88 830/1023/88
f 830/1023/89 852/1033/89 851/1034/89 831/1024/89
f 831/1024/90 851/1034/90 850/1035/90 832/1025/90
f 832/1025/91 850/1035/91 849/1036/91 833/1026/91
f 833/1026/92 849/1036/92 848/1037/92 834/1027/92
f 834/1027/93 848/1037/93 847/1028/93 825/1018/93
f 847/1028/94 835/980/94 836/979/94 846/1029/94
f 848/1037/95 845/987/95 835/980/95 847/1028/95
f 849/1036/169 844/985/169 845/987/169 848/1037/169
f 850/1035/97 843/986/97 844/985/97 849/1036/97
f 851/1034/98 842/983/98 843/986/98 850/1035/98
f 852/1033/99 841/984/99 842/983/99 851/1034/99
f 853/1032/100 840/981/100 841/984/100 852/1033/100
f 854/1031/101 839/982/101 840/981/101 853/1032/101
f 855/1030/102 838/978/102 839/982/102 854/1031/102
f 846/1029/418 836/979/418 838/978/418 855/1030/418
f 795/988/104 796/991/104 917/1038/104 918/1039/104
f 804/1007/105 795/988/105 918/1040/105 919/1041/105
f 803/1005/106 804/1007/106 919/1041/106 920/1042/106
f 802/1003/107 803/1005/107 920/1042/107 921/1043/107
f 801/1001/108 802/1003/108 921/1044/108 922/1045/108
f 800/999/109 801/1001/109 922/1045/109 923/1046/109
f 799/997/110 800/999/110 923/1047/110 924/1048/110
f 798/995/111 799/997/111 924/1048/111 925/1049/111
f 797/993/112 798/995/112 925/1049/112 926/1050/112
f 796/991/113 797/993/113 926/1051/113 917/1038/113
f 898/1052/7 896/1053/7 897/1054/7 899/1055/7
f 898/1052/7 899/1055/7 900/1056/7 901/1057/7
f 898/1052/7 901/1057/7 902/1058/7 903/1059/7
f 898/1052/7 903/1059/7 904/1060/7 905/1061/7
f 898/1052/7 905/1061/7 906/1062/114 896/1053/7
f 856/1063/115 857/1064/115 867/1065/115 866/1066/115
f 857/1064/116 858/1067/116 868/1068/116 867/1065/116
f 858/1067/413 859/1069/413 869/1070/413 868/1068/413
f 859/1069/118 860/1071/118 870/1072/118 869/1070/118
f 860/1071/119 861/1073/119 871/1074/119 870/1072/119
f 861/1073/120 862/1075/120 872/1076/120 871/1074/120
f 862/1075/172 863/1077/172 873/1078/172 872/1076/172
f 863/1077/122 864/1079/122 874/1080/122 873/1078/122
f 864/1079/123 865/1081/123 875/1082/123 874/1080/123
f 865/1081/124 856/1063/124 866/1066/124 875/1082/124
f 866/1066/125 867/1065/125 877/1083/125 876/1084/125
f 867/1065/126 868/1068/126 878/1085/126 877/1083/126
f 868/1068/127 869/1070/127 879/1086/127 878/1085/127
f 869/1070/128 870/1072/128 880/1087/128 879/1086/128
f 870/1072/129 871/1074/129 881/1088/129 880/1087/129
f 871/1074/130 872/1076/130 882/1089/130 881/1088/130
f 872/1076/131 873/1078/131 883/1090/131 882/1089/131
f 873/1078/132 874/1080/132 884/1091/132 883/1090/132
f 874/1080/133 875/1082/133 885/1092/133 884/1091/133
f 875/1082/134 866/1066/134 876/1084/134 885/1092/134
f 876/1084/7 877/1083/7 887/1093/7 886/1094/7
f 877/1083/7 878/1085/7 888/1095/7 887/1093/7
f 878/1085/7 879/1086/7 889/1096/7 888/1095/7
f 879/1086/7 880/1087/7 890/1097/7 889/1096/7
f 880/1087/7 881/1088/7 891/1098/7 890/1097/7
f 881/1088/7 882/1089/7 892/1099/7 891/1098/7
f 882/1089/7 883/1090/7 893/1100/7 892/1099/7
f 883/1090/7 884/1091/7 894/1101/7 893/1100/7
f 884/1091/7 885/1092/7 895/1102/7 894/1101/7
f 885/1092/7 876/1084/7 886/1094/7 895/1102/7
f 886/1094/135 887/1093/135 907/1103/135 908/1104/135
f 887/1093/136 888/1095/136 916/1105/136 907/1103/136
f 888/1095/137 889/1096/137 915/1106/137 916/1105/137
f 889/1096/138 890/1097/138 914/1107/138 915/1106/138
f 890/1097/139 891/1098/139 913/1108/139 914/1107/139
f 891/1098/140 892/1099/140 912/1109/140 913/1108/140
f 892/1099/141 893/1100/141 911/1110/141 912/1109/141
f 893/1100/142 894/1101/142 910/1111/142 911/1110/142
f 894/1101/143 895/1102/143 909/1112/143 910/1111/143
f 895/1102/144 886/1094/144 908/1104/144 909/1112/144
f 908/1104/145 907/1103/145 897/1054/145 896/1053/145
f 909/1112/174 908/1104/174 896/1053/174 906/1062/174
f 910/1111/419 909/1112/419 906/1062/419 905/1061/419
f 911/1110/175 910/1111/175 905/1061/175 904/1060/175
f 912/1109/415 911/1110/415 904/1060/415 903/1059/415
f 913/1108/416 912/1109/416 903/1059/416 902/1058/416
f 914/1107/420 913/1108/420 902/1058/420 901/1057/420
f 915/1106/176 914/1107/176 901/1057/176 900/1056/176
f 916/1105/153 915/1106/153 900/1056/153 899/1055/153
f 907/1103/154 916/1105/154 899/1055/154 897/1054/154
f 918/1113/155 917/1114/155 857/1064/155 856/1063/155
f 919/1115/156 918/1116/156 856/1063/156 865/1081/156
f 920/1117/157 919/1115/157 865/1081/157 864/1079/157
f 921/1118/158 920/1117/158 864/1079/158 863/1077/158
f 922/1119/177 921/1120/177 863/1077/177 862/1075/177
f 923/1121/160 922/1119/160 862/1075/160 861/1073/160
f 924/1122/161 923/1123/161 861/1073/161 860/1071/161
f 925/1124/162 924/1122/162 860/1071/162 859/1069/162
f 926/1125/163 925/1124/163 859/1069/163 858/1067/163
f 917/1114/164 926/1126/164 858/1067/164 857/1064/164
f 927/52/3 929/53/3 930/54/3 928/55/3
f 929/53/421 931/56/421 932/1127/421 930/54/421
f 931/56/1 933/58/1 934/1128/1 932/1127/1
f 933/58/422 927/52/422 928/55/422 934/1128/422
f 928/55/18 930/54/18 932/1127/18 934/1128/18
f 933/58/19 931/56/19 929/53/19 927/52/19
f 935/429/1 936/430/1 938/431/1 937/432/1
f 937/432/178 938/431/178 940/433/178 939/434/178
f 939/434/3 940/433/3 942/435/3 941/436/3
f 941/436/179 942/435/179 936/430/179 935/429/179
f 936/430/423 942/435/423 940/433/423 938/431/423
f 941/436/181 935/429/181 937/432/181 939/434/181
f 947/1129/424 945/1130/424 946/1131/424 948/1132/424
f 949/1133/425 950/1134/425 943/1135/425 944/1136/425
f 951/1137/426 952/1138/426 948/1132/426 950/1134/426
f 954/1139/427 947/1129/427 948/1132/427 952/1138/427
f 949/1133/428 955/1140/428 951/1137/428 950/1134/428
f 956/1141/5 957/1142/5 952/1138/5 951/1137/5
f 946/1143/429 943/1144/429 950/1134/429 948/1132/429
f 958/1145/430 945/1146/430 947/1129/430 954/1139/430
f 957/1142/5 958/1147/5 954/1139/5 952/1138/5
f 944/1148/431 953/1149/431 955/1140/431 949/1133/431
f 953/1150/5 956/1141/5 951/1137/5 955/1140/5
f 959/1151/2 971/1152/2 972/1153/2 961/1154/2
f 978/1155/432 979/1156/432 973/1157/432 963/1158/432
f 963/1159/5 973/1160/5 974/1161/5 965/1162/5
f 965/1163/433 974/1164/433 976/1165/433 977/1166/433
f 982/1167/434 966/1168/434 964/1169/434 981/1170/434
f 965/1171/435 977/1172/435 978/1173/435 963/1174/435
f 967/1175/2 960/1176/2 962/1177/2 968/1178/2
f 969/1179/432 980/1180/432 981/1181/432 964/1182/432
f 970/1183/5 969/1184/5 964/1185/5 966/1186/5
f 982/1187/433 975/1188/433 970/1189/433 966/1190/433
f 971/1152/2 967/1175/2 968/1178/2 972/1153/2
f 973/1157/432 979/1156/432 980/1180/432 969/1179/432
f 974/1161/5 973/1160/5 969/1184/5 970/1183/5
f 976/1165/433 974/1164/433 970/1189/433 975/1188/433
f 971/1191/436 976/1165/436 975/1188/436 967/1192/436
f 977/1166/437 976/1165/436 971/1191/436 959/1193/437
f 978/1173/438 977/1172/438 959/1194/438 961/1195/438
f 961/1196/439 972/1197/439 979/1156/439 978/1155/439
f 980/1180/440 979/1156/439 972/1197/439 968/1198/439
f 981/1181/440 980/1180/440 968/1198/439 962/1199/440
f 960/1200/441 982/1167/441 981/1170/441 962/1201/441
f 967/1192/436 975/1188/436 982/1187/436 960/1202/436
f 983/1203/442 984/1204/442 986/1205/442 985/1206/442
f 985/1207/2 986/1208/2 988/1209/2 987/1210/2
f 987/1210/443 988/1209/443 990/1211/443 989/1212/443
f 989/1212/5 990/1211/5 984/1204/5 983/1203/5
f 984/1213/6 990/1211/6 988/1209/6 986/1214/6
f 989/1212/7 983/1215/7 985/1216/7 987/1210/7
f 991/819/1 992/820/1 994/821/1 993/822/1
f 993/822/409 994/821/409 996/823/409 995/824/409
f 995/824/3 996/823/3 998/825/3 997/826/3
f 997/826/410 998/825/410 992/820/410 991/819/410
f 992/820/188 998/825/188 996/823/188 994/821/188
f 997/826/189 991/819/189 993/822/189 995/824/189
f 999/478/3 1001/479/3 1002/480/3 1000/481/3
f 1001/479/190 1003/482/190 1004/483/190 1002/480/190
f 1003/482/1 1005/484/1 1006/485/1 1004/483/1
f 1005/484/191 999/478/191 1000/481/191 1006/485/191
f 1000/481/444 1002/480/444 1004/483/444 1006/485/444
f 1005/484/445 1003/482/445 1001/479/445 999/478/445
f 1007/1/446 1018/2/446 1032/3/446 1033/4/446
f 1009/5/447 1015/6/447 1016/7/447 1011/8/447
f 1034/4/448 1035/3/448 1017/2/449 1013/1/449
f 1013/8/450 1017/7/450 1018/6/450 1007/5/450
f 1008/9/2 1014/10/2 1037/11/2 1038/12/2
f 1013/10/5 1007/9/5 1033/12/5 1034/11/5
f 1015/6/447 1019/13/447 1020/14/447 1016/7/447
f 1017/2/449 1035/3/448 1036/15/449 1021/16/449
f 1018/6/450 1017/7/450 1021/14/450 1022/13/450
f 1032/3/446 1018/2/446 1022/16/446 1031/15/446
f 1019/13/447 1010/17/447 1012/18/447 1020/14/447
f 1021/16/449 1036/15/449 1037/19/449 1014/20/449
f 1022/13/450 1021/14/450 1014/18/450 1008/17/450
f 1038/19/446 1031/15/446 1022/16/446 1008/20/446
f 1015/21/451 1024/22/451 1023/23/446 1019/24/446
f 1025/25/446 1024/22/451 1015/21/451 1009/26/451
f 1026/27/5 1025/28/5 1009/29/5 1011/30/5
f 1011/26/452 1016/21/452 1027/22/448 1026/25/448
f 1028/23/452 1027/22/448 1016/21/452 1020/24/452
f 1029/31/448 1028/23/452 1020/24/452 1012/32/452
f 1030/28/2 1029/27/2 1012/30/2 1010/29/2
f 1019/24/446 1023/23/446 1030/31/446 1010/32/446
f 1033/4/446 1032/3/446 1024/22/451 1025/25/446
f 1034/11/5 1033/12/5 1025/28/5 1026/27/5
f 1026/25/448 1027/22/448 1035/3/448 1034/4/448
f 1037/19/449 1036/15/449 1028/23/452 1029/31/448
f 1038/12/2 1037/11/2 1029/27/2 1030/28/2
f 1030/31/446 1023/23/446 1031/15/446 1038/19/446
f 1028/33/5 1036/34/5 1031/35/5 1023/36/5
f 1032/37/447 1031/38/447 1036/39/447 1035/40/447
f 1023/38/450 1024/37/450 1027/40/450 1028/39/450
f 1035/34/2 1027/33/2 1024/36/2 1032/35/2
f 1041/41/453 1039/42/453 1040/43/453 1042/44/453
f 1040/45/454 1039/46/454 1043/47/454 1046/48/454
f 1044/49/455 1041/46/455 1042/50/455 1045/51/455
f 1044/41/456 1045/44/456 1046/43/456 1043/42/456
f 1047/52/448 1049/53/448 1050/54/448 1048/55/448
f 1049/53/457 1051/56/457 1052/57/457 1050/54/457
f 1051/56/446 1053/58/446 1054/59/446 1052/57/446
f 1053/58/458 1047/52/458 1048/55/458 1054/59/458
f 1048/55/459 1050/54/459 1052/57/459 1054/59/459
f 1053/58/460 1051/56/460 1049/53/460 1047/52/460
f 1064/60/461 1055/61/461 1069/62/461 1067/63/461
f 1059/64/462 1057/65/462 1058/66/462 1060/67/462
f 1066/68/463 1065/69/464 1059/70/465 1060/71/465
f 1055/61/466 1061/72/466 1070/73/466 1069/62/466
f 1056/74/467 1062/75/467 1066/76/467 1063/77/467
f 1061/72/468 1055/61/468 1064/60/468 1065/78/468
f 1065/78/469 1064/60/469 1057/65/469 1059/64/469
f 1063/77/470 1066/76/470 1060/67/470 1058/66/470
f 1067/63/471 1076/79/471 1056/74/471
f 1071/80/472 1072/81/472 1070/82/472 1068/83/472
f 1072/81/473 1073/84/473 1069/85/473 1070/82/473
f 1073/84/474 1074/86/475 1067/87/476 1069/85/476
f 1074/86/477 1075/88/477 1076/89/477 1067/87/477
f 1075/90/478 1071/80/478 1068/83/478 1076/91/478
f 1072/81/479 1071/80/479 1077/92/479 1078/93/479
f 1073/84/480 1072/81/480 1078/93/480 1079/94/480
f 1074/86/475 1073/84/474 1079/94/481 1080/95/481
f 1075/88/482 1074/86/482 1080/95/482 1081/96/482
f 1071/80/483 1075/90/483 1081/97/483 1077/92/483
f 1078/93/484 1077/92/484 1082/98/484 1083/99/484
f 1079/94/485 1078/93/485 1083/99/485 1084/100/485
f 1080/95/486 1079/94/486 1084/100/486 1085/101/486
f 1081/96/487 1080/95/487 1085/101/487 1086/102/487
f 1077/92/488 1081/97/488 1086/103/488 1082/98/488
f 1083/99/489 1082/98/489 1087/104/489 1088/105/489
f 1084/100/490 1083/99/490 1088/105/490 1089/106/490
f 1085/101/491 1084/100/491 1089/106/491 1090/107/491
f 1086/102/492 1085/101/492 1090/107/492 1091/108/492
f 1082/98/493 1086/103/493 1091/109/493 1087/104/493
f 1062/75/494 1076/79/494 1068/110/494
f 1062/75/495 1056/74/495 1076/79/495
f 1065/69/496 1068/111/496 1070/112/496 1061/113/496
f 1065/69/464 1066/68/463 1062/114/497 1068/111/497
f 1064/60/498 1063/77/499 1058/66/500 1057/65/500
f 1064/60/498 1067/63/501 1056/74/501 1063/77/499
f 1092/115/502 1093/116/502 1095/117/502 1094/118/502
f 1094/119/447 1095/120/447 1097/121/447 1096/122/447
f 1096/122/503 1097/121/503 1099/123/503 1098/124/503
f 1098/124/450 1099/123/450 1093/116/450 1092/115/450
f 1093/125/2 1099/123/2 1097/121/2 1095/126/2
f 1098/124/5 1092/127/5 1094/128/5 1096/122/5
f 1142/129/2 1143/130/2 1141/131/2 1140/132/2
f 1142/129/2 1145/133/2 1144/134/2 1143/130/2
f 1142/129/2 1147/135/2 1146/136/2 1145/133/2
f 1142/129/2 1149/137/2 1148/138/2 1147/135/2
f 1142/129/2 1140/132/2 1150/139/2 1149/137/2
f 1100/140/504 1110/141/504 1111/142/504 1101/143/504
f 1101/143/505 1111/142/505 1112/144/505 1102/145/505
f 1102/145/506 1112/144/506 1113/146/506 1103/147/506
f 1103/147/507 1113/146/507 1114/148/507 1104/149/507
f 1104/149/508 1114/148/508 1115/150/508 1105/151/508
f 1105/151/509 1115/150/509 1116/152/509 1106/153/509
f 1106/153/510 1116/152/510 1117/154/510 1107/155/510
f 1107/155/511 1117/154/511 1118/156/511 1108/157/511
f 1108/157/512 1118/156/512 1119/158/512 1109/159/512
f 1109/159/513 1119/158/513 1110/141/513 1100/140/513
f 1110/141/514 1120/160/514 1121/161/514 1111/142/514
f 1111/142/515 1121/161/515 1122/162/515 1112/144/515
f 1112/144/516 1122/162/516 1123/163/516 1113/146/516
f 1113/146/517 1123/163/517 1124/164/517 1114/148/517
f 1114/148/518 1124/164/518 1125/165/518 1115/150/518
f 1115/150/519 1125/165/519 1126/166/519 1116/152/519
f 1116/152/520 1126/166/520 1127/167/520 1117/154/520
f 1117/154/521 1127/167/521 1128/168/521 1118/156/521
f 1118/156/522 1128/168/522 1129/169/522 1119/158/522
f 1119/158/523 1129/169/523 1120/160/523 1110/141/523
f 1120/160/2 1130/170/2 1131/171/2 1121/161/2
f 1121/161/2 1131/171/2 1132/172/2 1122/162/2
f 1122/162/2 1132/172/2 1133/173/2 1123/163/2
f 1123/163/2 1133/173/2 1134/174/2 1124/164/2
f 1124/164/2 1134/174/2 1135/175/2 1125/165/2
f 1125/165/2 1135/175/2 1136/176/2 1126/166/2
f 1126/166/2 1136/176/2 1137/177/2 1127/167/2
f 1127/167/2 1137/177/2 1138/178/2 1128/168/2
f 1128/168/2 1138/178/2 1139/179/2 1129/169/2
f 1129/169/2 1139/179/2 1130/170/2 1120/160/2
f 1130/170/524 1152/180/524 1151/181/524 1131/171/524
f 1131/171/525 1151/181/525 1160/182/525 1132/172/525
f 1132/172/526 1160/182/526 1159/183/526 1133/173/526
f 1133/173/527 1159/183/527 1158/184/527 1134/174/527
f 1134/174/528 1158/184/528 1157/185/528 1135/175/528
f 1135/175/529 1157/185/529 1156/186/529 1136/176/529
f 1136/176/530 1156/186/530 1155/187/530 1137/177/530
f 1137/177/531 1155/187/531 1154/188/531 1138/178/531
f 1138/178/532 1154/188/532 1153/189/532 1139/179/532
f 1139/179/533 1153/189/533 1152/180/533 1130/170/533
f 1152/180/534 1140/132/534 1141/131/534 1151/181/534
f 1153/189/535 1150/139/535 1140/132/535 1152/180/535
f 1154/188/536 1149/137/536 1150/139/536 1153/189/536
f 1155/187/537 1148/138/537 1149/137/537 1154/188/537
f 1156/186/538 1147/135/538 1148/138/538 1155/187/538
f 1157/185/539 1146/136/539 1147/135/539 1156/186/539
f 1158/184/540 1145/133/540 1146/136/540 1157/185/540
f 1159/183/541 1144/134/541 1145/133/541 1158/184/541
f 1160/182/542 1143/130/542 1144/134/542 1159/183/542
f 1151/181/543 1141/131/543 1143/130/543 1160/182/543
f 1100/140/544 1101/143/544 1222/190/544 1223/191/544
f 1109/159/545 1100/140/545 1223/192/545 1224/193/545
f 1108/157/546 1109/159/546 1224/193/546 1225/194/546
f 1107/155/547 1108/157/547 1225/194/547 1226/195/547
f 1106/153/548 1107/155/548 1226/196/548 1227/197/548
f 1105/151/549 1106/153/549 1227/197/549 1228/198/549
f 1104/149/550 1105/151/550 1228/199/550 1229/200/550
f 1103/147/551 1104/149/551 1229/200/551 1230/201/551
f 1102/145/552 1103/147/552 1230/201/552 1231/202/552
f 1101/143/553 1102/145/553 1231/203/553 1222/190/553
f 1203/204/5 1201/205/5 1202/206/5 1204/207/5
f 1203/204/5 1204/207/5 1205/208/5 1206/209/5
f 1203/204/5 1206/209/5 1207/210/5 1208/211/5
f 1203/204/5 1208/211/5 1209/212/5 1210/213/5
f 1203/204/5 1210/213/5 1211/214/5 1201/205/5
f 1161/215/554 1162/216/554 1172/217/554 1171/218/554
f 1162/216/555 1163/219/555 1173/220/555 1172/217/555
f 1163/219/556 1164/221/556 1174/222/556 1173/220/556
f 1164/221/557 1165/223/557 1175/224/557 1174/222/557
f 1165/223/558 1166/225/558 1176/226/558 1175/224/558
f 1166/225/559 1167/227/559 1177/228/559 1176/226/559
f 1167/227/560 1168/229/560 1178/230/560 1177/228/560
f 1168/229/561 1169/231/561 1179/232/561 1178/230/561
f 1169/231/562 1170/233/562 1180/234/562 1179/232/562
f 1170/233/563 1161/215/563 1171/218/563 1180/234/563
f 1171/218/564 1172/217/564 1182/235/564 1181/236/564
f 1172/217/565 1173/220/565 1183/237/565 1182/235/565
f 1173/220/566 1174/222/566 1184/238/566 1183/237/566
f 1174/222/567 1175/224/567 1185/239/567 1184/238/567
f 1175/224/568 1176/226/568 1186/240/568 1185/239/568
f 1176/226/569 1177/228/569 1187/241/569 1186/240/569
f 1177/228/570 1178/230/570 1188/242/570 1187/241/570
f 1178/230/571 1179/232/571 1189/243/571 1188/242/571
f 1179/232/572 1180/234/572 1190/244/572 1189/243/572
f 1180/234/573 1171/218/573 1181/236/573 1190/244/573
f 1181/236/5 1182/235/5 1192/245/5 1191/246/5
f 1182/235/5 1183/237/5 1193/247/5 1192/245/5
f 1183/237/5 1184/238/5 1194/248/5 1193/247/5
f 1184/238/5 1185/239/5 1195/249/5 1194/248/5
f 1185/239/5 1186/240/5 1196/250/5 1195/249/5
f 1186/240/5 1187/241/5 1197/251/5 1196/250/5
f 1187/241/5 1188/242/5 1198/252/5 1197/251/5
f 1188/242/5 1189/243/5 1199/253/5 1198/252/5
f 1189/243/5 1190/244/5 1200/254/5 1199/253/5
f 1190/244/5 1181/236/5 1191/246/5 1200/254/5
f 1191/246/574 1192/245/574 1212/255/574 1213/256/574
f 1192/245/575 1193/247/575 1221/257/575 1212/255/575
f 1193/247/576 1194/248/576 1220/258/576 1221/257/576
f 1194/248/577 1195/249/577 1219/259/577 1220/258/577
f 1195/249/578 1196/250/578 1218/260/578 1219/259/578
f 1196/250/579 1197/251/579 1217/261/579 1218/260/579
f 1197/251/580 1198/252/580 1216/262/580 1217/261/580
f 1198/252/581 1199/253/581 1215/263/581 1216/262/581
f 1199/253/582 1200/254/582 1214/264/582 1215/263/582
f 1200/254/583 1191/246/583 1213/256/583 1214/264/583
f 1213/256/584 1212/255/584 1202/206/584 1201/205/584
f 1214/264/585 1213/256/585 1201/205/585 1211/214/585
f 1215/263/586 1214/264/586 1211/214/586 1210/213/586
f 1216/262/587 1215/263/587 1210/213/587 1209/212/587
f 1217/261/588 1216/262/588 1209/212/588 1208/211/588
f 1218/260/589 1217/261/589 1208/211/589 1207/210/589
f 1219/259/590 1218/260/590 1207/210/590 1206/209/590
f 1220/258/591 1219/259/591 1206/209/591 1205/208/591
f 1221/257/592 1220/258/592 1205/208/592 1204/207/592
f 1212/255/593 1221/257/593 1204/207/593 1202/206/593
f 1223/265/594 1222/266/594 1162/216/594 1161/215/594
f 1224/267/595 1223/268/595 1161/215/595 1170/233/595
f 1225/269/596 1224/267/596 1170/233/596 1169/231/596
f 1226/270/597 1225/269/597 1169/231/597 1168/229/597
f 1227/271/598 1226/272/598 1168/229/598 1167/227/598
f 1228/273/599 1227/271/599 1167/227/599 1166/225/599
f 1229/274/600 1228/275/600 1166/225/600 1165/223/600
f 1230/276/601 1229/274/601 1165/223/601 1164/221/601
f 1231/277/602 1230/276/602 1164/221/602 1163/219/602
f 1222/266/603 1231/278/603 1163/219/603 1162/216/603
f 1274/279/2 1275/280/2 1273/281/2 1272/282/2
f 1274/279/2 1277/283/2 1276/284/2 1275/280/2
f 1274/279/2 1279/285/2 1278/286/2 1277/283/2
f 1274/279/2 1281/287/2 1280/288/2 1279/285/2
f 1274/279/2 1272/282/2 1282/289/2 1281/287/2
f 1232/290/504 1242/291/504 1243/292/504 1233/293/504
f 1233/293/604 1243/292/604 1244/294/604 1234/295/604
f 1234/295/506 1244/294/506 1245/296/506 1235/297/506
f 1235/297/507 1245/296/507 1246/298/507 1236/299/507
f 1236/299/508 1246/298/508 1247/300/508 1237/301/508
f 1237/301/509 1247/300/509 1248/302/509 1238/303/509
f 1238/303/510 1248/302/510 1249/304/510 1239/305/510
f 1239/305/511 1249/304/511 1250/306/511 1240/307/511
f 1240/307/512 1250/306/512 1251/308/512 1241/309/512
f 1241/309/513 1251/308/513 1242/291/513 1232/290/513
f 1242/291/514 1252/310/514 1253/311/514 1243/292/514
f 1243/292/605 1253/311/605 1254/312/605 1244/294/605
f 1244/294/516 1254/312/516 1255/313/516 1245/296/516
f 1245/296/517 1255/313/517 1256/314/517 1246/298/517
f 1246/298/518 1256/314/518 1257/315/518 1247/300/518
f 1247/300/519 1257/315/519 1258/316/519 1248/302/519
f 1248/302/520 1258/316/520 1259/317/520 1249/304/520
f 1249/304/521 1259/317/521 1260/318/521 1250/306/521
f 1250/306/522 1260/318/522 1261/319/522 1251/308/522
f 1251/308/523 1261/319/523 1252/310/523 1242/291/523
f 1252/310/2 1262/320/2 1263/321/2 1253/311/2
f 1253/311/2 1263/321/2 1264/322/2 1254/312/2
f 1254/312/2 1264/322/2 1265/323/2 1255/313/2
f 1255/313/2 1265/323/2 1266/324/2 1256/314/2
f 1256/314/2 1266/324/2 1267/325/2 1257/315/2
f 1257/315/2 1267/325/2 1268/326/2 1258/316/2
f 1258/316/2 1268/326/2 1269/327/2 1259/317/2
f 1259/317/2 1269/327/2 1270/328/2 1260/318/2
f 1260/318/2 1270/328/2 1271/329/2 1261/319/2
f 1261/319/2 1271/329/2 1262/320/2 1252/310/2
f 1262/320/524 1284/330/524 1283/331/524 1263/321/524
f 1263/321/525 1283/331/525 1292/332/525 1264/322/525
f 1264/322/526 1292/332/526 1291/333/526 1265/323/526
f 1265/323/527 1291/333/527 1290/334/527 1266/324/527
f 1266/324/606 1290/334/606 1289/335/606 1267/325/606
f 1267/325/529 1289/335/529 1288/336/529 1268/326/529
f 1268/326/607 1288/336/607 1287/337/607 1269/327/607
f 1269/327/608 1287/337/608 1286/338/608 1270/328/608
f 1270/328/532 1286/338/532 1285/339/532 1271/329/532
f 1271/329/533 1285/339/533 1284/330/533 1262/320/533
f 1284/330/534 1272/282/534 1273/281/534 1283/331/534
f 1285/339/535 1282/289/535 1272/282/535 1284/330/535
f 1286/338/536 1281/287/536 1282/289/536 1285/339/536
f 1287/337/537 1280/288/537 1281/287/537 1286/338/537
f 1288/336/538 1279/285/538 1280/288/538 1287/337/538
f 1289/335/539 1278/286/539 1279/285/539 1288/336/539
f 1290/334/540 1277/283/540 1278/286/540 1289/335/540
f 1291/333/541 1276/284/541 1277/283/541 1290/334/541
f 1292/332/542 1275/280/542 1276/284/542 1291/333/542
f 1283/331/543 1273/281/543 1275/280/543 1292/332/543
f 1232/290/544 1233/293/544 1354/340/544 1355/341/544
f 1241/309/545 1232/290/545 1355/342/545 1356/343/545
f 1240/307/546 1241/309/546 1356/343/546 1357/344/546
f 1239/305/547 1240/307/547 1357/344/547 1358/345/547
f 1238/303/548 1239/305/548 1358/346/548 1359/347/548
f 1237/301/549 1238/303/549 1359/347/549 1360/348/549
f 1236/299/550 1237/301/550 1360/349/550 1361/350/550
f 1235/297/551 1236/299/551 1361/350/551 1362/351/551
f 1234/295/552 1235/297/552 1362/351/552 1363/352/552
f 1233/293/553 1234/295/553 1363/353/553 1354/340/553
f 1335/354/5 1333/355/5 1334/356/5 1336/357/5
f 1335/354/5 1336/357/5 1337/358/5 1338/359/5
f 1335/354/5 1338/359/5 1339/360/5 1340/361/5
f 1335/354/5 1340/361/5 1341/362/5 1342/363/5
f 1335/354/5 1342/363/5 1343/364/5 1333/355/5
f 1293/365/554 1294/366/554 1304/367/554 1303/368/554
f 1294/366/609 1295/369/609 1305/370/609 1304/367/609
f 1295/369/556 1296/371/556 1306/372/556 1305/370/556
f 1296/371/557 1297/373/557 1307/374/557 1306/372/557
f 1297/373/558 1298/375/558 1308/376/558 1307/374/558
f 1298/375/559 1299/377/559 1309/378/559 1308/376/559
f 1299/377/560 1300/379/560 1310/380/560 1309/378/560
f 1300/379/561 1301/381/561 1311/382/561 1310/380/561
f 1301/381/562 1302/383/562 1312/384/562 1311/382/562
f 1302/383/563 1293/365/563 1303/368/563 1312/384/563
f 1303/368/564 1304/367/564 1314/385/564 1313/386/564
f 1304/367/610 1305/370/610 1315/387/610 1314/385/610
f 1305/370/566 1306/372/566 1316/388/566 1315/387/566
f 1306/372/567 1307/374/567 1317/389/567 1316/388/567
f 1307/374/568 1308/376/568 1318/390/568 1317/389/568
f 1308/376/569 1309/378/569 1319/391/569 1318/390/569
f 1309/378/570 1310/380/570 1320/392/570 1319/391/570
f 1310/380/571 1311/382/571 1321/393/571 1320/392/571
f 1311/382/572 1312/384/572 1322/394/572 1321/393/572
f 1312/384/573 1303/368/573 1313/386/573 1322/394/573
f 1313/386/5 1314/385/5 1324/395/5 1323/396/5
f 1314/385/5 1315/387/5 1325/397/5 1324/395/5
f 1315/387/5 1316/388/5 1326/398/5 1325/397/5
f 1316/388/5 1317/389/5 1327/399/5 1326/398/5
f 1317/389/5 1318/390/5 1328/400/5 1327/399/5
f 1318/390/5 1319/391/5 1329/401/5 1328/400/5
f 1319/391/5 1320/392/5 1330/402/5 1329/401/5
f 1320/392/5 1321/393/5 1331/403/5 1330/402/5
f 1321/393/5 1322/394/5 1332/404/5 1331/403/5
f 1322/394/5 1313/386/5 1323/396/5 1332/404/5
f 1323/396/574 1324/395/574 1344/405/574 1345/406/574
f 1324/395/575 1325/397/575 1353/407/575 1344/405/575
f 1325/397/576 1326/398/576 1352/408/576 1353/407/576
f 1326/398/577 1327/399/577 1351/409/577 1352/408/577
f 1327/399/578 1328/400/578 1350/410/578 1351/409/578
f 1328/400/579 1329/401/579 1349/411/579 1350/410/579
f 1329/401/611 1330/402/611 1348/412/611 1349/411/611
f 1330/402/581 1331/403/581 1347/413/581 1348/412/581
f 1331/403/582 1332/404/582 1346/414/582 1347/413/582
f 1332/404/583 1323/396/583 1345/406/583 1346/414/583
f 1345/406/584 1344/405/584 1334/356/584 1333/355/584
f 1346/414/585 1345/406/585 1333/355/585 1343/364/585
f 1347/413/586 1346/414/586 1343/364/586 1342/363/586
f 1348/412/587 1347/413/587 1342/363/587 1341/362/587
f 1349/411/588 1348/412/588 1341/362/588 1340/361/588
f 1350/410/589 1349/411/589 1340/361/589 1339/360/589
f 1351/409/590 1350/410/590 1339/360/590 1338/359/590
f 1352/408/591 1351/409/591 1338/359/591 1337/358/591
f 1353/407/592 1352/408/592 1337/358/592 1336/357/592
f 1344/405/593 1353/407/593 1336/357/593 1334/356/593
f 1355/415/594 1354/416/594 1294/366/594 1293/365/594
f 1356/417/595 1355/418/595 1293/365/595 1302/383/595
f 1357/419/596 1356/417/596 1302/383/596 1301/381/596
f 1358/420/597 1357/419/597 1301/381/597 1300/379/597
f 1359/421/598 1358/422/598 1300/379/598 1299/377/598
f 1360/423/599 1359/421/599 1299/377/599 1298/375/599
f 1361/424/600 1360/425/600 1298/375/600 1297/373/600
f 1362/426/601 1361/424/601 1297/373/601 1296/371/601
f 1363/427/602 1362/426/602 1296/371/602 1295/369/602
f 1354/416/603 1363/428/603 1295/369/603 1294/366/603
f 1364/429/446 1365/430/446 1367/431/446 1366/432/446
f 1366/432/612 1367/431/612 1369/433/612 1368/434/612
f 1368/434/448 1369/433/448 1371/435/448 1370/436/448
f 1370/436/613 1371/435/613 1365/430/613 1364/429/613
f 1365/430/614 1371/435/614 1369/433/614 1367/431/614
f 1370/436/615 1364/429/615 1366/432/615 1368/434/615
f 1380/437/5 1381/438/5 1382/439/5 1383/440/5
f 1382/439/616 1384/441/616 1385/442/616 1383/440/616
f 1386/443/2 1385/442/2 1384/441/2 1387/444/2
f 1378/445/617 1379/446/617 1381/438/617 1380/437/617
f 1379/447/618 1372/448/618 1382/439/618 1381/438/618
f 1373/449/450 1378/450/450 1380/437/450 1383/440/450
f 1372/451/619 1375/452/619 1384/441/619 1382/439/619
f 1374/453/450 1373/449/450 1383/440/450 1385/442/450
f 1377/454/450 1374/453/450 1385/442/450 1386/443/450
f 1375/455/620 1376/456/620 1387/444/620 1384/441/620
f 1376/457/621 1377/458/621 1386/443/621 1387/444/621
f 1390/459/453 1388/460/453 1389/461/453 1391/462/453
f 1389/45/622 1388/463/622 1392/464/622 1395/48/622
f 1393/465/455 1390/466/455 1391/467/455 1394/468/455
f 1393/469/456 1394/462/456 1395/461/456 1392/460/456
f 1396/470/446 1397/471/446 1399/472/446 1398/473/446
f 1398/473/623 1399/472/623 1401/474/623 1400/475/623
f 1400/475/448 1401/474/448 1403/476/448 1402/477/448
f 1402/477/613 1403/476/613 1397/471/613 1396/470/613
f 1397/471/624 1403/476/624 1401/474/624 1399/472/624
f 1402/477/625 1396/470/625 1398/473/625 1400/475/625
f 1406/459/626 1404/460/626 1405/461/626 1407/462/626
f 1405/45/454 1404/463/454 1408/464/454 1411/48/454
f 1409/465/627 1406/466/627 1407/467/627 1410/468/627
f 1409/469/456 1410/462/456 1411/461/456 1408/460/456
f 1412/470/446 1413/471/446 1415/472/446 1414/473/446
f 1414/473/612 1415/472/612 1417/474/612 1416/475/612
f 1416/475/448 1417/474/448 1419/476/448 1418/477/448
f 1418/477/613 1419/476/613 1413/471/613 1412/470/613
f 1413/471/624 1419/476/624 1417/474/624 1415/472/624
f 1418/477/628 1412/470/628 1414/473/628 1416/475/628
f 1420/478/448 1422/479/448 1423/480/448 1421/481/448
f 1422/479/629 1424/482/629 1425/483/629 1423/480/629
f 1424/482/446 1426/484/446 1427/485/446 1425/483/446
f 1426/484/630 1420/478/630 1421/481/630 1427/485/630
f 1421/481/631 1423/480/631 1425/483/631 1427/485/631
f 1426/484/632 1424/482/632 1422/479/632 1420/478/632
f 1524/486/633 1525/487/633 1526/488/633 1527/489/633
f 1528/490/634 1529/491/634 1530/492/634 1531/493/634
f 1442/494/447 1443/495/447 1444/496/447 1445/497/447
f 1437/498/446 1428/499/446 1431/500/446 1447/501/446
f 1443/495/635 1442/494/635 1435/502/635 1439/503/635
f 1430/504/446 1429/505/446 1434/506/446 1446/507/446
f 1439/503/636 1435/502/636 1433/508/636 1438/509/636
f 1442/510/637 1446/507/637 1434/506/637 1435/511/637
f 1445/497/638 1444/496/638 1503/512/638 1502/513/638
f 1443/514/639 1447/501/640 1490/515/641 1550/516/639
f 1437/498/642 1447/501/642 1443/514/642 1439/517/642
f 1520/518/643 1521/519/643 1522/520/643 1523/521/643
f 1436/522/644 1432/523/644 1440/524/644 1441/525/644
f 1496/526/446 1499/527/446 1441/525/446 1440/524/446
f 1568/528/5 1569/529/5 1570/530/5 1571/531/5
f 1572/532/5 1573/533/5 1574/534/5 1575/535/5
f 1576/536/5 1577/537/5 1578/538/5 1579/539/5
f 1466/540/645 1556/541/646 1430/504/647 1446/507/648
f 1567/542/649 1468/543/649 1445/544/649 1502/545/649
f 1465/546/650 1557/547/650 1558/548/650 1458/549/650
f 1553/550/651 1554/551/651 1469/552/651 1460/553/651
f 1565/554/652 1566/555/652 1470/556/652 1463/557/652
f 1582/558/5 1583/559/5 1584/560/5 1585/561/5
f 1586/562/5 1587/563/5 1588/564/5 1589/565/5
f 1590/566/5 1591/567/5 1592/568/5 1593/569/5
f 1472/570/653 1434/506/653 1429/505/653 1543/571/653
f 1479/572/654 1543/571/654 1429/505/654
f 1475/573/655 1533/574/655 1534/575/655 1449/576/655
f 1477/577/656 1545/578/656 1546/579/656 1453/580/656
f 1541/581/657 1542/582/657 1478/583/657 1454/584/657
f 1596/585/2 1597/586/2 1598/587/2 1599/588/2
f 1600/589/2 1601/590/2 1602/591/2 1603/592/2
f 1604/593/2 1605/594/2 1606/595/2 1607/596/2
f 1535/597/658 1536/598/658 1483/599/658 1450/600/658
f 1485/601/659 1539/602/659 1540/603/659 1452/604/659
f 1547/605/660 1548/606/660 1486/607/660 1455/608/660
f 1610/609/2 1611/610/2 1612/611/2 1613/612/2
f 1614/613/2 1615/614/2 1616/615/2 1617/616/2
f 1618/617/2 1619/618/2 1620/619/2 1621/620/2
f 1431/500/661 1489/621/662 1561/622/663
f 1559/623/664 1560/624/664 1488/625/664 1457/626/664
f 1493/627/665 1551/628/665 1552/629/665 1461/630/665
f 1495/631/666 1563/632/666 1564/633/666 1462/634/666
f 1549/635/667 1482/636/667 1441/637/667 1499/638/667
f 1505/639/668 1463/640/669 1470/641/670 1471/642/670
f 1429/643/671 1454/644/671 1478/645/671 1479/646/671
f 1552/647/672 1553/648/672 1460/649/672 1461/650/672
f 1457/651/673 1458/652/673 1558/653/673 1559/654/673
f 1564/655/674 1565/656/674 1463/640/674 1462/657/674
f 1546/658/675 1547/659/675 1455/660/675 1453/661/675
f 1534/662/676 1535/663/676 1450/664/676 1449/665/676
f 1453/661/677 1497/666/677 1476/667/677 1477/668/677
f 1454/644/678 1452/669/678 1540/670/678 1541/671/678
f 1453/661/679 1455/660/679 1498/672/679 1497/666/679
f 1498/672/680 1455/660/680 1486/673/680 1487/674/680
f 1497/666/450 1498/672/450 1500/675/450 1501/676/450
f 1462/657/681 1463/640/669 1505/639/668 1504/677/681
f 1462/657/682 1504/677/682 1494/678/682 1495/679/682
f 1504/677/450 1505/639/450 1506/680/450 1507/681/450
f 1457/651/683 1488/682/684 1465/683/685 1458/652/683
f 1465/683/685 1488/682/684 1489/684/686 1464/685/687
f 1452/669/688 1428/686/688 1484/687/688 1485/688/688
f 1429/643/689 1428/686/689 1452/669/689 1454/644/689
f 1428/686/690 1489/684/686 1431/689/691
f 1464/685/687 1429/643/692 1430/690/693
f 1464/685/687 1489/684/686 1428/686/690 1429/643/692
f 1562/691/694 1503/692/694 1444/693/694 1492/694/694
f 1442/510/695 1445/544/695 1468/543/695 1555/695/695
f 1432/696/696 1433/697/696 1509/698/696 1508/699/696
f 1433/697/697 1435/511/697 1510/700/697 1509/698/697
f 1435/511/698 1434/506/698 1511/701/698 1510/700/698
f 1434/506/699 1432/696/699 1508/699/699 1511/701/699
f 1436/702/700 1437/498/700 1513/703/700 1512/704/700
f 1437/498/701 1439/517/701 1514/705/701 1513/703/701
f 1439/517/702 1438/706/702 1515/707/702 1514/705/702
f 1438/706/703 1436/702/703 1512/704/703 1515/707/703
f 1432/708/704 1436/709/704 1517/710/704 1516/711/704
f 1436/712/705 1438/713/705 1518/714/705 1517/715/705
f 1438/716/706 1433/717/706 1519/718/706 1518/719/706
f 1433/720/707 1432/721/707 1516/722/707 1519/723/707
f 1516/711/708 1517/710/708 1521/724/708 1520/725/708
f 1517/715/709 1518/714/709 1522/726/709 1521/727/709
f 1518/719/710 1519/718/710 1523/728/710 1522/729/710
f 1519/723/711 1516/722/711 1520/730/711 1523/731/711
f 1508/699/712 1509/698/712 1525/487/712 1524/486/712
f 1509/698/713 1510/700/713 1526/488/713 1525/487/713
f 1510/700/714 1511/701/714 1527/489/714 1526/488/714
f 1511/701/715 1508/699/715 1524/486/715 1527/489/715
f 1512/704/716 1513/703/716 1529/491/716 1528/490/716
f 1513/703/717 1514/705/717 1530/492/717 1529/491/717
f 1514/705/718 1515/707/718 1531/493/718 1530/492/718
f 1515/707/719 1512/704/719 1528/490/719 1531/493/719
f 1594/732/5 1595/733/5 1583/559/5 1582/558/5
f 1534/575/720 1533/574/720 1473/734/720 1448/735/720
f 1448/736/721 1451/737/721 1535/663/721 1534/662/721
f 1481/738/722 1536/598/722 1535/597/722 1451/739/722
f 1609/740/2 1608/741/2 1601/590/2 1600/589/2
f 1608/741/2 1609/740/2 1597/586/2 1596/585/2
f 1540/603/723 1539/602/723 1481/738/723 1451/739/723
f 1541/671/724 1540/670/724 1451/737/724 1448/736/724
f 1473/734/725 1542/582/725 1541/581/725 1448/735/725
f 1595/733/5 1594/732/5 1587/563/5 1586/562/5
f 1585/561/5 1584/560/5 1591/567/5 1590/566/5
f 1546/579/726 1545/578/726 1475/573/726 1449/576/726
f 1449/665/727 1450/664/727 1547/659/727 1546/658/727
f 1483/599/728 1548/606/728 1547/605/728 1450/600/728
f 1603/592/2 1602/591/2 1605/594/2 1604/593/2
f 1623/742/2 1622/743/2 1615/614/2 1614/613/2
f 1552/629/729 1551/628/729 1491/744/729 1456/745/729
f 1456/746/730 1459/747/730 1553/648/730 1552/647/730
f 1467/748/731 1554/551/731 1553/550/731 1459/749/731
f 1581/750/5 1580/751/5 1573/533/5 1572/532/5
f 1571/531/5 1570/530/5 1580/751/5 1581/750/5
f 1558/548/732 1557/547/732 1467/748/732 1459/749/732
f 1559/654/733 1558/653/733 1459/747/733 1456/746/733
f 1491/744/734 1560/624/734 1559/623/734 1456/745/734
f 1613/612/2 1612/611/2 1622/743/2 1623/742/2
f 1617/616/2 1616/615/2 1619/618/2 1618/617/2
f 1564/633/735 1563/632/735 1493/627/735 1461/630/735
f 1461/650/736 1460/649/736 1565/656/736 1564/655/736
f 1469/552/737 1566/555/737 1565/752/737 1460/553/737
f 1575/535/5 1574/534/5 1577/537/5 1576/536/5
f 1465/753/738 1464/754/738 1569/529/738 1568/528/738
f 1464/755/739 1556/756/739 1570/530/739 1569/529/739
f 1557/547/740 1465/546/740 1568/528/740 1571/531/740
f 1555/757/741 1468/758/741 1574/534/741 1573/533/741
f 1469/552/742 1554/551/742 1572/532/742 1575/535/742
f 1567/759/743 1471/760/743 1578/538/743 1577/537/743
f 1471/761/744 1470/762/744 1579/539/744 1578/538/744
f 1470/556/745 1566/555/745 1576/536/745 1579/539/745
f 1466/763/746 1555/757/746 1573/533/746 1580/751/746
f 1554/551/747 1467/748/747 1581/750/747 1572/532/747
f 1556/756/748 1466/763/748 1580/751/748 1570/530/748
f 1467/748/749 1557/547/749 1571/531/749 1581/750/749
f 1468/758/750 1567/759/750 1577/537/750 1574/534/750
f 1566/555/751 1469/552/751 1575/535/751 1576/536/751
f 1533/574/752 1475/573/752 1584/560/752 1583/559/752
f 1474/764/753 1532/765/753 1582/558/753 1585/561/753
f 1543/766/754 1479/767/754 1588/564/754 1587/563/754
f 1479/768/755 1478/769/755 1589/565/755 1588/564/755
f 1478/583/756 1542/582/756 1586/562/756 1589/565/756
f 1545/578/757 1477/577/757 1592/568/757 1591/567/757
f 1477/770/758 1476/771/758 1593/569/758 1592/568/758
f 1476/772/759 1544/773/759 1590/566/759 1593/569/759
f 1473/734/760 1533/574/760 1583/559/760 1595/733/760
f 1532/765/761 1472/774/761 1594/732/761 1582/558/761
f 1472/774/762 1543/766/762 1587/563/762 1594/732/762
f 1542/582/763 1473/734/763 1595/733/763 1586/562/763
f 1475/573/764 1545/578/764 1591/567/764 1584/560/764
f 1544/773/765 1474/764/765 1585/561/765 1590/566/765
f 1539/602/766 1485/601/766 1598/587/766 1597/586/766
f 1485/775/767 1484/776/767 1599/588/767 1598/587/767
f 1484/777/768 1538/778/768 1596/585/768 1599/588/768
f 1537/779/769 1482/780/769 1602/591/769 1601/590/769
f 1483/599/770 1536/598/770 1600/589/770 1603/592/770
f 1549/781/771 1487/782/771 1606/595/771 1605/594/771
f 1487/783/772 1486/784/772 1607/596/772 1606/595/772
f 1486/607/773 1548/606/773 1604/593/773 1607/596/773
f 1480/785/774 1537/779/774 1601/590/774 1608/741/774
f 1536/598/775 1481/738/775 1609/740/775 1600/589/775
f 1481/738/776 1539/602/776 1597/586/776 1609/740/776
f 1538/778/777 1480/785/777 1608/741/777 1596/585/777
f 1482/780/778 1549/781/778 1605/594/778 1602/591/778
f 1548/606/779 1483/599/779 1603/592/779 1604/593/779
f 1489/786/780 1488/787/780 1611/610/780 1610/609/780
f 1488/625/781 1560/624/781 1612/611/781 1611/610/781
f 1561/788/782 1489/789/782 1610/609/782 1613/612/782
f 1551/628/783 1493/627/783 1616/615/783 1615/614/783
f 1492/790/784 1550/791/784 1614/613/784 1617/616/784
f 1563/632/785 1495/631/785 1620/619/785 1619/618/785
f 1495/792/786 1494/793/786 1621/620/786 1620/619/786
f 1494/794/787 1562/795/787 1618/617/787 1621/620/787
f 1491/744/788 1551/628/788 1615/614/788 1622/743/788
f 1550/791/789 1490/796/789 1623/742/789 1614/613/789
f 1560/624/790 1491/744/790 1622/743/790 1612/611/790
f 1490/796/791 1561/788/791 1613/612/791 1623/742/791
f 1493/627/792 1563/632/792 1619/618/792 1616/615/792
f 1562/795/793 1492/790/793 1617/616/793 1618/617/793
f 1428/499/794 1538/797/794 1484/798/794
f 1437/498/795 1480/799/795 1538/797/795 1428/499/795
f 1472/570/796 1532/800/796 1432/696/796 1434/506/796
f 1432/696/797 1532/800/797 1474/801/797 1440/802/797
f 1496/803/798 1440/802/798 1474/801/798 1544/804/798
f 1480/799/799 1437/498/799 1436/702/799 1537/805/799
f 1436/702/800 1441/637/800 1482/636/800 1537/805/800
f 1549/635/801 1499/638/801 1498/806/801 1487/807/801
f 1497/808/802 1496/803/802 1544/804/802 1476/809/802
f 1567/542/803 1502/545/803 1505/810/803 1471/811/803
f 1442/510/804 1555/695/804 1466/540/645 1446/507/648
f 1444/693/805 1443/514/805 1550/516/805 1492/694/805
f 1431/500/661 1561/622/663 1490/515/641 1447/501/640
f 1504/812/806 1503/692/806 1562/691/806 1494/813/806
f 1430/504/647 1556/541/646 1464/814/807
f 1633/815/808 1636/63/808 1638/62/808 1624/61/808
f 1628/816/809 1629/67/809 1627/66/809 1626/65/809
f 1635/68/810 1629/71/811 1628/70/811 1634/69/812
f 1624/61/813 1638/62/813 1639/73/813 1630/72/813
f 1625/74/814 1632/77/814 1635/76/814 1631/75/814
f 1630/72/815 1634/78/815 1633/815/815 1624/61/815
f 1634/78/816 1628/816/816 1626/65/816 1633/815/816
f 1632/77/817 1627/66/817 1629/67/817 1635/76/817
f 1636/63/818 1625/74/818 1645/79/818
f 1640/80/819 1637/83/819 1639/817/819 1641/81/819
f 1641/81/820 1639/817/820 1638/85/820 1642/84/820
f 1642/84/821 1638/85/822 1636/87/822 1643/86/823
f 1643/86/824 1636/87/824 1645/89/824 1644/88/824
f 1644/90/825 1645/91/825 1637/83/825 1640/80/825
f 1641/81/826 1647/93/826 1646/92/826 1640/80/826
f 1642/84/827 1648/94/827 1647/93/827 1641/81/827
f 1643/86/823 1649/95/828 1648/94/828 1642/84/821
f 1644/88/829 1650/96/829 1649/95/829 1643/86/829
f 1640/80/830 1646/92/830 1650/97/830 1644/90/830
f 1647/93/831 1652/99/831 1651/98/831 1646/92/831
f 1648/94/832 1653/100/832 1652/99/832 1647/93/832
f 1649/95/833 1654/101/833 1653/100/833 1648/94/833
f 1650/96/834 1655/102/834 1654/101/834 1649/95/834
f 1646/92/835 1651/98/835 1655/103/835 1650/97/835
f 1652/99/836 1657/818/836 1656/104/836 1651/98/836
f 1653/100/837 1658/106/837 1657/818/837 1652/99/837
f 1654/101/838 1659/107/838 1658/106/838 1653/100/838
f 1655/102/839 1660/108/839 1659/107/839 1654/101/839
f 1651/98/840 1656/104/840 1660/109/840 1655/103/840
f 1631/75/841 1637/110/841 1645/79/841
f 1631/75/842 1645/79/842 1625/74/842
f 1634/69/843 1630/113/843 1639/112/843 1637/111/843
f 1634/69/812 1637/111/844 1631/114/844 1635/68/810
f 1633/815/845 1626/65/846 1627/66/846 1632/77/847
f 1633/815/845 1632/77/847 1625/74/848 1636/63/848
f 1661/819/446 1662/820/446 1664/821/446 1663/822/446
f 1663/822/849 1664/821/849 1666/823/849 1665/824/849
f 1665/824/448 1666/823/448 1668/825/448 1667/826/448
f 1667/826/850 1668/825/850 1662/820/850 1661/819/850
f 1662/820/624 1668/825/624 1666/823/624 1664/821/624
f 1667/826/851 1661/819/851 1663/822/851 1665/824/851
f 1711/827/2 1712/828/2 1710/829/2 1709/830/2
f 1711/827/2 1714/831/2 1713/832/2 1712/828/2
f 1711/827/2 1716/833/2 1715/834/2 1714/831/2
f 1711/827/2 1718/835/2 1717/836/2 1716/833/2
f 1711/827/2 1709/830/2 1719/837/2 1718/835/2
f 1669/838/504 1679/839/504 1680/840/504 1670/841/504
f 1670/841/852 1680/840/852 1681/842/852 1671/843/852
f 1671/843/506 1681/842/506 1682/844/506 1672/845/506
f 1672/845/507 1682/844/507 1683/846/507 1673/847/507
f 1673/847/508 1683/846/508 1684/848/508 1674/849/508
f 1674/849/509 1684/848/509 1685/850/509 1675/851/509
f 1675/851/853 1685/850/853 1686/852/853 1676/853/853
f 1676/853/511 1686/852/511 1687/854/511 1677/855/511
f 1677/855/512 1687/854/512 1688/856/512 1678/857/512
f 1678/857/513 1688/856/513 1679/839/513 1669/838/513
f 1679/839/514 1689/858/514 1690/859/514 1680/840/514
f 1680/840/854 1690/859/854 1691/860/854 1681/842/854
f 1681/842/516 1691/860/516 1692/861/516 1682/844/516
f 1682/844/517 1692/861/517 1693/862/517 1683/846/517
f 1683/846/518 1693/862/518 1694/863/518 1684/848/518
f 1684/848/519 1694/863/519 1695/864/519 1685/850/519
f 1685/850/855 1695/864/855 1696/865/855 1686/852/855
f 1686/852/521 1696/865/521 1697/866/521 1687/854/521
f 1687/854/522 1697/866/522 1698/867/522 1688/856/522
f 1688/856/523 1698/867/523 1689/858/523 1679/839/523
f 1689/858/2 1699/868/2 1700/869/2 1690/859/2
f 1690/859/2 1700/869/2 1701/870/2 1691/860/2
f 1691/860/2 1701/870/2 1702/871/2 1692/861/2
f 1692/861/2 1702/871/2 1703/872/2 1693/862/2
f 1693/862/2 1703/872/2 1704/873/2 1694/863/2
f 1694/863/2 1704/873/2 1705/874/2 1695/864/2
f 1695/864/2 1705/874/2 1706/875/2 1696/865/2
f 1696/865/2 1706/875/2 1707/876/2 1697/866/2
f 1697/866/2 1707/876/2 1708/877/2 1698/867/2
f 1698/867/2 1708/877/2 1699/868/2 1689/858/2
f 1699/868/524 1721/878/524 1720/879/524 1700/869/524
f 1700/869/856 1720/879/856 1729/880/856 1701/870/856
f 1701/870/526 1729/880/526 1728/881/526 1702/871/526
f 1702/871/527 1728/881/527 1727/882/527 1703/872/527
f 1703/872/606 1727/882/606 1726/883/606 1704/873/606
f 1704/873/529 1726/883/529 1725/884/529 1705/874/529
f 1705/874/530 1725/884/530 1724/885/530 1706/875/530
f 1706/875/531 1724/885/531 1723/886/531 1707/876/531
f 1707/876/532 1723/886/532 1722/887/532 1708/877/532
f 1708/877/857 1722/887/857 1721/878/857 1699/868/857
f 1721/878/534 1709/830/534 1710/829/534 1720/879/534
f 1722/887/535 1719/837/535 1709/830/535 1721/878/535
f 1723/886/536 1718/835/536 1719/837/536 1722/887/536
f 1724/885/537 1717/836/537 1718/835/537 1723/886/537
f 1725/884/858 1716/833/858 1717/836/858 1724/885/858
f 1726/883/539 1715/834/539 1716/833/539 1725/884/539
f 1727/882/540 1714/831/540 1715/834/540 1726/883/540
f 1728/881/541 1713/832/541 1714/831/541 1727/882/541
f 1729/880/542 1712/828/542 1713/832/542 1728/881/542
f 1720/879/859 1710/829/859 1712/828/859 1729/880/859
f 1669/838/544 1670/841/544 1791/888/544 1792/889/544
f 1678/857/545 1669/838/545 1792/890/545 1793/891/545
f 1677/855/546 1678/857/546 1793/891/546 1794/892/546
f 1676/853/547 1677/855/547 1794/892/547 1795/893/547
f 1675/851/548 1676/853/548 1795/894/548 1796/895/548
f 1674/849/549 1675/851/549 1796/895/549 1797/896/549
f 1673/847/550 1674/849/550 1797/897/550 1798/898/550
f 1672/845/551 1673/847/551 1798/898/551 1799/899/551
f 1671/843/552 1672/845/552 1799/899/552 1800/900/552
f 1670/841/553 1671/843/553 1800/901/553 1791/888/553
f 1772/902/5 1770/903/5 1771/904/5 1773/905/5
f 1772/902/5 1773/905/5 1774/906/5 1775/907/5
f 1772/902/5 1775/907/5 1776/908/5 1777/909/5
f 1772/902/5 1777/909/5 1778/910/5 1779/911/5
f 1772/902/5 1779/911/5 1780/912/5 1770/903/5
f 1730/913/554 1731/914/554 1741/915/554 1740/916/554
f 1731/914/555 1732/917/555 1742/918/555 1741/915/555
f 1732/917/556 1733/919/556 1743/920/556 1742/918/556
f 1733/919/557 1734/921/557 1744/922/557 1743/920/557
f 1734/921/558 1735/923/558 1745/924/558 1744/922/558
f 1735/923/559 1736/925/559 1746/926/559 1745/924/559
f 1736/925/860 1737/927/860 1747/928/860 1746/926/860
f 1737/927/561 1738/929/561 1748/930/561 1747/928/561
f 1738/929/562 1739/931/562 1749/932/562 1748/930/562
f 1739/931/563 1730/913/563 1740/916/563 1749/932/563
f 1740/916/564 1741/915/564 1751/933/564 1750/934/564
f 1741/915/861 1742/918/861 1752/935/861 1751/933/861
f 1742/918/566 1743/920/566 1753/936/566 1752/935/566
f 1743/920/567 1744/922/567 1754/937/567 1753/936/567
f 1744/922/568 1745/924/568 1755/938/568 1754/937/568
f 1745/924/569 1746/926/569 1756/939/569 1755/938/569
f 1746/926/862 1747/928/862 1757/940/862 1756/939/862
f 1747/928/571 1748/930/571 1758/941/571 1757/940/571
f 1748/930/572 1749/932/572 1759/942/572 1758/941/572
f 1749/932/573 1740/916/573 1750/934/573 1759/942/573
f 1750/934/5 1751/933/5 1761/943/5 1760/944/5
f 1751/933/5 1752/935/5 1762/945/5 1761/943/5
f 1752/935/5 1753/936/5 1763/946/5 1762/945/5
f 1753/936/5 1754/937/5 1764/947/5 1763/946/5
f 1754/937/5 1755/938/5 1765/948/5 1764/947/5
f 1755/938/5 1756/939/5 1766/949/5 1765/948/5
f 1756/939/5 1757/940/5 1767/950/5 1766/949/5
f 1757/940/5 1758/941/5 1768/951/5 1767/950/5
f 1758/941/5 1759/942/5 1769/952/5 1768/951/5
f 1759/942/5 1750/934/5 1760/944/5 1769/952/5
f 1760/944/574 1761/943/574 1781/953/574 1782/954/574
f 1761/943/863 1762/945/863 1790/955/863 1781/953/863
f 1762/945/576 1763/946/576 1789/956/576 1790/955/576
f 1763/946/577 1764/947/577 1788/957/577 1789/956/577
f 1764/947/578 1765/948/578 1787/958/578 1788/957/578
f 1765/948/579 1766/949/579 1786/959/579 1787/958/579
f 1766/949/611 1767/950/611 1785/960/611 1786/959/611
f 1767/950/581 1768/951/581 1784/961/581 1785/960/581
f 1768/951/582 1769/952/582 1783/962/582 1784/961/582
f 1769/952/864 1760/944/864 1782/954/864 1783/962/864
f 1782/954/584 1781/953/584 1771/904/584 1770/903/584
f 1783/962/585 1782/954/585 1770/903/585 1780/912/585
f 1784/961/586 1783/962/586 1780/912/586 1779/911/586
f 1785/960/587 1784/961/587 1779/911/587 1778/910/587
f 1786/959/588 1785/960/588 1778/910/588 1777/909/588
f 1787/958/589 1786/959/589 1777/909/589 1776/908/589
f 1788/957/590 1787/958/590 1776/908/590 1775/907/590
f 1789/956/591 1788/957/591 1775/907/591 1774/906/591
f 1790/955/592 1789/956/592 1774/906/592 1773/905/592
f 1781/953/593 1790/955/593 1773/905/593 1771/904/593
f 1792/963/594 1791/964/594 1731/914/594 1730/913/594
f 1793/965/595 1792/966/595 1730/913/595 1739/931/595
f 1794/967/596 1793/965/596 1739/931/596 1738/929/596
f 1795/968/865 1794/967/865 1738/929/865 1737/927/865
f 1796/969/598 1795/970/598 1737/927/598 1736/925/598
f 1797/971/599 1796/969/599 1736/925/599 1735/923/599
f 1798/972/600 1797/973/600 1735/923/600 1734/921/600
f 1799/974/601 1798/972/601 1734/921/601 1733/919/601
f 1800/975/866 1799/974/866 1733/919/866 1732/917/866
f 1791/964/603 1800/976/603 1732/917/603 1731/914/603
f 1843/977/2 1844/978/2 1842/979/2 1841/980/2
f 1843/977/2 1846/981/2 1845/982/2 1844/978/2
f 1843/977/2 1848/983/2 1847/984/2 1846/981/2
f 1843/977/2 1850/985/2 1849/986/2 1848/983/2
f 1843/977/2 1841/980/2 1851/987/2 1850/985/2
f 1801/988/504 1811/989/504 1812/990/504 1802/991/504
f 1802/991/852 1812/990/852 1813/992/852 1803/993/852
f 1803/993/506 1813/992/506 1814/994/506 1804/995/506
f 1804/995/507 1814/994/507 1815/996/507 1805/997/507
f 1805/997/508 1815/996/508 1816/998/508 1806/999/508
f 1806/999/509 1816/998/509 1817/1000/509 1807/1001/509
f 1807/1001/853 1817/1000/853 1818/1002/853 1808/1003/853
f 1808/1003/511 1818/1002/511 1819/1004/511 1809/1005/511
f 1809/1005/512 1819/1004/512 1820/1006/512 1810/1007/512
f 1810/1007/513 1820/1006/513 1811/989/513 1801/988/513
f 1811/989/514 1821/1008/514 1822/1009/514 1812/990/514
f 1812/990/854 1822/1009/854 1823/1010/854 1813/992/854
f 1813/992/516 1823/1010/516 1824/1011/516 1814/994/516
f 1814/994/517 1824/1011/517 1825/1012/517 1815/996/517
f 1815/996/518 1825/1012/518 1826/1013/518 1816/998/518
f 1816/998/519 1826/1013/519 1827/1014/519 1817/1000/519
f 1817/1000/867 1827/1014/867 1828/1015/867 1818/1002/867
f 1818/1002/521 1828/1015/521 1829/1016/521 1819/1004/521
f 1819/1004/522 1829/1016/522 1830/1017/522 1820/1006/522
f 1820/1006/523 1830/1017/523 1821/1008/523 1811/989/523
f 1821/1008/2 1831/1018/2 1832/1019/2 1822/1009/2
f 1822/1009/2 1832/1019/2 1833/1020/2 1823/1010/2
f 1823/1010/2 1833/1020/2 1834/1021/2 1824/1011/2
f 1824/1011/2 1834/1021/2 1835/1022/2 1825/1012/2
f 1825/1012/2 1835/1022/2 1836/1023/2 1826/1013/2
f 1826/1013/2 1836/1023/2 1837/1024/2 1827/1014/2
f 1827/1014/2 1837/1024/2 1838/1025/2 1828/1015/2
f 1828/1015/2 1838/1025/2 1839/1026/2 1829/1016/2
f 1829/1016/2 1839/1026/2 1840/1027/2 1830/1017/2
f 1830/1017/2 1840/1027/2 1831/1018/2 1821/1008/2
f 1831/1018/524 1853/1028/524 1852/1029/524 1832/1019/524
f 1832/1019/525 1852/1029/525 1861/1030/525 1833/1020/525
f 1833/1020/526 1861/1030/526 1860/1031/526 1834/1021/526
f 1834/1021/527 1860/1031/527 1859/1032/527 1835/1022/527
f 1835/1022/606 1859/1032/606 1858/1033/606 1836/1023/606
f 1836/1023/529 1858/1033/529 1857/1034/529 1837/1024/529
f 1837/1024/530 1857/1034/530 1856/1035/530 1838/1025/530
f 1838/1025/531 1856/1035/531 1855/1036/531 1839/1026/531
f 1839/1026/532 1855/1036/532 1854/1037/532 1840/1027/532
f 1840/1027/533 1854/1037/533 1853/1028/533 1831/1018/533
f 1853/1028/534 1841/980/534 1842/979/534 1852/1029/534
f 1854/1037/535 1851/987/535 1841/980/535 1853/1028/535
f 1855/1036/536 1850/985/536 1851/987/536 1854/1037/536
f 1856/1035/537 1849/986/537 1850/985/537 1855/1036/537
f 1857/1034/858 1848/983/858 1849/986/858 1856/1035/858
f 1858/1033/539 1847/984/539 1848/983/539 1857/1034/539
f 1859/1032/540 1846/981/540 1847/984/540 1858/1033/540
f 1860/1031/541 1845/982/541 1846/981/541 1859/1032/541
f 1861/1030/542 1844/978/542 1845/982/542 1860/1031/542
f 1852/1029/543 1842/979/543 1844/978/543 1861/1030/543
f 1801/988/544 1802/991/544 1923/1038/544 1924/1039/544
f 1810/1007/545 1801/988/545 1924/1040/545 1925/1041/545
f 1809/1005/546 1810/1007/546 1925/1041/546 1926/1042/546
f 1808/1003/547 1809/1005/547 1926/1042/547 1927/1043/547
f 1807/1001/548 1808/1003/548 1927/1044/548 1928/1045/548
f 1806/999/549 1807/1001/549 1928/1045/549 1929/1046/549
f 1805/997/550 1806/999/550 1929/1047/550 1930/1048/550
f 1804/995/551 1805/997/551 1930/1048/551 1931/1049/551
f 1803/993/552 1804/995/552 1931/1049/552 1932/1050/552
f 1802/991/553 1803/993/553 1932/1051/553 1923/1038/553
f 1904/1052/5 1902/1053/5 1903/1054/5 1905/1055/5
f 1904/1052/5 1905/1055/5 1906/1056/5 1907/1057/5
f 1904/1052/5 1907/1057/5 1908/1058/5 1909/1059/5
f 1904/1052/5 1909/1059/5 1910/1060/5 1911/1061/5
f 1904/1052/5 1911/1061/5 1912/1062/5 1902/1053/5
f 1862/1063/554 1863/1064/554 1873/1065/554 1872/1066/554
f 1863/1064/868 1864/1067/868 1874/1068/868 1873/1065/868
f 1864/1067/556 1865/1069/556 1875/1070/556 1874/1068/556
f 1865/1069/557 1866/1071/557 1876/1072/557 1875/1070/557
f 1866/1071/558 1867/1073/558 1877/1074/558 1876/1072/558
f 1867/1073/559 1868/1075/559 1878/1076/559 1877/1074/559
f 1868/1075/860 1869/1077/860 1879/1078/860 1878/1076/860
f 1869/1077/561 1870/1079/561 1880/1080/561 1879/1078/561
f 1870/1079/562 1871/1081/562 1881/1082/562 1880/1080/562
f 1871/1081/563 1862/1063/563 1872/1066/563 1881/1082/563
f 1872/1066/564 1873/1065/564 1883/1083/564 1882/1084/564
f 1873/1065/861 1874/1068/861 1884/1085/861 1883/1083/861
f 1874/1068/566 1875/1070/566 1885/1086/566 1884/1085/566
f 1875/1070/567 1876/1072/567 1886/1087/567 1885/1086/567
f 1876/1072/568 1877/1074/568 1887/1088/568 1886/1087/568
f 1877/1074/569 1878/1076/569 1888/1089/569 1887/1088/569
f 1878/1076/862 1879/1078/862 1889/1090/862 1888/1089/862
f 1879/1078/571 1880/1080/571 1890/1091/571 1889/1090/571
f 1880/1080/572 1881/1082/572 1891/1092/572 1890/1091/572
f 1881/1082/573 1872/1066/573 1882/1084/573 1891/1092/573
f 1882/1084/5 1883/1083/5 1893/1093/5 1892/1094/5
f 1883/1083/5 1884/1085/5 1894/1095/5 1893/1093/5
f 1884/1085/5 1885/1086/5 1895/1096/5 1894/1095/5
f 1885/1086/5 1886/1087/5 1896/1097/5 1895/1096/5
f 1886/1087/5 1887/1088/5 1897/1098/5 1896/1097/5
f 1887/1088/5 1888/1089/5 1898/1099/5 1897/1098/5
f 1888/1089/5 1889/1090/5 1899/1100/5 1898/1099/5
f 1889/1090/5 1890/1091/5 1900/1101/5 1899/1100/5
f 1890/1091/5 1891/1092/5 1901/1102/5 1900/1101/5
f 1891/1092/5 1882/1084/5 1892/1094/5 1901/1102/5
f 1892/1094/574 1893/1093/574 1913/1103/574 1914/1104/574
f 1893/1093/575 1894/1095/575 1922/1105/575 1913/1103/575
f 1894/1095/576 1895/1096/576 1921/1106/576 1922/1105/576
f 1895/1096/577 1896/1097/577 1920/1107/577 1921/1106/577
f 1896/1097/578 1897/1098/578 1919/1108/578 1920/1107/578
f 1897/1098/579 1898/1099/579 1918/1109/579 1919/1108/579
f 1898/1099/611 1899/1100/611 1917/1110/611 1918/1109/611
f 1899/1100/581 1900/1101/581 1916/1111/581 1917/1110/581
f 1900/1101/582 1901/1102/582 1915/1112/582 1916/1111/582
f 1901/1102/583 1892/1094/583 1914/1104/583 1915/1112/583
f 1914/1104/584 1913/1103/584 1903/1054/584 1902/1053/584
f 1915/1112/585 1914/1104/585 1902/1053/585 1912/1062/585
f 1916/1111/586 1915/1112/586 1912/1062/586 1911/1061/586
f 1917/1110/587 1916/1111/587 1911/1061/587 1910/1060/587
f 1918/1109/588 1917/1110/588 1910/1060/588 1909/1059/588
f 1919/1108/589 1918/1109/589 1909/1059/589 1908/1058/589
f 1920/1107/590 1919/1108/590 1908/1058/590 1907/1057/590
f 1921/1106/591 1920/1107/591 1907/1057/591 1906/1056/591
f 1922/1105/592 1921/1106/592 1906/1056/592 1905/1055/592
f 1913/1103/593 1922/1105/593 1905/1055/593 1903/1054/593
f 1924/1113/594 1923/1114/594 1863/1064/594 1862/1063/594
f 1925/1115/595 1924/1116/595 1862/1063/595 1871/1081/595
f 1926/1117/596 1925/1115/596 1871/1081/596 1870/1079/596
f 1927/1118/597 1926/1117/597 1870/1079/597 1869/1077/597
f 1928/1119/598 1927/1120/598 1869/1077/598 1868/1075/598
f 1929/1121/599 1928/1119/599 1868/1075/599 1867/1073/599
f 1930/1122/600 1929/1123/600 1867/1073/600 1866/1071/600
f 1931/1124/601 1930/1122/601 1866/1071/601 1865/1069/601
f 1932/1125/866 1931/1124/866 1865/1069/866 1864/1067/866
f 1923/1114/603 1932/1126/603 1864/1067/603 1863/1064/603
f 1933/52/448 1935/53/448 1936/54/448 1934/55/448
f 1935/53/457 1937/56/457 1938/1127/457 1936/54/457
f 1937/56/446 1939/58/446 1940/1128/446 1938/1127/446
f 1939/58/458 1933/52/458 1934/55/458 1940/1128/458
f 1934/55/459 1936/54/459 1938/1127/459 1940/1128/459
f 1939/58/460 1937/56/460 1935/53/460 1933/52/460
f 1941/429/446 1942/430/446 1944/431/446 1943/432/446
f 1943/432/612 1944/431/612 1946/433/612 1945/434/612
f 1945/434/448 1946/433/448 1948/435/448 1947/436/448
f 1947/436/613 1948/435/613 1942/430/613 1941/429/613
f 1942/430/614 1948/435/614 1946/433/614 1944/431/614
f 1947/436/615 1941/429/615 1943/432/615 1945/434/615
f 1953/1129/869 1951/1130/869 1952/1131/869 1954/1132/869
f 1955/1133/870 1956/1134/870 1949/1135/870 1950/1136/870
f 1957/1137/871 1958/1138/871 1954/1132/871 1956/1134/871
f 1960/1139/872 1953/1129/872 1954/1132/872 1958/1138/872
f 1955/1133/873 1961/1140/873 1957/1137/873 1956/1134/873
f 1962/1141/450 1963/1142/450 1958/1138/450 1957/1137/450
f 1952/1143/874 1949/1144/874 1956/1134/874 1954/1132/874
f 1964/1145/875 1951/1146/875 1953/1129/875 1960/1139/875
f 1963/1142/450 1964/1147/450 1960/1139/450 1958/1138/450
f 1950/1148/876 1959/1149/876 1961/1140/876 1955/1133/876
f 1959/1150/450 1962/1141/450 1957/1137/450 1961/1140/450
f 1965/1151/447 1977/1152/447 1978/1153/447 1967/1154/447
f 1984/1155/877 1985/1156/877 1979/1157/877 1969/1158/877
f 1969/1159/450 1979/1160/450 1980/1161/450 1971/1162/450
f 1971/1163/878 1980/1164/878 1982/1165/878 1983/1166/878
f 1988/1167/879 1972/1168/879 1970/1169/879 1987/1170/879
f 1971/1171/880 1983/1172/880 1984/1173/880 1969/1174/880
f 1973/1175/447 1966/1176/447 1968/1177/447 1974/1178/447
f 1975/1179/877 1986/1180/877 1987/1181/877 1970/1182/877
f 1976/1183/450 1975/1184/450 1970/1185/450 1972/1186/450
f 1988/1187/878 1981/1188/878 1976/1189/878 1972/1190/878
f 1977/1152/447 1973/1175/447 1974/1178/447 1978/1153/447
f 1979/1157/877 1985/1156/877 1986/1180/877 1975/1179/877
f 1980/1161/450 1979/1160/450 1975/1184/450 1976/1183/450
f 1982/1165/878 1980/1164/878 1976/1189/878 1981/1188/878
f 1977/1191/881 1982/1165/881 1981/1188/881 1973/1192/881
f 1983/1166/881 1982/1165/881 1977/1191/881 1965/1193/881
f 1984/1173/882 1983/1172/882 1965/1194/882 1967/1195/882
f 1967/1196/883 1978/1197/883 1985/1156/883 1984/1155/883
f 1986/1180/883 1985/1156/883 1978/1197/883 1974/1198/883
f 1987/1181/883 1986/1180/883 1974/1198/883 1968/1199/883
f 1966/1200/884 1988/1167/884 1987/1170/884 1968/1201/884
f 1973/1192/881 1981/1188/881 1988/1187/881 1966/1202/881
f 1989/1203/885 1990/1204/885 1992/1205/885 1991/1206/885
f 1991/1207/447 1992/1208/447 1994/1209/447 1993/1210/447
f 1993/1210/886 1994/1209/886 1996/1211/886 1995/1212/886
f 1995/1212/450 1996/1211/450 1990/1204/450 1989/1203/450
f 1990/1213/2 1996/1211/2 1994/1209/2 1992/1214/2
f 1995/1212/5 1989/1215/5 1991/1216/5 1993/1210/5
f 1997/819/446 1998/820/446 2000/821/446 1999/822/446
f 1999/822/849 2000/821/849 2002/823/849 2001/824/849
f 2001/824/448 2002/823/448 2004/825/448 2003/826/448
f 2003/826/850 2004/825/850 1998/820/850 1997/819/850
f 1998/820/887 2004/825/887 2002/823/887 2000/821/887
f 2003/826/625 1997/819/625 1999/822/625 2001/824/625
f 2005/478/448 2007/479/448 2008/480/448 2006/481/448
f 2007/479/629 2009/482/629 2010/483/629 2008/480/629
f 2009/482/446 2011/484/446 2012/485/446 2010/483/446
f 2011/484/888 2005/478/888 2006/481/888 2012/485/888
f 2006/481/631 2008/480/631 2010/483/631 2012/485/631
f 2011/484/632 2009/482/632 2007/479/632 2005/478/632
