# Blender 5.1.2
# www.blender.org
mtllib bada building.mtl
o Cube.018
v -0.301258 -0.433331 0.562951
v -0.301258 -0.433331 0.587027
v -0.244622 -0.433331 0.562951
v -0.244622 -0.433331 0.587027
v -0.301258 -0.438416 0.562951
v -0.301258 -0.438416 0.587027
v -0.244622 -0.438416 0.562951
v -0.244622 -0.438416 0.587027
v -0.401536 -0.433331 0.562951
v -0.401536 -0.433331 0.587027
v -0.344900 -0.433331 0.562951
v -0.344900 -0.433331 0.587027
v -0.401536 -0.438416 0.562951
v -0.401536 -0.438416 0.587027
v -0.344900 -0.438416 0.562951
v -0.344900 -0.438416 0.587027
v -0.301258 -0.450112 0.562951
v -0.301258 -0.450112 0.587027
v -0.244622 -0.450112 0.562951
v -0.244622 -0.450112 0.587027
v -0.301258 -0.455197 0.562951
v -0.301258 -0.455197 0.587027
v -0.244622 -0.455197 0.562951
v -0.244622 -0.455197 0.587027
v -0.401536 -0.450112 0.562951
v -0.401536 -0.450112 0.587027
v -0.344900 -0.450112 0.562951
v -0.344900 -0.450112 0.587027
v -0.401536 -0.455197 0.562951
v -0.401536 -0.455197 0.587027
v -0.344900 -0.455197 0.562951
v -0.344900 -0.455197 0.587027
v -0.301258 -0.466893 0.562951
v -0.301258 -0.466893 0.587027
v -0.244622 -0.466893 0.562951
v -0.244622 -0.466893 0.587027
v -0.301258 -0.471978 0.562951
v -0.301258 -0.471978 0.587027
v -0.244622 -0.471978 0.562951
v -0.244622 -0.471978 0.587027
v -0.401536 -0.466893 0.562951
v -0.401536 -0.466893 0.587027
v -0.344900 -0.466893 0.562951
v -0.344900 -0.466893 0.587027
v -0.401536 -0.471978 0.562951
v -0.401536 -0.471978 0.587027
v -0.344900 -0.471978 0.562951
v -0.344900 -0.471978 0.587027
v -0.301258 -0.483674 0.562951
v -0.301258 -0.483674 0.587027
v -0.244622 -0.483674 0.562951
v -0.244622 -0.483674 0.587027
v -0.301258 -0.488759 0.562951
v -0.301258 -0.488759 0.587027
v -0.244622 -0.488759 0.562951
v -0.244622 -0.488759 0.587027
v -0.401536 -0.483674 0.562951
v -0.401536 -0.483674 0.587027
v -0.344900 -0.483674 0.562951
v -0.344900 -0.483674 0.587027
v -0.401536 -0.488759 0.562951
v -0.401536 -0.488759 0.587027
v -0.344900 -0.488759 0.562951
v -0.344900 -0.488759 0.587027
v -0.301258 -0.500455 0.562951
v -0.301258 -0.500455 0.587027
v -0.244622 -0.500455 0.562951
v -0.244622 -0.500455 0.587027
v -0.301258 -0.505540 0.562951
v -0.301258 -0.505540 0.587027
v -0.244622 -0.505540 0.562951
v -0.244622 -0.505540 0.587027
v -0.401536 -0.500455 0.562951
v -0.401536 -0.500455 0.587027
v -0.344900 -0.500455 0.562951
v -0.344900 -0.500455 0.587027
v -0.401536 -0.505540 0.562951
v -0.401536 -0.505540 0.587027
v -0.344900 -0.505540 0.562951
v -0.344900 -0.505540 0.587027
v -0.399617 -0.429079 0.562497
v -0.399617 -0.429079 0.585250
v -0.346818 -0.429079 0.562497
v -0.346818 -0.429079 0.585250
v -0.399617 -0.511435 0.562497
v -0.399617 -0.511435 0.585250
v -0.346818 -0.511435 0.562497
v -0.346818 -0.511435 0.585250
v -0.299340 -0.429079 0.562497
v -0.299340 -0.429079 0.585250
v -0.246541 -0.429079 0.562497
v -0.246541 -0.429079 0.585250
v -0.299340 -0.511435 0.562497
v -0.299340 -0.511435 0.585250
v -0.246541 -0.511435 0.562497
v -0.246541 -0.511435 0.585250
v -0.440875 -0.395709 0.575626
v -0.440875 -0.395709 0.581472
v -0.445533 -0.392881 0.575626
v -0.445533 -0.392881 0.581472
v -0.438047 -0.391051 0.575626
v -0.438047 -0.391051 0.581472
v -0.442705 -0.388223 0.575626
v -0.442705 -0.388223 0.581472
v -0.442140 -0.390534 0.581472
v -0.443222 -0.392316 0.581472
v -0.441440 -0.393398 0.581472
v -0.440358 -0.391616 0.581472
v -0.442359 -0.390211 0.602238
v -0.443307 -0.392065 0.602338
v -0.441487 -0.393016 0.601979
v -0.440539 -0.391162 0.601879
v -0.442010 -0.390284 0.604199
v -0.442958 -0.392137 0.604299
v -0.441138 -0.393088 0.603940
v -0.440190 -0.391234 0.603840
v -0.467435 -0.379463 0.607100
v -0.466486 -0.377609 0.607000
v -0.435128 -0.393988 0.600811
v -0.436076 -0.395842 0.600911
v -0.467086 -0.379535 0.609061
v -0.466137 -0.377682 0.608961
v -0.434779 -0.394061 0.602772
v -0.435727 -0.395914 0.602872
v -0.433073 -0.386808 0.609331
v -0.432949 -0.386150 0.608250
v -0.432011 -0.387452 0.609061
v -0.431887 -0.386795 0.607979
v -0.444572 -0.401460 0.599102
v -0.444448 -0.400803 0.598021
v -0.443510 -0.402105 0.598832
v -0.443386 -0.401447 0.597750
v -0.438915 -0.383262 0.610818
v -0.438791 -0.382604 0.609736
v -0.437853 -0.383906 0.610547
v -0.437729 -0.383249 0.609466
v -0.450414 -0.397914 0.600589
v -0.450290 -0.397256 0.599507
v -0.449351 -0.398559 0.600318
v -0.449227 -0.397901 0.599237
v -0.444756 -0.379715 0.612304
v -0.444632 -0.379058 0.611223
v -0.443694 -0.380360 0.612034
v -0.443570 -0.379703 0.610953
v -0.456255 -0.394368 0.602075
v -0.456131 -0.393710 0.600994
v -0.455193 -0.395012 0.601805
v -0.455069 -0.394355 0.600724
v -0.450597 -0.376169 0.613791
v -0.450473 -0.375512 0.612710
v -0.449535 -0.376814 0.613521
v -0.449411 -0.376156 0.612439
v -0.462096 -0.390821 0.603562
v -0.461972 -0.390164 0.602481
v -0.461034 -0.391466 0.603292
v -0.460910 -0.390809 0.602211
v -0.456438 -0.372623 0.615278
v -0.456314 -0.371965 0.614196
v -0.455376 -0.373268 0.615007
v -0.455252 -0.372610 0.613926
v -0.467937 -0.387275 0.605049
v -0.467813 -0.386618 0.603968
v -0.466875 -0.387920 0.604778
v -0.466751 -0.387262 0.603697
v -0.450250 -0.394034 0.575626
v -0.439722 -0.400425 0.575626
v -0.443858 -0.383507 0.575626
v -0.433331 -0.389898 0.575626
v -0.450250 -0.394034 0.558132
v -0.439722 -0.400425 0.558132
v -0.443858 -0.383507 0.558132
v -0.433331 -0.389898 0.558132
v -0.345873 -0.353863 0.106516
v -0.345873 -0.353863 0.281557
v -0.170832 -0.353863 0.106516
v -0.170832 -0.353863 0.281557
v -0.345873 -0.614619 0.106516
v -0.339880 -0.620997 0.290309
v -0.170832 -0.614619 0.106516
v -0.176825 -0.620997 0.290309
v -0.462058 -0.353863 0.106516
v -0.462058 -0.353863 0.281557
v -0.462058 -0.614619 0.281557
v -0.462058 -0.614619 0.106516
v -0.295943 -0.353863 0.106516
v -0.220763 -0.353863 0.106516
v -0.229515 -0.353863 0.290309
v -0.287191 -0.353863 0.290309
v -0.220763 -0.667756 0.106516
v -0.295943 -0.667756 0.106516
v -0.301936 -0.661378 0.290309
v -0.229515 -0.667756 0.290309
v -0.345873 -0.353863 0.142382
v -0.170832 -0.353863 0.142382
v -0.176825 -0.620997 0.151134
v -0.339880 -0.620997 0.151134
v -0.462058 -0.353863 0.142382
v -0.462058 -0.614619 0.142382
v -0.301936 -0.661378 0.151134
v -0.229515 -0.667756 0.151134
v -0.229515 -0.353863 0.151134
v -0.287191 -0.353863 0.151134
v -0.345873 -0.353863 0.246942
v -0.462058 -0.353863 0.246942
v -0.229515 -0.667756 0.238190
v -0.287191 -0.353863 0.238190
v -0.170832 -0.353863 0.246942
v -0.176825 -0.620997 0.238190
v -0.339880 -0.620997 0.238190
v -0.462058 -0.614619 0.246942
v -0.301936 -0.661378 0.238190
v -0.229515 -0.353863 0.238190
v -0.345873 -0.614619 0.246942
v -0.345873 -0.614619 0.142382
v -0.287191 -0.667756 0.238190
v -0.287191 -0.667756 0.151134
v -0.295943 -0.667756 0.246942
v -0.295943 -0.667756 0.142382
v -0.214770 -0.661378 0.151134
v -0.214770 -0.661378 0.238190
v -0.170832 -0.614619 0.246942
v -0.170832 -0.614619 0.142382
v -0.220763 -0.667756 0.142382
v -0.220763 -0.667756 0.246942
v -0.373716 -0.353863 0.290309
v -0.373716 -0.614619 0.290309
v -0.364964 -0.614619 0.106516
v -0.364964 -0.353863 0.106516
v -0.373716 -0.353863 0.151134
v -0.364964 -0.614619 0.142382
v -0.373716 -0.353863 0.238190
v -0.364964 -0.614619 0.246942
v -0.424610 -0.353863 0.290309
v -0.433362 -0.353863 0.106516
v -0.424610 -0.353863 0.151134
v -0.433362 -0.614619 0.142382
v -0.424610 -0.353863 0.238190
v -0.433362 -0.614619 0.246942
v -0.424610 -0.614619 0.290309
v -0.433362 -0.614619 0.106516
v -0.170832 -0.614619 -0.002802
v -0.170832 -0.353863 -0.002802
v -0.462058 -0.353863 -0.002802
v -0.462058 -0.614619 -0.002802
v -0.364964 -0.614619 -0.002802
v -0.345873 -0.614619 -0.002802
v -0.433362 -0.353863 -0.002802
v -0.220763 -0.667756 -0.002802
v -0.295943 -0.667756 -0.002802
v -0.295943 -0.353863 -0.002802
v -0.220763 -0.353863 -0.002802
v -0.345873 -0.353863 -0.002802
v -0.433362 -0.614619 -0.002802
v -0.364964 -0.353863 -0.002802
v -0.433362 -0.598179 0.106516
v -0.364964 -0.598179 0.106516
v -0.364964 -0.598179 0.246942
v -0.364964 -0.598179 0.142382
v -0.433362 -0.598179 0.142382
v -0.433362 -0.598179 0.246942
v -0.330101 -0.611808 0.238190
v -0.330101 -0.611808 0.151134
v -0.292157 -0.652189 0.238190
v -0.292157 -0.652189 0.151134
v -0.287191 -0.654337 0.238190
v -0.287191 -0.654337 0.151134
v -0.229515 -0.654337 0.151134
v -0.229515 -0.654337 0.238190
v -0.186604 -0.611808 0.238190
v -0.186604 -0.611808 0.151134
v -0.224549 -0.652189 0.151134
v -0.224549 -0.652189 0.238190
v -0.358184 -0.614619 0.106516
v -0.440142 -0.614619 0.106516
v -0.358184 -0.614619 -0.002802
v -0.440142 -0.614619 -0.002802
v -0.440142 -0.785928 -0.002802
v -0.358184 -0.785928 -0.002802
v -0.358184 -0.633653 -0.002802
v -0.358184 -0.652687 -0.002802
v -0.358184 -0.671722 -0.002802
v -0.358184 -0.690756 -0.002802
v -0.358184 -0.709791 -0.002802
v -0.358184 -0.728825 -0.002802
v -0.358184 -0.747859 -0.002802
v -0.358184 -0.766894 -0.002802
v -0.440142 -0.766894 -0.002802
v -0.440142 -0.747859 -0.002802
v -0.440142 -0.728825 -0.002802
v -0.440142 -0.709791 -0.002802
v -0.440142 -0.690756 -0.002802
v -0.440142 -0.671722 -0.002802
v -0.440142 -0.652687 -0.002802
v -0.440142 -0.633653 -0.002802
v -0.358184 -0.633653 0.106516
v -0.358184 -0.652687 0.106516
v -0.440142 -0.633653 0.106516
v -0.440142 -0.652687 0.106516
v -0.358184 -0.614619 0.092851
v -0.358184 -0.614619 0.079186
v -0.358184 -0.614619 0.065522
v -0.358184 -0.614619 0.051857
v -0.358184 -0.614619 0.038192
v -0.358184 -0.614619 0.024527
v -0.358184 -0.614619 0.010863
v -0.440142 -0.614619 0.010863
v -0.440142 -0.614619 0.024527
v -0.440142 -0.614619 0.038192
v -0.440142 -0.614619 0.051857
v -0.440142 -0.614619 0.065522
v -0.440142 -0.614619 0.079186
v -0.440142 -0.614619 0.092851
v -0.358184 -0.785928 0.010863
v -0.440142 -0.785928 0.010863
v -0.440142 -0.633653 0.010863
v -0.440142 -0.633653 0.024527
v -0.440142 -0.633653 0.038192
v -0.440142 -0.633653 0.051857
v -0.440142 -0.633653 0.065522
v -0.440142 -0.633653 0.079186
v -0.440142 -0.633653 0.092851
v -0.440142 -0.652687 0.010863
v -0.440142 -0.652687 0.024527
v -0.440142 -0.652687 0.038192
v -0.440142 -0.652687 0.051857
v -0.440142 -0.652687 0.065522
v -0.440142 -0.652687 0.079186
v -0.440142 -0.652687 0.092851
v -0.440142 -0.671722 0.010863
v -0.440142 -0.671722 0.024527
v -0.440142 -0.671722 0.038192
v -0.440142 -0.671722 0.051857
v -0.440142 -0.671722 0.065522
v -0.440142 -0.671722 0.079186
v -0.440142 -0.671722 0.092851
v -0.440142 -0.690756 0.010863
v -0.440142 -0.690756 0.024527
v -0.440142 -0.690756 0.038192
v -0.440142 -0.690756 0.051857
v -0.440142 -0.690756 0.065522
v -0.440142 -0.690756 0.079186
v -0.440142 -0.709791 0.010863
v -0.440142 -0.709791 0.024527
v -0.440142 -0.709791 0.038192
v -0.440142 -0.709791 0.051857
v -0.440142 -0.709791 0.065522
v -0.440142 -0.728825 0.010863
v -0.440142 -0.728825 0.024527
v -0.440142 -0.728825 0.038192
v -0.440142 -0.728825 0.051857
v -0.440142 -0.747859 0.010863
v -0.440142 -0.747859 0.024527
v -0.440142 -0.747859 0.038192
v -0.440142 -0.766894 0.010863
v -0.440142 -0.766894 0.024527
v -0.358184 -0.633653 0.092851
v -0.358184 -0.633653 0.079186
v -0.358184 -0.633653 0.065522
v -0.358184 -0.633653 0.051857
v -0.358184 -0.633653 0.038192
v -0.358184 -0.633653 0.024527
v -0.358184 -0.633653 0.010863
v -0.358184 -0.652687 0.092851
v -0.358184 -0.652687 0.079186
v -0.358184 -0.652687 0.065522
v -0.358184 -0.652687 0.051857
v -0.358184 -0.652687 0.038192
v -0.358184 -0.652687 0.024527
v -0.358184 -0.652687 0.010863
v -0.358184 -0.671722 0.092851
v -0.358184 -0.671722 0.079186
v -0.358184 -0.671722 0.065522
v -0.358184 -0.671722 0.051857
v -0.358184 -0.671722 0.038192
v -0.358184 -0.671722 0.024527
v -0.358184 -0.671722 0.010863
v -0.358184 -0.690756 0.079186
v -0.358184 -0.690756 0.065522
v -0.358184 -0.690756 0.051857
v -0.358184 -0.690756 0.038192
v -0.358184 -0.690756 0.024527
v -0.358184 -0.690756 0.010863
v -0.358184 -0.709791 0.065522
v -0.358184 -0.709791 0.051857
v -0.358184 -0.709791 0.038192
v -0.358184 -0.709791 0.024527
v -0.358184 -0.709791 0.010863
v -0.358184 -0.728825 0.051857
v -0.358184 -0.728825 0.038192
v -0.358184 -0.728825 0.024527
v -0.358184 -0.728825 0.010863
v -0.358184 -0.747859 0.038192
v -0.358184 -0.747859 0.024527
v -0.358184 -0.747859 0.010863
v -0.358184 -0.766894 0.024527
v -0.358184 -0.766894 0.010863
v -0.358027 -0.614619 0.281557
v -0.358027 -0.614619 0.106516
v -0.358027 -0.353863 0.281557
v -0.358027 -0.353863 0.106516
v -0.358027 -0.353863 0.142382
v -0.358027 -0.614619 0.142382
v -0.358027 -0.353863 0.246942
v -0.358027 -0.614619 0.246942
v -0.358027 -0.614619 -0.002802
v -0.358027 -0.353863 -0.002802
v -0.440909 -0.353863 0.281557
v -0.440909 -0.353863 0.106516
v -0.440909 -0.353863 0.142382
v -0.440909 -0.614619 0.142382
v -0.440909 -0.353863 0.246942
v -0.440909 -0.614619 0.246942
v -0.440909 -0.614619 0.281557
v -0.440909 -0.614619 0.106516
v -0.440909 -0.353863 -0.002802
v -0.440909 -0.614619 -0.002802
v -0.345873 -0.353863 0.253797
v -0.462058 -0.353863 0.253797
v -0.220763 -0.667756 0.253797
v -0.295943 -0.353863 0.253797
v -0.170832 -0.353863 0.253797
v -0.170832 -0.614619 0.253797
v -0.345873 -0.614619 0.253797
v -0.462058 -0.614619 0.253797
v -0.295943 -0.667756 0.253797
v -0.220763 -0.353863 0.253797
v -0.364964 -0.353863 0.253797
v -0.364964 -0.614619 0.253797
v -0.433362 -0.353863 0.253797
v -0.433362 -0.614619 0.253797
v -0.358027 -0.614619 0.253797
v -0.358027 -0.353863 0.253797
v -0.440909 -0.353863 0.253797
v -0.440909 -0.614619 0.253797
v -0.358027 -0.621219 0.142382
v -0.364964 -0.621219 0.142382
v -0.358027 -0.621219 0.246942
v -0.364964 -0.621219 0.246942
v -0.364964 -0.621219 0.106516
v -0.364964 -0.621219 0.253797
v -0.433362 -0.621219 0.246942
v -0.440909 -0.621219 0.106516
v -0.433362 -0.621219 0.106516
v -0.433362 -0.621219 0.142382
v -0.433362 -0.621219 0.253797
v -0.358027 -0.621219 0.106516
v -0.358027 -0.621219 0.253797
v -0.440909 -0.621219 0.142382
v -0.440909 -0.621219 0.246942
v -0.440909 -0.621219 0.253797
v -0.362692 -0.627648 0.129526
v -0.438638 -0.627648 0.129526
v -0.435634 -0.627648 0.129526
v -0.360299 -0.627648 0.129526
v -0.358027 -0.626890 0.246942
v -0.364964 -0.626890 0.246942
v -0.364964 -0.626890 0.253797
v -0.433362 -0.626890 0.246942
v -0.433362 -0.626890 0.253797
v -0.358027 -0.626890 0.253797
v -0.440909 -0.626890 0.246942
v -0.440909 -0.626890 0.253797
v -0.345873 -0.353863 0.270885
v -0.345873 -0.353863 0.264469
v -0.462058 -0.353863 0.264469
v -0.462058 -0.353863 0.270885
v -0.220763 -0.667756 0.264469
v -0.220763 -0.667756 0.270885
v -0.295943 -0.353863 0.264469
v -0.295943 -0.353863 0.270885
v -0.364964 -0.353863 0.264469
v -0.364964 -0.353863 0.270885
v -0.433362 -0.353863 0.264469
v -0.433362 -0.353863 0.270885
v -0.358027 -0.353863 0.270885
v -0.358027 -0.353863 0.264469
v -0.440909 -0.353863 0.270885
v -0.440909 -0.353863 0.264469
v -0.170832 -0.353863 0.270885
v -0.170832 -0.353863 0.264469
v -0.170832 -0.614619 0.264469
v -0.170832 -0.614619 0.270885
v -0.345873 -0.614619 0.264469
v -0.345873 -0.614619 0.270885
v -0.462058 -0.614619 0.270885
v -0.462058 -0.614619 0.264469
v -0.295943 -0.667756 0.270885
v -0.295943 -0.667756 0.264469
v -0.220763 -0.353863 0.270885
v -0.220763 -0.353863 0.264469
v -0.364964 -0.614619 0.264469
v -0.364964 -0.614619 0.270885
v -0.433362 -0.614619 0.264469
v -0.433362 -0.614619 0.270885
v -0.358027 -0.614619 0.270885
v -0.358027 -0.614619 0.264469
v -0.440909 -0.614619 0.270885
v -0.440909 -0.614619 0.264469
v -0.440909 -0.344983 0.270885
v -0.440909 -0.344983 0.264469
v -0.468337 -0.347584 0.264469
v -0.468337 -0.347584 0.270885
v -0.299468 -0.675906 0.270885
v -0.299468 -0.675906 0.264469
v -0.217238 -0.675906 0.264469
v -0.217238 -0.675906 0.270885
v -0.220763 -0.344983 0.270885
v -0.220763 -0.344983 0.264469
v -0.295943 -0.344983 0.264469
v -0.295943 -0.344983 0.270885
v -0.358027 -0.344983 0.270885
v -0.358027 -0.344983 0.264469
v -0.364964 -0.344983 0.264469
v -0.364964 -0.344983 0.270885
v -0.433362 -0.344983 0.264469
v -0.433362 -0.344983 0.270885
v -0.345873 -0.344983 0.270885
v -0.345873 -0.344983 0.264469
v -0.433362 -0.623498 0.264469
v -0.433362 -0.623498 0.270885
v -0.440909 -0.623498 0.270885
v -0.440909 -0.623498 0.264469
v -0.349398 -0.622768 0.264469
v -0.349398 -0.622768 0.270885
v -0.358027 -0.623498 0.270885
v -0.358027 -0.623498 0.264469
v -0.364964 -0.623498 0.264469
v -0.364964 -0.623498 0.270885
v -0.468337 -0.620897 0.270885
v -0.468337 -0.620897 0.264469
v -0.162577 -0.617889 0.264469
v -0.162577 -0.617889 0.270885
v -0.164554 -0.347584 0.270885
v -0.164554 -0.347584 0.264469
v -0.300373 -0.681252 0.269427
v -0.300940 -0.679309 0.265927
v -0.350726 -0.626230 0.265927
v -0.350818 -0.627471 0.269427
v -0.442373 -0.628455 0.269427
v -0.441084 -0.627202 0.265927
v -0.472766 -0.624595 0.269427
v -0.471079 -0.623392 0.265927
v -0.471079 -0.345089 0.265927
v -0.472766 -0.343741 0.269427
v -0.215768 -0.679310 0.265927
v -0.214073 -0.681253 0.269427
v -0.219047 -0.339878 0.269427
v -0.220677 -0.341276 0.265927
v -0.159477 -0.343660 0.269427
v -0.161886 -0.345009 0.265927
v -0.159123 -0.619238 0.265927
v -0.156678 -0.620385 0.269427
v -0.440909 -0.344983 0.265927
v -0.440909 -0.344983 0.269427
v -0.468337 -0.347584 0.269427
v -0.468337 -0.347584 0.265927
v -0.299468 -0.675906 0.265927
v -0.299468 -0.675906 0.269427
v -0.217238 -0.675906 0.269427
v -0.217238 -0.675906 0.265927
v -0.220763 -0.344983 0.265927
v -0.220763 -0.344983 0.269427
v -0.295943 -0.344983 0.269427
v -0.295943 -0.344983 0.265927
v -0.358027 -0.344983 0.265927
v -0.358027 -0.344983 0.269427
v -0.364964 -0.344983 0.269427
v -0.364964 -0.344983 0.265927
v -0.433362 -0.344983 0.269427
v -0.433362 -0.344983 0.265927
v -0.345873 -0.344983 0.265927
v -0.345873 -0.344983 0.269427
v -0.433362 -0.623498 0.269427
v -0.433362 -0.623498 0.265927
v -0.440909 -0.623498 0.265927
v -0.440909 -0.623498 0.269427
v -0.349398 -0.622768 0.269427
v -0.349398 -0.622768 0.265927
v -0.358027 -0.623498 0.265927
v -0.358027 -0.623498 0.269427
v -0.364964 -0.623498 0.269427
v -0.364964 -0.623498 0.265927
v -0.468337 -0.620897 0.265927
v -0.468337 -0.620897 0.269427
v -0.162577 -0.617889 0.269427
v -0.162577 -0.617889 0.265927
v -0.164554 -0.347584 0.265927
v -0.164554 -0.347584 0.269427
v -0.295309 -0.339877 0.269427
v -0.295943 -0.341275 0.265927
v -0.345873 -0.341275 0.265927
v -0.345901 -0.339877 0.269427
v -0.365244 -0.628459 0.269427
v -0.364964 -0.627206 0.265927
v -0.357870 -0.627203 0.265927
v -0.358057 -0.628456 0.269427
v -0.434549 -0.628459 0.269427
v -0.433362 -0.627206 0.265927
v -0.441084 -0.341280 0.265927
v -0.442373 -0.339881 0.269427
v -0.434549 -0.339877 0.269427
v -0.433362 -0.341275 0.265927
v -0.358027 -0.341275 0.265927
v -0.358216 -0.339877 0.269427
v -0.365244 -0.339877 0.269427
v -0.364964 -0.341275 0.265927
v -0.433362 -0.605923 0.106516
v -0.364964 -0.605923 0.106516
v -0.364964 -0.605923 0.246942
v -0.364964 -0.605923 0.142382
v -0.433362 -0.605923 0.142382
v -0.433362 -0.605923 0.246942
v -0.433362 -0.625023 0.142382
v -0.435634 -0.627648 0.134026
v -0.433362 -0.625834 0.142253
v -0.433362 -0.626566 0.141881
v -0.433362 -0.627147 0.141300
v -0.433362 -0.627520 0.140568
v -0.438638 -0.627648 0.134026
v -0.440909 -0.625023 0.142382
v -0.440909 -0.627520 0.140568
v -0.440909 -0.627147 0.141300
v -0.440909 -0.626566 0.141881
v -0.440909 -0.625834 0.142253
v -0.358027 -0.625023 0.142382
v -0.360299 -0.627648 0.134026
v -0.358027 -0.625834 0.142253
v -0.358027 -0.626566 0.141881
v -0.358027 -0.627147 0.141300
v -0.358027 -0.627520 0.140568
v -0.362692 -0.627648 0.134026
v -0.364964 -0.625023 0.142382
v -0.364964 -0.627520 0.140568
v -0.364964 -0.627147 0.141300
v -0.364964 -0.626566 0.141881
v -0.364964 -0.625834 0.142253
v -0.170832 -0.353863 0.387352
v -0.176825 -0.620997 0.378600
v -0.462058 -0.614619 0.387352
v -0.462058 -0.353863 0.387352
v -0.440909 -0.353863 0.387352
v -0.358027 -0.614619 0.387352
v -0.339880 -0.620997 0.378600
v -0.229515 -0.353863 0.378600
v -0.287191 -0.353863 0.378600
v -0.301936 -0.661378 0.378600
v -0.229515 -0.667756 0.378600
v -0.345873 -0.353863 0.387352
v -0.358027 -0.353863 0.387352
v -0.373716 -0.353863 0.378600
v -0.424610 -0.614619 0.378600
v -0.373716 -0.614619 0.378600
v -0.424610 -0.353863 0.378600
v -0.440909 -0.614619 0.387352
v -0.170832 -0.353863 0.396311
v -0.170832 -0.614619 0.396311
v -0.462058 -0.614619 0.396311
v -0.462058 -0.353863 0.396311
v -0.440909 -0.353863 0.396311
v -0.358027 -0.614619 0.396311
v -0.345873 -0.614619 0.396311
v -0.220763 -0.353863 0.396311
v -0.295943 -0.353863 0.396311
v -0.295943 -0.667756 0.396311
v -0.220763 -0.667756 0.396311
v -0.345873 -0.353863 0.396311
v -0.358027 -0.353863 0.396311
v -0.364964 -0.353863 0.396311
v -0.433362 -0.614619 0.396311
v -0.364964 -0.614619 0.396311
v -0.433362 -0.353863 0.396311
v -0.440909 -0.614619 0.396311
v -0.170832 -0.353863 0.405321
v -0.170832 -0.614619 0.405321
v -0.462058 -0.614619 0.405321
v -0.462058 -0.353863 0.405321
v -0.440909 -0.353863 0.405321
v -0.358027 -0.614619 0.405321
v -0.345873 -0.614619 0.405321
v -0.220763 -0.353863 0.405321
v -0.295943 -0.353863 0.405321
v -0.295943 -0.667756 0.405321
v -0.220763 -0.667756 0.405321
v -0.345873 -0.353863 0.405321
v -0.358027 -0.353863 0.405321
v -0.364964 -0.353863 0.405321
v -0.433362 -0.614619 0.405321
v -0.364964 -0.614619 0.405321
v -0.433362 -0.353863 0.405321
v -0.440909 -0.614619 0.405321
v -0.170832 -0.353863 0.414543
v -0.170832 -0.614619 0.414543
v -0.462058 -0.614619 0.414543
v -0.462058 -0.353863 0.414543
v -0.440909 -0.353863 0.414543
v -0.358027 -0.614619 0.414543
v -0.345873 -0.614619 0.414543
v -0.220763 -0.353863 0.414543
v -0.295943 -0.353863 0.414543
v -0.295943 -0.667756 0.414543
v -0.220763 -0.667756 0.414543
v -0.345873 -0.353863 0.414543
v -0.358027 -0.353863 0.414543
v -0.364964 -0.353863 0.414543
v -0.433362 -0.614619 0.414543
v -0.364964 -0.614619 0.414543
v -0.433362 -0.353863 0.414543
v -0.440909 -0.614619 0.414543
v -0.345873 -0.614619 0.281557
v -0.287191 -0.667756 0.290309
v -0.345873 -0.614619 0.387352
v -0.287191 -0.667756 0.378600
v -0.295943 -0.667756 0.281557
v -0.214770 -0.661378 0.290309
v -0.295943 -0.667756 0.387352
v -0.214770 -0.661378 0.378600
v -0.220763 -0.667756 0.281557
v -0.170832 -0.614619 0.281557
v -0.220763 -0.667756 0.387352
v -0.170832 -0.614619 0.387352
v -0.331513 -0.613134 0.290309
v -0.293569 -0.653516 0.290309
v -0.331513 -0.613134 0.378600
v -0.293569 -0.653516 0.378600
v -0.287191 -0.656274 0.290309
v -0.229515 -0.656274 0.290309
v -0.287191 -0.656274 0.378600
v -0.229515 -0.656274 0.378600
v -0.223137 -0.653516 0.290309
v -0.185193 -0.613134 0.290309
v -0.223137 -0.653516 0.378600
v -0.185193 -0.613134 0.378600
v -0.433362 -0.614619 0.281557
v -0.364964 -0.614619 0.281557
v -0.433362 -0.614619 0.387352
v -0.364964 -0.614619 0.387352
v -0.424610 -0.605334 0.290309
v -0.373716 -0.605334 0.290309
v -0.424610 -0.605334 0.378600
v -0.373716 -0.605334 0.378600
v -0.166614 -0.349644 0.396311
v -0.165285 -0.616816 0.396311
v -0.466277 -0.618837 0.396311
v -0.466277 -0.349644 0.396311
v -0.440909 -0.347897 0.396311
v -0.358027 -0.620585 0.396311
v -0.348242 -0.620094 0.396311
v -0.220763 -0.347897 0.396311
v -0.295943 -0.347897 0.396311
v -0.298311 -0.673232 0.396311
v -0.218394 -0.673232 0.396311
v -0.345873 -0.347897 0.396311
v -0.358027 -0.347897 0.396311
v -0.364964 -0.347897 0.396311
v -0.433362 -0.620585 0.396311
v -0.364964 -0.620585 0.396311
v -0.433362 -0.347897 0.396311
v -0.440909 -0.620585 0.396311
v -0.166614 -0.349644 0.405321
v -0.165285 -0.616816 0.405321
v -0.466277 -0.618837 0.405321
v -0.466277 -0.349644 0.405321
v -0.440909 -0.347897 0.405321
v -0.358027 -0.620585 0.405321
v -0.348242 -0.620094 0.405321
v -0.220763 -0.347897 0.405321
v -0.295943 -0.347897 0.405321
v -0.298311 -0.673232 0.405321
v -0.218394 -0.673232 0.405321
v -0.345873 -0.347897 0.405321
v -0.358027 -0.347897 0.405321
v -0.364964 -0.347897 0.405321
v -0.433362 -0.620585 0.405321
v -0.364964 -0.620585 0.405321
v -0.433362 -0.347897 0.405321
v -0.440909 -0.620585 0.405321
v -0.349779 -0.624827 0.402566
v -0.349707 -0.623729 0.399066
v -0.433362 -0.624503 0.399066
v -0.434443 -0.625611 0.402566
v -0.365220 -0.625611 0.402566
v -0.364964 -0.624503 0.399066
v -0.220700 -0.343979 0.399066
v -0.219215 -0.342736 0.402566
v -0.295366 -0.342736 0.402566
v -0.295943 -0.343978 0.399066
v -0.364964 -0.343978 0.399066
v -0.365220 -0.342736 0.402566
v -0.434443 -0.342736 0.402566
v -0.433362 -0.343978 0.399066
v -0.299867 -0.676828 0.399066
v -0.299338 -0.678567 0.402566
v -0.215309 -0.678568 0.402566
v -0.216840 -0.676829 0.399066
v -0.433362 -0.620585 0.402566
v -0.433362 -0.620585 0.399066
v -0.440909 -0.620585 0.399066
v -0.440909 -0.620585 0.402566
v -0.345873 -0.347897 0.402566
v -0.345873 -0.347897 0.399066
v -0.295943 -0.347897 0.399066
v -0.295943 -0.347897 0.402566
v -0.358027 -0.620585 0.402566
v -0.358027 -0.620585 0.399066
v -0.364964 -0.620585 0.399066
v -0.364964 -0.620585 0.402566
v -0.220763 -0.347897 0.402566
v -0.220763 -0.347897 0.399066
v -0.166614 -0.349644 0.399066
v -0.166614 -0.349644 0.402566
v -0.165285 -0.616816 0.399066
v -0.165285 -0.616816 0.402566
v -0.358027 -0.347897 0.402566
v -0.358027 -0.347897 0.399066
v -0.218394 -0.673232 0.399066
v -0.218394 -0.673232 0.402566
v -0.466277 -0.618837 0.402566
v -0.466277 -0.618837 0.399066
v -0.466277 -0.349644 0.399066
v -0.466277 -0.349644 0.402566
v -0.440909 -0.347897 0.402566
v -0.440909 -0.347897 0.399066
v -0.433362 -0.347897 0.399066
v -0.433362 -0.347897 0.402566
v -0.298311 -0.673232 0.402566
v -0.298311 -0.673232 0.399066
v -0.348242 -0.620094 0.399066
v -0.348242 -0.620094 0.402566
v -0.364964 -0.347897 0.402566
v -0.364964 -0.347897 0.399066
v -0.358100 -0.625609 0.402566
v -0.357929 -0.624502 0.399066
v -0.358199 -0.342736 0.402566
v -0.358027 -0.343978 0.399066
v -0.441044 -0.624501 0.399066
v -0.442218 -0.625608 0.402566
v -0.470654 -0.622583 0.402566
v -0.469141 -0.621511 0.399066
v -0.469141 -0.346970 0.399066
v -0.470654 -0.345764 0.402566
v -0.442218 -0.342738 0.402566
v -0.441044 -0.343980 0.399066
v -0.161638 -0.618247 0.399066
v -0.159441 -0.619279 0.402566
v -0.345899 -0.342736 0.402566
v -0.345873 -0.343978 0.399066
v -0.163808 -0.346908 0.399066
v -0.161638 -0.345701 0.402566
v -0.170832 -0.353863 0.439382
v -0.176825 -0.620997 0.448134
v -0.462058 -0.614619 0.439382
v -0.462058 -0.353863 0.439382
v -0.440909 -0.353863 0.439382
v -0.358027 -0.614619 0.439382
v -0.339880 -0.620997 0.448134
v -0.229515 -0.353863 0.448134
v -0.287191 -0.353863 0.448134
v -0.301936 -0.661378 0.448134
v -0.229515 -0.667756 0.448134
v -0.345873 -0.353863 0.439382
v -0.358027 -0.353863 0.439382
v -0.373716 -0.353863 0.448134
v -0.424610 -0.614619 0.448134
v -0.373716 -0.614619 0.448134
v -0.424610 -0.353863 0.448134
v -0.440909 -0.614619 0.439382
v -0.170832 -0.353863 0.542079
v -0.176825 -0.620997 0.533327
v -0.462058 -0.614619 0.542079
v -0.462058 -0.353863 0.542079
v -0.440909 -0.353863 0.542079
v -0.358027 -0.614619 0.542079
v -0.339880 -0.620997 0.533327
v -0.229515 -0.353863 0.533327
v -0.287191 -0.353863 0.533327
v -0.301936 -0.661378 0.533327
v -0.229515 -0.667756 0.533327
v -0.345873 -0.353863 0.542079
v -0.358027 -0.353863 0.542079
v -0.373716 -0.353863 0.533327
v -0.424610 -0.614619 0.533327
v -0.373716 -0.614619 0.533327
v -0.424610 -0.353863 0.533327
v -0.440909 -0.614619 0.542079
v -0.170832 -0.353863 0.562331
v -0.170832 -0.614619 0.562331
v -0.462058 -0.614619 0.562331
v -0.462058 -0.353863 0.562331
v -0.440909 -0.353863 0.562331
v -0.358027 -0.614619 0.562331
v -0.345873 -0.614619 0.562331
v -0.220763 -0.353863 0.562331
v -0.295943 -0.353863 0.562331
v -0.295943 -0.667756 0.562331
v -0.220763 -0.667756 0.562331
v -0.345873 -0.353863 0.562331
v -0.358027 -0.353863 0.562331
v -0.364964 -0.353863 0.562331
v -0.433362 -0.614619 0.562331
v -0.364964 -0.614619 0.562331
v -0.433362 -0.353863 0.562331
v -0.440909 -0.614619 0.562331
v -0.433362 -0.614619 0.439382
v -0.364964 -0.614619 0.439382
v -0.433362 -0.614619 0.542079
v -0.364964 -0.614619 0.542079
v -0.345873 -0.614619 0.439382
v -0.287191 -0.667756 0.448134
v -0.345873 -0.614619 0.542079
v -0.287191 -0.667756 0.533327
v -0.295943 -0.667756 0.439382
v -0.214770 -0.661378 0.448134
v -0.295943 -0.667756 0.542079
v -0.214770 -0.661378 0.533327
v -0.220763 -0.667756 0.439382
v -0.170832 -0.614619 0.439382
v -0.220763 -0.667756 0.542079
v -0.170832 -0.614619 0.542079
v -0.424610 -0.604751 0.448134
v -0.373716 -0.604751 0.448134
v -0.424610 -0.604751 0.533327
v -0.373716 -0.604751 0.533327
v -0.332689 -0.614239 0.448134
v -0.294744 -0.654621 0.448134
v -0.332689 -0.614239 0.533327
v -0.294744 -0.654621 0.533327
v -0.287191 -0.657888 0.448134
v -0.229515 -0.657888 0.448134
v -0.287191 -0.657888 0.533327
v -0.229515 -0.657888 0.533327
v -0.221961 -0.654621 0.448134
v -0.184017 -0.614239 0.448134
v -0.221961 -0.654621 0.533327
v -0.184017 -0.614239 0.533327
v -0.160506 -0.343537 0.562331
v -0.157256 -0.619996 0.562331
v -0.472384 -0.624944 0.562331
v -0.472384 -0.343537 0.562331
v -0.440909 -0.339260 0.562331
v -0.358027 -0.629222 0.562331
v -0.351671 -0.628021 0.562331
v -0.220763 -0.339260 0.562331
v -0.295943 -0.339260 0.562331
v -0.301740 -0.681159 0.562331
v -0.214965 -0.681159 0.562331
v -0.345873 -0.339260 0.562331
v -0.358027 -0.339260 0.562331
v -0.364964 -0.339260 0.562331
v -0.433362 -0.629222 0.562331
v -0.364964 -0.629222 0.562331
v -0.433362 -0.339260 0.562331
v -0.440909 -0.629222 0.562331
v -0.162763 -0.348313 0.575588
v -0.159600 -0.619658 0.575588
v -0.467932 -0.620311 0.575588
v -0.467932 -0.347763 0.575588
v -0.443922 -0.344500 0.575588
v -0.359429 -0.623574 0.575588
v -0.348691 -0.621546 0.575588
v -0.216481 -0.344500 0.575588
v -0.294150 -0.344500 0.575588
v -0.296154 -0.677458 0.575588
v -0.214137 -0.677458 0.575588
v -0.345952 -0.344500 0.575588
v -0.358561 -0.344500 0.575588
v -0.365758 -0.344500 0.575588
v -0.436720 -0.623574 0.575588
v -0.365758 -0.623574 0.575588
v -0.436720 -0.344500 0.575588
v -0.443922 -0.623574 0.575588
v -0.358394 -0.333672 0.570594
v -0.358194 -0.335187 0.565612
v -0.212522 -0.685351 0.565140
v -0.210554 -0.687325 0.570028
v -0.150102 -0.623178 0.569933
v -0.152672 -0.621924 0.565030
v -0.475878 -0.340556 0.565221
v -0.477720 -0.339130 0.570212
v -0.477748 -0.629070 0.570258
v -0.475872 -0.627836 0.565266
v -0.434409 -0.335188 0.565607
v -0.435673 -0.333671 0.570599
v -0.443632 -0.333695 0.570547
v -0.442204 -0.335205 0.565568
v -0.352599 -0.631859 0.565721
v -0.352811 -0.633169 0.570698
v -0.301611 -0.687587 0.570449
v -0.302544 -0.685391 0.565598
v -0.475701 -0.340873 0.571455
v -0.473886 -0.342330 0.566463
v -0.442044 -0.338003 0.566463
v -0.443415 -0.336485 0.571455
v -0.443416 -0.631717 0.571459
v -0.442043 -0.630350 0.566459
v -0.473886 -0.626024 0.566462
v -0.475702 -0.627329 0.571457
v -0.365510 -0.336486 0.571453
v -0.365211 -0.338003 0.566465
v -0.358194 -0.338002 0.566468
v -0.358394 -0.336487 0.571450
v -0.351874 -0.630482 0.571445
v -0.351763 -0.629140 0.566474
v -0.358193 -0.630352 0.566465
v -0.358394 -0.631715 0.571453
v -0.365510 -0.631716 0.571458
v -0.365211 -0.630351 0.566461
v -0.434408 -0.630350 0.566459
v -0.435674 -0.631717 0.571460
v -0.294711 -0.336490 0.571439
v -0.295382 -0.337998 0.566479
v -0.219317 -0.337995 0.566489
v -0.217598 -0.336493 0.571429
v -0.435673 -0.336485 0.571455
v -0.434409 -0.338003 0.566463
v -0.211657 -0.684977 0.571416
v -0.213446 -0.682912 0.566502
v -0.301246 -0.682906 0.566488
v -0.300659 -0.684983 0.571431
v -0.345927 -0.336488 0.571446
v -0.345898 -0.338000 0.566473
v -0.158346 -0.342319 0.566501
v -0.155798 -0.340884 0.571418
v -0.155053 -0.621029 0.566507
v -0.152467 -0.622242 0.571411
v -0.345927 -0.333673 0.570590
v -0.345898 -0.335185 0.565617
v -0.156629 -0.340416 0.565056
v -0.153883 -0.339211 0.569937
v -0.219237 -0.335189 0.565608
v -0.217480 -0.333692 0.570537
v -0.357918 -0.633180 0.565703
v -0.358140 -0.634545 0.570689
v -0.365510 -0.634554 0.570682
v -0.365211 -0.633188 0.565685
v -0.294711 -0.333675 0.570583
v -0.295382 -0.335183 0.565624
v -0.434408 -0.633188 0.565683
v -0.435674 -0.634555 0.570684
v -0.443635 -0.634531 0.570630
v -0.442204 -0.633172 0.565644
v -0.365510 -0.333671 0.570597
v -0.365211 -0.335188 0.565609
v -0.153638 -0.339666 0.575588
v -0.150265 -0.623275 0.575588
v -0.477204 -0.628408 0.575588
v -0.477204 -0.339666 0.575588
v -0.444550 -0.335229 0.575588
v -0.358561 -0.632845 0.575588
v -0.351967 -0.631600 0.575588
v -0.216152 -0.335229 0.575588
v -0.294150 -0.335229 0.575588
v -0.300165 -0.686729 0.575588
v -0.210138 -0.686729 0.575588
v -0.345952 -0.335229 0.575588
v -0.358561 -0.335229 0.575588
v -0.365758 -0.335229 0.575588
v -0.436720 -0.632845 0.575588
v -0.365758 -0.632845 0.575588
v -0.436720 -0.335229 0.575588
v -0.444550 -0.632845 0.575588
v -0.162763 -0.348313 0.566024
v -0.159600 -0.619658 0.566024
v -0.467932 -0.620311 0.566024
v -0.467932 -0.347763 0.566024
v -0.443922 -0.344500 0.566024
v -0.359429 -0.623574 0.566024
v -0.348691 -0.621546 0.566024
v -0.216481 -0.344500 0.566024
v -0.294150 -0.344500 0.566024
v -0.296154 -0.677458 0.566024
v -0.214137 -0.677458 0.566024
v -0.345952 -0.344500 0.566024
v -0.358561 -0.344500 0.566024
v -0.365758 -0.344500 0.566024
v -0.436720 -0.623574 0.566024
v -0.365758 -0.623574 0.566024
v -0.436720 -0.344500 0.566024
v -0.443922 -0.623574 0.566024
v -0.170832 -0.353863 0.092988
v -0.229515 -0.353863 0.084236
v -0.287191 -0.353863 0.084236
v -0.364964 -0.614619 0.092988
v -0.339880 -0.620997 0.084236
v -0.229515 -0.667756 0.084236
v -0.176825 -0.620997 0.084236
v -0.424610 -0.353863 0.084236
v -0.462058 -0.353863 0.092988
v -0.301936 -0.661378 0.084236
v -0.462058 -0.614619 0.092988
v -0.433362 -0.614619 0.092988
v -0.373716 -0.353863 0.084236
v -0.345873 -0.353863 0.092988
v -0.358027 -0.353863 0.092988
v -0.358027 -0.614619 0.092988
v -0.440909 -0.614619 0.092988
v -0.440909 -0.353863 0.092988
v -0.170832 -0.353863 0.012739
v -0.364964 -0.614619 0.012739
v -0.229515 -0.667756 0.021491
v -0.424610 -0.353863 0.021491
v -0.462058 -0.614619 0.012739
v -0.373716 -0.353863 0.021491
v -0.358027 -0.353863 0.012739
v -0.358027 -0.614619 0.012739
v -0.440909 -0.614619 0.012739
v -0.440909 -0.353863 0.012739
v -0.229515 -0.353863 0.021491
v -0.287191 -0.353863 0.021491
v -0.339880 -0.620997 0.021491
v -0.176825 -0.620997 0.021491
v -0.462058 -0.353863 0.012739
v -0.301936 -0.661378 0.021491
v -0.433362 -0.614619 0.012739
v -0.345873 -0.353863 0.012739
v -0.345873 -0.614619 0.012739
v -0.345873 -0.614619 0.092988
v -0.287191 -0.667756 0.021491
v -0.287191 -0.667756 0.084236
v -0.295943 -0.667756 0.012739
v -0.295943 -0.667756 0.092988
v -0.214770 -0.661378 0.084236
v -0.214770 -0.661378 0.021491
v -0.170832 -0.614619 0.012739
v -0.170832 -0.614619 0.092988
v -0.220763 -0.667756 0.092988
v -0.220763 -0.667756 0.012739
v -0.333953 -0.615428 0.021491
v -0.333953 -0.615428 0.084236
v -0.296009 -0.655809 0.021491
v -0.296009 -0.655809 0.084236
v -0.287191 -0.659623 0.021491
v -0.287191 -0.659623 0.084236
v -0.229515 -0.659623 0.084236
v -0.229515 -0.659623 0.021491
v -0.182752 -0.615428 0.021491
v -0.182752 -0.615428 0.084236
v -0.220696 -0.655809 0.084236
v -0.220696 -0.655809 0.021491
v -0.440909 -0.627648 0.106516
v -0.433362 -0.627648 0.106516
v -0.364964 -0.627648 0.106516
v -0.358027 -0.627648 0.106516
v -0.440909 -0.627648 0.139756
v -0.433362 -0.627648 0.139756
v -0.364964 -0.627648 0.139756
v -0.358027 -0.627648 0.139756
v -0.438638 -0.652647 0.129526
v -0.435634 -0.652647 0.129526
v -0.362692 -0.652647 0.129526
v -0.360299 -0.652647 0.129526
v -0.438638 -0.652647 0.134026
v -0.435634 -0.652647 0.134026
v -0.362692 -0.652647 0.134026
v -0.360299 -0.652647 0.134026
v -0.438638 -0.769750 0.042324
v -0.435634 -0.769750 0.042324
v -0.362692 -0.769750 0.042324
v -0.360299 -0.769750 0.042324
v -0.438638 -0.774251 0.042324
v -0.435634 -0.774251 0.042324
v -0.362692 -0.774251 0.042324
v -0.360299 -0.774251 0.042324
v -0.438638 -0.769750 -0.003395
v -0.435634 -0.769750 -0.003395
v -0.362692 -0.769750 -0.003395
v -0.360299 -0.769750 -0.003395
v -0.438638 -0.774251 -0.003395
v -0.435634 -0.774251 -0.003395
v -0.362692 -0.774251 -0.003395
v -0.360299 -0.774251 -0.003395
v -0.229515 -0.353863 0.490731
v -0.170832 -0.353863 0.490731
v -0.170832 -0.614619 0.490731
v -0.358027 -0.353863 0.490731
v -0.345873 -0.353863 0.490731
v -0.220763 -0.667756 0.490731
v -0.462058 -0.614619 0.490731
v -0.462058 -0.353863 0.490731
v -0.440909 -0.353863 0.490731
v -0.424610 -0.353863 0.490731
v -0.295943 -0.667756 0.490731
v -0.345873 -0.614619 0.490731
v -0.440909 -0.614619 0.490731
v -0.373716 -0.353863 0.490731
v -0.358027 -0.614619 0.490731
v -0.364964 -0.614619 0.490731
v -0.433362 -0.614619 0.490731
v -0.287191 -0.353863 0.490731
v -0.373716 -0.614619 0.490731
v -0.424610 -0.614619 0.490731
v -0.301936 -0.661378 0.490731
v -0.339880 -0.620997 0.490731
v -0.229515 -0.667756 0.490731
v -0.287191 -0.667756 0.490731
v -0.176825 -0.620997 0.490731
v -0.214770 -0.661378 0.490731
v -0.462058 -0.353863 0.334455
v -0.440909 -0.353863 0.334455
v -0.229515 -0.353863 0.334455
v -0.170832 -0.353863 0.334455
v -0.373716 -0.353863 0.334455
v -0.358027 -0.353863 0.334455
v -0.345873 -0.614619 0.334455
v -0.358027 -0.614619 0.334455
v -0.170832 -0.614619 0.334455
v -0.220763 -0.667756 0.334455
v -0.364964 -0.614619 0.334455
v -0.433362 -0.614619 0.334455
v -0.295943 -0.667756 0.334455
v -0.345873 -0.353863 0.334455
v -0.287191 -0.353863 0.334455
v -0.440909 -0.614619 0.334455
v -0.462058 -0.614619 0.334455
v -0.424610 -0.353863 0.334455
v -0.339880 -0.620997 0.334455
v -0.301936 -0.661378 0.334455
v -0.229515 -0.667756 0.334455
v -0.287191 -0.667756 0.334455
v -0.176825 -0.620997 0.334455
v -0.214770 -0.661378 0.334455
v -0.373716 -0.614619 0.334455
v -0.424610 -0.614619 0.334455
v -0.170832 -0.353863 0.194662
v -0.170832 -0.614619 0.194662
v -0.345873 -0.614619 0.194662
v -0.462058 -0.614619 0.194662
v -0.295943 -0.667756 0.194662
v -0.229515 -0.353863 0.194662
v -0.345873 -0.353863 0.194662
v -0.462058 -0.353863 0.194662
v -0.220763 -0.667756 0.194662
v -0.287191 -0.353863 0.194662
v -0.339880 -0.620997 0.194662
v -0.301936 -0.661378 0.194662
v -0.287191 -0.667756 0.194662
v -0.229515 -0.667756 0.194662
v -0.176825 -0.620997 0.194662
v -0.214770 -0.661378 0.194662
v -0.364964 -0.614619 0.194662
v -0.373716 -0.353863 0.194662
v -0.433362 -0.614619 0.194662
v -0.424610 -0.353863 0.194662
v -0.364964 -0.598179 0.194662
v -0.433362 -0.598179 0.194662
v -0.358027 -0.353863 0.194662
v -0.358027 -0.614619 0.194662
v -0.440909 -0.614619 0.194662
v -0.440909 -0.353863 0.194662
v -0.364964 -0.621219 0.194662
v -0.433362 -0.621219 0.194662
v -0.358027 -0.621219 0.194662
v -0.440909 -0.621219 0.194662
v -0.364964 -0.605923 0.194662
v -0.433362 -0.605923 0.194662
v -0.229515 -0.353863 0.052864
v -0.287191 -0.353863 0.052864
v -0.345873 -0.614619 0.052864
v -0.170832 -0.614619 0.052864
v -0.462058 -0.353863 0.052864
v -0.295943 -0.667756 0.052864
v -0.433362 -0.614619 0.052864
v -0.345873 -0.353863 0.052864
v -0.170832 -0.353863 0.052864
v -0.364964 -0.614619 0.052864
v -0.220763 -0.667756 0.052864
v -0.424610 -0.353863 0.052864
v -0.462058 -0.614619 0.052864
v -0.373716 -0.353863 0.052864
v -0.358027 -0.353863 0.052864
v -0.358027 -0.614619 0.052864
v -0.440909 -0.614619 0.052864
v -0.440909 -0.353863 0.052864
v -0.339880 -0.620997 0.052864
v -0.301936 -0.661378 0.052864
v -0.287191 -0.667756 0.052864
v -0.229515 -0.667756 0.052864
v -0.176825 -0.620997 0.052864
v -0.214770 -0.661378 0.052864
v -0.373716 -0.604751 0.493356
v -0.373716 -0.604751 0.488105
v -0.373716 -0.607376 0.490731
v -0.424610 -0.604751 0.488105
v -0.424610 -0.604751 0.493356
v -0.424610 -0.607376 0.490731
v -0.294744 -0.654621 0.493356
v -0.294744 -0.654621 0.488105
v -0.296658 -0.656419 0.490731
v -0.332689 -0.614239 0.488105
v -0.332689 -0.614239 0.493356
v -0.334602 -0.616037 0.490731
v -0.229515 -0.657888 0.493356
v -0.229515 -0.657888 0.488105
v -0.229515 -0.660514 0.490731
v -0.287191 -0.657888 0.488105
v -0.287191 -0.657888 0.493356
v -0.287191 -0.660514 0.490731
v -0.184017 -0.614239 0.493356
v -0.184017 -0.614239 0.488105
v -0.182103 -0.616037 0.490731
v -0.221961 -0.654621 0.488105
v -0.221961 -0.654621 0.493356
v -0.220048 -0.656419 0.490731
v -0.331513 -0.613134 0.331829
v -0.331513 -0.613134 0.337080
v -0.333426 -0.614932 0.334455
v -0.293569 -0.653516 0.337080
v -0.293569 -0.653516 0.331829
v -0.295482 -0.655314 0.334455
v -0.229515 -0.656274 0.337080
v -0.229515 -0.656274 0.331829
v -0.229515 -0.658900 0.334455
v -0.287191 -0.656274 0.331829
v -0.287191 -0.656274 0.337080
v -0.287191 -0.658900 0.334455
v -0.185193 -0.613134 0.337080
v -0.185193 -0.613134 0.331829
v -0.183279 -0.614932 0.334455
v -0.223137 -0.653516 0.331829
v -0.223137 -0.653516 0.337080
v -0.221224 -0.655314 0.334455
v -0.373716 -0.605334 0.337080
v -0.373716 -0.605334 0.331829
v -0.373716 -0.607959 0.334455
v -0.424610 -0.605334 0.331829
v -0.424610 -0.605334 0.337080
v -0.424610 -0.607959 0.334455
v -0.330101 -0.611808 0.192036
v -0.330101 -0.611808 0.197288
v -0.332015 -0.613606 0.194662
v -0.292157 -0.652189 0.197288
v -0.292157 -0.652189 0.192036
v -0.294070 -0.653987 0.194662
v -0.287191 -0.654337 0.192036
v -0.287191 -0.654337 0.197288
v -0.287191 -0.656963 0.194662
v -0.229515 -0.654337 0.197287
v -0.229515 -0.654337 0.192036
v -0.229515 -0.656963 0.194662
v -0.186604 -0.611808 0.197288
v -0.186604 -0.611808 0.192036
v -0.184691 -0.613606 0.194662
v -0.224549 -0.652189 0.192036
v -0.224549 -0.652189 0.197287
v -0.222635 -0.653987 0.194662
v -0.333953 -0.615428 0.050238
v -0.333953 -0.615428 0.055489
v -0.335867 -0.617226 0.052864
v -0.296009 -0.655809 0.055489
v -0.296009 -0.655809 0.050238
v -0.297923 -0.657607 0.052864
v -0.287191 -0.659623 0.050238
v -0.287191 -0.659623 0.055489
v -0.287191 -0.662249 0.052864
v -0.229515 -0.659623 0.055489
v -0.229515 -0.659623 0.050238
v -0.229515 -0.662249 0.052864
v -0.182752 -0.615428 0.055489
v -0.182752 -0.615428 0.050238
v -0.180839 -0.617226 0.052864
v -0.220696 -0.655809 0.050238
v -0.220696 -0.655809 0.055489
v -0.218783 -0.657607 0.052864
v -0.379865 -0.604751 0.493356
v -0.379865 -0.604751 0.488105
v -0.379865 -0.607376 0.490731
v -0.418461 -0.604751 0.488105
v -0.418461 -0.604751 0.493356
v -0.418461 -0.607376 0.490731
v -0.298956 -0.650139 0.493356
v -0.298956 -0.650139 0.488105
v -0.300869 -0.651937 0.490731
v -0.328478 -0.618721 0.488105
v -0.328478 -0.618721 0.493356
v -0.330391 -0.620519 0.490731
v -0.235664 -0.657888 0.493356
v -0.235664 -0.657888 0.488105
v -0.235664 -0.660514 0.490731
v -0.281041 -0.657888 0.488105
v -0.281041 -0.657888 0.493356
v -0.281041 -0.660514 0.490731
v -0.188228 -0.618721 0.493356
v -0.188228 -0.618721 0.488105
v -0.186314 -0.620519 0.490731
v -0.217750 -0.650139 0.488105
v -0.217750 -0.650139 0.493356
v -0.215836 -0.651937 0.490731
v -0.327302 -0.617616 0.331829
v -0.327302 -0.617616 0.337080
v -0.329215 -0.619414 0.334455
v -0.297780 -0.649034 0.337080
v -0.297780 -0.649034 0.331829
v -0.299693 -0.650832 0.334455
v -0.235664 -0.656274 0.337080
v -0.235664 -0.656274 0.331829
v -0.235664 -0.658900 0.334455
v -0.281041 -0.656274 0.331829
v -0.281041 -0.656274 0.337080
v -0.281041 -0.658900 0.334455
v -0.189404 -0.617616 0.337080
v -0.189404 -0.617616 0.331829
v -0.187490 -0.619414 0.334455
v -0.218926 -0.649034 0.331829
v -0.218926 -0.649034 0.337080
v -0.217012 -0.650832 0.334455
v -0.379865 -0.605334 0.337080
v -0.379865 -0.605334 0.331829
v -0.379865 -0.607959 0.334455
v -0.418461 -0.605334 0.331829
v -0.418461 -0.605334 0.337080
v -0.418461 -0.607959 0.334455
v -0.325890 -0.616289 0.192036
v -0.325890 -0.616289 0.197288
v -0.327803 -0.618087 0.194662
v -0.296368 -0.647708 0.197288
v -0.296368 -0.647708 0.192036
v -0.298281 -0.649506 0.194662
v -0.281041 -0.654337 0.192036
v -0.281041 -0.654337 0.197288
v -0.281041 -0.656963 0.194662
v -0.235664 -0.654337 0.197287
v -0.235664 -0.654337 0.192036
v -0.235664 -0.656963 0.194662
v -0.190815 -0.616289 0.197288
v -0.190815 -0.616289 0.192036
v -0.188902 -0.618087 0.194662
v -0.220337 -0.647708 0.192036
v -0.220337 -0.647708 0.197287
v -0.218424 -0.649506 0.194662
v -0.329742 -0.619909 0.050238
v -0.329742 -0.619909 0.055489
v -0.331656 -0.621707 0.052864
v -0.300220 -0.651327 0.055489
v -0.300220 -0.651327 0.050238
v -0.302134 -0.653125 0.052864
v -0.281041 -0.659623 0.050238
v -0.281041 -0.659623 0.055489
v -0.281041 -0.662249 0.052864
v -0.235664 -0.659623 0.055489
v -0.235664 -0.659623 0.050238
v -0.235664 -0.662249 0.052864
v -0.186963 -0.619909 0.055489
v -0.186963 -0.619909 0.050238
v -0.185050 -0.621707 0.052864
v -0.216485 -0.651327 0.050238
v -0.216485 -0.651327 0.055489
v -0.214572 -0.653125 0.052864
v -0.229515 -0.664038 0.493356
v -0.287191 -0.664038 0.493356
v -0.287191 -0.664038 0.488105
v -0.229515 -0.664038 0.488105
v -0.373716 -0.610900 0.493356
v -0.424610 -0.610900 0.493356
v -0.424610 -0.610900 0.488105
v -0.373716 -0.610900 0.488105
v -0.299226 -0.658832 0.493356
v -0.337170 -0.618450 0.493356
v -0.337170 -0.618450 0.488105
v -0.299226 -0.658832 0.488105
v -0.179535 -0.618450 0.493356
v -0.217479 -0.658832 0.493356
v -0.217479 -0.658832 0.488105
v -0.179535 -0.618450 0.488105
v -0.373716 -0.611483 0.337080
v -0.424610 -0.611483 0.337080
v -0.424610 -0.611483 0.331829
v -0.373716 -0.611483 0.331829
v -0.229515 -0.662424 0.337080
v -0.287191 -0.662424 0.337080
v -0.287191 -0.662424 0.331829
v -0.229515 -0.662424 0.331829
v -0.298050 -0.657727 0.337080
v -0.335994 -0.617345 0.337080
v -0.335994 -0.617345 0.331829
v -0.298050 -0.657727 0.331829
v -0.180711 -0.617345 0.337080
v -0.218655 -0.657727 0.337080
v -0.218655 -0.657727 0.331829
v -0.180711 -0.617345 0.331829
v -0.182123 -0.616019 0.197288
v -0.220067 -0.656400 0.197287
v -0.220067 -0.656400 0.192036
v -0.182123 -0.616019 0.192036
v -0.296638 -0.656400 0.197288
v -0.334583 -0.616019 0.197288
v -0.334583 -0.616019 0.192036
v -0.296638 -0.656400 0.192036
v -0.287191 -0.660487 0.192036
v -0.229515 -0.660487 0.192036
v -0.229515 -0.660487 0.197287
v -0.287191 -0.660487 0.197288
v -0.216215 -0.660020 0.050238
v -0.178271 -0.619639 0.050238
v -0.178271 -0.619639 0.055489
v -0.216215 -0.660020 0.055489
v -0.338435 -0.619639 0.050238
v -0.300491 -0.660020 0.050238
v -0.300491 -0.660020 0.055489
v -0.338435 -0.619639 0.055489
v -0.287191 -0.665773 0.050238
v -0.229515 -0.665773 0.050238
v -0.229515 -0.665773 0.055489
v -0.287191 -0.665773 0.055489
v -0.220763 -0.353863 0.281557
v -0.295943 -0.353863 0.281557
v -0.220763 -0.353863 0.194662
v -0.220763 -0.353863 0.142382
v -0.295943 -0.353863 0.142382
v -0.295943 -0.353863 0.194662
v -0.295943 -0.353863 0.246942
v -0.220763 -0.353863 0.246942
v -0.364964 -0.353863 0.194662
v -0.364964 -0.353863 0.246942
v -0.364964 -0.353863 0.281557
v -0.433362 -0.353863 0.281557
v -0.364964 -0.353863 0.142382
v -0.433362 -0.353863 0.142382
v -0.433362 -0.353863 0.246942
v -0.433362 -0.353863 0.194662
v -0.220763 -0.353863 0.387352
v -0.295943 -0.353863 0.387352
v -0.364964 -0.353863 0.387352
v -0.433362 -0.353863 0.387352
v -0.220763 -0.353863 0.334455
v -0.364964 -0.353863 0.334455
v -0.295943 -0.353863 0.334455
v -0.433362 -0.353863 0.334455
v -0.220763 -0.353863 0.439382
v -0.295943 -0.353863 0.439382
v -0.364964 -0.353863 0.439382
v -0.433362 -0.353863 0.439382
v -0.220763 -0.353863 0.542079
v -0.295943 -0.353863 0.542079
v -0.364964 -0.353863 0.542079
v -0.433362 -0.353863 0.542079
v -0.220763 -0.353863 0.490731
v -0.433362 -0.353863 0.490731
v -0.364964 -0.353863 0.490731
v -0.295943 -0.353863 0.490731
v -0.220763 -0.353863 0.052864
v -0.220763 -0.353863 0.092988
v -0.295943 -0.353863 0.052864
v -0.295943 -0.353863 0.092988
v -0.364964 -0.353863 0.092988
v -0.433362 -0.353863 0.092988
v -0.433362 -0.353863 0.052864
v -0.433362 -0.353863 0.012739
v -0.364964 -0.353863 0.052864
v -0.364964 -0.353863 0.012739
v -0.220763 -0.353863 0.012739
v -0.295943 -0.353863 0.012739
v -0.373716 -0.355088 0.334455
v -0.424610 -0.357713 0.331829
v -0.424610 -0.357713 0.337080
v -0.424610 -0.355088 0.334455
v -0.229515 -0.357713 0.493356
v -0.229515 -0.357713 0.488105
v -0.229515 -0.355088 0.490731
v -0.287191 -0.357713 0.488105
v -0.287191 -0.357713 0.493356
v -0.287191 -0.355087 0.490731
v -0.373716 -0.357713 0.493356
v -0.373716 -0.357713 0.488105
v -0.373716 -0.355088 0.490731
v -0.424610 -0.357713 0.488105
v -0.424610 -0.357713 0.493356
v -0.424610 -0.355088 0.490731
v -0.229515 -0.362222 0.290309
v -0.287191 -0.362222 0.290309
v -0.229515 -0.362222 0.151134
v -0.287191 -0.362222 0.151134
v -0.287191 -0.362222 0.238190
v -0.229515 -0.362222 0.238190
v -0.373716 -0.362222 0.238190
v -0.373716 -0.362222 0.290309
v -0.424610 -0.362222 0.290309
v -0.373716 -0.362222 0.151134
v -0.424610 -0.362222 0.151134
v -0.424610 -0.362222 0.238190
v -0.229515 -0.362222 0.378600
v -0.287191 -0.362222 0.378600
v -0.373716 -0.362222 0.378600
v -0.424610 -0.362222 0.378600
v -0.229515 -0.362222 0.448134
v -0.287191 -0.362222 0.448134
v -0.373716 -0.362222 0.448134
v -0.424610 -0.362222 0.448134
v -0.229515 -0.362222 0.533327
v -0.287191 -0.362222 0.533327
v -0.373716 -0.362222 0.533327
v -0.424610 -0.362222 0.533327
v -0.229515 -0.362222 0.084236
v -0.287191 -0.362222 0.084236
v -0.373716 -0.362222 0.084236
v -0.424610 -0.362222 0.084236
v -0.424610 -0.362222 0.021491
v -0.373716 -0.362222 0.021491
v -0.229515 -0.362222 0.021491
v -0.287191 -0.362222 0.021491
v -0.424610 -0.362222 0.493356
v -0.424610 -0.362222 0.488105
v -0.424610 -0.359596 0.490731
v -0.373716 -0.362222 0.488105
v -0.373716 -0.362222 0.493356
v -0.373716 -0.359596 0.490731
v -0.287191 -0.362222 0.493356
v -0.287191 -0.362222 0.488105
v -0.287191 -0.359596 0.490731
v -0.229515 -0.362222 0.488105
v -0.229515 -0.362222 0.493356
v -0.229515 -0.359596 0.490731
v -0.424610 -0.362222 0.337080
v -0.424610 -0.362222 0.331829
v -0.424610 -0.359596 0.334455
v -0.373716 -0.362222 0.331829
v -0.373716 -0.362222 0.337080
v -0.373716 -0.359596 0.334455
v -0.287191 -0.362222 0.337080
v -0.287191 -0.362222 0.331829
v -0.287191 -0.359596 0.334455
v -0.229515 -0.362222 0.331829
v -0.229515 -0.362222 0.337080
v -0.229515 -0.359596 0.334455
v -0.373716 -0.362222 0.192036
v -0.373716 -0.362222 0.197287
v -0.373716 -0.359596 0.194662
v -0.424610 -0.362222 0.197287
v -0.424610 -0.362222 0.192036
v -0.424610 -0.359596 0.194662
v -0.229515 -0.362222 0.192036
v -0.229515 -0.362222 0.197287
v -0.229515 -0.359596 0.194662
v -0.287191 -0.362222 0.197287
v -0.287191 -0.362222 0.192036
v -0.287191 -0.359596 0.194662
v -0.229515 -0.362222 0.050238
v -0.229515 -0.362222 0.055489
v -0.229515 -0.359596 0.052864
v -0.287191 -0.362222 0.055489
v -0.287191 -0.362222 0.050238
v -0.287191 -0.359596 0.052864
v -0.373716 -0.362222 0.050238
v -0.373716 -0.362222 0.055489
v -0.373716 -0.359596 0.052864
v -0.424610 -0.362222 0.055489
v -0.424610 -0.362222 0.050238
v -0.424610 -0.359596 0.052864
v -0.373716 -0.357713 0.331829
v -0.373716 -0.357713 0.337080
v -0.287191 -0.355088 0.334455
v -0.287191 -0.357713 0.337080
v -0.287191 -0.357713 0.331829
v -0.229515 -0.355088 0.334455
v -0.229515 -0.357713 0.331829
v -0.229515 -0.357713 0.337080
v -0.373716 -0.355088 0.194662
v -0.373716 -0.357713 0.192036
v -0.373716 -0.357713 0.197287
v -0.424610 -0.355088 0.194662
v -0.424610 -0.357713 0.197287
v -0.424610 -0.357713 0.192036
v -0.229515 -0.355088 0.194662
v -0.229515 -0.357713 0.192036
v -0.229515 -0.357713 0.197287
v -0.287191 -0.355088 0.194662
v -0.287191 -0.357713 0.197287
v -0.287191 -0.357713 0.192036
v -0.229515 -0.355088 0.052864
v -0.229515 -0.357713 0.050238
v -0.229515 -0.357713 0.055489
v -0.287191 -0.355088 0.052864
v -0.287191 -0.357713 0.055489
v -0.287191 -0.357713 0.050238
v -0.373716 -0.355088 0.052864
v -0.373716 -0.357713 0.050238
v -0.373716 -0.357713 0.055489
v -0.424610 -0.355088 0.052864
v -0.424610 -0.357713 0.055489
v -0.424610 -0.357713 0.050238
v -0.259578 -0.631862 0.595917
v -0.259578 -0.627776 0.595917
v -0.259578 -0.623690 0.595917
v -0.259578 -0.619604 0.595917
v -0.259578 -0.615518 0.595917
v -0.259578 -0.611432 0.595917
v -0.259578 -0.607347 0.595917
v -0.259578 -0.603261 0.595917
v -0.259578 -0.599175 0.595917
v -0.259578 -0.595089 0.595917
v -0.259578 -0.591003 0.595917
v -0.259578 -0.586917 0.595917
v -0.276753 -0.631862 0.595917
v -0.276753 -0.627776 0.595917
v -0.276753 -0.623690 0.595917
v -0.276753 -0.619604 0.595917
v -0.276753 -0.615518 0.595917
v -0.276753 -0.611432 0.595917
v -0.276753 -0.607347 0.595917
v -0.276753 -0.603261 0.595917
v -0.276753 -0.599175 0.595917
v -0.276753 -0.595089 0.595917
v -0.276753 -0.591003 0.595917
v -0.276753 -0.586917 0.595917
v -0.259578 -0.586917 0.595484
v -0.259578 -0.591003 0.595484
v -0.259578 -0.595089 0.595484
v -0.259578 -0.599175 0.595484
v -0.259578 -0.603261 0.595484
v -0.259578 -0.607347 0.595484
v -0.259578 -0.611432 0.595484
v -0.259578 -0.615518 0.595484
v -0.259578 -0.619604 0.595484
v -0.259578 -0.623690 0.595484
v -0.259578 -0.627776 0.595484
v -0.259578 -0.631862 0.595484
v -0.276753 -0.631862 0.595484
v -0.276753 -0.627776 0.595484
v -0.276753 -0.623690 0.595484
v -0.276753 -0.619604 0.595484
v -0.276753 -0.615518 0.595484
v -0.276753 -0.611432 0.595484
v -0.276753 -0.607347 0.595484
v -0.276753 -0.603261 0.595484
v -0.276753 -0.599175 0.595484
v -0.276753 -0.595089 0.595484
v -0.276753 -0.591003 0.595484
v -0.276753 -0.586917 0.595484
v -0.259578 -0.586917 0.595376
v -0.259578 -0.591003 0.595376
v -0.259578 -0.595089 0.595376
v -0.259578 -0.599175 0.595376
v -0.259578 -0.603261 0.595376
v -0.259578 -0.607347 0.595376
v -0.259578 -0.611432 0.595376
v -0.259578 -0.615518 0.595376
v -0.259578 -0.619604 0.595376
v -0.259578 -0.623690 0.595376
v -0.259578 -0.627776 0.595376
v -0.259578 -0.631862 0.595376
v -0.276753 -0.631862 0.595376
v -0.276753 -0.627776 0.595376
v -0.276753 -0.623690 0.595376
v -0.276753 -0.619604 0.595376
v -0.276753 -0.615518 0.595376
v -0.276753 -0.611432 0.595376
v -0.276753 -0.607347 0.595376
v -0.276753 -0.603261 0.595376
v -0.276753 -0.599175 0.595376
v -0.276753 -0.595089 0.595376
v -0.276753 -0.591003 0.595376
v -0.276753 -0.586917 0.595376
v -0.248540 -0.633806 0.566381
v -0.249756 -0.633737 0.594845
v -0.288102 -0.635343 0.565519
v -0.286886 -0.633737 0.594845
v -0.248541 -0.584637 0.566381
v -0.249756 -0.584706 0.594845
v -0.288102 -0.583100 0.565519
v -0.286886 -0.584706 0.594845
v -0.248540 -0.633806 0.593982
v -0.288102 -0.635343 0.594845
v -0.288102 -0.583100 0.594845
v -0.248541 -0.584637 0.593982
v -0.249756 -0.633737 0.595917
v -0.286886 -0.633737 0.595917
v -0.286886 -0.584706 0.595917
v -0.249756 -0.584706 0.595917
v -0.248541 -0.635343 0.565519
v -0.248541 -0.635343 0.594845
v -0.248541 -0.583100 0.594845
v -0.248541 -0.583100 0.565519
v -0.249989 -0.633806 0.566381
v -0.249989 -0.633806 0.593982
v -0.249989 -0.584637 0.593982
v -0.249989 -0.584637 0.566381
v -0.249256 -0.583892 0.594790
v -0.248995 -0.583892 0.593600
v -0.249446 -0.583892 0.594734
v -0.249185 -0.583892 0.593544
v -0.249256 -0.634960 0.594790
v -0.248995 -0.634960 0.593600
v -0.249446 -0.634960 0.594735
v -0.249185 -0.634960 0.593544
v -0.249756 -0.631862 0.595917
v -0.286886 -0.631862 0.595917
v -0.286886 -0.584706 0.595917
v -0.249756 -0.584706 0.595917
v -0.286886 -0.627776 0.595917
v -0.286886 -0.623690 0.595917
v -0.286886 -0.619604 0.595917
v -0.286886 -0.615518 0.595917
v -0.286886 -0.611432 0.595917
v -0.286886 -0.607347 0.595917
v -0.286886 -0.603261 0.595917
v -0.286886 -0.599175 0.595917
v -0.286886 -0.595089 0.595917
v -0.286886 -0.591003 0.595917
v -0.286886 -0.586917 0.595917
v -0.249756 -0.586917 0.595917
v -0.249756 -0.591003 0.595917
v -0.249756 -0.595089 0.595917
v -0.249756 -0.599175 0.595917
v -0.249756 -0.603261 0.595917
v -0.249756 -0.607347 0.595917
v -0.249756 -0.611432 0.595917
v -0.249756 -0.615518 0.595917
v -0.249756 -0.619604 0.595917
v -0.249756 -0.623690 0.595917
v -0.249756 -0.627776 0.595917
v -0.259578 -0.631862 0.595917
v -0.259578 -0.584706 0.595917
v -0.259578 -0.627776 0.595917
v -0.259578 -0.623690 0.595917
v -0.259578 -0.619604 0.595917
v -0.259578 -0.615518 0.595917
v -0.259578 -0.611432 0.595917
v -0.259578 -0.607347 0.595917
v -0.259578 -0.603261 0.595917
v -0.259578 -0.599175 0.595917
v -0.259578 -0.595089 0.595917
v -0.259578 -0.591003 0.595917
v -0.259578 -0.586917 0.595917
v -0.276753 -0.631862 0.595917
v -0.276753 -0.627776 0.595917
v -0.276753 -0.623690 0.595917
v -0.276753 -0.619604 0.595917
v -0.276753 -0.615518 0.595917
v -0.276753 -0.611432 0.595917
v -0.276753 -0.607347 0.595917
v -0.276753 -0.603261 0.595917
v -0.276753 -0.599175 0.595917
v -0.276753 -0.595089 0.595917
v -0.276753 -0.591003 0.595917
v -0.276753 -0.586917 0.595917
v -0.276753 -0.584706 0.595917
v -0.249756 -0.633718 0.595917
v -0.286886 -0.633718 0.595917
v -0.259578 -0.633718 0.595917
v -0.276753 -0.633718 0.595917
v -0.210521 -0.631862 0.595917
v -0.210521 -0.627776 0.595917
v -0.210521 -0.623690 0.595917
v -0.210521 -0.619604 0.595917
v -0.210521 -0.615518 0.595917
v -0.210521 -0.611432 0.595917
v -0.210521 -0.607347 0.595917
v -0.210521 -0.603261 0.595917
v -0.210521 -0.599175 0.595917
v -0.210521 -0.595089 0.595917
v -0.210521 -0.591003 0.595917
v -0.210521 -0.586917 0.595917
v -0.227696 -0.631862 0.595917
v -0.227696 -0.627776 0.595917
v -0.227696 -0.623690 0.595917
v -0.227696 -0.619604 0.595917
v -0.227696 -0.615518 0.595917
v -0.227696 -0.611432 0.595917
v -0.227696 -0.607347 0.595917
v -0.227696 -0.603261 0.595917
v -0.227696 -0.599175 0.595917
v -0.227696 -0.595089 0.595917
v -0.227696 -0.591003 0.595917
v -0.227696 -0.586917 0.595917
v -0.210521 -0.586917 0.595484
v -0.210521 -0.591003 0.595484
v -0.210521 -0.595089 0.595484
v -0.210521 -0.599175 0.595484
v -0.210521 -0.603261 0.595484
v -0.210521 -0.607347 0.595484
v -0.210521 -0.611433 0.595484
v -0.210521 -0.615518 0.595484
v -0.210521 -0.619604 0.595484
v -0.210521 -0.623690 0.595484
v -0.210521 -0.627776 0.595484
v -0.210521 -0.631862 0.595484
v -0.227696 -0.631862 0.595484
v -0.227696 -0.627776 0.595484
v -0.227696 -0.623690 0.595484
v -0.227696 -0.619604 0.595484
v -0.227696 -0.615518 0.595484
v -0.227696 -0.611433 0.595484
v -0.227696 -0.607347 0.595484
v -0.227696 -0.603261 0.595484
v -0.227696 -0.599175 0.595484
v -0.227696 -0.595089 0.595484
v -0.227696 -0.591003 0.595484
v -0.227696 -0.586917 0.595484
v -0.210521 -0.586917 0.595376
v -0.210521 -0.591003 0.595376
v -0.210521 -0.595089 0.595376
v -0.210521 -0.599175 0.595376
v -0.210521 -0.603261 0.595376
v -0.210521 -0.607347 0.595376
v -0.210521 -0.611433 0.595376
v -0.210521 -0.615518 0.595376
v -0.210521 -0.619604 0.595376
v -0.210521 -0.623690 0.595376
v -0.210521 -0.627776 0.595376
v -0.210521 -0.631862 0.595376
v -0.227696 -0.631862 0.595376
v -0.227696 -0.627776 0.595376
v -0.227696 -0.623690 0.595376
v -0.227696 -0.619604 0.595376
v -0.227696 -0.615518 0.595376
v -0.227696 -0.611433 0.595376
v -0.227696 -0.607347 0.595376
v -0.227696 -0.603261 0.595376
v -0.227696 -0.599175 0.595376
v -0.227696 -0.595089 0.595376
v -0.227696 -0.591003 0.595376
v -0.227696 -0.586917 0.595376
v -0.199484 -0.633806 0.566381
v -0.200699 -0.633737 0.594845
v -0.239045 -0.635343 0.565519
v -0.237829 -0.633737 0.594845
v -0.199484 -0.584637 0.566381
v -0.200699 -0.584706 0.594845
v -0.239045 -0.583100 0.565519
v -0.237829 -0.584706 0.594845
v -0.199484 -0.633806 0.593982
v -0.239045 -0.635343 0.594845
v -0.239045 -0.583100 0.594845
v -0.199484 -0.584637 0.593982
v -0.200699 -0.633737 0.595917
v -0.237829 -0.633737 0.595917
v -0.237829 -0.584706 0.595917
v -0.200699 -0.584706 0.595917
v -0.199484 -0.635343 0.565519
v -0.199484 -0.635343 0.594845
v -0.199484 -0.583100 0.594845
v -0.199484 -0.583100 0.565519
v -0.200932 -0.633806 0.566381
v -0.200932 -0.633806 0.593982
v -0.200932 -0.584637 0.593982
v -0.200932 -0.584637 0.566381
v -0.200199 -0.583892 0.594790
v -0.199938 -0.583892 0.593600
v -0.200389 -0.583892 0.594734
v -0.200128 -0.583892 0.593544
v -0.200199 -0.634960 0.594790
v -0.199938 -0.634960 0.593600
v -0.200389 -0.634960 0.594735
v -0.200128 -0.634960 0.593544
v -0.200699 -0.631862 0.595917
v -0.237829 -0.631862 0.595917
v -0.237829 -0.584706 0.595917
v -0.200699 -0.584706 0.595917
v -0.237829 -0.627776 0.595917
v -0.237829 -0.623690 0.595917
v -0.237829 -0.619604 0.595917
v -0.237829 -0.615518 0.595917
v -0.237829 -0.611433 0.595917
v -0.237829 -0.607347 0.595917
v -0.237829 -0.603261 0.595917
v -0.237829 -0.599175 0.595917
v -0.237829 -0.595089 0.595917
v -0.237829 -0.591003 0.595917
v -0.237829 -0.586917 0.595917
v -0.200699 -0.586917 0.595917
v -0.200699 -0.591003 0.595917
v -0.200699 -0.595089 0.595917
v -0.200699 -0.599175 0.595917
v -0.200699 -0.603261 0.595917
v -0.200699 -0.607347 0.595917
v -0.200699 -0.611432 0.595917
v -0.200699 -0.615518 0.595917
v -0.200699 -0.619604 0.595917
v -0.200699 -0.623690 0.595917
v -0.200699 -0.627776 0.595917
v -0.210521 -0.631862 0.595917
v -0.210521 -0.584706 0.595917
v -0.210521 -0.627776 0.595917
v -0.210521 -0.623690 0.595917
v -0.210521 -0.619604 0.595917
v -0.210521 -0.615518 0.595917
v -0.210521 -0.611432 0.595917
v -0.210521 -0.607347 0.595917
v -0.210521 -0.603261 0.595917
v -0.210521 -0.599175 0.595917
v -0.210521 -0.595089 0.595917
v -0.210521 -0.591003 0.595917
v -0.210521 -0.586917 0.595917
v -0.227696 -0.631862 0.595917
v -0.227696 -0.627776 0.595917
v -0.227696 -0.623690 0.595917
v -0.227696 -0.619604 0.595917
v -0.227696 -0.615518 0.595917
v -0.227696 -0.611432 0.595917
v -0.227696 -0.607347 0.595917
v -0.227696 -0.603261 0.595917
v -0.227696 -0.599175 0.595917
v -0.227696 -0.595089 0.595917
v -0.227696 -0.591003 0.595917
v -0.227696 -0.586917 0.595917
v -0.227696 -0.584706 0.595917
v -0.200699 -0.633718 0.595917
v -0.237829 -0.633718 0.595917
v -0.210521 -0.633718 0.595917
v -0.227696 -0.633718 0.595917
v -0.213059 -0.584570 0.585417
v -0.209350 -0.584504 0.586411
v -0.206634 -0.584456 0.583696
v -0.207628 -0.584474 0.579985
v -0.211338 -0.584540 0.578991
v -0.214053 -0.584588 0.581707
v -0.213203 -0.576068 0.583707
v -0.209501 -0.575596 0.584613
v -0.206766 -0.576675 0.582141
v -0.207734 -0.578227 0.578764
v -0.211437 -0.578699 0.577858
v -0.214171 -0.577619 0.580330
v -0.213349 -0.568075 0.572430
v -0.209657 -0.567016 0.572460
v -0.206893 -0.569680 0.572329
v -0.207821 -0.573403 0.572167
v -0.211513 -0.574463 0.572136
v -0.214277 -0.571799 0.572267
v -0.213349 -0.568072 0.560236
v -0.209658 -0.567012 0.560227
v -0.206894 -0.569679 0.560197
v -0.207821 -0.573406 0.560176
v -0.211513 -0.574466 0.560186
v -0.214277 -0.571799 0.560216
v -0.232230 -0.584570 0.585417
v -0.228521 -0.584504 0.586411
v -0.225805 -0.584456 0.583696
v -0.226799 -0.584474 0.579985
v -0.230509 -0.584540 0.578991
v -0.233224 -0.584588 0.581707
v -0.232374 -0.576068 0.583707
v -0.228672 -0.575596 0.584613
v -0.225937 -0.576675 0.582141
v -0.226905 -0.578227 0.578764
v -0.230608 -0.578699 0.577858
v -0.233342 -0.577619 0.580330
v -0.232520 -0.568075 0.572430
v -0.228828 -0.567016 0.572460
v -0.226064 -0.569680 0.572329
v -0.226992 -0.573403 0.572167
v -0.230684 -0.574463 0.572136
v -0.233448 -0.571799 0.572267
v -0.232520 -0.568072 0.560236
v -0.228829 -0.567012 0.560227
v -0.226065 -0.569679 0.560197
v -0.226992 -0.573406 0.560176
v -0.230684 -0.574466 0.560186
v -0.233448 -0.571799 0.560216
v -0.232436 -0.572245 0.580630
v -0.232487 -0.569448 0.576589
v -0.228740 -0.571362 0.581199
v -0.228791 -0.568575 0.577172
v -0.225988 -0.573554 0.579638
v -0.226039 -0.570746 0.575581
v -0.226931 -0.576606 0.577481
v -0.226983 -0.573812 0.573444
v -0.230627 -0.577477 0.576897
v -0.230678 -0.574698 0.572879
v -0.233380 -0.575309 0.578489
v -0.233431 -0.572502 0.574433
v -0.223891 -0.572502 0.574433
v -0.223840 -0.575309 0.578489
v -0.221139 -0.574698 0.572879
v -0.221088 -0.577477 0.576897
v -0.217443 -0.573812 0.573444
v -0.217392 -0.576606 0.577481
v -0.216500 -0.570746 0.575581
v -0.216448 -0.573554 0.579638
v -0.219252 -0.568575 0.577172
v -0.219201 -0.571362 0.581199
v -0.222948 -0.569448 0.576589
v -0.222897 -0.572245 0.580630
v -0.223908 -0.571799 0.560216
v -0.221144 -0.574466 0.560186
v -0.217452 -0.573406 0.560176
v -0.216525 -0.569679 0.560197
v -0.219289 -0.567012 0.560227
v -0.222980 -0.568072 0.560236
v -0.223908 -0.571799 0.572267
v -0.221144 -0.574463 0.572136
v -0.217453 -0.573403 0.572167
v -0.216525 -0.569680 0.572329
v -0.219288 -0.567016 0.572460
v -0.222980 -0.568075 0.572430
v -0.223802 -0.577619 0.580330
v -0.221068 -0.578699 0.577858
v -0.217365 -0.578227 0.578764
v -0.216397 -0.576675 0.582141
v -0.219132 -0.575596 0.584613
v -0.222834 -0.576068 0.583707
v -0.223684 -0.584588 0.581707
v -0.220969 -0.584540 0.578991
v -0.217260 -0.584474 0.579985
v -0.216266 -0.584456 0.583696
v -0.218981 -0.584504 0.586411
v -0.222691 -0.584570 0.585417
v -0.213265 -0.572245 0.580630
v -0.213317 -0.569448 0.576589
v -0.209569 -0.571362 0.581199
v -0.209621 -0.568575 0.577172
v -0.206817 -0.573554 0.579638
v -0.206868 -0.570746 0.575581
v -0.207760 -0.576606 0.577481
v -0.207812 -0.573812 0.573444
v -0.211456 -0.577477 0.576897
v -0.211507 -0.574698 0.572879
v -0.214209 -0.575309 0.578489
v -0.214260 -0.572502 0.574433
v -0.262116 -0.584570 0.585417
v -0.258407 -0.584504 0.586411
v -0.255691 -0.584456 0.583696
v -0.256685 -0.584474 0.579985
v -0.260394 -0.584540 0.578991
v -0.263110 -0.584588 0.581707
v -0.262260 -0.576068 0.583707
v -0.258557 -0.575596 0.584613
v -0.255823 -0.576675 0.582141
v -0.256791 -0.578227 0.578764
v -0.260493 -0.578699 0.577858
v -0.263228 -0.577619 0.580330
v -0.262405 -0.568075 0.572430
v -0.258714 -0.567016 0.572460
v -0.255950 -0.569680 0.572329
v -0.256878 -0.573403 0.572167
v -0.260570 -0.574463 0.572136
v -0.263333 -0.571799 0.572267
v -0.262406 -0.568072 0.560236
v -0.258714 -0.567012 0.560227
v -0.255950 -0.569679 0.560197
v -0.256878 -0.573406 0.560176
v -0.260569 -0.574466 0.560186
v -0.263333 -0.571799 0.560216
v -0.281287 -0.584570 0.585417
v -0.277578 -0.584504 0.586411
v -0.274862 -0.584456 0.583696
v -0.275856 -0.584474 0.579985
v -0.279565 -0.584540 0.578991
v -0.282281 -0.584588 0.581707
v -0.281431 -0.576068 0.583707
v -0.277728 -0.575596 0.584613
v -0.274994 -0.576675 0.582141
v -0.275962 -0.578227 0.578764
v -0.279664 -0.578699 0.577858
v -0.282399 -0.577619 0.580330
v -0.281576 -0.568075 0.572430
v -0.277885 -0.567016 0.572460
v -0.275121 -0.569680 0.572329
v -0.276049 -0.573403 0.572167
v -0.279741 -0.574463 0.572136
v -0.282504 -0.571799 0.572267
v -0.281577 -0.568072 0.560236
v -0.277885 -0.567012 0.560227
v -0.275121 -0.569679 0.560197
v -0.276049 -0.573406 0.560176
v -0.279740 -0.574466 0.560186
v -0.282504 -0.571799 0.560216
v -0.281493 -0.572245 0.580630
v -0.281544 -0.569447 0.576589
v -0.277797 -0.571362 0.581199
v -0.277848 -0.568575 0.577172
v -0.275044 -0.573554 0.579638
v -0.275096 -0.570746 0.575581
v -0.275988 -0.576606 0.577481
v -0.276039 -0.573812 0.573444
v -0.279684 -0.577477 0.576897
v -0.279735 -0.574698 0.572879
v -0.282436 -0.575309 0.578489
v -0.282488 -0.572502 0.574433
v -0.272948 -0.572502 0.574433
v -0.272897 -0.575309 0.578489
v -0.270196 -0.574698 0.572879
v -0.270144 -0.577477 0.576897
v -0.266500 -0.573812 0.573444
v -0.266448 -0.576606 0.577481
v -0.265556 -0.570746 0.575581
v -0.265505 -0.573554 0.579638
v -0.268309 -0.568575 0.577172
v -0.268257 -0.571362 0.581199
v -0.272005 -0.569447 0.576589
v -0.271953 -0.572245 0.580630
v -0.272965 -0.571799 0.560216
v -0.270201 -0.574466 0.560186
v -0.266509 -0.573406 0.560176
v -0.265582 -0.569679 0.560197
v -0.268346 -0.567012 0.560227
v -0.272037 -0.568072 0.560236
v -0.272965 -0.571799 0.572267
v -0.270201 -0.574463 0.572136
v -0.266510 -0.573403 0.572167
v -0.265581 -0.569680 0.572329
v -0.268345 -0.567016 0.572460
v -0.272037 -0.568075 0.572430
v -0.272859 -0.577619 0.580330
v -0.270125 -0.578699 0.577858
v -0.266422 -0.578227 0.578764
v -0.265454 -0.576675 0.582141
v -0.268189 -0.575596 0.584613
v -0.271891 -0.576068 0.583707
v -0.272741 -0.584588 0.581707
v -0.270026 -0.584540 0.578991
v -0.266316 -0.584474 0.579985
v -0.265323 -0.584456 0.583696
v -0.268038 -0.584504 0.586411
v -0.271747 -0.584570 0.585417
v -0.262322 -0.572245 0.580630
v -0.262373 -0.569447 0.576589
v -0.258626 -0.571362 0.581199
v -0.258677 -0.568575 0.577172
v -0.255874 -0.573554 0.579638
v -0.255925 -0.570746 0.575581
v -0.256817 -0.576606 0.577481
v -0.256868 -0.573812 0.573444
v -0.260513 -0.577477 0.576897
v -0.260564 -0.574698 0.572879
v -0.263265 -0.575309 0.578489
v -0.263317 -0.572502 0.574433
vn -0.0000 1.0000 -0.0000
vn 1.0000 -0.0000 -0.0000
vn -0.0000 -1.0000 -0.0000
vn -1.0000 -0.0000 -0.0000
vn -0.0000 -0.0000 -1.0000
vn -0.0000 -0.0000 1.0000
vn -0.5190 -0.8548 -0.0000
vn -0.8548 0.5189 -0.0000
vn 0.5190 0.8548 -0.0000
vn 0.8548 -0.5190 -0.0000
vn -0.4905 -0.8714 0.0118
vn -0.4678 -0.8831 0.0352
vn -0.4660 -0.8840 0.0371
vn -0.4549 -0.8892 0.0482
vn -0.8732 0.4872 -0.0131
vn 0.8732 -0.4872 0.0148
vn 0.4905 0.8714 -0.0117
vn 0.4659 0.8840 -0.0371
vn 0.4679 0.8831 -0.0351
vn 0.1752 -0.0363 0.9839
vn -0.1752 0.0363 -0.9839
vn 0.4549 0.8892 -0.0482
vn -0.8731 0.4560 0.1723
vn 0.8731 -0.4560 -0.1723
vn 0.5411 0.6895 0.4814
vn 0.8353 -0.5071 -0.2126
vn -0.5411 -0.6895 -0.4814
vn -0.8353 0.5071 0.2126
vn -0.0975 -0.5171 0.8504
vn 0.0975 0.5171 -0.8503
vn 0.5412 0.6895 0.4814
vn -0.0975 -0.5171 0.8503
vn -0.5412 -0.6895 -0.4814
vn 0.8548 -0.5189 -0.0000
vn -0.8548 0.5190 -0.0000
vn -0.7288 -0.6848 -0.0000
vn 0.7288 -0.6848 -0.0000
vn -0.6848 0.7288 -0.0000
vn -0.6848 -0.7288 -0.0000
vn 0.6848 0.7288 -0.0000
vn 0.7278 -0.6857 -0.0000
vn -0.0944 -0.9955 -0.0000
vn 0.8217 0.0083 -0.5699
vn 1.0000 0.0073 -0.0000
vn 0.0462 0.9989 -0.0000
vn 0.0843 -0.9964 -0.0000
vn -0.0944 0.9955 -0.0000
vn 0.0582 0.9174 -0.3937
vn 0.5868 -0.5533 -0.5913
vn -0.9009 -0.0000 -0.4340
vn -0.1169 -0.9206 -0.3725
vn -0.7056 -0.6619 -0.2530
vn -0.0000 0.9286 -0.3710
vn 0.0002 -0.9415 -0.3370
vn 0.0004 -0.9415 -0.3370
vn -0.0002 -0.9415 -0.3371
vn -0.0003 -0.9415 -0.3371
vn 0.1273 -0.9360 -0.3282
vn -0.0005 -0.9414 -0.3372
vn -0.0005 0.9286 -0.3712
vn -0.0003 0.9286 -0.3711
vn -0.0002 0.9286 -0.3711
vn -0.0000 -0.8743 -0.4853
vn -0.1152 0.9071 -0.4048
vn -0.0000 -0.1564 0.9877
vn -0.0000 -0.4540 0.8910
vn -0.0000 -0.7071 0.7071
vn -0.0000 -0.8910 0.4540
vn -0.0000 -0.9877 0.1565
vn 0.0500 -0.9987 -0.0000
vn 0.0323 0.9995 -0.0000
vn 0.7281 -0.6854 -0.0000
vn -0.0687 -0.9976 -0.0000
vn -0.0687 0.9976 -0.0000
vn -0.0000 -0.8956 -0.4448
vn 1.0000 0.0050 -0.0000
vn -0.0002 0.9424 -0.3345
vn -0.0000 0.9424 -0.3344
vn -0.0001 0.9424 -0.3345
vn -0.0000 0.9424 -0.3345
vn 0.0001 -0.9534 -0.3016
vn -0.0002 -0.9534 -0.3017
vn -0.0001 -0.9534 -0.3017
vn 0.0894 -0.9509 -0.2964
vn -0.0999 -0.9385 -0.3304
vn -0.0986 0.9269 -0.3620
vn -0.7106 -0.6670 -0.2239
vn -0.0003 0.9424 -0.3345
vn -0.9180 -0.0000 -0.3967
vn 0.6077 -0.5727 -0.5502
vn 0.8484 0.0068 -0.5293
vn 0.0481 0.9347 -0.3521
vn 0.0002 -0.9534 -0.3016
vn -0.0003 -0.9534 -0.3017
vn 0.6848 -0.7288 -0.0000
vn -0.9398 -0.0000 -0.3417
vn -0.0000 -0.9646 -0.2637
vn -0.0000 0.9568 -0.2909
vn -0.7145 -0.6713 -0.1972
vn 0.6364 -0.6005 -0.4841
vn -0.1287 -0.9470 -0.2942
vn -0.7168 -0.6717 -0.1871
vn -0.7144 -0.6713 -0.1972
vn -0.0000 -0.9219 -0.3874
vn -0.1276 0.9386 -0.3204
vn 0.1795 -0.9508 -0.2527
vn 0.8861 0.0104 -0.4634
vn 0.8861 0.0105 -0.4634
vn 0.0673 0.9478 -0.3116
vn -0.1276 0.9387 -0.3204
vn -0.5794 -0.0075 -0.8150
vn 0.0002 0.2909 0.9568
vn 0.0004 0.2909 0.9568
vn 0.5678 0.0071 0.8231
vn -0.0019 -0.2684 0.9633
vn -0.0038 -0.2730 0.9620
vn 0.0014 -0.2943 -0.9557
vn 0.0028 -0.2977 -0.9547
vn -0.0557 0.2682 -0.9617
vn -0.2361 -0.2243 0.9455
vn 0.0595 -0.2703 0.9609
vn 0.0003 -0.2909 -0.9568
vn 0.0004 -0.2909 -0.9568
vn -0.0000 -0.2930 -0.9561
vn 0.0014 0.2671 -0.9637
vn 0.0007 0.2628 -0.9648
vn -0.0000 -0.2629 0.9648
vn 0.0003 0.2909 0.9568
vn 0.0003 0.2941 0.9558
vn -0.0000 -0.2952 -0.9554
vn 0.0014 0.2620 -0.9651
vn 0.0004 0.2973 0.9548
vn -0.3768 0.3548 -0.8556
vn -0.0008 0.9568 -0.2907
vn -0.0005 0.9568 -0.2908
vn -0.0004 0.9568 -0.2908
vn -0.9371 -0.0000 -0.3491
vn 0.6335 -0.5982 -0.4907
vn 0.8787 0.0121 -0.4773
vn 0.0783 0.9514 -0.2980
vn 0.0016 -0.9646 -0.2638
vn 0.0008 -0.9646 -0.2637
vn -0.0000 0.9568 -0.2908
vn -0.0005 -0.9646 -0.2636
vn -0.0009 -0.9646 -0.2635
vn -0.0004 -0.9646 -0.2636
vn -0.0004 -0.9193 -0.3935
vn 0.2388 -0.9404 -0.2421
vn -0.1472 -0.9443 -0.2942
vn -0.1456 0.9351 -0.3231
vn 0.2224 0.2094 -0.9522
vn 0.0002 -0.2909 -0.9568
vn -0.5149 0.0001 0.8573
vn 0.0027 0.2706 -0.9627
vn -0.0616 -0.3803 0.9228
vn 0.0028 -0.4315 0.9021
vn -0.0036 0.3000 0.9539
vn -0.0018 0.2955 0.9554
vn 0.0402 0.4540 0.8901
vn 0.0604 0.3737 -0.9256
vn 0.5225 -0.0001 -0.8526
vn -0.0023 0.4159 -0.9094
vn -0.0373 -0.4311 -0.9015
vn -0.0641 0.4018 0.9135
vn 0.0636 -0.3978 -0.9153
vn 0.3748 -0.3527 0.8574
vn -0.0000 -0.2621 0.9650
vn 0.7288 0.6848 -0.0000
vn 0.1347 -0.9909 -0.0000
vn 0.1347 0.9909 -0.0000
vn -0.1855 0.9826 -0.0000
vn -0.0708 -0.9975 -0.0000
vn -0.9999 -0.0117 -0.0000
vn -0.7273 0.6863 -0.0000
vn -0.0000 -0.6021 0.7984
vn -0.0000 0.5973 -0.8020
vn -0.0000 0.5973 -0.8021
vn -0.0000 -0.7071 -0.7071
vn -0.5153 -0.4842 -0.7071
vn -0.5153 -0.4842 0.7071
vn -0.7288 0.6848 -0.0000
vn 0.5153 -0.4842 -0.7071
vn 0.5153 -0.4842 0.7071
vn 0.6848 -0.7287 -0.0000
vn -0.6848 0.7287 -0.0000
vn -0.6848 -0.7287 -0.0000
vn 0.6848 0.7287 -0.0000
vn -0.7287 0.6848 -0.0000
vn -0.0000 1.0000 -0.0001
vn -0.9768 -0.0000 -0.2143
vn -0.0000 -1.0000 0.0001
vn 0.9768 -0.0000 0.2143
vn -0.2810 -0.0000 0.9597
vn 0.2808 -0.0000 -0.9598
vn -0.0000 1.0000 -0.0002
vn -0.0000 -1.0000 0.0003
vn -0.2809 -0.0000 0.9597
vn 0.2807 -0.0000 -0.9598
vn 0.6964 0.1526 0.7013
vn 0.7021 0.3125 0.6399
vn 0.7021 0.3110 0.6406
vn 0.9651 -0.0350 -0.2594
vn 0.9677 -0.0932 -0.2343
vn 0.9677 -0.0926 -0.2346
vn 0.2565 -0.1806 -0.9495
vn 0.2658 -0.3987 -0.8777
vn 0.2658 -0.3983 -0.8779
vn -0.6964 -0.1494 -0.7020
vn -0.7023 -0.3075 -0.6420
vn -0.7023 -0.3082 -0.6417
vn 0.2737 -0.9498 -0.1518
vn 0.2760 -0.9612 0.0003
vn 0.2739 -0.9506 -0.1460
vn -0.6926 -0.7137 -0.1047
vn -0.6942 -0.7198 0.0001
vn -0.6920 -0.7126 -0.1155
vn -0.2717 0.8586 0.4347
vn -0.2737 0.9499 0.1510
vn -0.2735 0.9489 0.1572
vn -0.2714 0.8621 0.4280
vn 0.6931 0.6515 0.3084
vn 0.6918 0.7124 0.1183
vn 0.6924 0.7135 0.1069
vn 0.6944 0.6440 0.3211
vn 0.9692 -0.2187 -0.1136
vn 0.9697 -0.2399 -0.0452
vn 0.9699 -0.2401 -0.0392
vn 0.9693 -0.2147 -0.1195
vn 0.2720 -0.8641 -0.4236
vn 0.2721 -0.8609 -0.4299
vn -0.6947 -0.6449 -0.3185
vn -0.6936 -0.6519 -0.3065
vn -0.9651 0.0354 0.2593
vn -0.9677 0.0930 0.2344
vn -0.9677 0.0937 0.2341
vn 0.6965 0.5260 0.4880
vn 0.6973 0.5343 0.4779
vn 0.9685 -0.1715 -0.1804
vn 0.9688 -0.1752 -0.1754
vn 0.2697 -0.6977 -0.6637
vn 0.2700 -0.7018 -0.6592
vn -0.6976 -0.5322 -0.4797
vn -0.6970 -0.5243 -0.4892
vn -0.2658 0.4053 0.8747
vn -0.2697 0.7052 0.6557
vn -0.2694 0.7008 0.6605
vn -0.2658 0.4062 0.8743
vn 0.6942 0.7198 0.0001
vn 0.9704 -0.2417 -0.0000
vn -0.9688 0.1755 0.1752
vn -0.9693 0.2146 0.1199
vn -0.9691 0.2187 0.1139
vn -0.9685 0.1717 0.1804
vn -0.9704 0.2417 -0.0000
vn -0.9697 0.2399 0.0455
vn -0.9699 0.2402 0.0395
vn -0.2760 0.9612 0.0003
vn 0.2658 -0.3984 -0.8779
vn -0.6964 -0.1494 -0.7019
vn 0.6917 0.7124 0.1183
vn 0.9699 -0.2402 -0.0392
vn -0.2566 0.1867 0.9483
vn 0.2719 -0.8641 -0.4236
vn -0.2735 0.9490 0.1572
vn -0.2716 0.8586 0.4347
vn -0.6920 -0.7126 -0.1154
vn -0.2737 0.9499 0.1509
vn -0.2714 0.8621 0.4279
vn -0.6969 -0.5243 -0.4892
vt 0.375000 0.000000
vt 0.625000 0.000000
vt 0.625000 0.250000
vt 0.375000 0.250000
vt 0.625000 0.500000
vt 0.375000 0.500000
vt 0.625000 0.750000
vt 0.375000 0.750000
vt 0.625000 1.000000
vt 0.375000 1.000000
vt 0.125000 0.500000
vt 0.125000 0.750000
vt 0.875000 0.500000
vt 0.875000 0.750000
vt 0.797821 0.577179
vt 0.797821 0.672821
vt 0.702179 0.577179
vt 0.702179 0.672821
vt 0.611426 0.178687
vt 0.625000 0.178687
vt 0.611426 0.250000
vt 0.585352 0.678687
vt 0.598926 0.678687
vt 0.598926 0.750000
vt 0.585352 0.750000
vt 0.611426 0.178687
vt 0.611426 0.071313
vt 0.625000 0.071313
vt 0.625000 0.678687
vt 0.611426 0.678687
vt 0.611426 0.571313
vt 0.625000 0.571313
vt 0.598926 0.750000
vt 0.426225 0.000000
vt 0.585352 0.750000
vt 0.426226 0.678687
vt 0.375000 0.678687
vt 0.375000 0.571313
vt 0.426226 0.571313
vt 0.426225 0.178687
vt 0.375000 0.178687
vt 0.375000 0.071313
vt 0.426225 0.071313
vt 0.598926 0.000000
vt 0.585352 0.000000
vt 0.497144 0.000000
vt 0.438726 0.000000
vt 0.497143 0.000000
vt 0.438725 0.562753
vt 0.438725 0.508560
vt 0.426226 0.750000
vt 0.500893 0.000000
vt 0.426225 0.750000
vt 0.426225 1.000000
vt 0.426226 0.500000
vt 0.426225 0.250000
vt 0.575561 0.000000
vt 0.575561 0.678687
vt 0.575561 0.571313
vt 0.585352 0.571313
vt 0.585352 0.178687
vt 0.575561 0.178687
vt 0.575561 0.071313
vt 0.585352 0.071313
vt 0.500893 0.071313
vt 0.438725 0.583813
vt 0.500893 0.583813
vt 0.500893 0.583813
vt 0.497143 0.583813
vt 0.500893 0.750000
vt 0.575561 0.750000
vt 0.575561 0.750000
vt 0.500893 0.750000
vt 0.575561 1.000000
vt 0.500893 1.000000
vt 0.563061 0.687247
vt 0.563061 0.741440
vt 0.500893 0.178687
vt 0.575561 0.250000
vt 0.500893 0.250000
vt 0.575561 0.500000
vt 0.500893 0.500000
vt 0.500893 0.741440
vt 0.575561 0.750000
vt 0.500893 0.687247
vt 0.438725 0.687247
vt 0.500893 0.678687
vt 0.438725 0.741440
vt 0.500893 0.666187
vt 0.563061 0.666187
vt 0.438726 0.666187
vt 0.500893 0.571313
vt 0.563061 0.583813
vt 0.500893 0.508560
vt 0.500893 0.562753
vt 0.563061 0.562753
vt 0.563061 0.508560
vt 0.375000 0.000000
vt 0.375000 0.250000
vt 0.375000 0.571313
vt 0.375000 0.678687
vt 0.504643 0.666187
vt 0.497144 0.687247
vt 0.504643 0.508560
vt 0.504643 0.687247
vt 0.504643 0.741440
vt 0.375000 0.687247
vt 0.375000 0.741440
vt 0.375000 0.741440
vt 0.375000 0.687247
vt 0.497143 0.666187
vt 0.504643 0.583813
vt 0.504643 0.562753
vt 0.125000 0.678687
vt 0.125000 0.571313
vt 0.585352 0.250000
vt 0.598926 0.250000
vt 0.598926 0.500000
vt 0.585352 0.500000
vt 0.611426 0.000000
vt 0.611426 0.000000
vt 0.611426 0.500000
vt 0.611426 0.571313
vt 0.611426 0.750000
vt 0.611426 1.000000
vt 0.585352 1.000000
vt 0.422475 0.750000
vt 0.423634 0.750000
vt 0.424680 0.750000
vt 0.425987 0.750000
vt 0.426164 0.750000
vt 0.378245 0.750000
vt 0.419231 0.750000
vt 0.598926 0.750000
vt 0.598926 1.000000
vt 0.598926 0.571313
vt 0.598926 0.178687
vt 0.598926 0.071313
vt 0.611426 0.750000
vt 0.611426 0.678687
vt 0.611426 0.071313
vt 0.598926 0.571313
vt 0.611426 0.250000
vt 0.611426 0.500000
vt 0.608586 1.000000
vt 0.608586 0.750000
vt 0.608586 0.571313
vt 0.608586 0.500000
vt 0.608586 0.071313
vt 0.608586 0.000000
vt 0.608586 0.000000
vt 0.601766 0.000000
vt 0.601766 0.750000
vt 0.608586 0.750000
vt 0.608586 0.678687
vt 0.608586 0.571313
vt 0.601766 0.571313
vt 0.601766 0.678687
vt 0.601766 0.071313
vt 0.601766 0.178687
vt 0.608586 0.178687
vt 0.608586 0.071313
vt 0.601766 0.500000
vt 0.601766 0.250000
vt 0.608586 0.250000
vt 0.608586 0.500000
vt 0.601766 0.571313
vt 0.601766 0.750000
vt 0.601766 1.000000
vt 0.601766 0.750000
vt 0.608586 0.250000
vt 0.608586 0.178687
vt 0.608586 0.678687
vt 0.625000 0.508560
vt 0.625000 0.562753
vt 0.625000 0.666187
vt 0.625000 0.666187
vt 0.625000 0.083813
vt 0.625000 0.166187
vt 0.625000 0.687247
vt 0.625000 0.687247
vt 0.625000 0.687247
vt 0.375000 0.166187
vt 0.375000 0.083813
vt 0.625000 0.741440
vt 0.625000 0.741440
vt 0.625000 0.583813
vt 0.625000 0.666187
vt 0.625000 0.583813
vt 0.625000 0.508560
vt 0.625000 0.562753
vt 0.625000 0.508560
vt 0.625000 0.666187
vt 0.625000 0.508560
vt 0.563061 0.083813
vt 0.563061 0.166187
vt 0.375000 0.083813
vt 0.375000 0.083813
vt 0.375000 0.083813
vt 0.625000 0.687247
vt 0.625000 0.583813
vt 0.625000 0.666187
vt 0.625000 0.583813
vt 0.625000 0.508560
vt 0.625000 0.000000
vt 0.625000 0.750000
vt 0.625000 0.571313
vt 0.625000 0.750000
vt 0.625000 0.571313
vt 0.625000 0.750000
vt 0.625000 0.031685
vt 0.625000 0.717226
vt 0.625000 0.255239
vt 0.625000 0.494974
vt 0.625000 0.028605
vt 0.625000 0.687273
vt 0.625000 0.710649
vt 0.625000 0.097325
vt 0.625000 0.196657
vt 0.625000 0.565634
vt 0.625000 0.661407
vt 0.625000 0.035913
vt 0.625000 0.031342
vt 0.625000 0.031947
vt 0.625000 0.712858
vt 0.625000 0.718432
vt 0.625000 0.029616
vt 0.625000 0.719645
vt 0.375000 0.750000
vt 0.375000 0.508560
vt 0.375000 0.562753
vt 0.375000 0.562753
vt 0.375000 0.508560
vt 0.375000 0.687247
vt 0.375000 0.562753
vt 0.375000 0.666187
vt 0.375000 0.583813
vt 0.375000 0.583813
vt 0.375000 0.583812
vt 0.375000 0.508560
vt 0.375000 0.666187
vt 0.375000 0.562753
vt 0.375000 0.583812
vt 0.378245 0.750000
vt 0.419231 0.750000
vt 0.419231 0.750000
vt 0.419231 0.750000
vt 0.438725 0.083813
vt 0.500893 0.083813
vt 0.497144 0.083813
vt 0.504643 0.166187
vt 0.504643 0.083813
vt 0.497143 0.687247
vt 0.497143 0.741440
vt 0.625000 0.083813
vt 0.625000 0.583813
vt 0.504643 0.562753
vt 0.504643 0.583813
vt 0.497143 0.562753
vt 0.497143 0.741440
vt 0.497144 0.508560
vt 0.497143 0.666187
vt 0.438725 0.166187
vt 0.497143 0.508560
vt 0.497143 0.562753
vt 0.563061 0.000000
vt 0.504643 0.000000
vt 0.563061 0.000000
vt 0.375000 0.583813
vt 0.375000 0.741440
vt 0.375000 0.666187
vt 0.625000 0.687247
vt 0.625000 0.583813
vt 0.625000 0.666187
vt 0.625000 0.562753
vt 0.625000 0.741440
vt 0.504643 0.741440
vt 0.504643 0.666187
vt 0.497143 0.583813
vt 0.497143 0.508560
vt 0.504643 0.562753
vt 0.375000 0.741440
vt 0.375000 0.666187
vt 0.625000 0.083813
vt 0.625000 0.166187
vt 0.500893 0.166187
vt 0.625000 0.000000
vt 0.625000 0.166187
vt 0.625000 0.083813
vt 0.625000 0.166187
vt 0.375000 0.166187
vt 0.375000 0.166187
vt 0.497144 0.166187
vt 0.497143 0.083813
vt 0.497143 0.166187
vt 0.504643 0.083813
vt 0.625000 0.166187
vt 0.625000 0.083813
vt 0.625000 0.166187
vt 0.504644 0.000000
vt 0.375000 0.166187
vt 0.375000 0.000000
vt 0.375000 0.000000
vt 0.769553 0.571720
vt 0.769553 0.680253
vt 0.671789 0.571720
vt 0.652236 0.571720
vt 0.789105 0.680253
vt 0.789105 0.571720
vt 0.652236 0.680253
vt 0.730447 0.680253
vt 0.750000 0.680253
vt 0.671789 0.680253
vt 0.710894 0.680253
vt 0.691342 0.680253
vt 0.691342 0.571720
vt 0.710894 0.571720
vt 0.730447 0.571720
vt 0.750000 0.571720
vt 0.828211 0.680253
vt 0.808658 0.680253
vt 0.808658 0.571720
vt 0.828211 0.571720
vt 0.867316 0.680253
vt 0.847764 0.680253
vt 0.847764 0.571720
vt 0.867316 0.571720
vt 0.382354 0.992646
vt 0.382354 0.757354
vt 0.867316 0.742317
vt 0.632683 0.742316
vt 0.867317 0.507683
vt 0.632683 0.507683
vt 0.617646 0.992646
vt 0.617646 0.757354
vt 0.632683 0.571720
vt 0.652236 0.507683
vt 0.847764 0.507683
vt 0.828211 0.507683
vt 0.808658 0.507683
vt 0.789105 0.507683
vt 0.769553 0.507683
vt 0.750000 0.507683
vt 0.730447 0.507683
vt 0.710894 0.507683
vt 0.691342 0.507683
vt 0.671789 0.507683
vt 0.671789 0.742316
vt 0.652236 0.742317
vt 0.691342 0.742316
vt 0.710894 0.742316
vt 0.730447 0.742317
vt 0.750000 0.742317
vt 0.769553 0.742317
vt 0.789105 0.742317
vt 0.808658 0.742317
vt 0.828211 0.742317
vt 0.847764 0.742317
vt 0.632683 0.680253
vt 0.000000 0.000000
vt 0.000000 0.416667
vt 0.166667 0.416667
vt 0.166667 0.250000
vt 0.000000 0.250000
vt 0.000000 0.583333
vt 0.166667 0.583333
vt 0.000000 0.750000
vt 0.166667 0.750000
vt 0.000000 0.916667
vt 0.166667 0.916667
vt 0.500000 0.750000
vt 1.000000 0.750000
vt 1.000000 0.583333
vt 0.500000 0.583333
vt 0.500000 0.916667
vt 1.000000 0.916667
vt 0.389970 0.250000
vt 0.500000 0.250000
vt 0.500000 0.083333
vt 0.394900 0.083333
vt 0.404930 0.416667
vt 0.500000 0.416667
vt 0.442860 0.583333
vt 0.404930 0.416667
vt 0.461072 0.750000
vt 0.421859 0.916667
vt 0.461072 0.750000
vt 0.000000 0.083333
vt 0.166667 0.083333
vt 0.268155 0.416667
vt 0.280144 0.250000
vt 0.241092 0.583333
vt 0.268155 0.416667
vt 0.229751 0.750000
vt 0.241092 0.583333
vt 0.255774 0.916667
vt 0.229751 0.750000
vt 0.280144 0.250000
vt 0.276205 0.083333
vt 1.000000 0.416667
vt 1.000000 0.250000
vt 0.276205 0.083333
vt 0.394900 0.083333
vt 0.421859 0.916667
vt 0.255774 0.916667
vt 1.000000 0.083333
s 1
g off
usemtl House_Roof.001
f 1/1/1 2/2/1 4/3/1 3/4/1
f 3/4/2 4/3/2 8/5/2 7/6/2
f 7/6/3 8/5/3 6/7/3 5/8/3
f 5/8/4 6/7/4 2/9/4 1/10/4
f 3/11/5 7/6/5 5/8/5 1/12/5
f 8/5/6 4/13/6 2/14/6 6/7/6
f 9/1/1 10/2/1 12/3/1 11/4/1
f 11/4/2 12/3/2 16/5/2 15/6/2
f 15/6/3 16/5/3 14/7/3 13/8/3
f 13/8/4 14/7/4 10/9/4 9/10/4
f 11/11/5 15/6/5 13/8/5 9/12/5
f 16/5/6 12/13/6 10/14/6 14/7/6
f 17/1/1 18/2/1 20/3/1 19/4/1
f 19/4/2 20/3/2 24/5/2 23/6/2
f 23/6/3 24/5/3 22/7/3 21/8/3
f 21/8/4 22/7/4 18/9/4 17/10/4
f 19/11/5 23/6/5 21/8/5 17/12/5
f 24/5/6 20/13/6 18/14/6 22/7/6
f 25/1/1 26/2/1 28/3/1 27/4/1
f 27/4/2 28/3/2 32/5/2 31/6/2
f 31/6/3 32/5/3 30/7/3 29/8/3
f 29/8/4 30/7/4 26/9/4 25/10/4
f 27/11/5 31/6/5 29/8/5 25/12/5
f 32/5/6 28/13/6 26/14/6 30/7/6
f 33/1/1 34/2/1 36/3/1 35/4/1
f 35/4/2 36/3/2 40/5/2 39/6/2
f 39/6/3 40/5/3 38/7/3 37/8/3
f 37/8/4 38/7/4 34/9/4 33/10/4
f 35/11/5 39/6/5 37/8/5 33/12/5
f 40/5/6 36/13/6 34/14/6 38/7/6
f 41/1/1 42/2/1 44/3/1 43/4/1
f 43/4/2 44/3/2 48/5/2 47/6/2
f 47/6/3 48/5/3 46/7/3 45/8/3
f 45/8/4 46/7/4 42/9/4 41/10/4
f 43/11/5 47/6/5 45/8/5 41/12/5
f 48/5/6 44/13/6 42/14/6 46/7/6
f 49/1/1 50/2/1 52/3/1 51/4/1
f 51/4/2 52/3/2 56/5/2 55/6/2
f 55/6/3 56/5/3 54/7/3 53/8/3
f 53/8/4 54/7/4 50/9/4 49/10/4
f 51/11/5 55/6/5 53/8/5 49/12/5
f 56/5/6 52/13/6 50/14/6 54/7/6
f 57/1/1 58/2/1 60/3/1 59/4/1
f 59/4/2 60/3/2 64/5/2 63/6/2
f 63/6/3 64/5/3 62/7/3 61/8/3
f 61/8/4 62/7/4 58/9/4 57/10/4
f 59/11/5 63/6/5 61/8/5 57/12/5
f 64/5/6 60/13/6 58/14/6 62/7/6
f 65/1/1 66/2/1 68/3/1 67/4/1
f 67/4/2 68/3/2 72/5/2 71/6/2
f 71/6/3 72/5/3 70/7/3 69/8/3
f 69/8/4 70/7/4 66/9/4 65/10/4
f 67/11/5 71/6/5 69/8/5 65/12/5
f 72/5/6 68/13/6 66/14/6 70/7/6
f 73/1/1 74/2/1 76/3/1 75/4/1
f 75/4/2 76/3/2 80/5/2 79/6/2
f 79/6/3 80/5/3 78/7/3 77/8/3
f 77/8/4 78/7/4 74/9/4 73/10/4
f 75/11/5 79/6/5 77/8/5 73/12/5
f 80/5/6 76/13/6 74/14/6 78/7/6
f 81/1/1 82/2/1 84/3/1 83/4/1
f 83/4/2 84/3/2 88/5/2 87/6/2
f 87/6/3 88/5/3 86/7/3 85/8/3
f 85/8/4 86/7/4 82/9/4 81/10/4
f 83/11/5 87/6/5 85/8/5 81/12/5
f 88/5/6 84/13/6 82/14/6 86/7/6
f 89/1/1 90/2/1 92/3/1 91/4/1
f 91/4/2 92/3/2 96/5/2 95/6/2
f 95/6/3 96/5/3 94/7/3 93/8/3
f 93/8/4 94/7/4 90/9/4 89/10/4
f 91/11/5 95/6/5 93/8/5 89/12/5
f 96/5/6 92/13/6 90/14/6 94/7/6
f 1767/1/3 1768/2/3 1760/3/3 1753/4/3
f 1753/4/4 1760/3/4 1761/5/4 1757/6/4
f 1757/6/1 1761/5/1 1769/7/1 1770/8/1
f 1751/328/6 1755/329/6 1774/329/6 1771/328/6
f 1753/11/5 1757/6/5 1770/8/5 1767/12/5
f 1752/330/2 1756/331/2 1766/331/2 1763/330/2
f 1752/330/6 1754/332/6 1760/13/6 1768/14/6
f 1754/332/6 1758/333/6 1761/5/6 1760/13/6
f 1758/333/6 1756/331/6 1769/7/6 1761/5/6
f 1756/331/6 1752/330/6 1768/14/6 1769/7/6
f 1758/333/4 1754/332/4 1764/332/4 1765/333/4
f 1756/331/1 1758/333/1 1765/333/1 1766/331/1
f 1754/332/3 1752/330/3 1763/330/3 1764/332/3
f 1751/328/2 1759/334/2 1768/9/2 1767/10/2
f 1762/335/2 1755/329/2 1770/8/2 1769/7/2
f 1755/329/2 1751/328/2 1767/10/2 1770/8/2
f 1759/334/2 1762/335/2 1769/7/2 1768/9/2
f 1774/329/2 1773/335/2 1772/334/2 1771/328/2
f 1759/334/1 1751/328/1 1771/328/1 1772/334/1
f 1762/335/5 1759/334/5 1772/334/5 1773/335/5
f 1755/329/3 1762/335/3 1773/335/3 1774/329/3
f 1927/1/3 1928/2/3 1920/3/3 1913/4/3
f 1913/4/4 1920/3/4 1921/5/4 1917/6/4
f 1917/6/1 1921/5/1 1929/7/1 1930/8/1
f 1911/328/6 1915/329/6 1934/329/6 1931/328/6
f 1913/11/5 1917/6/5 1930/8/5 1927/12/5
f 1912/330/2 1916/331/2 1926/331/2 1923/330/2
f 1912/330/6 1914/332/6 1920/13/6 1928/14/6
f 1914/332/6 1918/333/6 1921/5/6 1920/13/6
f 1918/333/6 1916/331/6 1929/7/6 1921/5/6
f 1916/331/6 1912/330/6 1928/14/6 1929/7/6
f 1918/333/4 1914/332/4 1924/332/4 1925/333/4
f 1916/331/1 1918/333/1 1925/333/1 1926/331/1
f 1914/332/3 1912/330/3 1923/330/3 1924/332/3
f 1911/328/2 1919/334/2 1928/9/2 1927/10/2
f 1922/335/2 1915/329/2 1930/8/2 1929/7/2
f 1915/329/2 1911/328/2 1927/10/2 1930/8/2
f 1919/334/2 1922/335/2 1929/7/2 1928/9/2
f 1934/329/2 1933/335/2 1932/334/2 1931/328/2
f 1919/334/1 1911/328/1 1931/328/1 1932/334/1
f 1922/335/5 1919/334/5 1932/334/5 1933/335/5
f 1915/329/3 1922/335/3 1933/335/3 1934/329/3
usemtl TV_Connection.001
f 97/1/7 98/2/7 100/3/7 99/4/7
f 99/4/8 100/3/8 104/5/8 103/6/8
f 103/6/9 104/5/9 102/7/9 101/8/9
f 101/8/10 102/7/10 98/9/10 97/10/10
f 103/6/6 101/8/6 168/8/6 167/6/6
f 106/15/11 107/16/11 111/16/12 110/15/13
f 104/5/6 100/13/6 106/15/6 105/17/6
f 100/13/6 98/14/6 107/16/6 106/15/6
f 98/14/6 102/7/6 108/18/6 107/16/6
f 102/7/6 104/5/6 105/17/6 108/18/6
f 110/15/13 111/16/12 115/16/14 114/15/14
f 105/17/15 106/15/15 110/15/15 109/17/15
f 107/16/16 108/18/16 112/18/16 111/16/16
f 108/18/17 105/17/17 109/17/18 112/18/19
f 113/17/20 114/15/20 115/16/20 116/18/20
f 109/17/21 110/15/21 117/15/21 118/17/21
f 110/15/13 114/15/14 121/15/14 117/15/14
f 112/18/19 109/17/18 113/17/22 116/18/22
f 118/17/23 117/15/23 121/15/23 122/17/23
f 120/16/24 119/18/24 123/18/24 124/16/24
f 116/18/20 115/16/20 124/16/20 123/18/20
f 113/17/22 109/17/18 118/17/22 122/17/22
f 111/16/21 112/18/21 119/18/21 120/16/21
f 115/16/14 111/16/12 120/16/14 124/16/14
f 114/15/20 113/17/20 122/17/20 121/15/20
f 112/18/19 116/18/22 123/18/22 119/18/22
f 125/1/25 127/4/25 128/3/25 126/2/25
f 127/4/26 131/6/26 132/5/26 128/3/26
f 131/6/27 129/8/27 130/7/27 132/5/27
f 129/8/28 125/10/28 126/9/28 130/7/28
f 127/11/29 125/12/29 129/8/29 131/6/29
f 132/5/30 130/7/30 126/14/30 128/13/30
f 133/1/31 135/4/31 136/3/31 134/2/31
f 135/4/26 139/6/26 140/5/26 136/3/26
f 139/6/27 137/8/27 138/7/27 140/5/27
f 137/8/28 133/10/28 134/9/28 138/7/28
f 135/11/32 133/12/32 137/8/32 139/6/32
f 140/5/30 138/7/30 134/14/30 136/13/30
f 141/1/25 143/4/25 144/3/25 142/2/25
f 143/4/26 147/6/26 148/5/26 144/3/26
f 147/6/33 145/8/33 146/7/33 148/5/33
f 145/8/28 141/10/28 142/9/28 146/7/28
f 143/11/32 141/12/32 145/8/32 147/6/32
f 148/5/30 146/7/30 142/14/30 144/13/30
f 149/1/25 151/4/25 152/3/25 150/2/25
f 151/4/26 155/6/26 156/5/26 152/3/26
f 155/6/27 153/8/27 154/7/27 156/5/27
f 153/8/28 149/10/28 150/9/28 154/7/28
f 151/11/32 149/12/32 153/8/32 155/6/32
f 156/5/30 154/7/30 150/14/30 152/13/30
f 157/1/31 159/4/31 160/3/31 158/2/31
f 159/4/26 163/6/26 164/5/26 160/3/26
f 163/6/27 161/8/27 162/7/27 164/5/27
f 161/8/28 157/10/28 158/9/28 162/7/28
f 159/11/32 157/12/32 161/8/32 163/6/32
f 164/5/30 162/7/30 158/14/30 160/13/30
f 168/8/34 166/10/34 170/10/34 172/8/34
f 101/8/6 97/10/6 166/10/6 168/8/6
f 99/4/6 103/6/6 167/6/6 165/4/6
f 97/1/6 99/4/6 165/4/6 166/1/6
f 169/11/5 171/6/5 172/8/5 170/12/5
f 165/4/35 167/6/35 171/6/35 169/4/35
f 167/6/9 168/8/9 172/8/9 171/6/9
f 166/1/7 165/4/7 169/4/7 170/1/7
usemtl Building.001
f 489/19/1 1503/20/1 176/3/1 479/21/1
f 425/22/36 488/23/36 483/24/36 423/25/36
f 1503/20/1 489/26/1 470/27/1 1504/28/1
f 713/29/3 487/30/3 468/31/3 717/32/3
f 431/25/3 496/33/3 491/33/3 428/25/3
f 409/34/1 408/1/1 181/1/1 197/34/1
f 434/25/3 498/33/3 486/33/3 424/35/3
f 1198/2/1 1197/2/1 640/2/1 641/2/1
f 218/36/3 190/37/3 189/38/3 223/39/3
f 1506/40/1 186/41/1 185/42/1 1507/43/1
f 464/44/1 417/45/1 432/45/1 476/44/1
f 173/1/1 193/34/1 1507/43/1 185/42/1
f 190/37/36 218/36/36 214/51/36 177/8/36
f 1248/52/1 409/34/1 197/34/1 1230/52/1
f 414/8/3 410/53/3 198/53/3 184/8/3
f 184/8/4 198/53/4 197/54/4 181/10/4
f 179/6/37 222/55/37 223/39/37 189/38/37
f 186/41/1 1506/40/1 194/56/1 175/4/1
f 175/4/2 194/56/2 222/55/2 179/6/2
f 433/45/1 411/57/1 204/57/1 418/45/1
f 425/22/3 217/58/3 224/59/3 419/60/3
f 426/61/1 1510/62/1 1509/63/1 420/64/1
f 1229/52/1 203/57/1 1509/63/1 1508/65/1
f 1247/70/3 412/71/3 210/72/3 1226/73/3
f 1226/73/4 210/72/4 204/74/4 1230/75/4
f 1505/78/1 1510/62/1 207/79/1 1223/80/1
f 1223/80/2 207/79/2 221/81/2 1224/82/2
f 1233/83/36 209/77/36 213/84/36 1225/70/36
f 1234/85/36 199/86/36 218/36/36 1227/87/36
f 199/86/36 196/88/36 214/51/36 218/36/36
f 209/77/36 211/76/36 217/58/36 213/84/36
f 1235/89/3 215/90/3 217/58/3 1227/87/3
f 200/66/3 216/91/3 218/36/3 223/39/3
f 1236/67/3 200/66/3 223/39/3 1231/92/3
f 215/90/3 205/93/3 224/59/3 217/58/3
f 1237/94/37 195/50/37 222/55/37 1224/82/37
f 195/50/37 219/49/37 223/39/37 222/55/37
f 1238/95/37 220/96/37 224/59/37 1231/92/37
f 220/96/37 208/97/37 221/81/37 224/59/37
f 430/25/6 434/25/6 450/25/6 445/25/6
f 432/45/1 403/57/1 1512/57/1 427/45/1
f 410/53/4 414/8/4 442/8/4 448/53/4
f 1245/52/1 401/34/1 1515/34/1 1511/52/1
f 401/34/1 400/1/1 228/1/1 1515/34/1
f 430/25/3 493/33/3 498/33/3 434/25/3
f 427/45/1 1512/57/1 1517/57/1 429/45/1
f 1515/34/1 228/1/1 234/1/1 1516/34/1
f 428/25/3 491/33/3 493/33/3 430/25/3
f 423/25/3 483/33/3 496/33/3 431/25/3
f 193/34/1 173/1/1 400/1/1 401/34/1
f 1229/52/1 193/34/1 401/34/1 1245/52/1
f 177/8/3 214/51/3 402/53/3 398/8/3
f 417/45/1 203/57/1 403/57/1 432/45/1
f 1225/70/3 213/84/3 404/71/3 1246/70/3
f 429/45/1 1517/57/1 411/57/1 433/45/1
f 431/25/6 428/25/6 440/25/6 447/25/6
f 1518/52/1 1516/34/1 409/34/1 1248/52/1
f 1516/34/1 234/1/1 408/1/1 409/34/1
f 421/116/2 480/117/2 481/118/2 422/119/2
f 407/2/1 477/120/1 466/121/1 182/2/1
f 213/84/3 423/25/3 431/25/3 404/71/3
f 1246/70/2 404/71/2 437/71/2 1251/70/2
f 476/44/1 432/45/1 427/45/1 471/44/1
f 1247/70/4 410/53/4 448/53/4 1252/70/4
f 1514/2/1 474/120/1 477/121/1 407/2/1
f 1513/2/1 472/120/1 474/121/1 1514/2/1
f 482/122/37 718/5/37 717/32/37 468/123/37
f 485/124/4 183/7/4 182/9/4 466/125/4
f 203/57/1 417/45/1 420/64/1 1509/63/1
f 217/58/36 425/22/36 423/25/36 213/84/36
f 412/71/3 434/25/3 424/35/3 210/72/3
f 210/72/4 424/35/4 418/126/4 204/74/4
f 221/81/37 422/119/37 419/60/37 224/59/37
f 1510/62/1 426/61/1 421/116/1 207/79/1
f 207/79/2 421/116/2 422/119/2 221/81/2
f 1251/70/3 437/71/3 438/71/3 1249/70/3
f 1250/70/3 441/71/3 449/71/3 1252/70/3
f 437/71/2 447/25/2 460/25/2 455/71/2
f 449/71/5 441/71/5 458/71/5 461/71/5
f 445/25/6 450/25/6 462/25/6 459/25/6
f 404/71/2 431/25/2 447/25/2 437/71/2
f 434/25/4 412/71/4 449/71/4 450/25/4
f 398/8/2 402/53/2 435/53/2 446/8/2
f 428/25/6 430/25/6 445/25/6 440/25/6
f 458/71/3 459/25/3 462/25/3 461/71/3
f 456/71/3 457/25/3 459/25/3 458/71/3
f 455/71/3 460/25/3 457/25/3 456/71/3
f 440/25/6 445/25/6 459/25/6 457/25/6
f 450/25/4 449/71/4 461/71/4 462/25/4
f 441/71/5 438/71/5 456/71/5 458/71/5
f 438/71/5 437/71/5 455/71/5 456/71/5
f 447/25/6 440/25/6 457/25/6 460/25/6
f 424/35/4 486/134/4 465/135/4 418/126/4
f 422/119/37 481/118/37 467/136/37 419/60/37
f 490/137/1 426/61/1 420/64/1 469/138/1
f 471/44/1 427/45/1 429/45/1 473/44/1
f 399/2/1 475/120/1 472/121/1 1513/2/1
f 417/45/1 464/44/1 469/138/1 420/64/1
f 473/44/1 429/45/1 433/45/1 478/44/1
f 494/139/3 733/7/3 413/7/3 497/124/3
f 487/140/36 713/29/36 709/7/36 484/124/36
f 495/139/3 397/7/3 734/7/3 492/124/3
f 492/139/3 734/7/3 733/7/3 494/124/3
f 463/121/1 174/2/1 1504/28/1 470/141/1
f 484/139/3 709/7/3 397/7/3 495/124/3
f 497/139/3 413/7/3 183/7/3 485/124/3
f 478/44/1 433/45/1 418/45/1 465/44/1
f 488/23/3 425/22/3 419/60/3 467/142/3
f 479/143/2 176/3/2 718/5/2 482/144/2
f 426/61/1 490/137/1 480/117/1 421/116/1
f 174/2/1 463/120/1 475/121/1 399/2/1
f 1521/2/1 1522/2/1 671/2/1 668/2/1
f 1200/3/1 1523/20/1 1519/20/1 637/3/1
f 1202/2/1 1524/2/1 1521/2/1 649/2/1
f 1204/7/3 1203/7/3 711/7/3 642/7/3
f 1205/5/2 1200/3/2 637/3/2 720/5/2
f 1207/7/3 1204/7/3 642/7/3 736/7/3
f 1525/28/1 1210/2/1 648/2/1 1520/28/1
f 1213/7/3 1212/7/3 654/7/3 639/7/3
f 1210/2/1 1202/2/1 649/2/1 648/2/1
f 1212/7/3 1208/7/3 735/7/3 654/7/3
f 1526/2/1 1198/2/1 641/2/1 1522/2/1
f 1197/9/4 1213/7/4 639/7/4 640/9/4
f 715/29/3 719/32/3 665/32/3 664/29/3
f 654/7/3 735/7/3 669/7/3 672/7/3
f 1520/28/1 648/2/1 666/2/1 663/28/1
f 736/7/3 642/7/3 660/7/3 670/7/3
f 637/3/1 1519/20/1 662/20/1 655/3/1
f 720/5/2 637/3/2 655/3/2 656/5/2
f 648/2/1 649/2/1 667/2/1 666/2/1
f 719/32/37 720/5/37 656/5/37 665/32/37
f 640/9/4 639/7/4 657/7/4 658/9/4
f 1522/2/1 641/2/1 659/2/1 671/2/1
f 711/7/36 715/29/36 664/29/36 661/7/36
f 641/2/1 640/2/1 658/2/1 659/2/1
f 639/7/3 654/7/3 672/7/3 657/7/3
f 649/2/1 1521/2/1 668/2/1 667/2/1
f 642/7/3 711/7/3 661/7/3 660/7/3
f 735/7/3 736/7/3 670/7/3 669/7/3
f 1519/20/1 1520/28/1 663/28/1 662/20/1
f 688/7/3 678/7/3 696/7/3 706/7/3
f 700/29/3 701/32/3 915/32/3 911/29/3
f 673/3/1 680/20/1 698/20/1 691/3/1
f 674/5/2 673/3/2 691/3/2 692/5/2
f 684/2/1 685/2/1 703/2/1 702/2/1
f 683/32/37 674/5/37 692/5/37 701/32/37
f 676/9/4 675/7/4 693/7/4 694/9/4
f 689/2/1 677/2/1 695/2/1 707/2/1
f 679/7/36 682/29/36 700/29/36 697/7/36
f 677/2/1 676/2/1 694/2/1 695/2/1
f 675/7/3 690/7/3 708/7/3 693/7/3
f 685/2/1 686/2/1 704/2/1 703/2/1
f 678/7/3 679/7/3 697/7/3 696/7/3
f 687/7/3 688/7/3 706/7/3 705/7/3
f 680/20/1 681/28/1 699/28/1 698/20/1
f 686/2/1 689/2/1 707/2/1 704/2/1
f 682/29/3 683/32/3 701/32/3 700/29/3
f 690/7/3 687/7/3 705/7/3 708/7/3
f 681/28/1 684/2/1 702/2/1 699/28/1
f 191/180/36 178/185/36 709/7/36 713/29/36
f 643/186/36 646/182/36 715/29/36 711/7/36
f 1215/186/36 643/186/36 711/7/36 1203/7/36
f 1216/181/36 191/180/36 713/29/36 1209/29/36
f 192/187/3 710/188/3 713/29/3 717/32/3
f 712/176/3 647/189/3 719/32/3 715/29/3
f 1217/189/3 192/187/3 717/32/3 1206/32/3
f 1218/177/3 712/176/3 715/29/3 1209/29/3
f 180/190/37 714/191/37 717/32/37 718/5/37
f 716/175/37 638/174/37 720/5/37 719/32/37
f 1219/174/37 180/190/37 718/5/37 1205/5/37
f 1220/191/37 716/175/37 719/32/37 1206/32/37
f 226/7/3 239/7/3 733/7/3 734/7/3
f 651/7/3 652/7/3 736/7/3 735/7/3
f 1221/7/3 226/7/3 734/7/3 1207/7/3
f 1222/7/3 651/7/3 735/7/3 1208/7/3
f 1172/3/1 1535/20/1 1531/20/1 867/3/1
f 708/7/3 705/7/3 903/7/3 866/7/3
f 699/28/1 702/2/1 860/2/1 1528/28/1
f 706/7/3 696/7/3 854/7/3 904/7/3
f 691/3/1 698/20/1 1527/20/1 849/3/1
f 692/5/2 691/3/2 849/3/2 916/5/2
f 702/2/1 703/2/1 861/2/1 860/2/1
f 701/32/37 692/5/37 916/5/37 915/32/37
f 694/9/4 693/7/4 851/7/4 852/9/4
f 707/2/1 695/2/1 853/2/1 1530/2/1
f 697/7/36 700/29/36 911/29/36 907/7/36
f 695/2/1 694/2/1 852/2/1 853/2/1
f 693/7/3 708/7/3 866/7/3 851/7/3
f 703/2/1 704/2/1 1529/2/1 861/2/1
f 696/7/3 697/7/3 907/7/3 854/7/3
f 705/7/3 706/7/3 904/7/3 903/7/3
f 698/20/1 699/28/1 1528/28/1 1527/20/1
f 704/2/1 707/2/1 1530/2/1 1529/2/1
f 917/32/37 918/5/37 886/5/37 895/32/37
f 1173/5/2 1172/3/2 867/3/2 918/5/2
f 1175/2/1 1174/2/1 879/2/1 878/2/1
f 1178/9/4 1177/7/4 869/7/4 870/9/4
f 1536/2/1 1179/2/1 871/2/1 1534/2/1
f 1179/2/1 1178/2/1 870/2/1 871/2/1
f 1177/7/3 1183/7/3 884/7/3 869/7/3
f 1174/2/1 1537/2/1 1533/2/1 879/2/1
f 1185/7/3 1182/7/3 909/7/3 872/7/3
f 1183/7/3 1187/7/3 905/7/3 884/7/3
f 1538/28/1 1175/2/1 878/2/1 1532/28/1
f 1186/7/3 1185/7/3 872/7/3 906/7/3
f 870/9/4 869/7/4 887/7/4 888/9/4
f 1534/2/1 871/2/1 889/2/1 901/2/1
f 909/7/36 913/29/36 894/29/36 891/7/36
f 871/2/1 870/2/1 888/2/1 889/2/1
f 869/7/3 884/7/3 902/7/3 887/7/3
f 879/2/1 1533/2/1 898/2/1 897/2/1
f 872/7/3 909/7/3 891/7/3 890/7/3
f 905/7/3 906/7/3 900/7/3 899/7/3
f 1531/20/1 1532/28/1 893/28/1 892/20/1
f 1533/2/1 1534/2/1 901/2/1 898/2/1
f 913/29/3 917/32/3 895/32/3 894/29/3
f 884/7/3 905/7/3 899/7/3 902/7/3
f 1532/28/1 878/2/1 896/2/1 893/28/1
f 906/7/3 872/7/3 890/7/3 900/7/3
f 867/3/1 1531/20/1 892/20/1 885/3/1
f 918/5/2 867/3/2 885/3/2 886/5/2
f 878/2/1 879/2/1 897/2/1 896/2/1
f 864/7/3 863/7/3 903/7/3 904/7/3
f 881/7/3 882/7/3 906/7/3 905/7/3
f 1189/7/3 864/7/3 904/7/3 1186/7/3
f 1190/7/3 881/7/3 905/7/3 1187/7/3
f 858/181/36 855/185/36 907/7/36 911/29/36
f 873/185/36 876/200/36 913/29/36 909/7/36
f 1191/181/36 858/181/36 911/29/36 1181/29/36
f 1192/186/36 873/185/36 909/7/36 1182/7/36
f 859/201/3 908/202/3 911/29/3 915/32/3
f 910/193/3 877/203/3 917/32/3 913/29/3
f 1193/189/3 859/201/3 915/32/3 1176/32/3
f 1194/193/3 910/193/3 913/29/3 1181/29/3
f 850/174/37 912/191/37 915/32/37 916/5/37
f 914/191/37 868/194/37 918/5/37 917/32/37
f 1195/204/37 850/174/37 916/5/37 1173/5/37
f 1196/191/37 914/191/37 917/32/37 1176/32/37
f 181/1/1 408/1/1 1096/1/1 1087/1/1
f 177/8/3 398/8/3 1094/8/3 1116/8/3
f 228/1/1 400/1/1 1093/1/1 1543/1/1
f 189/38/3 190/37/3 1120/101/3 1125/100/3
f 400/1/1 173/1/1 1092/1/1 1093/1/1
f 173/1/1 185/42/1 1542/42/1 1092/1/1
f 175/4/2 179/6/2 1124/6/2 1079/4/2
f 234/1/1 228/1/1 1543/1/1 1544/1/1
f 184/8/4 181/10/4 1087/10/4 1089/229/4
f 414/8/3 184/8/3 1089/229/3 1095/8/3
f 190/37/36 177/8/36 1116/8/36 1120/101/36
f 408/1/1 234/1/1 1544/1/1 1096/1/1
f 179/6/37 189/38/37 1125/100/37 1124/6/37
f 185/42/1 186/41/1 1540/41/1 1542/42/1
f 186/41/1 175/4/1 1079/4/1 1540/41/1
f 1259/1/1 1272/1/1 1106/1/1 1111/1/1
f 1261/8/3 1271/8/3 1105/8/3 1113/8/3
f 1257/8/3 1270/8/3 1104/8/3 1115/8/3
f 1547/1/1 1269/1/1 1103/1/1 1548/1/1
f 1269/1/1 1262/1/1 1114/1/1 1103/1/1
f 1262/1/1 1541/42/1 1550/42/1 1114/1/1
f 1263/4/2 1258/6/2 1123/6/2 1097/99/2
f 1267/8/4 1259/10/4 1111/10/4 1101/8/4
f 1271/8/3 1267/8/3 1101/8/3 1105/8/3
f 1272/1/1 1545/1/1 1546/1/1 1106/1/1
f 1270/8/3 1264/8/3 1098/8/3 1104/8/3
f 1539/41/1 1263/4/1 1097/99/1 1549/41/1
f 1273/109/36 1083/108/36 1116/8/36 1257/8/36
f 1274/234/36 1112/234/36 1119/101/36 1260/101/36
f 1083/108/36 1088/107/36 1120/101/36 1116/8/36
f 1112/234/36 1109/109/36 1115/8/36 1119/101/36
f 1275/236/3 1118/236/3 1120/101/3 1260/101/3
f 1118/236/3 1084/237/3 1125/100/3 1120/101/3
f 1276/238/3 1099/239/3 1126/100/3 1265/100/3
f 1099/239/3 1117/236/3 1119/101/3 1126/100/3
f 1277/240/37 1110/240/37 1123/6/37 1258/6/37
f 1121/231/37 1085/230/37 1124/6/37 1125/100/37
f 1278/232/37 1121/231/37 1125/100/37 1265/100/37
f 1110/240/37 1122/235/37 1126/100/37 1123/6/37
f 912/191/37 1196/191/37 1176/32/37 915/32/37
f 868/194/37 1195/204/37 1173/5/37 918/5/37
f 908/202/3 1194/193/3 1181/29/3 911/29/3
f 877/203/3 1193/189/3 1176/32/3 917/32/3
f 855/185/36 1192/186/36 1182/7/36 907/7/36
f 876/200/36 1191/181/36 1181/29/36 913/29/36
f 863/7/3 1190/7/3 1187/7/3 903/7/3
f 882/7/3 1189/7/3 1186/7/3 906/7/3
f 904/7/3 854/7/3 1185/7/3 1186/7/3
f 1528/28/1 860/2/1 1175/2/1 1538/28/1
f 866/7/3 903/7/3 1187/7/3 1183/7/3
f 854/7/3 907/7/3 1182/7/3 1185/7/3
f 861/2/1 1529/2/1 1537/2/1 1174/2/1
f 851/7/3 866/7/3 1183/7/3 1177/7/3
f 853/2/1 852/2/1 1178/2/1 1179/2/1
f 1530/2/1 853/2/1 1179/2/1 1536/2/1
f 852/9/4 851/7/4 1177/7/4 1178/9/4
f 860/2/1 861/2/1 1174/2/1 1175/2/1
f 916/5/2 849/3/2 1172/3/2 1173/5/2
f 849/3/1 1527/20/1 1535/20/1 1172/3/1
f 239/7/3 1222/7/3 1208/7/3 733/7/3
f 652/7/3 1221/7/3 1207/7/3 736/7/3
f 714/191/37 1220/191/37 1206/32/37 717/32/37
f 638/174/37 1219/174/37 1205/5/37 720/5/37
f 710/188/3 1218/177/3 1209/29/3 713/29/3
f 647/189/3 1217/189/3 1206/32/3 719/32/3
f 646/182/36 1216/181/36 1209/29/36 715/29/36
f 178/185/36 1215/186/36 1203/7/36 709/7/36
f 182/9/4 183/7/4 1213/7/4 1197/9/4
f 1514/2/1 407/2/1 1198/2/1 1526/2/1
f 413/7/3 733/7/3 1208/7/3 1212/7/3
f 174/2/1 399/2/1 1202/2/1 1210/2/1
f 183/7/3 413/7/3 1212/7/3 1213/7/3
f 1504/28/1 174/2/1 1210/2/1 1525/28/1
f 734/7/3 397/7/3 1204/7/3 1207/7/3
f 718/5/2 176/3/2 1200/3/2 1205/5/2
f 397/7/3 709/7/3 1203/7/3 1204/7/3
f 399/2/1 1513/2/1 1524/2/1 1202/2/1
f 176/3/1 1503/20/1 1523/20/1 1200/3/1
f 407/2/1 182/2/1 1197/2/1 1198/2/1
f 444/53/3 1250/70/3 1252/70/3 448/53/3
f 435/53/3 1251/70/3 1249/70/3 436/53/3
f 412/71/4 1247/70/4 1252/70/4 449/71/4
f 402/53/2 1246/70/2 1251/70/2 435/53/2
f 1517/57/1 1518/52/1 1248/52/1 411/57/1
f 214/51/3 1225/70/3 1246/70/3 402/53/3
f 203/57/1 1229/52/1 1245/52/1 403/57/1
f 403/57/1 1245/52/1 1511/52/1 1512/57/1
f 219/49/37 1238/95/37 1231/92/37 223/39/37
f 208/97/37 1237/94/37 1224/82/37 221/81/37
f 205/93/3 1236/67/3 1231/92/3 224/59/3
f 216/91/3 1235/89/3 1227/87/3 218/36/3
f 211/76/36 1234/85/36 1227/87/36 217/58/36
f 196/88/36 1233/83/36 1225/70/36 214/51/36
f 194/56/2 1223/80/2 1224/82/2 222/55/2
f 1506/40/1 1505/78/1 1223/80/1 194/56/1
f 198/53/4 1226/73/4 1230/75/4 197/54/4
f 410/53/3 1247/70/3 1226/73/3 198/53/3
f 193/34/1 1229/52/1 1508/65/1 1507/43/1
f 411/57/1 1248/52/1 1230/52/1 204/57/1
f 1122/235/37 1278/232/37 1265/100/37 1126/100/37
f 1085/230/37 1277/240/37 1258/6/37 1124/6/37
f 1084/237/3 1276/238/3 1265/100/3 1125/100/3
f 1117/236/3 1275/236/3 1260/101/3 1119/101/3
f 1088/107/36 1274/234/36 1260/101/36 1120/101/36
f 1109/109/36 1273/109/36 1257/8/36 1115/8/36
f 1540/41/1 1079/4/1 1263/4/1 1539/41/1
f 1094/8/3 1082/8/3 1264/8/3 1270/8/3
f 1096/1/1 1544/1/1 1545/1/1 1272/1/1
f 1095/8/3 1089/229/3 1267/8/3 1271/8/3
f 1089/229/4 1087/10/4 1259/10/4 1267/8/4
f 1079/4/2 1124/6/2 1258/6/2 1263/4/2
f 1092/1/1 1542/42/1 1541/42/1 1262/1/1
f 1093/1/1 1092/1/1 1262/1/1 1269/1/1
f 1543/1/1 1093/1/1 1269/1/1 1547/1/1
f 1116/8/3 1094/8/3 1270/8/3 1257/8/3
f 1090/8/3 1095/8/3 1271/8/3 1261/8/3
f 1087/1/1 1096/1/1 1272/1/1 1259/1/1
f 188/284/1 187/285/1 1503/20/1 1504/28/1
f 201/263/1 1228/286/1 1505/78/1 1506/40/1
f 202/248/1 201/263/1 1506/40/1 1507/43/1
f 206/195/1 1232/249/1 1508/65/1 1509/63/1
f 212/196/1 206/195/1 1509/63/1 1510/62/1
f 1240/52/1 231/266/1 1512/57/1 1511/52/1
f 233/287/1 225/2/1 1513/2/1 1514/2/1
f 235/47/1 229/47/1 1515/34/1 1516/34/1
f 231/266/1 237/268/1 1517/57/1 1512/57/1
f 237/268/1 1242/52/1 1518/52/1 1517/57/1
f 644/288/1 645/289/1 1520/28/1 1519/20/1
f 650/2/1 653/2/1 1522/2/1 1521/2/1
f 1199/290/1 644/288/1 1519/20/1 1523/20/1
f 1201/2/1 650/2/1 1521/2/1 1524/2/1
f 1211/178/1 188/284/1 1504/28/1 1525/28/1
f 1214/2/1 233/287/1 1514/2/1 1526/2/1
f 857/255/1 856/179/1 1527/20/1 1528/28/1
f 865/2/1 862/2/1 1529/2/1 1530/2/1
f 874/179/1 875/178/1 1532/28/1 1531/20/1
f 880/2/1 883/287/1 1534/2/1 1533/2/1
f 1171/290/1 874/179/1 1531/20/1 1535/20/1
f 1180/2/1 865/2/1 1530/2/1 1536/2/1
f 1184/2/1 880/2/1 1533/2/1 1537/2/1
f 875/178/1 1188/178/1 1538/28/1 1532/28/1
f 1255/291/1 1080/292/1 1540/41/1 1539/41/1
f 1081/198/1 1256/197/1 1541/42/1 1542/42/1
f 1091/98/1 1086/98/1 1544/1/1 1543/1/1
f 1080/292/1 1081/198/1 1542/42/1 1540/41/1
f 1266/1/1 1100/1/1 1546/1/1 1545/1/1
f 1102/1/1 1268/1/1 1547/1/1 1548/1/1
f 1100/1/1 1102/1/1 1548/1/1 1546/1/1
f 1108/184/1 1107/183/1 1549/41/1 1550/42/1
f 856/179/1 1171/290/1 1535/20/1 1527/20/1
f 883/287/1 1180/2/1 1536/2/1 1534/2/1
f 862/2/1 1184/2/1 1537/2/1 1529/2/1
f 1188/178/1 857/255/1 1528/28/1 1538/28/1
f 187/285/1 1199/290/1 1523/20/1 1503/20/1
f 225/2/1 1201/2/1 1524/2/1 1513/2/1
f 645/289/1 1211/178/1 1525/28/1 1520/28/1
f 653/2/1 1214/2/1 1526/2/1 1522/2/1
f 1228/286/1 212/196/1 1510/62/1 1505/78/1
f 1232/249/1 202/248/1 1507/43/1 1508/65/1
f 229/47/1 1240/52/1 1511/52/1 1515/34/1
f 1242/52/1 235/47/1 1516/34/1 1518/52/1
f 1107/183/1 1255/291/1 1539/41/1 1549/41/1
f 1256/197/1 1108/184/1 1550/42/1 1541/42/1
f 1086/98/1 1266/1/1 1545/1/1 1544/1/1
f 1268/1/1 1091/98/1 1543/1/1 1547/1/1
usemtl Material.002
f 219/49/6 195/50/6 270/50/6 271/49/6
f 200/66/4 1236/67/4 1338/68/4 1337/69/4 267/66/4
f 211/76/5 209/77/5 261/77/5 263/76/5
f 215/90/2 1235/89/2 1335/89/2 1334/102/2 265/90/2
f 199/86/38 1234/85/38 1332/85/38 1331/103/38 264/86/38
f 1237/94/39 208/97/39 269/97/39 1339/104/39 1341/94/39
f 205/93/5 215/90/5 265/90/5 268/93/5
f 1235/89/2 216/91/2 266/91/2 1333/111/2 1335/89/2
f 208/97/5 220/96/5 272/96/5 269/97/5
f 196/88/6 199/86/6 264/86/6 262/88/6
f 216/91/6 200/66/6 267/66/6 266/91/6
f 220/96/40 1238/95/40 1344/95/40 1343/113/40 272/96/40
f 638/174/5 716/175/5 731/175/5 732/174/5
f 239/7/6 226/7/6 738/7/6 737/7/6
f 712/176/2 1218/177/2 1314/177/2 1313/177/2 727/176/2
f 875/178/5 874/179/5 1587/179/5 1588/178/5
f 191/180/38 1216/181/38 1308/182/38 1307/182/38 722/180/38
f 1107/183/6 1108/184/6 1598/184/6 1597/183/6
f 180/190/39 1219/174/39 1317/174/39 1316/174/39 730/190/39
f 1216/181/38 646/182/38 724/182/38 1306/182/38 1308/182/38
f 178/185/6 191/180/6 722/180/6 721/185/6
f 1219/174/39 638/174/39 732/174/39 1315/174/39 1317/192/39
f 646/182/5 643/186/5 723/186/5 724/182/5
f 710/188/6 192/187/6 726/187/6 725/188/6
f 716/175/40 1220/191/40 1320/191/40 1319/191/40 731/175/40
f 647/189/5 712/176/5 727/176/5 728/189/5
f 714/191/6 180/190/6 730/190/6 729/191/6
f 226/7/4 1221/7/4 1323/7/4 1322/7/4 738/7/4
f 651/7/2 1222/7/2 1326/7/2 1325/7/2 739/7/2
f 652/7/5 651/7/5 739/7/5 740/7/5
f 910/193/2 1194/193/2 1296/193/2 1295/193/2 929/193/2
f 881/7/2 1190/7/2 1284/7/2 1283/7/2 921/7/2
f 868/194/5 914/191/5 933/191/5 934/194/5
f 206/195/5 212/196/5 1572/196/5 1571/195/5
f 1256/197/2 1081/198/2 1592/198/2 1638/197/2 1640/199/2
f 1192/186/95 855/185/95 923/185/95 1288/185/95 1290/186/95
f 1195/204/39 868/194/39 934/194/39 1297/204/39 1299/204/39
f 858/181/38 1191/181/38 1287/182/38 1286/181/38 924/181/38
f 864/7/4 1189/7/4 1281/7/4 1280/7/4 920/7/4
f 873/185/95 1192/186/95 1290/185/95 1289/185/95 925/185/95
f 1196/191/40 912/191/40 931/191/40 1300/191/40 1302/191/40
f 914/191/40 1196/191/40 1302/191/40 1301/191/40 933/191/40
f 863/7/6 864/7/6 920/7/6 919/7/6
f 855/185/6 858/181/6 924/181/6 923/185/6
f 882/7/5 881/7/5 921/7/5 922/7/5
f 908/202/6 859/201/6 928/201/6 927/202/6
f 876/200/5 873/185/5 925/185/5 926/200/5
f 912/191/6 850/174/6 932/174/6 931/191/6
f 877/203/5 910/193/5 929/193/5 930/203/5
f 862/2/6 865/2/6 1586/2/6 1585/2/6
f 1109/109/6 1112/234/6 1129/234/6 1127/109/6
f 1278/232/40 1122/235/40 1138/235/40 1360/232/40 1362/232/40
f 1102/1/6 1100/1/6 1595/1/6 1596/1/6
f 1275/236/2 1117/236/2 1131/236/2 1351/236/2 1353/241/2
f 1273/109/95 1109/109/95 1127/109/95 1345/109/95 1347/109/95
f 1277/240/39 1085/230/39 1136/230/39 1357/240/39 1359/240/39
f 1085/230/5 1121/231/5 1137/231/5 1136/230/5
f 1274/234/38 1088/107/38 1130/107/38 1348/234/38 1350/234/38
f 1117/236/6 1099/239/6 1134/239/6 1131/236/6
f 1121/231/40 1278/232/40 1362/232/40 1361/242/40 1137/231/40
f 1112/234/38 1274/234/38 1350/234/38 1349/234/38 1129/234/38
f 1099/239/4 1276/238/4 1356/238/4 1355/243/4 1134/239/4
f 1122/235/6 1110/240/6 1135/240/6 1138/235/6
f 1088/107/5 1083/108/5 1128/108/5 1130/107/5
f 1084/237/5 1118/236/5 1132/236/5 1133/237/5
f 1190/7/2 863/7/2 919/7/2 1282/7/2 1284/7/2
f 643/186/95 1215/186/95 1305/186/95 1304/186/95 723/186/95
f 1194/193/2 908/202/2 927/202/2 1294/193/2 1296/193/2
f 859/201/4 1193/189/4 1293/189/4 1292/189/4 928/201/4
f 1193/189/4 877/203/4 930/203/4 1291/189/4 1293/189/4
f 1191/181/38 876/200/38 926/200/38 1285/182/38 1287/181/38
f 850/174/39 1195/204/39 1299/204/39 1298/204/39 932/174/39
f 202/248/2 1232/249/2 1634/249/2 1633/250/2 1570/248/2
f 1222/7/2 239/7/2 737/7/2 1324/7/2 1326/7/2
f 1221/7/4 652/7/4 740/7/4 1321/7/4 1323/7/4
f 1220/191/40 714/191/40 729/191/40 1318/191/40 1320/191/40
f 1218/177/2 710/188/2 725/188/2 1312/177/2 1314/193/2
f 1217/189/4 647/189/4 728/189/4 1309/189/4 1311/189/4
f 1215/186/95 178/185/95 721/185/95 1303/186/95 1305/186/95
f 856/179/6 857/255/6 1584/255/6 1583/179/6
f 192/187/4 1217/189/4 1311/189/4 1310/189/4 726/187/4
f 1266/1/2 1086/98/2 1594/98/2 1644/98/2 1646/98/2
f 1236/67/4 205/93/4 268/93/4 1336/258/4 1338/68/4
f 1234/85/38 211/76/38 263/76/38 1330/105/38 1332/85/38
f 1238/95/40 219/49/40 271/49/40 1342/259/40 1344/95/40
f 1233/83/95 196/88/95 262/88/95 1327/260/95 1329/83/95
f 195/50/39 1237/94/39 1341/94/39 1340/261/39 270/50/39
f 209/77/95 1233/83/95 1329/83/95 1328/106/95 261/77/95
f 201/263/6 202/248/6 1570/248/6 1569/263/6
f 1110/240/39 1277/240/39 1359/240/39 1358/240/39 1135/240/39
f 1083/108/95 1273/109/95 1347/109/95 1346/270/95 1128/108/95
f 1118/236/2 1275/236/2 1353/236/2 1352/271/2 1132/236/2
f 1565/2/2 1564/2/2 1566/2/2
f 1276/238/4 1084/237/4 1133/237/4 1354/269/4 1356/238/4
f 1189/7/4 882/7/4 922/7/4 1279/7/4 1281/7/4
f 1363/7/4 1364/7/4 1365/7/4
f 1280/7/1 1364/7/1 1363/7/1 1279/7/1
f 1281/7/178 1365/7/178 1364/7/178 1280/7/178
f 1279/7/67 1363/7/67 1365/7/67 1281/7/67
f 1366/7/2 1367/7/2 1368/7/2
f 1283/7/1 1367/7/1 1366/7/1 1282/7/1
f 1284/7/67 1368/7/67 1367/7/67 1283/7/67
f 1282/7/178 1366/7/178 1368/7/178 1284/7/178
f 1369/182/38 1370/272/38 1371/182/38
f 1286/272/168 1370/272/168 1369/182/168 1285/182/168
f 1287/182/179 1371/182/179 1370/272/179 1286/272/179
f 1285/182/180 1369/182/180 1371/182/180 1287/182/180
f 1372/185/95 1373/185/95 1374/185/95
f 1289/185/168 1373/185/168 1372/185/168 1288/185/168
f 1290/185/180 1374/185/180 1373/185/180 1289/185/180
f 1288/185/179 1372/185/179 1374/185/179 1290/185/179
f 1375/189/4 1376/273/4 1377/189/4
f 1292/273/1 1376/273/1 1375/189/1 1291/189/1
f 1293/189/178 1377/189/178 1376/273/178 1292/273/178
f 1291/189/67 1375/189/67 1377/189/67 1293/189/67
f 1378/202/2 1379/274/2 1380/193/2
f 1295/274/1 1379/274/1 1378/202/1 1294/202/1
f 1296/193/67 1380/193/67 1379/274/67 1295/274/67
f 1294/202/178 1378/202/178 1380/193/178 1296/193/178
f 1381/204/39 1382/204/39 1383/204/39
f 1298/204/181 1382/204/181 1381/204/181 1297/204/181
f 1299/204/182 1383/204/182 1382/204/182 1298/204/182
f 1297/204/183 1381/204/183 1383/204/183 1299/204/183
f 1384/191/40 1385/275/40 1386/191/40
f 1301/275/181 1385/275/181 1384/191/181 1300/191/181
f 1302/191/183 1386/191/183 1385/275/183 1301/275/183
f 1300/191/182 1384/191/182 1386/191/182 1302/191/182
f 1387/186/184 1388/276/184 1389/186/184
f 1304/276/168 1388/276/168 1387/186/168 1303/186/168
f 1305/186/180 1389/186/180 1388/276/180 1304/276/180
f 1303/186/179 1387/186/179 1389/186/179 1305/186/179
f 1390/182/185 1391/182/185 1392/182/185
f 1307/182/168 1391/182/168 1390/182/168 1306/182/168
f 1308/182/179 1392/182/179 1391/182/179 1307/182/179
f 1306/182/180 1390/182/180 1392/182/180 1308/182/180
f 1393/256/4 1394/189/4 1395/189/4
f 1310/189/1 1394/189/1 1393/256/1 1309/256/1
f 1311/189/178 1395/189/178 1394/189/178 1310/189/178
f 1309/256/67 1393/256/67 1395/189/67 1311/189/67
f 1396/177/2 1397/177/2 1398/177/2
f 1313/177/1 1397/177/1 1396/177/1 1312/177/1
f 1314/177/67 1398/177/67 1397/177/67 1313/177/67
f 1312/177/178 1396/177/178 1398/177/178 1314/177/178
f 1399/174/186 1400/174/186 1401/174/186
f 1316/174/181 1400/174/181 1399/174/181 1315/174/181
f 1317/174/182 1401/174/182 1400/174/182 1316/174/182
f 1315/174/183 1399/174/183 1401/174/183 1317/174/183
f 1402/191/187 1403/175/187 1404/191/187
f 1319/175/181 1403/175/181 1402/191/181 1318/191/181
f 1320/191/183 1404/191/183 1403/175/183 1319/175/183
f 1318/191/182 1402/191/182 1404/191/182 1320/191/182
f 1405/7/4 1406/7/4 1407/7/4
f 1322/7/1 1406/7/1 1405/7/1 1321/7/1
f 1323/7/178 1407/7/178 1406/7/178 1322/7/178
f 1321/7/67 1405/7/67 1407/7/67 1323/7/67
f 1408/7/2 1409/7/2 1410/7/2
f 1325/7/1 1409/7/1 1408/7/1 1324/7/1
f 1326/7/67 1410/7/67 1409/7/67 1325/7/67
f 1324/7/178 1408/7/178 1410/7/178 1326/7/178
f 1411/254/95 1412/277/95 1413/83/95
f 1328/277/168 1412/277/168 1411/254/168 1327/254/168
f 1329/83/180 1413/83/180 1412/277/180 1328/277/180
f 1327/254/179 1411/254/179 1413/83/179 1329/83/179
f 1414/105/38 1415/253/38 1416/85/38
f 1331/253/168 1415/253/168 1414/105/168 1330/105/168
f 1332/85/179 1416/85/179 1415/253/179 1331/253/179
f 1330/105/180 1414/105/180 1416/85/180 1332/85/180
f 1417/262/2 1418/278/2 1419/89/2
f 1334/278/1 1418/278/1 1417/262/1 1333/262/1
f 1335/89/67 1419/89/67 1418/278/67 1334/278/67
f 1333/262/178 1417/262/178 1419/89/178 1335/89/178
f 1420/112/4 1421/279/4 1422/68/4
f 1337/279/1 1421/279/1 1420/112/1 1336/112/1
f 1338/68/178 1422/68/178 1421/279/178 1337/279/178
f 1336/112/67 1420/112/67 1422/68/67 1338/68/67
f 1423/104/39 1424/280/39 1425/94/39
f 1340/280/181 1424/280/181 1423/104/181 1339/104/181
f 1341/94/182 1425/94/182 1424/280/182 1340/280/182
f 1339/104/183 1423/104/183 1425/94/183 1341/94/183
f 1426/265/187 1427/281/187 1428/95/187
f 1343/281/188 1427/281/188 1426/265/188 1342/265/188
f 1344/95/183 1428/95/183 1427/281/183 1343/281/183
f 1342/265/182 1426/265/182 1428/95/182 1344/95/182
f 1429/109/95 1430/282/95 1431/109/95
f 1346/282/168 1430/282/168 1429/109/168 1345/109/168
f 1347/109/180 1431/109/180 1430/282/180 1346/282/180
f 1345/109/179 1429/109/179 1431/109/179 1347/109/179
f 1432/110/38 1433/234/38 1434/234/38
f 1349/234/168 1433/234/168 1432/110/168 1348/110/168
f 1350/234/179 1434/234/179 1433/234/179 1349/234/179
f 1348/110/180 1432/110/180 1434/234/180 1350/234/180
f 1435/236/2 1436/283/2 1437/236/2
f 1352/283/1 1436/283/1 1435/236/1 1351/236/1
f 1353/236/67 1437/236/67 1436/283/67 1352/283/67
f 1351/236/178 1435/236/178 1437/236/178 1353/236/178
f 1438/269/4 1439/269/4 1440/238/4
f 1355/269/1 1439/269/1 1438/269/1 1354/269/1
f 1356/238/178 1440/238/178 1439/269/178 1355/269/178
f 1354/269/67 1438/269/67 1440/238/67 1356/238/67
f 1441/233/39 1442/240/39 1443/240/39
f 1358/240/181 1442/240/181 1441/233/181 1357/233/181
f 1359/240/182 1443/240/182 1442/240/182 1358/240/182
f 1357/233/183 1441/233/183 1443/240/183 1359/240/183
f 1444/232/40 1445/231/40 1446/232/40
f 1361/231/181 1445/231/181 1444/232/181 1360/232/181
f 1362/232/183 1446/232/183 1445/231/183 1361/231/183
f 1360/232/182 1444/232/182 1446/232/182 1362/232/182
f 1447/189/3 1448/193/3 1449/202/3 1450/189/3
f 1295/193/6 1448/193/6 1447/189/6 1291/189/6
f 1294/202/4 1449/202/4 1448/193/4 1295/193/4
f 1292/189/5 1450/189/5 1449/202/5 1294/202/5
f 1291/189/2 1447/189/2 1450/189/2 1292/189/2
f 1451/7/3 1452/7/3 1453/7/3 1454/7/3
f 1283/7/6 1452/7/6 1451/7/6 1279/7/6
f 1282/7/4 1453/7/4 1452/7/4 1283/7/4
f 1280/7/5 1454/7/5 1453/7/5 1282/7/5
f 1279/7/2 1451/7/2 1454/7/2 1280/7/2
f 1455/182/36 1456/185/36 1457/185/36 1458/182/36
f 1289/185/6 1456/185/6 1455/182/6 1285/182/6
f 1288/185/38 1457/185/38 1456/185/38 1289/185/38
f 1286/182/5 1458/182/5 1457/185/5 1288/185/5
f 1285/182/95 1455/182/95 1458/182/95 1286/182/95
f 1459/204/37 1460/191/37 1461/191/37 1462/204/37
f 1301/191/6 1460/191/6 1459/204/6 1297/204/6
f 1300/191/39 1461/191/39 1460/191/39 1301/191/39
f 1298/204/5 1462/204/5 1461/191/5 1300/191/5
f 1297/204/40 1459/204/40 1462/204/40 1298/204/40
f 1463/7/3 1464/7/3 1465/7/3 1466/7/3
f 1325/7/6 1464/7/6 1463/7/6 1321/7/6
f 1324/7/4 1465/7/4 1464/7/4 1325/7/4
f 1322/7/5 1466/7/5 1465/7/5 1324/7/5
f 1321/7/2 1463/7/2 1466/7/2 1322/7/2
f 1467/256/3 1468/177/3 1469/177/3 1470/189/3
f 1313/177/6 1468/177/6 1467/256/6 1309/256/6
f 1312/177/4 1469/177/4 1468/177/4 1313/177/4
f 1310/189/5 1470/189/5 1469/177/5 1312/177/5
f 1309/256/2 1467/256/2 1470/189/2 1310/189/2
f 1471/182/36 1472/186/36 1473/186/36 1474/182/36
f 1304/186/6 1472/186/6 1471/182/6 1306/182/6
f 1303/186/38 1473/186/38 1472/186/38 1304/186/38
f 1307/182/5 1474/182/5 1473/186/5 1303/186/5
f 1306/182/95 1471/182/95 1474/182/95 1307/182/95
f 1475/174/37 1476/191/37 1477/191/37 1478/174/37
f 1319/191/6 1476/191/6 1475/174/6 1315/174/6
f 1318/191/39 1477/191/39 1476/191/39 1319/191/39
f 1316/174/5 1478/174/5 1477/191/5 1318/191/5
f 1315/174/40 1475/174/40 1478/174/40 1316/174/40
f 1479/104/37 1480/257/37 1481/265/37 1482/264/37
f 1343/257/6 1480/257/6 1479/104/6 1339/104/6
f 1342/265/39 1481/265/39 1480/257/39 1343/257/39
f 1340/264/5 1482/264/5 1481/265/5 1342/265/5
f 1339/104/40 1479/104/40 1482/264/40 1340/264/40
f 1483/105/36 1484/106/36 1485/254/36 1486/253/36
f 1328/106/6 1484/106/6 1483/105/6 1330/105/6
f 1327/254/38 1485/254/38 1484/106/38 1328/106/38
f 1331/253/5 1486/253/5 1485/254/5 1327/254/5
f 1330/105/95 1483/105/95 1486/253/95 1331/253/95
f 1487/262/3 1488/69/3 1489/112/3 1490/102/3
f 1337/69/5 1488/69/5 1487/262/5 1333/262/5
f 1336/112/2 1489/112/2 1488/69/2 1337/69/2
f 1334/102/6 1490/102/6 1489/112/6 1336/112/6
f 1333/262/4 1487/262/4 1490/102/4 1334/102/4
f 1491/232/37 1492/240/37 1493/233/37 1494/232/37
f 1358/240/5 1492/240/5 1491/232/5 1360/232/5
f 1357/233/40 1493/233/40 1492/240/40 1358/240/40
f 1361/232/6 1494/232/6 1493/233/6 1357/233/6
f 1360/232/39 1491/232/39 1494/232/39 1361/232/39
f 1495/109/36 1496/234/36 1497/110/36 1498/109/36
f 1349/234/5 1496/234/5 1495/109/5 1345/109/5
f 1348/110/95 1497/110/95 1496/234/95 1349/234/95
f 1346/109/6 1498/109/6 1497/110/6 1348/110/6
f 1345/109/38 1495/109/38 1498/109/38 1346/109/38
f 1499/236/3 1500/238/3 1501/269/3 1502/236/3
f 1355/238/5 1500/238/5 1499/236/5 1351/236/5
f 1354/269/2 1501/269/2 1500/238/2 1355/238/2
f 1352/236/6 1502/236/6 1501/269/6 1354/269/6
f 1351/236/4 1499/236/4 1502/236/4 1352/236/4
f 212/196/4 1228/286/4 1631/286/4 1630/251/4 1572/196/4
f 1242/52/2 237/268/2 1578/268/2 1626/267/2 1628/52/2
f 1211/178/2 645/289/2 1580/289/2 1617/178/2 1619/178/2
f 650/2/4 1201/2/4 1616/2/4 1615/2/4 1581/2/4
f 857/255/2 1188/178/2 1607/178/2 1606/178/2 1584/255/2
f 1180/2/2 883/287/2 1590/287/2 1599/2/2 1601/2/2
f 1091/98/4 1268/1/4 1643/1/4 1642/98/4 1593/98/4
f 1255/291/4 1107/183/4 1597/183/4 1635/291/4 1637/292/4
f 865/2/2 1180/2/2 1601/2/2 1600/2/2 1586/2/2
f 233/287/2 1214/2/2 1613/2/2 1612/2/2 1575/287/2
f 188/284/2 1211/178/2 1619/178/2 1618/178/2 1568/284/2
f 231/266/4 1240/52/4 1625/52/4 1624/267/4 1573/266/4
f 1080/292/4 1255/291/4 1637/291/4 1636/292/4 1591/292/4
f 1214/2/2 653/2/2 1582/2/2 1611/2/2 1613/2/2
f 883/287/5 880/2/5 1589/2/5 1590/287/5
f 1100/1/2 1266/1/2 1646/1/2 1645/1/2 1595/1/2
f 225/2/6 233/287/6 1575/287/6 1574/2/6
f 880/2/4 1184/2/4 1604/2/4 1603/2/4 1589/2/4
f 1171/290/4 856/179/4 1583/179/4 1608/290/4 1610/290/4
f 1268/1/4 1102/1/4 1596/1/4 1641/1/4 1643/98/4
f 229/47/6 235/47/6 1577/47/6 1576/47/6
f 237/268/5 231/266/5 1573/266/5 1578/268/5
f 1188/178/2 875/178/2 1588/178/2 1605/178/2 1607/178/2
f 1184/2/4 862/2/4 1585/2/4 1602/2/4 1604/2/4
f 235/47/2 1242/52/2 1628/52/2 1627/46/2 1577/47/2
f 1240/52/4 229/47/4 1576/47/4 1623/48/4 1625/52/4
f 874/179/4 1171/290/4 1610/290/4 1609/290/4 1587/179/4
f 645/289/5 644/288/5 1579/288/5 1580/289/5
f 653/2/5 650/2/5 1581/2/5 1582/2/5
f 644/288/4 1199/290/4 1622/290/4 1621/290/4 1579/288/4
f 1108/184/2 1256/197/2 1640/197/2 1639/197/2 1598/184/2
f 1199/290/4 187/285/4 1567/285/4 1620/290/4 1622/290/4
f 1086/98/5 1091/98/5 1593/98/5 1594/98/5
f 1201/2/4 225/2/4 1574/2/4 1614/2/4 1616/2/4
f 1228/286/4 201/263/4 1569/263/4 1629/295/4 1631/286/4
f 187/285/6 188/284/6 1568/284/6 1567/285/6
f 1081/198/5 1080/292/5 1591/292/5 1592/198/5
f 1232/249/2 206/195/2 1571/195/2 1632/296/2 1634/249/2
f 1618/178/4 1619/178/4 1649/178/4 1651/178/4
f 1635/291/5 1639/197/5 1672/197/5 1668/291/5
f 1634/249/4 1632/296/4 1665/296/4 1664/249/4
f 1607/178/4 1605/178/4 1559/178/4 1560/178/4
f 1632/252/6 1630/251/6 1663/251/6 1665/252/6
f 1630/251/2 1631/286/2 1661/286/2 1663/251/2
f 1603/2/2 1604/2/2 1563/2/2 1561/2/2
f 1646/98/4 1644/98/4 1677/98/4 1676/98/4
f 1619/178/4 1617/178/4 1650/178/4 1649/178/4
f 1629/293/5 1633/294/5 1666/294/5 1662/293/5
f 1642/98/2 1643/1/2 1673/1/2 1675/98/2
f 1615/2/2 1616/2/2 1551/2/2 1648/2/2
f 1626/267/6 1624/267/6 1657/267/6 1659/267/6
f 1631/286/2 1629/295/2 1662/295/2 1661/286/2
f 1604/2/2 1602/2/2 1562/2/2 1563/2/2
f 1623/46/5 1627/48/5 1660/48/5 1656/46/5
f 1627/46/4 1628/52/4 1658/52/4 1660/46/4
f 1600/2/4 1601/2/4 1566/2/4 1564/2/4
f 1643/98/2 1641/1/2 1674/1/2 1673/98/2
f 1616/2/2 1614/2/2 1647/2/2 1551/2/2
f 1620/290/5 1618/178/5 1651/178/5 1653/290/5
f 1639/197/4 1640/197/4 1670/197/4 1672/197/4
f 1612/2/4 1613/2/4 1554/2/4 1552/2/4
f 1617/178/6 1621/290/6 1654/290/6 1650/178/6
f 1562/2/4 1561/2/4 1563/2/4
f 1559/178/2 1558/255/2 1560/178/2
f 1556/290/4 1555/297/4 1557/290/4
f 1553/2/2 1552/2/2 1554/2/2
f 1647/2/4 1648/2/4 1551/2/4
f 1650/178/2 1651/298/2 1649/178/2
f 1653/290/4 1654/299/4 1652/290/4
f 1656/46/4 1657/300/4 1655/52/4
f 1659/267/2 1660/48/2 1658/52/2
f 1662/293/4 1663/251/4 1661/286/4
f 1665/252/2 1666/250/2 1664/249/2
f 1668/291/4 1669/301/4 1667/291/4
f 1671/199/2 1672/197/2 1670/197/2
f 1674/1/4 1675/302/4 1673/1/4
f 1677/98/2 1678/303/2 1676/1/2
f 1565/2/1 1561/2/1 1562/2/1 1564/2/1
f 1559/178/1 1555/290/1 1556/290/1 1558/178/1
f 1553/2/1 1648/2/1 1647/2/1 1552/2/1
f 1650/178/1 1654/290/1 1653/290/1 1651/178/1
f 1656/46/1 1660/48/1 1659/267/1 1657/267/1
f 1662/293/1 1666/294/1 1665/252/1 1663/251/1
f 1668/291/1 1672/197/1 1671/199/1 1669/292/1
f 1674/1/1 1678/1/1 1677/98/1 1675/98/1
f 1645/1/4 1646/1/4 1676/1/4 1678/1/4
f 1638/199/6 1636/292/6 1669/292/6 1671/199/6
f 1622/290/2 1620/290/2 1653/290/2 1652/290/2
f 1599/2/6 1603/2/6 1561/2/6 1565/2/6
f 1606/178/4 1607/178/4 1560/178/4 1558/178/4
f 1633/250/4 1634/249/4 1664/249/4 1666/250/4
f 1641/1/5 1645/1/5 1678/1/5 1674/1/5
f 1602/2/5 1600/2/5 1564/2/5 1562/2/5
f 1610/290/2 1608/290/2 1556/290/2 1557/290/2
f 1637/292/2 1635/291/2 1668/291/2 1667/292/2
f 1644/98/6 1642/98/6 1675/98/6 1677/98/6
f 1621/290/2 1622/290/2 1652/290/2 1654/290/2
f 1605/178/6 1609/290/6 1555/290/6 1559/178/6
f 1625/52/2 1623/48/2 1656/48/2 1655/52/2
f 1608/290/5 1606/178/5 1558/178/5 1556/290/5
f 1609/290/2 1610/290/2 1557/290/2 1555/290/2
f 1636/292/2 1637/291/2 1667/291/2 1669/292/2
f 1611/2/6 1615/2/6 1648/2/6 1553/2/6
f 1613/2/4 1611/2/4 1553/2/4 1554/2/4
f 1640/199/4 1638/197/4 1671/197/4 1670/199/4
f 1624/267/2 1625/52/2 1655/52/2 1657/267/2
f 1614/2/5 1612/2/5 1552/2/5 1647/2/5
f 1601/2/4 1599/2/4 1565/2/4 1566/2/4
f 1628/52/4 1626/267/4 1659/267/4 1658/52/4
usemtl House_Window.001
f 1623/46/1 1576/47/1 1577/47/1 1627/48/1
f 1594/98/1 1593/98/1 1642/98/1 1644/98/1
f 240/8/6 227/8/6 256/8/6 255/8/6
f 1330/105/36 263/76/36 261/77/36 1328/106/36
f 1130/107/36 1128/108/36 1346/109/36 1348/110/36
f 265/90/3 1334/102/3 1336/112/3 268/93/3
f 1253/70/3 609/71/3 612/71/3 1254/70/3
f 608/8/3 610/53/3 611/53/3 607/8/3
f 725/188/3 726/187/3 1310/189/3 1312/177/3
f 729/191/37 730/190/37 1316/174/37 1318/191/37
f 1304/186/36 1306/182/36 724/182/36 723/186/36
f 737/7/3 738/7/3 1322/7/3 1324/7/3
f 927/202/3 928/201/3 1292/189/3 1294/202/3
f 931/191/37 932/174/37 1298/204/37 1300/191/37
f 919/7/3 920/7/3 1280/7/3 1282/7/3
f 1136/230/37 1137/231/37 1361/232/37 1357/233/37
f 1301/191/37 1297/204/37 934/194/37 933/191/37
f 1283/7/3 1279/7/3 922/7/3 921/7/3
f 923/185/36 924/181/36 1286/182/36 1288/185/36
f 1572/196/1 1630/251/1 1632/252/1 1571/195/1
f 1289/185/36 1285/182/36 926/200/36 925/185/36
f 1295/193/3 1291/189/3 930/203/3 929/193/3
f 264/86/36 1331/253/36 1327/254/36 262/88/36
f 1325/7/3 1321/7/3 740/7/3 739/7/3
f 721/185/36 722/180/36 1307/182/36 1303/186/36
f 1319/191/37 1315/174/37 732/174/37 731/175/37
f 1313/177/3 1309/256/3 728/189/3 727/176/3
f 610/53/3 1253/70/3 1254/70/3 611/53/3
f 1339/104/37 269/97/37 272/96/37 1343/257/37
f 1333/262/3 266/91/3 267/66/3 1337/69/3
f 270/50/37 1340/264/37 1342/265/37 271/49/37
f 1573/266/1 1624/267/1 1626/267/1 1578/268/1
f 1355/238/3 1351/236/3 1131/236/3 1134/239/3
f 1133/237/3 1132/236/3 1352/236/3 1354/269/3
f 1349/234/36 1345/109/36 1127/109/36 1129/234/36
f 1615/2/1 1611/2/1 1582/2/1 1581/2/1
f 1358/240/37 1360/232/37 1138/235/37 1135/240/37
f 1609/290/1 1605/178/1 1588/178/1 1587/179/1
f 1629/293/1 1569/263/1 1570/248/1 1633/294/1
f 1645/1/1 1641/1/1 1596/1/1 1595/1/1
f 1583/179/1 1584/255/1 1606/178/1 1608/290/1
f 1603/2/1 1599/2/1 1590/287/1 1589/2/1
f 1567/285/1 1568/284/1 1618/178/1 1620/290/1
f 1639/197/1 1635/291/1 1597/183/1 1598/184/1
f 1574/2/1 1575/287/1 1612/2/1 1614/2/1
f 1621/290/1 1617/178/1 1580/289/1 1579/288/1
f 1592/198/1 1591/292/1 1636/292/1 1638/199/1
f 1585/2/1 1586/2/1 1600/2/1 1602/2/1
usemtl House.001
f 236/53/2 240/8/2 255/8/2 259/53/2
f 232/71/5 238/71/5 260/71/5 257/71/5
f 256/8/2 258/53/2 610/53/2 608/8/2
f 257/71/6 260/71/6 612/71/6 609/71/6
f 1241/70/2 236/53/2 259/53/2 1244/70/2
f 227/8/4 230/53/4 258/53/4 256/8/4
f 1239/70/4 232/71/4 257/71/4 1243/70/4
f 287/8/5 286/8/5 278/8/5 277/8/5
f 273/8/6 274/8/6 297/8/6 295/8/6
f 295/8/6 297/8/6 298/8/6 296/8/6
f 299/8/2 273/8/2 295/8/2 356/8/2
f 356/8/2 295/8/2 296/8/2 363/8/2
f 276/8/5 275/8/5 279/8/5 294/8/5
f 294/8/5 279/8/5 280/8/5 293/8/5
f 293/8/5 280/8/5 281/8/5 292/8/5
f 292/8/5 281/8/5 282/8/5 291/8/5
f 291/8/5 282/8/5 283/8/5 290/8/5
f 290/8/5 283/8/5 284/8/5 289/8/5
f 289/8/5 284/8/5 285/8/5 288/8/5
f 288/8/5 285/8/5 286/8/5 287/8/5
f 394/8/2 393/8/2 395/8/2 396/8/2
f 391/8/2 390/8/2 393/8/2 394/8/2
f 390/8/2 389/8/2 392/8/2 393/8/2
f 387/8/2 386/8/2 390/8/2 391/8/2
f 386/8/2 385/8/2 389/8/2 390/8/2
f 385/8/2 384/8/2 388/8/2 389/8/2
f 382/8/2 381/8/2 386/8/2 387/8/2
f 381/8/2 380/8/2 385/8/2 386/8/2
f 380/8/2 379/8/2 384/8/2 385/8/2
f 379/8/2 378/8/2 383/8/2 384/8/2
f 376/8/2 375/8/2 381/8/2 382/8/2
f 375/8/2 374/8/2 380/8/2 381/8/2
f 374/8/2 373/8/2 379/8/2 380/8/2
f 373/8/2 372/8/2 378/8/2 379/8/2
f 372/8/2 371/8/2 377/8/2 378/8/2
f 369/8/2 368/8/2 375/8/2 376/8/2
f 368/8/2 367/8/2 374/8/2 375/8/2
f 367/8/2 366/8/2 373/8/2 374/8/2
f 366/8/2 365/8/2 372/8/2 373/8/2
f 365/8/2 364/8/2 371/8/2 372/8/2
f 364/8/2 363/8/2 370/8/2 371/8/2
f 362/8/2 361/8/2 368/8/2 369/8/2
f 361/8/2 360/8/2 367/8/2 368/8/2
f 360/8/2 359/8/2 366/8/2 367/8/2
f 359/8/2 358/8/2 365/8/2 366/8/2
f 358/8/2 357/8/2 364/8/2 365/8/2
f 357/8/2 356/8/2 363/8/2 364/8/2
f 305/8/2 304/8/2 361/8/2 362/8/2
f 304/8/2 303/8/2 360/8/2 361/8/2
f 303/8/2 302/8/2 359/8/2 360/8/2
f 302/8/2 301/8/2 358/8/2 359/8/2
f 301/8/2 300/8/2 357/8/2 358/8/2
f 300/8/2 299/8/2 356/8/2 357/8/2
f 352/8/4 351/8/4 354/8/4 355/8/4
f 349/8/4 348/8/4 352/8/4 353/8/4
f 348/8/4 347/8/4 351/8/4 352/8/4
f 345/8/4 344/8/4 349/8/4 350/8/4
f 344/8/4 343/8/4 348/8/4 349/8/4
f 343/8/4 342/8/4 347/8/4 348/8/4
f 340/8/4 339/8/4 345/8/4 346/8/4
f 339/8/4 338/8/4 344/8/4 345/8/4
f 338/8/4 337/8/4 343/8/4 344/8/4
f 337/8/4 336/8/4 342/8/4 343/8/4
f 334/8/4 333/8/4 340/8/4 341/8/4
f 333/8/4 332/8/4 339/8/4 340/8/4
f 332/8/4 331/8/4 338/8/4 339/8/4
f 331/8/4 330/8/4 337/8/4 338/8/4
f 330/8/4 329/8/4 336/8/4 337/8/4
f 328/8/4 327/8/4 334/8/4 335/8/4
f 327/8/4 326/8/4 333/8/4 334/8/4
f 326/8/4 325/8/4 332/8/4 333/8/4
f 325/8/4 324/8/4 331/8/4 332/8/4
f 324/8/4 323/8/4 330/8/4 331/8/4
f 323/8/4 322/8/4 329/8/4 330/8/4
f 297/8/4 321/8/4 328/8/4 298/8/4
f 321/8/4 320/8/4 327/8/4 328/8/4
f 320/8/4 319/8/4 326/8/4 327/8/4
f 319/8/4 318/8/4 325/8/4 326/8/4
f 318/8/4 317/8/4 324/8/4 325/8/4
f 317/8/4 316/8/4 323/8/4 324/8/4
f 316/8/4 315/8/4 322/8/4 323/8/4
f 274/8/4 312/8/4 321/8/4 297/8/4
f 312/8/4 311/8/4 320/8/4 321/8/4
f 311/8/4 310/8/4 319/8/4 320/8/4
f 310/8/4 309/8/4 318/8/4 319/8/4
f 309/8/4 308/8/4 317/8/4 318/8/4
f 308/8/4 307/8/4 316/8/4 317/8/4
f 307/8/4 306/8/4 315/8/4 316/8/4
f 328/8/3 363/8/3 296/8/3 298/8/3
f 370/8/6 363/8/6 328/8/6 335/8/6
f 334/8/3 371/8/3 370/8/3 335/8/3
f 377/8/6 371/8/6 334/8/6 341/8/6
f 340/8/3 378/8/3 377/8/3 341/8/3
f 383/8/6 378/8/6 340/8/6 346/8/6
f 345/8/3 384/8/3 383/8/3 346/8/3
f 388/8/6 384/8/6 345/8/6 350/8/6
f 349/8/3 389/8/3 388/8/3 350/8/3
f 392/8/6 389/8/6 349/8/6 353/8/6
f 352/8/3 393/8/3 392/8/3 353/8/3
f 395/8/6 393/8/6 352/8/6 355/8/6
f 354/8/3 396/8/3 395/8/3 355/8/3
f 240/8/2 236/53/2 444/53/2 443/8/2
f 230/53/4 227/8/4 439/8/4 436/53/4
f 448/53/4 442/8/4 1139/8/4 1143/127/4 621/128/4 622/129/4 623/130/4 624/131/4 620/53/4
f 238/71/5 232/71/5 438/71/5 441/71/5
f 227/8/5 398/8/5 446/8/5 439/8/5
f 414/8/5 240/8/5 443/8/5 442/8/5
f 1239/70/4 230/53/4 436/53/4 1249/70/4
f 1241/70/2 238/71/2 441/71/2 1250/70/2
f 446/8/2 435/53/2 625/53/2 627/131/2 628/130/2 629/129/2 630/128/2 1146/127/2 1142/8/2
f 444/53/6 448/53/6 620/53/6 613/53/6
f 436/53/4 439/8/4 1141/8/4 1145/127/4 633/128/4 634/129/4 635/130/4 636/131/4 632/53/4
f 439/8/5 446/8/5 1142/8/5 1141/8/5
f 442/8/5 443/8/5 1140/8/5 1139/8/5
f 255/8/5 256/8/5 608/8/5 607/8/5
f 1244/70/4 259/53/4 611/53/4 1254/70/4
f 1243/70/2 257/71/2 609/71/2 1253/70/2
f 259/53/4 255/8/4 607/8/4 611/53/4
f 613/53/65 620/53/65 624/131/65 615/131/65
f 615/131/66 624/131/66 623/130/66 616/130/66
f 616/130/67 623/130/67 622/129/67 617/129/67
f 617/129/68 622/129/68 621/128/68 618/128/68
f 618/128/69 621/128/69 1143/127/69 1144/127/69
f 443/8/2 444/53/2 613/53/2 615/131/2 616/130/2 617/129/2 618/128/2 1144/127/2 1140/8/2
f 625/53/65 632/53/65 636/131/65 627/131/65
f 627/131/66 636/131/66 635/130/66 628/130/66
f 628/130/67 635/130/67 634/129/67 629/129/67
f 629/129/68 634/129/68 633/128/68 630/128/68
f 630/128/69 633/128/69 1145/127/69 1146/127/69
f 435/53/6 436/53/6 632/53/6 625/53/6
f 240/8/3 414/8/3 1095/8/3 1090/8/3
f 398/8/3 227/8/3 1082/8/3 1094/8/3
f 453/244/3 452/132/3 1139/8/3 1140/8/3
f 454/132/3 451/132/3 1141/8/3 1142/8/3
f 619/245/3 614/246/3 1144/127/3 1143/127/3
f 614/246/3 453/244/3 1140/8/3 1144/127/3
f 452/132/3 619/245/3 1143/127/3 1139/8/3
f 631/247/3 626/133/3 1146/127/3 1145/127/3
f 626/133/3 454/132/3 1142/8/3 1146/127/3
f 451/132/3 631/247/3 1145/127/3 1141/8/3
f 258/53/2 1243/70/2 1253/70/2 610/53/2
f 260/71/4 1244/70/4 1254/70/4 612/71/4
f 236/53/2 1241/70/2 1250/70/2 444/53/2
f 232/71/4 1239/70/4 1249/70/4 438/71/4
f 230/53/4 1239/70/4 1243/70/4 258/53/4
f 238/71/2 1241/70/2 1244/70/2 260/71/2
usemtl Black.001
f 1549/41/1 1097/99/1 242/4/1 251/41/1
f 415/12/5 416/8/5 244/8/5 243/12/5
f 1550/42/1 1549/41/1 251/41/1 250/42/1
f 1104/8/3 1098/8/3 245/8/3 405/8/3
f 1123/6/37 1126/100/37 248/38/37 241/6/37
f 1106/1/1 1546/1/1 247/1/1 415/1/1
f 1119/101/36 1115/8/36 246/8/36 249/37/36
f 1105/8/3 1101/8/3 244/8/3 416/8/3
f 1101/8/4 1111/10/4 243/10/4 244/8/4
f 1546/1/1 1548/1/1 254/1/1 247/1/1
f 1097/99/2 1123/6/2 241/6/2 242/4/2
f 1114/1/1 1550/42/1 250/42/1 252/1/1
f 1103/1/1 1114/1/1 252/1/1 406/1/1
f 1126/100/3 1119/101/3 249/37/3 248/38/3
f 313/8/3 314/8/3 277/8/3 278/8/3
f 354/8/4 287/8/4 277/8/4 314/8/4
f 306/8/4 276/8/4 294/8/4 315/8/4
f 315/8/4 294/8/4 293/8/4 322/8/4
f 322/8/4 293/8/4 292/8/4 329/8/4
f 329/8/4 292/8/4 291/8/4 336/8/4
f 336/8/4 291/8/4 290/8/4 342/8/4
f 342/8/4 290/8/4 289/8/4 347/8/4
f 347/8/4 289/8/4 288/8/4 351/8/4
f 351/8/4 288/8/4 287/8/4 354/8/4
f 285/8/2 394/8/2 396/8/2 286/8/2
f 284/8/2 391/8/2 394/8/2 285/8/2
f 283/8/2 387/8/2 391/8/2 284/8/2
f 282/8/2 382/8/2 387/8/2 283/8/2
f 281/8/2 376/8/2 382/8/2 282/8/2
f 280/8/2 369/8/2 376/8/2 281/8/2
f 279/8/2 362/8/2 369/8/2 280/8/2
f 275/8/2 305/8/2 362/8/2 279/8/2
f 286/8/2 396/8/2 313/8/2 278/8/2
f 314/8/6 313/8/6 396/8/6 354/8/6
f 1548/1/1 1103/1/1 406/1/1 254/1/1
f 1115/8/3 1104/8/3 405/8/3 246/8/3
f 246/8/5 405/8/5 406/12/5 252/12/5 250/114/5 251/115/5 242/11/5 241/6/5 248/38/5 249/37/5
f 1113/8/3 1105/8/3 416/8/3 253/8/3
f 1111/1/1 1106/1/1 415/1/1 243/1/1
f 405/8/5 245/8/5 253/8/5 416/8/5 415/12/5 247/12/5 254/12/5 406/12/5
f 454/132/2 626/133/2 1154/133/2 1150/132/2
f 451/132/5 454/132/5 1150/132/5 1149/132/5
f 477/121/6 474/120/6 516/120/6 499/121/6
f 491/33/5 496/33/5 526/33/5 527/33/5
f 490/137/5 469/138/5 509/138/5 508/137/5
f 489/19/6 479/21/6 533/21/6 507/19/6
f 473/44/5 478/44/5 500/44/5 515/44/5
f 495/139/6 492/124/6 528/124/6 525/139/6
f 467/136/5 481/118/5 531/118/5 505/136/5
f 475/121/6 463/120/6 517/120/6 511/121/6
f 493/33/5 491/33/5 527/33/5 519/33/5
f 468/31/6 487/30/6 503/30/6 506/31/6
f 482/122/6 468/123/6 506/123/6 532/122/6
f 464/44/5 476/44/5 512/44/5 518/44/5
f 492/139/6 494/124/6 520/124/6 528/139/6
f 488/23/5 467/142/5 505/142/5 504/23/5
f 465/135/5 486/134/5 530/134/5 501/135/5
f 474/121/6 472/120/6 514/120/6 516/121/6
f 496/33/5 483/33/5 523/33/5 526/33/5
f 485/124/6 466/125/6 502/125/6 529/124/6
f 529/124/4 502/125/4 555/145/4 584/146/4
f 532/122/41 506/123/41 559/147/41 585/148/41
f 517/121/1 510/141/1 563/149/1 572/150/1
f 567/151/1 569/150/1 516/121/1 514/120/1
f 513/44/1 515/44/1 570/152/1 568/152/1
f 518/44/1 512/44/1 565/152/1 571/152/1
f 515/44/1 500/44/1 553/152/1 570/152/1
f 575/153/42 583/153/42 530/33/42 522/33/42
f 579/153/3 582/153/3 527/33/3 526/33/3
f 528/139/3 520/124/3 573/146/3 581/154/3
f 525/139/3 528/124/3 581/146/3 580/154/3
f 512/44/1 513/44/1 568/152/1 565/152/1
f 558/155/3 559/156/3 506/31/3 503/30/3
f 521/139/42 529/124/42 584/146/42 576/154/42
f 504/23/3 505/142/3 560/157/3 557/158/3
f 508/137/1 509/138/1 564/159/1 561/160/1
f 562/161/1 563/162/1 510/27/1 507/26/1
f 551/163/43 550/164/43 549/165/43 552/166/43
f 463/121/6 470/141/6 510/141/6 517/121/6
f 480/117/5 490/137/5 508/137/5 534/117/5
f 470/27/6 489/26/6 507/26/6 510/27/6
f 469/138/5 464/44/5 518/44/5 509/138/5
f 494/139/6 497/124/6 521/124/6 520/139/6
f 479/143/6 482/144/6 532/144/6 533/143/6
f 487/140/6 484/124/6 524/124/6 503/140/6
f 481/118/5 480/117/5 534/117/5 531/118/5
f 476/44/5 471/44/5 513/44/5 512/44/5
f 483/24/5 488/23/5 504/23/5 523/24/5
f 498/33/5 493/33/5 519/33/5 522/33/5
f 497/139/6 485/124/6 529/124/6 521/139/6
f 478/44/5 465/44/5 501/44/5 500/44/5
f 472/121/6 475/120/6 511/120/6 514/121/6
f 484/139/6 495/124/6 525/124/6 524/139/6
f 471/44/5 473/44/5 515/44/5 513/44/5
f 486/33/5 498/33/5 522/33/5 530/33/5
f 466/121/6 477/120/6 499/120/6 502/121/6
f 587/164/44 586/163/44 531/118/44 534/117/44
f 561/160/45 587/164/45 534/117/45 508/137/45
f 586/163/41 560/167/41 505/136/41 531/118/41
f 583/168/4 556/169/4 501/135/4 530/134/4
f 524/139/46 525/124/46 580/146/46 577/154/46
f 557/158/36 578/170/36 523/24/36 504/23/36
f 571/152/1 564/159/1 509/138/1 518/44/1
f 533/143/44 532/144/44 585/166/44 588/165/44
f 574/153/3 575/153/3 522/33/3 519/33/3
f 578/153/46 579/153/46 526/33/46 523/33/46
f 582/153/3 574/153/3 519/33/3 527/33/3
f 554/151/47 555/150/47 502/121/47 499/120/47
f 566/151/1 567/150/1 514/121/1 511/120/1
f 520/139/3 521/124/3 576/146/3 573/154/3
f 572/151/1 566/150/1 511/121/1 517/120/1
f 507/19/45 533/21/45 588/171/45 562/172/45
f 503/140/36 524/124/36 577/146/36 558/173/36
f 569/151/1 554/150/1 499/121/1 516/120/1
f 588/165/6 585/166/6 552/166/6 549/165/6
f 569/150/6 567/151/6 605/151/6 601/150/6
f 576/154/6 584/146/6 541/146/6 539/154/6
f 571/152/5 565/152/5 603/152/5 591/152/5
f 580/154/6 581/146/6 593/146/6 596/154/6
f 586/163/5 587/164/5 550/164/5 551/163/5
f 566/150/6 572/151/6 592/151/6 604/150/6
f 583/153/5 575/153/5 540/153/5 542/153/5
f 584/146/6 555/145/6 544/145/6 541/146/6
f 553/152/5 556/152/5 543/152/5 599/152/5
f 582/153/5 579/153/5 595/153/5 594/153/5
f 570/152/5 553/152/5 599/152/5 602/152/5
f 555/150/6 554/151/6 600/151/6 544/150/6
f 556/169/5 583/168/5 542/168/5 543/169/5
f 557/158/5 560/157/5 545/157/5 536/158/5
f 572/150/6 563/149/6 589/149/6 592/150/6
f 554/150/6 569/151/6 601/151/6 600/150/6
f 559/156/6 558/155/6 535/155/6 546/156/6
f 500/44/47 501/44/47 556/152/47 553/152/47
f 550/164/48 548/160/48 547/172/48 549/171/48
f 545/167/49 551/163/49 552/148/49 546/147/49
f 543/169/50 542/168/50 541/146/50 544/145/50
f 542/153/51 540/153/51 539/154/51 541/146/51
f 537/170/52 536/158/52 535/173/52 538/146/52
f 590/159/53 591/152/53 592/150/53 589/149/53
f 594/153/54 595/153/55 596/154/55 593/146/54
f 598/153/56 594/153/54 593/154/54 597/146/57
f 595/153/58 537/153/58 538/154/58 596/146/58
f 540/153/59 598/153/56 597/154/57 539/146/59
f 600/150/60 601/151/61 602/152/62 599/152/60
f 604/150/53 592/151/53 591/152/53 603/152/53
f 601/150/61 605/151/53 606/152/53 602/152/62
f 605/150/53 604/151/53 603/152/53 606/152/53
f 589/162/53 547/161/53 548/160/53 590/159/53
f 546/156/63 535/155/63 536/158/63 545/157/63
f 544/150/64 600/151/64 599/152/64 543/152/64
f 574/153/5 582/153/5 594/153/5 598/153/5
f 587/164/5 561/160/5 548/160/5 550/164/5
f 581/154/6 573/146/6 597/146/6 593/154/6
f 578/170/5 557/158/5 536/158/5 537/170/5
f 568/152/5 570/152/5 602/152/5 606/152/5
f 579/153/5 578/153/5 537/153/5 595/153/5
f 567/150/6 566/151/6 604/151/6 605/150/6
f 562/172/6 588/171/6 549/171/6 547/172/6
f 577/154/6 580/146/6 596/146/6 538/154/6
f 558/173/6 577/146/6 538/146/6 535/173/6
f 565/152/5 568/152/5 606/152/5 603/152/5
f 575/153/5 574/153/5 598/153/5 540/153/5
f 563/162/6 562/161/6 547/161/6 589/162/6
f 560/167/5 586/163/5 551/163/5 545/167/5
f 573/154/6 576/146/6 539/146/6 597/154/6
f 564/159/5 571/152/5 591/152/5 590/159/5
f 561/160/5 564/159/5 590/159/5 548/160/5
f 585/148/6 559/147/6 546/147/6 552/148/6
f 675/7/6 676/9/6 762/9/6 761/7/6
f 667/2/5 668/2/5 754/2/5 753/2/5
f 678/7/6 688/7/6 774/7/6 764/7/6
f 673/3/6 674/5/6 760/5/6 759/3/6
f 661/7/5 664/29/5 750/29/5 747/7/5
f 687/7/6 690/7/6 776/7/6 773/7/6
f 665/32/5 656/5/5 742/5/5 751/32/5
f 689/2/6 686/2/6 772/2/6 775/2/6
f 655/3/5 662/20/5 748/20/5 741/3/5
f 688/7/6 687/7/6 773/7/6 774/7/6
f 663/28/5 666/2/5 752/2/5 749/28/5
f 686/2/6 685/2/6 771/2/6 772/2/6
f 664/29/5 665/32/5 751/32/5 750/29/5
f 682/29/6 679/7/6 765/7/6 768/29/6
f 662/20/5 663/28/5 749/28/5 748/20/5
f 674/5/6 683/32/6 769/32/6 760/5/6
f 657/7/5 672/7/5 758/7/5 743/7/5
f 660/7/5 661/7/5 747/7/5 746/7/5
f 755/7/3 756/7/3 805/7/3 796/7/3
f 752/2/1 753/2/1 814/2/1 800/2/1
f 746/7/70 747/7/70 827/7/70 804/7/70
f 741/3/71 748/20/71 808/20/71 809/3/71
f 751/32/72 742/5/72 811/5/72 815/32/72
f 749/28/1 752/2/1 800/2/1 801/28/1
f 813/2/1 829/2/1 772/2/1 771/2/1
f 744/9/4 743/7/4 818/7/4 819/9/4
f 757/2/1 745/2/1 822/2/1 823/2/1
f 747/7/36 750/29/36 826/29/36 827/7/36
f 824/2/1 821/2/1 763/2/1 775/2/1
f 799/2/1 813/2/1 771/2/1 770/2/1
f 753/2/1 754/2/1 830/2/1 814/2/1
f 756/7/3 746/7/3 804/7/3 805/7/3
f 758/7/3 755/7/3 796/7/3 797/7/3
f 803/7/70 828/7/70 765/7/70 764/7/70
f 828/7/36 825/29/36 768/29/36 765/7/36
f 820/9/4 817/7/4 761/7/4 762/9/4
f 685/2/6 684/2/6 770/2/6 771/2/6
f 669/7/5 670/7/5 756/7/5 755/7/5
f 676/2/6 677/2/6 763/2/6 762/2/6
f 677/2/6 689/2/6 775/2/6 763/2/6
f 668/2/5 671/2/5 757/2/5 754/2/5
f 679/7/6 678/7/6 764/7/6 765/7/6
f 690/7/6 675/7/6 761/7/6 776/7/6
f 672/7/5 669/7/5 755/7/5 758/7/5
f 681/28/6 680/20/6 766/20/6 767/28/6
f 656/5/5 655/3/5 741/3/5 742/5/5
f 670/7/5 660/7/5 746/7/5 756/7/5
f 683/32/6 682/29/6 768/29/6 769/32/6
f 658/9/5 657/7/5 743/7/5 744/9/5
f 666/2/5 667/2/5 753/2/5 752/2/5
f 684/2/6 681/28/6 767/28/6 770/2/6
f 659/2/5 658/2/5 744/2/5 745/2/5
f 671/2/5 659/2/5 745/2/5 757/2/5
f 680/20/6 673/3/6 759/3/6 766/20/6
f 825/29/3 816/32/3 769/32/3 768/29/3
f 829/2/1 824/2/1 775/2/1 772/2/1
f 807/20/1 802/28/1 767/28/1 766/20/1
f 743/7/73 758/7/73 797/7/73 818/7/73
f 810/3/71 807/20/71 766/20/71 759/3/71
f 750/29/3 751/32/3 815/32/3 826/29/3
f 817/7/73 798/7/73 776/7/73 761/7/73
f 821/2/74 820/2/74 762/2/74 763/2/74
f 793/32/75 792/29/75 791/29/75 794/32/75
f 754/2/1 757/2/1 823/2/1 830/2/1
f 745/2/74 744/2/74 819/2/74 822/2/74
f 816/32/72 812/5/72 760/5/72 769/32/72
f 748/20/1 749/28/1 801/28/1 808/20/1
f 812/5/76 810/3/76 759/3/76 760/5/76
f 742/5/76 741/3/76 809/3/76 811/5/76
f 806/7/3 803/7/3 764/7/3 774/7/3
f 802/28/1 799/2/1 770/2/1 767/28/1
f 798/7/3 795/7/3 773/7/3 776/7/3
f 798/7/6 817/7/6 837/7/6 836/7/6
f 799/2/6 802/28/6 785/28/6 845/2/6
f 819/9/5 818/7/5 838/7/5 839/9/5
f 802/28/6 807/20/6 784/20/6 785/28/6
f 805/7/5 804/7/5 832/7/5 782/7/5
f 814/2/5 830/2/5 787/2/5 834/2/5
f 817/7/6 820/9/6 840/9/6 837/7/6
f 803/7/6 806/7/6 781/7/6 831/7/6
f 823/2/5 822/2/5 842/2/5 790/2/5
f 830/2/5 823/2/5 790/2/5 787/2/5
f 809/3/5 808/20/5 783/20/5 847/3/5
f 829/2/6 813/2/6 833/2/6 788/2/6
f 821/2/6 824/2/6 789/2/6 841/2/6
f 807/20/6 810/3/6 848/3/6 784/20/6
f 804/7/5 827/7/5 778/7/5 832/7/5
f 827/7/5 826/29/5 791/29/5 778/7/5
f 824/2/6 829/2/6 788/2/6 789/2/6
f 811/5/5 809/3/5 847/3/5 843/5/5
f 795/7/3 806/7/3 774/7/3 773/7/3
f 789/2/77 788/2/78 787/2/78 790/2/79
f 785/28/78 784/20/80 783/20/80 786/28/78
f 781/7/81 780/7/82 779/7/83 782/7/81
f 777/7/84 831/7/84 832/7/84 778/7/84
f 788/2/78 833/2/78 834/2/78 787/2/78
f 836/7/85 837/7/85 838/7/85 835/7/85
f 840/2/86 841/2/86 842/2/86 839/2/86
f 792/29/87 777/7/87 778/7/87 791/29/87
f 841/2/88 789/2/77 790/2/79 842/2/88
f 837/7/89 840/9/89 839/9/89 838/7/89
f 844/5/90 793/32/90 794/32/90 843/5/90
f 833/2/78 845/2/78 846/2/78 834/2/78
f 848/3/91 844/5/91 843/5/91 847/3/91
f 784/20/92 848/3/92 847/3/92 783/20/92
f 831/7/93 781/7/81 782/7/81 832/7/93
f 845/2/78 785/28/78 786/28/78 846/2/78
f 780/7/82 836/7/94 835/7/94 779/7/83
f 801/28/5 800/2/5 846/2/5 786/28/5
f 808/20/5 801/28/5 786/28/5 783/20/5
f 812/5/6 816/32/6 793/32/6 844/5/6
f 795/7/6 798/7/6 836/7/6 780/7/6
f 815/32/5 811/5/5 843/5/5 794/32/5
f 818/7/5 797/7/5 835/7/5 838/7/5
f 797/7/5 796/7/5 779/7/5 835/7/5
f 806/7/6 795/7/6 780/7/6 781/7/6
f 813/2/6 799/2/6 845/2/6 833/2/6
f 816/32/6 825/29/6 792/29/6 793/32/6
f 820/2/6 821/2/6 841/2/6 840/2/6
f 796/7/5 805/7/5 782/7/5 779/7/5
f 800/2/5 814/2/5 834/2/5 846/2/5
f 826/29/5 815/32/5 794/32/5 791/29/5
f 822/2/5 819/2/5 839/2/5 842/2/5
f 828/7/6 803/7/6 831/7/6 777/7/6
f 810/3/6 812/5/6 844/5/6 848/3/6
f 825/29/6 828/7/6 777/7/6 792/29/6
f 887/7/5 902/7/5 952/7/5 937/7/5
f 890/7/5 891/7/5 941/7/5 940/7/5
f 901/2/5 889/2/5 939/2/5 951/2/5
f 889/2/5 888/2/5 938/2/5 939/2/5
f 896/2/5 897/2/5 947/2/5 946/2/5
f 888/9/5 887/7/5 937/7/5 938/9/5
f 900/7/5 890/7/5 940/7/5 950/7/5
f 886/5/5 885/3/5 935/3/5 936/5/5
f 902/7/5 899/7/5 949/7/5 952/7/5
f 898/2/5 901/2/5 951/2/5 948/2/5
f 899/7/5 900/7/5 950/7/5 949/7/5
f 938/9/96 937/7/96 995/7/96 990/9/96
f 952/7/97 949/7/97 1007/7/97 994/7/97
f 948/2/98 951/2/98 1014/205/98 998/2/98
f 941/7/99 944/29/99 1017/29/99 1002/206/99
f 949/7/97 950/7/97 1006/7/97 1007/7/97
f 943/28/98 946/2/98 1020/2/98 1010/28/98
f 947/2/98 948/2/98 998/2/98 999/2/98
f 945/32/100 936/5/100 1023/5/100 1016/207/100
f 937/7/101 952/7/101 994/7/101 995/7/101
f 942/20/98 943/28/98 1010/28/98 1011/20/98
f 1008/7/97 1005/7/97 1058/7/97 1057/7/97
f 1015/207/100 1024/5/100 1044/5/100 1053/32/100
f 987/29/102 986/208/102 985/206/102 988/29/102
f 1001/208/103 1018/29/103 1052/29/103 1049/7/103
f 944/29/104 945/32/104 1016/209/104 1017/29/104
f 939/2/105 938/2/105 990/2/105 991/2/105
f 993/7/97 1008/7/97 1057/7/97 1060/7/97
f 940/7/106 941/7/106 1002/210/106 1003/7/106
f 892/20/5 893/28/5 943/28/5 942/20/5
f 894/29/5 895/32/5 945/32/5 944/29/5
f 893/28/5 896/2/5 946/2/5 943/28/5
f 885/3/5 892/20/5 942/20/5 935/3/5
f 895/32/5 886/5/5 936/5/5 945/32/5
f 891/7/5 894/29/5 944/29/5 941/7/5
f 897/2/5 898/2/5 948/2/5 947/2/5
f 950/7/97 940/7/97 1003/7/97 1006/7/97
f 1013/205/98 992/2/98 1047/2/98 1059/2/98
f 951/2/98 939/2/98 991/2/98 1014/2/98
f 936/5/107 935/3/107 1021/3/107 1023/5/107
f 1019/2/98 1000/2/98 1055/2/98 1054/2/98
f 1024/5/108 1022/3/108 1043/3/108 1044/5/108
f 1022/3/109 1012/20/109 1050/20/109 1043/3/109
f 1005/7/97 1004/208/97 1048/7/97 1058/7/97
f 935/3/109 942/20/109 1011/20/109 1021/3/109
f 997/2/98 1013/2/98 1059/2/98 1056/2/98
f 1018/29/104 1015/32/104 1053/32/104 1052/29/104
f 946/2/98 947/2/98 999/2/98 1020/2/98
f 1012/20/98 1009/28/98 1051/28/98 1050/20/98
f 1009/28/98 1019/2/98 1054/2/98 1051/28/98
f 1004/7/106 1001/208/106 1049/7/106 1048/7/106
f 1000/2/98 997/2/98 1056/2/98 1055/2/98
f 996/7/101 993/7/101 1060/7/101 1045/7/101
f 992/2/110 989/2/110 1046/2/110 1047/2/110
f 1023/5/111 1021/3/111 1027/3/111 976/5/111
f 997/2/112 1000/2/113 971/2/113 1041/2/112
f 1022/3/114 1024/5/114 975/5/114 1028/3/114
f 1008/7/115 993/7/116 1039/7/116 1038/7/115
f 1014/2/117 991/2/118 984/2/118 981/2/117
f 1003/7/119 1002/210/119 985/210/119 1031/7/119
f 1018/29/120 1001/208/120 986/208/120 987/29/120
f 1001/208/121 1004/7/121 1032/7/121 986/208/121
f 1020/2/122 999/2/123 972/2/123 1026/2/122
f 1010/28/124 1020/2/122 1026/2/122 1036/28/124
f 1007/7/125 1006/7/126 1034/7/126 1037/7/125
f 1005/7/127 1008/7/115 1038/7/115 1033/7/127
f 1000/2/113 1019/2/128 1025/2/128 971/2/113
f 1019/2/128 1009/28/129 1035/28/129 1025/2/128
f 1011/20/130 1010/28/124 1036/28/124 1029/20/130
f 1006/7/126 1003/7/131 1031/7/131 1034/7/126
f 1009/28/129 1012/20/132 1030/20/132 1035/28/129
f 1016/207/133 1023/5/133 976/5/133 973/207/133
f 989/9/96 996/7/96 1045/7/96 1046/9/96
f 983/2/134 982/205/135 981/2/136 984/2/134
f 979/7/137 978/9/137 977/9/137 980/7/137
f 975/5/138 974/207/138 973/207/138 976/5/138
f 971/2/98 1025/2/98 1026/2/98 972/2/98
f 1028/3/139 975/5/139 976/5/139 1027/3/139
f 1030/20/140 1028/3/140 1027/3/140 1029/20/140
f 1032/208/141 1033/7/142 1034/7/142 1031/7/141
f 1025/2/98 1035/28/143 1036/28/143 1026/2/98
f 1038/7/144 1039/7/145 1040/7/145 1037/7/146
f 974/32/147 987/29/147 988/29/147 973/209/147
f 982/2/135 1041/2/98 1042/2/98 981/205/136
f 1035/28/143 1030/20/143 1029/20/143 1036/28/143
f 1033/7/142 1038/7/144 1037/7/146 1034/7/142
f 986/208/148 1032/7/148 1031/7/148 985/210/148
f 1041/2/98 971/2/98 972/2/98 1042/2/98
f 1039/7/149 979/7/149 980/7/149 1040/7/149
f 978/2/150 983/2/150 984/2/150 977/2/150
f 1002/206/151 1017/29/151 988/29/151 985/206/151
f 999/2/123 998/2/152 1042/2/152 972/2/123
f 996/7/153 989/9/153 978/9/153 979/7/153
f 994/7/154 1007/7/125 1037/7/125 1040/7/154
f 993/7/155 996/7/155 979/7/155 1039/7/155
f 1015/32/156 1018/29/156 987/29/156 974/32/156
f 992/2/157 1013/205/158 982/205/158 983/2/157
f 1012/20/159 1022/3/159 1028/3/159 1030/20/159
f 995/7/160 994/7/160 1040/7/160 980/7/160
f 990/9/161 995/7/161 980/7/161 977/9/161
f 1017/29/162 1016/209/162 973/209/162 988/29/162
f 1021/3/163 1011/20/163 1029/20/163 1027/3/163
f 989/2/164 992/2/164 983/2/164 978/2/164
f 1013/2/158 997/2/112 1041/2/112 982/2/158
f 991/2/165 990/2/165 977/2/165 984/2/165
f 1024/5/166 1015/207/166 974/207/166 975/5/166
f 1004/208/167 1005/7/127 1033/7/127 1032/208/167
f 998/2/152 1014/205/117 981/205/117 1042/2/152
f 956/211/2 955/212/2 1063/212/2 1064/211/2
f 953/213/6 954/214/6 1044/5/6 1043/3/6
f 955/212/6 956/211/6 1046/2/6 1045/7/6
f 956/211/6 957/215/6 1047/2/6 1046/2/6
f 959/216/6 958/217/6 1048/7/6 1049/7/6
f 961/218/6 960/219/6 1050/20/6 1051/28/6
f 963/220/6 962/221/6 1052/29/6 1053/32/6
f 964/222/6 961/218/6 1051/28/6 1054/2/6
f 960/219/6 953/213/6 1043/3/6 1050/20/6
f 954/214/6 963/220/6 1053/32/6 1044/5/6
f 962/221/6 959/216/6 1049/7/6 1052/29/6
f 966/223/6 965/224/6 1055/2/6 1056/2/6
f 968/225/6 967/226/6 1057/7/6 1058/7/6
f 969/227/6 966/223/6 1056/2/6 1059/2/6
f 967/226/6 970/228/6 1060/7/6 1057/7/6
f 958/217/6 968/225/6 1058/7/6 1048/7/6
f 965/224/6 964/222/6 1054/2/6 1055/2/6
f 957/215/6 969/227/6 1059/2/6 1047/2/6
f 970/228/6 955/212/6 1045/7/6 1060/7/6
f 969/227/3 957/215/3 1065/215/3 1077/227/3
f 959/216/168 962/221/168 1070/221/168 1067/216/168
f 957/215/169 956/211/169 1064/211/169 1065/215/169
f 955/212/170 970/228/170 1078/228/170 1063/212/170
f 965/224/3 966/223/3 1074/223/3 1073/224/3
f 958/217/171 959/216/171 1067/216/171 1066/217/171
f 967/226/1 968/225/1 1076/225/1 1075/226/1
f 960/219/3 961/218/3 1069/218/3 1068/219/3
f 966/223/3 969/227/3 1077/227/3 1074/223/3
f 962/221/1 963/220/1 1071/220/1 1070/221/1
f 970/228/1 967/226/1 1075/226/1 1078/228/1
f 961/218/3 964/222/3 1072/222/3 1069/218/3
f 968/225/1 958/217/1 1066/217/1 1076/225/1
f 953/213/172 960/219/172 1068/219/172 1061/213/172
f 954/214/173 953/213/173 1061/213/173 1062/214/173
f 964/222/3 965/224/3 1073/224/3 1072/222/3
f 963/220/174 954/214/174 1062/214/174 1071/220/174
f 1154/133/175 1153/247/175 1161/247/175 1162/133/175
f 1153/247/4 1149/132/4 1157/132/4 1161/247/4
f 619/245/4 452/132/4 1147/132/4 1151/245/4
f 614/246/6 619/245/6 1151/245/6 1152/246/6
f 452/132/5 453/244/5 1148/244/5 1147/132/5
f 631/247/4 451/132/4 1149/132/4 1153/247/4
f 626/133/6 631/247/6 1153/247/6 1154/133/6
f 453/244/2 614/246/2 1152/246/2 1148/244/2
f 1155/132/1 1156/244/1 1164/244/1 1163/132/1
f 1160/246/3 1159/245/3 1167/245/3 1168/246/3
f 1148/244/2 1152/246/2 1160/246/2 1156/244/2
f 1149/132/176 1150/132/176 1158/132/176 1157/132/176
f 1150/132/2 1154/133/2 1162/133/2 1158/132/2
f 1151/245/4 1147/132/4 1155/132/4 1159/245/4
f 1152/246/175 1151/245/175 1159/245/175 1160/246/175
f 1147/132/177 1148/244/177 1156/244/177 1155/132/177
f 1164/244/5 1168/246/5 1167/245/5 1163/132/5
f 1166/132/5 1170/133/5 1169/247/5 1165/132/5
f 1161/247/4 1157/132/4 1165/132/4 1169/247/4
f 1162/133/3 1161/247/3 1169/247/3 1170/133/3
f 1156/244/2 1160/246/2 1168/246/2 1164/244/2
f 1157/132/1 1158/132/1 1166/132/1 1165/132/1
f 1158/132/2 1162/133/2 1170/133/2 1166/132/2
f 1159/245/4 1155/132/4 1163/132/4 1167/245/4
usemtl Material.003
f 1061/213/6 1068/219/6 1069/218/6 1072/222/6 1073/224/6 1074/223/6 1077/227/6 1065/215/6 1064/211/6 1063/212/6 1078/228/6 1075/226/6 1076/225/6 1066/217/6 1067/216/6 1070/221/6 1071/220/6 1062/214/6
f 1696/304/1 1684/305/1 1733/305/1 1744/304/1
f 1701/306/4 1702/307/4 1750/307/4 1749/306/4
f 1684/305/2 1683/308/2 1734/308/2 1733/305/2
f 1683/308/3 1695/309/3 1743/309/3 1734/308/3
f 1702/307/1 1690/310/1 1727/310/1 1750/307/1
f 1686/311/2 1685/312/2 1732/312/2 1731/311/2
f 1704/313/6 1703/310/6 1726/307/6 1725/306/6
f 1706/314/6 1705/315/6 1724/316/6 1723/317/6
f 1708/312/6 1707/311/6 1722/318/6 1721/319/6
f 1710/308/6 1709/305/6 1720/304/6 1719/309/6
f 1712/320/6 1711/321/6 1718/322/6 1717/323/6
f 1714/324/6 1713/325/6 1716/326/6 1715/327/6
f 1680/325/3 1692/326/3 1716/326/3 1713/325/3
f 1694/322/2 1693/323/2 1717/323/2 1718/322/2
f 1689/313/4 1690/310/4 1703/310/4 1704/313/4
f 1688/315/3 1700/316/3 1724/316/3 1705/315/3
f 1693/323/1 1681/320/1 1712/320/1 1717/323/1
f 1692/326/2 1691/327/2 1715/327/2 1716/326/2
f 1687/314/4 1688/315/4 1705/315/4 1706/314/4
f 1701/306/1 1689/313/1 1704/313/1 1725/306/1
f 1682/321/3 1694/322/3 1718/322/3 1711/321/3
f 1685/312/4 1686/311/4 1707/311/4 1708/312/4
f 1690/310/3 1702/307/3 1726/307/3 1703/310/3
f 1695/309/1 1683/308/1 1710/308/1 1719/309/1
f 1683/308/4 1684/305/4 1709/305/4 1710/308/4
f 1702/307/2 1701/306/2 1725/306/2 1726/307/2
f 1684/305/3 1696/304/3 1720/304/3 1709/305/3
f 1681/320/4 1682/321/4 1711/321/4 1712/320/4
f 1700/316/2 1699/317/2 1723/317/2 1724/316/2
f 1697/319/1 1685/312/1 1708/312/1 1721/319/1
f 1679/324/4 1680/325/4 1713/325/4 1714/324/4
f 1698/318/2 1697/319/2 1721/319/2 1722/318/2
f 1686/311/3 1698/318/3 1722/318/3 1707/311/3
f 1691/327/1 1679/324/1 1714/324/1 1715/327/1
f 1696/304/2 1695/309/2 1719/309/2 1720/304/2
f 1699/317/1 1687/314/1 1706/314/1 1723/317/1
f 1728/313/5 1749/306/5 1750/307/5 1727/310/5
f 1730/314/5 1747/317/5 1748/316/5 1729/315/5
f 1732/312/5 1745/319/5 1746/318/5 1731/311/5
f 1734/308/5 1743/309/5 1744/304/5 1733/305/5
f 1736/320/5 1741/323/5 1742/322/5 1735/321/5
f 1738/324/5 1739/327/5 1740/326/5 1737/325/5
f 1682/321/2 1681/320/2 1736/320/2 1735/321/2
f 1699/317/4 1700/316/4 1748/316/4 1747/317/4
f 1685/312/3 1697/319/3 1745/319/3 1732/312/3
f 1680/325/2 1679/324/2 1738/324/2 1737/325/2
f 1697/319/4 1698/318/4 1746/318/4 1745/319/4
f 1698/318/1 1686/311/1 1731/311/1 1746/318/1
f 1679/324/3 1691/327/3 1739/327/3 1738/324/3
f 1695/309/4 1696/304/4 1744/304/4 1743/309/4
f 1687/314/3 1699/317/3 1747/317/3 1730/314/3
f 1692/326/1 1680/325/1 1737/325/1 1740/326/1
f 1693/323/4 1694/322/4 1742/322/4 1741/323/4
f 1690/310/2 1689/313/2 1728/313/2 1727/310/2
f 1700/316/1 1688/315/1 1729/315/1 1748/316/1
f 1681/320/3 1693/323/3 1741/323/3 1736/320/3
f 1691/327/4 1692/326/4 1740/326/4 1739/327/4
f 1688/315/2 1687/314/2 1730/314/2 1729/315/2
f 1689/313/3 1701/306/3 1749/306/3 1728/313/3
f 1694/322/1 1682/321/1 1735/321/1 1742/322/1
f 1856/304/195 1844/305/195 1893/305/195 1904/304/195
f 1861/306/4 1862/307/4 1910/307/4 1909/306/4
f 1844/305/2 1843/308/2 1894/308/2 1893/305/2
f 1843/308/3 1855/309/3 1903/309/3 1894/308/3
f 1862/307/1 1850/310/1 1887/310/1 1910/307/1
f 1846/311/2 1845/312/2 1892/312/2 1891/311/2
f 1864/313/6 1863/310/6 1886/307/6 1885/306/6
f 1866/314/6 1865/315/6 1884/316/6 1883/317/6
f 1868/312/6 1867/311/6 1882/318/6 1881/319/6
f 1870/308/6 1869/305/6 1880/304/6 1879/309/6
f 1872/320/6 1871/321/6 1878/322/6 1877/323/6
f 1874/324/6 1873/325/6 1876/326/6 1875/327/6
f 1840/325/191 1852/326/191 1876/326/191 1873/325/191
f 1854/322/2 1853/323/2 1877/323/2 1878/322/2
f 1849/313/4 1850/310/4 1863/310/4 1864/313/4
f 1848/315/3 1860/316/3 1884/316/3 1865/315/3
f 1853/323/1 1841/320/1 1872/320/1 1877/323/1
f 1852/326/2 1851/327/2 1875/327/2 1876/326/2
f 1847/314/4 1848/315/4 1865/315/4 1866/314/4
f 1861/306/1 1849/313/1 1864/313/1 1885/306/1
f 1842/321/3 1854/322/3 1878/322/3 1871/321/3
f 1845/312/4 1846/311/4 1867/311/4 1868/312/4
f 1850/310/3 1862/307/3 1886/307/3 1863/310/3
f 1855/309/1 1843/308/1 1870/308/1 1879/309/1
f 1843/308/4 1844/305/4 1869/305/4 1870/308/4
f 1862/307/2 1861/306/2 1885/306/2 1886/307/2
f 1844/305/196 1856/304/196 1880/304/196 1869/305/196
f 1841/320/4 1842/321/4 1871/321/4 1872/320/4
f 1860/316/2 1859/317/2 1883/317/2 1884/316/2
f 1857/319/1 1845/312/1 1868/312/1 1881/319/1
f 1839/324/4 1840/325/4 1873/325/4 1874/324/4
f 1858/318/2 1857/319/2 1881/319/2 1882/318/2
f 1846/311/3 1858/318/3 1882/318/3 1867/311/3
f 1851/327/1 1839/324/1 1874/324/1 1875/327/1
f 1856/304/2 1855/309/2 1879/309/2 1880/304/2
f 1859/317/1 1847/314/1 1866/314/1 1883/317/1
f 1888/313/5 1909/306/5 1910/307/5 1887/310/5
f 1890/314/5 1907/317/5 1908/316/5 1889/315/5
f 1892/312/5 1905/319/5 1906/318/5 1891/311/5
f 1894/308/5 1903/309/5 1904/304/5 1893/305/5
f 1896/320/5 1901/323/5 1902/322/5 1895/321/5
f 1898/324/5 1899/327/5 1900/326/5 1897/325/5
f 1842/321/2 1841/320/2 1896/320/2 1895/321/2
f 1859/317/4 1860/316/4 1908/316/4 1907/317/4
f 1845/312/3 1857/319/3 1905/319/3 1892/312/3
f 1840/325/2 1839/324/2 1898/324/2 1897/325/2
f 1857/319/4 1858/318/4 1906/318/4 1905/319/4
f 1858/318/1 1846/311/1 1891/311/1 1906/318/1
f 1839/324/3 1851/327/3 1899/327/3 1898/324/3
f 1855/309/4 1856/304/4 1904/304/4 1903/309/4
f 1847/314/3 1859/317/3 1907/317/3 1890/314/3
f 1852/326/189 1840/325/189 1897/325/189 1900/326/189
f 1853/323/4 1854/322/4 1902/322/4 1901/323/4
f 1850/310/2 1849/313/2 1888/313/2 1887/310/2
f 1860/316/1 1848/315/1 1889/315/1 1908/316/1
f 1841/320/3 1853/323/3 1901/323/3 1896/320/3
f 1851/327/4 1852/326/4 1900/326/4 1899/327/4
f 1848/315/2 1847/314/2 1890/314/2 1889/315/2
f 1849/313/3 1861/306/3 1909/306/3 1888/313/3
f 1854/322/1 1842/321/1 1895/321/1 1902/322/1
usemtl Material.004
f 1777/4/190 1778/3/190 1782/5/190 1781/6/190
f 1779/8/192 1780/7/192 1776/9/192 1775/10/192
f 1937/4/190 1938/3/190 1942/5/190 1941/6/190
f 1939/8/192 1940/7/192 1936/9/192 1935/10/192
usemtl Material.005
f 1775/1/189 1776/2/189 1778/3/189 1777/4/189
f 1781/6/191 1782/5/191 1780/7/191 1779/8/191
f 1777/11/193 1781/6/193 1779/8/193 1775/12/193
f 1782/5/194 1778/13/194 1776/14/194 1780/7/194
f 1935/1/189 1936/2/189 1938/3/189 1937/4/189
f 1941/6/191 1942/5/191 1940/7/191 1939/8/191
f 1937/11/197 1941/6/197 1939/8/197 1935/12/197
f 1942/5/198 1938/13/198 1936/14/198 1940/7/198
usemtl fRANCE.001
f 2001/361/199 2007/362/200 2006/363/201 2000/364/199
f 2002/365/202 2008/366/203 2007/362/204 2001/361/202
f 2003/367/205 2009/368/206 2008/366/207 2002/365/205
f 2004/369/208 2010/370/209 2009/368/210 2003/367/208
f 2015/371/211 2021/372/212 2020/373/212 2014/374/213
f 2016/375/214 2022/376/215 2021/372/215 2015/371/216
f 2098/377/217 2012/378/218 2011/379/219 2096/380/220
f 2100/381/221 2013/382/222 2012/378/223 2098/377/224
f 2102/383/225 2014/374/226 2013/382/227 2100/384/228
f 2104/385/229 2015/371/211 2014/374/213 2102/383/230
f 2106/386/231 2016/375/214 2015/371/216 2104/387/232
f 1999/388/233 2005/389/234 2010/370/235 2004/369/233
f 2007/362/200 2099/390/236 2097/391/237 2006/363/201
f 2008/366/203 2101/392/238 2099/393/239 2007/362/204
f 2009/368/206 2103/394/240 2101/395/241 2008/366/207
f 2010/370/209 2105/396/242 2103/397/243 2009/368/210
f 2006/363/244 2097/398/245 2095/399/246 2005/389/247
f 2095/399/246 2097/398/245 2098/377/217 2096/380/220
f 2013/382/222 2019/400/248 2018/401/248 2012/378/223
f 2014/374/226 2020/373/249 2019/400/249 2013/382/227
f 2095/402/250 2096/403/251 2106/404/252 2105/405/253
f 2017/406/254 2022/376/254 2016/375/255 2011/379/256
f 2012/378/218 2018/401/257 2017/406/257 2011/379/219
f 2025/361/199 2031/362/200 2030/363/201 2024/364/199
f 2026/365/202 2032/366/203 2031/362/204 2025/361/202
f 2027/367/205 2033/368/206 2032/366/258 2026/365/205
f 2028/369/259 2034/370/209 2033/368/210 2027/367/259
f 2039/371/211 2045/372/212 2044/373/212 2038/374/213
f 2040/375/214 2046/376/215 2045/372/215 2039/371/216
f 2050/377/217 2036/378/218 2035/379/219 2048/380/220
f 2052/381/221 2037/382/260 2036/378/223 2050/377/224
f 2054/383/225 2038/374/226 2037/382/261 2052/384/228
f 2056/385/229 2039/371/211 2038/374/213 2054/383/230
f 2058/386/231 2040/375/214 2039/371/216 2056/387/232
f 2023/388/233 2029/389/234 2034/370/235 2028/369/233
f 2031/362/200 2051/390/236 2049/391/237 2030/363/201
f 2032/366/203 2053/392/238 2051/393/239 2031/362/204
f 2033/368/206 2055/394/240 2053/395/241 2032/366/258
f 2034/370/209 2057/396/242 2055/397/243 2033/368/210
f 2030/363/244 2049/398/245 2047/399/246 2029/389/247
f 2047/399/246 2049/398/245 2050/377/217 2048/380/220
f 2037/382/260 2043/400/248 2042/401/248 2036/378/223
f 2038/374/226 2044/373/249 2043/400/249 2037/382/261
f 2047/402/250 2048/403/251 2058/404/252 2057/405/253
f 2041/406/254 2046/376/254 2040/375/255 2035/379/256
f 2036/378/218 2042/401/257 2041/406/257 2035/379/219
f 2049/391/237 2051/390/236 2052/381/221 2050/377/224
f 2051/393/239 2053/392/238 2054/383/225 2052/384/228
f 2053/395/241 2055/394/240 2056/385/229 2054/383/230
f 2055/397/243 2057/396/242 2058/386/231 2056/387/232
f 2029/389/234 2047/402/250 2057/405/253 2034/370/235
f 2035/379/256 2040/375/255 2058/404/252 2048/403/251
f 2024/364/262 2030/363/244 2029/389/247 2023/388/262
f 2093/364/262 2087/363/244 2088/389/247 2094/388/262
f 2082/379/256 2077/375/255 2059/404/252 2069/403/251
f 2088/389/234 2070/402/250 2060/405/253 2083/370/235
f 2062/397/243 2060/396/242 2059/386/231 2061/387/232
f 2064/395/241 2062/394/240 2061/385/263 2063/383/230
f 2066/393/239 2064/392/238 2063/383/225 2065/384/228
f 2068/391/237 2066/390/236 2065/381/221 2067/377/224
f 2081/378/218 2075/401/257 2076/406/257 2082/379/264
f 2076/406/254 2071/376/254 2077/375/255 2082/379/256
f 2070/402/250 2069/403/251 2059/404/252 2060/405/253
f 2079/374/226 2073/373/249 2074/400/249 2080/382/261
f 2080/382/260 2074/400/248 2075/401/248 2081/378/223
f 2070/399/246 2068/398/245 2067/377/265 2069/380/220
f 2087/363/244 2068/398/245 2070/399/246 2088/389/247
f 2083/370/209 2060/396/242 2062/397/243 2084/368/210
f 2084/368/206 2062/394/240 2064/395/241 2085/366/258
f 2085/366/203 2064/392/238 2066/393/239 2086/362/204
f 2086/362/200 2066/390/236 2068/391/237 2087/363/201
f 2094/388/233 2088/389/234 2083/370/235 2089/369/233
f 2059/386/231 2077/375/214 2078/371/216 2061/387/232
f 2061/385/263 2078/371/211 2079/374/213 2063/383/230
f 2063/383/225 2079/374/226 2080/382/261 2065/384/228
f 2065/381/221 2080/382/260 2081/378/223 2067/377/224
f 2067/377/265 2081/378/218 2082/379/264 2069/380/220
f 2077/375/214 2071/376/215 2072/372/215 2078/371/216
f 2078/371/211 2072/372/212 2073/373/212 2079/374/213
f 2089/369/259 2083/370/209 2084/368/210 2090/367/259
f 2090/367/205 2084/368/206 2085/366/258 2091/365/205
f 2091/365/202 2085/366/203 2086/362/204 2092/361/202
f 2092/361/199 2086/362/200 2087/363/201 2093/364/199
f 2097/391/237 2099/390/236 2100/381/221 2098/377/224
f 2099/393/239 2101/392/238 2102/383/225 2100/384/228
f 2101/395/241 2103/394/240 2104/385/229 2102/383/230
f 2103/397/243 2105/396/242 2106/386/231 2104/387/232
f 2005/389/234 2095/402/250 2105/405/253 2010/370/235
f 2011/379/256 2016/375/255 2106/404/252 2096/403/251
f 2000/364/262 2006/363/244 2005/389/247 1999/388/262
f 2109/361/199 2115/362/200 2114/363/201 2108/364/199
f 2110/365/202 2116/366/203 2115/362/204 2109/361/202
f 2111/367/205 2117/368/206 2116/366/258 2110/365/205
f 2112/369/259 2118/370/209 2117/368/210 2111/367/259
f 2123/371/211 2129/372/212 2128/373/212 2122/374/213
f 2124/375/214 2130/376/215 2129/372/215 2123/371/266
f 2206/377/265 2120/378/267 2119/379/264 2204/380/268
f 2208/381/221 2121/382/260 2120/378/223 2206/377/224
f 2210/383/225 2122/374/226 2121/382/261 2208/384/228
f 2212/385/229 2123/371/211 2122/374/213 2210/383/230
f 2214/386/231 2124/375/214 2123/371/266 2212/387/232
f 2107/388/233 2113/389/234 2118/370/235 2112/369/233
f 2115/362/200 2207/390/236 2205/391/237 2114/363/201
f 2116/366/203 2209/392/238 2207/393/239 2115/362/204
f 2117/368/206 2211/394/240 2209/395/241 2116/366/258
f 2118/370/209 2213/396/242 2211/397/243 2117/368/210
f 2114/363/244 2205/398/245 2203/399/246 2113/389/247
f 2203/399/246 2205/398/245 2206/377/265 2204/380/268
f 2121/382/260 2127/400/248 2126/401/248 2120/378/223
f 2122/374/226 2128/373/249 2127/400/249 2121/382/261
f 2203/402/250 2204/403/251 2214/404/252 2213/405/253
f 2125/406/254 2130/376/254 2124/375/255 2119/379/256
f 2120/378/267 2126/401/257 2125/406/257 2119/379/264
f 2133/361/199 2139/362/200 2138/363/201 2132/364/199
f 2134/365/202 2140/366/203 2139/362/204 2133/361/202
f 2135/367/205 2141/368/206 2140/366/258 2134/365/205
f 2136/369/259 2142/370/209 2141/368/210 2135/367/259
f 2147/371/211 2153/372/212 2152/373/212 2146/374/213
f 2148/375/214 2154/376/215 2153/372/215 2147/371/266
f 2158/377/265 2144/378/218 2143/379/219 2156/380/220
f 2160/381/221 2145/382/222 2144/378/223 2158/377/224
f 2162/383/225 2146/374/226 2145/382/261 2160/384/228
f 2164/385/229 2147/371/211 2146/374/213 2162/383/230
f 2166/386/231 2148/375/214 2147/371/266 2164/387/232
f 2131/388/233 2137/389/234 2142/370/235 2136/369/233
f 2139/362/200 2159/390/236 2157/391/237 2138/363/201
f 2140/366/203 2161/392/238 2159/393/239 2139/362/204
f 2141/368/206 2163/394/240 2161/395/241 2140/366/258
f 2142/370/209 2165/396/242 2163/397/243 2141/368/210
f 2138/363/244 2157/398/245 2155/399/246 2137/389/247
f 2155/399/246 2157/398/245 2158/377/265 2156/380/220
f 2145/382/222 2151/400/248 2150/401/248 2144/378/223
f 2146/374/226 2152/373/249 2151/400/249 2145/382/261
f 2155/402/250 2156/403/251 2166/404/252 2165/405/253
f 2149/406/254 2154/376/254 2148/375/255 2143/379/256
f 2144/378/218 2150/401/257 2149/406/257 2143/379/219
f 2157/391/237 2159/390/236 2160/381/221 2158/377/224
f 2159/393/239 2161/392/238 2162/383/225 2160/384/228
f 2161/395/241 2163/394/240 2164/385/229 2162/383/230
f 2163/397/243 2165/396/242 2166/386/231 2164/387/232
f 2137/389/234 2155/402/250 2165/405/253 2142/370/235
f 2143/379/256 2148/375/255 2166/404/252 2156/403/251
f 2132/364/262 2138/363/244 2137/389/247 2131/388/262
f 2201/364/262 2195/363/244 2196/389/247 2202/388/262
f 2190/379/256 2185/375/255 2167/404/252 2177/403/251
f 2196/389/234 2178/402/250 2168/405/253 2191/370/235
f 2170/397/269 2168/396/242 2167/386/231 2169/387/232
f 2172/395/241 2170/394/240 2169/385/229 2171/383/230
f 2174/393/239 2172/392/238 2171/383/225 2173/384/228
f 2176/391/237 2174/390/236 2173/381/221 2175/377/224
f 2189/378/218 2183/401/257 2184/406/257 2190/379/219
f 2184/406/254 2179/376/254 2185/375/255 2190/379/256
f 2178/402/250 2177/403/251 2167/404/252 2168/405/253
f 2187/374/226 2181/373/249 2182/400/249 2188/382/261
f 2188/382/260 2182/400/248 2183/401/248 2189/378/223
f 2178/399/246 2176/398/245 2175/377/265 2177/380/220
f 2195/363/244 2176/398/245 2178/399/246 2196/389/247
f 2191/370/209 2168/396/242 2170/397/269 2192/368/210
f 2192/368/206 2170/394/240 2172/395/241 2193/366/258
f 2193/366/203 2172/392/238 2174/393/239 2194/362/204
f 2194/362/200 2174/390/236 2176/391/237 2195/363/201
f 2202/388/233 2196/389/234 2191/370/235 2197/369/233
f 2167/386/231 2185/375/214 2186/371/266 2169/387/232
f 2169/385/229 2186/371/211 2187/374/213 2171/383/230
f 2171/383/225 2187/374/226 2188/382/261 2173/384/228
f 2173/381/221 2188/382/260 2189/378/223 2175/377/224
f 2175/377/265 2189/378/218 2190/379/219 2177/380/220
f 2185/375/214 2179/376/215 2180/372/215 2186/371/266
f 2186/371/211 2180/372/212 2181/373/212 2187/374/213
f 2197/369/259 2191/370/209 2192/368/210 2198/367/259
f 2198/367/205 2192/368/206 2193/366/258 2199/365/205
f 2199/365/202 2193/366/203 2194/362/204 2200/361/202
f 2200/361/199 2194/362/200 2195/363/201 2201/364/199
f 2205/391/237 2207/390/236 2208/381/221 2206/377/224
f 2207/393/239 2209/392/238 2210/383/225 2208/384/228
f 2209/395/241 2211/394/240 2212/385/229 2210/383/230
f 2211/397/243 2213/396/242 2214/386/231 2212/387/232
f 2113/389/234 2203/402/250 2213/405/253 2118/370/235
f 2119/379/256 2124/375/255 2214/404/252 2204/403/251
f 2108/364/262 2114/363/244 2113/389/247 2107/388/262
usemtl Material.006
f 1833/307/6 1834/336/6 1785/333/6 1797/337/6
f 1822/327/6 1823/326/6 1787/338/6 1784/332/6
f 1823/326/6 1824/323/6 1788/339/6 1787/338/6
f 1824/323/6 1825/322/6 1789/340/6 1788/339/6
f 1825/322/6 1826/309/6 1790/341/6 1789/340/6
f 1826/309/6 1827/304/6 1791/342/6 1790/341/6
f 1827/304/6 1828/319/6 1792/343/6 1791/342/6
f 1828/319/6 1829/318/6 1793/344/6 1792/343/6
f 1829/318/6 1830/317/6 1794/345/6 1793/344/6
f 1830/317/6 1831/316/6 1795/346/6 1794/345/6
f 1831/316/6 1832/306/6 1796/347/6 1795/346/6
f 1832/306/6 1833/307/6 1797/337/6 1796/347/6
f 1799/348/6 1798/349/6 1821/310/6 1820/313/6
f 1800/350/6 1799/348/6 1820/313/6 1819/315/6
f 1801/351/6 1800/350/6 1819/315/6 1818/314/6
f 1802/352/6 1801/351/6 1818/314/6 1817/311/6
f 1803/353/6 1802/352/6 1817/311/6 1816/312/6
f 1804/354/6 1803/353/6 1816/312/6 1815/305/6
f 1805/355/6 1804/354/6 1815/305/6 1814/308/6
f 1806/356/6 1805/355/6 1814/308/6 1813/321/6
f 1807/357/6 1806/356/6 1813/321/6 1812/320/6
f 1808/358/6 1807/357/6 1812/320/6 1811/325/6
f 1783/330/6 1808/358/6 1811/325/6 1809/324/6
f 1798/349/6 1786/331/6 1810/359/6 1821/310/6
f 1819/315/6 1820/313/6 1832/306/6 1831/316/6
f 1817/311/6 1818/314/6 1830/317/6 1829/318/6
f 1815/305/6 1816/312/6 1828/319/6 1827/304/6
f 1813/321/6 1814/308/6 1826/309/6 1825/322/6
f 1811/325/6 1812/320/6 1824/323/6 1823/326/6
f 1821/310/6 1810/359/6 1834/336/6 1833/307/6
f 1809/360/6 1822/360/6 1838/360/6 1837/360/6
f 1783/330/6 1809/324/6 1837/324/6 1835/330/6
f 1822/327/6 1784/332/6 1836/332/6 1838/327/6
f 1993/307/6 1994/336/6 1945/333/6 1957/337/6
f 1982/327/6 1983/326/6 1947/338/6 1944/332/6
f 1983/326/6 1984/323/6 1948/339/6 1947/338/6
f 1984/323/6 1985/322/6 1949/340/6 1948/339/6
f 1985/322/6 1986/309/6 1950/341/6 1949/340/6
f 1986/309/6 1987/304/6 1951/342/6 1950/341/6
f 1987/304/6 1988/319/6 1952/343/6 1951/342/6
f 1988/319/6 1989/318/6 1953/344/6 1952/343/6
f 1989/318/6 1990/317/6 1954/345/6 1953/344/6
f 1990/317/6 1991/316/6 1955/346/6 1954/345/6
f 1991/316/6 1992/306/6 1956/347/6 1955/346/6
f 1992/306/6 1993/307/6 1957/337/6 1956/347/6
f 1959/348/6 1958/349/6 1981/310/6 1980/313/6
f 1960/350/6 1959/348/6 1980/313/6 1979/315/6
f 1961/351/6 1960/350/6 1979/315/6 1978/314/6
f 1962/352/6 1961/351/6 1978/314/6 1977/311/6
f 1963/353/6 1962/352/6 1977/311/6 1976/312/6
f 1964/354/6 1963/353/6 1976/312/6 1975/305/6
f 1965/355/6 1964/354/6 1975/305/6 1974/308/6
f 1966/356/6 1965/355/6 1974/308/6 1973/321/6
f 1967/357/6 1966/356/6 1973/321/6 1972/320/6
f 1968/358/6 1967/357/6 1972/320/6 1971/325/6
f 1943/330/6 1968/358/6 1971/325/6 1969/324/6
f 1958/349/6 1946/331/6 1970/359/6 1981/310/6
f 1979/315/6 1980/313/6 1992/306/6 1991/316/6
f 1977/311/6 1978/314/6 1990/317/6 1989/318/6
f 1975/305/6 1976/312/6 1988/319/6 1987/304/6
f 1973/321/6 1974/308/6 1986/309/6 1985/322/6
f 1971/325/6 1972/320/6 1984/323/6 1983/326/6
f 1981/310/6 1970/359/6 1994/336/6 1993/307/6
f 1969/360/6 1982/360/6 1998/360/6 1997/360/6
f 1943/330/6 1969/324/6 1997/324/6 1995/330/6
f 1982/327/6 1944/332/6 1996/332/6 1998/327/6
