# Blender 5.1.2
# www.blender.org
mtllib barrel.mtl
o Cylinder.003
v 0.387278 -0.583510 0.054076
v 0.386799 -0.583302 0.062282
v 0.386799 -0.583302 0.073452
v 0.387278 -0.583510 0.081657
v 0.390153 -0.578638 0.081657
v 0.389730 -0.578317 0.073452
v 0.389730 -0.578317 0.062282
v 0.390145 -0.578634 0.054076
v 0.394095 -0.574586 0.081657
v 0.393768 -0.574179 0.073452
v 0.393768 -0.574179 0.062282
v 0.394095 -0.574586 0.054076
v 0.398900 -0.571600 0.081657
v 0.398680 -0.571127 0.073452
v 0.398680 -0.571127 0.062282
v 0.398900 -0.571600 0.054076
v 0.404274 -0.569863 0.081657
v 0.404179 -0.569340 0.073452
v 0.404179 -0.569340 0.062282
v 0.404279 -0.569852 0.054076
v 0.409916 -0.569453 0.081657
v 0.409946 -0.568920 0.073452
v 0.409946 -0.568920 0.062282
v 0.409921 -0.569441 0.054076
v 0.415497 -0.570393 0.081657
v 0.415646 -0.569893 0.073452
v 0.415646 -0.569893 0.062282
v 0.415497 -0.570393 0.054076
v 0.420683 -0.572651 0.081657
v 0.420947 -0.572201 0.073452
v 0.420947 -0.572201 0.062282
v 0.420683 -0.572651 0.054076
v 0.425178 -0.576085 0.081657
v 0.425542 -0.575711 0.073452
v 0.425542 -0.575711 0.062282
v 0.425178 -0.576085 0.054076
v 0.428720 -0.580494 0.081657
v 0.429163 -0.580219 0.073452
v 0.429163 -0.580219 0.062282
v 0.428720 -0.580494 0.054076
v 0.431105 -0.585624 0.081657
v 0.431601 -0.585463 0.073452
v 0.431601 -0.585463 0.062282
v 0.431105 -0.585624 0.054076
v 0.432192 -0.591175 0.081657
v 0.432712 -0.591137 0.073452
v 0.432712 -0.591137 0.062282
v 0.432192 -0.591175 0.054076
v 0.431920 -0.596825 0.081657
v 0.432434 -0.596912 0.073452
v 0.432434 -0.596912 0.062282
v 0.431920 -0.596825 0.054076
v 0.430303 -0.602245 0.081657
v 0.430781 -0.602453 0.073452
v 0.430781 -0.602453 0.062282
v 0.430303 -0.602245 0.054076
v 0.427436 -0.607121 0.081657
v 0.427851 -0.607438 0.073452
v 0.427851 -0.607438 0.062282
v 0.427436 -0.607121 0.054076
v 0.423486 -0.611170 0.081657
v 0.423812 -0.611576 0.073452
v 0.423812 -0.611576 0.062282
v 0.423486 -0.611170 0.054076
v 0.418681 -0.614155 0.081657
v 0.418901 -0.614628 0.073452
v 0.418901 -0.614628 0.062282
v 0.418681 -0.614155 0.054076
v 0.413302 -0.615904 0.081657
v 0.413402 -0.616416 0.073452
v 0.413402 -0.616416 0.062282
v 0.413302 -0.615904 0.054076
v 0.407660 -0.616314 0.081657
v 0.407635 -0.616835 0.073452
v 0.407635 -0.616835 0.062282
v 0.407660 -0.616314 0.054076
v 0.402084 -0.615363 0.081657
v 0.401935 -0.615862 0.073452
v 0.401935 -0.615862 0.062282
v 0.402084 -0.615363 0.054076
v 0.396898 -0.613104 0.081657
v 0.396634 -0.613554 0.073452
v 0.396634 -0.613554 0.062282
v 0.396898 -0.613104 0.054076
v 0.392403 -0.609671 0.081657
v 0.392039 -0.610044 0.073452
v 0.392039 -0.610044 0.062282
v 0.392403 -0.609671 0.054076
v 0.388860 -0.605261 0.081657
v 0.388417 -0.605536 0.073452
v 0.388417 -0.605536 0.062282
v 0.388860 -0.605261 0.054076
v 0.386476 -0.600132 0.081657
v 0.385980 -0.600293 0.073452
v 0.385980 -0.600293 0.062282
v 0.386476 -0.600132 0.054076
v 0.385388 -0.594581 0.081657
v 0.384868 -0.594618 0.073452
v 0.384868 -0.594618 0.062282
v 0.385388 -0.594581 0.054076
v 0.385661 -0.588931 0.081657
v 0.385147 -0.588843 0.073452
v 0.385147 -0.588843 0.062282
v 0.385661 -0.588931 0.054076
v 0.392251 -0.585676 0.044541
v 0.387782 -0.583730 0.048458
v 0.392236 -0.585669 0.090115
v 0.387764 -0.583722 0.087047
v 0.394455 -0.581927 0.044541
v 0.390581 -0.578968 0.048458
v 0.394455 -0.581927 0.091195
v 0.391183 -0.579230 0.087276
v 0.397492 -0.578814 0.044541
v 0.394439 -0.575014 0.048458
v 0.397493 -0.578816 0.091652
v 0.395051 -0.575290 0.087488
v 0.401186 -0.576519 0.044541
v 0.399131 -0.572099 0.048458
v 0.401186 -0.576520 0.091387
v 0.399131 -0.572099 0.087276
v 0.405322 -0.575174 0.044541
v 0.404385 -0.570391 0.048458
v 0.405322 -0.575174 0.091193
v 0.404023 -0.571228 0.087276
v 0.409661 -0.574826 0.046246
v 0.409894 -0.569990 0.048458
v 0.409660 -0.574855 0.090796
v 0.409531 -0.570827 0.087276
v 0.413946 -0.575590 0.044541
v 0.415339 -0.570920 0.048458
v 0.413950 -0.575578 0.090257
v 0.415350 -0.570885 0.086844
v 0.417934 -0.577327 0.044541
v 0.420404 -0.573125 0.048458
v 0.417936 -0.577323 0.090796
v 0.420404 -0.573125 0.087276
v 0.421390 -0.579967 0.044541
v 0.424794 -0.576478 0.048458
v 0.421038 -0.579809 0.090671
v 0.424794 -0.576478 0.087276
v 0.424113 -0.583357 0.044541
v 0.428253 -0.580785 0.048458
v 0.424113 -0.583357 0.091154
v 0.427783 -0.581857 0.087276
v 0.425946 -0.587301 0.044541
v 0.430582 -0.585794 0.048458
v 0.425946 -0.587301 0.091193
v 0.430582 -0.585794 0.087276
v 0.426783 -0.591568 0.044541
v 0.431644 -0.591215 0.048458
v 0.426790 -0.591568 0.090599
v 0.431644 -0.591215 0.087276
v 0.426573 -0.595912 0.044541
v 0.431378 -0.596732 0.048458
v 0.426573 -0.595912 0.091193
v 0.431378 -0.596732 0.087276
v 0.425330 -0.600080 0.044541
v 0.429799 -0.602026 0.048458
v 0.425330 -0.600080 0.091193
v 0.429799 -0.602026 0.087276
v 0.423126 -0.603829 0.044541
v 0.426999 -0.606788 0.048458
v 0.423142 -0.603841 0.089967
v 0.426999 -0.606788 0.087276
v 0.420089 -0.606941 0.044541
v 0.423141 -0.610741 0.048458
v 0.420089 -0.606941 0.091193
v 0.423141 -0.610741 0.087276
v 0.416399 -0.609246 0.045323
v 0.418449 -0.613656 0.048458
v 0.416395 -0.609236 0.091193
v 0.418449 -0.613656 0.087276
v 0.412259 -0.610581 0.044541
v 0.413196 -0.615364 0.048458
v 0.412259 -0.610581 0.091193
v 0.413196 -0.615364 0.087276
v 0.407921 -0.610897 0.044541
v 0.407687 -0.615765 0.048458
v 0.407921 -0.610897 0.091193
v 0.407687 -0.615765 0.087276
v 0.403634 -0.610165 0.044541
v 0.402241 -0.614836 0.048458
v 0.403634 -0.610165 0.091193
v 0.402241 -0.614836 0.087276
v 0.399883 -0.607885 0.045151
v 0.397177 -0.612630 0.048458
v 0.399647 -0.608429 0.091193
v 0.397177 -0.612630 0.087276
v 0.396191 -0.605789 0.044541
v 0.392787 -0.609277 0.048458
v 0.396191 -0.605789 0.091193
v 0.392787 -0.609277 0.087276
v 0.393467 -0.602398 0.044541
v 0.389327 -0.604971 0.048458
v 0.393467 -0.602398 0.091193
v 0.389327 -0.604971 0.087276
v 0.391634 -0.598455 0.044541
v 0.386999 -0.599962 0.048458
v 0.391634 -0.598455 0.091193
v 0.386999 -0.599962 0.087276
v 0.390798 -0.594187 0.044541
v 0.385937 -0.594541 0.048458
v 0.390798 -0.594187 0.091193
v 0.385937 -0.594541 0.087276
v 0.391008 -0.589843 0.044541
v 0.386203 -0.589023 0.048458
v 0.391006 -0.589843 0.090999
v 0.386203 -0.589023 0.087276
v 0.386322 -0.583094 0.054076
v 0.385829 -0.582879 0.062282
v 0.385829 -0.582879 0.073452
v 0.386322 -0.583094 0.081657
v 0.389316 -0.578001 0.081657
v 0.388889 -0.577675 0.073452
v 0.388889 -0.577675 0.062282
v 0.389316 -0.578001 0.054076
v 0.393442 -0.573773 0.081657
v 0.393105 -0.573354 0.073452
v 0.393105 -0.573354 0.062282
v 0.393442 -0.573773 0.054076
v 0.398460 -0.570655 0.081657
v 0.398234 -0.570167 0.073452
v 0.398234 -0.570167 0.062282
v 0.398460 -0.570655 0.054076
v 0.404079 -0.568829 0.081657
v 0.403975 -0.568301 0.073452
v 0.403975 -0.568301 0.062282
v 0.404079 -0.568829 0.054076
v 0.409971 -0.568400 0.081657
v 0.409997 -0.567863 0.073452
v 0.409997 -0.567863 0.062282
v 0.409971 -0.568400 0.054076
v 0.415794 -0.569394 0.081657
v 0.415948 -0.568878 0.073452
v 0.415948 -0.568878 0.062282
v 0.415794 -0.569394 0.054076
v 0.421211 -0.571753 0.081657
v 0.421484 -0.571289 0.073452
v 0.421484 -0.571289 0.062282
v 0.421211 -0.571753 0.054076
v 0.425905 -0.575339 0.081657
v 0.426282 -0.574954 0.073452
v 0.426282 -0.574954 0.062282
v 0.425905 -0.575339 0.054076
v 0.429605 -0.579945 0.081657
v 0.430063 -0.579660 0.073452
v 0.430063 -0.579660 0.062282
v 0.429605 -0.579945 0.054076
v 0.432096 -0.585302 0.081657
v 0.432608 -0.585135 0.073452
v 0.432608 -0.585135 0.062282
v 0.432096 -0.585302 0.054076
v 0.433231 -0.591099 0.081657
v 0.433769 -0.591060 0.073452
v 0.433769 -0.591060 0.062282
v 0.433231 -0.591099 0.054076
v 0.432947 -0.597000 0.081657
v 0.433478 -0.597091 0.073452
v 0.433478 -0.597091 0.062282
v 0.432947 -0.597000 0.054076
v 0.431258 -0.602661 0.081657
v 0.431752 -0.602876 0.073452
v 0.431752 -0.602876 0.062282
v 0.431258 -0.602661 0.054076
v 0.428264 -0.607754 0.081657
v 0.428692 -0.608081 0.073452
v 0.428692 -0.608081 0.062282
v 0.428264 -0.607754 0.054076
v 0.424138 -0.611982 0.081657
v 0.424475 -0.612402 0.073452
v 0.424475 -0.612402 0.062282
v 0.424138 -0.611982 0.054076
v 0.419120 -0.615100 0.081657
v 0.419347 -0.615588 0.073452
v 0.419347 -0.615588 0.062282
v 0.419120 -0.615100 0.054076
v 0.413502 -0.616926 0.081657
v 0.413605 -0.617455 0.073452
v 0.413605 -0.617455 0.062282
v 0.413502 -0.616926 0.054076
v 0.407610 -0.617355 0.081657
v 0.407584 -0.617893 0.073452
v 0.407584 -0.617893 0.062282
v 0.407610 -0.617355 0.054076
v 0.401786 -0.616361 0.081657
v 0.401632 -0.616877 0.073452
v 0.401632 -0.616877 0.062282
v 0.401786 -0.616361 0.054076
v 0.396370 -0.614003 0.081657
v 0.396097 -0.614467 0.073452
v 0.396097 -0.614467 0.062282
v 0.396370 -0.614003 0.054076
v 0.391675 -0.610416 0.081657
v 0.391299 -0.610802 0.073452
v 0.391299 -0.610802 0.062282
v 0.391675 -0.610416 0.054076
v 0.387975 -0.605811 0.081657
v 0.387518 -0.606095 0.073452
v 0.387518 -0.606095 0.062282
v 0.387975 -0.605811 0.054076
v 0.385485 -0.600454 0.081657
v 0.384973 -0.600620 0.073452
v 0.384973 -0.600620 0.062282
v 0.385485 -0.600454 0.054076
v 0.384349 -0.594656 0.081657
v 0.383812 -0.594695 0.073452
v 0.383812 -0.594695 0.062282
v 0.384349 -0.594656 0.054076
v 0.384634 -0.588755 0.081657
v 0.384103 -0.588665 0.073452
v 0.384103 -0.588665 0.062282
v 0.384634 -0.588755 0.054076
v 0.392796 -0.580659 0.044541
v 0.390337 -0.584842 0.044541
v 0.390310 -0.584831 0.090115
v 0.392871 -0.580692 0.091235
v 0.396185 -0.577187 0.044541
v 0.396246 -0.577217 0.091652
v 0.400306 -0.574626 0.044541
v 0.400307 -0.574628 0.091327
v 0.404921 -0.573126 0.044541
v 0.404874 -0.573234 0.091193
v 0.409763 -0.572720 0.046246
v 0.409700 -0.572907 0.090920
v 0.414543 -0.573590 0.044541
v 0.414550 -0.573567 0.090257
v 0.418992 -0.575527 0.044541
v 0.418994 -0.575522 0.090920
v 0.422847 -0.578473 0.044541
v 0.422500 -0.578310 0.090671
v 0.425886 -0.582255 0.044541
v 0.425887 -0.582255 0.091154
v 0.427932 -0.586655 0.044541
v 0.427932 -0.586655 0.091193
v 0.428865 -0.591417 0.044541
v 0.428863 -0.591417 0.091290
v 0.428631 -0.596263 0.044541
v 0.428631 -0.596263 0.091193
v 0.427244 -0.600913 0.044541
v 0.427244 -0.600913 0.091193
v 0.424785 -0.605096 0.044541
v 0.424812 -0.605117 0.089967
v 0.421396 -0.608569 0.044541
v 0.421396 -0.608569 0.091193
v 0.417283 -0.611147 0.045323
v 0.417275 -0.611129 0.091193
v 0.412660 -0.612629 0.044541
v 0.412660 -0.612629 0.091193
v 0.407821 -0.612982 0.044541
v 0.407821 -0.612982 0.091193
v 0.403038 -0.612165 0.044541
v 0.403038 -0.612165 0.091193
v 0.398822 -0.609690 0.045151
v 0.398589 -0.610228 0.091193
v 0.394733 -0.607283 0.044541
v 0.394733 -0.607283 0.091193
v 0.391694 -0.603500 0.044541
v 0.391694 -0.603500 0.091193
v 0.389649 -0.599100 0.044541
v 0.389649 -0.599100 0.091193
v 0.388716 -0.594338 0.044541
v 0.388716 -0.594338 0.091193
v 0.388950 -0.589492 0.044541
v 0.388948 -0.589492 0.091101
v 0.394423 -0.581902 0.046479
v 0.392214 -0.585660 0.046479
v 0.392188 -0.585648 0.088509
v 0.394423 -0.581903 0.089273
v 0.397467 -0.578783 0.046479
v 0.397474 -0.578792 0.089637
v 0.401169 -0.576482 0.046479
v 0.401171 -0.576487 0.089416
v 0.405314 -0.575135 0.046479
v 0.405314 -0.575135 0.089254
v 0.409664 -0.574770 0.047712
v 0.409662 -0.574807 0.088925
v 0.413958 -0.575552 0.046479
v 0.413966 -0.575524 0.088476
v 0.417954 -0.577292 0.046479
v 0.417960 -0.577282 0.088925
v 0.421418 -0.579938 0.046479
v 0.421418 -0.579938 0.089254
v 0.424147 -0.583336 0.046479
v 0.424147 -0.583336 0.089254
v 0.425985 -0.587288 0.046479
v 0.425985 -0.587288 0.089254
v 0.426823 -0.591565 0.046479
v 0.426826 -0.591565 0.089146
v 0.426613 -0.595919 0.046479
v 0.426613 -0.595919 0.089254
v 0.425367 -0.600096 0.046479
v 0.425367 -0.600096 0.089254
v 0.423158 -0.603853 0.046479
v 0.423169 -0.603862 0.088858
v 0.420114 -0.606973 0.046479
v 0.420114 -0.606973 0.089254
v 0.416415 -0.609280 0.046693
v 0.416412 -0.609273 0.089254
v 0.412266 -0.610620 0.046479
v 0.412266 -0.610620 0.089254
v 0.407919 -0.610937 0.046479
v 0.407919 -0.610937 0.089254
v 0.403623 -0.610204 0.046479
v 0.403623 -0.610204 0.089254
v 0.399690 -0.608316 0.046636
v 0.399627 -0.608464 0.089254
v 0.396163 -0.605818 0.046479
v 0.396163 -0.605818 0.089254
v 0.393433 -0.602420 0.046479
v 0.393433 -0.602420 0.089254
v 0.391596 -0.598467 0.046479
v 0.391596 -0.598467 0.089254
v 0.390758 -0.594190 0.046479
v 0.390758 -0.594190 0.089254
v 0.390968 -0.589836 0.046479
v 0.390963 -0.589836 0.089121
v 0.421733 -0.531991 0.007422
v 0.421758 -0.531470 0.015627
v 0.421758 -0.531470 0.026797
v 0.421733 -0.531991 0.035003
v 0.427309 -0.532949 0.035003
v 0.427458 -0.532440 0.026797
v 0.427458 -0.532440 0.015627
v 0.427309 -0.532940 0.007422
v 0.432496 -0.535197 0.035003
v 0.432760 -0.534747 0.026797
v 0.432760 -0.534747 0.015627
v 0.432496 -0.535197 0.007422
v 0.436992 -0.538629 0.035003
v 0.437356 -0.538255 0.026797
v 0.437356 -0.538255 0.015627
v 0.436992 -0.538629 0.007422
v 0.440524 -0.543037 0.035003
v 0.440979 -0.542762 0.026797
v 0.440979 -0.542762 0.015627
v 0.440536 -0.543037 0.007422
v 0.442910 -0.548165 0.035003
v 0.443419 -0.548004 0.026797
v 0.443419 -0.548004 0.015627
v 0.442923 -0.548166 0.007422
v 0.444012 -0.553716 0.035003
v 0.444532 -0.553678 0.026797
v 0.444532 -0.553678 0.015627
v 0.444012 -0.553716 0.007422
v 0.443742 -0.559366 0.035003
v 0.444256 -0.559454 0.026797
v 0.444256 -0.559454 0.015627
v 0.443742 -0.559366 0.007422
v 0.442127 -0.564787 0.035003
v 0.442605 -0.564995 0.026797
v 0.442605 -0.564995 0.015627
v 0.442127 -0.564787 0.007422
v 0.439262 -0.569665 0.035003
v 0.439677 -0.569981 0.026797
v 0.439677 -0.569981 0.015627
v 0.439262 -0.569665 0.007422
v 0.435313 -0.573714 0.035003
v 0.435640 -0.574121 0.026797
v 0.435640 -0.574121 0.015627
v 0.435313 -0.573714 0.007422
v 0.430509 -0.576701 0.035003
v 0.430729 -0.577174 0.026797
v 0.430729 -0.577174 0.015627
v 0.430509 -0.576701 0.007422
v 0.425131 -0.578452 0.035003
v 0.425231 -0.578964 0.026797
v 0.425231 -0.578964 0.015627
v 0.425131 -0.578452 0.007422
v 0.419489 -0.578865 0.035003
v 0.419464 -0.579386 0.026797
v 0.419464 -0.579386 0.015627
v 0.419489 -0.578865 0.007422
v 0.413913 -0.577915 0.035003
v 0.413764 -0.578415 0.026797
v 0.413764 -0.578415 0.015627
v 0.413913 -0.577915 0.007422
v 0.408726 -0.575659 0.035003
v 0.408462 -0.576108 0.026797
v 0.408462 -0.576108 0.015627
v 0.408726 -0.575659 0.007422
v 0.404230 -0.572227 0.035003
v 0.403866 -0.572600 0.026797
v 0.403866 -0.572600 0.015627
v 0.404230 -0.572227 0.007422
v 0.400685 -0.567818 0.035003
v 0.400243 -0.568094 0.026797
v 0.400243 -0.568094 0.015627
v 0.400685 -0.567818 0.007422
v 0.398299 -0.562690 0.035003
v 0.397803 -0.562851 0.026797
v 0.397803 -0.562851 0.015627
v 0.398299 -0.562690 0.007422
v 0.397210 -0.557139 0.035003
v 0.396690 -0.557177 0.026797
v 0.396690 -0.557177 0.015627
v 0.397210 -0.557139 0.007422
v 0.397480 -0.551489 0.035003
v 0.396966 -0.551401 0.026797
v 0.396966 -0.551401 0.015627
v 0.397480 -0.551489 0.007422
v 0.399095 -0.546068 0.035003
v 0.398617 -0.545860 0.026797
v 0.398617 -0.545860 0.015627
v 0.399095 -0.546068 0.007422
v 0.401960 -0.541191 0.035003
v 0.401546 -0.540874 0.026797
v 0.401546 -0.540874 0.015627
v 0.401960 -0.541191 0.007422
v 0.405909 -0.537141 0.035003
v 0.405582 -0.536734 0.026797
v 0.405582 -0.536734 0.015627
v 0.405909 -0.537141 0.007422
v 0.410713 -0.534154 0.035003
v 0.410493 -0.533681 0.026797
v 0.410493 -0.533681 0.015627
v 0.410713 -0.534154 0.007422
v 0.416091 -0.532403 0.035003
v 0.415991 -0.531892 0.026797
v 0.415991 -0.531892 0.015627
v 0.416091 -0.532403 0.007422
v 0.421474 -0.537408 -0.002114
v 0.421707 -0.532540 0.001803
v 0.421474 -0.537392 0.043461
v 0.421708 -0.532521 0.040392
v 0.425761 -0.538139 -0.002114
v 0.427152 -0.533467 0.001803
v 0.425761 -0.538139 0.044540
v 0.427120 -0.534122 0.040621
v 0.429749 -0.539873 -0.002114
v 0.432218 -0.535671 0.001803
v 0.429748 -0.539875 0.044998
v 0.432177 -0.536340 0.040833
v 0.433206 -0.542512 -0.002114
v 0.436608 -0.539022 0.001803
v 0.433205 -0.542513 0.044733
v 0.436608 -0.539022 0.040621
v 0.435930 -0.545901 -0.002114
v 0.440070 -0.543328 0.001803
v 0.435930 -0.545901 0.044538
v 0.439159 -0.543286 0.040621
v 0.437796 -0.549834 -0.000409
v 0.442400 -0.548336 0.001803
v 0.437769 -0.549843 0.044142
v 0.441489 -0.548293 0.040621
v 0.438603 -0.554112 -0.002114
v 0.443464 -0.553756 0.001803
v 0.438616 -0.554111 0.043603
v 0.443500 -0.553754 0.040190
v 0.438395 -0.558456 -0.002114
v 0.443200 -0.559274 0.001803
v 0.438399 -0.558457 0.044142
v 0.443200 -0.559274 0.040621
v 0.437153 -0.562624 -0.002114
v 0.441623 -0.564568 0.001803
v 0.437177 -0.562239 0.044016
v 0.441623 -0.564568 0.040621
v 0.434950 -0.566373 -0.002114
v 0.438825 -0.569331 0.001803
v 0.434951 -0.566374 0.044500
v 0.437656 -0.569272 0.040621
v 0.431914 -0.569487 -0.002114
v 0.434968 -0.573286 0.001803
v 0.431914 -0.569487 0.044538
v 0.434968 -0.573286 0.040621
v 0.428221 -0.571784 -0.002114
v 0.430277 -0.576203 0.001803
v 0.428224 -0.571790 0.043944
v 0.430277 -0.576203 0.040621
v 0.424086 -0.573130 -0.002114
v 0.425025 -0.577913 0.001803
v 0.424086 -0.573130 0.044538
v 0.425025 -0.577913 0.040621
v 0.419748 -0.573447 -0.002114
v 0.419515 -0.578315 0.001803
v 0.419748 -0.573447 0.044538
v 0.419515 -0.578315 0.040621
v 0.415461 -0.572717 -0.002114
v 0.414070 -0.577388 0.001803
v 0.415456 -0.572736 0.043313
v 0.414070 -0.577388 0.040621
v 0.411473 -0.570982 -0.002114
v 0.409004 -0.575185 0.001803
v 0.411473 -0.570982 0.044538
v 0.409004 -0.575185 0.040621
v 0.408009 -0.568351 -0.001332
v 0.404613 -0.571833 0.001803
v 0.408016 -0.568343 0.044538
v 0.404613 -0.571833 0.040621
v 0.405292 -0.564954 -0.002114
v 0.401152 -0.567528 0.001803
v 0.405292 -0.564954 0.044538
v 0.401152 -0.567528 0.040621
v 0.403457 -0.561011 -0.002114
v 0.398822 -0.562519 0.001803
v 0.403457 -0.561011 0.044538
v 0.398822 -0.562519 0.040621
v 0.402619 -0.556743 -0.002114
v 0.397758 -0.557099 0.001803
v 0.402619 -0.556743 0.044538
v 0.397758 -0.557099 0.040621
v 0.403419 -0.552427 -0.001504
v 0.398022 -0.551581 0.001803
v 0.402827 -0.552399 0.044538
v 0.398022 -0.551581 0.040621
v 0.404069 -0.548231 -0.002114
v 0.399599 -0.546287 0.001803
v 0.404069 -0.548231 0.044538
v 0.399599 -0.546287 0.040621
v 0.406271 -0.544482 -0.002114
v 0.402397 -0.541524 0.001803
v 0.406271 -0.544482 0.044538
v 0.402397 -0.541524 0.040621
v 0.409308 -0.541368 -0.002114
v 0.406254 -0.537569 0.001803
v 0.409308 -0.541368 0.044538
v 0.406254 -0.537569 0.040621
v 0.413001 -0.539072 -0.002114
v 0.410945 -0.534652 0.001803
v 0.413001 -0.539072 0.044538
v 0.410945 -0.534652 0.040621
v 0.417136 -0.537726 -0.002114
v 0.416197 -0.532943 0.001803
v 0.417136 -0.537724 0.044345
v 0.416197 -0.532943 0.040621
v 0.421783 -0.530950 0.007422
v 0.421808 -0.530412 0.015627
v 0.421808 -0.530412 0.026797
v 0.421783 -0.530950 0.035003
v 0.427607 -0.531942 0.035003
v 0.427760 -0.531426 0.026797
v 0.427760 -0.531426 0.015627
v 0.427607 -0.531942 0.007422
v 0.433024 -0.534298 0.035003
v 0.433297 -0.533834 0.026797
v 0.433297 -0.533834 0.015627
v 0.433024 -0.534298 0.007422
v 0.437720 -0.537883 0.035003
v 0.438096 -0.537497 0.026797
v 0.438096 -0.537497 0.015627
v 0.437720 -0.537883 0.007422
v 0.441421 -0.542487 0.035003
v 0.441879 -0.542203 0.026797
v 0.441879 -0.542203 0.015627
v 0.441421 -0.542487 0.007422
v 0.443914 -0.547843 0.035003
v 0.444426 -0.547677 0.026797
v 0.444426 -0.547677 0.015627
v 0.443914 -0.547843 0.007422
v 0.445051 -0.553640 0.035003
v 0.445588 -0.553601 0.026797
v 0.445588 -0.553601 0.015627
v 0.445051 -0.553640 0.007422
v 0.444769 -0.559541 0.035003
v 0.445300 -0.559632 0.026797
v 0.445300 -0.559632 0.015627
v 0.444769 -0.559541 0.007422
v 0.443083 -0.565203 0.035003
v 0.443576 -0.565418 0.026797
v 0.443576 -0.565418 0.015627
v 0.443083 -0.565203 0.007422
v 0.440090 -0.570297 0.035003
v 0.440518 -0.570624 0.026797
v 0.440518 -0.570624 0.015627
v 0.440090 -0.570297 0.007422
v 0.435966 -0.574527 0.035003
v 0.436303 -0.574946 0.026797
v 0.436303 -0.574946 0.015627
v 0.435966 -0.574527 0.007422
v 0.430949 -0.577646 0.035003
v 0.431176 -0.578134 0.026797
v 0.431176 -0.578134 0.015627
v 0.430949 -0.577646 0.007422
v 0.425331 -0.579475 0.035003
v 0.425435 -0.580003 0.026797
v 0.425435 -0.580003 0.015627
v 0.425331 -0.579475 0.007422
v 0.419439 -0.579905 0.035003
v 0.419414 -0.580443 0.026797
v 0.419414 -0.580443 0.015627
v 0.419439 -0.579905 0.007422
v 0.413615 -0.578914 0.035003
v 0.413462 -0.579430 0.026797
v 0.413462 -0.579430 0.015627
v 0.413615 -0.578914 0.007422
v 0.408198 -0.576557 0.035003
v 0.407925 -0.577021 0.026797
v 0.407925 -0.577021 0.015627
v 0.408198 -0.576557 0.007422
v 0.403502 -0.572973 0.035003
v 0.403126 -0.573358 0.026797
v 0.403126 -0.573358 0.015627
v 0.403502 -0.572973 0.007422
v 0.399801 -0.568368 0.035003
v 0.399343 -0.568653 0.026797
v 0.399343 -0.568653 0.015627
v 0.399801 -0.568368 0.007422
v 0.397308 -0.563012 0.035003
v 0.396796 -0.563179 0.026797
v 0.396796 -0.563179 0.015627
v 0.397308 -0.563012 0.007422
v 0.396170 -0.557215 0.035003
v 0.395633 -0.557254 0.026797
v 0.395633 -0.557254 0.015627
v 0.396170 -0.557215 0.007422
v 0.396453 -0.551314 0.035003
v 0.395922 -0.551224 0.026797
v 0.395922 -0.551224 0.015627
v 0.396453 -0.551314 0.007422
v 0.398139 -0.545652 0.035003
v 0.397646 -0.545437 0.026797
v 0.397646 -0.545437 0.015627
v 0.398139 -0.545652 0.007422
v 0.401132 -0.540558 0.035003
v 0.400704 -0.540232 0.026797
v 0.400704 -0.540232 0.015627
v 0.401132 -0.540558 0.007422
v 0.405256 -0.536329 0.035003
v 0.404919 -0.535909 0.026797
v 0.404919 -0.535909 0.015627
v 0.405256 -0.536329 0.007422
v 0.410273 -0.533209 0.035003
v 0.410046 -0.532721 0.026797
v 0.410046 -0.532721 0.015627
v 0.410273 -0.533209 0.007422
v 0.415891 -0.531381 0.035003
v 0.415787 -0.530852 0.026797
v 0.415787 -0.530852 0.015627
v 0.415891 -0.531381 0.007422
v 0.426357 -0.536138 -0.002114
v 0.421573 -0.535323 -0.002114
v 0.421575 -0.535294 0.043461
v 0.426353 -0.536219 0.044581
v 0.430806 -0.538074 -0.002114
v 0.430800 -0.538141 0.044998
v 0.434663 -0.541018 -0.002114
v 0.434661 -0.541019 0.044672
v 0.437703 -0.544799 -0.002114
v 0.437586 -0.544794 0.044538
v 0.439802 -0.549182 -0.000409
v 0.439604 -0.549190 0.044266
v 0.440685 -0.553960 -0.002114
v 0.440709 -0.553958 0.043603
v 0.440453 -0.558806 -0.002114
v 0.440458 -0.558807 0.044266
v 0.439068 -0.563456 -0.002114
v 0.439096 -0.563074 0.044016
v 0.436610 -0.567640 -0.002114
v 0.436610 -0.567641 0.044500
v 0.433222 -0.571114 -0.002114
v 0.433222 -0.571114 0.044538
v 0.429102 -0.573676 -0.002114
v 0.429101 -0.573675 0.044635
v 0.424488 -0.575178 -0.002114
v 0.424488 -0.575178 0.044538
v 0.419649 -0.575532 -0.002114
v 0.419649 -0.575532 0.044538
v 0.414865 -0.574717 -0.002114
v 0.414855 -0.574751 0.043313
v 0.410416 -0.572782 -0.002114
v 0.410416 -0.572782 0.044538
v 0.406546 -0.569852 -0.001332
v 0.406559 -0.569838 0.044538
v 0.403519 -0.566056 -0.002114
v 0.403519 -0.566056 0.044538
v 0.401472 -0.561657 -0.002114
v 0.401472 -0.561657 0.044538
v 0.400537 -0.556896 -0.002114
v 0.400537 -0.556896 0.044538
v 0.401355 -0.552076 -0.001504
v 0.400769 -0.552049 0.044538
v 0.402155 -0.547399 -0.002114
v 0.402155 -0.547399 0.044538
v 0.404612 -0.543215 -0.002114
v 0.404612 -0.543215 0.044538
v 0.408000 -0.539741 -0.002114
v 0.408000 -0.539741 0.044538
v 0.412120 -0.537179 -0.002114
v 0.412120 -0.537179 0.044538
v 0.416734 -0.535677 -0.002114
v 0.416734 -0.535676 0.044447
v 0.425772 -0.538100 -0.000175
v 0.421475 -0.537368 -0.000175
v 0.421477 -0.537341 0.041854
v 0.425772 -0.538100 0.042619
v 0.429769 -0.539839 -0.000175
v 0.429763 -0.539849 0.042982
v 0.433234 -0.542483 -0.000175
v 0.433230 -0.542487 0.042761
v 0.435965 -0.545880 -0.000175
v 0.435965 -0.545880 0.042600
v 0.437850 -0.549817 0.001057
v 0.437814 -0.549828 0.042271
v 0.438643 -0.554109 -0.000175
v 0.438672 -0.554107 0.041822
v 0.438435 -0.558463 -0.000175
v 0.438446 -0.558465 0.042271
v 0.437190 -0.562640 -0.000175
v 0.437190 -0.562640 0.042600
v 0.434983 -0.566398 -0.000175
v 0.434983 -0.566398 0.042600
v 0.431940 -0.569519 -0.000175
v 0.431940 -0.569519 0.042600
v 0.428238 -0.571820 -0.000175
v 0.428240 -0.571824 0.042491
v 0.424094 -0.573169 -0.000175
v 0.424094 -0.573169 0.042600
v 0.419747 -0.573487 -0.000175
v 0.419747 -0.573487 0.042600
v 0.415450 -0.572755 -0.000175
v 0.415446 -0.572769 0.042204
v 0.411453 -0.571017 -0.000175
v 0.411453 -0.571017 0.042600
v 0.407983 -0.568377 0.000038
v 0.407988 -0.568372 0.042600
v 0.405257 -0.564975 -0.000175
v 0.405257 -0.564975 0.042600
v 0.403419 -0.561023 -0.000175
v 0.403419 -0.561023 0.042600
v 0.402579 -0.556746 -0.000175
v 0.402579 -0.556746 0.042600
v 0.402948 -0.552400 -0.000019
v 0.402787 -0.552393 0.042600
v 0.404032 -0.548215 -0.000175
v 0.404032 -0.548215 0.042600
v 0.406239 -0.544457 -0.000175
v 0.406239 -0.544457 0.042600
v 0.409282 -0.541337 -0.000175
v 0.409282 -0.541337 0.042600
v 0.412984 -0.539035 -0.000175
v 0.412984 -0.539035 0.042600
v 0.417128 -0.537686 -0.000175
v 0.417127 -0.537682 0.042467
v 0.433322 -0.579910 0.007389
v 0.433118 -0.579430 0.015595
v 0.433118 -0.579430 0.026765
v 0.433322 -0.579910 0.034971
v 0.438759 -0.578346 0.034971
v 0.438672 -0.577823 0.026765
v 0.438672 -0.577823 0.015595
v 0.438755 -0.578338 0.007389
v 0.444407 -0.578112 0.034971
v 0.444449 -0.577592 0.026765
v 0.444449 -0.577592 0.015595
v 0.444407 -0.578112 0.007389
v 0.449949 -0.579245 0.034971
v 0.450115 -0.578750 0.026765
v 0.450115 -0.578750 0.015595
v 0.449949 -0.579245 0.007389
v 0.455047 -0.581676 0.034971
v 0.455338 -0.581230 0.026765
v 0.455338 -0.581230 0.015595
v 0.455059 -0.581671 0.007389
v 0.459428 -0.585255 0.034971
v 0.459816 -0.584889 0.026765
v 0.459816 -0.584889 0.015595
v 0.459439 -0.585250 0.007389
v 0.462836 -0.589773 0.034971
v 0.463288 -0.589512 0.026765
v 0.463288 -0.589512 0.015595
v 0.462836 -0.589773 0.007389
v 0.465052 -0.594977 0.034971
v 0.465553 -0.594832 0.026765
v 0.465553 -0.594832 0.015595
v 0.465052 -0.594977 0.007389
v 0.465957 -0.600561 0.034971
v 0.466479 -0.600540 0.026765
v 0.466479 -0.600540 0.015595
v 0.465957 -0.600561 0.007389
v 0.465501 -0.606199 0.034971
v 0.466012 -0.606303 0.026765
v 0.466012 -0.606303 0.015595
v 0.465501 -0.606199 0.007389
v 0.463708 -0.611564 0.034971
v 0.464179 -0.611788 0.026765
v 0.464179 -0.611788 0.015595
v 0.463708 -0.611564 0.007389
v 0.460683 -0.616344 0.034971
v 0.461087 -0.616674 0.026765
v 0.461087 -0.616674 0.015595
v 0.460683 -0.616344 0.007389
v 0.456602 -0.620261 0.034971
v 0.456915 -0.620678 0.026765
v 0.456915 -0.620678 0.015595
v 0.456602 -0.620261 0.007389
v 0.451703 -0.623088 0.034971
v 0.451907 -0.623568 0.026765
v 0.451907 -0.623568 0.015595
v 0.451703 -0.623088 0.007389
v 0.446269 -0.624660 0.034971
v 0.446353 -0.625175 0.026765
v 0.446353 -0.625175 0.015595
v 0.446269 -0.624660 0.007389
v 0.440617 -0.624886 0.034971
v 0.440575 -0.625406 0.026765
v 0.440575 -0.625406 0.015595
v 0.440617 -0.624886 0.007389
v 0.435075 -0.623753 0.034971
v 0.434910 -0.624247 0.026765
v 0.434910 -0.624247 0.015595
v 0.435075 -0.623753 0.007389
v 0.429966 -0.621326 0.034971
v 0.429687 -0.621767 0.026765
v 0.429687 -0.621767 0.015595
v 0.429966 -0.621326 0.007389
v 0.425585 -0.617748 0.034971
v 0.425209 -0.618109 0.026765
v 0.425209 -0.618109 0.015595
v 0.425585 -0.617748 0.007389
v 0.422189 -0.613225 0.034971
v 0.421737 -0.613485 0.026765
v 0.421737 -0.613485 0.015595
v 0.422189 -0.613225 0.007389
v 0.419973 -0.608020 0.034971
v 0.419472 -0.608165 0.026765
v 0.419472 -0.608165 0.015595
v 0.419973 -0.608020 0.007389
v 0.419067 -0.602436 0.034971
v 0.418546 -0.602457 0.026765
v 0.418546 -0.602457 0.015595
v 0.419067 -0.602436 0.007389
v 0.419524 -0.596798 0.034971
v 0.419013 -0.596694 0.026765
v 0.419013 -0.596694 0.015595
v 0.419524 -0.596798 0.007389
v 0.421317 -0.591434 0.034971
v 0.420846 -0.591210 0.026765
v 0.420846 -0.591210 0.015595
v 0.421317 -0.591434 0.007389
v 0.424342 -0.586654 0.034971
v 0.423938 -0.586324 0.026765
v 0.423938 -0.586324 0.015595
v 0.424342 -0.586654 0.007389
v 0.428422 -0.582737 0.034971
v 0.428109 -0.582319 0.026765
v 0.428109 -0.582319 0.015595
v 0.428422 -0.582737 0.007389
v 0.435446 -0.584900 -0.002146
v 0.433537 -0.580416 0.001771
v 0.435440 -0.584885 0.043429
v 0.433530 -0.580398 0.040360
v 0.439624 -0.583692 -0.002146
v 0.438843 -0.578880 0.001771
v 0.439624 -0.583692 0.044508
v 0.439100 -0.579484 0.040589
v 0.443969 -0.583518 -0.002146
v 0.444363 -0.578660 0.001771
v 0.443969 -0.583520 0.044966
v 0.444618 -0.579280 0.040801
v 0.448230 -0.584389 -0.002146
v 0.449775 -0.579766 0.001771
v 0.448230 -0.584390 0.044701
v 0.449775 -0.579766 0.040589
v 0.452159 -0.586255 -0.002146
v 0.454765 -0.582136 0.001771
v 0.452159 -0.586255 0.044506
v 0.453927 -0.582494 0.040589
v 0.455550 -0.588983 -0.000441
v 0.459043 -0.585631 0.001771
v 0.455529 -0.589003 0.044110
v 0.458204 -0.585989 0.040589
v 0.458138 -0.592484 -0.002146
v 0.462360 -0.590048 0.001771
v 0.458149 -0.592477 0.043571
v 0.462391 -0.590030 0.040158
v 0.459841 -0.596485 -0.002146
v 0.464523 -0.595130 0.001771
v 0.459845 -0.596484 0.044110
v 0.464523 -0.595130 0.040589
v 0.460538 -0.600778 -0.002146
v 0.465408 -0.600583 0.001771
v 0.460391 -0.600422 0.043984
v 0.465408 -0.600583 0.040589
v 0.460187 -0.605112 -0.002146
v 0.464962 -0.606089 0.001771
v 0.460187 -0.605112 0.044468
v 0.463884 -0.606544 0.040589
v 0.458808 -0.609237 -0.002146
v 0.463211 -0.611328 0.001771
v 0.458808 -0.609237 0.044506
v 0.463211 -0.611328 0.040589
v 0.456483 -0.612912 -0.002146
v 0.460257 -0.615996 0.001771
v 0.456488 -0.612916 0.043912
v 0.460257 -0.615996 0.040589
v 0.453345 -0.615924 -0.002146
v 0.456272 -0.619821 0.001771
v 0.453345 -0.615924 0.044506
v 0.456272 -0.619821 0.040589
v 0.449578 -0.618097 -0.002146
v 0.451488 -0.622582 0.001771
v 0.449578 -0.618097 0.044506
v 0.451488 -0.622582 0.040589
v 0.445401 -0.619306 -0.002146
v 0.446181 -0.624117 0.001771
v 0.445404 -0.619325 0.043280
v 0.446181 -0.624117 0.040589
v 0.441055 -0.619480 -0.002146
v 0.440662 -0.624338 0.001771
v 0.441055 -0.619480 0.044506
v 0.440662 -0.624338 0.040589
v 0.436791 -0.618618 -0.001364
v 0.435250 -0.623231 0.001771
v 0.436795 -0.618608 0.044506
v 0.435250 -0.623231 0.040589
v 0.432866 -0.616743 -0.002146
v 0.430260 -0.620862 0.001771
v 0.432866 -0.616743 0.044506
v 0.430260 -0.620862 0.040589
v 0.429498 -0.613991 -0.002146
v 0.425982 -0.617367 0.001771
v 0.429498 -0.613991 0.044506
v 0.425982 -0.617367 0.040589
v 0.426887 -0.610514 -0.002146
v 0.422665 -0.612950 0.001771
v 0.426887 -0.610514 0.044506
v 0.422665 -0.612950 0.040589
v 0.425729 -0.606280 -0.001536
v 0.420501 -0.607867 0.001771
v 0.425183 -0.606513 0.044506
v 0.420501 -0.607867 0.040589
v 0.424487 -0.602220 -0.002146
v 0.419617 -0.602414 0.001771
v 0.424487 -0.602220 0.044506
v 0.419617 -0.602414 0.040589
v 0.424838 -0.597885 -0.002146
v 0.420063 -0.596909 0.001771
v 0.424838 -0.597885 0.044506
v 0.420063 -0.596909 0.040589
v 0.426217 -0.593760 -0.002146
v 0.421814 -0.591669 0.001771
v 0.426217 -0.593760 0.044506
v 0.421814 -0.591669 0.040589
v 0.428542 -0.590085 -0.002146
v 0.424767 -0.587002 0.001771
v 0.428542 -0.590085 0.044506
v 0.424767 -0.587002 0.040589
v 0.431679 -0.587074 -0.002146
v 0.428752 -0.583176 0.001771
v 0.431678 -0.587072 0.044313
v 0.428752 -0.583176 0.040589
v 0.432914 -0.578951 0.007389
v 0.432703 -0.578456 0.015595
v 0.432703 -0.578456 0.026765
v 0.432914 -0.578951 0.034971
v 0.438589 -0.577309 0.034971
v 0.438502 -0.576778 0.026765
v 0.438502 -0.576778 0.015595
v 0.438589 -0.577309 0.007389
v 0.444492 -0.577073 0.034971
v 0.444535 -0.576536 0.026765
v 0.444535 -0.576536 0.015595
v 0.444492 -0.577073 0.007389
v 0.450279 -0.578256 0.034971
v 0.450450 -0.577746 0.026765
v 0.450450 -0.577746 0.015595
v 0.450279 -0.578256 0.007389
v 0.455616 -0.580791 0.034971
v 0.455904 -0.580336 0.026765
v 0.455904 -0.580336 0.015595
v 0.455616 -0.580791 0.007389
v 0.460191 -0.584528 0.034971
v 0.460579 -0.584155 0.026765
v 0.460579 -0.584155 0.015595
v 0.460191 -0.584528 0.007389
v 0.463739 -0.589252 0.034971
v 0.464205 -0.588983 0.026765
v 0.464205 -0.588983 0.015595
v 0.463739 -0.589252 0.007389
v 0.466053 -0.594688 0.034971
v 0.466570 -0.594538 0.026765
v 0.466570 -0.594538 0.015595
v 0.466053 -0.594688 0.007389
v 0.466999 -0.600519 0.034971
v 0.467537 -0.600498 0.026765
v 0.467537 -0.600498 0.015595
v 0.466999 -0.600519 0.007389
v 0.466522 -0.606408 0.034971
v 0.467049 -0.606516 0.026765
v 0.467049 -0.606516 0.015595
v 0.466522 -0.606408 0.007389
v 0.464649 -0.612011 0.034971
v 0.465135 -0.612242 0.026765
v 0.465135 -0.612242 0.015595
v 0.464649 -0.612011 0.007389
v 0.461490 -0.617003 0.034971
v 0.461907 -0.617344 0.026765
v 0.461907 -0.617344 0.015595
v 0.461490 -0.617003 0.007389
v 0.457228 -0.621094 0.034971
v 0.457551 -0.621525 0.026765
v 0.457551 -0.621525 0.015595
v 0.457228 -0.621094 0.007389
v 0.452111 -0.624046 0.034971
v 0.452322 -0.624542 0.026765
v 0.452322 -0.624542 0.015595
v 0.452111 -0.624046 0.007389
v 0.446436 -0.625688 0.034971
v 0.446522 -0.626220 0.026765
v 0.446522 -0.626220 0.015595
v 0.446436 -0.625688 0.007389
v 0.440533 -0.625925 0.034971
v 0.440490 -0.626461 0.026765
v 0.440490 -0.626461 0.015595
v 0.440533 -0.625925 0.007389
v 0.434745 -0.624741 0.034971
v 0.434574 -0.625252 0.026765
v 0.434574 -0.625252 0.015595
v 0.434745 -0.624741 0.007389
v 0.429409 -0.622207 0.034971
v 0.429121 -0.622662 0.026765
v 0.429121 -0.622662 0.015595
v 0.429409 -0.622207 0.007389
v 0.424834 -0.618469 0.034971
v 0.424445 -0.618842 0.026765
v 0.424445 -0.618842 0.015595
v 0.424834 -0.618469 0.007389
v 0.421286 -0.613745 0.034971
v 0.420820 -0.614014 0.026765
v 0.420820 -0.614014 0.015595
v 0.421286 -0.613745 0.007389
v 0.418972 -0.608310 0.034971
v 0.418455 -0.608459 0.026765
v 0.418455 -0.608459 0.015595
v 0.418972 -0.608310 0.007389
v 0.418026 -0.602478 0.034971
v 0.417488 -0.602500 0.026765
v 0.417488 -0.602500 0.015595
v 0.418026 -0.602478 0.007389
v 0.418503 -0.596590 0.034971
v 0.417976 -0.596482 0.026765
v 0.417976 -0.596482 0.015595
v 0.418503 -0.596590 0.007389
v 0.420376 -0.590987 0.034971
v 0.419889 -0.590756 0.026765
v 0.419889 -0.590756 0.015595
v 0.420376 -0.590987 0.007389
v 0.423535 -0.585994 0.034971
v 0.423118 -0.585654 0.026765
v 0.423118 -0.585654 0.015595
v 0.423535 -0.585994 0.007389
v 0.427796 -0.581903 0.034971
v 0.427473 -0.581473 0.026765
v 0.427473 -0.581473 0.015595
v 0.427796 -0.581903 0.007389
v 0.439290 -0.581631 -0.002146
v 0.434629 -0.582980 -0.002146
v 0.434617 -0.582953 0.043429
v 0.439321 -0.581706 0.044549
v 0.444138 -0.581437 -0.002146
v 0.444162 -0.581501 0.044966
v 0.448892 -0.582409 -0.002146
v 0.448891 -0.582411 0.044640
v 0.453275 -0.584491 -0.002146
v 0.453167 -0.584537 0.044506
v 0.457072 -0.587523 -0.000441
v 0.456897 -0.587616 0.044233
v 0.459946 -0.591440 -0.002146
v 0.459967 -0.591428 0.043571
v 0.461847 -0.595905 -0.002146
v 0.461852 -0.595903 0.044233
v 0.462623 -0.600694 -0.002146
v 0.462483 -0.600338 0.043984
v 0.462232 -0.605531 -0.002146
v 0.462232 -0.605531 0.044468
v 0.460694 -0.610133 -0.002146
v 0.460694 -0.610133 0.044506
v 0.458099 -0.614233 -0.002146
v 0.458098 -0.614232 0.044603
v 0.454599 -0.617593 -0.002146
v 0.454599 -0.617593 0.044506
v 0.450396 -0.620018 -0.002146
v 0.450396 -0.620018 0.044506
v 0.445735 -0.621366 -0.002146
v 0.445741 -0.621401 0.043280
v 0.440887 -0.621560 -0.002146
v 0.440887 -0.621560 0.044506
v 0.436127 -0.620607 -0.001364
v 0.436133 -0.620588 0.044506
v 0.431750 -0.618507 -0.002146
v 0.431750 -0.618507 0.044506
v 0.427992 -0.615437 -0.002146
v 0.427992 -0.615437 0.044506
v 0.425079 -0.611557 -0.002146
v 0.425079 -0.611557 0.044506
v 0.423717 -0.606862 -0.001536
v 0.423178 -0.607093 0.044506
v 0.422401 -0.602303 -0.002146
v 0.422401 -0.602303 0.044506
v 0.422793 -0.597467 -0.002146
v 0.422793 -0.597467 0.044506
v 0.424331 -0.592865 -0.002146
v 0.424331 -0.592865 0.044506
v 0.426925 -0.588765 -0.002146
v 0.426925 -0.588765 0.044506
v 0.430426 -0.585405 -0.002146
v 0.430425 -0.585403 0.044415
v 0.439617 -0.583652 -0.000207
v 0.435431 -0.584863 -0.000207
v 0.435420 -0.584838 0.041822
v 0.439617 -0.583653 0.042587
v 0.443973 -0.583478 -0.000207
v 0.443972 -0.583489 0.042950
v 0.448243 -0.584351 -0.000207
v 0.448241 -0.584356 0.042729
v 0.452180 -0.586221 -0.000207
v 0.452180 -0.586221 0.042568
v 0.455591 -0.588944 0.001025
v 0.455564 -0.588970 0.042239
v 0.458173 -0.592463 -0.000207
v 0.458198 -0.592449 0.041789
v 0.459880 -0.596474 -0.000207
v 0.459891 -0.596471 0.042239
v 0.460578 -0.600776 -0.000207
v 0.460578 -0.600776 0.042568
v 0.460226 -0.605121 -0.000207
v 0.460226 -0.605121 0.042568
v 0.458845 -0.609254 -0.000207
v 0.458845 -0.609254 0.042568
v 0.456514 -0.612938 -0.000207
v 0.456517 -0.612940 0.042459
v 0.453369 -0.615956 -0.000207
v 0.453369 -0.615956 0.042568
v 0.449594 -0.618134 -0.000207
v 0.449594 -0.618134 0.042568
v 0.445407 -0.619346 -0.000207
v 0.445409 -0.619359 0.042172
v 0.441052 -0.619520 -0.000207
v 0.441052 -0.619520 0.042568
v 0.436780 -0.618654 0.000006
v 0.436782 -0.618647 0.042568
v 0.432845 -0.616777 -0.000207
v 0.432845 -0.616777 0.042568
v 0.429469 -0.614019 -0.000207
v 0.429469 -0.614019 0.042568
v 0.426852 -0.610534 -0.000207
v 0.426852 -0.610534 0.042568
v 0.425292 -0.606461 -0.000051
v 0.425145 -0.606524 0.042568
v 0.424447 -0.602221 -0.000207
v 0.424447 -0.602221 0.042568
v 0.424799 -0.597877 -0.000207
v 0.424799 -0.597877 0.042568
v 0.426180 -0.593743 -0.000207
v 0.426180 -0.593743 0.042568
v 0.428511 -0.590060 -0.000207
v 0.428511 -0.590060 0.042568
v 0.431655 -0.587041 -0.000207
v 0.431653 -0.587038 0.042434
v 0.399939 -0.574886 0.007389
v 0.400095 -0.574389 0.015595
v 0.400095 -0.574389 0.026765
v 0.399939 -0.574886 0.034971
v 0.405088 -0.577229 0.034971
v 0.405362 -0.576774 0.026765
v 0.405362 -0.576774 0.015595
v 0.405091 -0.577220 0.007389
v 0.409535 -0.580719 0.034971
v 0.409905 -0.580352 0.026765
v 0.409905 -0.580352 0.015595
v 0.409535 -0.580719 0.007389
v 0.413013 -0.585181 0.034971
v 0.413460 -0.584912 0.026765
v 0.413460 -0.584912 0.015595
v 0.413013 -0.585181 0.007389
v 0.415310 -0.590341 0.034971
v 0.415820 -0.590190 0.026765
v 0.415820 -0.590190 0.015595
v 0.415322 -0.590344 0.007389
v 0.416316 -0.595907 0.034971
v 0.416849 -0.595881 0.026765
v 0.416849 -0.595881 0.015595
v 0.416328 -0.595911 0.007389
v 0.415973 -0.601556 0.034971
v 0.416485 -0.601651 0.026765
v 0.416485 -0.601651 0.015595
v 0.415973 -0.601556 0.007389
v 0.414277 -0.606952 0.034971
v 0.414752 -0.607167 0.026765
v 0.414752 -0.607167 0.015595
v 0.414277 -0.606952 0.007389
v 0.411339 -0.611786 0.034971
v 0.411748 -0.612109 0.026765
v 0.411748 -0.612109 0.015595
v 0.411339 -0.611786 0.007389
v 0.407329 -0.615776 0.034971
v 0.407650 -0.616187 0.026765
v 0.407650 -0.616187 0.015595
v 0.407329 -0.615776 0.007389
v 0.402481 -0.618690 0.034971
v 0.402694 -0.619166 0.026765
v 0.402694 -0.619166 0.015595
v 0.402481 -0.618690 0.007389
v 0.397077 -0.620360 0.034971
v 0.397170 -0.620873 0.026765
v 0.397170 -0.620873 0.015595
v 0.397077 -0.620360 0.007389
v 0.391430 -0.620688 0.034971
v 0.391397 -0.621208 0.026765
v 0.391397 -0.621208 0.015595
v 0.391430 -0.620688 0.007389
v 0.385869 -0.619655 0.034971
v 0.385712 -0.620152 0.026765
v 0.385712 -0.620152 0.015595
v 0.385869 -0.619655 0.007389
v 0.380716 -0.617321 0.034971
v 0.380445 -0.617766 0.026765
v 0.380445 -0.617766 0.015595
v 0.380716 -0.617321 0.007389
v 0.376272 -0.613822 0.034971
v 0.375902 -0.614189 0.026765
v 0.375902 -0.614189 0.015595
v 0.376272 -0.613822 0.007389
v 0.372794 -0.609360 0.034971
v 0.372347 -0.609629 0.026765
v 0.372347 -0.609629 0.015595
v 0.372794 -0.609360 0.007389
v 0.370485 -0.604196 0.034971
v 0.369987 -0.604350 0.026765
v 0.369987 -0.604350 0.015595
v 0.370485 -0.604196 0.007389
v 0.369479 -0.598630 0.034971
v 0.368959 -0.598660 0.026765
v 0.368959 -0.598660 0.015595
v 0.369479 -0.598630 0.007389
v 0.369835 -0.592985 0.034971
v 0.369322 -0.592890 0.026765
v 0.369322 -0.592890 0.015595
v 0.369835 -0.592985 0.007389
v 0.371531 -0.587589 0.034971
v 0.371056 -0.587373 0.026765
v 0.371056 -0.587373 0.015595
v 0.371531 -0.587589 0.007389
v 0.374469 -0.582755 0.034971
v 0.374059 -0.582432 0.026765
v 0.374059 -0.582432 0.015595
v 0.374469 -0.582755 0.007389
v 0.378478 -0.578765 0.034971
v 0.378157 -0.578354 0.026765
v 0.378157 -0.578354 0.015595
v 0.378478 -0.578765 0.007389
v 0.383326 -0.575850 0.034971
v 0.383113 -0.575374 0.026765
v 0.383113 -0.575374 0.015595
v 0.383326 -0.575850 0.007389
v 0.388730 -0.574181 0.034971
v 0.388638 -0.573668 0.026765
v 0.388638 -0.573668 0.015595
v 0.388730 -0.574181 0.007389
v 0.394377 -0.573853 0.034971
v 0.394410 -0.573332 0.026765
v 0.394410 -0.573332 0.015595
v 0.394377 -0.573853 0.007389
v 0.398313 -0.580061 -0.002146
v 0.399774 -0.575411 0.001771
v 0.398317 -0.580045 0.043429
v 0.399780 -0.575392 0.040360
v 0.402274 -0.581855 -0.002146
v 0.404806 -0.577690 0.001771
v 0.402274 -0.581855 0.044508
v 0.404609 -0.578316 0.040589
v 0.405691 -0.584545 -0.002146
v 0.409146 -0.581107 0.001771
v 0.405690 -0.584547 0.044966
v 0.408936 -0.581744 0.040801
v 0.408364 -0.587975 -0.002146
v 0.412542 -0.585464 0.001771
v 0.408363 -0.587976 0.044701
v 0.412542 -0.585464 0.040589
v 0.410140 -0.591945 -0.002146
v 0.414797 -0.590507 0.001771
v 0.410140 -0.591945 0.044506
v 0.413927 -0.590235 0.040589
v 0.410946 -0.596223 -0.000441
v 0.415779 -0.595943 0.001771
v 0.410917 -0.596225 0.044110
v 0.414909 -0.595670 0.040589
v 0.410640 -0.600565 -0.002146
v 0.415432 -0.601456 0.001771
v 0.410653 -0.600568 0.043571
v 0.415468 -0.601462 0.040158
v 0.409336 -0.604714 -0.002146
v 0.413776 -0.606725 0.001771
v 0.409340 -0.604716 0.044110
v 0.413776 -0.606725 0.040589
v 0.407077 -0.608430 -0.002146
v 0.410907 -0.611446 0.001771
v 0.407197 -0.608064 0.043984
v 0.410907 -0.611446 0.040589
v 0.403995 -0.611498 -0.002146
v 0.406991 -0.615342 0.001771
v 0.403995 -0.611498 0.044468
v 0.405875 -0.614988 0.040589
v 0.400267 -0.613739 -0.002146
v 0.402257 -0.618189 0.001771
v 0.400267 -0.613739 0.044506
v 0.402257 -0.618189 0.040589
v 0.396112 -0.615023 -0.002146
v 0.396979 -0.619819 0.001771
v 0.396114 -0.615030 0.043912
v 0.396979 -0.619819 0.040589
v 0.391771 -0.615275 -0.002146
v 0.391465 -0.620139 0.001771
v 0.391771 -0.615275 0.044506
v 0.391465 -0.620139 0.040589
v 0.387495 -0.614480 -0.002146
v 0.386034 -0.619130 0.001771
v 0.387495 -0.614480 0.044506
v 0.386034 -0.619130 0.040589
v 0.383533 -0.612686 -0.002146
v 0.381002 -0.616851 0.001771
v 0.383523 -0.612703 0.043280
v 0.381002 -0.616851 0.040589
v 0.380117 -0.609995 -0.002146
v 0.376662 -0.613434 0.001771
v 0.380117 -0.609995 0.044506
v 0.376662 -0.613434 0.040589
v 0.377434 -0.606571 -0.001364
v 0.373266 -0.609077 0.001771
v 0.377443 -0.606566 0.044506
v 0.373266 -0.609077 0.040589
v 0.375668 -0.602595 -0.002146
v 0.371011 -0.604034 0.001771
v 0.375668 -0.602595 0.044506
v 0.371011 -0.604034 0.040589
v 0.374894 -0.598316 -0.002146
v 0.370028 -0.598598 0.001771
v 0.374894 -0.598316 0.044506
v 0.370028 -0.598598 0.040589
v 0.375167 -0.593976 -0.002146
v 0.370375 -0.593085 0.001771
v 0.375167 -0.593976 0.044506
v 0.370375 -0.593085 0.040589
v 0.377037 -0.590004 -0.001536
v 0.372031 -0.587816 0.001771
v 0.376471 -0.589827 0.044506
v 0.372031 -0.587816 0.040589
v 0.378730 -0.586110 -0.002146
v 0.374901 -0.583095 0.001771
v 0.378730 -0.586110 0.044506
v 0.374901 -0.583095 0.040589
v 0.381813 -0.583043 -0.002146
v 0.378816 -0.579199 0.001771
v 0.381813 -0.583043 0.044506
v 0.378816 -0.579199 0.040589
v 0.385540 -0.580802 -0.002146
v 0.383550 -0.576352 0.001771
v 0.385540 -0.580802 0.044506
v 0.383550 -0.576352 0.040589
v 0.389695 -0.579518 -0.002146
v 0.388828 -0.574722 0.001771
v 0.389695 -0.579518 0.044506
v 0.388828 -0.574722 0.040589
v 0.394037 -0.579266 -0.002146
v 0.394343 -0.574402 0.001771
v 0.394037 -0.579265 0.044313
v 0.394343 -0.574402 0.040589
v 0.400251 -0.573892 0.007389
v 0.400413 -0.573378 0.015595
v 0.400413 -0.573378 0.026765
v 0.400251 -0.573892 0.034971
v 0.405632 -0.576330 0.034971
v 0.405912 -0.575870 0.026765
v 0.405912 -0.575870 0.015595
v 0.405632 -0.576330 0.007389
v 0.410274 -0.579984 0.034971
v 0.410656 -0.579605 0.026765
v 0.410656 -0.579605 0.015595
v 0.410274 -0.579984 0.007389
v 0.413906 -0.584644 0.034971
v 0.414367 -0.584366 0.026765
v 0.414367 -0.584366 0.015595
v 0.413906 -0.584644 0.007389
v 0.416318 -0.590037 0.034971
v 0.416832 -0.589878 0.026765
v 0.416832 -0.589878 0.015595
v 0.416318 -0.590037 0.007389
v 0.417368 -0.595850 0.034971
v 0.417906 -0.595819 0.026765
v 0.417906 -0.595819 0.015595
v 0.417368 -0.595850 0.007389
v 0.416997 -0.601746 0.034971
v 0.417527 -0.601845 0.026765
v 0.417527 -0.601845 0.015595
v 0.416997 -0.601746 0.007389
v 0.415226 -0.607382 0.034971
v 0.415716 -0.607605 0.026765
v 0.415716 -0.607605 0.015595
v 0.415226 -0.607382 0.007389
v 0.412157 -0.612431 0.034971
v 0.412580 -0.612764 0.026765
v 0.412580 -0.612764 0.015595
v 0.412157 -0.612431 0.007389
v 0.407970 -0.616598 0.034971
v 0.408301 -0.617022 0.026765
v 0.408301 -0.617022 0.015595
v 0.407970 -0.616598 0.007389
v 0.402907 -0.619642 0.034971
v 0.403127 -0.620133 0.026765
v 0.403127 -0.620133 0.015595
v 0.402907 -0.619642 0.007389
v 0.397262 -0.621386 0.034971
v 0.397358 -0.621915 0.026765
v 0.397358 -0.621915 0.015595
v 0.397262 -0.621386 0.007389
v 0.391365 -0.621728 0.034971
v 0.391331 -0.622265 0.026765
v 0.391331 -0.622265 0.015595
v 0.391365 -0.621728 0.007389
v 0.385556 -0.620649 0.034971
v 0.385395 -0.621162 0.026765
v 0.385395 -0.621162 0.015595
v 0.385556 -0.620649 0.007389
v 0.380175 -0.618211 0.034971
v 0.379895 -0.618671 0.026765
v 0.379895 -0.618671 0.015595
v 0.380175 -0.618211 0.007389
v 0.375533 -0.614556 0.034971
v 0.375152 -0.614936 0.026765
v 0.375152 -0.614936 0.015595
v 0.375533 -0.614556 0.007389
v 0.371901 -0.609897 0.034971
v 0.371440 -0.610175 0.026765
v 0.371440 -0.610175 0.015595
v 0.371901 -0.609897 0.007389
v 0.369490 -0.604504 0.034971
v 0.368975 -0.604663 0.026765
v 0.368975 -0.604663 0.015595
v 0.369490 -0.604504 0.007389
v 0.368439 -0.598691 0.034971
v 0.367902 -0.598722 0.026765
v 0.367902 -0.598722 0.015595
v 0.368439 -0.598691 0.007389
v 0.368810 -0.592795 0.034971
v 0.368281 -0.592696 0.026765
v 0.368281 -0.592696 0.015595
v 0.368810 -0.592795 0.007389
v 0.370581 -0.587159 0.034971
v 0.370091 -0.586936 0.026765
v 0.370091 -0.586936 0.015595
v 0.370581 -0.587159 0.007389
v 0.373650 -0.582110 0.034971
v 0.373227 -0.581777 0.026765
v 0.373227 -0.581777 0.015595
v 0.373650 -0.582110 0.007389
v 0.377837 -0.577943 0.034971
v 0.377506 -0.577519 0.026765
v 0.377506 -0.577519 0.015595
v 0.377837 -0.577943 0.007389
v 0.382901 -0.574899 0.034971
v 0.382681 -0.574408 0.026765
v 0.382681 -0.574408 0.015595
v 0.382901 -0.574899 0.007389
v 0.388545 -0.573155 0.034971
v 0.388449 -0.572626 0.026765
v 0.388449 -0.572626 0.015595
v 0.388545 -0.573155 0.007389
v 0.394443 -0.572813 0.034971
v 0.394477 -0.572276 0.026765
v 0.394477 -0.572276 0.015595
v 0.394443 -0.572813 0.007389
v 0.403358 -0.580071 -0.002146
v 0.398938 -0.578069 -0.002146
v 0.398947 -0.578041 0.043429
v 0.403333 -0.580149 0.044549
v 0.407170 -0.583073 -0.002146
v 0.407147 -0.583137 0.044966
v 0.410154 -0.586900 -0.002146
v 0.410152 -0.586901 0.044640
v 0.412134 -0.591329 -0.002146
v 0.412022 -0.591294 0.044506
v 0.413051 -0.596101 -0.000441
v 0.412858 -0.596059 0.044233
v 0.412692 -0.600947 -0.002146
v 0.412716 -0.600951 0.043571
v 0.411238 -0.605576 -0.002146
v 0.411243 -0.605578 0.044233
v 0.408717 -0.609722 -0.002146
v 0.408842 -0.609359 0.043984
v 0.405278 -0.613144 -0.002146
v 0.405278 -0.613145 0.044468
v 0.401119 -0.615645 -0.002146
v 0.401119 -0.615645 0.044506
v 0.396484 -0.617077 -0.002146
v 0.396483 -0.617075 0.044603
v 0.391640 -0.617358 -0.002146
v 0.391640 -0.617358 0.044506
v 0.386869 -0.616472 -0.002146
v 0.386869 -0.616472 0.044506
v 0.382449 -0.614470 -0.002146
v 0.382431 -0.614499 0.043280
v 0.378637 -0.611468 -0.002146
v 0.378637 -0.611468 0.044506
v 0.375637 -0.607651 -0.001364
v 0.375654 -0.607641 0.044506
v 0.373673 -0.603212 -0.002146
v 0.373673 -0.603212 0.044506
v 0.372810 -0.598437 -0.002146
v 0.372810 -0.598437 0.044506
v 0.373115 -0.593594 -0.002146
v 0.373115 -0.593594 0.044506
v 0.375130 -0.589140 -0.001536
v 0.374570 -0.588965 0.044506
v 0.377090 -0.584819 -0.002146
v 0.377090 -0.584819 0.044506
v 0.380529 -0.581397 -0.002146
v 0.380529 -0.581397 0.044506
v 0.384688 -0.578896 -0.002146
v 0.384688 -0.578896 0.044506
v 0.389324 -0.577464 -0.002146
v 0.389324 -0.577464 0.044506
v 0.394168 -0.577183 -0.002146
v 0.394168 -0.577181 0.044415
v 0.402295 -0.581821 -0.000207
v 0.398325 -0.580022 -0.000207
v 0.398333 -0.579996 0.041822
v 0.402294 -0.581821 0.042587
v 0.405719 -0.584517 -0.000207
v 0.405711 -0.584525 0.042950
v 0.408399 -0.587955 -0.000207
v 0.408395 -0.587957 0.042729
v 0.410178 -0.591933 -0.000207
v 0.410178 -0.591933 0.042568
v 0.411002 -0.596220 0.001025
v 0.410965 -0.596222 0.042239
v 0.410680 -0.600573 -0.000207
v 0.410708 -0.600578 0.041789
v 0.409373 -0.604731 -0.000207
v 0.409383 -0.604736 0.042239
v 0.407109 -0.608455 -0.000207
v 0.407109 -0.608455 0.042568
v 0.404019 -0.611530 -0.000207
v 0.404019 -0.611530 0.042568
v 0.400284 -0.613776 -0.000207
v 0.400284 -0.613776 0.042568
v 0.396119 -0.615062 -0.000207
v 0.396120 -0.615066 0.042459
v 0.391768 -0.615315 -0.000207
v 0.391768 -0.615315 0.042568
v 0.387483 -0.614519 -0.000207
v 0.387483 -0.614519 0.042568
v 0.383513 -0.612720 -0.000207
v 0.383505 -0.612732 0.042172
v 0.380088 -0.610024 -0.000207
v 0.380088 -0.610024 0.042568
v 0.377402 -0.606590 0.000006
v 0.377408 -0.606586 0.042568
v 0.375629 -0.602607 -0.000207
v 0.375629 -0.602607 0.042568
v 0.374854 -0.598318 -0.000207
v 0.374854 -0.598318 0.042568
v 0.375128 -0.593968 -0.000207
v 0.375128 -0.593968 0.042568
v 0.376588 -0.589858 -0.000051
v 0.376435 -0.589810 0.042568
v 0.378698 -0.586086 -0.000207
v 0.378698 -0.586086 0.042568
v 0.381788 -0.583011 -0.000207
v 0.381788 -0.583011 0.042568
v 0.385523 -0.580765 -0.000207
v 0.385523 -0.580765 0.042568
v 0.389688 -0.579479 -0.000207
v 0.389688 -0.579479 0.042568
v 0.394039 -0.579226 -0.000207
v 0.394040 -0.579222 0.042434
v 0.328471 -0.536929 0.012070
v 0.327598 -0.545102 0.011867
v 0.327064 -0.556259 0.011867
v 0.327152 -0.564479 0.012070
v 0.325611 -0.564405 0.017513
v 0.325481 -0.556183 0.017428
v 0.326015 -0.545026 0.017428
v 0.326922 -0.536855 0.017509
v 0.325399 -0.564395 0.023162
v 0.325273 -0.556173 0.023206
v 0.325807 -0.545016 0.023206
v 0.326718 -0.536845 0.023162
v 0.326553 -0.564450 0.028700
v 0.326452 -0.556230 0.028867
v 0.326986 -0.545073 0.028867
v 0.327872 -0.536900 0.028700
v 0.329001 -0.564567 0.033788
v 0.328950 -0.556349 0.034080
v 0.329484 -0.545192 0.034080
v 0.330315 -0.537017 0.033800
v 0.332593 -0.565180 0.038054
v 0.332621 -0.556525 0.038544
v 0.333155 -0.545368 0.038544
v 0.333907 -0.537189 0.038166
v 0.337120 -0.564956 0.041545
v 0.337253 -0.556747 0.041998
v 0.337787 -0.545590 0.041998
v 0.338438 -0.537406 0.041545
v 0.342327 -0.565205 0.043740
v 0.342576 -0.557002 0.044242
v 0.343110 -0.545845 0.044242
v 0.343645 -0.537655 0.043740
v 0.347907 -0.565472 0.044624
v 0.348281 -0.557275 0.045145
v 0.348815 -0.546118 0.045145
v 0.349226 -0.537922 0.044624
v 0.353537 -0.565742 0.044145
v 0.354036 -0.557550 0.044655
v 0.354570 -0.546393 0.044655
v 0.354856 -0.538192 0.044145
v 0.358889 -0.565998 0.042331
v 0.359506 -0.557812 0.042801
v 0.360040 -0.546655 0.042801
v 0.360208 -0.538448 0.042331
v 0.363651 -0.566226 0.039288
v 0.364375 -0.558045 0.039690
v 0.364909 -0.546888 0.039690
v 0.364970 -0.538676 0.039288
v 0.367548 -0.566412 0.035192
v 0.368358 -0.558236 0.035503
v 0.368892 -0.547079 0.035503
v 0.368867 -0.538862 0.035192
v 0.370352 -0.566546 0.030281
v 0.371225 -0.558373 0.030483
v 0.371759 -0.547216 0.030483
v 0.371671 -0.538997 0.030281
v 0.371901 -0.566621 0.024841
v 0.372808 -0.558449 0.024923
v 0.373342 -0.547292 0.024923
v 0.373220 -0.539071 0.024841
v 0.372105 -0.566630 0.019188
v 0.373016 -0.558459 0.019144
v 0.373550 -0.547302 0.019144
v 0.373423 -0.539080 0.019188
v 0.370951 -0.566575 0.013651
v 0.371837 -0.558402 0.013484
v 0.372371 -0.547245 0.013484
v 0.372270 -0.539025 0.013651
v 0.368508 -0.566458 0.008551
v 0.369339 -0.558283 0.008270
v 0.369873 -0.547126 0.008270
v 0.369826 -0.538908 0.008551
v 0.364916 -0.566286 0.004185
v 0.365667 -0.558107 0.003807
v 0.366201 -0.546950 0.003807
v 0.366234 -0.538736 0.004185
v 0.360385 -0.566069 0.000806
v 0.361035 -0.557885 0.000353
v 0.361569 -0.546728 0.000353
v 0.361703 -0.538520 0.000806
v 0.355177 -0.565820 -0.001389
v 0.355713 -0.557630 -0.001891
v 0.356247 -0.546474 -0.001891
v 0.356496 -0.538270 -0.001389
v 0.349597 -0.565553 -0.002273
v 0.350008 -0.557357 -0.002794
v 0.350542 -0.546200 -0.002794
v 0.350915 -0.538003 -0.002273
v 0.343967 -0.565283 -0.001794
v 0.344253 -0.557082 -0.002305
v 0.344787 -0.545925 -0.002305
v 0.345286 -0.537734 -0.001794
v 0.338615 -0.565027 0.000020
v 0.338782 -0.556820 -0.000450
v 0.339316 -0.545663 -0.000450
v 0.339934 -0.537477 0.000020
v 0.333853 -0.564799 0.003063
v 0.333914 -0.556587 0.002661
v 0.334448 -0.545430 0.002661
v 0.335172 -0.537249 0.003063
v 0.329956 -0.564613 0.007159
v 0.329931 -0.556396 0.006848
v 0.330465 -0.545239 0.006848
v 0.331275 -0.537063 0.007159
v 0.333920 -0.527643 0.014175
v 0.329245 -0.531341 0.012283
v 0.331726 -0.573165 0.014168
v 0.327383 -0.569885 0.012276
v 0.332729 -0.527586 0.018357
v 0.327733 -0.531269 0.017595
v 0.330498 -0.574187 0.018357
v 0.326481 -0.570071 0.017850
v 0.332572 -0.527579 0.022703
v 0.327534 -0.531259 0.023116
v 0.330321 -0.574637 0.022703
v 0.326288 -0.570274 0.023368
v 0.333459 -0.527621 0.026960
v 0.328660 -0.531313 0.028523
v 0.331220 -0.574414 0.026960
v 0.326804 -0.570087 0.028523
v 0.335338 -0.527711 0.030881
v 0.331047 -0.531427 0.033504
v 0.333107 -0.574310 0.030881
v 0.329546 -0.570218 0.032665
v 0.337995 -0.529545 0.034262
v 0.334554 -0.531595 0.037768
v 0.335885 -0.574046 0.034241
v 0.333053 -0.570386 0.036928
v 0.341583 -0.528010 0.036836
v 0.338979 -0.531807 0.041068
v 0.339391 -0.573674 0.036848
v 0.337126 -0.570149 0.041099
v 0.345587 -0.528202 0.038524
v 0.344065 -0.532051 0.043211
v 0.343374 -0.574404 0.038528
v 0.342209 -0.570824 0.043211
v 0.349877 -0.528407 0.039203
v 0.349514 -0.532311 0.044074
v 0.347315 -0.574467 0.039058
v 0.347658 -0.571085 0.044074
v 0.354206 -0.528614 0.038835
v 0.355012 -0.532575 0.043607
v 0.351977 -0.575175 0.038835
v 0.353607 -0.571370 0.042526
v 0.358320 -0.528811 0.037441
v 0.360239 -0.532825 0.041835
v 0.356090 -0.575410 0.037441
v 0.358383 -0.571598 0.041835
v 0.361982 -0.528987 0.035101
v 0.364889 -0.533047 0.038863
v 0.359784 -0.574992 0.035106
v 0.363034 -0.571821 0.038863
v 0.364978 -0.529130 0.031952
v 0.368695 -0.533230 0.034863
v 0.362747 -0.575728 0.031952
v 0.366839 -0.572003 0.034863
v 0.367134 -0.529233 0.028176
v 0.371433 -0.533361 0.030068
v 0.364903 -0.575832 0.028176
v 0.369577 -0.572134 0.030068
v 0.368324 -0.529290 0.023994
v 0.372946 -0.533433 0.024755
v 0.366172 -0.574666 0.023997
v 0.371090 -0.572206 0.024755
v 0.368481 -0.529298 0.019648
v 0.373145 -0.533442 0.019235
v 0.366251 -0.575896 0.019648
v 0.371289 -0.572216 0.019235
v 0.367567 -0.530037 0.015387
v 0.372018 -0.533389 0.013827
v 0.365364 -0.575854 0.015390
v 0.370162 -0.572162 0.013827
v 0.365715 -0.529165 0.011469
v 0.369632 -0.533274 0.008847
v 0.363485 -0.575764 0.011469
v 0.367776 -0.572048 0.008847
v 0.362954 -0.529033 0.008112
v 0.366124 -0.533107 0.004583
v 0.360723 -0.575632 0.008112
v 0.364268 -0.571880 0.004583
v 0.359470 -0.528866 0.005514
v 0.361699 -0.532895 0.001283
v 0.357240 -0.575465 0.005514
v 0.359843 -0.571668 0.001283
v 0.355207 -0.529273 0.004373
v 0.356614 -0.532651 -0.000861
v 0.353236 -0.575273 0.003827
v 0.354758 -0.571425 -0.000861
v 0.351176 -0.528470 0.003147
v 0.351164 -0.532390 -0.001724
v 0.348945 -0.575068 0.003147
v 0.349308 -0.571164 -0.001724
v 0.346848 -0.528262 0.003516
v 0.345666 -0.532127 -0.001256
v 0.344617 -0.574861 0.003516
v 0.343810 -0.570901 -0.001256
v 0.342733 -0.528065 0.004910
v 0.340440 -0.531877 0.000515
v 0.340503 -0.574664 0.004910
v 0.338584 -0.570650 0.000515
v 0.339072 -0.527890 0.007250
v 0.335789 -0.531654 0.003488
v 0.336841 -0.574488 0.007250
v 0.333933 -0.570428 0.003488
v 0.336076 -0.527747 0.010399
v 0.331984 -0.531472 0.007488
v 0.333853 -0.574152 0.010398
v 0.330128 -0.570246 0.007488
v 0.327511 -0.536883 0.011665
v 0.326623 -0.545056 0.011456
v 0.326089 -0.556212 0.011456
v 0.326193 -0.564433 0.011665
v 0.324575 -0.564355 0.017347
v 0.324436 -0.556133 0.017263
v 0.324970 -0.544976 0.017263
v 0.325894 -0.536805 0.017347
v 0.324362 -0.564345 0.023251
v 0.324219 -0.556123 0.023296
v 0.324753 -0.544966 0.023296
v 0.325681 -0.536795 0.023251
v 0.325567 -0.564403 0.029034
v 0.325450 -0.556182 0.029206
v 0.325984 -0.545025 0.029206
v 0.326886 -0.536853 0.029034
v 0.328119 -0.564525 0.034360
v 0.328058 -0.556307 0.034650
v 0.328592 -0.545150 0.034650
v 0.329438 -0.536975 0.034360
v 0.331870 -0.565356 0.038770
v 0.331892 -0.556490 0.039311
v 0.332426 -0.545333 0.039311
v 0.333189 -0.537155 0.038921
v 0.336603 -0.564931 0.042450
v 0.336728 -0.556722 0.042917
v 0.337262 -0.545565 0.042917
v 0.337922 -0.537381 0.042450
v 0.342041 -0.565191 0.044742
v 0.342286 -0.556988 0.045260
v 0.342820 -0.545831 0.045260
v 0.343360 -0.537641 0.044742
v 0.347870 -0.565470 0.045665
v 0.348243 -0.557273 0.046203
v 0.348777 -0.546116 0.046203
v 0.349189 -0.537920 0.045665
v 0.353750 -0.565752 0.045165
v 0.354252 -0.557561 0.045692
v 0.354786 -0.546404 0.045692
v 0.355068 -0.538202 0.045165
v 0.359339 -0.566019 0.043271
v 0.359964 -0.557834 0.043756
v 0.360498 -0.546677 0.043756
v 0.360658 -0.538469 0.043271
v 0.364313 -0.566257 0.040092
v 0.365047 -0.558077 0.040508
v 0.365581 -0.546920 0.040508
v 0.365632 -0.538707 0.040092
v 0.368383 -0.566452 0.035814
v 0.369206 -0.558276 0.036136
v 0.369740 -0.547119 0.036136
v 0.369701 -0.538902 0.035814
v 0.371311 -0.566592 0.030685
v 0.372199 -0.558420 0.030894
v 0.372733 -0.547263 0.030894
v 0.372630 -0.539043 0.030685
v 0.372929 -0.566670 0.025004
v 0.373853 -0.558499 0.025088
v 0.374387 -0.547342 0.025088
v 0.374248 -0.539120 0.025004
v 0.373142 -0.566680 0.019100
v 0.374070 -0.558509 0.019055
v 0.374604 -0.547352 0.019055
v 0.374461 -0.539130 0.019100
v 0.371937 -0.566622 0.013317
v 0.372839 -0.558450 0.013144
v 0.373373 -0.547293 0.013144
v 0.373256 -0.539072 0.013317
v 0.369385 -0.566500 0.007990
v 0.370230 -0.558325 0.007701
v 0.370764 -0.547168 0.007701
v 0.370704 -0.538950 0.007990
v 0.365634 -0.566321 0.003430
v 0.366397 -0.558142 0.003040
v 0.366931 -0.546985 0.003040
v 0.366952 -0.538771 0.003430
v 0.360901 -0.566094 -0.000099
v 0.361560 -0.557910 -0.000566
v 0.362095 -0.546753 -0.000566
v 0.362220 -0.538544 -0.000099
v 0.355463 -0.565834 -0.002392
v 0.356002 -0.557644 -0.002909
v 0.356537 -0.546487 -0.002909
v 0.356781 -0.538284 -0.002392
v 0.349634 -0.565555 -0.003315
v 0.350046 -0.557359 -0.003853
v 0.350580 -0.546202 -0.003853
v 0.350953 -0.538005 -0.003315
v 0.343754 -0.565273 -0.002814
v 0.344037 -0.557072 -0.003341
v 0.344571 -0.545915 -0.003341
v 0.345073 -0.537723 -0.002814
v 0.338165 -0.565006 -0.000920
v 0.338325 -0.556798 -0.001405
v 0.338859 -0.545641 -0.001405
v 0.339484 -0.537456 -0.000920
v 0.333191 -0.564768 0.002259
v 0.333241 -0.556555 0.001843
v 0.333776 -0.545398 0.001843
v 0.334510 -0.537218 0.002259
v 0.329121 -0.564573 0.006537
v 0.329082 -0.556356 0.006215
v 0.329617 -0.545199 0.006215
v 0.330440 -0.537023 0.006537
v 0.330669 -0.527488 0.018031
v 0.331998 -0.527551 0.013365
v 0.329792 -0.573072 0.013353
v 0.328512 -0.574133 0.018062
v 0.330495 -0.527480 0.022880
v 0.328306 -0.574540 0.022903
v 0.331484 -0.527527 0.027630
v 0.329250 -0.574259 0.027629
v 0.333580 -0.527627 0.032005
v 0.331396 -0.574228 0.031896
v 0.336542 -0.529476 0.035789
v 0.334499 -0.574103 0.035615
v 0.340548 -0.527961 0.038648
v 0.338350 -0.573624 0.038670
v 0.345015 -0.528175 0.040531
v 0.342796 -0.574501 0.040537
v 0.349802 -0.528404 0.041290
v 0.347240 -0.574464 0.041150
v 0.354631 -0.528635 0.040879
v 0.352403 -0.575195 0.040879
v 0.359222 -0.528855 0.039323
v 0.356991 -0.575453 0.039323
v 0.363307 -0.529050 0.036712
v 0.361071 -0.575745 0.036711
v 0.366650 -0.529210 0.033198
v 0.364419 -0.575809 0.033198
v 0.369055 -0.529325 0.028986
v 0.366825 -0.575924 0.028986
v 0.370384 -0.529389 0.024320
v 0.368246 -0.574765 0.024325
v 0.370559 -0.529397 0.019471
v 0.368328 -0.575996 0.019471
v 0.369550 -0.530132 0.014715
v 0.367339 -0.575948 0.014721
v 0.367473 -0.529249 0.010346
v 0.365242 -0.575848 0.010346
v 0.364392 -0.529102 0.006601
v 0.362161 -0.575700 0.006601
v 0.360505 -0.528916 0.003702
v 0.358274 -0.575514 0.003702
v 0.355781 -0.529300 0.002359
v 0.353808 -0.575301 0.001819
v 0.351251 -0.528473 0.001061
v 0.349021 -0.575071 0.001061
v 0.346422 -0.528242 0.001472
v 0.344191 -0.574840 0.001472
v 0.341831 -0.528022 0.003028
v 0.339601 -0.574621 0.003028
v 0.337746 -0.527827 0.005639
v 0.335515 -0.574425 0.005639
v 0.334404 -0.527667 0.009152
v 0.332176 -0.574174 0.009151
v 0.332596 -0.529521 0.018351
v 0.333790 -0.529578 0.014159
v 0.331755 -0.571558 0.014148
v 0.330551 -0.572266 0.018351
v 0.332439 -0.529513 0.022706
v 0.330388 -0.572622 0.022705
v 0.333328 -0.529556 0.026973
v 0.331280 -0.572443 0.026972
v 0.335211 -0.529646 0.030903
v 0.333166 -0.572372 0.030903
v 0.337886 -0.531008 0.034303
v 0.335942 -0.572176 0.034276
v 0.341470 -0.529946 0.036871
v 0.339448 -0.571894 0.036896
v 0.345483 -0.530138 0.038563
v 0.343450 -0.572535 0.038574
v 0.349783 -0.530343 0.039244
v 0.347738 -0.573069 0.039244
v 0.354121 -0.530551 0.038875
v 0.352076 -0.573277 0.038875
v 0.358245 -0.530749 0.037477
v 0.356200 -0.573474 0.037477
v 0.361915 -0.530924 0.035132
v 0.359877 -0.573542 0.035135
v 0.364917 -0.531068 0.031976
v 0.362872 -0.573794 0.031976
v 0.367078 -0.531171 0.028192
v 0.365033 -0.573897 0.028192
v 0.368272 -0.531228 0.024000
v 0.366259 -0.573560 0.024002
v 0.368428 -0.531236 0.019644
v 0.366383 -0.573962 0.019644
v 0.367536 -0.531407 0.015375
v 0.365494 -0.573919 0.015377
v 0.365657 -0.531103 0.011448
v 0.363611 -0.573829 0.011448
v 0.362889 -0.530971 0.008083
v 0.360844 -0.573697 0.008083
v 0.359397 -0.530804 0.005479
v 0.357352 -0.573530 0.005479
v 0.355315 -0.530765 0.003936
v 0.353340 -0.573338 0.003788
v 0.351085 -0.530406 0.003107
v 0.349040 -0.573132 0.003107
v 0.346747 -0.530198 0.003476
v 0.344702 -0.572924 0.003476
v 0.342623 -0.530001 0.004874
v 0.340578 -0.572727 0.004874
v 0.338953 -0.529825 0.007219
v 0.336908 -0.572551 0.007219
v 0.335951 -0.529681 0.010375
v 0.333908 -0.572274 0.010372
v 0.426764 -0.635437 0.037157
v 0.418576 -0.636098 0.037512
v 0.407496 -0.637514 0.037512
v 0.399405 -0.638932 0.037157
v 0.399954 -0.643227 0.040799
v 0.408056 -0.641897 0.041241
v 0.419136 -0.640482 0.041241
v 0.427312 -0.639725 0.040805
v 0.400595 -0.648250 0.043312
v 0.408713 -0.647039 0.043804
v 0.419793 -0.645623 0.043804
v 0.427954 -0.644755 0.043312
v 0.401295 -0.653729 0.044533
v 0.409429 -0.652639 0.045052
v 0.420508 -0.651223 0.045052
v 0.428654 -0.650234 0.044533
v 0.402011 -0.659330 0.044388
v 0.410161 -0.658373 0.044913
v 0.421241 -0.656957 0.044913
v 0.429371 -0.655843 0.044397
v 0.402702 -0.664744 0.042902
v 0.410868 -0.663907 0.043394
v 0.421948 -0.662492 0.043394
v 0.430063 -0.661257 0.042911
v 0.403330 -0.669656 0.040163
v 0.411509 -0.668920 0.040585
v 0.422588 -0.667504 0.040585
v 0.430689 -0.666161 0.040163
v 0.403855 -0.673765 0.036311
v 0.412045 -0.673120 0.036647
v 0.423125 -0.671705 0.036647
v 0.431214 -0.670269 0.036311
v 0.404248 -0.676840 0.031580
v 0.412447 -0.676264 0.031811
v 0.423527 -0.674848 0.031811
v 0.431607 -0.673345 0.031580
v 0.404486 -0.678703 0.026244
v 0.412690 -0.678168 0.026356
v 0.423770 -0.676752 0.026356
v 0.431845 -0.675207 0.026244
v 0.404555 -0.679245 0.020614
v 0.412761 -0.678722 0.020601
v 0.423841 -0.677306 0.020601
v 0.431914 -0.675749 0.020614
v 0.404452 -0.678434 0.015017
v 0.412655 -0.677894 0.014880
v 0.423735 -0.676478 0.014880
v 0.431811 -0.674939 0.015017
v 0.404181 -0.676319 0.009778
v 0.412379 -0.675731 0.009524
v 0.423458 -0.674316 0.009524
v 0.431540 -0.672824 0.009778
v 0.403760 -0.673021 0.005201
v 0.411948 -0.672360 0.004846
v 0.423028 -0.670945 0.004846
v 0.431119 -0.669526 0.005201
v 0.403212 -0.668733 0.001553
v 0.411388 -0.667977 0.001117
v 0.422468 -0.666561 0.001117
v 0.430571 -0.665238 0.001553
v 0.402570 -0.663704 -0.000954
v 0.410731 -0.662835 -0.001446
v 0.421811 -0.661420 -0.001446
v 0.429929 -0.660208 -0.000954
v 0.401870 -0.658225 -0.002175
v 0.410016 -0.657235 -0.002694
v 0.421095 -0.655819 -0.002694
v 0.429229 -0.654729 -0.002175
v 0.401153 -0.652616 -0.002039
v 0.409283 -0.651501 -0.002555
v 0.420363 -0.650085 -0.002555
v 0.428512 -0.649120 -0.002039
v 0.400461 -0.647202 -0.000553
v 0.408576 -0.645967 -0.001036
v 0.419656 -0.644551 -0.001036
v 0.427820 -0.643706 -0.000553
v 0.399835 -0.642298 0.002195
v 0.407936 -0.640954 0.001774
v 0.419015 -0.639538 0.001774
v 0.427194 -0.638802 0.002195
v 0.399310 -0.638189 0.006047
v 0.407399 -0.636754 0.005711
v 0.418479 -0.635338 0.005711
v 0.426669 -0.634693 0.006047
v 0.398917 -0.635114 0.010779
v 0.406998 -0.633610 0.010547
v 0.418077 -0.632194 0.010547
v 0.426276 -0.631618 0.010779
v 0.398679 -0.633251 0.016114
v 0.406754 -0.631706 0.016002
v 0.417834 -0.630290 0.016002
v 0.426038 -0.629756 0.016114
v 0.398610 -0.632709 0.021744
v 0.406683 -0.631152 0.021757
v 0.417763 -0.629736 0.021757
v 0.425969 -0.629214 0.021744
v 0.398713 -0.633519 0.027342
v 0.406789 -0.631980 0.027479
v 0.417869 -0.630565 0.027479
v 0.426072 -0.630024 0.027342
v 0.398984 -0.635635 0.032581
v 0.407066 -0.634143 0.032834
v 0.418145 -0.632727 0.032834
v 0.426343 -0.632139 0.032581
v 0.436725 -0.638169 0.033464
v 0.432388 -0.635124 0.036783
v 0.391517 -0.643932 0.033475
v 0.394108 -0.640001 0.036796
v 0.437147 -0.641466 0.036268
v 0.432923 -0.639312 0.040345
v 0.390869 -0.647378 0.036268
v 0.394479 -0.644708 0.039898
v 0.437641 -0.645333 0.038196
v 0.433550 -0.644224 0.042794
v 0.390909 -0.651304 0.038194
v 0.394897 -0.649651 0.042331
v 0.438179 -0.649545 0.039135
v 0.434234 -0.649574 0.043986
v 0.391710 -0.655482 0.039133
v 0.395729 -0.654493 0.043986
v 0.438730 -0.653857 0.039030
v 0.434934 -0.655052 0.043853
v 0.392454 -0.659770 0.039030
v 0.396350 -0.659357 0.043184
v 0.437572 -0.658248 0.037918
v 0.435609 -0.660339 0.042402
v 0.393379 -0.663883 0.037891
v 0.397026 -0.664643 0.041734
v 0.439743 -0.661790 0.035774
v 0.436221 -0.665128 0.039718
v 0.394397 -0.667591 0.035785
v 0.398147 -0.670014 0.039747
v 0.440147 -0.664949 0.032813
v 0.436734 -0.669141 0.035956
v 0.394265 -0.670814 0.032816
v 0.398229 -0.674060 0.035956
v 0.440449 -0.667313 0.029175
v 0.437117 -0.672144 0.031336
v 0.394656 -0.672883 0.029441
v 0.398613 -0.677063 0.031336
v 0.440632 -0.668746 0.025073
v 0.437350 -0.673963 0.026125
v 0.394394 -0.674653 0.025073
v 0.398744 -0.678089 0.025270
v 0.440685 -0.669162 0.020744
v 0.437417 -0.674492 0.020627
v 0.394410 -0.675074 0.020744
v 0.398913 -0.679411 0.020627
v 0.440606 -0.668539 0.016441
v 0.437316 -0.673701 0.015161
v 0.394920 -0.674383 0.016439
v 0.398811 -0.678620 0.015161
v 0.440398 -0.666913 0.012413
v 0.437052 -0.671635 0.010045
v 0.394122 -0.672825 0.012413
v 0.398548 -0.676554 0.010045
v 0.440074 -0.664377 0.008895
v 0.436641 -0.668414 0.005576
v 0.393798 -0.670290 0.008895
v 0.398136 -0.673334 0.005576
v 0.439653 -0.661080 0.006090
v 0.436106 -0.664227 0.002013
v 0.394594 -0.666848 0.006074
v 0.397601 -0.669146 0.002013
v 0.439159 -0.657214 0.004162
v 0.435478 -0.659315 -0.000435
v 0.392883 -0.663126 0.004162
v 0.396973 -0.664234 -0.000435
v 0.437845 -0.653101 0.003213
v 0.434795 -0.653965 -0.001628
v 0.392345 -0.658914 0.003224
v 0.396290 -0.658884 -0.001628
v 0.438070 -0.648689 0.003328
v 0.434095 -0.648487 -0.001495
v 0.391794 -0.654601 0.003328
v 0.395590 -0.653406 -0.001495
v 0.437538 -0.644526 0.004471
v 0.433420 -0.643200 -0.000044
v 0.391262 -0.650439 0.004471
v 0.394915 -0.648119 -0.000044
v 0.437056 -0.640756 0.006584
v 0.432808 -0.638411 0.002640
v 0.390781 -0.646668 0.006584
v 0.394303 -0.643330 0.002640
v 0.436099 -0.638074 0.009980
v 0.432295 -0.634398 0.006402
v 0.390377 -0.643509 0.009545
v 0.393790 -0.639318 0.006402
v 0.436351 -0.635233 0.013183
v 0.431911 -0.631395 0.011022
v 0.390075 -0.641145 0.013183
v 0.393407 -0.636314 0.011022
v 0.436168 -0.633801 0.017285
v 0.431679 -0.629576 0.016233
v 0.389892 -0.639713 0.017285
v 0.393174 -0.634495 0.016233
v 0.436114 -0.633384 0.021614
v 0.431611 -0.629047 0.021731
v 0.389839 -0.639296 0.021614
v 0.393107 -0.633966 0.021731
v 0.436194 -0.634007 0.025917
v 0.431712 -0.629838 0.027197
v 0.389918 -0.639919 0.025917
v 0.393208 -0.634758 0.027197
v 0.436402 -0.635633 0.029945
v 0.431976 -0.631904 0.032313
v 0.390318 -0.641520 0.029946
v 0.393472 -0.636823 0.032313
v 0.426667 -0.634680 0.037867
v 0.418478 -0.635329 0.038233
v 0.407398 -0.636744 0.038233
v 0.399308 -0.638175 0.037867
v 0.399880 -0.642654 0.041676
v 0.407983 -0.641321 0.042127
v 0.419062 -0.639906 0.042127
v 0.427239 -0.639159 0.041676
v 0.400551 -0.647907 0.044295
v 0.408669 -0.646690 0.044803
v 0.419748 -0.645274 0.044803
v 0.427910 -0.644412 0.044295
v 0.401282 -0.653629 0.045570
v 0.409416 -0.652537 0.046106
v 0.420495 -0.651122 0.046106
v 0.428641 -0.650134 0.045570
v 0.402031 -0.659487 0.045428
v 0.410181 -0.658525 0.045961
v 0.421260 -0.657109 0.045961
v 0.429390 -0.655992 0.045428
v 0.402753 -0.665142 0.043876
v 0.410919 -0.664303 0.044375
v 0.421998 -0.662888 0.044375
v 0.430112 -0.661646 0.043876
v 0.403408 -0.670263 0.041006
v 0.411588 -0.669537 0.041441
v 0.422667 -0.668122 0.041441
v 0.430767 -0.666768 0.041006
v 0.403956 -0.674555 0.036983
v 0.412148 -0.673923 0.037330
v 0.423227 -0.672508 0.037330
v 0.431315 -0.671059 0.036983
v 0.404366 -0.677767 0.032041
v 0.412567 -0.677205 0.032280
v 0.423647 -0.675790 0.032280
v 0.431725 -0.674271 0.032041
v 0.404615 -0.679712 0.026469
v 0.412821 -0.679194 0.026585
v 0.423901 -0.677778 0.026585
v 0.431974 -0.676217 0.026469
v 0.404687 -0.680278 0.020589
v 0.412895 -0.679772 0.020576
v 0.423975 -0.678356 0.020576
v 0.432046 -0.676783 0.020589
v 0.404579 -0.679432 0.014743
v 0.412785 -0.678907 0.014602
v 0.423864 -0.677492 0.014602
v 0.431938 -0.675936 0.014743
v 0.404297 -0.677222 0.009271
v 0.412496 -0.676649 0.009010
v 0.423576 -0.675234 0.009010
v 0.431656 -0.673727 0.009271
v 0.403857 -0.673778 0.004492
v 0.412046 -0.673129 0.004125
v 0.423126 -0.671714 0.004125
v 0.431216 -0.670283 0.004492
v 0.403285 -0.669299 0.000682
v 0.411462 -0.668552 0.000231
v 0.422541 -0.667137 0.000231
v 0.430644 -0.665804 0.000682
v 0.402613 -0.664047 -0.001937
v 0.410776 -0.663184 -0.002445
v 0.421855 -0.661768 -0.002445
v 0.429972 -0.660551 -0.001937
v 0.401882 -0.658325 -0.003212
v 0.410029 -0.657336 -0.003748
v 0.421108 -0.655921 -0.003748
v 0.429242 -0.654829 -0.003212
v 0.401134 -0.652466 -0.003070
v 0.409264 -0.651349 -0.003603
v 0.420343 -0.649934 -0.003603
v 0.428493 -0.648971 -0.003070
v 0.400412 -0.646812 -0.001518
v 0.408526 -0.645571 -0.002017
v 0.419605 -0.644155 -0.002017
v 0.427771 -0.643317 -0.001518
v 0.399757 -0.641690 0.001352
v 0.407857 -0.640336 0.000917
v 0.418936 -0.638921 0.000917
v 0.427116 -0.638195 0.001352
v 0.399209 -0.637399 0.005375
v 0.407296 -0.635951 0.005028
v 0.418376 -0.634535 0.005028
v 0.426568 -0.633903 0.005375
v 0.398799 -0.634187 0.010317
v 0.406877 -0.632668 0.010078
v 0.417957 -0.631253 0.010078
v 0.426158 -0.630692 0.010317
v 0.398550 -0.632242 0.015889
v 0.406623 -0.630680 0.015773
v 0.417703 -0.629265 0.015773
v 0.425909 -0.628746 0.015889
v 0.398478 -0.631676 0.021769
v 0.406549 -0.630102 0.021782
v 0.417629 -0.628686 0.021782
v 0.425837 -0.628180 0.021769
v 0.398586 -0.632522 0.027615
v 0.406660 -0.630967 0.027757
v 0.417739 -0.629551 0.027757
v 0.425945 -0.629027 0.027615
v 0.398868 -0.634731 0.033087
v 0.406948 -0.633225 0.033349
v 0.418028 -0.631809 0.033349
v 0.426227 -0.631236 0.033087
v 0.437002 -0.640331 0.038014
v 0.436532 -0.636652 0.034885
v 0.391322 -0.642407 0.034905
v 0.390691 -0.646307 0.037958
v 0.437553 -0.644645 0.040165
v 0.390827 -0.650663 0.040116
v 0.438153 -0.649345 0.041212
v 0.391745 -0.655274 0.041210
v 0.438768 -0.654156 0.041095
v 0.392482 -0.659989 0.041009
v 0.437673 -0.659037 0.039871
v 0.393344 -0.664578 0.039715
v 0.439899 -0.663007 0.037463
v 0.394553 -0.668815 0.037483
v 0.440349 -0.666532 0.034159
v 0.394345 -0.672414 0.034163
v 0.440686 -0.669170 0.030101
v 0.394894 -0.674744 0.030369
v 0.440890 -0.670767 0.025524
v 0.394653 -0.676675 0.025524
v 0.440950 -0.671232 0.020694
v 0.394674 -0.677144 0.020694
v 0.440861 -0.670537 0.015893
v 0.394489 -0.676460 0.015893
v 0.440629 -0.668723 0.011399
v 0.394354 -0.674635 0.011399
v 0.440268 -0.665894 0.007473
v 0.393992 -0.671806 0.007473
v 0.439798 -0.662215 0.004344
v 0.394740 -0.667991 0.004315
v 0.439246 -0.657901 0.002193
v 0.392971 -0.663813 0.002193
v 0.437871 -0.653302 0.001127
v 0.392371 -0.659114 0.001146
v 0.438031 -0.648390 0.001263
v 0.391756 -0.654302 0.001263
v 0.437438 -0.643746 0.002537
v 0.391162 -0.649658 0.002537
v 0.436901 -0.639539 0.004895
v 0.390625 -0.645451 0.004895
v 0.435896 -0.636487 0.008629
v 0.390175 -0.641927 0.008199
v 0.436113 -0.633377 0.012258
v 0.389838 -0.639289 0.012258
v 0.435909 -0.631779 0.016834
v 0.389634 -0.637691 0.016835
v 0.435850 -0.631314 0.021664
v 0.389574 -0.637226 0.021664
v 0.435939 -0.632009 0.026465
v 0.389663 -0.637921 0.026465
v 0.436170 -0.633824 0.030959
v 0.389985 -0.639723 0.030960
v 0.435221 -0.641689 0.036302
v 0.434799 -0.638385 0.033491
v 0.393106 -0.643691 0.033510
v 0.392772 -0.647113 0.036301
v 0.435716 -0.645565 0.038234
v 0.392908 -0.651038 0.038223
v 0.436256 -0.649787 0.039175
v 0.393665 -0.655228 0.039169
v 0.436808 -0.654109 0.039070
v 0.394378 -0.659530 0.039070
v 0.436121 -0.658455 0.037970
v 0.395238 -0.663664 0.037936
v 0.437824 -0.662059 0.035807
v 0.396168 -0.667398 0.035830
v 0.438228 -0.665225 0.032839
v 0.396125 -0.670613 0.032846
v 0.438531 -0.667595 0.029193
v 0.396101 -0.673016 0.029193
v 0.438714 -0.669030 0.025082
v 0.396284 -0.674451 0.025082
v 0.438768 -0.669448 0.020743
v 0.396338 -0.674869 0.020743
v 0.438688 -0.668823 0.016431
v 0.396366 -0.674234 0.016430
v 0.438479 -0.667193 0.012394
v 0.396050 -0.672614 0.012394
v 0.438155 -0.664652 0.008867
v 0.395725 -0.670073 0.008867
v 0.437733 -0.661348 0.006056
v 0.395696 -0.666726 0.006045
v 0.437238 -0.657472 0.004124
v 0.394808 -0.662893 0.004124
v 0.436486 -0.653279 0.003176
v 0.394268 -0.658672 0.003184
v 0.436146 -0.648929 0.003289
v 0.393716 -0.654349 0.003289
v 0.435613 -0.644757 0.004433
v 0.393183 -0.650178 0.004433
v 0.435130 -0.640978 0.006551
v 0.392700 -0.646399 0.006551
v 0.434585 -0.637940 0.009637
v 0.392296 -0.643233 0.009519
v 0.434423 -0.635442 0.013165
v 0.391993 -0.640863 0.013165
v 0.434240 -0.634007 0.017276
v 0.391810 -0.639428 0.017276
v 0.434186 -0.633590 0.021615
v 0.391756 -0.639010 0.021615
v 0.434266 -0.634214 0.025928
v 0.391836 -0.639635 0.025928
v 0.434474 -0.635844 0.029965
v 0.392176 -0.641244 0.029967
vn -0.9810 0.1676 0.0975
vn -0.9153 0.1745 0.3629
vn -0.8429 0.3993 0.3608
vn -0.8980 0.4215 0.1266
vn -0.5881 0.7320 -0.3441
vn -0.6233 0.7759 -0.0974
vn -0.4195 0.9025 -0.0974
vn -0.3958 0.8515 -0.3440
vn -0.1914 0.9767 -0.0974
vn -0.1546 0.9159 -0.3705
vn 0.0479 0.9941 -0.0974
vn 0.2845 0.9537 -0.0974
vn 0.2420 0.8968 -0.3705
vn 0.5044 0.8579 -0.0974
vn 0.4759 0.8094 -0.3440
vn 0.6951 0.7123 -0.0974
vn 0.6558 0.6720 -0.3440
vn 0.8454 0.5252 -0.0974
vn 0.7975 0.4955 -0.3440
vn 0.9465 0.3077 -0.0974
vn 0.8930 0.2903 -0.3440
vn 0.9926 0.0722 -0.0974
vn 0.9365 0.0681 -0.3440
vn 0.9811 -0.1674 -0.0974
vn 0.9256 -0.1579 -0.3440
vn 0.9125 -0.3973 -0.0974
vn 0.8609 -0.3749 -0.3440
vn 0.7909 -0.6042 -0.0974
vn 0.7462 -0.5700 -0.3440
vn 0.6233 -0.7759 -0.0974
vn 0.5772 -0.7351 -0.3555
vn 0.4195 -0.9025 -0.0974
vn 0.1914 -0.9767 -0.0974
vn 0.1899 -0.9152 -0.3555
vn -0.0479 -0.9941 -0.0974
vn -0.0452 -0.9379 -0.3440
vn -0.2845 -0.9537 -0.0974
vn -0.2841 -0.8868 -0.3645
vn -0.5044 -0.8579 -0.0974
vn -0.6951 -0.7123 -0.0974
vn -0.6368 -0.6794 -0.3645
vn -0.8454 -0.5253 -0.0974
vn -0.7975 -0.4955 -0.3440
vn -0.9465 -0.3077 -0.0974
vn -0.8930 -0.2903 -0.3440
vn -0.9926 -0.0722 -0.0974
vn -0.9365 -0.0681 -0.3440
vn -0.9811 0.1674 -0.0974
vn -0.9256 0.1580 -0.3441
vn -0.7381 0.5715 0.3587
vn -0.7670 0.6169 0.1766
vn -0.7462 0.5700 -0.3441
vn -0.7909 0.6042 -0.0974
vn -0.9125 0.3973 -0.0974
vn -0.8609 0.3749 -0.3440
vn 0.7945 -0.6069 0.0208
vn 0.6262 -0.7794 0.0208
vn -0.0000 -0.0000 1.0000
vn -0.9857 0.1682 -0.0000
vn -0.9168 0.3992 -0.0000
vn -0.9926 -0.0722 0.0974
vn -0.9361 -0.0670 0.3453
vn -0.0000 -0.0000 -1.0000
vn -0.9974 -0.0726 -0.0000
vn -0.9465 -0.3077 0.0974
vn -0.8930 -0.2903 0.3441
vn -0.9510 -0.3091 -0.0000
vn -0.8454 -0.5252 0.0974
vn -0.7975 -0.4955 0.3441
vn -0.8494 -0.5278 -0.0000
vn -0.6951 -0.7123 0.0974
vn -0.6558 -0.6720 0.3441
vn -0.6984 -0.7157 -0.0000
vn -0.5044 -0.8579 0.0974
vn -0.4759 -0.8094 0.3441
vn -0.5068 -0.8620 -0.0000
vn -0.2845 -0.9537 0.0974
vn -0.2684 -0.8998 0.3441
vn -0.2858 -0.9583 -0.0000
vn -0.0479 -0.9941 0.0974
vn -0.0452 -0.9379 0.3441
vn -0.0482 -0.9988 -0.0000
vn 0.1914 -0.9767 0.0974
vn 0.1805 -0.9214 0.3441
vn 0.1923 -0.9813 -0.0000
vn 0.4195 -0.9025 0.0974
vn 0.3958 -0.8515 0.3440
vn 0.4215 -0.9068 -0.0000
vn 0.6233 -0.7759 0.0974
vn 0.5968 -0.7158 0.3625
vn 0.6263 -0.7796 -0.0000
vn 0.7909 -0.6042 0.0974
vn 0.7947 -0.6071 -0.0000
vn 0.9125 -0.3973 0.0974
vn 0.8476 -0.3875 0.3625
vn 0.9168 -0.3992 -0.0000
vn 0.9811 -0.1674 0.0974
vn 0.9259 -0.1592 0.3427
vn 0.9858 -0.1682 -0.0000
vn 0.9926 0.0722 0.0974
vn 0.9374 0.0682 0.3416
vn 0.9974 0.0726 -0.0000
vn 0.9284 0.3447 0.1391
vn 0.8800 0.3303 0.3413
vn 0.9510 0.3091 -0.0000
vn 0.8353 0.5195 0.1798
vn 0.7900 0.4968 0.3592
vn 0.8494 0.5278 -0.0000
vn 0.7214 0.6780 0.1411
vn 0.6797 0.6367 0.3641
vn 0.6984 0.7157 -0.0000
vn 0.5042 0.8581 0.0977
vn 0.5068 0.8565 0.0977
vn 0.5068 0.8620 -0.0000
vn 0.2479 0.9590 0.1373
vn 0.2274 0.9065 0.3558
vn 0.2858 0.9583 -0.0000
vn 0.0139 0.9791 0.2029
vn 0.0192 0.9279 0.3723
vn 0.0482 0.9988 -0.0000
vn -0.1527 0.9682 0.1983
vn -0.1464 0.9243 0.3526
vn -0.1923 0.9813 -0.0000
vn -0.4092 0.8995 0.1534
vn -0.3828 0.8608 0.3355
vn -0.4215 0.9068 -0.0000
vn -0.6385 0.7498 0.1734
vn -0.6055 0.7174 0.3447
vn -0.6263 0.7796 -0.0000
vn -0.7947 0.6070 -0.0000
vn -0.7945 0.6069 0.0207
vn -0.6316 0.7750 0.0220
vn -0.6244 0.7808 0.0221
vn -0.6475 0.4946 -0.5797
vn -0.7471 0.3253 -0.5797
vn -0.7202 0.3471 0.6007
vn -0.6819 0.5078 0.5264
vn -0.5103 0.6352 -0.5797
vn -0.5659 0.6541 0.5018
vn -0.3435 0.7389 -0.5797
vn -0.3383 0.7790 0.5279
vn -0.1165 0.7730 -0.6236
vn -0.1177 0.8571 0.5015
vn 0.0361 0.7479 -0.6628
vn 0.0307 0.8518 0.5230
vn 0.1904 0.7582 -0.6236
vn 0.1856 0.7846 0.5915
vn 0.4130 0.7024 -0.5797
vn 0.3759 0.6835 0.6257
vn 0.3813 0.6803 0.6259
vn 0.5691 0.5832 -0.5797
vn 0.5860 0.5564 0.5890
vn 0.6921 0.4300 -0.5797
vn 0.7111 0.4668 0.5258
vn 0.7749 0.2519 -0.5797
vn 0.7828 0.3012 0.5445
vn 0.8127 0.0591 -0.5797
vn 0.8157 0.0594 0.5754
vn 0.8032 -0.1371 -0.5797
vn 0.8046 -0.1393 0.5772
vn 0.7471 -0.3253 -0.5797
vn 0.7155 -0.3383 0.6112
vn 0.6475 -0.4946 -0.5797
vn 0.6119 -0.4674 0.6380
vn 0.4889 -0.6335 -0.5997
vn 0.5146 -0.6014 0.6112
vn 0.3320 -0.7143 -0.6161
vn 0.3435 -0.7389 0.5797
vn 0.1691 -0.7821 -0.5997
vn 0.1567 -0.7996 0.5797
vn -0.0392 -0.8139 -0.5797
vn -0.0392 -0.8139 0.5797
vn -0.2590 -0.7435 -0.6166
vn -0.2329 -0.7808 0.5797
vn -0.3876 -0.6593 -0.6442
vn -0.3878 -0.6592 -0.6442
vn -0.4130 -0.7024 0.5797
vn -0.5239 -0.5878 -0.6165
vn -0.5691 -0.5832 0.5797
vn -0.6921 -0.4300 -0.5797
vn -0.6921 -0.4300 0.5797
vn -0.7749 -0.2519 -0.5797
vn -0.7749 -0.2519 0.5797
vn -0.8127 -0.0591 -0.5797
vn -0.8111 -0.0572 0.5820
vn -0.8032 0.1371 -0.5797
vn -0.7786 0.1610 0.6065
vn -0.9836 0.1679 -0.0655
vn -0.9149 0.3984 -0.0655
vn -0.9836 0.1679 0.0655
vn -0.9149 0.3984 0.0655
vn -0.9952 -0.0724 -0.0655
vn -0.9952 -0.0724 0.0655
vn -0.9490 -0.3085 -0.0655
vn -0.9490 -0.3085 0.0655
vn -0.8476 -0.5266 -0.0655
vn -0.8476 -0.5266 0.0655
vn -0.6969 -0.7142 -0.0655
vn -0.6969 -0.7142 0.0655
vn -0.5057 -0.8602 -0.0655
vn -0.5057 -0.8602 0.0655
vn -0.2852 -0.9562 -0.0655
vn -0.2852 -0.9562 0.0655
vn -0.0481 -0.9967 -0.0655
vn -0.0481 -0.9967 0.0655
vn 0.1919 -0.9792 -0.0655
vn 0.1919 -0.9792 0.0655
vn 0.4206 -0.9049 -0.0655
vn 0.4206 -0.9049 0.0655
vn 0.6250 -0.7779 -0.0655
vn 0.6249 -0.7779 0.0655
vn 0.7930 -0.6058 -0.0655
vn 0.7930 -0.6057 -0.0655
vn 0.7930 -0.6057 0.0655
vn 0.7930 -0.6058 0.0655
vn 0.9149 -0.3984 -0.0655
vn 0.9149 -0.3984 0.0655
vn 0.9836 -0.1679 -0.0655
vn 0.9836 -0.1679 0.0655
vn 0.9952 0.0724 -0.0655
vn 0.9952 0.0724 0.0655
vn 0.9490 0.3085 -0.0655
vn 0.9490 0.3085 0.0655
vn 0.8476 0.5266 -0.0655
vn 0.8476 0.5266 0.0655
vn 0.6969 0.7142 -0.0655
vn 0.6969 0.7142 0.0655
vn 0.5057 0.8602 -0.0655
vn 0.5057 0.8602 0.0655
vn 0.2852 0.9562 -0.0655
vn 0.2852 0.9562 0.0655
vn 0.0481 0.9967 -0.0655
vn 0.0481 0.9967 0.0655
vn -0.1919 0.9792 -0.0655
vn -0.1919 0.9792 0.0655
vn -0.4206 0.9049 -0.0655
vn -0.4206 0.9049 0.0655
vn -0.6249 0.7779 -0.0655
vn -0.6249 0.7779 0.0655
vn -0.7930 0.6057 -0.0655
vn -0.7930 0.6057 0.0655
vn -0.0152 -0.0107 0.9998
vn -0.0851 -0.1402 0.9865
vn -0.0849 -0.1398 0.9865
vn -0.0147 -0.0097 0.9998
vn -0.0068 -0.0145 0.9999
vn -0.0056 -0.0132 0.9999
vn 0.0383 0.0361 0.9986
vn 0.1751 0.0126 -0.9845
vn 0.1769 0.0128 -0.9841
vn 0.0525 0.0006 0.9986
vn 0.0513 0.0019 0.9987
vn 0.3462 0.0250 -0.9378
vn 0.0990 -0.0376 0.9944
vn 0.0983 -0.0372 0.9945
vn -0.1730 0.0294 -0.9845
vn -0.3422 0.0582 -0.9378
vn -0.1749 0.0297 -0.9841
vn -0.0040 -0.0132 0.9999
vn -0.0053 -0.0128 0.9999
vn -0.0567 -0.0131 0.9983
vn -0.0576 -0.0126 0.9983
vn -0.0221 0.0126 0.9997
vn -0.0224 0.0132 0.9997
vn -0.0326 0.0421 0.9986
vn -0.0320 0.0414 0.9986
vn -0.0776 -0.0383 0.9962
vn -0.1569 -0.0114 0.9875
vn -0.0811 0.0306 0.9962
vn -0.0812 0.0307 0.9962
vn -0.0656 -0.1115 0.9916
vn -0.0660 -0.1122 0.9915
vn 0.0254 -0.0194 0.9995
vn -0.0713 -0.0443 -0.9965
vn -0.0715 -0.0444 -0.9964
vn 0.0903 0.0926 0.9916
vn 0.0909 0.0932 0.9915
vn 0.0086 -0.0185 -0.9998
vn 0.0798 0.0260 -0.9965
vn 0.0801 0.0260 -0.9964
vn -0.0626 0.0273 -0.9977
vn -0.0578 0.0252 -0.9980
vn -0.0064 -0.0150 -0.9999
vn 0.0560 -0.0428 -0.9975
vn 0.0517 -0.0395 -0.9979
vn 0.0130 0.0149 0.9998
vn 0.0532 0.1073 0.9928
vn 0.0532 0.1071 0.9928
vn 0.0014 0.0042 1.0000
vn 0.0003 0.0038 -1.0000
vn -0.6173 0.7864 -0.0225
vn -0.7944 0.6069 -0.0245
vn -0.6291 0.7770 -0.0227
vn 0.6248 -0.7806 -0.0172
vn 0.7860 -0.6178 -0.0213
vn 0.8004 -0.5990 -0.0221
vn 0.6272 -0.7787 -0.0172
vn -0.4214 0.9066 0.0234
vn 0.4214 -0.9066 0.0208
vn -0.4214 0.9066 -0.0208
vn 0.4251 -0.9050 -0.0181
vn 0.4183 -0.9081 -0.0182
vn -0.1854 0.9824 0.0220
vn -0.1944 0.9807 0.0221
vn 0.2082 -0.9778 0.0241
vn 0.1825 -0.9829 0.0249
vn -0.1922 0.9811 -0.0208
vn 0.1973 -0.9801 -0.0213
vn 0.1879 -0.9820 -0.0214
vn 0.0482 0.9986 0.0208
vn -0.0482 -0.9984 0.0284
vn -0.0481 -0.9984 0.0284
vn 0.0482 0.9986 -0.0208
vn -0.0400 -0.9989 -0.0256
vn -0.0551 -0.9981 -0.0259
vn 0.3237 0.9425 0.0825
vn 0.3327 0.9391 0.0861
vn -0.3013 -0.9532 0.0241
vn -0.2762 -0.9608 0.0249
vn 0.2857 0.9581 -0.0208
vn -0.2857 -0.9579 -0.0284
vn 0.5019 0.8523 0.1470
vn 0.5011 0.8528 0.1470
vn -0.5067 -0.8619 0.0208
vn 0.5067 0.8619 -0.0208
vn -0.5144 -0.8565 -0.0420
vn -0.5049 -0.8622 -0.0409
vn 0.6666 0.7409 0.0821
vn 0.6590 0.7472 0.0858
vn -0.6983 -0.7155 0.0208
vn 0.6983 0.7155 -0.0208
vn -0.6828 -0.7278 -0.0633
vn -0.7022 -0.7089 -0.0659
vn 0.8492 0.5276 0.0208
vn -0.8492 -0.5276 0.0208
vn 0.8492 0.5276 -0.0208
vn -0.8449 -0.5328 -0.0469
vn -0.8423 -0.5369 -0.0478
vn 0.9508 0.3091 0.0208
vn -0.9508 -0.3091 0.0208
vn 0.9508 0.3091 -0.0208
vn -0.9493 -0.3137 -0.0218
vn -0.9512 -0.3079 -0.0218
vn 0.9971 0.0726 0.0208
vn -0.9971 -0.0726 0.0208
vn 0.9970 0.0742 -0.0213
vn 0.9972 0.0713 -0.0213
vn -0.9971 -0.0726 -0.0228
vn 0.9855 -0.1682 0.0208
vn -0.9855 0.1682 0.0207
vn 0.9870 -0.1586 -0.0243
vn 0.9843 -0.1746 -0.0246
vn -0.9846 0.1733 -0.0217
vn -0.9857 0.1669 -0.0217
vn 0.9167 -0.3991 0.0208
vn -0.9167 0.3991 0.0207
vn 0.9160 -0.4004 -0.0265
vn 0.9171 -0.3977 -0.0265
vn -0.9211 0.3888 -0.0224
vn -0.9151 0.4026 -0.0227
vn -0.1916 0.9766 0.0976
vn -0.1618 0.9177 0.3629
vn 0.0741 0.9297 0.3608
vn 0.0753 0.9891 0.1266
vn 0.4756 0.8096 -0.3441
vn 0.5041 0.8581 -0.0974
vn 0.6948 0.7125 -0.0974
vn 0.6555 0.6722 -0.3440
vn 0.8452 0.5256 -0.0974
vn 0.8014 0.4696 -0.3705
vn 0.9464 0.3080 -0.0974
vn 0.9926 0.0726 -0.0974
vn 0.9243 0.0921 -0.3705
vn 0.9811 -0.1671 -0.0974
vn 0.9256 -0.1576 -0.3440
vn 0.9126 -0.3970 -0.0974
vn 0.8610 -0.3746 -0.3440
vn 0.7911 -0.6039 -0.0974
vn 0.7464 -0.5697 -0.3440
vn 0.6236 -0.7757 -0.0974
vn 0.5883 -0.7318 -0.3440
vn 0.4199 -0.9024 -0.0974
vn 0.3961 -0.8513 -0.3440
vn 0.1917 -0.9766 -0.0974
vn 0.1809 -0.9214 -0.3440
vn -0.0476 -0.9941 -0.0974
vn -0.0449 -0.9379 -0.3441
vn -0.2841 -0.9538 -0.0974
vn -0.2680 -0.8999 -0.3441
vn -0.5041 -0.8581 -0.0974
vn -0.4824 -0.8006 -0.3555
vn -0.6948 -0.7125 -0.0974
vn -0.8452 -0.5256 -0.0974
vn -0.7882 -0.5024 -0.3555
vn -0.9464 -0.3080 -0.0974
vn -0.8929 -0.2906 -0.3441
vn -0.9926 -0.0726 -0.0974
vn -0.9299 -0.0492 -0.3645
vn -0.9811 0.1671 -0.0974
vn -0.9126 0.3970 -0.0974
vn -0.8612 0.3542 -0.3645
vn -0.7911 0.6039 -0.0974
vn -0.7464 0.5697 -0.3441
vn -0.6236 0.7757 -0.0974
vn -0.5883 0.7318 -0.3440
vn -0.4198 0.9024 -0.0974
vn -0.3961 0.8513 -0.3440
vn -0.1917 0.9766 -0.0974
vn -0.1809 0.9214 -0.3440
vn 0.2723 0.8929 0.3587
vn 0.3045 0.9360 0.1767
vn 0.2680 0.8999 -0.3441
vn 0.2841 0.9538 -0.0974
vn 0.0476 0.9941 -0.0974
vn 0.0449 0.9379 -0.3441
vn -0.2854 -0.9582 0.0208
vn -0.5064 -0.8620 0.0208
vn -0.1926 0.9813 -0.0000
vn 0.0478 0.9989 -0.0000
vn -0.4198 0.9024 0.0974
vn -0.3949 0.8514 0.3453
vn -0.4219 0.9067 -0.0000
vn -0.6236 0.7757 0.0974
vn -0.5883 0.7318 0.3440
vn -0.6266 0.7794 -0.0000
vn -0.7911 0.6039 0.0974
vn -0.7464 0.5697 0.3441
vn -0.7949 0.6068 -0.0000
vn -0.9126 0.3970 0.0974
vn -0.8610 0.3745 0.3440
vn -0.9170 0.3989 -0.0000
vn -0.9811 0.1671 0.0974
vn -0.9256 0.1576 0.3440
vn -0.9858 0.1679 -0.0000
vn -0.9926 -0.0726 0.0974
vn -0.9365 -0.0685 0.3441
vn -0.9973 -0.0729 -0.0000
vn -0.9464 -0.3080 0.0974
vn -0.8928 -0.2906 0.3441
vn -0.9509 -0.3095 -0.0000
vn -0.8452 -0.5256 0.0974
vn -0.7974 -0.4958 0.3441
vn -0.8492 -0.5281 -0.0000
vn -0.6948 -0.7125 0.0974
vn -0.6555 -0.6722 0.3440
vn -0.6981 -0.7160 -0.0000
vn -0.5041 -0.8581 0.0974
vn -0.4574 -0.8120 0.3625
vn -0.5065 -0.8622 -0.0000
vn -0.2841 -0.9538 0.0974
vn -0.2855 -0.9584 -0.0000
vn -0.0476 -0.9941 0.0974
vn -0.0614 -0.9300 0.3625
vn -0.0478 -0.9989 -0.0000
vn 0.1917 -0.9766 0.0974
vn 0.1798 -0.9221 0.3427
vn 0.1926 -0.9813 -0.0000
vn 0.4199 -0.9024 0.0974
vn 0.3965 -0.8521 0.3416
vn 0.4219 -0.9067 -0.0000
vn 0.6517 -0.7456 0.1391
vn 0.6211 -0.7055 0.3413
vn 0.6266 -0.7794 -0.0000
vn 0.7822 -0.5965 0.1798
vn 0.7449 -0.5623 0.3592
vn 0.7949 -0.6068 -0.0000
vn 0.8899 -0.4337 0.1411
vn 0.8365 -0.4094 0.3641
vn 0.9170 -0.3989 -0.0000
vn 0.9811 -0.1668 0.0977
vn 0.9806 -0.1698 0.0977
vn 0.9858 -0.1679 -0.0000
vn 0.9845 0.1087 0.1373
vn 0.9282 0.1092 0.3558
vn 0.9973 0.0729 -0.0000
vn 0.9203 0.3346 0.2029
vn 0.8743 0.3114 0.3723
vn 0.9509 0.3095 -0.0000
vn 0.8509 0.4864 0.1983
vn 0.8121 0.4650 0.3526
vn 0.8492 0.5281 -0.0000
vn 0.6957 0.7018 0.1534
vn 0.6689 0.6634 0.3355
vn 0.6982 0.7159 -0.0000
vn 0.4744 0.8631 0.1734
vn 0.4557 0.8207 0.3447
vn 0.5065 0.8622 -0.0000
vn 0.2855 0.9584 -0.0000
vn 0.2854 0.9582 0.0208
vn 0.5004 0.8655 0.0220
vn 0.5083 0.8609 0.0221
vn 0.2326 0.7809 -0.5797
vn 0.0390 0.8139 -0.5797
vn 0.0689 0.7965 0.6007
vn 0.2327 0.8178 0.5264
vn 0.4127 0.7026 -0.5797
vn 0.4107 0.7613 0.5018
vn 0.5689 0.5834 -0.5797
vn 0.6083 0.5927 0.5279
vn 0.6813 0.3833 -0.6236
vn 0.7595 0.4143 0.5016
vn 0.7121 0.2318 -0.6628
vn 0.8072 0.2736 0.5230
vn 0.7764 0.0912 -0.6236
vn 0.7994 0.1050 0.5915
vn 0.8033 -0.1368 -0.5797
vn 0.7724 -0.1088 0.6257
vn 0.7714 -0.1150 0.6259
vn 0.7472 -0.3250 -0.5797
vn 0.7282 -0.3504 0.5890
vn 0.6477 -0.4944 -0.5797
vn 0.6888 -0.4991 0.5258
vn 0.5105 -0.6350 -0.5797
vn 0.5594 -0.6249 0.5445
vn 0.3437 -0.7388 -0.5797
vn 0.3450 -0.7415 0.5754
vn 0.1569 -0.7996 -0.5797
vn 0.1554 -0.8017 0.5772
vn -0.0390 -0.8139 -0.5797
vn -0.0623 -0.7890 0.6112
vn -0.2326 -0.7809 -0.5797
vn -0.2198 -0.7380 0.6380
vn -0.4187 -0.6819 -0.5997
vn -0.3796 -0.6945 0.6112
vn -0.5499 -0.5639 -0.6161
vn -0.5689 -0.5834 0.5797
vn -0.6712 -0.4357 -0.5997
vn -0.6919 -0.4303 0.5797
vn -0.7748 -0.2522 -0.5797
vn -0.7748 -0.2522 0.5797
vn -0.7870 -0.0217 -0.6166
vn -0.8126 -0.0594 0.5797
vn -0.7540 0.1284 -0.6442
vn -0.7540 0.1286 -0.6442
vn -0.8033 0.1368 0.5797
vn -0.7355 0.2812 -0.6165
vn -0.7472 0.3250 0.5797
vn -0.6477 0.4944 -0.5797
vn -0.6477 0.4944 0.5797
vn -0.5106 0.6350 -0.5797
vn -0.5105 0.6350 0.5797
vn -0.3437 0.7388 -0.5797
vn -0.3414 0.7380 0.5820
vn -0.1569 0.7996 -0.5797
vn -0.1259 0.7851 0.6065
vn -0.1922 0.9792 -0.0655
vn 0.0477 0.9967 -0.0655
vn -0.1922 0.9792 0.0655
vn 0.0477 0.9967 0.0655
vn -0.4210 0.9047 -0.0655
vn -0.4210 0.9047 0.0655
vn -0.6252 0.7777 -0.0655
vn -0.6252 0.7777 0.0655
vn -0.7932 0.6055 -0.0655
vn -0.7932 0.6055 0.0655
vn -0.9150 0.3981 -0.0655
vn -0.9150 0.3980 -0.0655
vn -0.9150 0.3980 0.0655
vn -0.9150 0.3981 0.0655
vn -0.9837 0.1675 -0.0655
vn -0.9837 0.1675 0.0655
vn -0.9952 -0.0728 -0.0655
vn -0.9952 -0.0728 0.0655
vn -0.9489 -0.3088 -0.0655
vn -0.9489 -0.3088 0.0655
vn -0.8474 -0.5269 -0.0655
vn -0.8474 -0.5269 0.0655
vn -0.6967 -0.7144 -0.0655
vn -0.6967 -0.7144 0.0655
vn -0.5054 -0.8604 -0.0655
vn -0.5054 -0.8604 0.0655
vn -0.2848 -0.9563 -0.0655
vn -0.2848 -0.9563 0.0655
vn -0.0477 -0.9967 -0.0655
vn -0.0477 -0.9967 0.0655
vn 0.1922 -0.9792 -0.0655
vn 0.1922 -0.9792 0.0655
vn 0.4210 -0.9047 -0.0655
vn 0.4210 -0.9047 0.0655
vn 0.6252 -0.7777 -0.0655
vn 0.6252 -0.7777 0.0655
vn 0.7932 -0.6055 -0.0655
vn 0.7932 -0.6055 0.0655
vn 0.9150 -0.3980 -0.0655
vn 0.9150 -0.3980 0.0655
vn 0.9837 -0.1675 -0.0655
vn 0.9837 -0.1675 0.0655
vn 0.9952 0.0728 -0.0655
vn 0.9952 0.0728 0.0655
vn 0.9489 0.3088 -0.0655
vn 0.9489 0.3088 0.0655
vn 0.8474 0.5269 -0.0655
vn 0.8474 0.5269 0.0655
vn 0.6966 0.7144 -0.0655
vn 0.6966 0.7144 0.0655
vn 0.5054 0.8604 -0.0655
vn 0.5054 0.8604 0.0655
vn 0.2849 0.9563 -0.0655
vn 0.2849 0.9563 0.0655
vn -0.0154 0.0104 0.9998
vn -0.1613 0.0298 0.9865
vn -0.1608 0.0298 0.9865
vn -0.0143 0.0103 0.9998
vn -0.0160 0.0012 0.9999
vn -0.0143 0.0006 0.9999
vn 0.0473 -0.0230 0.9986
vn 0.0739 -0.1592 -0.9845
vn 0.0747 -0.1608 -0.9841
vn 0.0192 -0.0488 0.9986
vn 0.0200 -0.0473 0.9987
vn 0.1462 -0.3148 -0.9378
vn -0.0000 -0.1060 0.9944
vn 0.0001 -0.1051 0.9945
vn -0.0339 0.1722 -0.9845
vn -0.0671 0.3406 -0.9378
vn -0.0343 0.1740 -0.9841
vn -0.0138 -0.0010 0.9999
vn -0.0139 0.0004 0.9999
vn -0.0323 0.0483 0.9983
vn -0.0322 0.0494 0.9983
vn 0.0040 0.0251 0.9997
vn 0.0044 0.0256 0.9997
vn 0.0278 0.0454 0.9986
vn 0.0273 0.0446 0.9986
vn -0.0633 0.0590 0.9962
vn -0.0634 0.0590 0.9962
vn -0.0664 0.1426 0.9875
vn -0.0001 0.0867 0.9962
vn -0.0001 0.0868 0.9962
vn -0.1275 0.0218 0.9916
vn -0.1283 0.0219 0.9915
vn -0.0091 -0.0306 0.9995
vn -0.0667 0.0509 -0.9965
vn -0.0669 0.0511 -0.9964
vn 0.1187 -0.0516 0.9916
vn 0.1194 -0.0519 0.9915
vn -0.0143 -0.0146 -0.9998
vn 0.0526 -0.0654 -0.9965
vn 0.0528 -0.0656 -0.9964
vn 0.0033 0.0683 -0.9977
vn 0.0030 0.0630 -0.9980
vn -0.0163 0.0007 -0.9999
vn -0.0201 -0.0676 -0.9975
vn -0.0186 -0.0623 -0.9979
vn 0.0185 -0.0069 0.9998
vn 0.1192 -0.0117 0.9928
vn 0.1190 -0.0117 0.9928
vn 0.0044 0.0002 1.0000
vn 0.0037 0.0011 -1.0000
vn 0.5161 0.8562 -0.0225
vn 0.2854 0.9581 -0.0245
vn 0.5032 0.8639 -0.0227
vn -0.5080 -0.8612 -0.0172
vn -0.2986 -0.9541 -0.0213
vn -0.2759 -0.9609 -0.0221
vn -0.5054 -0.8627 -0.0172
vn 0.6980 0.7158 0.0234
vn 0.6980 0.7157 0.0234
vn -0.6980 -0.7158 0.0208
vn 0.6980 0.7158 -0.0208
vn -0.6952 -0.7186 -0.0181
vn -0.7005 -0.7134 -0.0182
vn 0.8527 0.5220 0.0220
vn 0.8478 0.5298 0.0221
vn -0.8402 -0.5417 0.0241
vn -0.8541 -0.5195 0.0249
vn 0.8490 0.5279 -0.0208
vn -0.8462 -0.5324 -0.0213
vn -0.8513 -0.5242 -0.0214
vn 0.9507 0.3094 0.0208
vn -0.9505 -0.3094 0.0283
vn 0.9507 0.3094 -0.0208
vn -0.9480 -0.3172 -0.0256
vn -0.9527 -0.3028 -0.0259
vn 0.9961 0.0319 0.0825
vn 0.9960 0.0223 0.0861
vn -0.9981 -0.0567 0.0241
vn -0.9963 -0.0828 0.0249
vn 0.9971 0.0729 -0.0208
vn -0.9969 -0.0729 -0.0284
vn 0.9750 -0.1667 0.1470
vn 0.9751 -0.1658 0.1470
vn -0.9856 0.1678 0.0208
vn 0.9856 -0.1678 -0.0208
vn -0.9833 0.1769 -0.0421
vn -0.9853 0.1660 -0.0409
vn 0.9292 -0.3602 0.0821
vn 0.9325 -0.3509 0.0858
vn -0.9168 0.3988 0.0208
vn 0.9168 -0.3988 -0.0208
vn -0.9228 0.3800 -0.0633
vn -0.9120 0.4048 -0.0659
vn 0.7947 -0.6066 0.0208
vn -0.7947 0.6066 0.0208
vn 0.7947 -0.6066 -0.0208
vn -0.7980 0.6008 -0.0469
vn -0.8009 0.5969 -0.0478
vn 0.6264 -0.7792 0.0208
vn -0.6264 0.7792 0.0208
vn -0.6265 0.7792 0.0208
vn 0.6264 -0.7792 -0.0208
vn -0.6302 0.7761 -0.0218
vn -0.6255 0.7799 -0.0218
vn 0.4218 -0.9065 0.0208
vn -0.4218 0.9065 0.0208
vn 0.4233 -0.9057 -0.0213
vn 0.4207 -0.9070 -0.0213
vn -0.4217 0.9064 -0.0228
vn 0.1926 -0.9811 0.0208
vn -0.1926 0.9811 0.0208
vn 0.2021 -0.9791 -0.0243
vn 0.1861 -0.9822 -0.0246
vn -0.1875 0.9820 -0.0218
vn -0.1938 0.9808 -0.0218
vn -0.0478 -0.9986 0.0208
vn 0.0478 0.9986 0.0208
vn -0.0492 -0.9984 -0.0265
vn -0.0463 -0.9986 -0.0265
vn 0.0365 0.9991 -0.0225
vn 0.0516 0.9984 -0.0227
vn -0.5975 0.7959 0.0976
vn -0.5451 0.7558 0.3629
vn -0.3379 0.8693 0.3608
vn -0.3627 0.9233 0.1266
vn 0.0758 0.9359 -0.3441
vn 0.0804 0.9920 -0.0974
vn 0.3154 0.9439 -0.0974
vn 0.2976 0.8905 -0.3440
vn 0.5322 0.8410 -0.0974
vn 0.5171 0.7716 -0.3705
vn 0.7180 0.6892 -0.0974
vn 0.8621 0.4974 -0.0974
vn 0.7921 0.4852 -0.3705
vn 0.9560 0.2766 -0.0974
vn 0.9020 0.2610 -0.3440
vn 0.9945 0.0398 -0.0974
vn 0.9382 0.0375 -0.3440
vn 0.9751 -0.1994 -0.0974
vn 0.9199 -0.1881 -0.3440
vn 0.8990 -0.4269 -0.0974
vn 0.8482 -0.4028 -0.3440
vn 0.7707 -0.6297 -0.0974
vn 0.7271 -0.5941 -0.3440
vn 0.5977 -0.7958 -0.0974
vn 0.5638 -0.7508 -0.3440
vn 0.3898 -0.9157 -0.0974
vn 0.3678 -0.8639 -0.3441
vn 0.1593 -0.9824 -0.0974
vn 0.1503 -0.9268 -0.3440
vn -0.0804 -0.9920 -0.0974
vn -0.0859 -0.9307 -0.3555
vn -0.3154 -0.9439 -0.0974
vn -0.5322 -0.8410 -0.0974
vn -0.4909 -0.7954 -0.3555
vn -0.7180 -0.6892 -0.0974
vn -0.6774 -0.6502 -0.3441
vn -0.8621 -0.4974 -0.0974
vn -0.8158 -0.4490 -0.3645
vn -0.9560 -0.2766 -0.0974
vn -0.9945 -0.0398 -0.0974
vn -0.9295 -0.0560 -0.3645
vn -0.9751 0.1994 -0.0974
vn -0.9199 0.1881 -0.3440
vn -0.8990 0.4269 -0.0974
vn -0.8482 0.4028 -0.3440
vn -0.7707 0.6297 -0.0974
vn -0.7271 0.5941 -0.3440
vn -0.5976 0.7958 -0.0974
vn -0.5638 0.7508 -0.3441
vn -0.1434 0.9224 0.3587
vn -0.1332 0.9752 0.1767
vn -0.1503 0.9268 -0.3441
vn -0.1594 0.9824 -0.0974
vn -0.3898 0.9157 -0.0974
vn -0.3678 0.8639 -0.3440
vn 0.1601 -0.9869 0.0208
vn -0.0807 -0.9965 0.0208
vn -0.6005 0.7996 -0.0000
vn -0.3917 0.9201 -0.0000
vn -0.7707 0.6297 0.0974
vn -0.7260 0.5947 0.3453
vn -0.7744 0.6327 -0.0000
vn -0.8990 0.4269 0.0974
vn -0.8482 0.4028 0.3440
vn -0.9033 0.4290 -0.0000
vn -0.9751 0.1994 0.0974
vn -0.9199 0.1881 0.3440
vn -0.9797 0.2003 -0.0000
vn -0.9945 -0.0398 0.0974
vn -0.9382 -0.0375 0.3440
vn -0.9992 -0.0400 -0.0000
vn -0.9560 -0.2766 0.0974
vn -0.9020 -0.2610 0.3440
vn -0.9606 -0.2779 -0.0000
vn -0.8621 -0.4974 0.0974
vn -0.8133 -0.4692 0.3440
vn -0.8662 -0.4997 -0.0000
vn -0.7180 -0.6892 0.0974
vn -0.6774 -0.6502 0.3440
vn -0.7214 -0.6925 -0.0000
vn -0.5322 -0.8410 0.0974
vn -0.5021 -0.7934 0.3440
vn -0.5347 -0.8450 -0.0000
vn -0.3154 -0.9439 0.0974
vn -0.2976 -0.8905 0.3440
vn -0.3170 -0.9484 -0.0000
vn -0.0804 -0.9920 0.0974
vn -0.0584 -0.9302 0.3625
vn -0.0808 -0.9967 -0.0000
vn 0.1593 -0.9824 0.0974
vn 0.1601 -0.9871 -0.0000
vn 0.3898 -0.9157 0.0974
vn 0.3494 -0.8640 0.3625
vn 0.3917 -0.9201 -0.0000
vn 0.5977 -0.7958 0.0974
vn 0.5632 -0.7519 0.3427
vn 0.6005 -0.7996 -0.0000
vn 0.7707 -0.6297 0.0974
vn 0.7278 -0.5946 0.3416
vn 0.7744 -0.6327 -0.0000
vn 0.9113 -0.3876 0.1391
vn 0.8663 -0.3648 0.3413
vn 0.9033 -0.4290 -0.0000
vn 0.9639 -0.1966 0.1798
vn 0.9153 -0.1820 0.3592
vn 0.9797 -0.2003 -0.0000
vn 0.9900 -0.0031 0.1411
vn 0.9313 -0.0045 0.3641
vn 0.9992 0.0400 -0.0000
vn 0.9559 0.2769 0.0977
vn 0.9568 0.2739 0.0977
vn 0.9606 0.2779 -0.0000
vn 0.8391 0.5264 0.1373
vn 0.7881 0.5023 0.3558
vn 0.8662 0.4997 -0.0000
vn 0.6829 0.7018 0.2029
vn 0.6516 0.6609 0.3723
vn 0.7214 0.6925 -0.0000
vn 0.5544 0.8083 0.1983
vn 0.5288 0.7721 0.3526
vn 0.5347 0.8450 -0.0000
vn 0.3209 0.9346 0.1534
vn 0.3135 0.8884 0.3355
vn 0.3170 0.9484 -0.0000
vn 0.0514 0.9835 0.1734
vn 0.0531 0.9372 0.3447
vn 0.0808 0.9967 -0.0000
vn -0.1601 0.9871 -0.0000
vn -0.1601 0.9869 0.0208
vn 0.0738 0.9970 0.0221
vn 0.0829 0.9963 0.0222
vn -0.1305 0.8043 -0.5797
vn -0.3192 0.7497 -0.5797
vn -0.2846 0.7471 0.6007
vn -0.1464 0.8375 0.5264
vn 0.0658 0.8122 -0.5797
vn 0.0384 0.8641 0.5018
vn 0.2583 0.7728 -0.5797
vn 0.2896 0.7984 0.5279
vn 0.4466 0.6416 -0.6236
vn 0.5035 0.7035 0.5016
vn 0.5402 0.5186 -0.6628
vn 0.6076 0.5977 0.5230
vn 0.6594 0.4200 -0.6236
vn 0.6740 0.4425 0.5915
vn 0.7827 0.2265 -0.5797
vn 0.7428 0.2383 0.6257
vn 0.7445 0.2322 0.6259
vn 0.8142 0.0326 -0.5797
vn 0.8081 0.0015 0.5890
vn 0.7983 -0.1632 -0.5797
vn 0.8373 -0.1496 0.5258
vn 0.7360 -0.3495 -0.5797
vn 0.7757 -0.3192 0.5445
vn 0.6310 -0.5155 -0.5797
vn 0.6334 -0.5174 0.5754
vn 0.4893 -0.6515 -0.5797
vn 0.4888 -0.6541 0.5772
vn 0.3192 -0.7497 -0.5797
vn 0.2873 -0.7375 0.6112
vn 0.1305 -0.8043 -0.5797
vn 0.1233 -0.7601 0.6380
vn -0.0801 -0.7962 -0.5997
vn -0.0394 -0.7905 0.6112
vn -0.2497 -0.7471 -0.6161
vn -0.2583 -0.7728 0.5797
vn -0.4146 -0.6844 -0.5997
vn -0.4357 -0.6886 0.5797
vn -0.5878 -0.5643 -0.5797
vn -0.5878 -0.5643 0.5797
vn -0.6991 -0.3621 -0.6166
vn -0.7058 -0.4072 0.5797
vn -0.7347 -0.2126 -0.6442
vn -0.7348 -0.2124 -0.6442
vn -0.7827 -0.2265 0.5797
vn -0.7845 -0.0669 -0.6165
vn -0.8142 -0.0326 0.5797
vn -0.7983 0.1632 -0.5797
vn -0.7983 0.1632 0.5797
vn -0.7360 0.3495 -0.5797
vn -0.7360 0.3495 0.5797
vn -0.6310 0.5155 -0.5797
vn -0.6286 0.5159 0.5820
vn -0.4893 0.6516 -0.5797
vn -0.4550 0.6520 0.6065
vn -0.5992 0.7979 -0.0655
vn -0.3909 0.9181 -0.0655
vn -0.3908 0.9181 -0.0655
vn -0.5992 0.7979 0.0655
vn -0.3909 0.9181 0.0655
vn -0.7728 0.6313 -0.0655
vn -0.7728 0.6313 0.0655
vn -0.9014 0.4280 -0.0655
vn -0.9014 0.4280 0.0655
vn -0.9776 0.1999 -0.0655
vn -0.9776 0.1999 0.0655
vn -0.9971 -0.0399 -0.0655
vn -0.9971 -0.0399 0.0655
vn -0.9585 -0.2773 -0.0655
vn -0.9585 -0.2773 0.0655
vn -0.8643 -0.4987 -0.0655
vn -0.8643 -0.4987 0.0655
vn -0.7199 -0.6910 -0.0655
vn -0.7199 -0.6910 0.0655
vn -0.5336 -0.8432 -0.0655
vn -0.5336 -0.8432 0.0655
vn -0.3163 -0.9464 -0.0655
vn -0.3163 -0.9464 0.0655
vn -0.0806 -0.9946 -0.0655
vn -0.0806 -0.9946 0.0655
vn 0.1598 -0.9850 -0.0655
vn 0.1598 -0.9850 0.0655
vn 0.3909 -0.9181 -0.0655
vn 0.3909 -0.9181 0.0655
vn 0.5992 -0.7979 -0.0655
vn 0.5992 -0.7979 0.0655
vn 0.7728 -0.6313 -0.0655
vn 0.7728 -0.6313 0.0655
vn 0.9014 -0.4280 -0.0655
vn 0.9014 -0.4280 0.0655
vn 0.9776 -0.1999 -0.0655
vn 0.9776 -0.1999 0.0655
vn 0.9971 0.0399 -0.0655
vn 0.9971 0.0399 0.0655
vn 0.9585 0.2773 -0.0655
vn 0.9585 0.2773 0.0655
vn 0.8643 0.4987 -0.0655
vn 0.8643 0.4987 0.0655
vn 0.7199 0.6910 -0.0655
vn 0.7199 0.6910 0.0655
vn 0.5336 0.8432 -0.0655
vn 0.5336 0.8432 0.0655
vn 0.3163 0.9464 -0.0655
vn 0.3163 0.9464 0.0655
vn 0.0806 0.9946 -0.0655
vn 0.0806 0.9946 0.0655
vn -0.1598 0.9850 -0.0655
vn -0.1598 0.9850 0.0655
vn -0.0184 0.0027 0.9998
vn -0.1582 -0.0434 0.9865
vn -0.1577 -0.0432 0.9865
vn -0.0173 0.0031 0.9998
vn -0.0149 -0.0059 0.9999
vn -0.0131 -0.0057 0.9999
vn 0.0526 -0.0001 0.9986
vn 0.1359 -0.1111 -0.9845
vn 0.1373 -0.1123 -0.9841
vn 0.0385 -0.0356 0.9986
vn 0.0386 -0.0339 0.9987
vn 0.2687 -0.2198 -0.9378
vn 0.0461 -0.0954 0.9944
vn 0.0458 -0.0946 0.9945
vn -0.1055 0.1403 -0.9845
vn -0.2086 0.2774 -0.9378
vn -0.1066 0.1418 -0.9841
vn -0.0120 -0.0069 0.9999
vn -0.0127 -0.0057 0.9999
vn -0.0501 0.0295 0.9983
vn -0.0505 0.0305 0.9983
vn -0.0074 0.0243 0.9997
vn -0.0072 0.0250 0.9997
vn 0.0053 0.0530 0.9986
vn 0.0052 0.0520 0.9986
vn -0.0827 0.0255 0.9962
vn -0.1218 0.0995 0.9875
vn -0.0379 0.0780 0.9962
vn -0.0379 0.0781 0.9962
vn -0.1243 -0.0359 0.9916
vn -0.1251 -0.0361 0.9915
vn 0.0051 -0.0315 0.9995
vn -0.0822 0.0169 -0.9965
vn -0.0825 0.0169 -0.9964
vn 0.1293 0.0052 0.9916
vn 0.1301 0.0053 0.9915
vn -0.0065 -0.0194 -0.9998
vn 0.0758 -0.0360 -0.9965
vn 0.0761 -0.0361 -0.9964
vn -0.0268 0.0629 -0.9977
vn -0.0247 0.0580 -0.9980
vn -0.0150 -0.0065 -0.9999
vn 0.0113 -0.0696 -0.9975
vn 0.0104 -0.0642 -0.9979
vn 0.0197 0.0019 0.9998
vn 0.1124 0.0414 0.9928
vn 0.1122 0.0413 0.9928
vn 0.0039 0.0021 1.0000
vn 0.0029 0.0026 -1.0000
vn 0.0920 0.9955 -0.0225
vn -0.1601 0.9868 -0.0245
vn 0.0770 0.9968 -0.0227
vn -0.0825 -0.9964 -0.0172
vn 0.1464 -0.9890 -0.0214
vn 0.1699 -0.9852 -0.0222
vn -0.0795 -0.9967 -0.0172
vn 0.3169 0.9482 0.0235
vn -0.3169 -0.9482 0.0208
vn 0.3169 0.9482 -0.0208
vn -0.3131 -0.9495 -0.0181
vn -0.3202 -0.9472 -0.0182
vn 0.5405 0.8411 0.0220
vn 0.5327 0.8460 0.0221
vn -0.5207 -0.8534 0.0241
vn -0.5429 -0.8394 0.0249
vn 0.5346 0.8448 -0.0208
vn -0.5302 -0.8476 -0.0213
vn -0.5383 -0.8425 -0.0214
vn 0.7213 0.6924 0.0208
vn -0.7211 -0.6922 0.0284
vn 0.7213 0.6924 -0.0208
vn -0.7155 -0.6982 -0.0256
vn -0.7260 -0.6872 -0.0259
vn 0.8829 0.4622 0.0825
vn 0.8871 0.4536 0.0861
vn -0.8739 -0.4854 0.0240
vn -0.8609 -0.5081 0.0249
vn 0.8660 0.4996 -0.0207
vn -0.8658 -0.4995 -0.0284
vn 0.9504 0.2742 0.1470
vn 0.9501 0.2751 0.1470
vn -0.9604 -0.2779 0.0208
vn 0.9604 0.2779 -0.0208
vn -0.9623 -0.2688 -0.0420
vn -0.9593 -0.2794 -0.0409
vn 0.9934 0.0801 0.0820
vn 0.9923 0.0899 0.0857
vn -0.9990 -0.0400 0.0208
vn 0.9990 0.0400 -0.0208
vn -0.9962 -0.0595 -0.0633
vn -0.9973 -0.0325 -0.0659
vn 0.9795 -0.2003 0.0208
vn -0.9795 0.2003 0.0208
vn 0.9795 -0.2003 -0.0208
vn -0.9800 0.1935 -0.0469
vn -0.9808 0.1888 -0.0479
vn 0.9031 -0.4289 0.0208
vn -0.9031 0.4289 0.0208
vn 0.9031 -0.4289 -0.0208
vn -0.9052 0.4245 -0.0219
vn -0.9026 0.4300 -0.0219
vn 0.7742 -0.6325 0.0208
vn 0.7743 -0.6325 0.0208
vn -0.7743 0.6325 0.0208
vn 0.7753 -0.6312 -0.0213
vn 0.7735 -0.6335 -0.0213
vn -0.7742 0.6325 -0.0228
vn 0.6004 -0.7995 0.0208
vn -0.6004 0.7995 0.0208
vn 0.6081 -0.7935 -0.0242
vn 0.5950 -0.8033 -0.0246
vn -0.5962 0.8025 -0.0217
vn -0.6014 0.7987 -0.0218
vn 0.3916 -0.9199 0.0208
vn -0.3916 0.9199 0.0208
vn 0.3902 -0.9203 -0.0265
vn 0.3929 -0.9192 -0.0265
vn -0.4020 0.9154 -0.0225
vn -0.3881 0.9213 -0.0227
vn 0.0627 0.9933 0.0975
vn 0.0765 0.9287 0.3629
vn 0.3077 0.8804 0.3608
vn 0.3239 0.9376 0.1266
vn 0.6656 0.6623 -0.3440
vn 0.7055 0.7020 -0.0974
vn 0.8530 0.5128 -0.0974
vn 0.8047 0.4838 -0.3441
vn 0.9509 0.2938 -0.0974
vn 0.8944 0.2508 -0.3705
vn 0.9936 0.0577 -0.0974
vn 0.9785 -0.1818 -0.0974
vn 0.9174 -0.1456 -0.3705
vn 0.9066 -0.4107 -0.0974
vn 0.8553 -0.3874 -0.3440
vn 0.7819 -0.6157 -0.0974
vn 0.7377 -0.5809 -0.3440
vn 0.6119 -0.7849 -0.0974
vn 0.5773 -0.7405 -0.3440
vn 0.4063 -0.9086 -0.0974
vn 0.3833 -0.8572 -0.3440
vn 0.1770 -0.9794 -0.0974
vn 0.1670 -0.9240 -0.3440
vn -0.0625 -0.9933 -0.0974
vn -0.0590 -0.9371 -0.3441
vn -0.2984 -0.9495 -0.0974
vn -0.2815 -0.8958 -0.3441
vn -0.5170 -0.8505 -0.0974
vn -0.4877 -0.8024 -0.3440
vn -0.7055 -0.7020 -0.0974
vn -0.6698 -0.6519 -0.3555
vn -0.8530 -0.5128 -0.0974
vn -0.9509 -0.2938 -0.0974
vn -0.8899 -0.2858 -0.3555
vn -0.9936 -0.0577 -0.0974
vn -0.9374 -0.0544 -0.3440
vn -0.9785 0.1818 -0.0974
vn -0.9119 0.1885 -0.3645
vn -0.9066 0.4107 -0.0974
vn -0.7819 0.6157 -0.0974
vn -0.7431 0.5612 -0.3645
vn -0.6119 0.7849 -0.0974
vn -0.5773 0.7405 -0.3441
vn -0.4063 0.9086 -0.0974
vn -0.3833 0.8572 -0.3440
vn -0.1770 0.9794 -0.0974
vn -0.1670 0.9240 -0.3440
vn 0.0625 0.9933 -0.0974
vn 0.0590 0.9371 -0.3440
vn 0.4900 0.7945 0.3587
vn 0.5321 0.8280 0.1767
vn 0.4877 0.8024 -0.3441
vn 0.5169 0.8505 -0.0974
vn 0.2984 0.9495 -0.0974
vn 0.2815 0.8958 -0.3441
vn -0.5193 -0.8543 0.0208
vn -0.7087 -0.7052 0.0208
vn 0.0628 0.9980 -0.0000
vn 0.2998 0.9540 -0.0000
vn -0.1770 0.9794 0.0974
vn -0.1658 0.9237 0.3453
vn -0.1779 0.9841 -0.0000
vn -0.4062 0.9086 0.0974
vn -0.3833 0.8572 0.3440
vn -0.4082 0.9129 -0.0000
vn -0.6119 0.7849 0.0974
vn -0.5773 0.7405 0.3441
vn -0.6148 0.7887 -0.0000
vn -0.7820 0.6157 0.0974
vn -0.7377 0.5809 0.3440
vn -0.7857 0.6186 -0.0000
vn -0.9066 0.4107 0.0974
vn -0.8553 0.3874 0.3440
vn -0.9109 0.4126 -0.0000
vn -0.9785 0.1818 0.0974
vn -0.9232 0.1715 0.3440
vn -0.9832 0.1827 -0.0000
vn -0.9936 -0.0577 0.0974
vn -0.9374 -0.0544 0.3440
vn -0.9983 -0.0579 -0.0000
vn -0.9509 -0.2938 0.0974
vn -0.8971 -0.2772 0.3440
vn -0.9554 -0.2952 -0.0000
vn -0.8530 -0.5128 0.0974
vn -0.8047 -0.4838 0.3440
vn -0.8570 -0.5153 -0.0000
vn -0.7055 -0.7020 0.0974
vn -0.6486 -0.6693 0.3625
vn -0.7088 -0.7054 -0.0000
vn -0.5170 -0.8505 0.0974
vn -0.5194 -0.8545 -0.0000
vn -0.2984 -0.9495 0.0974
vn -0.2955 -0.8839 0.3625
vn -0.2998 -0.9540 -0.0000
vn -0.0625 -0.9933 0.0974
vn -0.0602 -0.9375 0.3427
vn -0.0628 -0.9980 -0.0000
vn 0.1770 -0.9794 0.0974
vn 0.1672 -0.9248 0.3416
vn 0.1779 -0.9841 -0.0000
vn 0.4411 -0.8866 0.1391
vn 0.4217 -0.8401 0.3413
vn 0.4082 -0.9129 -0.0000
vn 0.6051 -0.7756 0.1798
vn 0.5777 -0.7329 0.3592
vn 0.6148 -0.7887 -0.0000
vn 0.7507 -0.6454 0.1411
vn 0.7052 -0.6084 0.3641
vn 0.7857 -0.6186 -0.0000
vn 0.9067 -0.4104 0.0977
vn 0.9054 -0.4132 0.0977
vn 0.9109 -0.4126 -0.0000
vn 0.9799 -0.1448 0.1373
vn 0.9255 -0.1300 0.3558
vn 0.9832 -0.1826 -0.0000
vn 0.9751 0.0900 0.2029
vn 0.9247 0.0792 0.3723
vn 0.9983 0.0579 -0.0000
vn 0.9465 0.2544 0.1983
vn 0.9035 0.2436 0.3526
vn 0.9554 0.2952 -0.0000
vn 0.8510 0.5022 0.1534
vn 0.8154 0.4718 0.3355
vn 0.8570 0.5153 -0.0000
vn 0.6779 0.7144 0.1734
vn 0.6492 0.6781 0.3447
vn 0.7088 0.7054 -0.0000
vn 0.5194 0.8545 -0.0000
vn 0.5193 0.8543 0.0208
vn 0.7037 0.7101 0.0220
vn 0.7102 0.7036 0.0221
vn 0.4232 0.6963 -0.5797
vn 0.2443 0.7773 -0.5797
vn 0.2689 0.7529 0.6007
vn 0.4327 0.7319 0.5264
vn 0.5776 0.5748 -0.5797
vn 0.5905 0.6321 0.5018
vn 0.6983 0.4198 -0.5797
vn 0.7388 0.4189 0.5279
vn 0.7563 0.1978 -0.6236
vn 0.8398 0.2079 0.5015
vn 0.7476 0.0434 -0.6628
vn 0.8502 0.0598 0.5230
vn 0.7741 -0.1089 -0.6236
vn 0.7999 -0.1014 0.5915
vn 0.7422 -0.3362 -0.5797
vn 0.7195 -0.3013 0.6257
vn 0.7169 -0.3071 0.6259
vn 0.6402 -0.5041 -0.5797
vn 0.6154 -0.5238 0.5890
vn 0.5010 -0.6426 -0.5797
vn 0.5395 -0.6576 0.5258
vn 0.3326 -0.7439 -0.5797
vn 0.3825 -0.7465 0.5445
vn 0.1449 -0.8018 -0.5797
vn 0.1455 -0.8048 0.5754
vn -0.0512 -0.8132 -0.5797
vn -0.0532 -0.8148 0.5772
vn -0.2443 -0.7773 -0.5797
vn -0.2606 -0.7474 0.6112
vn -0.4232 -0.6963 -0.5797
vn -0.4000 -0.6580 0.6380
vn -0.5781 -0.5533 -0.5997
vn -0.5435 -0.5754 0.6112
vn -0.6751 -0.4059 -0.6161
vn -0.6983 -0.4198 0.5797
vn -0.7598 -0.2510 -0.5997
vn -0.7785 -0.2405 0.5797
vn -0.8135 -0.0472 -0.5797
vn -0.8135 -0.0472 0.5797
vn -0.7668 0.1788 -0.6165
vn -0.8011 0.1488 0.5797
vn -0.6967 0.3156 -0.6442
vn -0.6966 0.3158 -0.6442
vn -0.7422 0.3362 0.5797
vn -0.6400 0.4587 -0.6165
vn -0.6402 0.5041 0.5797
vn -0.5009 0.6426 -0.5797
vn -0.5010 0.6426 0.5797
vn -0.3326 0.7438 -0.5797
vn -0.3326 0.7438 0.5797
vn -0.1449 0.8018 -0.5797
vn -0.1428 0.8005 0.5820
vn 0.0512 0.8132 -0.5797
vn 0.0776 0.7913 0.6065
vn 0.0627 0.9959 -0.0655
vn 0.2992 0.9519 -0.0655
vn 0.0627 0.9959 0.0655
vn 0.2992 0.9519 0.0655
vn -0.1775 0.9819 -0.0655
vn -0.1775 0.9819 0.0655
vn -0.4073 0.9109 -0.0655
vn -0.4073 0.9109 0.0655
vn -0.6135 0.7870 -0.0655
vn -0.6135 0.7870 0.0655
vn -0.7840 0.6173 -0.0655
vn -0.7840 0.6173 0.0655
vn -0.9089 0.4117 -0.0655
vn -0.9089 0.4117 0.0655
vn -0.9811 0.1823 -0.0655
vn -0.9811 0.1822 -0.0655
vn -0.9811 0.1823 0.0655
vn -0.9962 -0.0578 -0.0655
vn -0.9962 -0.0578 0.0655
vn -0.9534 -0.2945 -0.0655
vn -0.9534 -0.2945 0.0655
vn -0.8552 -0.5142 -0.0655
vn -0.8552 -0.5142 0.0655
vn -0.7073 -0.7039 -0.0655
vn -0.7073 -0.7039 0.0655
vn -0.5183 -0.8527 -0.0655
vn -0.5183 -0.8527 0.0655
vn -0.2992 -0.9519 -0.0655
vn -0.2992 -0.9519 0.0655
vn -0.0627 -0.9959 -0.0655
vn -0.0627 -0.9959 0.0655
vn 0.1775 -0.9819 -0.0655
vn 0.1775 -0.9819 0.0655
vn 0.4073 -0.9109 -0.0655
vn 0.4073 -0.9109 0.0655
vn 0.6135 -0.7870 -0.0655
vn 0.6135 -0.7870 0.0655
vn 0.7840 -0.6173 -0.0655
vn 0.7840 -0.6173 0.0655
vn 0.9089 -0.4117 -0.0655
vn 0.9089 -0.4117 0.0655
vn 0.9811 -0.1823 -0.0655
vn 0.9811 -0.1823 0.0655
vn 0.9962 0.0578 -0.0655
vn 0.9962 0.0578 0.0655
vn 0.9534 0.2945 -0.0655
vn 0.9534 0.2945 0.0655
vn 0.8552 0.5142 -0.0655
vn 0.8552 0.5142 0.0655
vn 0.7073 0.7039 -0.0655
vn 0.7073 0.7039 0.0655
vn 0.5183 0.8527 -0.0655
vn 0.5183 0.8527 0.0655
vn -0.0123 0.0140 0.9998
vn -0.1484 0.0698 0.9865
vn -0.1480 0.0697 0.9865
vn -0.0112 0.0136 0.9998
vn -0.0152 0.0052 0.9999
vn -0.0137 0.0042 0.9999
vn 0.0399 -0.0343 0.9986
vn 0.0311 -0.1727 -0.9845
vn 0.0314 -0.1746 -0.9841
vn 0.0062 -0.0521 0.9986
vn 0.0073 -0.0509 0.9987
vn 0.0615 -0.3416 -0.9378
vn -0.0269 -0.1025 0.9944
vn -0.0266 -0.1017 0.9945
vn 0.0109 0.1752 -0.9845
vn 0.0216 0.3464 -0.9378
vn 0.0110 0.1770 -0.9841
vn -0.0136 0.0025 0.9999
vn -0.0133 0.0039 0.9999
vn -0.0190 0.0550 0.9983
vn -0.0186 0.0560 0.9983
vn 0.0102 0.0233 0.9997
vn 0.0107 0.0237 0.9997
vn 0.0384 0.0369 0.9986
vn 0.0378 0.0362 0.9986
vn -0.0463 0.0731 0.9962
vn -0.0463 0.0732 0.9962
vn -0.0280 0.1548 0.9875
vn 0.0219 0.0839 0.9962
vn 0.0219 0.0840 0.9962
vn -0.1178 0.0534 0.9916
vn -0.1186 0.0538 0.9915
vn -0.0166 -0.0273 0.9995
vn -0.0516 0.0662 -0.9965
vn -0.0518 0.0664 -0.9964
vn 0.1017 -0.0800 0.9916
vn 0.1023 -0.0805 0.9915
vn -0.0175 -0.0105 -0.9998
vn 0.0343 -0.0766 -0.9965
vn 0.0344 -0.0769 -0.9964
vn 0.0205 0.0652 -0.9977
vn 0.0189 0.0601 -0.9980
vn -0.0156 0.0048 -0.9999
vn -0.0366 -0.0602 -0.9975
vn -0.0338 -0.0556 -0.9979
vn 0.0162 -0.0114 0.9998
vn 0.1124 -0.0416 0.9928
vn 0.1121 -0.0415 0.9928
vn 0.0043 -0.0010 1.0000
vn 0.0039 0.0001 -1.0000
vn 0.7166 0.6971 -0.0225
vn 0.5193 0.8543 -0.0245
vn 0.7060 0.7079 -0.0227
vn -0.7100 -0.7040 -0.0172
vn -0.5310 -0.8471 -0.0213
vn -0.5108 -0.8594 -0.0221
vn -0.7078 -0.7062 -0.0172
vn 0.8568 0.5151 0.0235
vn -0.8569 -0.5151 0.0208
vn 0.8569 0.5151 -0.0208
vn -0.8548 -0.5186 -0.0181
vn -0.8587 -0.5122 -0.0182
vn 0.9572 0.2884 0.0220
vn 0.9546 0.2972 0.0221
vn -0.9502 -0.3106 0.0241
vn -0.9580 -0.2856 0.0249
vn 0.9552 0.2951 -0.0208
vn -0.9537 -0.3001 -0.0212
vn -0.9565 -0.2909 -0.0214
vn 0.9981 0.0579 0.0208
vn -0.9979 -0.0579 0.0284
vn 0.9981 0.0579 -0.0208
vn -0.9975 -0.0661 -0.0255
vn -0.9984 -0.0510 -0.0259
vn 0.9715 -0.2220 0.0825
vn 0.9691 -0.2313 0.0861
vn -0.9798 0.1986 0.0241
vn -0.9846 0.1729 0.0249
vn 0.9830 -0.1826 -0.0208
vn -0.9828 0.1826 -0.0284
vn 0.9007 -0.4088 0.1470
vn 0.9011 -0.4079 0.1470
vn -0.9107 0.4125 0.0208
vn 0.9107 -0.4125 -0.0208
vn -0.9062 0.4207 -0.0421
vn -0.9109 0.4107 -0.0409
vn 0.8074 -0.5843 0.0820
vn 0.8129 -0.5761 0.0857
vn -0.7855 0.6185 0.0208
vn 0.7855 -0.6185 -0.0208
vn -0.7961 0.6019 -0.0633
vn -0.7794 0.6231 -0.0659
vn 0.6147 -0.7885 0.0207
vn -0.6147 0.7885 0.0208
vn 0.6147 -0.7885 -0.0207
vn -0.6194 0.7837 -0.0469
vn -0.6231 0.7807 -0.0478
vn 0.4081 -0.9127 0.0208
vn -0.4081 0.9127 0.0208
vn 0.4081 -0.9127 -0.0208
vn -0.4125 0.9107 -0.0218
vn -0.4070 0.9132 -0.0218
vn 0.1778 -0.9838 0.0208
vn -0.1778 0.9838 0.0208
vn 0.1795 -0.9835 -0.0213
vn 0.1766 -0.9840 -0.0213
vn -0.1778 0.9838 -0.0227
vn -0.0628 -0.9978 0.0208
vn 0.0628 0.9978 0.0208
vn -0.0531 -0.9983 -0.0243
vn -0.0694 -0.9973 -0.0247
vn 0.0680 0.9975 -0.0217
vn 0.0615 0.9979 -0.0218
vn -0.2998 -0.9538 0.0208
vn 0.2998 0.9538 0.0208
vn -0.3011 -0.9532 -0.0265
vn -0.2983 -0.9541 -0.0265
vn 0.2889 0.9571 -0.0224
vn 0.3033 0.9526 -0.0227
vn -0.8020 -0.0593 -0.5944
vn -0.7744 -0.3263 -0.5421
vn -0.8868 -0.3188 -0.3345
vn -0.9297 -0.0822 -0.3591
vn -0.9181 0.3884 0.0795
vn -0.9859 0.1447 0.0843
vn -0.9370 0.1424 0.3191
vn -0.8719 0.3862 0.3011
vn -0.8333 0.1374 0.5355
vn -0.7510 0.4068 0.5201
vn -0.6809 0.1301 0.7207
vn -0.4888 0.1209 0.8640
vn -0.4638 0.3931 0.7940
vn -0.2679 0.1103 0.9571
vn -0.2407 0.3560 0.9030
vn -0.0312 0.0990 0.9946
vn -0.0174 0.3453 0.9383
vn 0.2076 0.0876 0.9743
vn 0.2079 0.3345 0.9192
vn 0.4346 0.0767 0.8973
vn 0.4221 0.3242 0.8466
vn 0.6366 0.0670 0.7683
vn 0.6127 0.3151 0.7248
vn 0.8019 0.0591 0.5945
vn 0.7686 0.3076 0.5609
vn 0.9209 0.0534 0.3862
vn 0.8808 0.3023 0.3644
vn 0.9866 0.0503 0.1555
vn 0.9428 0.2993 0.1467
vn 0.9952 0.0499 -0.0843
vn 0.9463 0.3106 -0.0895
vn 0.9463 0.0522 -0.3192
vn 0.8426 0.0572 -0.5355
vn 0.8095 0.3172 -0.4941
vn 0.6903 0.0645 -0.7207
vn 0.6633 0.3127 -0.6799
vn 0.4981 0.0737 -0.8640
vn 0.4627 0.3428 -0.8176
vn 0.2772 0.0842 -0.9571
vn 0.0405 0.0956 -0.9946
vn 0.0697 0.3616 -0.9297
vn -0.1983 0.1070 -0.9743
vn -0.1750 0.3528 -0.9192
vn -0.4253 0.1179 -0.8973
vn -0.3892 0.3631 -0.8466
vn -0.6273 0.1275 -0.7683
vn -0.5798 0.3722 -0.7248
vn -0.7926 0.1354 -0.5945
vn -0.7357 0.3797 -0.5609
vn -0.9390 -0.3141 -0.1398
vn -0.9831 -0.1298 -0.1294
vn -0.9099 0.3880 -0.1467
vn -0.9772 0.1443 -0.1555
vn -0.9115 0.1411 -0.3862
vn -0.8479 0.3850 -0.3644
vn 0.9854 -0.0680 0.1562
vn 0.9941 -0.0684 -0.0847
vn -0.8011 0.0383 -0.5974
vn -0.9206 0.0441 -0.3881
vn -0.6366 -0.0670 -0.7683
vn -0.6133 -0.3164 -0.7237
vn -0.6350 0.0304 -0.7719
vn -0.4346 -0.0767 -0.8973
vn -0.4221 -0.3242 -0.8466
vn -0.4320 0.0207 -0.9016
vn -0.2076 -0.0876 -0.9743
vn -0.2079 -0.3345 -0.9192
vn -0.2039 0.0098 -0.9789
vn 0.0312 -0.0990 -0.9946
vn 0.0174 -0.3453 -0.9383
vn 0.0360 -0.0017 -0.9994
vn 0.2679 -0.1103 -0.9571
vn 0.2407 -0.3560 -0.9030
vn 0.2738 -0.0131 -0.9617
vn 0.4888 -0.1209 -0.8640
vn 0.4490 -0.3659 -0.8151
vn -0.0479 -0.9989 -0.0000
vn 0.4958 -0.0237 -0.8681
vn 0.6809 -0.1301 -0.7207
vn 0.6304 -0.3746 -0.6799
vn 0.6889 -0.0330 -0.7241
vn 0.8333 -0.1374 -0.5355
vn 0.7741 -0.3815 -0.5052
vn 0.8420 -0.0403 -0.5380
vn 0.9370 -0.1424 -0.3192
vn 0.8719 -0.3862 -0.3011
vn 0.9461 -0.0453 -0.3207
vn 0.9859 -0.1447 -0.0843
vn 0.9115 -0.4065 -0.0621
vn 0.9953 -0.0476 -0.0847
vn 0.9772 -0.1443 0.1555
vn 0.9866 -0.0472 0.1562
vn 0.9115 -0.1411 0.3862
vn 0.8470 -0.4035 0.3460
vn 0.9206 -0.0441 0.3881
vn 0.7926 -0.1354 0.5945
vn 0.7369 -0.3784 0.5602
vn 0.0479 0.9989 -0.0000
vn 0.8011 -0.0383 0.5974
vn 0.6273 -0.1275 0.7683
vn 0.5804 -0.3698 0.7255
vn 0.6350 -0.0304 0.7719
vn 0.3841 -0.1576 0.9097
vn 0.3515 -0.3585 0.8648
vn 0.4320 -0.0207 0.9016
vn 0.1916 -0.1892 0.9631
vn 0.1682 -0.3677 0.9146
vn 0.2039 -0.0098 0.9789
vn 0.0003 -0.1413 0.9900
vn -0.0092 -0.3641 0.9313
vn -0.0360 0.0017 0.9994
vn -0.2775 -0.0845 0.9570
vn -0.2745 -0.0846 0.9579
vn -0.2738 0.0131 0.9617
vn -0.5261 -0.1107 0.8432
vn -0.5159 -0.3312 0.7900
vn -0.4958 0.0237 0.8681
vn -0.7094 -0.1697 0.6841
vn -0.6758 -0.3406 0.6537
vn -0.6889 0.0330 0.7241
vn -0.8165 -0.1595 0.5548
vn -0.7862 -0.3158 0.5313
vn -0.8420 0.0403 0.5380
vn -0.9396 -0.1086 0.3245
vn -0.9021 -0.2927 0.3169
vn -0.9461 0.0453 0.3207
vn -0.9905 -0.1261 0.0553
vn -0.9524 -0.2995 0.0568
vn -0.9953 0.0476 0.0847
vn -0.0388 -0.9968 -0.0700
vn -0.0388 -0.9968 -0.0698
vn -0.9866 0.0472 -0.1562
vn -0.9874 0.0264 -0.1562
vn -0.9966 0.0256 0.0777
vn -0.9959 0.0255 0.0868
vn -0.7762 0.6175 -0.1273
vn -0.7224 0.6149 -0.3162
vn -0.7761 -0.5642 -0.2817
vn -0.8623 -0.4857 -0.1432
vn -0.7833 0.6179 0.0690
vn -0.8870 -0.4599 0.0418
vn -0.7432 0.6159 0.2613
vn -0.8216 -0.4892 0.2928
vn -0.6093 0.6535 0.4491
vn -0.7247 -0.4674 0.5062
vn -0.4842 0.6867 0.5422
vn -0.6196 -0.4940 0.6100
vn -0.3871 0.6428 0.6610
vn -0.4676 -0.5698 0.6758
vn -0.1954 0.5897 0.7836
vn -0.2650 -0.6137 0.7437
vn -0.2589 -0.6142 0.7455
vn -0.0016 0.5804 0.8143
vn -0.0265 -0.5884 0.8081
vn 0.1939 0.5711 0.7977
vn 0.1275 -0.5326 0.8367
vn 0.3797 0.5622 0.7347
vn 0.2958 -0.5593 0.7744
vn 0.5451 0.5543 0.6290
vn 0.4918 -0.5996 0.6313
vn 0.6804 0.5478 0.4867
vn 0.6277 -0.6079 0.4862
vn 0.7778 0.5431 0.3162
vn 0.7086 -0.6458 0.2844
vn 0.8316 0.5406 0.1273
vn 0.7292 -0.6736 0.1203
vn 0.8236 0.5610 -0.0833
vn 0.7602 -0.6483 -0.0425
vn 0.7747 0.5797 -0.2526
vn 0.7432 -0.6159 -0.2613
vn 0.7107 0.5664 -0.4173
vn 0.6583 -0.6119 -0.4384
vn 0.5890 0.5522 -0.5900
vn 0.5336 -0.6059 -0.5900
vn 0.3884 0.5987 -0.7005
vn 0.3762 -0.5984 -0.7074
vn 0.2403 0.6334 -0.7355
vn 0.2401 0.6335 -0.7356
vn 0.1954 -0.5897 -0.7836
vn 0.0932 0.6127 -0.7848
vn 0.0016 -0.5805 -0.8143
vn -0.1385 0.5870 -0.7977
vn -0.1939 -0.5711 -0.7977
vn -0.3243 0.5959 -0.7347
vn -0.3797 -0.5622 -0.7347
vn -0.4897 0.6038 -0.6290
vn -0.5456 -0.5566 -0.6265
vn -0.6250 0.6103 -0.4867
vn -0.6821 -0.5745 -0.4525
vn -0.7962 0.1037 -0.5961
vn -0.9155 0.1094 -0.3872
vn -0.8025 -0.0271 -0.5961
vn -0.9217 -0.0214 -0.3872
vn -0.6305 0.0957 -0.7703
vn -0.6368 -0.0351 -0.7703
vn -0.4280 0.0860 -0.8997
vn -0.4342 -0.0448 -0.8997
vn -0.2004 0.0751 -0.9768
vn -0.2066 -0.0557 -0.9768
vn 0.0391 0.0637 -0.9972
vn 0.0328 -0.0671 -0.9972
vn 0.2764 0.0523 -0.9596
vn 0.2701 -0.0785 -0.9596
vn 0.4978 0.0417 -0.8663
vn 0.4916 -0.0891 -0.8663
vn 0.6905 0.0325 -0.7226
vn 0.6843 -0.0983 -0.7226
vn 0.8433 0.0252 -0.5369
vn 0.8370 -0.1056 -0.5369
vn 0.9472 0.0202 -0.3200
vn 0.9409 -0.1106 -0.3200
vn 0.9963 0.0179 -0.0845
vn 0.9900 -0.1129 -0.0845
vn 0.9876 0.0183 0.1559
vn 0.9813 -0.1125 0.1559
vn 0.9217 0.0214 0.3872
vn 0.9155 -0.1094 0.3872
vn 0.8025 0.0271 0.5961
vn 0.7962 -0.1037 0.5961
vn 0.6368 0.0351 0.7703
vn 0.6305 -0.0957 0.7703
vn 0.4342 0.0448 0.8997
vn 0.4280 -0.0860 0.8997
vn 0.2066 0.0557 0.9768
vn 0.2004 -0.0751 0.9768
vn -0.0328 0.0671 0.9972
vn -0.0391 -0.0637 0.9972
vn -0.2701 0.0785 0.9596
vn -0.2764 -0.0523 0.9596
vn -0.4916 0.0891 0.8663
vn -0.5012 -0.0444 0.8642
vn -0.5048 -0.0443 0.8621
vn -0.6843 0.0983 0.7226
vn -0.6906 -0.0375 0.7223
vn -0.6915 -0.0375 0.7214
vn -0.8370 0.1056 0.5369
vn -0.8416 -0.0276 0.5394
vn -0.8393 -0.0278 0.5430
vn -0.9409 0.1106 0.3200
vn -0.9472 -0.0202 0.3200
vn -0.9900 0.1129 0.0845
vn -0.9963 -0.0179 0.0845
vn -0.9813 0.1125 -0.1559
vn -0.9876 -0.0183 -0.1559
vn -0.0478 -0.9989 0.0001
vn 0.0210 -0.9997 -0.0125
vn 0.0201 -0.9997 -0.0123
vn 0.0305 -0.9962 -0.0818
vn 0.0290 -0.9961 -0.0833
vn -0.0506 -0.9986 -0.0184
vn -0.0045 -0.9874 -0.1583
vn -0.0047 -0.9874 -0.1579
vn -0.0510 -0.9985 -0.0173
vn -0.0420 -0.9990 -0.0150
vn -0.0421 -0.9990 -0.0132
vn -0.0474 -0.9975 0.0526
vn 0.1586 0.9780 0.1354
vn 0.1598 0.9776 0.1368
vn -0.0120 -0.9992 0.0384
vn -0.0137 -0.9992 0.0384
vn 0.2654 0.9262 0.2678
vn 0.0479 -0.9978 0.0457
vn 0.0471 -0.9979 0.0454
vn -0.0935 0.9901 -0.1049
vn -0.2331 0.9501 -0.2075
vn -0.0950 0.9898 -0.1060
vn -0.0410 -0.9991 -0.0120
vn -0.0422 -0.9990 -0.0127
vn -0.0774 -0.9957 -0.0500
vn -0.0784 -0.9957 -0.0504
vn -0.0721 -0.9974 -0.0073
vn -0.0728 -0.9973 -0.0071
vn -0.1007 -0.9949 0.0055
vn -0.0997 -0.9950 0.0054
vn -0.0734 -0.9939 -0.0826
vn -0.0734 -0.9939 -0.0827
vn -0.1471 -0.9816 -0.1215
vn -0.1257 -0.9914 -0.0376
vn -0.1258 -0.9913 -0.0376
vn -0.0120 -0.9922 -0.1244
vn -0.0118 -0.9921 -0.1252
vn -0.0162 -0.9999 0.0050
vn 0.0305 0.9962 -0.0822
vn 0.0305 0.9961 -0.0824
vn -0.0521 -0.9902 0.1293
vn -0.0522 -0.9901 0.1301
vn 0.0671 0.9977 -0.0065
vn 0.0839 0.9936 0.0757
vn 0.0840 0.9936 0.0759
vn -0.0152 0.9995 -0.0265
vn -0.0103 0.9996 -0.0244
vn 0.0542 0.9984 -0.0150
vn 0.1172 0.9930 0.0111
vn 0.1119 0.9937 0.0102
vn -0.0496 -0.9986 0.0197
vn -0.0884 -0.9897 0.1126
vn -0.0883 -0.9897 0.1124
vn -0.0499 -0.9987 0.0039
vn 0.0452 0.9990 0.0029
vn -0.9929 0.0700 0.0959
vn -0.9851 0.0717 -0.1562
vn -0.9942 0.0703 0.0809
vn 0.9958 -0.0304 -0.0864
vn 0.9894 -0.0260 0.1426
vn 0.9858 -0.0250 0.1660
vn 0.9960 -0.0304 -0.0834
vn -0.9470 0.0219 0.3206
vn 0.9449 -0.0660 -0.3206
vn -0.9449 0.0660 0.3206
vn 0.9481 -0.0273 -0.3169
vn 0.9457 -0.0271 -0.3239
vn -0.8390 0.0181 0.5438
vn -0.8440 0.0183 0.5361
vn 0.8492 -0.0647 -0.5241
vn 0.8352 -0.0649 -0.5462
vn -0.8408 0.0610 0.5379
vn 0.8456 -0.0192 -0.5335
vn 0.8404 -0.0188 -0.5416
vn -0.6897 0.0122 0.7240
vn 0.6872 -0.0613 -0.7238
vn -0.6877 0.0537 0.7240
vn 0.6958 -0.0077 -0.7182
vn 0.6848 -0.0069 -0.7287
vn -0.4622 -0.0604 0.8847
vn -0.4537 -0.0645 0.8888
vn 0.4803 -0.0471 -0.8758
vn 0.5030 -0.0490 -0.8629
vn -0.4947 0.0445 0.8679
vn 0.4969 0.0046 -0.8678
vn -0.2772 -0.1339 0.9514
vn -0.2781 -0.1339 0.9512
vn 0.2728 -0.0339 -0.9615
vn -0.2728 0.0338 0.9615
vn 0.2667 0.0293 -0.9633
vn 0.2773 0.0276 -0.9604
vn -0.0801 -0.0783 0.9937
vn -0.0900 -0.0816 0.9926
vn 0.0350 -0.0225 -0.9991
vn -0.0350 0.0225 0.9991
vn 0.0585 0.0606 -0.9964
vn 0.0317 0.0644 -0.9974
vn 0.2029 -0.0305 0.9787
vn -0.2049 -0.0110 -0.9787
vn 0.2049 0.0110 0.9787
vn -0.1949 0.0563 -0.9792
vn -0.1901 0.0570 -0.9801
vn 0.4309 -0.0414 0.9014
vn -0.4329 -0.0000 -0.9014
vn 0.4329 0.0001 0.9014
vn -0.4265 0.0422 -0.9035
vn -0.4320 0.0425 -0.9009
vn 0.6339 -0.0512 0.7718
vn -0.6358 0.0097 -0.7718
vn 0.6346 -0.0091 0.7728
vn 0.6368 -0.0092 0.7710
vn -0.6337 0.0531 -0.7717
vn 0.7999 -0.0591 0.5972
vn -0.8019 0.0176 -0.5972
vn 0.7961 -0.0138 0.6050
vn 0.8059 -0.0139 0.5919
vn -0.8029 0.0602 -0.5931
vn -0.7991 0.0600 -0.5982
vn 0.9194 -0.0648 0.3880
vn -0.9214 0.0233 -0.3880
vn 0.9221 -0.0176 0.3866
vn 0.9209 -0.0175 0.3893
vn -0.9148 0.0663 -0.3984
vn -0.9207 0.0668 -0.3845
vn -0.2070 0.8504 0.4837
vn -0.4621 0.7530 0.4685
vn -0.4419 0.6114 0.6564
vn -0.2152 0.6854 0.6957
vn 0.3018 0.3528 0.8857
vn 0.0547 0.3401 0.9388
vn 0.0844 0.1077 0.9906
vn 0.3298 0.1336 0.9346
vn 0.1148 -0.1302 0.9848
vn 0.3875 -0.1100 0.9153
vn 0.1442 -0.3599 0.9218
vn 0.1707 -0.5679 0.8052
vn 0.4341 -0.4748 0.7656
vn 0.1930 -0.7422 0.6418
vn 0.4322 -0.6682 0.6055
vn 0.2097 -0.8726 0.4412
vn 0.4479 -0.7913 0.4162
vn 0.2198 -0.9516 0.2148
vn 0.4575 -0.8658 0.2027
vn 0.2227 -0.9746 -0.0240
vn 0.4602 -0.8875 -0.0226
vn 0.2183 -0.9402 -0.2614
vn 0.4561 -0.8551 -0.2466
vn 0.2068 -0.8505 -0.4836
vn 0.4453 -0.7704 -0.4563
vn 0.1890 -0.7106 -0.6777
vn 0.4284 -0.6385 -0.6394
vn 0.1657 -0.5287 -0.8324
vn 0.4065 -0.4669 -0.7854
vn 0.1385 -0.3154 -0.9388
vn 0.3907 -0.2530 -0.8851
vn 0.1088 -0.0830 -0.9906
vn 0.0784 0.1549 -0.9848
vn 0.3368 0.1687 -0.9263
vn 0.0491 0.3846 -0.9218
vn 0.2964 0.3948 -0.8697
vn 0.0225 0.5926 -0.8052
vn 0.2903 0.6040 -0.7422
vn 0.0002 0.7668 -0.6418
vn -0.0165 0.8973 -0.4411
vn 0.2568 0.8658 -0.4295
vn -0.0266 0.9763 -0.2148
vn 0.2251 0.9530 -0.2027
vn -0.0295 0.9993 0.0240
vn 0.2223 0.9747 0.0226
vn -0.0251 0.9649 0.2614
vn 0.2265 0.9423 0.2466
vn -0.0136 0.8752 0.4836
vn 0.2373 0.8576 0.4563
vn -0.4200 0.4570 0.7841
vn -0.2410 0.4921 0.8365
vn 0.2761 0.5541 0.7854
vn 0.0275 0.5534 0.8325
vn 0.0042 0.7353 0.6777
vn 0.2541 0.7257 0.6394
vn 0.0488 -0.5462 -0.8363
vn 0.0215 -0.3319 -0.9431
vn -0.9919 -0.1267 -0.0000
vn -0.1108 0.8670 0.4859
vn -0.0928 0.7264 0.6810
vn -0.9919 -0.1268 -0.0000
vn -0.2183 0.9402 0.2614
vn -0.4573 0.8542 0.2476
vn 0.9919 0.1268 -0.0000
vn -0.1223 0.9571 0.2626
vn -0.2227 0.9746 0.0240
vn -0.4602 0.8875 0.0226
vn -0.1267 0.9916 0.0241
vn -0.2198 0.9516 -0.2148
vn -0.4575 0.8658 -0.2027
vn 0.9919 0.1267 -0.0000
vn -0.1237 0.9686 -0.2159
vn -0.2097 0.8726 -0.4412
vn -0.4479 0.7913 -0.4162
vn -0.1136 0.8892 -0.4433
vn -0.1930 0.7422 -0.6418
vn -0.4322 0.6682 -0.6055
vn -0.0969 0.7581 -0.6449
vn -0.1707 0.5679 -0.8052
vn -0.4112 0.5038 -0.7597
vn -0.0745 0.5830 -0.8091
vn -0.1442 0.3599 -0.9218
vn -0.3861 0.3076 -0.8697
vn -0.0478 0.3740 -0.9262
vn -0.1148 0.1302 -0.9848
vn -0.3585 0.0909 -0.9291
vn -0.0183 0.1432 -0.9895
vn -0.0844 -0.1077 -0.9906
vn -0.3298 -0.1336 -0.9346
vn 0.0122 -0.0958 -0.9953
vn -0.0547 -0.3401 -0.9388
vn -0.3184 -0.3686 -0.8734
vn 0.0421 -0.3293 -0.9433
vn -0.9919 -0.1268 -0.0001
vn -0.0275 -0.5534 -0.8325
vn 0.9919 0.1266 -0.0001
vn 0.0695 -0.5437 -0.8364
vn -0.0042 -0.7353 -0.6777
vn -0.2746 -0.7114 -0.6469
vn 0.0928 -0.7264 -0.6810
vn 0.0136 -0.8752 -0.4836
vn -0.2360 -0.8573 -0.4576
vn 0.1108 -0.8670 -0.4859
vn 0.0251 -0.9649 -0.2614
vn -0.2240 -0.9428 -0.2468
vn 0.1223 -0.9571 -0.2626
vn -0.0125 -0.9998 0.0169
vn -0.2195 -0.9754 0.0194
vn 0.1267 -0.9916 -0.0241
vn 0.9919 0.1267 -0.0001
vn -0.0566 -0.9755 0.2128
vn -0.2410 -0.9483 0.2064
vn 0.1237 -0.9686 0.2159
vn -0.0252 -0.9161 0.4001
vn -0.2531 -0.8918 0.3750
vn 0.1136 -0.8892 0.4433
vn -0.0005 -0.7667 0.6420
vn -0.0003 -0.7686 0.6397
vn 0.0969 -0.7581 0.6449
vn -0.9919 -0.1267 0.0001
vn -0.0662 -0.5651 0.8223
vn -0.2876 -0.5563 0.7796
vn 0.9919 0.1267 0.0001
vn 0.0745 -0.5830 0.8091
vn -0.1584 -0.3611 0.9190
vn -0.3280 -0.3707 0.8689
vn 0.0478 -0.3740 0.9262
vn -0.1742 -0.2011 0.9640
vn -0.3283 -0.2120 0.9205
vn 0.0183 -0.1433 0.9895
vn -0.1633 0.0672 0.9843
vn -0.3424 0.0322 0.9390
vn -0.0122 0.0958 0.9953
vn -0.2167 0.3286 0.9193
vn -0.3841 0.2866 0.8777
vn 0.9919 0.1267 0.0002
vn -0.0421 0.3293 0.9433
vn -0.0695 0.5437 0.8364
vn -0.0900 0.5409 0.8363
vn -0.0648 0.3329 0.9407
vn -0.0638 0.3243 0.9438
vn 0.5184 0.5164 0.6815
vn 0.4994 0.6654 0.5549
vn -0.6673 0.4834 0.5665
vn -0.5823 0.4042 0.7054
vn 0.5408 0.3418 0.7686
vn -0.5379 0.2505 0.8049
vn 0.5651 0.1515 0.8110
vn -0.5313 -0.0069 0.8471
vn 0.6371 -0.0665 0.7679
vn -0.4755 -0.2357 0.8476
vn 0.6932 -0.1961 0.6936
vn -0.4793 -0.3755 0.7933
vn 0.6732 -0.3488 0.6520
vn -0.5316 -0.5070 0.6785
vn 0.6540 -0.5442 0.5255
vn -0.5470 -0.6561 0.5200
vn -0.5466 -0.6602 0.5151
vn 0.6676 -0.6511 0.3612
vn -0.4908 -0.8062 0.3303
vn 0.6759 -0.7157 0.1759
vn -0.4170 -0.8857 0.2043
vn 0.6783 -0.7346 -0.0196
vn -0.4338 -0.9007 0.0242
vn 0.6747 -0.7064 -0.2140
vn -0.4707 -0.8557 -0.2148
vn 0.6653 -0.6329 -0.3959
vn -0.4823 -0.7802 -0.3985
vn 0.6507 -0.5184 -0.5549
vn -0.5349 -0.6356 -0.5567
vn 0.6316 -0.3695 -0.6815
vn -0.5794 -0.4995 -0.6441
vn 0.6267 -0.1729 -0.7598
vn -0.5700 -0.3609 -0.7381
vn 0.6207 0.0026 -0.7840
vn -0.5651 -0.1515 -0.8110
vn 0.5822 0.1753 -0.7939
vn -0.5899 0.0433 -0.8063
vn 0.5361 0.3782 -0.7547
vn -0.6140 0.2313 -0.7547
vn 0.5494 0.5653 -0.6153
vn -0.6357 0.4016 -0.6592
vn 0.5649 0.6615 -0.4933
vn 0.5649 0.6616 -0.4931
vn -0.6539 0.5443 -0.5255
vn 0.5241 0.7619 -0.3805
vn -0.6676 0.6510 -0.3612
vn 0.4742 0.8627 -0.1759
vn -0.6759 0.7157 -0.1759
vn 0.4718 0.8815 0.0196
vn -0.6783 0.7346 0.0196
vn 0.4754 0.8533 0.2140
vn -0.6767 0.7041 0.2153
vn 0.4848 0.7799 0.3959
vn -0.6879 0.5987 0.4103
vn -0.0456 0.8734 0.4849
vn -0.0277 0.7332 0.6795
vn -0.0277 0.7331 0.6795
vn -0.1755 0.8568 0.4849
vn -0.1575 0.7166 0.6795
vn -0.0571 0.9634 0.2621
vn -0.1870 0.9468 0.2621
vn -0.0615 0.9978 0.0240
vn -0.1914 0.9812 0.0240
vn -0.0585 0.9748 -0.2154
vn -0.1884 0.9582 -0.2154
vn -0.0484 0.8956 -0.4423
vn -0.1783 0.8790 -0.4423
vn -0.0317 0.7648 -0.6435
vn -0.1616 0.7482 -0.6435
vn -0.0094 0.5900 -0.8073
vn -0.1393 0.5734 -0.8073
vn 0.0173 0.3815 -0.9242
vn -0.1126 0.3649 -0.9242
vn 0.0467 0.1512 -0.9874
vn -0.0832 0.1346 -0.9874
vn 0.0772 -0.0873 -0.9932
vn -0.0527 -0.1039 -0.9932
vn 0.1069 -0.3203 -0.9413
vn -0.0230 -0.3369 -0.9413
vn 0.1343 -0.5342 -0.8346
vn 0.0044 -0.5508 -0.8346
vn 0.1576 -0.7166 -0.6795
vn 0.0277 -0.7331 -0.6795
vn 0.0277 -0.7332 -0.6795
vn 0.1755 -0.8568 -0.4849
vn 0.0456 -0.8734 -0.4849
vn 0.1870 -0.9468 -0.2621
vn 0.0571 -0.9634 -0.2621
vn 0.1914 -0.9812 -0.0240
vn 0.0615 -0.9978 -0.0240
vn 0.1884 -0.9582 0.2154
vn 0.0585 -0.9748 0.2154
vn 0.1783 -0.8790 0.4423
vn 0.0484 -0.8956 0.4423
vn 0.1616 -0.7482 0.6435
vn 0.0317 -0.7648 0.6435
vn 0.1393 -0.5734 0.8073
vn 0.0094 -0.5900 0.8073
vn 0.1126 -0.3649 0.9242
vn -0.0173 -0.3815 0.9242
vn 0.0832 -0.1346 0.9874
vn -0.0467 -0.1512 0.9874
vn 0.0527 0.1039 0.9932
vn -0.0772 0.0873 0.9932
vn 0.0230 0.3369 0.9413
vn -0.1069 0.3203 0.9413
vn -0.0044 0.5508 0.8346
vn -0.1343 0.5342 0.8346
vn 0.9919 0.1268 -0.0001
vn -0.9940 -0.1090 -0.0051
vn -0.9946 0.0008 -0.1040
vn -0.9946 0.0005 -0.1037
vn -0.9939 -0.1098 -0.0043
vn -0.9932 -0.1156 -0.0114
vn -0.9931 -0.1171 -0.0106
vn -0.9845 -0.1743 0.0213
vn 0.9980 -0.0432 -0.0462
vn 0.9979 -0.0450 -0.0467
vn -0.9843 -0.1758 -0.0169
vn -0.9844 -0.1752 -0.0153
vn 0.9727 -0.2133 -0.0914
vn -0.9761 -0.2063 -0.0684
vn -0.9763 -0.2057 -0.0677
vn 0.9571 0.2770 0.0852
vn 0.8918 0.4199 0.1685
vn 0.9566 0.2785 0.0861
vn -0.9929 -0.1187 -0.0112
vn -0.9930 -0.1175 -0.0103
vn -0.9976 -0.0692 0.0065
vn -0.9976 -0.0685 0.0073
vn -0.9937 -0.1102 0.0192
vn -0.9937 -0.1101 0.0199
vn -0.9926 -0.1100 0.0506
vn -0.9927 -0.1103 0.0497
vn -0.9991 -0.0410 -0.0103
vn -0.9991 -0.0410 -0.0104
vn -0.9988 0.0254 0.0413
vn -0.9966 -0.0604 0.0558
vn -0.9966 -0.0604 0.0559
vn -0.9961 -0.0276 -0.0834
vn -0.9961 -0.0269 -0.0839
vn -0.9892 -0.1440 -0.0267
vn 0.9780 0.2076 -0.0181
vn 0.9780 0.2078 -0.0182
vn -0.9689 -0.2407 0.0574
vn -0.9687 -0.2414 0.0578
vn 0.9920 0.1247 -0.0203
vn 0.9991 0.0430 -0.0020
vn 0.9991 0.0428 -0.0020
vn 0.9833 0.1761 0.0466
vn 0.9841 0.1723 0.0429
vn 0.9904 0.1377 -0.0120
vn 0.9944 0.0881 -0.0590
vn 0.9944 0.0911 -0.0544
vn -0.9896 -0.1438 0.0097
vn -0.9739 -0.2110 0.0836
vn -0.9740 -0.2109 0.0834
vn -0.9916 -0.1294 0.0035
vn 0.9921 0.1252 0.0035
vn -0.0184 0.3215 0.9467
vn -0.0451 0.5466 0.8362
vn -0.0200 0.3356 0.9418
vn 0.0589 -0.3254 -0.9437
vn 0.0891 -0.5293 -0.8437
vn 0.0924 -0.5489 -0.8307
vn 0.0593 -0.3282 -0.9427
vn -0.0355 0.0928 0.9951
vn -0.0084 -0.0984 -0.9951
vn 0.0084 0.0984 0.9951
vn 0.0307 -0.0974 -0.9948
vn 0.0298 -0.0900 -0.9955
vn -0.0027 -0.1528 0.9882
vn -0.0039 -0.1439 0.9896
vn -0.0401 0.1242 -0.9915
vn -0.0442 0.1497 -0.9877
vn 0.0389 -0.1406 0.9893
vn 0.0034 0.1408 -0.9900
vn 0.0024 0.1502 -0.9886
vn 0.0272 -0.3765 0.9260
vn -0.0759 0.3702 -0.9258
vn 0.0684 -0.3713 0.9260
vn -0.0215 0.3696 -0.9290
vn -0.0229 0.3835 -0.9232
vn -0.0034 -0.6238 0.7816
vn -0.0061 -0.6315 0.7754
vn -0.1000 0.5927 -0.7992
vn -0.0981 0.5717 -0.8146
vn 0.0951 -0.5802 0.8089
vn -0.0463 0.5863 -0.8087
vn -0.0500 -0.7690 0.6373
vn -0.0501 -0.7684 0.6381
vn -0.1175 0.7553 -0.6448
vn 0.1174 -0.7553 0.6448
vn -0.0558 0.7687 -0.6372
vn -0.0561 0.7615 -0.6457
vn 0.0295 -0.8781 0.4776
vn 0.0252 -0.8736 0.4861
vn -0.1342 0.8863 -0.4432
vn 0.1341 -0.8863 0.4432
vn -0.0494 0.8866 -0.4599
vn -0.0484 0.8988 -0.4356
vn 0.1031 -0.9710 0.2158
vn -0.1443 0.9657 -0.2158
vn 0.1443 -0.9657 0.2158
vn -0.0769 0.9720 -0.2221
vn -0.0758 0.9710 -0.2268
vn 0.1061 -0.9941 -0.0241
vn -0.1473 0.9888 0.0241
vn 0.1473 -0.9888 -0.0241
vn -0.1050 0.9943 0.0192
vn -0.1050 0.9942 0.0253
vn 0.1017 -0.9595 -0.2626
vn -0.1429 0.9543 0.2626
vn 0.1434 -0.9546 -0.2610
vn 0.1434 -0.9539 -0.2638
vn -0.0997 0.9598 0.2626
vn -0.0997 0.9597 0.2626
vn 0.0902 -0.8694 -0.4858
vn -0.1314 0.8641 0.4858
vn 0.1354 -0.8683 -0.4772
vn 0.1347 -0.8604 -0.4915
vn -0.0889 0.8670 0.4903
vn -0.0892 0.8701 0.4847
vn 0.0722 -0.7289 -0.6808
vn -0.1134 0.7236 0.6808
vn 0.1189 -0.7218 -0.6818
vn 0.1192 -0.7238 -0.6796
vn -0.0714 0.7367 0.6725
vn -0.0699 0.7266 0.6835
vt 0.038461 0.900000
vt 0.038461 0.943175
vt -0.000000 0.943175
vt -0.000000 0.900000
vt 0.923077 0.556825
vt 0.923077 0.600000
vt 0.884615 0.600000
vt 0.884615 0.556825
vt 0.884615 0.556825
vt 0.846154 0.600000
vt 0.846154 0.556825
vt 0.807692 0.600000
vt 0.807692 0.556825
vt 0.769231 0.600000
vt 0.769231 0.556825
vt 0.769231 0.556825
vt 0.730769 0.600000
vt 0.730769 0.556825
vt 0.692307 0.600000
vt 0.692307 0.556825
vt 0.692307 0.556825
vt 0.653846 0.600000
vt 0.653846 0.556825
vt 0.615384 0.600000
vt 0.615384 0.556825
vt 0.576923 0.600000
vt 0.576923 0.556825
vt 0.576923 0.556825
vt 0.538461 0.600000
vt 0.538461 0.556825
vt 0.538461 0.556825
vt 0.500000 0.600000
vt 0.500000 0.556825
vt 0.500000 0.556825
vt 0.461538 0.600000
vt 0.461538 0.556825
vt 0.423077 0.600000
vt 0.423077 0.556825
vt 0.384615 0.600000
vt 0.384615 0.556825
vt 0.384615 0.556825
vt 0.346154 0.600000
vt 0.346154 0.556825
vt 0.307692 0.600000
vt 0.307692 0.556825
vt 0.269230 0.600000
vt 0.269230 0.556825
vt 0.230769 0.600000
vt 0.230769 0.556825
vt 0.192307 0.600000
vt 0.192307 0.556825
vt 0.153846 0.600000
vt 0.153846 0.556825
vt 0.115384 0.600000
vt 0.115384 0.556825
vt 0.076923 0.600000
vt 0.076923 0.556825
vt 0.076923 0.556825
vt 0.038461 0.600000
vt 0.038461 0.556825
vt 1.000000 0.900000
vt 1.000000 0.943175
vt 0.961538 0.943175
vt 0.961538 0.900000
vt 0.961538 0.556825
vt 0.961538 0.600000
vt 0.038461 0.556825
vt -0.000000 0.600000
vt -0.000000 0.556825
vt 0.792504 0.422446
vt 0.832538 0.407263
vt 0.615384 0.900000
vt 0.576923 0.900000
vt 0.038461 0.700000
vt 0.038461 0.800000
vt -0.000000 0.800000
vt -0.000000 0.700000
vt 0.115384 0.900000
vt 0.076923 0.900000
vt 0.076923 0.943175
vt 0.576923 0.800000
vt 0.615384 0.800000
vt 0.076923 0.700000
vt 0.076923 0.800000
vt 0.115384 0.800000
vt 0.115384 0.943175
vt 0.615384 0.700000
vt 0.576923 0.700000
vt 0.115384 0.700000
vt 0.153846 0.900000
vt 0.153846 0.943175
vt 0.153846 0.700000
vt 0.153846 0.800000
vt 0.192307 0.900000
vt 0.192307 0.943175
vt 0.538461 0.900000
vt 0.192307 0.700000
vt 0.192307 0.800000
vt 0.230769 0.900000
vt 0.230769 0.943175
vt 0.538461 0.800000
vt 0.230769 0.700000
vt 0.230769 0.800000
vt 0.269230 0.900000
vt 0.269230 0.943175
vt 0.538461 0.700000
vt 0.269230 0.700000
vt 0.269230 0.800000
vt 0.307692 0.900000
vt 0.307692 0.943175
vt 0.307692 0.700000
vt 0.307692 0.800000
vt 0.346154 0.900000
vt 0.346154 0.943175
vt 0.500000 0.900000
vt 0.346154 0.700000
vt 0.346154 0.800000
vt 0.384615 0.900000
vt 0.384615 0.943175
vt 0.500000 0.800000
vt 0.384615 0.700000
vt 0.384615 0.800000
vt 0.423077 0.900000
vt 0.423077 0.943175
vt 0.500000 0.700000
vt 0.423077 0.700000
vt 0.423077 0.800000
vt 0.461538 0.900000
vt 0.461538 0.943175
vt 0.461538 0.700000
vt 0.461538 0.800000
vt 0.500000 0.943175
vt 0.538461 0.943175
vt 0.961538 0.800000
vt 1.000000 0.800000
vt 0.576923 0.943175
vt 1.000000 0.700000
vt 0.961538 0.700000
vt 0.615384 0.943175
vt 1.000000 0.600000
vt 0.653846 0.900000
vt 0.653846 0.943175
vt 0.923077 0.900000
vt 0.653846 0.700000
vt 0.653846 0.800000
vt 0.692307 0.900000
vt 0.692307 0.943175
vt 0.923077 0.800000
vt 0.692307 0.700000
vt 0.692307 0.800000
vt 0.730769 0.900000
vt 0.730769 0.943175
vt 0.923077 0.700000
vt 0.730769 0.700000
vt 0.730769 0.800000
vt 0.769231 0.900000
vt 0.769231 0.943175
vt 0.769231 0.700000
vt 0.769231 0.800000
vt 0.807692 0.900000
vt 0.807692 0.943175
vt 0.884615 0.900000
vt 0.807692 0.700000
vt 0.807692 0.800000
vt 0.846154 0.900000
vt 0.846154 0.943175
vt 0.884615 0.800000
vt 0.846154 0.700000
vt 0.846154 0.800000
vt 0.884615 0.943175
vt 0.884615 0.700000
vt 0.923077 0.943175
vt 0.707496 0.077554
vt 0.667462 0.092737
vt 1.000000 0.556825
vt 0.961538 0.556825
vt 0.964897 0.500000
vt 0.996641 0.500000
vt 0.996641 1.000000
vt 0.964897 1.000000
vt 0.926436 0.500000
vt 0.958179 0.500000
vt 0.958179 1.000000
vt 0.926436 1.000000
vt 0.887974 0.500000
vt 0.919718 0.500000
vt 0.919718 1.000000
vt 0.887974 1.000000
vt 0.849513 0.500000
vt 0.881256 0.500000
vt 0.881256 1.000000
vt 0.849513 1.000000
vt 0.811051 0.500000
vt 0.842795 0.500000
vt 0.842795 1.000000
vt 0.811051 1.000000
vt 0.772590 0.500000
vt 0.804333 0.500000
vt 0.804333 1.000000
vt 0.772590 1.000000
vt 0.734128 0.500000
vt 0.765872 0.500000
vt 0.765872 1.000000
vt 0.734128 1.000000
vt 0.695666 0.500000
vt 0.727410 0.500000
vt 0.727410 1.000000
vt 0.695666 1.000000
vt 0.657205 0.500000
vt 0.688948 0.500000
vt 0.688949 1.000000
vt 0.657205 1.000000
vt 0.618743 0.500000
vt 0.650487 0.500000
vt 0.650487 1.000000
vt 0.618743 1.000000
vt 0.580282 0.500000
vt 0.612025 0.500000
vt 0.612025 1.000000
vt 0.580282 1.000000
vt 0.541820 0.500000
vt 0.573564 0.500000
vt 0.573564 1.000000
vt 0.541820 1.000000
vt 0.503359 0.500000
vt 0.535102 0.500000
vt 0.535102 1.000000
vt 0.503359 1.000000
vt 0.464897 0.500000
vt 0.496641 0.500000
vt 0.496641 1.000000
vt 0.464897 1.000000
vt 0.426436 0.500000
vt 0.458179 0.500000
vt 0.458179 1.000000
vt 0.426436 1.000000
vt 0.387974 0.500000
vt 0.419718 0.500000
vt 0.419718 1.000000
vt 0.387974 1.000000
vt 0.349513 0.500000
vt 0.381256 0.500000
vt 0.381256 1.000000
vt 0.349513 1.000000
vt 0.311051 0.500000
vt 0.342795 0.500000
vt 0.342795 1.000000
vt 0.311051 1.000000
vt 0.272589 0.500000
vt 0.304333 0.500000
vt 0.304333 1.000000
vt 0.272589 1.000000
vt 0.234128 0.500000
vt 0.265871 0.500000
vt 0.265871 1.000000
vt 0.234128 1.000000
vt 0.195666 0.500000
vt 0.227410 0.500000
vt 0.227410 1.000000
vt 0.195666 1.000000
vt 0.157205 0.500000
vt 0.188948 0.500000
vt 0.188948 1.000000
vt 0.157205 1.000000
vt 0.118743 0.500000
vt 0.150487 0.500000
vt 0.150487 1.000000
vt 0.118743 1.000000
vt 0.080282 0.500000
vt 0.112025 0.500000
vt 0.112025 1.000000
vt 0.080282 1.000000
vt 0.041820 0.500000
vt 0.073564 0.500000
vt 0.073564 1.000000
vt 0.041820 1.000000
vt 0.003359 0.500000
vt 0.035102 0.500000
vt 0.035102 1.000000
vt 0.003359 1.000000
vt 0.750000 0.427607
vt 0.750000 0.448080
vt 0.797404 0.442324
vt 0.250000 0.427607
vt 0.292504 0.422446
vt 0.297404 0.442324
vt 0.250000 0.448080
vt 0.842052 0.425391
vt 0.332538 0.407263
vt 0.342052 0.425391
vt 0.867775 0.382941
vt 0.881351 0.398265
vt 0.367775 0.382941
vt 0.381351 0.398265
vt 0.896168 0.350892
vt 0.913016 0.362522
vt 0.396168 0.350892
vt 0.413016 0.362522
vt 0.916065 0.312980
vt 0.935208 0.320240
vt 0.416065 0.312980
vt 0.435208 0.320240
vt 0.926312 0.271408
vt 0.946636 0.273876
vt 0.426312 0.271408
vt 0.446636 0.273876
vt 0.926312 0.228592
vt 0.946636 0.226124
vt 0.426312 0.228592
vt 0.446636 0.226124
vt 0.916066 0.187020
vt 0.935208 0.179760
vt 0.416065 0.187020
vt 0.435208 0.179760
vt 0.896168 0.149108
vt 0.913017 0.137478
vt 0.396168 0.149108
vt 0.413016 0.137478
vt 0.867775 0.117059
vt 0.881351 0.101735
vt 0.367775 0.117059
vt 0.381351 0.101735
vt 0.832538 0.092737
vt 0.842052 0.074609
vt 0.332538 0.092737
vt 0.342052 0.074609
vt 0.792504 0.077554
vt 0.797404 0.057676
vt 0.292504 0.077554
vt 0.297404 0.057676
vt 0.750000 0.072393
vt 0.750000 0.051920
vt 0.250000 0.072393
vt 0.250000 0.051920
vt 0.702596 0.057676
vt 0.207496 0.077554
vt 0.202596 0.057676
vt 0.657948 0.074609
vt 0.167462 0.092737
vt 0.157948 0.074609
vt 0.632225 0.117059
vt 0.618649 0.101735
vt 0.132225 0.117059
vt 0.118649 0.101735
vt 0.603832 0.149108
vt 0.586984 0.137478
vt 0.103832 0.149108
vt 0.086984 0.137478
vt 0.583935 0.187020
vt 0.564792 0.179760
vt 0.083935 0.187020
vt 0.064792 0.179760
vt 0.573688 0.228592
vt 0.553365 0.226124
vt 0.073688 0.228592
vt 0.053364 0.226124
vt 0.573688 0.271408
vt 0.553364 0.273876
vt 0.073688 0.271408
vt 0.053364 0.273876
vt 0.583935 0.312980
vt 0.564792 0.320240
vt 0.083935 0.312980
vt 0.064792 0.320240
vt 0.603832 0.350892
vt 0.586984 0.362522
vt 0.103832 0.350892
vt 0.086984 0.362522
vt 0.632225 0.382941
vt 0.618649 0.398265
vt 0.132225 0.382941
vt 0.118649 0.398265
vt 0.667462 0.407263
vt 0.657948 0.425391
vt 0.167462 0.407263
vt 0.157948 0.425391
vt 0.707496 0.422446
vt 0.702596 0.442324
vt 0.207496 0.422446
vt 0.202596 0.442324
s 1
g off
usemtl Material.038
f 101/1/1 208/2/2 108/3/3 4/4/4
f 114/5/5 12/6/6 16/7/7 118/8/8
f 118/9/8 16/7/7 20/10/9 122/11/10
f 122/11/10 20/10/9 24/12/11 126/13/11
f 126/13/11 24/12/11 28/14/12 130/15/13
f 130/16/13 28/14/12 32/17/14 134/18/15
f 134/18/15 32/17/14 36/19/16 138/20/17
f 138/21/17 36/19/16 40/22/18 142/23/19
f 142/23/19 40/22/18 44/24/20 146/25/21
f 146/25/21 44/24/20 48/26/22 150/27/23
f 150/28/23 48/26/22 52/29/24 154/30/25
f 154/31/25 52/29/24 56/32/26 158/33/27
f 158/34/27 56/32/26 60/35/28 162/36/29
f 162/36/29 60/35/28 64/37/30 166/38/31
f 166/38/31 64/37/30 68/39/32 170/40/32
f 170/41/32 68/39/32 72/42/33 174/43/34
f 174/43/34 72/42/33 76/44/35 178/45/36
f 178/45/36 76/44/35 80/46/37 182/47/38
f 182/47/38 80/46/37 84/48/39 186/49/39
f 186/49/39 84/48/39 88/50/40 190/51/41
f 190/51/41 88/50/40 92/52/42 194/53/43
f 194/53/43 92/52/42 96/54/44 198/55/45
f 198/55/45 96/54/44 100/56/46 202/57/47
f 202/58/47 100/56/46 104/59/48 206/60/49
f 4/61/4 108/62/3 112/63/50 5/64/51
f 110/65/52 8/66/53 12/6/6 114/5/5
f 206/67/49 104/59/48 1/68/54 106/69/55
f 109/70/56 113/71/57 369/71/57 365/70/56
f 103/74/59 102/75/59 3/76/60 2/77/60
f 97/79/61 204/80/62 208/2/2 101/1/1
f 99/83/64 98/84/64 102/75/59 103/74/59
f 93/78/65 200/86/66 204/80/62 97/79/61
f 95/89/67 94/85/67 98/84/64 99/83/64
f 89/90/68 196/91/69 200/86/66 93/78/65
f 91/92/70 90/93/70 94/85/67 95/89/67
f 85/94/71 192/95/72 196/91/69 89/90/68
f 87/97/73 86/98/73 90/93/70 91/92/70
f 81/99/74 188/100/75 192/95/72 85/94/71
f 83/102/76 82/103/76 86/98/73 87/97/73
f 77/104/77 184/105/78 188/100/75 81/99/74
f 79/107/79 78/108/79 82/103/76 83/102/76
f 73/109/80 180/110/81 184/105/78 77/104/77
f 75/111/82 74/112/82 78/108/79 79/107/79
f 69/113/83 176/114/84 180/110/81 73/109/80
f 71/116/85 70/117/85 74/112/82 75/111/82
f 65/118/86 172/119/87 176/114/84 69/113/83
f 67/121/88 66/122/88 70/117/85 71/116/85
f 61/123/89 168/124/90 172/119/87 65/118/86
f 63/126/91 62/127/91 66/122/88 67/121/88
f 57/128/92 164/129/92 168/124/90 61/123/89
f 59/130/93 58/131/93 62/127/91 63/126/91
f 53/115/94 160/132/95 164/129/92 57/128/92
f 55/125/96 54/120/96 58/131/93 59/130/93
f 49/96/97 156/133/98 160/132/95 53/115/94
f 51/106/99 50/101/99 54/120/96 55/125/96
f 45/73/100 152/136/101 156/133/98 49/96/97
f 47/88/102 46/81/102 50/101/99 51/106/99
f 41/72/103 148/139/104 152/136/101 45/73/100
f 43/87/105 42/82/105 46/81/102 47/88/102
f 37/141/106 144/142/107 148/139/104 41/72/103
f 39/144/108 38/145/108 42/82/105 43/87/105
f 33/146/109 140/147/110 144/142/107 37/141/106
f 35/149/111 34/150/111 38/145/108 39/144/108
f 29/151/112 136/152/113 140/147/110 33/146/109
f 31/154/114 30/155/114 34/150/111 35/149/111
f 25/156/115 132/157/116 136/152/113 29/151/112
f 27/158/117 26/159/117 30/155/114 31/154/114
f 21/160/118 128/161/119 132/157/116 25/156/115
f 23/163/120 22/164/120 26/159/117 27/158/117
f 17/165/121 124/166/122 128/161/119 21/160/118
f 19/168/123 18/169/123 22/164/120 23/163/120
f 13/162/124 120/170/125 124/166/122 17/165/121
f 15/171/126 14/167/126 18/169/123 19/168/123
f 9/143/127 116/172/128 120/170/125 13/162/124
f 11/153/129 10/148/129 14/167/126 15/171/126
f 5/64/51 112/63/50 116/172/128 9/143/127
f 7/138/130 6/134/130 10/148/129 11/153/129
f 161/173/131 165/174/132 395/174/133 393/173/131
f 2/137/60 3/135/60 6/134/130 7/138/130
f 106/175/55 110/176/52 313/177/134 314/178/135
f 112/63/50 108/62/3 315/179/136 316/180/137
f 110/65/52 114/5/5 317/181/138 313/182/134
f 116/172/128 112/63/50 316/183/137 318/184/139
f 114/5/5 118/8/8 319/185/140 317/186/138
f 120/170/125 116/172/128 318/187/139 320/188/141
f 118/9/8 122/11/10 321/189/142 319/190/140
f 124/166/122 120/170/125 320/191/141 322/192/143
f 122/11/10 126/13/144 323/193/144 321/194/142
f 128/161/119 124/166/122 322/195/143 324/196/145
f 126/13/144 130/15/13 325/197/146 323/198/144
f 132/157/116 128/161/119 324/199/145 326/200/147
f 130/16/13 134/18/15 327/201/148 325/202/146
f 136/152/149 132/157/116 326/203/147 328/204/150
f 134/18/15 138/20/17 329/205/151 327/206/148
f 140/147/110 136/152/149 328/207/150 330/208/152
f 138/21/17 142/23/19 331/209/153 329/210/151
f 144/142/107 140/147/110 330/211/152 332/212/154
f 142/23/19 146/25/21 333/213/155 331/214/153
f 148/139/104 144/142/107 332/215/154 334/216/156
f 146/25/21 150/27/23 335/217/157 333/218/155
f 152/136/101 148/139/104 334/219/156 336/220/158
f 150/28/23 154/30/25 337/221/159 335/222/157
f 156/133/98 152/136/101 336/223/158 338/224/160
f 154/31/25 158/33/27 339/225/161 337/226/159
f 160/132/95 156/133/98 338/227/160 340/228/162
f 158/34/27 162/36/29 341/229/163 339/230/161
f 164/129/164 160/132/95 340/231/162 342/232/164
f 162/36/29 166/38/31 343/233/165 341/234/163
f 168/124/90 164/129/164 342/235/164 344/236/166
f 166/38/31 170/40/167 345/237/167 343/238/165
f 172/119/87 168/124/90 344/239/166 346/240/168
f 170/41/167 174/43/34 347/241/169 345/242/167
f 176/114/84 172/119/87 346/243/168 348/244/170
f 174/43/34 178/45/36 349/245/171 347/246/169
f 180/110/81 176/114/84 348/247/170 350/248/172
f 178/45/36 182/47/38 351/249/173 349/250/171
f 184/105/78 180/110/81 350/251/172 352/252/174
f 182/47/38 186/49/175 353/253/176 351/254/173
f 188/100/75 184/105/78 352/255/174 354/256/177
f 186/49/175 190/51/41 355/257/178 353/258/176
f 192/95/72 188/100/75 354/259/177 356/260/179
f 190/51/41 194/53/43 357/261/180 355/262/178
f 196/91/69 192/95/72 356/263/179 358/264/181
f 194/53/43 198/55/45 359/265/182 357/266/180
f 200/86/66 196/91/69 358/267/181 360/268/183
f 198/55/45 202/57/47 361/269/184 359/270/182
f 204/80/62 200/86/66 360/271/183 362/272/185
f 202/58/47 206/60/49 363/273/186 361/274/184
f 208/2/2 204/80/62 362/275/185 364/276/187
f 206/67/49 106/69/55 314/277/135 363/278/186
f 108/3/3 208/2/2 364/279/187 315/280/136
f 106/175/55 1/140/54 8/66/53 110/176/52
f 109/70/63 105/281/63 314/282/63 313/283/63
f 107/284/242 111/285/243 316/286/244 315/287/245
f 113/71/63 109/70/63 313/283/63 317/288/63
f 111/285/243 115/289/246 318/290/247 316/286/244
f 117/291/63 113/71/63 317/288/63 319/292/63
f 115/289/246 119/293/248 320/294/248 318/290/247
f 121/295/249 117/291/63 319/292/63 321/296/250
f 119/293/248 123/297/251 322/298/252 320/294/248
f 125/299/253 121/295/249 321/296/250 323/300/253
f 123/297/251 127/301/254 324/302/255 322/298/252
f 129/303/256 125/299/257 323/300/257 325/304/258
f 127/301/254 131/305/259 326/306/260 324/302/255
f 133/307/63 129/303/256 325/304/258 327/308/63
f 131/305/259 135/309/261 328/310/262 326/306/260
f 137/311/63 133/307/63 327/308/63 329/312/63
f 135/309/261 139/313/263 330/314/264 328/310/262
f 141/315/63 137/311/63 329/312/63 331/316/63
f 139/313/263 143/317/265 332/318/266 330/314/264
f 145/319/63 141/315/63 331/316/63 333/320/63
f 143/317/265 147/321/267 334/322/267 332/318/266
f 149/323/63 145/319/63 333/320/63 335/324/63
f 147/321/267 151/325/268 336/326/268 334/322/267
f 153/327/63 149/323/63 335/324/63 337/328/63
f 151/325/268 155/329/269 338/330/270 336/326/268
f 157/331/63 153/327/63 337/328/63 339/332/63
f 155/329/269 159/333/271 340/334/272 338/330/270
f 161/173/63 157/331/63 339/332/63 341/335/63
f 159/333/271 163/336/273 342/337/273 340/334/272
f 165/174/274 161/173/63 341/335/63 343/338/275
f 163/336/273 167/339/276 344/340/277 342/337/273
f 169/341/278 165/174/274 343/338/275 345/342/278
f 167/339/276 171/343/58 346/344/58 344/340/277
f 173/345/279 169/341/278 345/342/278 347/346/280
f 171/343/58 175/347/58 348/348/58 346/344/58
f 177/349/63 173/345/279 347/346/280 349/350/63
f 175/347/58 179/351/58 350/352/58 348/348/58
f 181/353/281 177/349/63 349/350/63 351/354/282
f 179/351/58 183/355/58 352/356/58 350/352/58
f 185/357/283 181/353/281 351/354/282 353/358/283
f 183/355/58 187/359/58 354/360/58 352/356/58
f 189/361/284 185/357/283 353/358/283 355/362/285
f 187/359/58 191/363/58 356/364/58 354/360/58
f 193/365/63 189/361/284 355/362/285 357/366/63
f 191/363/58 195/367/58 358/368/58 356/364/58
f 197/369/63 193/365/63 357/366/63 359/370/63
f 195/367/58 199/371/58 360/372/58 358/368/58
f 201/373/63 197/369/63 359/370/63 361/374/63
f 199/371/58 203/375/286 362/376/286 360/372/58
f 205/377/63 201/373/63 361/374/63 363/378/63
f 203/375/286 207/379/287 364/380/288 362/376/286
f 105/281/63 205/377/63 363/378/63 314/282/63
f 207/379/287 107/284/242 315/287/245 364/380/288
f 368/285/289 367/284/289 416/379/289 414/375/289 412/371/289 410/367/289 408/363/289 406/359/289 404/355/289 402/351/289 400/347/289 398/343/289 396/339/289 394/336/289 392/333/289 390/329/289 388/325/289 386/321/289 384/317/289 382/313/289 380/309/289 378/305/289 376/301/289 374/297/289 372/293/289 370/289/289
f 366/281/290 365/70/290 369/71/290 371/291/290 373/295/290 375/299/290 377/303/290 379/307/290 381/311/290 383/315/290 385/319/290 387/323/290 389/327/290 391/331/290 393/173/290 395/174/290 397/341/290 399/345/290 401/349/290 403/353/290 405/357/290 407/361/290 409/365/290 411/369/290 413/373/290 415/377/290
f 167/339/291 163/336/292 394/336/292 396/339/293
f 115/289/294 111/285/295 368/285/296 370/289/297
f 165/174/132 169/341/298 397/341/298 395/174/133
f 113/71/57 117/291/299 371/291/299 369/71/57
f 171/343/300 167/339/291 396/339/293 398/343/300
f 119/293/301 115/289/294 370/289/297 372/293/302
f 169/341/298 173/345/303 399/345/304 397/341/298
f 117/291/299 121/295/305 373/295/306 371/291/299
f 175/347/307 171/343/300 398/343/300 400/347/307
f 123/297/308 119/293/301 372/293/302 374/297/309
f 173/345/303 177/349/310 401/349/310 399/345/304
f 121/295/305 125/299/311 375/299/312 373/295/306
f 179/351/313 175/347/307 400/347/307 402/351/313
f 127/301/314 123/297/308 374/297/309 376/301/315
f 177/349/310 181/353/316 403/353/317 401/349/310
f 125/299/311 129/303/318 377/303/319 375/299/312
f 183/355/320 179/351/313 402/351/313 404/355/320
f 131/305/321 127/301/314 376/301/315 378/305/321
f 181/353/316 185/357/322 405/357/323 403/353/317
f 129/303/318 133/307/324 379/307/324 377/303/319
f 187/359/325 183/355/320 404/355/320 406/359/325
f 135/309/326 131/305/321 378/305/321 380/309/327
f 185/357/322 189/361/328 407/361/329 405/357/323
f 133/307/324 137/311/330 381/311/330 379/307/324
f 191/363/331 187/359/325 406/359/325 408/363/331
f 139/313/332 135/309/326 380/309/327 382/313/333
f 189/361/328 193/365/334 409/365/334 407/361/329
f 137/311/330 141/315/335 383/315/335 381/311/330
f 195/367/336 191/363/331 408/363/331 410/367/336
f 143/317/337 139/313/332 382/313/333 384/317/338
f 193/365/334 197/369/339 411/369/339 409/365/334
f 141/315/335 145/319/340 385/319/340 383/315/335
f 199/371/341 195/367/336 410/367/336 412/371/341
f 147/321/342 143/317/337 384/317/338 386/321/343
f 197/369/339 201/373/344 413/373/344 411/369/339
f 145/319/340 149/323/345 387/323/345 385/319/340
f 203/375/346 199/371/341 412/371/341 414/375/347
f 151/325/348 147/321/342 386/321/343 388/325/348
f 201/373/344 205/377/349 415/377/349 413/373/344
f 149/323/345 153/327/350 389/327/350 387/323/345
f 207/379/351 203/375/346 414/375/347 416/379/352
f 155/329/353 151/325/348 388/325/348 390/329/354
f 205/377/349 105/281/355 366/281/355 415/377/349
f 153/327/350 157/331/356 391/331/356 389/327/350
f 107/284/357 207/379/351 416/379/352 367/284/358
f 159/333/359 155/329/353 390/329/354 392/333/360
f 157/331/356 161/173/131 393/173/131 391/331/356
f 105/281/355 109/70/56 365/70/56 366/281/355
f 163/336/292 159/333/359 392/333/360 394/336/292
f 111/285/295 107/284/357 367/284/358 368/285/296
f 517/1/361 624/2/362 524/3/363 420/4/364
f 530/5/365 428/6/366 432/7/367 534/8/368
f 534/9/368 432/7/367 436/10/369 538/11/370
f 538/11/370 436/10/369 440/12/371 542/13/371
f 542/13/371 440/12/371 444/14/372 546/15/373
f 546/16/373 444/14/372 448/17/374 550/18/375
f 550/18/375 448/17/374 452/19/376 554/20/377
f 554/21/377 452/19/376 456/22/378 558/23/379
f 558/23/379 456/22/378 460/24/380 562/25/381
f 562/25/381 460/24/380 464/26/382 566/27/383
f 566/28/383 464/26/382 468/29/384 570/30/385
f 570/31/385 468/29/384 472/32/386 574/33/387
f 574/34/387 472/32/386 476/35/388 578/36/389
f 578/36/389 476/35/388 480/37/390 582/38/391
f 582/38/391 480/37/390 484/39/392 586/40/392
f 586/41/392 484/39/392 488/42/393 590/43/394
f 590/43/394 488/42/393 492/44/395 594/45/396
f 594/45/396 492/44/395 496/46/397 598/47/398
f 598/47/398 496/46/397 500/48/399 602/49/399
f 602/49/399 500/48/399 504/50/400 606/51/401
f 606/51/401 504/50/400 508/52/402 610/53/403
f 610/53/403 508/52/402 512/54/404 614/55/405
f 614/55/405 512/54/404 516/56/406 618/57/407
f 618/58/407 516/56/406 520/59/408 622/60/409
f 420/61/364 524/62/363 528/63/410 421/64/411
f 526/65/412 424/66/413 428/6/366 530/5/365
f 622/67/409 520/59/408 417/68/414 522/69/415
f 525/70/416 529/71/417 785/71/417 781/70/416
f 519/74/418 518/75/418 419/76/419 418/77/419
f 513/79/420 620/80/421 624/2/362 517/1/361
f 515/83/422 514/84/422 518/75/418 519/74/418
f 509/78/423 616/86/424 620/80/421 513/79/420
f 511/89/425 510/85/425 514/84/422 515/83/422
f 505/90/426 612/91/427 616/86/424 509/78/423
f 507/92/428 506/93/428 510/85/425 511/89/425
f 501/94/429 608/95/430 612/91/427 505/90/426
f 503/97/431 502/98/431 506/93/428 507/92/428
f 497/99/432 604/100/433 608/95/430 501/94/429
f 499/102/434 498/103/434 502/98/431 503/97/431
f 493/104/435 600/105/436 604/100/433 497/99/432
f 495/107/437 494/108/437 498/103/434 499/102/434
f 489/109/438 596/110/439 600/105/436 493/104/435
f 491/111/440 490/112/440 494/108/437 495/107/437
f 485/113/441 592/114/442 596/110/439 489/109/438
f 487/116/443 486/117/443 490/112/440 491/111/440
f 481/118/444 588/119/445 592/114/442 485/113/441
f 483/121/446 482/122/446 486/117/443 487/116/443
f 477/123/447 584/124/448 588/119/445 481/118/444
f 479/126/449 478/127/449 482/122/446 483/121/446
f 473/128/450 580/129/450 584/124/448 477/123/447
f 475/130/451 474/131/451 478/127/449 479/126/449
f 469/115/452 576/132/453 580/129/450 473/128/450
f 471/125/454 470/120/454 474/131/451 475/130/451
f 465/96/455 572/133/456 576/132/453 469/115/452
f 467/106/457 466/101/457 470/120/454 471/125/454
f 461/73/458 568/136/459 572/133/456 465/96/455
f 463/88/460 462/81/460 466/101/457 467/106/457
f 457/72/461 564/139/462 568/136/459 461/73/458
f 459/87/463 458/82/463 462/81/460 463/88/460
f 453/141/464 560/142/465 564/139/462 457/72/461
f 455/144/466 454/145/466 458/82/463 459/87/463
f 449/146/467 556/147/468 560/142/465 453/141/464
f 451/149/469 450/150/469 454/145/466 455/144/466
f 445/151/470 552/152/471 556/147/468 449/146/467
f 447/154/472 446/155/472 450/150/469 451/149/469
f 441/156/473 548/157/474 552/152/471 445/151/470
f 443/158/475 442/159/475 446/155/472 447/154/472
f 437/160/476 544/161/477 548/157/474 441/156/473
f 439/163/478 438/164/478 442/159/475 443/158/475
f 433/165/479 540/166/480 544/161/477 437/160/476
f 435/168/481 434/169/481 438/164/478 439/163/478
f 429/162/482 536/170/483 540/166/480 433/165/479
f 431/171/484 430/167/484 434/169/481 435/168/481
f 425/143/485 532/172/486 536/170/483 429/162/482
f 427/153/487 426/148/487 430/167/484 431/171/484
f 421/64/411 528/63/410 532/172/486 425/143/485
f 423/138/488 422/134/488 426/148/487 427/153/487
f 577/173/489 581/174/490 811/174/491 809/173/489
f 418/137/419 419/135/419 422/134/488 423/138/488
f 522/175/415 526/176/412 729/177/492 730/178/493
f 528/63/410 524/62/363 731/179/494 732/180/495
f 526/65/412 530/5/365 733/181/496 729/182/492
f 532/172/486 528/63/410 732/183/495 734/184/497
f 530/5/365 534/8/368 735/185/498 733/186/496
f 536/170/483 532/172/486 734/187/497 736/188/499
f 534/9/368 538/11/370 737/189/500 735/190/498
f 540/166/480 536/170/483 736/191/499 738/192/501
f 538/11/370 542/13/502 739/193/502 737/194/500
f 544/161/477 540/166/480 738/195/501 740/196/503
f 542/13/502 546/15/373 741/197/504 739/198/502
f 548/157/474 544/161/477 740/199/503 742/200/505
f 546/16/373 550/18/375 743/201/506 741/202/504
f 552/152/507 548/157/474 742/203/505 744/204/508
f 550/18/375 554/20/377 745/205/509 743/206/506
f 556/147/468 552/152/507 744/207/508 746/208/510
f 554/21/377 558/23/379 747/209/511 745/210/509
f 560/142/465 556/147/468 746/211/510 748/212/512
f 558/23/379 562/25/381 749/213/513 747/214/511
f 564/139/462 560/142/465 748/215/512 750/216/514
f 562/25/381 566/27/383 751/217/515 749/218/513
f 568/136/459 564/139/462 750/219/514 752/220/516
f 566/28/383 570/30/385 753/221/517 751/222/515
f 572/133/456 568/136/459 752/223/516 754/224/518
f 570/31/385 574/33/387 755/225/519 753/226/517
f 576/132/453 572/133/456 754/227/518 756/228/520
f 574/34/387 578/36/389 757/229/521 755/230/519
f 580/129/522 576/132/453 756/231/520 758/232/522
f 578/36/389 582/38/391 759/233/523 757/234/521
f 584/124/448 580/129/522 758/235/522 760/236/524
f 582/38/391 586/40/525 761/237/525 759/238/523
f 588/119/445 584/124/448 760/239/524 762/240/526
f 586/41/525 590/43/394 763/241/527 761/242/525
f 592/114/442 588/119/445 762/243/526 764/244/528
f 590/43/394 594/45/396 765/245/529 763/246/527
f 596/110/439 592/114/442 764/247/528 766/248/530
f 594/45/396 598/47/398 767/249/531 765/250/529
f 600/105/436 596/110/439 766/251/530 768/252/532
f 598/47/398 602/49/533 769/253/534 767/254/531
f 604/100/433 600/105/436 768/255/532 770/256/535
f 602/49/533 606/51/401 771/257/536 769/258/534
f 608/95/430 604/100/433 770/259/535 772/260/537
f 606/51/401 610/53/403 773/261/538 771/262/536
f 612/91/427 608/95/430 772/263/537 774/264/539
f 610/53/403 614/55/405 775/265/540 773/266/538
f 616/86/424 612/91/427 774/267/539 776/268/541
f 614/55/405 618/57/407 777/269/542 775/270/540
f 620/80/421 616/86/424 776/271/541 778/272/543
f 618/58/407 622/60/409 779/273/544 777/274/542
f 624/2/362 620/80/421 778/275/543 780/276/545
f 622/67/409 522/69/415 730/277/493 779/278/544
f 524/3/363 624/2/362 780/279/545 731/280/494
f 522/175/415 417/140/414 424/66/413 526/176/412
f 525/70/63 521/281/63 730/282/63 729/283/63
f 523/284/600 527/285/601 732/286/602 731/287/603
f 529/71/63 525/70/63 729/283/63 733/288/63
f 527/285/601 531/289/604 734/290/605 732/286/602
f 533/291/63 529/71/63 733/288/63 735/292/63
f 531/289/604 535/293/606 736/294/606 734/290/605
f 537/295/607 533/291/63 735/292/63 737/296/608
f 535/293/606 539/297/609 738/298/610 736/294/606
f 541/299/611 537/295/607 737/296/608 739/300/611
f 539/297/609 543/301/612 740/302/613 738/298/610
f 545/303/614 541/299/615 739/300/615 741/304/616
f 543/301/612 547/305/617 742/306/618 740/302/613
f 549/307/63 545/303/614 741/304/616 743/308/63
f 547/305/617 551/309/619 744/310/620 742/306/618
f 553/311/63 549/307/63 743/308/63 745/312/63
f 551/309/619 555/313/621 746/314/622 744/310/620
f 557/315/63 553/311/63 745/312/63 747/316/63
f 555/313/621 559/317/623 748/318/624 746/314/622
f 561/319/63 557/315/63 747/316/63 749/320/63
f 559/317/623 563/321/625 750/322/626 748/318/624
f 565/323/63 561/319/63 749/320/63 751/324/63
f 563/321/625 567/325/627 752/326/627 750/322/626
f 569/327/63 565/323/63 751/324/63 753/328/63
f 567/325/627 571/329/628 754/330/629 752/326/627
f 573/331/63 569/327/63 753/328/63 755/332/63
f 571/329/628 575/333/630 756/334/631 754/330/629
f 577/173/63 573/331/63 755/332/63 757/335/63
f 575/333/630 579/336/632 758/337/632 756/334/631
f 581/174/633 577/173/63 757/335/63 759/338/634
f 579/336/632 583/339/635 760/340/636 758/337/632
f 585/341/637 581/174/633 759/338/634 761/342/637
f 583/339/635 587/343/58 762/344/58 760/340/636
f 589/345/638 585/341/637 761/342/637 763/346/639
f 587/343/58 591/347/58 764/348/58 762/344/58
f 593/349/63 589/345/638 763/346/639 765/350/63
f 591/347/58 595/351/58 766/352/58 764/348/58
f 597/353/640 593/349/63 765/350/63 767/354/641
f 595/351/58 599/355/58 768/356/58 766/352/58
f 601/357/642 597/353/640 767/354/641 769/358/642
f 599/355/58 603/359/58 770/360/58 768/356/58
f 605/361/643 601/357/642 769/358/642 771/362/644
f 603/359/58 607/363/58 772/364/58 770/360/58
f 609/365/63 605/361/643 771/362/644 773/366/63
f 607/363/58 611/367/58 774/368/58 772/364/58
f 613/369/63 609/365/63 773/366/63 775/370/63
f 611/367/58 615/371/58 776/372/58 774/368/58
f 617/373/63 613/369/63 775/370/63 777/374/63
f 615/371/58 619/375/645 778/376/645 776/372/58
f 621/377/63 617/373/63 777/374/63 779/378/63
f 619/375/645 623/379/646 780/380/647 778/376/645
f 521/281/63 621/377/63 779/378/63 730/282/63
f 623/379/646 523/284/600 731/287/603 780/380/647
f 784/285/648 783/284/648 832/379/648 830/375/648 828/371/648 826/367/648 824/363/648 822/359/648 820/355/648 818/351/648 816/347/648 814/343/648 812/339/648 810/336/648 808/333/648 806/329/648 804/325/648 802/321/648 800/317/648 798/313/648 796/309/648 794/305/648 792/301/648 790/297/648 788/293/648 786/289/648
f 782/281/649 781/70/649 785/71/649 787/291/649 789/295/649 791/299/649 793/303/649 795/307/649 797/311/649 799/315/649 801/319/649 803/323/649 805/327/649 807/331/649 809/173/649 811/174/649 813/341/649 815/345/649 817/349/649 819/353/649 821/357/649 823/361/649 825/365/649 827/369/649 829/373/649 831/377/649
f 583/339/650 579/336/651 810/336/651 812/339/652
f 531/289/653 527/285/654 784/285/655 786/289/656
f 581/174/490 585/341/657 813/341/658 811/174/491
f 529/71/417 533/291/659 787/291/659 785/71/417
f 587/343/660 583/339/650 812/339/652 814/343/660
f 535/293/661 531/289/653 786/289/656 788/293/662
f 585/341/657 589/345/663 815/345/664 813/341/658
f 533/291/659 537/295/665 789/295/666 787/291/659
f 591/347/667 587/343/660 814/343/660 816/347/667
f 539/297/668 535/293/661 788/293/662 790/297/669
f 589/345/663 593/349/670 817/349/670 815/345/664
f 537/295/665 541/299/671 791/299/671 789/295/666
f 595/351/672 591/347/667 816/347/667 818/351/672
f 543/301/673 539/297/668 790/297/669 792/301/674
f 593/349/670 597/353/675 819/353/676 817/349/670
f 541/299/671 545/303/677 793/303/678 791/299/671
f 599/355/679 595/351/672 818/351/672 820/355/679
f 547/305/680 543/301/673 792/301/674 794/305/680
f 597/353/675 601/357/681 821/357/682 819/353/676
f 545/303/677 549/307/683 795/307/683 793/303/678
f 603/359/684 599/355/679 820/355/679 822/359/684
f 551/309/685 547/305/680 794/305/680 796/309/686
f 601/357/681 605/361/687 823/361/688 821/357/682
f 549/307/683 553/311/689 797/311/689 795/307/683
f 607/363/690 603/359/684 822/359/684 824/363/690
f 555/313/691 551/309/685 796/309/686 798/313/692
f 605/361/687 609/365/693 825/365/693 823/361/688
f 553/311/689 557/315/694 799/315/694 797/311/689
f 611/367/695 607/363/690 824/363/690 826/367/695
f 559/317/696 555/313/691 798/313/692 800/317/697
f 609/365/693 613/369/698 827/369/698 825/365/693
f 557/315/694 561/319/699 801/319/700 799/315/694
f 615/371/701 611/367/695 826/367/695 828/371/701
f 563/321/702 559/317/696 800/317/697 802/321/703
f 613/369/698 617/373/704 829/373/704 827/369/698
f 561/319/699 565/323/705 803/323/705 801/319/700
f 619/375/706 615/371/701 828/371/701 830/375/707
f 567/325/708 563/321/702 802/321/703 804/325/708
f 617/373/704 621/377/709 831/377/709 829/373/704
f 565/323/705 569/327/710 805/327/710 803/323/705
f 623/379/711 619/375/706 830/375/707 832/379/712
f 571/329/713 567/325/708 804/325/708 806/329/714
f 621/377/709 521/281/715 782/281/715 831/377/709
f 569/327/710 573/331/716 807/331/716 805/327/710
f 523/284/717 623/379/711 832/379/712 783/284/718
f 575/333/719 571/329/713 806/329/714 808/333/720
f 573/331/716 577/173/489 809/173/489 807/331/716
f 521/281/715 525/70/416 781/70/416 782/281/715
f 579/336/651 575/333/719 808/333/720 810/336/651
f 527/285/654 523/284/717 783/284/718 784/285/655
f 933/1/721 1040/2/722 940/3/723 836/4/724
f 946/5/725 844/6/726 848/7/727 950/8/728
f 950/9/728 848/7/727 852/10/729 954/11/730
f 954/11/730 852/10/729 856/12/731 958/13/731
f 958/13/731 856/12/731 860/14/732 962/15/733
f 962/16/733 860/14/732 864/17/734 966/18/735
f 966/18/735 864/17/734 868/19/736 970/20/737
f 970/21/737 868/19/736 872/22/738 974/23/739
f 974/23/739 872/22/738 876/24/740 978/25/741
f 978/25/741 876/24/740 880/26/742 982/27/743
f 982/28/743 880/26/742 884/29/744 986/30/745
f 986/31/745 884/29/744 888/32/746 990/33/747
f 990/34/747 888/32/746 892/35/748 994/36/749
f 994/36/749 892/35/748 896/37/750 998/38/751
f 998/38/751 896/37/750 900/39/752 1002/40/752
f 1002/41/752 900/39/752 904/42/753 1006/43/754
f 1006/43/754 904/42/753 908/44/755 1010/45/756
f 1010/45/756 908/44/755 912/46/757 1014/47/758
f 1014/47/758 912/46/757 916/48/759 1018/49/759
f 1018/49/759 916/48/759 920/50/760 1022/51/761
f 1022/51/761 920/50/760 924/52/762 1026/53/763
f 1026/53/763 924/52/762 928/54/764 1030/55/765
f 1030/55/765 928/54/764 932/56/766 1034/57/767
f 1034/58/767 932/56/766 936/59/768 1038/60/769
f 836/61/724 940/62/723 944/63/770 837/64/771
f 942/65/772 840/66/773 844/6/726 946/5/725
f 1038/67/769 936/59/768 833/68/774 938/69/775
f 941/70/776 945/71/777 1201/71/777 1197/70/776
f 935/74/778 934/75/778 835/76/779 834/77/779
f 929/79/780 1036/80/781 1040/2/722 933/1/721
f 931/83/782 930/84/782 934/75/778 935/74/778
f 925/78/783 1032/86/784 1036/80/781 929/79/780
f 927/89/785 926/85/785 930/84/782 931/83/782
f 921/90/786 1028/91/787 1032/86/784 925/78/783
f 923/92/788 922/93/788 926/85/785 927/89/785
f 917/94/789 1024/95/790 1028/91/787 921/90/786
f 919/97/791 918/98/791 922/93/788 923/92/788
f 913/99/792 1020/100/793 1024/95/790 917/94/789
f 915/102/794 914/103/794 918/98/791 919/97/791
f 909/104/795 1016/105/796 1020/100/793 913/99/792
f 911/107/797 910/108/797 914/103/794 915/102/794
f 905/109/798 1012/110/799 1016/105/796 909/104/795
f 907/111/800 906/112/800 910/108/797 911/107/797
f 901/113/801 1008/114/802 1012/110/799 905/109/798
f 903/116/803 902/117/803 906/112/800 907/111/800
f 897/118/804 1004/119/805 1008/114/802 901/113/801
f 899/121/806 898/122/806 902/117/803 903/116/803
f 893/123/807 1000/124/808 1004/119/805 897/118/804
f 895/126/809 894/127/809 898/122/806 899/121/806
f 889/128/810 996/129/810 1000/124/808 893/123/807
f 891/130/811 890/131/811 894/127/809 895/126/809
f 885/115/812 992/132/813 996/129/810 889/128/810
f 887/125/814 886/120/814 890/131/811 891/130/811
f 881/96/815 988/133/816 992/132/813 885/115/812
f 883/106/817 882/101/817 886/120/814 887/125/814
f 877/73/818 984/136/819 988/133/816 881/96/815
f 879/88/820 878/81/820 882/101/817 883/106/817
f 873/72/821 980/139/822 984/136/819 877/73/818
f 875/87/823 874/82/823 878/81/820 879/88/820
f 869/141/824 976/142/825 980/139/822 873/72/821
f 871/144/826 870/145/826 874/82/823 875/87/823
f 865/146/827 972/147/828 976/142/825 869/141/824
f 867/149/829 866/150/829 870/145/826 871/144/826
f 861/151/830 968/152/831 972/147/828 865/146/827
f 863/154/832 862/155/832 866/150/829 867/149/829
f 857/156/833 964/157/834 968/152/831 861/151/830
f 859/158/835 858/159/835 862/155/832 863/154/832
f 853/160/836 960/161/837 964/157/834 857/156/833
f 855/163/838 854/164/838 858/159/835 859/158/835
f 849/165/839 956/166/840 960/161/837 853/160/836
f 851/168/841 850/169/841 854/164/838 855/163/838
f 845/162/842 952/170/843 956/166/840 849/165/839
f 847/171/844 846/167/844 850/169/841 851/168/841
f 841/143/845 948/172/846 952/170/843 845/162/842
f 843/153/847 842/148/847 846/167/844 847/171/844
f 837/64/771 944/63/770 948/172/846 841/143/845
f 839/138/848 838/134/848 842/148/847 843/153/847
f 993/173/849 997/174/850 1227/174/851 1225/173/849
f 834/137/779 835/135/779 838/134/848 839/138/848
f 938/175/775 942/176/772 1145/177/852 1146/178/853
f 944/63/770 940/62/723 1147/179/854 1148/180/855
f 942/65/772 946/5/725 1149/181/856 1145/182/852
f 948/172/846 944/63/770 1148/183/855 1150/184/857
f 946/5/725 950/8/728 1151/185/858 1149/186/856
f 952/170/843 948/172/846 1150/187/857 1152/188/859
f 950/9/728 954/11/730 1153/189/860 1151/190/858
f 956/166/840 952/170/843 1152/191/859 1154/192/861
f 954/11/730 958/13/862 1155/193/862 1153/194/860
f 960/161/837 956/166/840 1154/195/861 1156/196/863
f 958/13/862 962/15/733 1157/197/864 1155/198/862
f 964/157/834 960/161/837 1156/199/863 1158/200/865
f 962/16/733 966/18/735 1159/201/866 1157/202/864
f 968/152/867 964/157/834 1158/203/865 1160/204/868
f 966/18/735 970/20/737 1161/205/869 1159/206/866
f 972/147/828 968/152/867 1160/207/868 1162/208/870
f 970/21/737 974/23/739 1163/209/871 1161/210/869
f 976/142/825 972/147/828 1162/211/870 1164/212/872
f 974/23/739 978/25/741 1165/213/873 1163/214/871
f 980/139/822 976/142/825 1164/215/872 1166/216/874
f 978/25/741 982/27/743 1167/217/875 1165/218/873
f 984/136/819 980/139/822 1166/219/874 1168/220/876
f 982/28/743 986/30/745 1169/221/877 1167/222/875
f 988/133/816 984/136/819 1168/223/876 1170/224/878
f 986/31/745 990/33/747 1171/225/879 1169/226/877
f 992/132/813 988/133/816 1170/227/878 1172/228/880
f 990/34/747 994/36/749 1173/229/881 1171/230/879
f 996/129/882 992/132/813 1172/231/880 1174/232/882
f 994/36/749 998/38/751 1175/233/883 1173/234/881
f 1000/124/808 996/129/882 1174/235/882 1176/236/884
f 998/38/751 1002/40/885 1177/237/885 1175/238/883
f 1004/119/805 1000/124/808 1176/239/884 1178/240/886
f 1002/41/885 1006/43/754 1179/241/887 1177/242/885
f 1008/114/802 1004/119/805 1178/243/886 1180/244/888
f 1006/43/754 1010/45/756 1181/245/889 1179/246/887
f 1012/110/799 1008/114/802 1180/247/888 1182/248/890
f 1010/45/756 1014/47/758 1183/249/891 1181/250/889
f 1016/105/796 1012/110/799 1182/251/890 1184/252/892
f 1014/47/758 1018/49/893 1185/253/894 1183/254/891
f 1020/100/793 1016/105/796 1184/255/892 1186/256/895
f 1018/49/893 1022/51/761 1187/257/896 1185/258/894
f 1024/95/790 1020/100/793 1186/259/895 1188/260/897
f 1022/51/761 1026/53/763 1189/261/898 1187/262/896
f 1028/91/787 1024/95/790 1188/263/897 1190/264/899
f 1026/53/763 1030/55/765 1191/265/900 1189/266/898
f 1032/86/784 1028/91/787 1190/267/899 1192/268/901
f 1030/55/765 1034/57/767 1193/269/902 1191/270/900
f 1036/80/781 1032/86/784 1192/271/901 1194/272/903
f 1034/58/767 1038/60/769 1195/273/904 1193/274/902
f 1040/2/722 1036/80/781 1194/275/903 1196/276/905
f 1038/67/769 938/69/775 1146/277/853 1195/278/904
f 940/3/723 1040/2/722 1196/279/905 1147/280/854
f 938/175/775 833/140/774 840/66/773 942/176/772
f 941/70/63 937/281/63 1146/282/63 1145/283/63
f 939/284/959 943/285/960 1148/286/961 1147/287/962
f 945/71/63 941/70/63 1145/283/63 1149/288/63
f 943/285/960 947/289/963 1150/290/964 1148/286/961
f 949/291/63 945/71/63 1149/288/63 1151/292/63
f 947/289/963 951/293/965 1152/294/965 1150/290/964
f 953/295/966 949/291/63 1151/292/63 1153/296/967
f 951/293/965 955/297/968 1154/298/969 1152/294/965
f 957/299/970 953/295/966 1153/296/967 1155/300/970
f 955/297/968 959/301/971 1156/302/972 1154/298/969
f 961/303/973 957/299/974 1155/300/974 1157/304/975
f 959/301/971 963/305/976 1158/306/977 1156/302/972
f 965/307/63 961/303/973 1157/304/975 1159/308/63
f 963/305/976 967/309/978 1160/310/979 1158/306/977
f 969/311/63 965/307/63 1159/308/63 1161/312/63
f 967/309/978 971/313/980 1162/314/981 1160/310/979
f 973/315/63 969/311/63 1161/312/63 1163/316/63
f 971/313/980 975/317/982 1164/318/983 1162/314/981
f 977/319/63 973/315/63 1163/316/63 1165/320/63
f 975/317/982 979/321/984 1166/322/984 1164/318/983
f 981/323/63 977/319/63 1165/320/63 1167/324/63
f 979/321/984 983/325/985 1168/326/985 1166/322/984
f 985/327/63 981/323/63 1167/324/63 1169/328/63
f 983/325/985 987/329/986 1170/330/987 1168/326/985
f 989/331/63 985/327/63 1169/328/63 1171/332/63
f 987/329/986 991/333/988 1172/334/989 1170/330/987
f 993/173/63 989/331/63 1171/332/63 1173/335/63
f 991/333/988 995/336/990 1174/337/990 1172/334/989
f 997/174/991 993/173/63 1173/335/63 1175/338/992
f 995/336/990 999/339/993 1176/340/994 1174/337/990
f 1001/341/995 997/174/991 1175/338/992 1177/342/995
f 999/339/993 1003/343/58 1178/344/58 1176/340/994
f 1005/345/996 1001/341/995 1177/342/995 1179/346/997
f 1003/343/58 1007/347/58 1180/348/58 1178/344/58
f 1009/349/63 1005/345/996 1179/346/997 1181/350/63
f 1007/347/58 1011/351/58 1182/352/58 1180/348/58
f 1013/353/998 1009/349/63 1181/350/63 1183/354/999
f 1011/351/58 1015/355/58 1184/356/58 1182/352/58
f 1017/357/1000 1013/353/998 1183/354/999 1185/358/1000
f 1015/355/58 1019/359/58 1186/360/58 1184/356/58
f 1021/361/1001 1017/357/1000 1185/358/1000 1187/362/1002
f 1019/359/58 1023/363/58 1188/364/58 1186/360/58
f 1025/365/63 1021/361/1001 1187/362/1002 1189/366/63
f 1023/363/58 1027/367/58 1190/368/58 1188/364/58
f 1029/369/63 1025/365/63 1189/366/63 1191/370/63
f 1027/367/58 1031/371/58 1192/372/58 1190/368/58
f 1033/373/63 1029/369/63 1191/370/63 1193/374/63
f 1031/371/58 1035/375/1003 1194/376/1003 1192/372/58
f 1037/377/63 1033/373/63 1193/374/63 1195/378/63
f 1035/375/1003 1039/379/1004 1196/380/1005 1194/376/1003
f 937/281/63 1037/377/63 1195/378/63 1146/282/63
f 1039/379/1004 939/284/959 1147/287/962 1196/380/1005
f 1200/285/1006 1199/284/1006 1248/379/1006 1246/375/1006 1244/371/1006 1242/367/1006 1240/363/1006 1238/359/1006 1236/355/1006 1234/351/1006 1232/347/1006 1230/343/1006 1228/339/1006 1226/336/1006 1224/333/1006 1222/329/1006 1220/325/1006 1218/321/1006 1216/317/1006 1214/313/1006 1212/309/1006 1210/305/1006 1208/301/1006 1206/297/1006 1204/293/1006 1202/289/1006
f 1198/281/1007 1197/70/1007 1201/71/1007 1203/291/1007 1205/295/1007 1207/299/1007 1209/303/1007 1211/307/1007 1213/311/1007 1215/315/1007 1217/319/1007 1219/323/1007 1221/327/1007 1223/331/1007 1225/173/1007 1227/174/1007 1229/341/1007 1231/345/1007 1233/349/1007 1235/353/1007 1237/357/1007 1239/361/1007 1241/365/1007 1243/369/1007 1245/373/1007 1247/377/1007
f 999/339/1008 995/336/1009 1226/336/1009 1228/339/1010
f 947/289/1011 943/285/1012 1200/285/1013 1202/289/1014
f 997/174/850 1001/341/1015 1229/341/1015 1227/174/851
f 945/71/777 949/291/1016 1203/291/1016 1201/71/777
f 1003/343/1017 999/339/1008 1228/339/1010 1230/343/1017
f 951/293/1018 947/289/1011 1202/289/1014 1204/293/1019
f 1001/341/1015 1005/345/1020 1231/345/1021 1229/341/1015
f 949/291/1016 953/295/1022 1205/295/1023 1203/291/1016
f 1007/347/1024 1003/343/1017 1230/343/1017 1232/347/1024
f 955/297/1025 951/293/1018 1204/293/1019 1206/297/1026
f 1005/345/1020 1009/349/1027 1233/349/1027 1231/345/1021
f 953/295/1022 957/299/1028 1207/299/1028 1205/295/1023
f 1011/351/1029 1007/347/1024 1232/347/1024 1234/351/1029
f 959/301/1030 955/297/1025 1206/297/1026 1208/301/1031
f 1009/349/1027 1013/353/1032 1235/353/1033 1233/349/1027
f 957/299/1028 961/303/1034 1209/303/1035 1207/299/1028
f 1015/355/1036 1011/351/1029 1234/351/1029 1236/355/1036
f 963/305/1037 959/301/1030 1208/301/1031 1210/305/1037
f 1013/353/1032 1017/357/1038 1237/357/1039 1235/353/1033
f 961/303/1034 965/307/1040 1211/307/1040 1209/303/1035
f 1019/359/1041 1015/355/1036 1236/355/1036 1238/359/1041
f 967/309/1042 963/305/1037 1210/305/1037 1212/309/1043
f 1017/357/1038 1021/361/1044 1239/361/1045 1237/357/1039
f 965/307/1040 969/311/1046 1213/311/1046 1211/307/1040
f 1023/363/1047 1019/359/1041 1238/359/1041 1240/363/1047
f 971/313/1048 967/309/1042 1212/309/1043 1214/313/1049
f 1021/361/1044 1025/365/1050 1241/365/1050 1239/361/1045
f 969/311/1046 973/315/1051 1215/315/1051 1213/311/1046
f 1027/367/1052 1023/363/1047 1240/363/1047 1242/367/1052
f 975/317/1053 971/313/1048 1214/313/1049 1216/317/1054
f 1025/365/1050 1029/369/1055 1243/369/1055 1241/365/1050
f 973/315/1051 977/319/1056 1217/319/1056 1215/315/1051
f 1031/371/1057 1027/367/1052 1242/367/1052 1244/371/1057
f 979/321/1058 975/317/1053 1216/317/1054 1218/321/1059
f 1029/369/1055 1033/373/1060 1245/373/1061 1243/369/1055
f 977/319/1056 981/323/1062 1219/323/1062 1217/319/1056
f 1035/375/1063 1031/371/1057 1244/371/1057 1246/375/1064
f 983/325/1065 979/321/1058 1218/321/1059 1220/325/1065
f 1033/373/1060 1037/377/1066 1247/377/1066 1245/373/1061
f 981/323/1062 985/327/1067 1221/327/1067 1219/323/1062
f 1039/379/1068 1035/375/1063 1246/375/1064 1248/379/1069
f 987/329/1070 983/325/1065 1220/325/1065 1222/329/1071
f 1037/377/1066 937/281/1072 1198/281/1072 1247/377/1066
f 985/327/1067 989/331/1073 1223/331/1073 1221/327/1067
f 939/284/1074 1039/379/1068 1248/379/1069 1199/284/1075
f 991/333/1076 987/329/1070 1222/329/1071 1224/333/1077
f 989/331/1073 993/173/849 1225/173/849 1223/331/1073
f 937/281/1072 941/70/776 1197/70/776 1198/281/1072
f 995/336/1009 991/333/1076 1224/333/1077 1226/336/1009
f 943/285/1012 939/284/1074 1199/284/1075 1200/285/1013
f 1349/1/1078 1456/2/1079 1356/3/1080 1252/4/1081
f 1362/5/1082 1260/6/1083 1264/7/1084 1366/8/1085
f 1366/9/1085 1264/7/1084 1268/10/1086 1370/11/1087
f 1370/11/1087 1268/10/1086 1272/12/1088 1374/13/1088
f 1374/13/1088 1272/12/1088 1276/14/1089 1378/15/1090
f 1378/16/1090 1276/14/1089 1280/17/1091 1382/18/1092
f 1382/18/1092 1280/17/1091 1284/19/1093 1386/20/1094
f 1386/21/1094 1284/19/1093 1288/22/1095 1390/23/1096
f 1390/23/1096 1288/22/1095 1292/24/1097 1394/25/1098
f 1394/25/1098 1292/24/1097 1296/26/1099 1398/27/1100
f 1398/28/1100 1296/26/1099 1300/29/1101 1402/30/1102
f 1402/31/1102 1300/29/1101 1304/32/1103 1406/33/1104
f 1406/34/1104 1304/32/1103 1308/35/1105 1410/36/1106
f 1410/36/1106 1308/35/1105 1312/37/1107 1414/38/1108
f 1414/38/1108 1312/37/1107 1316/39/1109 1418/40/1109
f 1418/41/1109 1316/39/1109 1320/42/1110 1422/43/1111
f 1422/43/1111 1320/42/1110 1324/44/1112 1426/45/1113
f 1426/45/1113 1324/44/1112 1328/46/1114 1430/47/1115
f 1430/47/1115 1328/46/1114 1332/48/1116 1434/49/1116
f 1434/49/1116 1332/48/1116 1336/50/1117 1438/51/1118
f 1438/51/1118 1336/50/1117 1340/52/1119 1442/53/1120
f 1442/53/1120 1340/52/1119 1344/54/1121 1446/55/1122
f 1446/55/1122 1344/54/1121 1348/56/1123 1450/57/1124
f 1450/58/1124 1348/56/1123 1352/59/1125 1454/60/1126
f 1252/61/1081 1356/62/1080 1360/63/1127 1253/64/1128
f 1358/65/1129 1256/66/1130 1260/6/1083 1362/5/1082
f 1454/67/1126 1352/59/1125 1249/68/1131 1354/69/1132
f 1357/70/1133 1361/71/1134 1617/71/1134 1613/70/1133
f 1351/74/1135 1350/75/1135 1251/76/1136 1250/77/1136
f 1345/79/1137 1452/80/1138 1456/2/1079 1349/1/1078
f 1347/83/1139 1346/84/1139 1350/75/1135 1351/74/1135
f 1341/78/1140 1448/86/1141 1452/80/1138 1345/79/1137
f 1343/89/1142 1342/85/1142 1346/84/1139 1347/83/1139
f 1337/90/1143 1444/91/1144 1448/86/1141 1341/78/1140
f 1339/92/1145 1338/93/1145 1342/85/1142 1343/89/1142
f 1333/94/1146 1440/95/1147 1444/91/1144 1337/90/1143
f 1335/97/1148 1334/98/1148 1338/93/1145 1339/92/1145
f 1329/99/1149 1436/100/1150 1440/95/1147 1333/94/1146
f 1331/102/1151 1330/103/1151 1334/98/1148 1335/97/1148
f 1325/104/1152 1432/105/1153 1436/100/1150 1329/99/1149
f 1327/107/1154 1326/108/1154 1330/103/1151 1331/102/1151
f 1321/109/1155 1428/110/1156 1432/105/1153 1325/104/1152
f 1323/111/1157 1322/112/1157 1326/108/1154 1327/107/1154
f 1317/113/1158 1424/114/1159 1428/110/1156 1321/109/1155
f 1319/116/1160 1318/117/1160 1322/112/1157 1323/111/1157
f 1313/118/1161 1420/119/1162 1424/114/1159 1317/113/1158
f 1315/121/1163 1314/122/1163 1318/117/1160 1319/116/1160
f 1309/123/1164 1416/124/1165 1420/119/1162 1313/118/1161
f 1311/126/1166 1310/127/1166 1314/122/1163 1315/121/1163
f 1305/128/1167 1412/129/1167 1416/124/1165 1309/123/1164
f 1307/130/1168 1306/131/1168 1310/127/1166 1311/126/1166
f 1301/115/1169 1408/132/1170 1412/129/1167 1305/128/1167
f 1303/125/1171 1302/120/1171 1306/131/1168 1307/130/1168
f 1297/96/1172 1404/133/1173 1408/132/1170 1301/115/1169
f 1299/106/1174 1298/101/1174 1302/120/1171 1303/125/1171
f 1293/73/1175 1400/136/1176 1404/133/1173 1297/96/1172
f 1295/88/1177 1294/81/1177 1298/101/1174 1299/106/1174
f 1289/72/1178 1396/139/1179 1400/136/1176 1293/73/1175
f 1291/87/1180 1290/82/1180 1294/81/1177 1295/88/1177
f 1285/141/1181 1392/142/1182 1396/139/1179 1289/72/1178
f 1287/144/1183 1286/145/1183 1290/82/1180 1291/87/1180
f 1281/146/1184 1388/147/1185 1392/142/1182 1285/141/1181
f 1283/149/1186 1282/150/1186 1286/145/1183 1287/144/1183
f 1277/151/1187 1384/152/1188 1388/147/1185 1281/146/1184
f 1279/154/1189 1278/155/1189 1282/150/1186 1283/149/1186
f 1273/156/1190 1380/157/1191 1384/152/1188 1277/151/1187
f 1275/158/1192 1274/159/1192 1278/155/1189 1279/154/1189
f 1269/160/1193 1376/161/1194 1380/157/1191 1273/156/1190
f 1271/163/1195 1270/164/1195 1274/159/1192 1275/158/1192
f 1265/165/1196 1372/166/1197 1376/161/1194 1269/160/1193
f 1267/168/1198 1266/169/1198 1270/164/1195 1271/163/1195
f 1261/162/1199 1368/170/1200 1372/166/1197 1265/165/1196
f 1263/171/1201 1262/167/1201 1266/169/1198 1267/168/1198
f 1257/143/1202 1364/172/1203 1368/170/1200 1261/162/1199
f 1259/153/1204 1258/148/1204 1262/167/1201 1263/171/1201
f 1253/64/1128 1360/63/1127 1364/172/1203 1257/143/1202
f 1255/138/1205 1254/134/1205 1258/148/1204 1259/153/1204
f 1409/173/1206 1413/174/1207 1643/174/1208 1641/173/1206
f 1250/137/1136 1251/135/1136 1254/134/1205 1255/138/1205
f 1354/175/1132 1358/176/1129 1561/177/1209 1562/178/1210
f 1360/63/1127 1356/62/1080 1563/179/1211 1564/180/1212
f 1358/65/1129 1362/5/1082 1565/181/1213 1561/182/1209
f 1364/172/1203 1360/63/1127 1564/183/1212 1566/184/1214
f 1362/5/1082 1366/8/1085 1567/185/1215 1565/186/1213
f 1368/170/1200 1364/172/1203 1566/187/1214 1568/188/1216
f 1366/9/1085 1370/11/1087 1569/189/1217 1567/190/1215
f 1372/166/1197 1368/170/1200 1568/191/1216 1570/192/1218
f 1370/11/1087 1374/13/1219 1571/193/1219 1569/194/1217
f 1376/161/1194 1372/166/1197 1570/195/1218 1572/196/1220
f 1374/13/1219 1378/15/1090 1573/197/1221 1571/198/1219
f 1380/157/1191 1376/161/1194 1572/199/1220 1574/200/1222
f 1378/16/1090 1382/18/1092 1575/201/1223 1573/202/1221
f 1384/152/1224 1380/157/1191 1574/203/1222 1576/204/1225
f 1382/18/1092 1386/20/1094 1577/205/1226 1575/206/1223
f 1388/147/1185 1384/152/1224 1576/207/1225 1578/208/1227
f 1386/21/1094 1390/23/1096 1579/209/1228 1577/210/1226
f 1392/142/1182 1388/147/1185 1578/211/1227 1580/212/1229
f 1390/23/1096 1394/25/1098 1581/213/1230 1579/214/1228
f 1396/139/1179 1392/142/1182 1580/215/1229 1582/216/1231
f 1394/25/1098 1398/27/1100 1583/217/1232 1581/218/1230
f 1400/136/1176 1396/139/1179 1582/219/1231 1584/220/1233
f 1398/28/1100 1402/30/1102 1585/221/1234 1583/222/1232
f 1404/133/1173 1400/136/1176 1584/223/1233 1586/224/1235
f 1402/31/1102 1406/33/1104 1587/225/1236 1585/226/1234
f 1408/132/1170 1404/133/1173 1586/227/1235 1588/228/1237
f 1406/34/1104 1410/36/1106 1589/229/1238 1587/230/1236
f 1412/129/1239 1408/132/1170 1588/231/1237 1590/232/1239
f 1410/36/1106 1414/38/1108 1591/233/1240 1589/234/1238
f 1416/124/1165 1412/129/1239 1590/235/1239 1592/236/1241
f 1414/38/1108 1418/40/1242 1593/237/1242 1591/238/1240
f 1420/119/1162 1416/124/1165 1592/239/1241 1594/240/1243
f 1418/41/1242 1422/43/1111 1595/241/1244 1593/242/1242
f 1424/114/1159 1420/119/1162 1594/243/1243 1596/244/1245
f 1422/43/1111 1426/45/1113 1597/245/1246 1595/246/1244
f 1428/110/1156 1424/114/1159 1596/247/1245 1598/248/1247
f 1426/45/1113 1430/47/1115 1599/249/1248 1597/250/1246
f 1432/105/1153 1428/110/1156 1598/251/1247 1600/252/1249
f 1430/47/1115 1434/49/1250 1601/253/1251 1599/254/1248
f 1436/100/1150 1432/105/1153 1600/255/1249 1602/256/1252
f 1434/49/1250 1438/51/1118 1603/257/1253 1601/258/1251
f 1440/95/1147 1436/100/1150 1602/259/1252 1604/260/1254
f 1438/51/1118 1442/53/1120 1605/261/1255 1603/262/1253
f 1444/91/1144 1440/95/1147 1604/263/1254 1606/264/1256
f 1442/53/1120 1446/55/1122 1607/265/1257 1605/266/1255
f 1448/86/1141 1444/91/1144 1606/267/1256 1608/268/1258
f 1446/55/1122 1450/57/1124 1609/269/1259 1607/270/1257
f 1452/80/1138 1448/86/1141 1608/271/1258 1610/272/1260
f 1450/58/1124 1454/60/1126 1611/273/1261 1609/274/1259
f 1456/2/1079 1452/80/1138 1610/275/1260 1612/276/1262
f 1454/67/1126 1354/69/1132 1562/277/1210 1611/278/1261
f 1356/3/1080 1456/2/1079 1612/279/1262 1563/280/1211
f 1354/175/1132 1249/140/1131 1256/66/1130 1358/176/1129
f 1357/70/63 1353/281/63 1562/282/63 1561/283/63
f 1355/284/1316 1359/285/1317 1564/286/1318 1563/287/1319
f 1361/71/63 1357/70/63 1561/283/63 1565/288/63
f 1359/285/1317 1363/289/1320 1566/290/1321 1564/286/1318
f 1365/291/63 1361/71/63 1565/288/63 1567/292/63
f 1363/289/1320 1367/293/1322 1568/294/1322 1566/290/1321
f 1369/295/1323 1365/291/63 1567/292/63 1569/296/1324
f 1367/293/1322 1371/297/1325 1570/298/1326 1568/294/1322
f 1373/299/1327 1369/295/1323 1569/296/1324 1571/300/1327
f 1371/297/1325 1375/301/1328 1572/302/1329 1570/298/1326
f 1377/303/1330 1373/299/1331 1571/300/1331 1573/304/1332
f 1375/301/1328 1379/305/1333 1574/306/1334 1572/302/1329
f 1381/307/63 1377/303/1330 1573/304/1332 1575/308/63
f 1379/305/1333 1383/309/1335 1576/310/1336 1574/306/1334
f 1385/311/63 1381/307/63 1575/308/63 1577/312/63
f 1383/309/1335 1387/313/1337 1578/314/1338 1576/310/1336
f 1389/315/63 1385/311/63 1577/312/63 1579/316/63
f 1387/313/1337 1391/317/1339 1580/318/1340 1578/314/1338
f 1393/319/63 1389/315/63 1579/316/63 1581/320/63
f 1391/317/1339 1395/321/1341 1582/322/1342 1580/318/1340
f 1397/323/63 1393/319/63 1581/320/63 1583/324/63
f 1395/321/1341 1399/325/1343 1584/326/1343 1582/322/1342
f 1401/327/63 1397/323/63 1583/324/63 1585/328/63
f 1399/325/1343 1403/329/1344 1586/330/1345 1584/326/1343
f 1405/331/63 1401/327/63 1585/328/63 1587/332/63
f 1403/329/1344 1407/333/1346 1588/334/1347 1586/330/1345
f 1409/173/63 1405/331/63 1587/332/63 1589/335/63
f 1407/333/1346 1411/336/1348 1590/337/1348 1588/334/1347
f 1413/174/1349 1409/173/63 1589/335/63 1591/338/1350
f 1411/336/1348 1415/339/1351 1592/340/1352 1590/337/1348
f 1417/341/1353 1413/174/1349 1591/338/1350 1593/342/1353
f 1415/339/1351 1419/343/58 1594/344/58 1592/340/1352
f 1421/345/1354 1417/341/1353 1593/342/1353 1595/346/1355
f 1419/343/58 1423/347/58 1596/348/58 1594/344/58
f 1425/349/63 1421/345/1354 1595/346/1355 1597/350/63
f 1423/347/58 1427/351/58 1598/352/58 1596/348/58
f 1429/353/1356 1425/349/63 1597/350/63 1599/354/1357
f 1427/351/58 1431/355/58 1600/356/58 1598/352/58
f 1433/357/1358 1429/353/1356 1599/354/1357 1601/358/1358
f 1431/355/58 1435/359/58 1602/360/58 1600/356/58
f 1437/361/1359 1433/357/1358 1601/358/1358 1603/362/1360
f 1435/359/58 1439/363/58 1604/364/58 1602/360/58
f 1441/365/63 1437/361/1359 1603/362/1360 1605/366/63
f 1439/363/58 1443/367/58 1606/368/58 1604/364/58
f 1445/369/63 1441/365/63 1605/366/63 1607/370/63
f 1443/367/58 1447/371/58 1608/372/58 1606/368/58
f 1449/373/63 1445/369/63 1607/370/63 1609/374/63
f 1447/371/58 1451/375/1361 1610/376/1361 1608/372/58
f 1453/377/63 1449/373/63 1609/374/63 1611/378/63
f 1451/375/1361 1455/379/1362 1612/380/1363 1610/376/1361
f 1353/281/63 1453/377/63 1611/378/63 1562/282/63
f 1455/379/1362 1355/284/1316 1563/287/1319 1612/380/1363
f 1616/285/1364 1615/284/1364 1664/379/1364 1662/375/1364 1660/371/1364 1658/367/1364 1656/363/1364 1654/359/1364 1652/355/1364 1650/351/1364 1648/347/1364 1646/343/1364 1644/339/1364 1642/336/1364 1640/333/1364 1638/329/1364 1636/325/1364 1634/321/1364 1632/317/1364 1630/313/1364 1628/309/1364 1626/305/1364 1624/301/1364 1622/297/1364 1620/293/1364 1618/289/1364
f 1614/281/1365 1613/70/1365 1617/71/1365 1619/291/1365 1621/295/1365 1623/299/1365 1625/303/1365 1627/307/1365 1629/311/1365 1631/315/1365 1633/319/1365 1635/323/1365 1637/327/1365 1639/331/1365 1641/173/1365 1643/174/1365 1645/341/1365 1647/345/1365 1649/349/1365 1651/353/1365 1653/357/1365 1655/361/1365 1657/365/1365 1659/369/1365 1661/373/1365 1663/377/1365
f 1415/339/1366 1411/336/1367 1642/336/1367 1644/339/1368
f 1363/289/1369 1359/285/1370 1616/285/1371 1618/289/1372
f 1413/174/1207 1417/341/1373 1645/341/1373 1643/174/1208
f 1361/71/1134 1365/291/1374 1619/291/1374 1617/71/1134
f 1419/343/1375 1415/339/1366 1644/339/1368 1646/343/1375
f 1367/293/1376 1363/289/1369 1618/289/1372 1620/293/1377
f 1417/341/1373 1421/345/1378 1647/345/1379 1645/341/1373
f 1365/291/1374 1369/295/1380 1621/295/1381 1619/291/1374
f 1423/347/1382 1419/343/1375 1646/343/1375 1648/347/1382
f 1371/297/1383 1367/293/1376 1620/293/1377 1622/297/1384
f 1421/345/1378 1425/349/1385 1649/349/1385 1647/345/1379
f 1369/295/1380 1373/299/1386 1623/299/1386 1621/295/1381
f 1427/351/1387 1423/347/1382 1648/347/1382 1650/351/1387
f 1375/301/1388 1371/297/1383 1622/297/1384 1624/301/1389
f 1425/349/1385 1429/353/1390 1651/353/1391 1649/349/1385
f 1373/299/1386 1377/303/1392 1625/303/1393 1623/299/1386
f 1431/355/1394 1427/351/1387 1650/351/1387 1652/355/1394
f 1379/305/1395 1375/301/1388 1624/301/1389 1626/305/1395
f 1429/353/1390 1433/357/1396 1653/357/1397 1651/353/1391
f 1377/303/1392 1381/307/1398 1627/307/1398 1625/303/1393
f 1435/359/1399 1431/355/1394 1652/355/1394 1654/359/1399
f 1383/309/1400 1379/305/1395 1626/305/1395 1628/309/1401
f 1433/357/1396 1437/361/1402 1655/361/1403 1653/357/1397
f 1381/307/1398 1385/311/1404 1629/311/1404 1627/307/1398
f 1439/363/1405 1435/359/1399 1654/359/1399 1656/363/1405
f 1387/313/1406 1383/309/1400 1628/309/1401 1630/313/1407
f 1437/361/1402 1441/365/1408 1657/365/1408 1655/361/1403
f 1385/311/1404 1389/315/1409 1631/315/1409 1629/311/1404
f 1443/367/1410 1439/363/1405 1656/363/1405 1658/367/1410
f 1391/317/1411 1387/313/1406 1630/313/1407 1632/317/1412
f 1441/365/1408 1445/369/1413 1659/369/1413 1657/365/1408
f 1389/315/1409 1393/319/1414 1633/319/1414 1631/315/1409
f 1447/371/1415 1443/367/1410 1658/367/1410 1660/371/1415
f 1395/321/1416 1391/317/1411 1632/317/1412 1634/321/1417
f 1445/369/1413 1449/373/1418 1661/373/1418 1659/369/1413
f 1393/319/1414 1397/323/1419 1635/323/1419 1633/319/1414
f 1451/375/1420 1447/371/1415 1660/371/1415 1662/375/1421
f 1399/325/1422 1395/321/1416 1634/321/1417 1636/325/1422
f 1449/373/1418 1453/377/1423 1663/377/1423 1661/373/1418
f 1397/323/1419 1401/327/1424 1637/327/1424 1635/323/1419
f 1455/379/1425 1451/375/1420 1662/375/1421 1664/379/1426
f 1403/329/1427 1399/325/1422 1636/325/1422 1638/329/1428
f 1453/377/1423 1353/281/1429 1614/281/1429 1663/377/1423
f 1401/327/1424 1405/331/1430 1639/331/1430 1637/327/1424
f 1355/284/1431 1455/379/1425 1664/379/1426 1615/284/1432
f 1407/333/1433 1403/329/1427 1638/329/1428 1640/333/1434
f 1405/331/1430 1409/173/1206 1641/173/1206 1639/331/1430
f 1353/281/1429 1357/70/1133 1613/70/1133 1614/281/1429
f 1411/336/1367 1407/333/1433 1640/333/1434 1642/336/1367
f 1359/285/1370 1355/284/1431 1615/284/1432 1616/285/1371
f 1765/1/1435 1872/2/1436 1772/3/1437 1668/4/1438
f 1778/5/1439 1676/6/1440 1680/7/1441 1782/8/1442
f 1782/9/1442 1680/7/1441 1684/10/1443 1786/11/1444
f 1786/11/1444 1684/10/1443 1688/12/1445 1790/13/1445
f 1790/13/1445 1688/12/1445 1692/14/1446 1794/15/1447
f 1794/16/1447 1692/14/1446 1696/17/1448 1798/18/1449
f 1798/18/1449 1696/17/1448 1700/19/1450 1802/20/1451
f 1802/21/1451 1700/19/1450 1704/22/1452 1806/23/1453
f 1806/23/1453 1704/22/1452 1708/24/1454 1810/25/1455
f 1810/25/1455 1708/24/1454 1712/26/1456 1814/27/1457
f 1814/28/1457 1712/26/1456 1716/29/1458 1818/30/1459
f 1818/31/1459 1716/29/1458 1720/32/1460 1822/33/1461
f 1822/34/1461 1720/32/1460 1724/35/1462 1826/36/1463
f 1826/36/1463 1724/35/1462 1728/37/1464 1830/38/1465
f 1830/38/1465 1728/37/1464 1732/39/1466 1834/40/1466
f 1834/41/1466 1732/39/1466 1736/42/1467 1838/43/1468
f 1838/43/1468 1736/42/1467 1740/44/1469 1842/45/1470
f 1842/45/1470 1740/44/1469 1744/46/1471 1846/47/1472
f 1846/47/1472 1744/46/1471 1748/48/1473 1850/49/1473
f 1850/49/1473 1748/48/1473 1752/50/1474 1854/51/1475
f 1854/51/1475 1752/50/1474 1756/52/1476 1858/53/1477
f 1858/53/1477 1756/52/1476 1760/54/1478 1862/55/1479
f 1862/55/1479 1760/54/1478 1764/56/1480 1866/57/1481
f 1866/58/1481 1764/56/1480 1768/59/1482 1870/60/1483
f 1668/61/1438 1772/62/1437 1776/63/1484 1669/64/1485
f 1774/65/1486 1672/66/1487 1676/6/1440 1778/5/1439
f 1870/67/1483 1768/59/1482 1665/68/1488 1770/69/1489
f 1773/70/1490 1777/71/1491 2033/71/1491 2029/70/1490
f 1767/74/1492 1766/75/1492 1667/76/1493 1666/77/1493
f 1761/79/1494 1868/80/1495 1872/2/1436 1765/1/1435
f 1763/83/1496 1762/84/1496 1766/75/1492 1767/74/1492
f 1757/78/1497 1864/86/1498 1868/80/1495 1761/79/1494
f 1759/89/1499 1758/85/1499 1762/84/1496 1763/83/1496
f 1753/90/1500 1860/91/1501 1864/86/1498 1757/78/1497
f 1755/92/1502 1754/93/1502 1758/85/1499 1759/89/1499
f 1749/94/1503 1856/95/1504 1860/91/1501 1753/90/1500
f 1751/97/1505 1750/98/1505 1754/93/1502 1755/92/1502
f 1745/99/1506 1852/100/1507 1856/95/1504 1749/94/1503
f 1747/102/1508 1746/103/1508 1750/98/1505 1751/97/1505
f 1741/104/1509 1848/105/1510 1852/100/1507 1745/99/1506
f 1743/107/1512 1742/108/1512 1746/103/1508 1747/102/1508
f 1737/109/1513 1844/110/1514 1848/105/1510 1741/104/1509
f 1739/111/1515 1738/112/1515 1742/108/1512 1743/107/1512
f 1733/113/1516 1840/114/1517 1844/110/1514 1737/109/1513
f 1735/116/1518 1734/117/1518 1738/112/1515 1739/111/1515
f 1729/118/1519 1836/119/1520 1840/114/1517 1733/113/1516
f 1731/121/1521 1730/122/1521 1734/117/1518 1735/116/1518
f 1725/123/1522 1832/124/1523 1836/119/1520 1729/118/1519
f 1727/126/1524 1726/127/1524 1730/122/1521 1731/121/1521
f 1721/128/1525 1828/129/1525 1832/124/1523 1725/123/1522
f 1723/130/1526 1722/131/1526 1726/127/1524 1727/126/1524
f 1717/115/1527 1824/132/1528 1828/129/1525 1721/128/1525
f 1719/125/1529 1718/120/1529 1722/131/1526 1723/130/1526
f 1713/96/1530 1820/133/1531 1824/132/1528 1717/115/1527
f 1715/106/1533 1714/101/1533 1718/120/1529 1719/125/1529
f 1709/73/1534 1816/136/1535 1820/133/1531 1713/96/1530
f 1711/88/1536 1710/81/1536 1714/101/1533 1715/106/1533
f 1705/72/1537 1812/139/1538 1816/136/1535 1709/73/1534
f 1707/87/1539 1706/82/1539 1710/81/1536 1711/88/1536
f 1701/141/1540 1808/142/1541 1812/139/1538 1705/72/1537
f 1703/144/1542 1702/145/1542 1706/82/1539 1707/87/1539
f 1697/146/1543 1804/147/1544 1808/142/1541 1701/141/1540
f 1699/149/1545 1698/150/1545 1702/145/1542 1703/144/1542
f 1693/151/1546 1800/152/1547 1804/147/1544 1697/146/1543
f 1695/154/1548 1694/155/1548 1698/150/1545 1699/149/1545
f 1689/156/1549 1796/157/1550 1800/152/1547 1693/151/1546
f 1691/158/1551 1690/159/1551 1694/155/1548 1695/154/1548
f 1685/160/1552 1792/161/1553 1796/157/1550 1689/156/1549
f 1687/163/1554 1686/164/1554 1690/159/1551 1691/158/1551
f 1681/165/1555 1788/166/1556 1792/161/1553 1685/160/1552
f 1683/168/1557 1682/169/1557 1686/164/1554 1687/163/1554
f 1677/162/1558 1784/170/1559 1788/166/1556 1681/165/1555
f 1679/171/1560 1678/167/1560 1682/169/1557 1683/168/1557
f 1673/143/1561 1780/172/1562 1784/170/1559 1677/162/1558
f 1675/153/1563 1674/148/1563 1678/167/1560 1679/171/1560
f 1669/64/1485 1776/63/1484 1780/172/1562 1673/143/1561
f 1671/138/1566 1670/134/1566 1674/148/1563 1675/153/1563
f 1825/173/1567 1829/174/1568 2059/174/1569 2057/173/1567
f 1666/137/1493 1667/135/1493 1670/134/1566 1671/138/1566
f 1770/175/1489 1774/176/1486 1977/177/1570 1978/178/1571
f 1776/63/1484 1772/62/1437 1979/179/1572 1980/180/1573
f 1774/65/1486 1778/5/1439 1981/181/1574 1977/182/1570
f 1780/172/1562 1776/63/1484 1980/183/1573 1982/184/1575
f 1778/5/1439 1782/8/1442 1983/185/1576 1981/186/1574
f 1784/170/1559 1780/172/1562 1982/187/1575 1984/188/1577
f 1782/9/1442 1786/11/1444 1985/189/1578 1983/190/1576
f 1788/166/1556 1784/170/1559 1984/191/1577 1986/192/1579
f 1786/11/1444 1790/13/1580 1987/193/1580 1985/194/1578
f 1792/161/1553 1788/166/1556 1986/195/1579 1988/196/1581
f 1790/13/1580 1794/15/1447 1989/197/1582 1987/198/1580
f 1796/157/1550 1792/161/1553 1988/199/1581 1990/200/1583
f 1794/16/1447 1798/18/1449 1991/201/1584 1989/202/1582
f 1800/152/1585 1796/157/1550 1990/203/1583 1992/204/1586
f 1798/18/1449 1802/20/1451 1993/205/1587 1991/206/1584
f 1804/147/1544 1800/152/1585 1992/207/1586 1994/208/1588
f 1802/21/1451 1806/23/1453 1995/209/1589 1993/210/1587
f 1808/142/1541 1804/147/1544 1994/211/1588 1996/212/1590
f 1806/23/1453 1810/25/1455 1997/213/1591 1995/214/1589
f 1812/139/1538 1808/142/1541 1996/215/1590 1998/216/1592
f 1810/25/1455 1814/27/1457 1999/217/1593 1997/218/1591
f 1816/136/1535 1812/139/1538 1998/219/1592 2000/220/1594
f 1814/28/1457 1818/30/1459 2001/221/1595 1999/222/1593
f 1820/133/1531 1816/136/1535 2000/223/1594 2002/224/1596
f 1818/31/1459 1822/33/1461 2003/225/1597 2001/226/1595
f 1824/132/1528 1820/133/1531 2002/227/1596 2004/228/1598
f 1822/34/1461 1826/36/1463 2005/229/1599 2003/230/1597
f 1828/129/1600 1824/132/1528 2004/231/1598 2006/232/1600
f 1826/36/1463 1830/38/1465 2007/233/1601 2005/234/1599
f 1832/124/1523 1828/129/1600 2006/235/1600 2008/236/1602
f 1830/38/1465 1834/40/1603 2009/237/1603 2007/238/1601
f 1836/119/1520 1832/124/1523 2008/239/1602 2010/240/1604
f 1834/41/1603 1838/43/1468 2011/241/1605 2009/242/1603
f 1840/114/1517 1836/119/1520 2010/243/1604 2012/244/1606
f 1838/43/1468 1842/45/1470 2013/245/1607 2011/246/1605
f 1844/110/1514 1840/114/1517 2012/247/1606 2014/248/1608
f 1842/45/1470 1846/47/1472 2015/249/1609 2013/250/1607
f 1848/105/1510 1844/110/1514 2014/251/1608 2016/252/1610
f 1846/47/1472 1850/49/1611 2017/253/1612 2015/254/1609
f 1852/100/1507 1848/105/1510 2016/255/1610 2018/256/1613
f 1850/49/1611 1854/51/1475 2019/257/1614 2017/258/1612
f 1856/95/1504 1852/100/1507 2018/259/1613 2020/260/1615
f 1854/51/1475 1858/53/1477 2021/261/1616 2019/262/1614
f 1860/91/1501 1856/95/1504 2020/263/1615 2022/264/1617
f 1858/53/1477 1862/55/1479 2023/265/1618 2021/266/1616
f 1864/86/1498 1860/91/1501 2022/267/1617 2024/268/1619
f 1862/55/1479 1866/57/1481 2025/269/1620 2023/270/1618
f 1868/80/1495 1864/86/1498 2024/271/1619 2026/272/1621
f 1866/58/1481 1870/60/1483 2027/273/1622 2025/274/1620
f 1872/2/1436 1868/80/1495 2026/275/1621 2028/276/1623
f 1870/67/1483 1770/69/1489 1978/277/1571 2027/278/1622
f 1772/3/1437 1872/2/1436 2028/279/1623 1979/280/1572
f 1770/175/1489 1665/140/1488 1672/66/1487 1774/176/1486
f 1773/70/419 1769/281/419 1978/282/419 1977/283/419
f 1771/284/1684 1775/285/1685 1980/286/1686 1979/287/1687
f 1777/71/419 1773/70/419 1977/283/419 1981/288/419
f 1775/285/1685 1779/289/1688 1982/290/1689 1980/286/1686
f 1781/291/419 1777/71/419 1981/288/419 1983/292/419
f 1779/289/1688 1783/293/1690 1984/294/1690 1982/290/1689
f 1785/295/1691 1781/291/419 1983/292/419 1985/296/1692
f 1783/293/1690 1787/297/1693 1986/298/1694 1984/294/1690
f 1789/299/1695 1785/295/1691 1985/296/1692 1987/300/1695
f 1787/297/1693 1791/301/1696 1988/302/1697 1986/298/1694
f 1793/303/1698 1789/299/1699 1987/300/1699 1989/304/1700
f 1791/301/1696 1795/305/1701 1990/306/1702 1988/302/1697
f 1797/307/419 1793/303/1698 1989/304/1700 1991/308/419
f 1795/305/1701 1799/309/1703 1992/310/1704 1990/306/1702
f 1801/311/419 1797/307/419 1991/308/419 1993/312/419
f 1799/309/1703 1803/313/1705 1994/314/1706 1992/310/1704
f 1805/315/419 1801/311/419 1993/312/419 1995/316/419
f 1803/313/1705 1807/317/1707 1996/318/1708 1994/314/1706
f 1809/319/419 1805/315/419 1995/316/419 1997/320/419
f 1807/317/1707 1811/321/1709 1998/322/1710 1996/318/1708
f 1813/323/419 1809/319/419 1997/320/419 1999/324/419
f 1811/321/1709 1815/325/1711 2000/326/1711 1998/322/1710
f 1817/327/419 1813/323/419 1999/324/419 2001/328/419
f 1815/325/1711 1819/329/1712 2002/330/1713 2000/326/1711
f 1821/331/419 1817/327/419 2001/328/419 2003/332/419
f 1819/329/1712 1823/333/1714 2004/334/1715 2002/330/1713
f 1825/173/419 1821/331/419 2003/332/419 2005/335/419
f 1823/333/1714 1827/336/1716 2006/337/1716 2004/334/1715
f 1829/174/1717 1825/173/419 2005/335/419 2007/338/1718
f 1827/336/1716 1831/339/1719 2008/340/1720 2006/337/1716
f 1833/341/1721 1829/174/1717 2007/338/1718 2009/342/1721
f 1831/339/1719 1835/343/454 2010/344/454 2008/340/1720
f 1837/345/1722 1833/341/1721 2009/342/1721 2011/346/1723
f 1835/343/454 1839/347/454 2012/348/454 2010/344/454
f 1841/349/419 1837/345/1722 2011/346/1723 2013/350/419
f 1839/347/454 1843/351/454 2014/352/454 2012/348/454
f 1845/353/1724 1841/349/419 2013/350/419 2015/354/1725
f 1843/351/454 1847/355/454 2016/356/454 2014/352/454
f 1849/357/1726 1845/353/1724 2015/354/1725 2017/358/1726
f 1847/355/454 1851/359/454 2018/360/454 2016/356/454
f 1853/361/1727 1849/357/1726 2017/358/1726 2019/362/1728
f 1851/359/454 1855/363/454 2020/364/454 2018/360/454
f 1857/365/419 1853/361/1727 2019/362/1728 2021/366/419
f 1855/363/454 1859/367/454 2022/368/454 2020/364/454
f 1861/369/419 1857/365/419 2021/366/419 2023/370/419
f 1859/367/454 1863/371/454 2024/372/454 2022/368/454
f 1865/373/419 1861/369/419 2023/370/419 2025/374/419
f 1863/371/454 1867/375/1729 2026/376/1729 2024/372/454
f 1869/377/419 1865/373/419 2025/374/419 2027/378/419
f 1867/375/1729 1871/379/1730 2028/380/1731 2026/376/1729
f 1769/281/419 1869/377/419 2027/378/419 1978/282/419
f 1871/379/1730 1771/284/1684 1979/287/1687 2028/380/1731
f 2032/285/1732 2031/284/1732 2080/379/1732 2078/375/1732 2076/371/1732 2074/367/1732 2072/363/1732 2070/359/1732 2068/355/1732 2066/351/1732 2064/347/1732 2062/343/1732 2060/339/1732 2058/336/1732 2056/333/1732 2054/329/1732 2052/325/1732 2050/321/1732 2048/317/1732 2046/313/1732 2044/309/1732 2042/305/1732 2040/301/1732 2038/297/1732 2036/293/1732 2034/289/1732
f 2030/281/1733 2029/70/1733 2033/71/1733 2035/291/1733 2037/295/1733 2039/299/1733 2041/303/1733 2043/307/1733 2045/311/1733 2047/315/1733 2049/319/1733 2051/323/1733 2053/327/1733 2055/331/1733 2057/173/1733 2059/174/1733 2061/341/1733 2063/345/1733 2065/349/1733 2067/353/1733 2069/357/1733 2071/361/1733 2073/365/1733 2075/369/1733 2077/373/1733 2079/377/1733
f 1831/339/1734 1827/336/1735 2058/336/1735 2060/339/1736
f 1779/289/1737 1775/285/1738 2032/285/1739 2034/289/1740
f 1829/174/1568 1833/341/1741 2061/341/1741 2059/174/1569
f 1777/71/1491 1781/291/1742 2035/291/1742 2033/71/1491
f 1835/343/1743 1831/339/1734 2060/339/1736 2062/343/1743
f 1783/293/1744 1779/289/1737 2034/289/1740 2036/293/1745
f 1833/341/1741 1837/345/1746 2063/345/1747 2061/341/1741
f 1781/291/1742 1785/295/1748 2037/295/1749 2035/291/1742
f 1839/347/1750 1835/343/1743 2062/343/1743 2064/347/1750
f 1787/297/1751 1783/293/1744 2036/293/1745 2038/297/1752
f 1837/345/1746 1841/349/1753 2065/349/1753 2063/345/1747
f 1785/295/1748 1789/299/1754 2039/299/1754 2037/295/1749
f 1843/351/1755 1839/347/1750 2064/347/1750 2066/351/1755
f 1791/301/1756 1787/297/1751 2038/297/1752 2040/301/1757
f 1841/349/1753 1845/353/1758 2067/353/1759 2065/349/1753
f 1789/299/1754 1793/303/1760 2041/303/1761 2039/299/1754
f 1847/355/1762 1843/351/1755 2066/351/1755 2068/355/1762
f 1795/305/1763 1791/301/1756 2040/301/1757 2042/305/1763
f 1845/353/1758 1849/357/1764 2069/357/1765 2067/353/1759
f 1793/303/1760 1797/307/1766 2043/307/1766 2041/303/1761
f 1851/359/1767 1847/355/1762 2068/355/1762 2070/359/1767
f 1799/309/1768 1795/305/1763 2042/305/1763 2044/309/1769
f 1849/357/1764 1853/361/1770 2071/361/1771 2069/357/1765
f 1797/307/1766 1801/311/1772 2045/311/1772 2043/307/1766
f 1855/363/1773 1851/359/1767 2070/359/1767 2072/363/1773
f 1803/313/1774 1799/309/1768 2044/309/1769 2046/313/1775
f 1853/361/1770 1857/365/1776 2073/365/1776 2071/361/1771
f 1801/311/1772 1805/315/1777 2047/315/1777 2045/311/1772
f 1859/367/1778 1855/363/1773 2072/363/1773 2074/367/1778
f 1807/317/1779 1803/313/1774 2046/313/1775 2048/317/1780
f 1857/365/1776 1861/369/1781 2075/369/1781 2073/365/1776
f 1805/315/1777 1809/319/1782 2049/319/1782 2047/315/1777
f 1863/371/1783 1859/367/1778 2074/367/1778 2076/371/1783
f 1811/321/1784 1807/317/1779 2048/317/1780 2050/321/1785
f 1861/369/1781 1865/373/1786 2077/373/1786 2075/369/1781
f 1809/319/1782 1813/323/1787 2051/323/1787 2049/319/1782
f 1867/375/1788 1863/371/1783 2076/371/1783 2078/375/1789
f 1815/325/1790 1811/321/1784 2050/321/1785 2052/325/1790
f 1865/373/1786 1869/377/1791 2079/377/1791 2077/373/1786
f 1813/323/1787 1817/327/1792 2053/327/1792 2051/323/1787
f 1871/379/1793 1867/375/1788 2078/375/1789 2080/379/1794
f 1819/329/1795 1815/325/1790 2052/325/1790 2054/329/1796
f 1869/377/1791 1769/281/1797 2030/281/1797 2079/377/1791
f 1817/327/1792 1821/331/1798 2055/331/1798 2053/327/1792
f 1771/284/1799 1871/379/1793 2080/379/1794 2031/284/1800
f 1823/333/1801 1819/329/1795 2054/329/1796 2056/333/1802
f 1821/331/1798 1825/173/1567 2057/173/1567 2055/331/1798
f 1769/281/1797 1773/70/1490 2029/70/1490 2030/281/1797
f 1827/336/1735 1823/333/1801 2056/333/1802 2058/336/1735
f 1775/285/1738 1771/284/1799 2031/284/1800 2032/285/1739
f 2181/1/1803 2288/2/1804 2188/3/1805 2084/4/1806
f 2194/5/1807 2092/6/1808 2096/7/1809 2198/8/1810
f 2198/9/1810 2096/7/1809 2100/10/1811 2202/11/1812
f 2202/11/1812 2100/10/1811 2104/12/1813 2206/13/1813
f 2206/13/1813 2104/12/1813 2108/14/1814 2210/15/1815
f 2210/16/1815 2108/14/1814 2112/17/1816 2214/18/1817
f 2214/18/1817 2112/17/1816 2116/19/1818 2218/20/1819
f 2218/21/1819 2116/19/1818 2120/22/1820 2222/23/1821
f 2222/23/1821 2120/22/1820 2124/24/1822 2226/25/1823
f 2226/25/1823 2124/24/1822 2128/26/1824 2230/27/1825
f 2230/28/1825 2128/26/1824 2132/29/1826 2234/30/1827
f 2234/31/1827 2132/29/1826 2136/32/1828 2238/33/1829
f 2238/34/1829 2136/32/1828 2140/35/1830 2242/36/1831
f 2242/36/1831 2140/35/1830 2144/37/1832 2246/38/1833
f 2246/38/1833 2144/37/1832 2148/39/1834 2250/40/1834
f 2250/41/1834 2148/39/1834 2152/42/1835 2254/43/1836
f 2254/43/1836 2152/42/1835 2156/44/1837 2258/45/1838
f 2258/45/1838 2156/44/1837 2160/46/1839 2262/47/1840
f 2262/47/1840 2160/46/1839 2164/48/1841 2266/49/1841
f 2266/49/1841 2164/48/1841 2168/50/1842 2270/51/1843
f 2270/51/1843 2168/50/1842 2172/52/1844 2274/53/1845
f 2274/53/1845 2172/52/1844 2176/54/1846 2278/55/1847
f 2278/55/1847 2176/54/1846 2180/56/1848 2282/57/1849
f 2282/58/1849 2180/56/1848 2184/59/1850 2286/60/1851
f 2084/61/1806 2188/62/1805 2192/63/1852 2085/64/1853
f 2190/65/1854 2088/66/1855 2092/6/1808 2194/5/1807
f 2286/67/1851 2184/59/1850 2081/68/1856 2186/69/1857
f 2189/70/1858 2193/71/1859 2449/71/1859 2445/70/1858
f 2183/74/1861 2182/75/1861 2083/76/1862 2082/77/1862
f 2177/79/1864 2284/80/1865 2288/2/1804 2181/1/1803
f 2179/83/1867 2178/84/1867 2182/75/1861 2183/74/1861
f 2173/78/1868 2280/86/1869 2284/80/1865 2177/79/1864
f 2175/89/1870 2174/85/1870 2178/84/1867 2179/83/1867
f 2169/90/1871 2276/91/1872 2280/86/1869 2173/78/1868
f 2171/92/1874 2170/93/1874 2174/85/1870 2175/89/1870
f 2165/94/1875 2272/95/1876 2276/91/1872 2169/90/1871
f 2167/97/1877 2166/98/1877 2170/93/1874 2171/92/1874
f 2161/99/1878 2268/100/1879 2272/95/1876 2165/94/1875
f 2163/102/1880 2162/103/1880 2166/98/1877 2167/97/1877
f 2157/104/1881 2264/105/1882 2268/100/1879 2161/99/1878
f 2159/107/1883 2158/108/1883 2162/103/1880 2163/102/1880
f 2153/109/1884 2260/110/1885 2264/105/1882 2157/104/1881
f 2155/111/1886 2154/112/1886 2158/108/1883 2159/107/1883
f 2149/113/1887 2256/114/1888 2260/110/1885 2153/109/1884
f 2151/116/1889 2150/117/1889 2154/112/1886 2155/111/1886
f 2145/118/1890 2252/119/1891 2256/114/1888 2149/113/1887
f 2147/121/1892 2146/122/1892 2150/117/1889 2151/116/1889
f 2141/123/1893 2248/124/1894 2252/119/1891 2145/118/1890
f 2143/126/1895 2142/127/1895 2146/122/1892 2147/121/1892
f 2137/128/1897 2244/129/1897 2248/124/1894 2141/123/1893
f 2139/130/1899 2138/131/1899 2142/127/1895 2143/126/1895
f 2133/115/1900 2240/132/1901 2244/129/1897 2137/128/1897
f 2135/125/1902 2134/120/1902 2138/131/1899 2139/130/1899
f 2129/96/1903 2236/133/1904 2240/132/1901 2133/115/1900
f 2131/106/1905 2130/101/1905 2134/120/1902 2135/125/1902
f 2125/73/1906 2232/136/1907 2236/133/1904 2129/96/1903
f 2127/88/1908 2126/81/1908 2130/101/1905 2131/106/1905
f 2121/72/1909 2228/139/1910 2232/136/1907 2125/73/1906
f 2123/87/1911 2122/82/1911 2126/81/1908 2127/88/1908
f 2117/141/1913 2224/142/1914 2228/139/1910 2121/72/1909
f 2119/144/1915 2118/145/1915 2122/82/1911 2123/87/1911
f 2113/146/1916 2220/147/1917 2224/142/1914 2117/141/1913
f 2115/149/1918 2114/150/1918 2118/145/1915 2119/144/1915
f 2109/151/1919 2216/152/1920 2220/147/1917 2113/146/1916
f 2111/154/1921 2110/155/1921 2114/150/1918 2115/149/1918
f 2105/156/1923 2212/157/1924 2216/152/1920 2109/151/1919
f 2107/158/1926 2106/159/1926 2110/155/1921 2111/154/1921
f 2101/160/1927 2208/161/1928 2212/157/1924 2105/156/1923
f 2103/163/1929 2102/164/1929 2106/159/1926 2107/158/1926
f 2097/165/1930 2204/166/1931 2208/161/1928 2101/160/1927
f 2099/168/1932 2098/169/1932 2102/164/1929 2103/163/1929
f 2093/162/1933 2200/170/1934 2204/166/1931 2097/165/1930
f 2095/171/1935 2094/167/1935 2098/169/1932 2099/168/1932
f 2089/143/1936 2196/172/1937 2200/170/1934 2093/162/1933
f 2091/153/1939 2090/148/1939 2094/167/1935 2095/171/1935
f 2085/64/1853 2192/63/1852 2196/172/1937 2089/143/1936
f 2087/138/1940 2086/134/1940 2090/148/1939 2091/153/1939
f 2241/173/1941 2245/174/1942 2475/174/1943 2473/173/1941
f 2082/137/1862 2083/135/1862 2086/134/1940 2087/138/1940
f 2186/175/1857 2190/176/1854 2393/177/1944 2394/178/1945
f 2192/63/1852 2188/62/1805 2395/179/1946 2396/180/1947
f 2190/65/1854 2194/5/1807 2397/181/1948 2393/182/1944
f 2196/172/1937 2192/63/1852 2396/183/1947 2398/184/1949
f 2194/5/1807 2198/8/1810 2399/185/1950 2397/186/1948
f 2200/170/1934 2196/172/1937 2398/187/1949 2400/188/1951
f 2198/9/1810 2202/11/1812 2401/189/1952 2399/190/1950
f 2204/166/1931 2200/170/1934 2400/191/1951 2402/192/1953
f 2202/11/1812 2206/13/1954 2403/193/1954 2401/194/1952
f 2208/161/1928 2204/166/1931 2402/195/1953 2404/196/1955
f 2206/13/1954 2210/15/1815 2405/197/1956 2403/198/1954
f 2212/157/1924 2208/161/1928 2404/199/1955 2406/200/1957
f 2210/16/1815 2214/18/1817 2407/201/1958 2405/202/1956
f 2216/152/1959 2212/157/1924 2406/203/1957 2408/204/1960
f 2214/18/1817 2218/20/1819 2409/205/1961 2407/206/1958
f 2220/147/1917 2216/152/1959 2408/207/1960 2410/208/1962
f 2218/21/1819 2222/23/1821 2411/209/1963 2409/210/1961
f 2224/142/1914 2220/147/1917 2410/211/1962 2412/212/1964
f 2222/23/1821 2226/25/1823 2413/213/1965 2411/214/1963
f 2228/139/1910 2224/142/1914 2412/215/1964 2414/216/1966
f 2226/25/1823 2230/27/1825 2415/217/1967 2413/218/1965
f 2232/136/1907 2228/139/1910 2414/219/1966 2416/220/1968
f 2230/28/1825 2234/30/1827 2417/221/1969 2415/222/1967
f 2236/133/1904 2232/136/1907 2416/223/1968 2418/224/1970
f 2234/31/1827 2238/33/1829 2419/225/1971 2417/226/1969
f 2240/132/1901 2236/133/1904 2418/227/1970 2420/228/1972
f 2238/34/1829 2242/36/1831 2421/229/1973 2419/230/1971
f 2244/129/1974 2240/132/1901 2420/231/1972 2422/232/1974
f 2242/36/1831 2246/38/1833 2423/233/1975 2421/234/1973
f 2248/124/1894 2244/129/1974 2422/235/1974 2424/236/1976
f 2246/38/1833 2250/40/1977 2425/237/1977 2423/238/1975
f 2252/119/1891 2248/124/1894 2424/239/1976 2426/240/1978
f 2250/41/1977 2254/43/1836 2427/241/1979 2425/242/1977
f 2256/114/1888 2252/119/1891 2426/243/1978 2428/244/1980
f 2254/43/1836 2258/45/1838 2429/245/1981 2427/246/1979
f 2260/110/1885 2256/114/1888 2428/247/1980 2430/248/1982
f 2258/45/1838 2262/47/1840 2431/249/1983 2429/250/1981
f 2264/105/1882 2260/110/1885 2430/251/1982 2432/252/1984
f 2262/47/1840 2266/49/1985 2433/253/1986 2431/254/1983
f 2268/100/1879 2264/105/1882 2432/255/1984 2434/256/1987
f 2266/49/1985 2270/51/1843 2435/257/1988 2433/258/1986
f 2272/95/1876 2268/100/1879 2434/259/1987 2436/260/1989
f 2270/51/1843 2274/53/1845 2437/261/1990 2435/262/1988
f 2276/91/1872 2272/95/1876 2436/263/1989 2438/264/1991
f 2274/53/1845 2278/55/1847 2439/265/1992 2437/266/1990
f 2280/86/1869 2276/91/1872 2438/267/1991 2440/268/1993
f 2278/55/1847 2282/57/1849 2441/269/1994 2439/270/1992
f 2284/80/1865 2280/86/1869 2440/271/1993 2442/272/1995
f 2282/58/1849 2286/60/1851 2443/273/1996 2441/274/1994
f 2288/2/1804 2284/80/1865 2442/275/1995 2444/276/1997
f 2286/67/1851 2186/69/1857 2394/277/1945 2443/278/1996
f 2188/3/1805 2288/2/1804 2444/279/1997 2395/280/1946
f 2186/175/1857 2081/140/1856 2088/66/1855 2190/176/1854
f 2189/70/1873 2185/281/1873 2394/282/1873 2393/283/1873
f 2187/284/2053 2191/285/2054 2396/286/2055 2395/287/2056
f 2193/71/1873 2189/70/1873 2393/283/1873 2397/288/1873
f 2191/285/2054 2195/289/2057 2398/290/2058 2396/286/2055
f 2197/291/1873 2193/71/1873 2397/288/1873 2399/292/1873
f 2195/289/2057 2199/293/2059 2400/294/2059 2398/290/2058
f 2201/295/2060 2197/291/1873 2399/292/1873 2401/296/2061
f 2199/293/2059 2203/297/2062 2402/298/2063 2400/294/2059
f 2205/299/2064 2201/295/2060 2401/296/2061 2403/300/2064
f 2203/297/2062 2207/301/2065 2404/302/2066 2402/298/2063
f 2209/303/2067 2205/299/2068 2403/300/2068 2405/304/2069
f 2207/301/2065 2211/305/2070 2406/306/2071 2404/302/2066
f 2213/307/1873 2209/303/2067 2405/304/2069 2407/308/1873
f 2211/305/2070 2215/309/2072 2408/310/2073 2406/306/2071
f 2217/311/1873 2213/307/1873 2407/308/1873 2409/312/1873
f 2215/309/2072 2219/313/2074 2410/314/2075 2408/310/2073
f 2221/315/1873 2217/311/1873 2409/312/1873 2411/316/1873
f 2219/313/2074 2223/317/2076 2412/318/2077 2410/314/2075
f 2225/319/1873 2221/315/1873 2411/316/1873 2413/320/1873
f 2223/317/2076 2227/321/2078 2414/322/2079 2412/318/2077
f 2229/323/1873 2225/319/1873 2413/320/1873 2415/324/1873
f 2227/321/2078 2231/325/2080 2416/326/2080 2414/322/2079
f 2233/327/1873 2229/323/1873 2415/324/1873 2417/328/1873
f 2231/325/2080 2235/329/2081 2418/330/2082 2416/326/2080
f 2237/331/1873 2233/327/1873 2417/328/1873 2419/332/1873
f 2235/329/2081 2239/333/2083 2420/334/2084 2418/330/2082
f 2241/173/1873 2237/331/1873 2419/332/1873 2421/335/1873
f 2239/333/2083 2243/336/2085 2422/337/2085 2420/334/2084
f 2245/174/2086 2241/173/1873 2421/335/1873 2423/338/2087
f 2243/336/2085 2247/339/2088 2424/340/2089 2422/337/2085
f 2249/341/2090 2245/174/2086 2423/338/2087 2425/342/2090
f 2247/339/2088 2251/343/1860 2426/344/1860 2424/340/2089
f 2253/345/2091 2249/341/2090 2425/342/2090 2427/346/2092
f 2251/343/1860 2255/347/1860 2428/348/1860 2426/344/1860
f 2257/349/1873 2253/345/2091 2427/346/2092 2429/350/1873
f 2255/347/1860 2259/351/1860 2430/352/1860 2428/348/1860
f 2261/353/2093 2257/349/1873 2429/350/1873 2431/354/2094
f 2259/351/1860 2263/355/1860 2432/356/1860 2430/352/1860
f 2265/357/2095 2261/353/2093 2431/354/2094 2433/358/2095
f 2263/355/1860 2267/359/1860 2434/360/1860 2432/356/1860
f 2269/361/2096 2265/357/2095 2433/358/2095 2435/362/2097
f 2267/359/1860 2271/363/1860 2436/364/1860 2434/360/1860
f 2273/365/1873 2269/361/2096 2435/362/2097 2437/366/1873
f 2271/363/1860 2275/367/1860 2438/368/1860 2436/364/1860
f 2277/369/1873 2273/365/1873 2437/366/1873 2439/370/1873
f 2275/367/1860 2279/371/1860 2440/372/1860 2438/368/1860
f 2281/373/1873 2277/369/1873 2439/370/1873 2441/374/1873
f 2279/371/1860 2283/375/2098 2442/376/2098 2440/372/1860
f 2285/377/1873 2281/373/1873 2441/374/1873 2443/378/1873
f 2283/375/2098 2287/379/2099 2444/380/2100 2442/376/2098
f 2185/281/1873 2285/377/1873 2443/378/1873 2394/282/1873
f 2287/379/2099 2187/284/2053 2395/287/2056 2444/380/2100
f 2448/285/2101 2447/284/2101 2496/379/2101 2494/375/2101 2492/371/2101 2490/367/2101 2488/363/2101 2486/359/2101 2484/355/2101 2482/351/2101 2480/347/2101 2478/343/2101 2476/339/2101 2474/336/2101 2472/333/2101 2470/329/2101 2468/325/2101 2466/321/2101 2464/317/2101 2462/313/2101 2460/309/2101 2458/305/2101 2456/301/2101 2454/297/2101 2452/293/2101 2450/289/2101
f 2446/281/2102 2445/70/2102 2449/71/2102 2451/291/2102 2453/295/2102 2455/299/2102 2457/303/2102 2459/307/2102 2461/311/2102 2463/315/2102 2465/319/2102 2467/323/2102 2469/327/2102 2471/331/2102 2473/173/2102 2475/174/2102 2477/341/2102 2479/345/2102 2481/349/2102 2483/353/2102 2485/357/2102 2487/361/2102 2489/365/2102 2491/369/2102 2493/373/2102 2495/377/2102
f 2247/339/2103 2243/336/2104 2474/336/2104 2476/339/2105
f 2195/289/2106 2191/285/2107 2448/285/2108 2450/289/2109
f 2245/174/1942 2249/341/2110 2477/341/2110 2475/174/1943
f 2193/71/1859 2197/291/2111 2451/291/2111 2449/71/1859
f 2251/343/2112 2247/339/2103 2476/339/2105 2478/343/2112
f 2199/293/2113 2195/289/2106 2450/289/2109 2452/293/2114
f 2249/341/2110 2253/345/2115 2479/345/2116 2477/341/2110
f 2197/291/2111 2201/295/2117 2453/295/2118 2451/291/2111
f 2255/347/2119 2251/343/2112 2478/343/2112 2480/347/2119
f 2203/297/2120 2199/293/2113 2452/293/2114 2454/297/2121
f 2253/345/2115 2257/349/2122 2481/349/2122 2479/345/2116
f 2201/295/2117 2205/299/2123 2455/299/2123 2453/295/2118
f 2259/351/2124 2255/347/2119 2480/347/2119 2482/351/2124
f 2207/301/2125 2203/297/2120 2454/297/2121 2456/301/2126
f 2257/349/2122 2261/353/2127 2483/353/2128 2481/349/2122
f 2205/299/2123 2209/303/2129 2457/303/2130 2455/299/2123
f 2263/355/2131 2259/351/2124 2482/351/2124 2484/355/2131
f 2211/305/2132 2207/301/2125 2456/301/2126 2458/305/2132
f 2261/353/2127 2265/357/2133 2485/357/2134 2483/353/2128
f 2209/303/2129 2213/307/2135 2459/307/2135 2457/303/2130
f 2267/359/2136 2263/355/2131 2484/355/2131 2486/359/2136
f 2215/309/2137 2211/305/2132 2458/305/2132 2460/309/2138
f 2265/357/2133 2269/361/2139 2487/361/2140 2485/357/2134
f 2213/307/2135 2217/311/2141 2461/311/2141 2459/307/2135
f 2271/363/2142 2267/359/2136 2486/359/2136 2488/363/2142
f 2219/313/2143 2215/309/2137 2460/309/2138 2462/313/2144
f 2269/361/2139 2273/365/2145 2489/365/2145 2487/361/2140
f 2217/311/2141 2221/315/2146 2463/315/2146 2461/311/2141
f 2275/367/2147 2271/363/2142 2488/363/2142 2490/367/2147
f 2223/317/2148 2219/313/2143 2462/313/2144 2464/317/2149
f 2273/365/2145 2277/369/2150 2491/369/2150 2489/365/2145
f 2221/315/2146 2225/319/2151 2465/319/2151 2463/315/2146
f 2279/371/2152 2275/367/2147 2490/367/2147 2492/371/2152
f 2227/321/2153 2223/317/2148 2464/317/2149 2466/321/2154
f 2277/369/2150 2281/373/2155 2493/373/2155 2491/369/2150
f 2225/319/2151 2229/323/2156 2467/323/2156 2465/319/2151
f 2283/375/2157 2279/371/2152 2492/371/2152 2494/375/2158
f 2231/325/2159 2227/321/2153 2466/321/2154 2468/325/2160
f 2281/373/2155 2285/377/2161 2495/377/2161 2493/373/2155
f 2229/323/2156 2233/327/2162 2469/327/2162 2467/323/2156
f 2287/379/2163 2283/375/2157 2494/375/2158 2496/379/2164
f 2235/329/2165 2231/325/2159 2468/325/2160 2470/329/2166
f 2285/377/2161 2185/281/2167 2446/281/2167 2495/377/2161
f 2233/327/2162 2237/331/2168 2471/331/2168 2469/327/2162
f 2187/284/2169 2287/379/2163 2496/379/2164 2447/284/2170
f 2239/333/2171 2235/329/2165 2470/329/2166 2472/333/2172
f 2237/331/2168 2241/173/1941 2473/173/1941 2471/331/2168
f 2185/281/2167 2189/70/1858 2445/70/1858 2446/281/2167
f 2243/336/2104 2239/333/2171 2472/333/2172 2474/336/2104
f 2191/285/2107 2187/284/2169 2447/284/2170 2448/285/2108
usemtl Material.039
f 41/72/58 45/73/58 253/73/58 249/72/58
f 93/78/58 97/79/58 305/79/58 301/78/58
f 46/81/63 42/82/63 250/82/63 254/81/63
f 98/84/63 94/85/63 302/85/63 306/84/63
f 43/87/58 47/88/58 255/88/58 251/87/58
f 95/89/58 99/83/58 307/83/58 303/89/58
f 48/26/63 44/24/63 252/24/63 256/26/63
f 100/56/63 96/54/63 304/54/63 308/56/63
f 45/73/58 49/96/58 257/96/58 253/73/58
f 97/79/58 101/1/58 309/1/58 305/79/58
f 50/101/63 46/81/63 254/81/63 258/101/63
f 102/75/63 98/84/63 306/84/63 310/75/63
f 47/88/58 51/106/58 259/106/58 255/88/58
f 99/83/58 103/74/58 311/74/58 307/83/58
f 52/29/63 48/26/63 256/26/63 260/29/63
f 104/59/63 100/56/63 308/56/63 312/59/63
f 49/96/58 53/115/58 261/115/58 257/96/58
f 101/1/58 4/4/58 212/4/58 309/1/58
f 54/120/63 50/101/63 258/101/63 262/120/63
f 3/76/63 102/75/63 310/75/63 211/76/63
f 51/106/58 55/125/58 263/125/58 259/106/58
f 103/74/58 2/77/58 210/77/58 311/74/58
f 56/32/63 52/29/63 260/29/63 264/32/63
f 4/61/58 5/64/58 213/64/58 212/61/58
f 1/68/63 104/59/63 312/59/63 209/68/63
f 53/115/58 57/128/58 265/128/58 261/115/58
f 6/134/63 3/135/63 211/135/63 214/134/63
f 58/131/63 54/120/63 262/120/63 266/131/63
f 2/137/58 7/138/58 215/138/58 210/137/58
f 55/125/58 59/130/58 267/130/58 263/125/58
f 8/66/63 1/140/63 209/140/63 216/66/63
f 60/35/63 56/32/63 264/32/63 268/35/63
f 5/64/58 9/143/58 217/143/58 213/64/58
f 57/128/58 61/123/58 269/123/58 265/128/58
f 10/148/63 6/134/63 214/134/63 218/148/63
f 62/127/63 58/131/63 266/131/63 270/127/63
f 7/138/58 11/153/58 219/153/58 215/138/58
f 59/130/58 63/126/58 271/126/58 267/130/58
f 12/6/63 8/66/63 216/66/63 220/6/63
f 64/37/63 60/35/63 268/35/63 272/37/63
f 9/143/58 13/162/58 221/162/58 217/143/58
f 61/123/58 65/118/58 273/118/58 269/123/58
f 14/167/63 10/148/63 218/148/63 222/167/63
f 66/122/63 62/127/63 270/127/63 274/122/63
f 11/153/58 15/171/58 223/171/58 219/153/58
f 63/126/58 67/121/58 275/121/58 271/126/58
f 16/7/63 12/6/63 220/6/63 224/7/63
f 68/39/63 64/37/63 272/37/63 276/39/63
f 13/162/58 17/165/58 225/165/58 221/162/58
f 65/118/58 69/113/58 277/113/58 273/118/58
f 18/169/63 14/167/63 222/167/63 226/169/63
f 70/117/63 66/122/63 274/122/63 278/117/63
f 312/59/188 311/74/188 210/77/189 209/68/189
f 310/75/190 309/1/190 212/4/191 211/76/191
f 308/56/192 307/83/192 311/74/188 312/59/188
f 306/84/193 305/79/193 309/1/190 310/75/190
f 304/54/194 303/89/194 307/83/192 308/56/192
f 302/85/195 301/78/195 305/79/193 306/84/193
f 300/52/196 299/92/196 303/89/194 304/54/194
f 298/93/197 297/90/197 301/78/195 302/85/195
f 296/50/198 295/97/198 299/92/196 300/52/196
f 294/98/199 293/94/199 297/90/197 298/93/197
f 292/48/200 291/102/200 295/97/198 296/50/198
f 290/103/201 289/99/201 293/94/199 294/98/199
f 288/46/202 287/107/202 291/102/200 292/48/200
f 286/108/203 285/104/203 289/99/201 290/103/201
f 284/44/204 283/111/204 287/107/202 288/46/202
f 282/112/205 281/109/205 285/104/203 286/108/203
f 280/42/206 279/116/206 283/111/204 284/44/204
f 278/117/207 277/113/207 281/109/205 282/112/205
f 276/39/208 275/121/208 279/116/206 280/42/206
f 274/122/209 273/118/209 277/113/207 278/117/207
f 272/37/210 271/126/210 275/121/208 276/39/208
f 270/127/211 269/123/211 273/118/209 274/122/209
f 268/35/212 267/130/213 271/126/210 272/37/210
f 266/131/214 265/128/215 269/123/211 270/127/211
f 264/32/216 263/125/216 267/130/213 268/35/212
f 262/120/217 261/115/217 265/128/215 266/131/214
f 260/29/218 259/106/218 263/125/216 264/32/216
f 258/101/219 257/96/219 261/115/217 262/120/217
f 256/26/220 255/88/220 259/106/218 260/29/218
f 254/81/221 253/73/221 257/96/219 258/101/219
f 252/24/222 251/87/222 255/88/220 256/26/220
f 250/82/223 249/72/223 253/73/221 254/81/221
f 248/22/224 247/144/224 251/87/222 252/24/222
f 246/145/225 245/141/225 249/72/223 250/82/223
f 244/19/226 243/149/226 247/144/224 248/22/224
f 242/150/227 241/146/227 245/141/225 246/145/225
f 240/17/228 239/154/228 243/149/226 244/19/226
f 238/155/229 237/151/229 241/146/227 242/150/227
f 236/14/230 235/158/230 239/154/228 240/17/228
f 234/159/231 233/156/231 237/151/229 238/155/229
f 232/12/232 231/163/232 235/158/230 236/14/230
f 230/164/233 229/160/233 233/156/231 234/159/231
f 228/10/234 227/168/234 231/163/232 232/12/232
f 226/169/235 225/165/235 229/160/233 230/164/233
f 224/7/236 223/171/236 227/168/234 228/10/234
f 222/167/237 221/162/237 225/165/235 226/169/235
f 220/6/238 219/153/238 223/171/236 224/7/236
f 218/148/239 217/143/239 221/162/237 222/167/237
f 216/66/240 215/138/240 219/153/238 220/6/238
f 214/134/241 213/64/241 217/143/239 218/148/239
f 209/140/189 210/137/189 215/138/240 216/66/240
f 211/135/191 212/61/191 213/64/241 214/134/241
f 96/54/63 92/52/63 300/52/63 304/54/63
f 44/24/63 40/22/63 248/22/63 252/24/63
f 91/92/58 95/89/58 303/89/58 299/92/58
f 39/144/58 43/87/58 251/87/58 247/144/58
f 94/85/63 90/93/63 298/93/63 302/85/63
f 42/82/63 38/145/63 246/145/63 250/82/63
f 89/90/58 93/78/58 301/78/58 297/90/58
f 37/141/58 41/72/58 249/72/58 245/141/58
f 92/52/63 88/50/63 296/50/63 300/52/63
f 40/22/63 36/19/63 244/19/63 248/22/63
f 87/97/58 91/92/58 299/92/58 295/97/58
f 35/149/58 39/144/58 247/144/58 243/149/58
f 90/93/63 86/98/63 294/98/63 298/93/63
f 38/145/63 34/150/63 242/150/63 246/145/63
f 85/94/58 89/90/58 297/90/58 293/94/58
f 33/146/58 37/141/58 245/141/58 241/146/58
f 88/50/63 84/48/63 292/48/63 296/50/63
f 36/19/63 32/17/63 240/17/63 244/19/63
f 83/102/58 87/97/58 295/97/58 291/102/58
f 31/154/58 35/149/58 243/149/58 239/154/58
f 86/98/63 82/103/63 290/103/63 294/98/63
f 34/150/63 30/155/63 238/155/63 242/150/63
f 81/99/58 85/94/58 293/94/58 289/99/58
f 29/151/58 33/146/58 241/146/58 237/151/58
f 84/48/63 80/46/63 288/46/63 292/48/63
f 32/17/63 28/14/63 236/14/63 240/17/63
f 79/107/58 83/102/58 291/102/58 287/107/58
f 27/158/58 31/154/58 239/154/58 235/158/58
f 82/103/63 78/108/63 286/108/63 290/103/63
f 30/155/63 26/159/63 234/159/63 238/155/63
f 77/104/58 81/99/58 289/99/58 285/104/58
f 25/156/58 29/151/58 237/151/58 233/156/58
f 80/46/63 76/44/63 284/44/63 288/46/63
f 28/14/63 24/12/63 232/12/63 236/14/63
f 75/111/58 79/107/58 287/107/58 283/111/58
f 23/163/58 27/158/58 235/158/58 231/163/58
f 78/108/63 74/112/63 282/112/63 286/108/63
f 26/159/63 22/164/63 230/164/63 234/159/63
f 73/109/58 77/104/58 285/104/58 281/109/58
f 21/160/58 25/156/58 233/156/58 229/160/58
f 76/44/63 72/42/63 280/42/63 284/44/63
f 24/12/63 20/10/63 228/10/63 232/12/63
f 71/116/58 75/111/58 283/111/58 279/116/58
f 19/168/58 23/163/58 231/163/58 227/168/58
f 74/112/63 70/117/63 278/117/63 282/112/63
f 22/164/63 18/169/63 226/169/63 230/164/63
f 69/113/58 73/109/58 281/109/58 277/113/58
f 17/165/58 21/160/58 229/160/58 225/165/58
f 72/42/63 68/39/63 276/39/63 280/42/63
f 20/10/63 16/7/63 224/7/63 228/10/63
f 67/121/58 71/116/58 279/116/58 275/121/58
f 15/171/58 19/168/58 227/168/58 223/171/58
f 457/72/58 461/73/58 669/73/58 665/72/58
f 509/78/58 513/79/58 721/79/58 717/78/58
f 462/81/63 458/82/63 666/82/63 670/81/63
f 514/84/63 510/85/63 718/85/63 722/84/63
f 459/87/58 463/88/58 671/88/58 667/87/58
f 511/89/58 515/83/58 723/83/58 719/89/58
f 464/26/63 460/24/63 668/24/63 672/26/63
f 516/56/63 512/54/63 720/54/63 724/56/63
f 461/73/58 465/96/58 673/96/58 669/73/58
f 513/79/58 517/1/58 725/1/58 721/79/58
f 466/101/63 462/81/63 670/81/63 674/101/63
f 518/75/63 514/84/63 722/84/63 726/75/63
f 463/88/58 467/106/58 675/106/58 671/88/58
f 515/83/58 519/74/58 727/74/58 723/83/58
f 468/29/63 464/26/63 672/26/63 676/29/63
f 520/59/63 516/56/63 724/56/63 728/59/63
f 465/96/58 469/115/58 677/115/58 673/96/58
f 517/1/58 420/4/58 628/4/58 725/1/58
f 470/120/63 466/101/63 674/101/63 678/120/63
f 419/76/63 518/75/63 726/75/63 627/76/63
f 467/106/58 471/125/58 679/125/58 675/106/58
f 519/74/58 418/77/58 626/77/58 727/74/58
f 472/32/63 468/29/63 676/29/63 680/32/63
f 420/61/58 421/64/58 629/64/58 628/61/58
f 417/68/63 520/59/63 728/59/63 625/68/63
f 469/115/58 473/128/58 681/128/58 677/115/58
f 422/134/63 419/135/63 627/135/63 630/134/63
f 474/131/63 470/120/63 678/120/63 682/131/63
f 418/137/58 423/138/58 631/138/58 626/137/58
f 471/125/58 475/130/58 683/130/58 679/125/58
f 424/66/63 417/140/63 625/140/63 632/66/63
f 476/35/63 472/32/63 680/32/63 684/35/63
f 421/64/58 425/143/58 633/143/58 629/64/58
f 473/128/58 477/123/58 685/123/58 681/128/58
f 426/148/63 422/134/63 630/134/63 634/148/63
f 478/127/63 474/131/63 682/131/63 686/127/63
f 423/138/58 427/153/58 635/153/58 631/138/58
f 475/130/58 479/126/58 687/126/58 683/130/58
f 428/6/63 424/66/63 632/66/63 636/6/63
f 480/37/63 476/35/63 684/35/63 688/37/63
f 425/143/58 429/162/58 637/162/58 633/143/58
f 477/123/58 481/118/58 689/118/58 685/123/58
f 430/167/63 426/148/63 634/148/63 638/167/63
f 482/122/63 478/127/63 686/127/63 690/122/63
f 427/153/58 431/171/58 639/171/58 635/153/58
f 479/126/58 483/121/58 691/121/58 687/126/58
f 432/7/63 428/6/63 636/6/63 640/7/63
f 484/39/63 480/37/63 688/37/63 692/39/63
f 429/162/58 433/165/58 641/165/58 637/162/58
f 481/118/58 485/113/58 693/113/58 689/118/58
f 434/169/63 430/167/63 638/167/63 642/169/63
f 486/117/63 482/122/63 690/122/63 694/117/63
f 728/59/546 727/74/546 626/77/547 625/68/547
f 726/75/548 725/1/548 628/4/549 627/76/549
f 724/56/550 723/83/550 727/74/546 728/59/546
f 722/84/551 721/79/551 725/1/548 726/75/548
f 720/54/552 719/89/552 723/83/550 724/56/550
f 718/85/553 717/78/553 721/79/551 722/84/551
f 716/52/554 715/92/554 719/89/552 720/54/552
f 714/93/555 713/90/555 717/78/553 718/85/553
f 712/50/556 711/97/557 715/92/554 716/52/554
f 710/98/558 709/94/559 713/90/555 714/93/555
f 708/48/560 707/102/560 711/97/557 712/50/556
f 706/103/561 705/99/561 709/94/559 710/98/558
f 704/46/562 703/107/562 707/102/560 708/48/560
f 702/108/563 701/104/563 705/99/561 706/103/561
f 700/44/564 699/111/564 703/107/562 704/46/562
f 698/112/565 697/109/565 701/104/563 702/108/563
f 696/42/566 695/116/566 699/111/564 700/44/564
f 694/117/567 693/113/567 697/109/565 698/112/565
f 692/39/568 691/121/568 695/116/566 696/42/566
f 690/122/569 689/118/569 693/113/567 694/117/567
f 688/37/570 687/126/570 691/121/568 692/39/568
f 686/127/571 685/123/571 689/118/569 690/122/569
f 684/35/572 683/130/572 687/126/570 688/37/570
f 682/131/573 681/128/573 685/123/571 686/127/571
f 680/32/574 679/125/574 683/130/572 684/35/572
f 678/120/575 677/115/575 681/128/573 682/131/573
f 676/29/576 675/106/576 679/125/574 680/32/574
f 674/101/577 673/96/577 677/115/575 678/120/575
f 672/26/578 671/88/578 675/106/576 676/29/576
f 670/81/579 669/73/579 673/96/577 674/101/577
f 668/24/580 667/87/580 671/88/578 672/26/578
f 666/82/581 665/72/581 669/73/579 670/81/579
f 664/22/582 663/144/582 667/87/580 668/24/580
f 662/145/583 661/141/583 665/72/581 666/82/581
f 660/19/584 659/149/584 663/144/582 664/22/582
f 658/150/585 657/146/585 661/141/583 662/145/583
f 656/17/586 655/154/586 659/149/584 660/19/584
f 654/155/587 653/151/587 657/146/585 658/150/585
f 652/14/588 651/158/588 655/154/586 656/17/586
f 650/159/589 649/156/589 653/151/587 654/155/587
f 648/12/590 647/163/590 651/158/588 652/14/588
f 646/164/591 645/160/591 649/156/589 650/159/589
f 644/10/592 643/168/592 647/163/590 648/12/590
f 642/169/593 641/165/593 645/160/591 646/164/591
f 640/7/594 639/171/594 643/168/592 644/10/592
f 638/167/595 637/162/595 641/165/593 642/169/593
f 636/6/596 635/153/596 639/171/594 640/7/594
f 634/148/597 633/143/597 637/162/595 638/167/595
f 632/66/598 631/138/598 635/153/596 636/6/596
f 630/134/599 629/64/599 633/143/597 634/148/597
f 625/140/547 626/137/547 631/138/598 632/66/598
f 627/135/549 628/61/549 629/64/599 630/134/599
f 512/54/63 508/52/63 716/52/63 720/54/63
f 460/24/63 456/22/63 664/22/63 668/24/63
f 507/92/58 511/89/58 719/89/58 715/92/58
f 455/144/58 459/87/58 667/87/58 663/144/58
f 510/85/63 506/93/63 714/93/63 718/85/63
f 458/82/63 454/145/63 662/145/63 666/82/63
f 505/90/58 509/78/58 717/78/58 713/90/58
f 453/141/58 457/72/58 665/72/58 661/141/58
f 508/52/63 504/50/63 712/50/63 716/52/63
f 456/22/63 452/19/63 660/19/63 664/22/63
f 503/97/58 507/92/58 715/92/58 711/97/58
f 451/149/58 455/144/58 663/144/58 659/149/58
f 506/93/63 502/98/63 710/98/63 714/93/63
f 454/145/63 450/150/63 658/150/63 662/145/63
f 501/94/58 505/90/58 713/90/58 709/94/58
f 449/146/58 453/141/58 661/141/58 657/146/58
f 504/50/63 500/48/63 708/48/63 712/50/63
f 452/19/63 448/17/63 656/17/63 660/19/63
f 499/102/58 503/97/58 711/97/58 707/102/58
f 447/154/58 451/149/58 659/149/58 655/154/58
f 502/98/63 498/103/63 706/103/63 710/98/63
f 450/150/63 446/155/63 654/155/63 658/150/63
f 497/99/58 501/94/58 709/94/58 705/99/58
f 445/151/58 449/146/58 657/146/58 653/151/58
f 500/48/63 496/46/63 704/46/63 708/48/63
f 448/17/63 444/14/63 652/14/63 656/17/63
f 495/107/58 499/102/58 707/102/58 703/107/58
f 443/158/58 447/154/58 655/154/58 651/158/58
f 498/103/63 494/108/63 702/108/63 706/103/63
f 446/155/63 442/159/63 650/159/63 654/155/63
f 493/104/58 497/99/58 705/99/58 701/104/58
f 441/156/58 445/151/58 653/151/58 649/156/58
f 496/46/63 492/44/63 700/44/63 704/46/63
f 444/14/63 440/12/63 648/12/63 652/14/63
f 491/111/58 495/107/58 703/107/58 699/111/58
f 439/163/58 443/158/58 651/158/58 647/163/58
f 494/108/63 490/112/63 698/112/63 702/108/63
f 442/159/63 438/164/63 646/164/63 650/159/63
f 489/109/58 493/104/58 701/104/58 697/109/58
f 437/160/58 441/156/58 649/156/58 645/160/58
f 492/44/63 488/42/63 696/42/63 700/44/63
f 440/12/63 436/10/63 644/10/63 648/12/63
f 487/116/58 491/111/58 699/111/58 695/116/58
f 435/168/58 439/163/58 647/163/58 643/168/58
f 490/112/63 486/117/63 694/117/63 698/112/63
f 438/164/63 434/169/63 642/169/63 646/164/63
f 485/113/58 489/109/58 697/109/58 693/113/58
f 433/165/58 437/160/58 645/160/58 641/165/58
f 488/42/63 484/39/63 692/39/63 696/42/63
f 436/10/63 432/7/63 640/7/63 644/10/63
f 483/121/58 487/116/58 695/116/58 691/121/58
f 431/171/58 435/168/58 643/168/58 639/171/58
f 873/72/58 877/73/58 1085/73/58 1081/72/58
f 925/78/58 929/79/58 1137/79/58 1133/78/58
f 878/81/63 874/82/63 1082/82/63 1086/81/63
f 930/84/63 926/85/63 1134/85/63 1138/84/63
f 875/87/58 879/88/58 1087/88/58 1083/87/58
f 927/89/58 931/83/58 1139/83/58 1135/89/58
f 880/26/63 876/24/63 1084/24/63 1088/26/63
f 932/56/63 928/54/63 1136/54/63 1140/56/63
f 877/73/58 881/96/58 1089/96/58 1085/73/58
f 929/79/58 933/1/58 1141/1/58 1137/79/58
f 882/101/63 878/81/63 1086/81/63 1090/101/63
f 934/75/63 930/84/63 1138/84/63 1142/75/63
f 879/88/58 883/106/58 1091/106/58 1087/88/58
f 931/83/58 935/74/58 1143/74/58 1139/83/58
f 884/29/63 880/26/63 1088/26/63 1092/29/63
f 936/59/63 932/56/63 1140/56/63 1144/59/63
f 881/96/58 885/115/58 1093/115/58 1089/96/58
f 933/1/58 836/4/58 1044/4/58 1141/1/58
f 886/120/63 882/101/63 1090/101/63 1094/120/63
f 835/76/63 934/75/63 1142/75/63 1043/76/63
f 883/106/58 887/125/58 1095/125/58 1091/106/58
f 935/74/58 834/77/58 1042/77/58 1143/74/58
f 888/32/63 884/29/63 1092/29/63 1096/32/63
f 836/61/58 837/64/58 1045/64/58 1044/61/58
f 833/68/63 936/59/63 1144/59/63 1041/68/63
f 885/115/58 889/128/58 1097/128/58 1093/115/58
f 838/134/63 835/135/63 1043/135/63 1046/134/63
f 890/131/63 886/120/63 1094/120/63 1098/131/63
f 834/137/58 839/138/58 1047/138/58 1042/137/58
f 887/125/58 891/130/58 1099/130/58 1095/125/58
f 840/66/63 833/140/63 1041/140/63 1048/66/63
f 892/35/63 888/32/63 1096/32/63 1100/35/63
f 837/64/58 841/143/58 1049/143/58 1045/64/58
f 889/128/58 893/123/58 1101/123/58 1097/128/58
f 842/148/63 838/134/63 1046/134/63 1050/148/63
f 894/127/63 890/131/63 1098/131/63 1102/127/63
f 839/138/58 843/153/58 1051/153/58 1047/138/58
f 891/130/58 895/126/58 1103/126/58 1099/130/58
f 844/6/63 840/66/63 1048/66/63 1052/6/63
f 896/37/63 892/35/63 1100/35/63 1104/37/63
f 841/143/58 845/162/58 1053/162/58 1049/143/58
f 893/123/58 897/118/58 1105/118/58 1101/123/58
f 846/167/63 842/148/63 1050/148/63 1054/167/63
f 898/122/63 894/127/63 1102/127/63 1106/122/63
f 843/153/58 847/171/58 1055/171/58 1051/153/58
f 895/126/58 899/121/58 1107/121/58 1103/126/58
f 848/7/63 844/6/63 1052/6/63 1056/7/63
f 900/39/63 896/37/63 1104/37/63 1108/39/63
f 845/162/58 849/165/58 1057/165/58 1053/162/58
f 897/118/58 901/113/58 1109/113/58 1105/118/58
f 850/169/63 846/167/63 1054/167/63 1058/169/63
f 902/117/63 898/122/63 1106/122/63 1110/117/63
f 1144/59/906 1143/74/906 1042/77/907 1041/68/908
f 1142/75/909 1141/1/909 1044/4/910 1043/76/910
f 1140/56/911 1139/83/911 1143/74/906 1144/59/906
f 1138/84/912 1137/79/912 1141/1/909 1142/75/909
f 1136/54/913 1135/89/913 1139/83/911 1140/56/911
f 1134/85/914 1133/78/914 1137/79/912 1138/84/912
f 1132/52/915 1131/92/915 1135/89/913 1136/54/913
f 1130/93/916 1129/90/916 1133/78/914 1134/85/914
f 1128/50/917 1127/97/917 1131/92/915 1132/52/915
f 1126/98/918 1125/94/918 1129/90/916 1130/93/916
f 1124/48/919 1123/102/919 1127/97/917 1128/50/917
f 1122/103/920 1121/99/920 1125/94/918 1126/98/918
f 1120/46/921 1119/107/921 1123/102/919 1124/48/919
f 1118/108/922 1117/104/922 1121/99/920 1122/103/920
f 1116/44/923 1115/111/923 1119/107/921 1120/46/921
f 1114/112/924 1113/109/924 1117/104/922 1118/108/922
f 1112/42/925 1111/116/925 1115/111/923 1116/44/923
f 1110/117/926 1109/113/926 1113/109/924 1114/112/924
f 1108/39/927 1107/121/927 1111/116/925 1112/42/925
f 1106/122/928 1105/118/928 1109/113/926 1110/117/926
f 1104/37/929 1103/126/929 1107/121/927 1108/39/927
f 1102/127/930 1101/123/930 1105/118/928 1106/122/928
f 1100/35/931 1099/130/931 1103/126/929 1104/37/929
f 1098/131/932 1097/128/932 1101/123/930 1102/127/930
f 1096/32/933 1095/125/933 1099/130/931 1100/35/931
f 1094/120/934 1093/115/934 1097/128/932 1098/131/932
f 1092/29/935 1091/106/935 1095/125/933 1096/32/933
f 1090/101/936 1089/96/936 1093/115/934 1094/120/934
f 1088/26/937 1087/88/937 1091/106/935 1092/29/935
f 1086/81/938 1085/73/938 1089/96/936 1090/101/936
f 1084/24/939 1083/87/939 1087/88/937 1088/26/937
f 1082/82/940 1081/72/940 1085/73/938 1086/81/938
f 1080/22/941 1079/144/941 1083/87/939 1084/24/939
f 1078/145/942 1077/141/942 1081/72/940 1082/82/940
f 1076/19/943 1075/149/943 1079/144/941 1080/22/941
f 1074/150/944 1073/146/944 1077/141/942 1078/145/942
f 1072/17/945 1071/154/945 1075/149/943 1076/19/943
f 1070/155/946 1069/151/946 1073/146/944 1074/150/944
f 1068/14/947 1067/158/947 1071/154/945 1072/17/945
f 1066/159/948 1065/156/948 1069/151/946 1070/155/946
f 1064/12/949 1063/163/949 1067/158/947 1068/14/947
f 1062/164/950 1061/160/950 1065/156/948 1066/159/948
f 1060/10/951 1059/168/951 1063/163/949 1064/12/949
f 1058/169/952 1057/165/952 1061/160/950 1062/164/950
f 1056/7/953 1055/171/953 1059/168/951 1060/10/951
f 1054/167/954 1053/162/954 1057/165/952 1058/169/952
f 1052/6/955 1051/153/955 1055/171/953 1056/7/953
f 1050/148/956 1049/143/956 1053/162/954 1054/167/954
f 1048/66/957 1047/138/957 1051/153/955 1052/6/955
f 1046/134/958 1045/64/958 1049/143/956 1050/148/956
f 1041/140/908 1042/137/907 1047/138/957 1048/66/957
f 1043/135/910 1044/61/910 1045/64/958 1046/134/958
f 928/54/63 924/52/63 1132/52/63 1136/54/63
f 876/24/63 872/22/63 1080/22/63 1084/24/63
f 923/92/58 927/89/58 1135/89/58 1131/92/58
f 871/144/58 875/87/58 1083/87/58 1079/144/58
f 926/85/63 922/93/63 1130/93/63 1134/85/63
f 874/82/63 870/145/63 1078/145/63 1082/82/63
f 921/90/58 925/78/58 1133/78/58 1129/90/58
f 869/141/58 873/72/58 1081/72/58 1077/141/58
f 924/52/63 920/50/63 1128/50/63 1132/52/63
f 872/22/63 868/19/63 1076/19/63 1080/22/63
f 919/97/58 923/92/58 1131/92/58 1127/97/58
f 867/149/58 871/144/58 1079/144/58 1075/149/58
f 922/93/63 918/98/63 1126/98/63 1130/93/63
f 870/145/63 866/150/63 1074/150/63 1078/145/63
f 917/94/58 921/90/58 1129/90/58 1125/94/58
f 865/146/58 869/141/58 1077/141/58 1073/146/58
f 920/50/63 916/48/63 1124/48/63 1128/50/63
f 868/19/63 864/17/63 1072/17/63 1076/19/63
f 915/102/58 919/97/58 1127/97/58 1123/102/58
f 863/154/58 867/149/58 1075/149/58 1071/154/58
f 918/98/63 914/103/63 1122/103/63 1126/98/63
f 866/150/63 862/155/63 1070/155/63 1074/150/63
f 913/99/58 917/94/58 1125/94/58 1121/99/58
f 861/151/58 865/146/58 1073/146/58 1069/151/58
f 916/48/63 912/46/63 1120/46/63 1124/48/63
f 864/17/63 860/14/63 1068/14/63 1072/17/63
f 911/107/58 915/102/58 1123/102/58 1119/107/58
f 859/158/58 863/154/58 1071/154/58 1067/158/58
f 914/103/63 910/108/63 1118/108/63 1122/103/63
f 862/155/63 858/159/63 1066/159/63 1070/155/63
f 909/104/58 913/99/58 1121/99/58 1117/104/58
f 857/156/58 861/151/58 1069/151/58 1065/156/58
f 912/46/63 908/44/63 1116/44/63 1120/46/63
f 860/14/63 856/12/63 1064/12/63 1068/14/63
f 907/111/58 911/107/58 1119/107/58 1115/111/58
f 855/163/58 859/158/58 1067/158/58 1063/163/58
f 910/108/63 906/112/63 1114/112/63 1118/108/63
f 858/159/63 854/164/63 1062/164/63 1066/159/63
f 905/109/58 909/104/58 1117/104/58 1113/109/58
f 853/160/58 857/156/58 1065/156/58 1061/160/58
f 908/44/63 904/42/63 1112/42/63 1116/44/63
f 856/12/63 852/10/63 1060/10/63 1064/12/63
f 903/116/58 907/111/58 1115/111/58 1111/116/58
f 851/168/58 855/163/58 1063/163/58 1059/168/58
f 906/112/63 902/117/63 1110/117/63 1114/112/63
f 854/164/63 850/169/63 1058/169/63 1062/164/63
f 901/113/58 905/109/58 1113/109/58 1109/113/58
f 849/165/58 853/160/58 1061/160/58 1057/165/58
f 904/42/63 900/39/63 1108/39/63 1112/42/63
f 852/10/63 848/7/63 1056/7/63 1060/10/63
f 899/121/58 903/116/58 1111/116/58 1107/121/58
f 847/171/58 851/168/58 1059/168/58 1055/171/58
f 1289/72/58 1293/73/58 1501/73/58 1497/72/58
f 1341/78/58 1345/79/58 1553/79/58 1549/78/58
f 1294/81/63 1290/82/63 1498/82/63 1502/81/63
f 1346/84/63 1342/85/63 1550/85/63 1554/84/63
f 1291/87/58 1295/88/58 1503/88/58 1499/87/58
f 1343/89/58 1347/83/58 1555/83/58 1551/89/58
f 1296/26/63 1292/24/63 1500/24/63 1504/26/63
f 1348/56/63 1344/54/63 1552/54/63 1556/56/63
f 1293/73/58 1297/96/58 1505/96/58 1501/73/58
f 1345/79/58 1349/1/58 1557/1/58 1553/79/58
f 1298/101/63 1294/81/63 1502/81/63 1506/101/63
f 1350/75/63 1346/84/63 1554/84/63 1558/75/63
f 1295/88/58 1299/106/58 1507/106/58 1503/88/58
f 1347/83/58 1351/74/58 1559/74/58 1555/83/58
f 1300/29/63 1296/26/63 1504/26/63 1508/29/63
f 1352/59/63 1348/56/63 1556/56/63 1560/59/63
f 1297/96/58 1301/115/58 1509/115/58 1505/96/58
f 1349/1/58 1252/4/58 1460/4/58 1557/1/58
f 1302/120/63 1298/101/63 1506/101/63 1510/120/63
f 1251/76/63 1350/75/63 1558/75/63 1459/76/63
f 1299/106/58 1303/125/58 1511/125/58 1507/106/58
f 1351/74/58 1250/77/58 1458/77/58 1559/74/58
f 1304/32/63 1300/29/63 1508/29/63 1512/32/63
f 1252/61/58 1253/64/58 1461/64/58 1460/61/58
f 1249/68/63 1352/59/63 1560/59/63 1457/68/63
f 1301/115/58 1305/128/58 1513/128/58 1509/115/58
f 1254/134/63 1251/135/63 1459/135/63 1462/134/63
f 1306/131/63 1302/120/63 1510/120/63 1514/131/63
f 1250/137/58 1255/138/58 1463/138/58 1458/137/58
f 1303/125/58 1307/130/58 1515/130/58 1511/125/58
f 1256/66/63 1249/140/63 1457/140/63 1464/66/63
f 1308/35/63 1304/32/63 1512/32/63 1516/35/63
f 1253/64/58 1257/143/58 1465/143/58 1461/64/58
f 1305/128/58 1309/123/58 1517/123/58 1513/128/58
f 1258/148/63 1254/134/63 1462/134/63 1466/148/63
f 1310/127/63 1306/131/63 1514/131/63 1518/127/63
f 1255/138/58 1259/153/58 1467/153/58 1463/138/58
f 1307/130/58 1311/126/58 1519/126/58 1515/130/58
f 1260/6/63 1256/66/63 1464/66/63 1468/6/63
f 1312/37/63 1308/35/63 1516/35/63 1520/37/63
f 1257/143/58 1261/162/58 1469/162/58 1465/143/58
f 1309/123/58 1313/118/58 1521/118/58 1517/123/58
f 1262/167/63 1258/148/63 1466/148/63 1470/167/63
f 1314/122/63 1310/127/63 1518/127/63 1522/122/63
f 1259/153/58 1263/171/58 1471/171/58 1467/153/58
f 1311/126/58 1315/121/58 1523/121/58 1519/126/58
f 1264/7/63 1260/6/63 1468/6/63 1472/7/63
f 1316/39/63 1312/37/63 1520/37/63 1524/39/63
f 1261/162/58 1265/165/58 1473/165/58 1469/162/58
f 1313/118/58 1317/113/58 1525/113/58 1521/118/58
f 1266/169/63 1262/167/63 1470/167/63 1474/169/63
f 1318/117/63 1314/122/63 1522/122/63 1526/117/63
f 1560/59/1263 1559/74/1263 1458/77/1264 1457/68/1264
f 1558/75/1265 1557/1/1265 1460/4/1266 1459/76/1266
f 1556/56/1267 1555/83/1267 1559/74/1263 1560/59/1263
f 1554/84/1268 1553/79/1268 1557/1/1265 1558/75/1265
f 1552/54/1269 1551/89/1269 1555/83/1267 1556/56/1267
f 1550/85/1270 1549/78/1270 1553/79/1268 1554/84/1268
f 1548/52/1271 1547/92/1271 1551/89/1269 1552/54/1269
f 1546/93/1272 1545/90/1272 1549/78/1270 1550/85/1270
f 1544/50/1273 1543/97/1273 1547/92/1271 1548/52/1271
f 1542/98/1274 1541/94/1274 1545/90/1272 1546/93/1272
f 1540/48/1275 1539/102/1275 1543/97/1273 1544/50/1273
f 1538/103/1276 1537/99/1276 1541/94/1274 1542/98/1274
f 1536/46/1277 1535/107/1278 1539/102/1275 1540/48/1275
f 1534/108/1279 1533/104/1279 1537/99/1276 1538/103/1276
f 1532/44/1280 1531/111/1280 1535/107/1278 1536/46/1277
f 1530/112/1281 1529/109/1281 1533/104/1279 1534/108/1279
f 1528/42/1282 1527/116/1282 1531/111/1280 1532/44/1280
f 1526/117/1283 1525/113/1283 1529/109/1281 1530/112/1281
f 1524/39/1284 1523/121/1284 1527/116/1282 1528/42/1282
f 1522/122/1285 1521/118/1285 1525/113/1283 1526/117/1283
f 1520/37/1286 1519/126/1286 1523/121/1284 1524/39/1284
f 1518/127/1287 1517/123/1287 1521/118/1285 1522/122/1285
f 1516/35/1288 1515/130/1288 1519/126/1286 1520/37/1286
f 1514/131/1289 1513/128/1289 1517/123/1287 1518/127/1287
f 1512/32/1290 1511/125/1290 1515/130/1288 1516/35/1288
f 1510/120/1291 1509/115/1291 1513/128/1289 1514/131/1289
f 1508/29/1292 1507/106/1292 1511/125/1290 1512/32/1290
f 1506/101/1293 1505/96/1293 1509/115/1291 1510/120/1291
f 1504/26/1294 1503/88/1294 1507/106/1292 1508/29/1292
f 1502/81/1295 1501/73/1295 1505/96/1293 1506/101/1293
f 1500/24/1296 1499/87/1296 1503/88/1294 1504/26/1294
f 1498/82/1297 1497/72/1297 1501/73/1295 1502/81/1295
f 1496/22/1298 1495/144/1298 1499/87/1296 1500/24/1296
f 1494/145/1299 1493/141/1299 1497/72/1297 1498/82/1297
f 1492/19/1300 1491/149/1300 1495/144/1298 1496/22/1298
f 1490/150/1301 1489/146/1301 1493/141/1299 1494/145/1299
f 1488/17/1302 1487/154/1302 1491/149/1300 1492/19/1300
f 1486/155/1303 1485/151/1303 1489/146/1301 1490/150/1301
f 1484/14/1304 1483/158/1304 1487/154/1302 1488/17/1302
f 1482/159/1305 1481/156/1305 1485/151/1303 1486/155/1303
f 1480/12/1306 1479/163/1306 1483/158/1304 1484/14/1304
f 1478/164/1307 1477/160/1307 1481/156/1305 1482/159/1305
f 1476/10/1308 1475/168/1308 1479/163/1306 1480/12/1306
f 1474/169/1309 1473/165/1309 1477/160/1307 1478/164/1307
f 1472/7/1310 1471/171/1310 1475/168/1308 1476/10/1308
f 1470/167/1311 1469/162/1311 1473/165/1309 1474/169/1309
f 1468/6/1312 1467/153/1312 1471/171/1310 1472/7/1310
f 1466/148/1313 1465/143/1313 1469/162/1311 1470/167/1311
f 1464/66/1314 1463/138/1314 1467/153/1312 1468/6/1312
f 1462/134/1315 1461/64/1315 1465/143/1313 1466/148/1313
f 1457/140/1264 1458/137/1264 1463/138/1314 1464/66/1314
f 1459/135/1266 1460/61/1266 1461/64/1315 1462/134/1315
f 1344/54/63 1340/52/63 1548/52/63 1552/54/63
f 1292/24/63 1288/22/63 1496/22/63 1500/24/63
f 1339/92/58 1343/89/58 1551/89/58 1547/92/58
f 1287/144/58 1291/87/58 1499/87/58 1495/144/58
f 1342/85/63 1338/93/63 1546/93/63 1550/85/63
f 1290/82/63 1286/145/63 1494/145/63 1498/82/63
f 1337/90/58 1341/78/58 1549/78/58 1545/90/58
f 1285/141/58 1289/72/58 1497/72/58 1493/141/58
f 1340/52/63 1336/50/63 1544/50/63 1548/52/63
f 1288/22/63 1284/19/63 1492/19/63 1496/22/63
f 1335/97/58 1339/92/58 1547/92/58 1543/97/58
f 1283/149/58 1287/144/58 1495/144/58 1491/149/58
f 1338/93/63 1334/98/63 1542/98/63 1546/93/63
f 1286/145/63 1282/150/63 1490/150/63 1494/145/63
f 1333/94/58 1337/90/58 1545/90/58 1541/94/58
f 1281/146/58 1285/141/58 1493/141/58 1489/146/58
f 1336/50/63 1332/48/63 1540/48/63 1544/50/63
f 1284/19/63 1280/17/63 1488/17/63 1492/19/63
f 1331/102/58 1335/97/58 1543/97/58 1539/102/58
f 1279/154/58 1283/149/58 1491/149/58 1487/154/58
f 1334/98/63 1330/103/63 1538/103/63 1542/98/63
f 1282/150/63 1278/155/63 1486/155/63 1490/150/63
f 1329/99/58 1333/94/58 1541/94/58 1537/99/58
f 1277/151/58 1281/146/58 1489/146/58 1485/151/58
f 1332/48/63 1328/46/63 1536/46/63 1540/48/63
f 1280/17/63 1276/14/63 1484/14/63 1488/17/63
f 1327/107/58 1331/102/58 1539/102/58 1535/107/58
f 1275/158/58 1279/154/58 1487/154/58 1483/158/58
f 1330/103/63 1326/108/63 1534/108/63 1538/103/63
f 1278/155/63 1274/159/63 1482/159/63 1486/155/63
f 1325/104/58 1329/99/58 1537/99/58 1533/104/58
f 1273/156/58 1277/151/58 1485/151/58 1481/156/58
f 1328/46/63 1324/44/63 1532/44/63 1536/46/63
f 1276/14/63 1272/12/63 1480/12/63 1484/14/63
f 1323/111/58 1327/107/58 1535/107/58 1531/111/58
f 1271/163/58 1275/158/58 1483/158/58 1479/163/58
f 1326/108/63 1322/112/63 1530/112/63 1534/108/63
f 1274/159/63 1270/164/63 1478/164/63 1482/159/63
f 1321/109/58 1325/104/58 1533/104/58 1529/109/58
f 1269/160/58 1273/156/58 1481/156/58 1477/160/58
f 1324/44/63 1320/42/63 1528/42/63 1532/44/63
f 1272/12/63 1268/10/63 1476/10/63 1480/12/63
f 1319/116/58 1323/111/58 1531/111/58 1527/116/58
f 1267/168/58 1271/163/58 1479/163/58 1475/168/58
f 1322/112/63 1318/117/63 1526/117/63 1530/112/63
f 1270/164/63 1266/169/63 1474/169/63 1478/164/63
f 1317/113/58 1321/109/58 1529/109/58 1525/113/58
f 1265/165/58 1269/160/58 1477/160/58 1473/165/58
f 1320/42/63 1316/39/63 1524/39/63 1528/42/63
f 1268/10/63 1264/7/63 1472/7/63 1476/10/63
f 1315/121/58 1319/116/58 1527/116/58 1523/121/58
f 1263/171/58 1267/168/58 1475/168/58 1471/171/58
f 1705/72/454 1709/73/454 1917/73/454 1913/72/454
f 1757/78/454 1761/79/454 1969/79/454 1965/78/454
f 1710/81/419 1706/82/419 1914/82/419 1918/81/419
f 1762/84/419 1758/85/419 1966/85/419 1970/84/419
f 1707/87/454 1711/88/454 1919/88/454 1915/87/454
f 1759/89/454 1763/83/454 1971/83/454 1967/89/454
f 1712/26/419 1708/24/419 1916/24/419 1920/26/419
f 1764/56/419 1760/54/419 1968/54/419 1972/56/419
f 1709/73/454 1713/96/454 1921/96/454 1917/73/454
f 1761/79/454 1765/1/454 1973/1/454 1969/79/454
f 1714/101/419 1710/81/419 1918/81/419 1922/101/419
f 1766/75/419 1762/84/419 1970/84/419 1974/75/419
f 1711/88/454 1715/106/1511 1923/106/1511 1919/88/454
f 1763/83/454 1767/74/454 1975/74/454 1971/83/454
f 1716/29/419 1712/26/419 1920/26/419 1924/29/419
f 1768/59/419 1764/56/419 1972/56/419 1976/59/419
f 1713/96/454 1717/115/454 1925/115/454 1921/96/454
f 1765/1/454 1668/4/454 1876/4/454 1973/1/454
f 1718/120/419 1714/101/419 1922/101/419 1926/120/419
f 1667/76/419 1766/75/419 1974/75/419 1875/76/419
f 1715/106/1511 1719/125/1511 1927/125/1511 1923/106/1511
f 1767/74/454 1666/77/454 1874/77/454 1975/74/454
f 1720/32/419 1716/29/419 1924/29/419 1928/32/419
f 1668/61/454 1669/64/454 1877/64/454 1876/61/454
f 1665/68/419 1768/59/419 1976/59/419 1873/68/419
f 1717/115/454 1721/128/454 1929/128/454 1925/115/454
f 1670/134/1532 1667/135/419 1875/135/419 1878/134/1532
f 1722/131/419 1718/120/419 1926/120/419 1930/131/419
f 1666/137/454 1671/138/454 1879/138/454 1874/137/454
f 1719/125/1511 1723/130/1511 1931/130/1511 1927/125/1511
f 1672/66/419 1665/140/419 1873/140/419 1880/66/419
f 1724/35/419 1720/32/419 1928/32/419 1932/35/419
f 1669/64/454 1673/143/454 1881/143/454 1877/64/454
f 1721/128/454 1725/123/454 1933/123/454 1929/128/454
f 1674/148/419 1670/134/1532 1878/134/1532 1882/148/419
f 1726/127/419 1722/131/419 1930/131/419 1934/127/419
f 1671/138/454 1675/153/454 1883/153/454 1879/138/454
f 1723/130/1511 1727/126/454 1935/126/454 1931/130/1511
f 1676/6/419 1672/66/419 1880/66/419 1884/6/419
f 1728/37/419 1724/35/419 1932/35/419 1936/37/419
f 1673/143/454 1677/162/454 1885/162/454 1881/143/454
f 1725/123/454 1729/118/454 1937/118/454 1933/123/454
f 1678/167/419 1674/148/419 1882/148/419 1886/167/419
f 1730/122/419 1726/127/419 1934/127/419 1938/122/419
f 1675/153/454 1679/171/454 1887/171/454 1883/153/454
f 1727/126/454 1731/121/454 1939/121/454 1935/126/454
f 1680/7/419 1676/6/419 1884/6/419 1888/7/419
f 1732/39/419 1728/37/419 1936/37/419 1940/39/419
f 1677/162/454 1681/165/1564 1889/165/1565 1885/162/454
f 1729/118/454 1733/113/454 1941/113/454 1937/118/454
f 1682/169/419 1678/167/419 1886/167/419 1890/169/419
f 1734/117/419 1730/122/419 1938/122/419 1942/117/419
f 1976/59/1624 1975/74/1624 1874/77/1625 1873/68/1625
f 1974/75/1626 1973/1/1626 1876/4/1627 1875/76/1627
f 1972/56/1628 1971/83/1628 1975/74/1624 1976/59/1624
f 1970/84/1629 1969/79/1629 1973/1/1626 1974/75/1626
f 1968/54/1630 1967/89/1630 1971/83/1628 1972/56/1628
f 1966/85/1631 1965/78/1631 1969/79/1629 1970/84/1629
f 1964/52/1632 1963/92/1632 1967/89/1630 1968/54/1630
f 1962/93/1633 1961/90/1633 1965/78/1631 1966/85/1631
f 1960/50/1634 1959/97/1634 1963/92/1632 1964/52/1632
f 1958/98/1635 1957/94/1635 1961/90/1633 1962/93/1633
f 1956/48/1636 1955/102/1636 1959/97/1634 1960/50/1634
f 1954/103/1637 1953/99/1637 1957/94/1635 1958/98/1635
f 1952/46/1638 1951/107/1638 1955/102/1636 1956/48/1636
f 1950/108/1639 1949/104/1639 1953/99/1637 1954/103/1637
f 1948/44/1640 1947/111/1640 1951/107/1638 1952/46/1638
f 1946/112/1641 1945/109/1641 1949/104/1639 1950/108/1639
f 1944/42/1642 1943/116/1642 1947/111/1640 1948/44/1640
f 1942/117/1643 1941/113/1643 1945/109/1641 1946/112/1641
f 1940/39/1644 1939/121/1644 1943/116/1642 1944/42/1642
f 1938/122/1645 1937/118/1645 1941/113/1643 1942/117/1643
f 1936/37/1646 1935/126/1646 1939/121/1644 1940/39/1644
f 1934/127/1647 1933/123/1647 1937/118/1645 1938/122/1645
f 1932/35/1648 1931/130/1648 1935/126/1646 1936/37/1646
f 1930/131/1649 1929/128/1649 1933/123/1647 1934/127/1647
f 1928/32/1650 1927/125/1650 1931/130/1648 1932/35/1648
f 1926/120/1651 1925/115/1651 1929/128/1649 1930/131/1649
f 1924/29/1652 1923/106/1652 1927/125/1650 1928/32/1650
f 1922/101/1653 1921/96/1653 1925/115/1651 1926/120/1651
f 1920/26/1654 1919/88/1654 1923/106/1652 1924/29/1652
f 1918/81/1655 1917/73/1655 1921/96/1653 1922/101/1653
f 1916/24/1656 1915/87/1656 1919/88/1654 1920/26/1654
f 1914/82/1657 1913/72/1657 1917/73/1655 1918/81/1655
f 1912/22/1658 1911/144/1658 1915/87/1656 1916/24/1656
f 1910/145/1659 1909/141/1659 1913/72/1657 1914/82/1657
f 1908/19/1660 1907/149/1660 1911/144/1658 1912/22/1658
f 1906/150/1661 1905/146/1661 1909/141/1659 1910/145/1659
f 1904/17/1662 1903/154/1662 1907/149/1660 1908/19/1660
f 1902/155/1663 1901/151/1663 1905/146/1661 1906/150/1661
f 1900/14/1664 1899/158/1664 1903/154/1662 1904/17/1662
f 1898/159/1665 1897/156/1666 1901/151/1663 1902/155/1663
f 1896/12/1667 1895/163/1667 1899/158/1664 1900/14/1664
f 1894/164/1668 1893/160/1669 1897/156/1666 1898/159/1665
f 1892/10/1670 1891/168/1670 1895/163/1667 1896/12/1667
f 1890/169/1671 1889/165/1672 1893/160/1669 1894/164/1668
f 1888/7/1673 1887/171/1673 1891/168/1670 1892/10/1670
f 1886/167/1674 1885/162/1674 1889/165/1672 1890/169/1671
f 1884/6/1675 1883/153/1675 1887/171/1673 1888/7/1673
f 1882/148/1676 1881/143/1676 1885/162/1674 1886/167/1674
f 1880/66/1677 1879/138/1677 1883/153/1675 1884/6/1675
f 1878/134/1678 1877/64/1678 1881/143/1676 1882/148/1676
f 1873/140/1625 1874/137/1625 1879/138/1677 1880/66/1677
f 1875/135/1627 1876/61/1627 1877/64/1678 1878/134/1678
f 1760/54/419 1756/52/419 1964/52/419 1968/54/419
f 1708/24/419 1704/22/419 1912/22/419 1916/24/419
f 1755/92/454 1759/89/454 1967/89/454 1963/92/454
f 1703/144/454 1707/87/454 1915/87/454 1911/144/454
f 1758/85/419 1754/93/419 1962/93/419 1966/85/419
f 1706/82/419 1702/145/419 1910/145/419 1914/82/419
f 1753/90/454 1757/78/454 1965/78/454 1961/90/454
f 1701/141/454 1705/72/454 1913/72/454 1909/141/454
f 1756/52/419 1752/50/419 1960/50/419 1964/52/419
f 1704/22/419 1700/19/419 1908/19/419 1912/22/419
f 1751/97/1679 1755/92/454 1963/92/454 1959/97/1679
f 1699/149/454 1703/144/454 1911/144/454 1907/149/454
f 1754/93/419 1750/98/419 1958/98/419 1962/93/419
f 1702/145/419 1698/150/419 1906/150/419 1910/145/419
f 1749/94/454 1753/90/454 1961/90/454 1957/94/454
f 1697/146/454 1701/141/454 1909/141/454 1905/146/454
f 1752/50/419 1748/48/419 1956/48/419 1960/50/419
f 1700/19/419 1696/17/419 1904/17/419 1908/19/419
f 1747/102/454 1751/97/1679 1959/97/1679 1955/102/454
f 1695/154/454 1699/149/454 1907/149/454 1903/154/454
f 1750/98/419 1746/103/419 1954/103/419 1958/98/419
f 1698/150/419 1694/155/419 1902/155/419 1906/150/419
f 1745/99/454 1749/94/454 1957/94/454 1953/99/454
f 1693/151/454 1697/146/454 1905/146/454 1901/151/454
f 1748/48/419 1744/46/419 1952/46/419 1956/48/419
f 1696/17/419 1692/14/419 1900/14/419 1904/17/419
f 1743/107/454 1747/102/454 1955/102/454 1951/107/454
f 1691/158/454 1695/154/454 1903/154/454 1899/158/454
f 1746/103/419 1742/108/419 1950/108/419 1954/103/419
f 1694/155/419 1690/159/419 1898/159/419 1902/155/419
f 1741/104/454 1745/99/454 1953/99/454 1949/104/454
f 1689/156/1680 1693/151/454 1901/151/454 1897/156/1681
f 1744/46/419 1740/44/419 1948/44/419 1952/46/419
f 1692/14/419 1688/12/419 1896/12/419 1900/14/419
f 1739/111/454 1743/107/454 1951/107/454 1947/111/454
f 1687/163/454 1691/158/454 1899/158/454 1895/163/454
f 1742/108/419 1738/112/419 1946/112/419 1950/108/419
f 1690/159/419 1686/164/419 1894/164/419 1898/159/419
f 1737/109/454 1741/104/454 1949/104/454 1945/109/454
f 1685/160/1682 1689/156/1680 1897/156/1681 1893/160/1683
f 1740/44/419 1736/42/419 1944/42/419 1948/44/419
f 1688/12/419 1684/10/419 1892/10/419 1896/12/419
f 1735/116/454 1739/111/454 1947/111/454 1943/116/454
f 1683/168/454 1687/163/454 1895/163/454 1891/168/454
f 1738/112/419 1734/117/419 1942/117/419 1946/112/419
f 1686/164/419 1682/169/419 1890/169/419 1894/164/419
f 1733/113/454 1737/109/454 1945/109/454 1941/113/454
f 1681/165/1564 1685/160/1682 1893/160/1683 1889/165/1565
f 1736/42/419 1732/39/419 1940/39/419 1944/42/419
f 1684/10/419 1680/7/419 1888/7/419 1892/10/419
f 1731/121/454 1735/116/454 1943/116/454 1939/121/454
f 1679/171/454 1683/168/454 1891/168/454 1887/171/454
f 2121/72/1860 2125/73/1860 2333/73/1860 2329/72/1860
f 2173/78/1863 2177/79/1860 2385/79/1860 2381/78/1863
f 2126/81/1866 2122/82/1866 2330/82/1866 2334/81/1866
f 2178/84/1866 2174/85/1866 2382/85/1866 2386/84/1866
f 2123/87/1860 2127/88/1860 2335/88/1860 2331/87/1860
f 2175/89/1860 2179/83/1860 2387/83/1860 2383/89/1860
f 2128/26/1873 2124/24/1873 2332/24/1873 2336/26/1873
f 2180/56/1873 2176/54/1873 2384/54/1873 2388/56/1873
f 2125/73/1860 2129/96/1860 2337/96/1860 2333/73/1860
f 2177/79/1860 2181/1/1860 2389/1/1860 2385/79/1860
f 2130/101/1873 2126/81/1866 2334/81/1866 2338/101/1873
f 2182/75/1873 2178/84/1866 2386/84/1866 2390/75/1873
f 2127/88/1860 2131/106/1863 2339/106/1863 2335/88/1860
f 2179/83/1860 2183/74/1863 2391/74/1863 2387/83/1860
f 2132/29/1873 2128/26/1873 2336/26/1873 2340/29/1873
f 2184/59/1873 2180/56/1873 2388/56/1873 2392/59/1873
f 2129/96/1860 2133/115/1860 2341/115/1860 2337/96/1860
f 2181/1/1860 2084/4/1860 2292/4/1860 2389/1/1860
f 2134/120/1873 2130/101/1873 2338/101/1873 2342/120/1873
f 2083/76/1873 2182/75/1873 2390/75/1873 2291/76/1873
f 2131/106/1863 2135/125/1863 2343/125/1863 2339/106/1863
f 2183/74/1863 2082/77/1896 2290/77/1896 2391/74/1863
f 2136/32/1898 2132/29/1873 2340/29/1873 2344/32/1898
f 2084/61/1860 2085/64/1860 2293/64/1860 2292/61/1860
f 2081/68/1873 2184/59/1873 2392/59/1873 2289/68/1873
f 2133/115/1860 2137/128/1860 2345/128/1860 2341/115/1860
f 2086/134/1873 2083/135/1873 2291/135/1873 2294/134/1873
f 2138/131/1873 2134/120/1873 2342/120/1873 2346/131/1873
f 2082/137/1896 2087/138/1896 2295/138/1896 2290/137/1896
f 2135/125/1863 2139/130/1863 2347/130/1863 2343/125/1863
f 2088/66/1873 2081/140/1873 2289/140/1873 2296/66/1873
f 2140/35/1912 2136/32/1898 2344/32/1898 2348/35/1912
f 2085/64/1860 2089/143/1860 2297/143/1860 2293/64/1860
f 2137/128/1860 2141/123/1860 2349/123/1860 2345/128/1860
f 2090/148/1873 2086/134/1873 2294/134/1873 2298/148/1873
f 2142/127/1873 2138/131/1873 2346/131/1873 2350/127/1873
f 2087/138/1896 2091/153/1860 2299/153/1860 2295/138/1896
f 2139/130/1863 2143/126/1922 2351/126/1922 2347/130/1863
f 2092/6/1925 2088/66/1873 2296/66/1873 2300/6/1925
f 2144/37/1873 2140/35/1912 2348/35/1912 2352/37/1873
f 2089/143/1860 2093/162/1860 2301/162/1860 2297/143/1860
f 2141/123/1860 2145/118/1922 2353/118/1922 2349/123/1860
f 2094/167/1873 2090/148/1873 2298/148/1873 2302/167/1873
f 2146/122/1873 2142/127/1873 2350/127/1873 2354/122/1873
f 2091/153/1860 2095/171/1860 2303/171/1860 2299/153/1860
f 2143/126/1922 2147/121/1860 2355/121/1860 2351/126/1922
f 2096/7/1938 2092/6/1925 2300/6/1925 2304/7/1938
f 2148/39/1925 2144/37/1873 2352/37/1873 2356/39/1925
f 2093/162/1860 2097/165/1860 2305/165/1860 2301/162/1860
f 2145/118/1922 2149/113/1922 2357/113/1922 2353/118/1922
f 2098/169/1873 2094/167/1873 2302/167/1873 2306/169/1873
f 2150/117/1873 2146/122/1873 2354/122/1873 2358/117/1873
f 2392/59/1998 2391/74/1998 2290/77/1999 2289/68/2000
f 2390/75/2001 2389/1/2001 2292/4/2002 2291/76/2002
f 2388/56/2003 2387/83/2003 2391/74/1998 2392/59/1998
f 2386/84/2004 2385/79/2004 2389/1/2001 2390/75/2001
f 2384/54/2005 2383/89/2005 2387/83/2003 2388/56/2003
f 2382/85/2006 2381/78/2006 2385/79/2004 2386/84/2004
f 2380/52/2007 2379/92/2007 2383/89/2005 2384/54/2005
f 2378/93/2008 2377/90/2008 2381/78/2006 2382/85/2006
f 2376/50/2009 2375/97/2009 2379/92/2007 2380/52/2007
f 2374/98/2010 2373/94/2010 2377/90/2008 2378/93/2008
f 2372/48/2011 2371/102/2011 2375/97/2009 2376/50/2009
f 2370/103/2012 2369/99/2012 2373/94/2010 2374/98/2010
f 2368/46/2013 2367/107/2013 2371/102/2011 2372/48/2011
f 2366/108/2014 2365/104/2014 2369/99/2012 2370/103/2012
f 2364/44/2015 2363/111/2015 2367/107/2013 2368/46/2013
f 2362/112/2016 2361/109/2016 2365/104/2014 2366/108/2014
f 2360/42/2017 2359/116/2017 2363/111/2015 2364/44/2015
f 2358/117/2018 2357/113/2018 2361/109/2016 2362/112/2016
f 2356/39/2019 2355/121/2019 2359/116/2017 2360/42/2017
f 2354/122/2020 2353/118/2020 2357/113/2018 2358/117/2018
f 2352/37/2021 2351/126/2021 2355/121/2019 2356/39/2019
f 2350/127/2022 2349/123/2022 2353/118/2020 2354/122/2020
f 2348/35/2023 2347/130/2023 2351/126/2021 2352/37/2021
f 2346/131/2024 2345/128/2024 2349/123/2022 2350/127/2022
f 2344/32/2025 2343/125/2025 2347/130/2023 2348/35/2023
f 2342/120/2026 2341/115/2027 2345/128/2024 2346/131/2024
f 2340/29/2028 2339/106/2028 2343/125/2025 2344/32/2025
f 2338/101/2029 2337/96/2029 2341/115/2027 2342/120/2026
f 2336/26/2030 2335/88/2030 2339/106/2028 2340/29/2028
f 2334/81/2031 2333/73/2031 2337/96/2029 2338/101/2029
f 2332/24/2032 2331/87/2032 2335/88/2030 2336/26/2030
f 2330/82/2033 2329/72/2033 2333/73/2031 2334/81/2031
f 2328/22/2034 2327/144/2034 2331/87/2032 2332/24/2032
f 2326/145/2035 2325/141/2035 2329/72/2033 2330/82/2033
f 2324/19/2036 2323/149/2036 2327/144/2034 2328/22/2034
f 2322/150/2037 2321/146/2037 2325/141/2035 2326/145/2035
f 2320/17/2038 2319/154/2038 2323/149/2036 2324/19/2036
f 2318/155/2039 2317/151/2039 2321/146/2037 2322/150/2037
f 2316/14/2040 2315/158/2040 2319/154/2038 2320/17/2038
f 2314/159/2041 2313/156/2041 2317/151/2039 2318/155/2039
f 2312/12/2042 2311/163/2042 2315/158/2040 2316/14/2040
f 2310/164/2043 2309/160/2043 2313/156/2041 2314/159/2041
f 2308/10/2044 2307/168/2044 2311/163/2042 2312/12/2042
f 2306/169/2045 2305/165/2045 2309/160/2043 2310/164/2043
f 2304/7/2046 2303/171/2046 2307/168/2044 2308/10/2044
f 2302/167/2047 2301/162/2047 2305/165/2045 2306/169/2045
f 2300/6/2048 2299/153/2048 2303/171/2046 2304/7/2046
f 2298/148/2049 2297/143/2049 2301/162/2047 2302/167/2047
f 2296/66/2050 2295/138/2050 2299/153/2048 2300/6/2048
f 2294/134/2051 2293/64/2051 2297/143/2049 2298/148/2049
f 2289/140/2000 2290/137/1999 2295/138/2050 2296/66/2050
f 2291/135/2002 2292/61/2002 2293/64/2051 2294/134/2051
f 2176/54/1873 2172/52/1866 2380/52/1866 2384/54/1873
f 2124/24/1873 2120/22/1873 2328/22/1873 2332/24/1873
f 2171/92/1860 2175/89/1860 2383/89/1860 2379/92/1860
f 2119/144/1860 2123/87/1860 2331/87/1860 2327/144/1860
f 2174/85/1866 2170/93/1866 2378/93/1866 2382/85/1866
f 2122/82/1866 2118/145/1873 2326/145/1873 2330/82/1866
f 2169/90/1863 2173/78/1863 2381/78/1863 2377/90/1863
f 2117/141/1860 2121/72/1860 2329/72/1860 2325/141/1860
f 2172/52/1866 2168/50/1866 2376/50/1866 2380/52/1866
f 2120/22/1873 2116/19/1873 2324/19/1873 2328/22/1873
f 2167/97/1860 2171/92/1860 2379/92/1860 2375/97/1860
f 2115/149/1860 2119/144/1860 2327/144/1860 2323/149/1860
f 2170/93/1866 2166/98/1866 2374/98/1866 2378/93/1866
f 2118/145/1873 2114/150/1873 2322/150/1873 2326/145/1873
f 2165/94/1860 2169/90/1863 2377/90/1863 2373/94/1860
f 2113/146/1860 2117/141/1860 2325/141/1860 2321/146/1860
f 2168/50/1866 2164/48/1873 2372/48/1873 2376/50/1866
f 2116/19/1873 2112/17/1873 2320/17/1873 2324/19/1873
f 2163/102/1860 2167/97/1860 2375/97/1860 2371/102/1860
f 2111/154/1860 2115/149/1860 2323/149/1860 2319/154/1860
f 2166/98/1866 2162/103/1873 2370/103/1873 2374/98/1866
f 2114/150/1873 2110/155/1873 2318/155/1873 2322/150/1873
f 2161/99/1860 2165/94/1860 2373/94/1860 2369/99/1860
f 2109/151/1860 2113/146/1860 2321/146/1860 2317/151/1860
f 2164/48/1873 2160/46/1873 2368/46/1873 2372/48/1873
f 2112/17/1873 2108/14/1873 2316/14/1873 2320/17/1873
f 2159/107/1860 2163/102/1860 2371/102/1860 2367/107/1860
f 2107/158/1860 2111/154/1860 2319/154/1860 2315/158/1860
f 2162/103/1873 2158/108/1873 2366/108/1873 2370/103/1873
f 2110/155/1873 2106/159/2052 2314/159/2052 2318/155/1873
f 2157/104/1860 2161/99/1860 2369/99/1860 2365/104/1860
f 2105/156/1860 2109/151/1860 2317/151/1860 2313/156/1860
f 2160/46/1873 2156/44/1873 2364/44/1873 2368/46/1873
f 2108/14/1873 2104/12/1925 2312/12/1925 2316/14/1873
f 2155/111/1860 2159/107/1860 2367/107/1860 2363/111/1860
f 2103/163/1860 2107/158/1860 2315/158/1860 2311/163/1860
f 2158/108/1873 2154/112/1873 2362/112/1873 2366/108/1873
f 2106/159/2052 2102/164/1866 2310/164/1866 2314/159/2052
f 2153/109/1860 2157/104/1860 2365/104/1860 2361/109/1860
f 2101/160/1860 2105/156/1860 2313/156/1860 2309/160/1860
f 2156/44/1873 2152/42/1873 2360/42/1873 2364/44/1873
f 2104/12/1925 2100/10/1925 2308/10/1925 2312/12/1925
f 2151/116/1860 2155/111/1860 2363/111/1860 2359/116/1860
f 2099/168/1860 2103/163/1860 2311/163/1860 2307/168/1860
f 2154/112/1873 2150/117/1873 2358/117/1873 2362/112/1873
f 2102/164/1866 2098/169/1873 2306/169/1873 2310/164/1866
f 2149/113/1922 2153/109/1860 2361/109/1860 2357/113/1922
f 2097/165/1860 2101/160/1860 2309/160/1860 2305/165/1860
f 2152/42/1873 2148/39/1925 2356/39/1925 2360/42/1873
f 2100/10/1925 2096/7/1938 2304/7/1938 2308/10/1925
f 2147/121/1860 2151/116/1860 2359/116/1860 2355/121/1860
f 2095/171/1860 2099/168/1860 2307/168/1860 2303/171/1860
