# Blender 5.1.2
# www.blender.org
mtllib buildings.mtl
o Plane.146
v -0.897037 -0.128704 0.050725
v -0.897037 0.105849 0.010060
v -1.068382 -0.144448 0.049744
v -1.068148 0.138981 0.049696
v -0.897037 -0.128704 0.131131
v -0.897037 0.105849 0.145660
v -1.068382 -0.144448 0.132111
v -1.068148 0.138981 0.132160
v -0.897037 0.030398 0.010060
v -1.089654 -0.035768 0.007121
v -0.897037 0.030398 0.145660
v -1.089654 -0.035768 0.150604
v -0.897037 -0.018477 0.050725
v -0.915204 0.138981 0.049696
v -0.897037 -0.018477 0.131131
v -0.915204 0.138981 0.132160
v -0.897037 0.027092 0.006920
v -0.897037 0.109155 0.006920
v -0.897037 0.027092 0.148800
v -0.897037 0.109155 0.148800
v -0.901094 0.035842 0.014914
v -0.901094 0.100405 0.014914
v -0.901094 0.035842 0.140807
v -0.901094 0.100405 0.140807
v -0.915345 -0.144448 0.132111
v -0.915345 -0.144448 0.049744
v -0.897037 -0.002733 0.006684
v -0.897037 -0.002733 0.175172
v -0.897037 -0.131149 0.133359
v -0.897037 -0.131149 0.048497
v -0.897037 -0.016032 0.048497
v -0.897037 -0.016032 0.133359
v -0.893541 -0.131149 0.133359
v -0.893541 -0.131149 0.048497
v -0.893541 -0.016032 0.048497
v -0.893541 -0.016032 0.133359
v -0.893541 -0.128704 0.131131
v -0.893541 -0.128704 0.050725
v -0.893541 -0.018477 0.050725
v -0.893541 -0.018477 0.131131
v -1.013186 -0.144448 0.049744
v -0.970075 0.138981 0.049696
v -1.013186 -0.144448 0.132111
v -0.970075 0.138981 0.132160
v -0.993346 -0.002734 0.006684
v -1.013277 0.138981 0.049696
v -1.013277 0.138981 0.132160
v -0.993346 0.138981 0.006684
v -0.993346 0.138981 0.175172
v -1.089654 -0.111413 0.007121
v -1.089654 -0.111413 0.150604
v -0.970110 -0.144448 0.049744
v -0.970110 -0.144448 0.132111
v -0.993345 -0.144448 0.006684
v -0.897037 -0.144448 0.006684
v -0.993345 -0.144448 0.175172
v -0.897037 -0.144448 0.175172
v -0.920019 0.133661 0.052835
v -0.920019 0.133661 0.129020
v -0.965259 0.133661 0.052835
v -0.965259 0.133661 0.129020
v -1.018093 0.133661 0.052835
v -1.063333 0.133661 0.052835
v -1.018093 0.133661 0.129020
v -1.063333 0.133661 0.129020
v -1.063566 -0.139128 0.052884
v -1.063566 -0.139128 0.128971
v -1.018001 -0.139128 0.052884
v -1.018001 -0.139128 0.128971
v -0.965295 -0.139128 0.052884
v -0.920160 -0.139128 0.052884
v -0.965295 -0.139128 0.128971
v -0.920160 -0.139128 0.128971
v -0.915204 0.133661 0.049696
v -0.915204 0.133661 0.132160
v -0.970075 0.133661 0.049696
v -0.970075 0.133661 0.132160
v -1.013277 0.133661 0.049696
v -1.068148 0.133661 0.049696
v -1.013277 0.133661 0.132160
v -1.068148 0.133661 0.132160
v -1.068382 -0.139128 0.049744
v -1.068382 -0.139128 0.132111
v -1.013186 -0.139128 0.049744
v -1.013186 -0.139128 0.132111
v -0.970110 -0.139128 0.049744
v -0.915345 -0.139128 0.049744
v -0.970110 -0.139128 0.132111
v -0.915345 -0.139128 0.132111
v -0.920019 0.129516 0.052835
v -0.920019 0.129516 0.129020
v -0.965259 0.129516 0.052835
v -0.965259 0.129516 0.129020
v -1.018093 0.129516 0.052835
v -1.063333 0.129516 0.052835
v -1.018093 0.129516 0.129020
v -1.063333 0.129516 0.129020
v -1.063566 -0.134983 0.052884
v -1.063566 -0.134983 0.128971
v -1.018001 -0.134983 0.052884
v -1.018001 -0.134983 0.128971
v -0.965295 -0.134983 0.052884
v -0.920160 -0.134983 0.052884
v -0.965295 -0.134983 0.128971
v -0.920160 -0.134983 0.128971
v -1.089654 -0.144448 0.006684
v -1.089654 -0.144448 0.175172
v -1.089654 0.122914 0.133439
v -1.089654 0.122914 0.047705
v -1.089654 0.013333 0.047705
v -1.089654 0.013333 0.133439
v -1.089654 -0.031729 0.006973
v -1.089654 -0.115452 0.006973
v -1.089654 -0.031729 0.155659
v -1.089654 -0.115452 0.155659
v -1.083758 -0.035768 0.007121
v -1.083758 -0.111413 0.007121
v -1.083758 -0.035768 0.150604
v -1.083758 -0.111413 0.150604
v -1.089654 -0.144448 0.088575
v -1.089654 0.122914 0.089286
v -0.897037 -0.144448 0.088575
v -0.897037 -0.002733 0.088575
v -1.089654 0.013333 0.089286
v -0.897037 0.109155 0.088575
v -0.897037 0.027092 0.088575
v -0.897037 0.105849 0.088575
v -0.897037 0.030398 0.088575
v -0.901094 0.100405 0.088575
v -0.901094 0.035842 0.088575
v -0.897037 -0.131149 0.088575
v -0.897037 -0.016032 0.088575
v -0.897037 -0.128704 0.088575
v -0.897037 -0.018477 0.088575
v -0.893541 -0.131149 0.088575
v -0.893541 -0.016032 0.088575
v -0.893541 -0.128704 0.088575
v -0.893541 -0.018477 0.088575
v -0.993345 -0.144448 0.088575
v -0.993346 0.138981 0.088575
v -0.915204 0.138981 0.088575
v -0.970075 0.138981 0.088575
v -1.068148 0.138980 0.088575
v -1.013277 0.138981 0.088575
v -1.068382 -0.144448 0.088575
v -1.013186 -0.144448 0.088575
v -0.915345 -0.144448 0.088575
v -0.970110 -0.144448 0.088575
v -0.915204 0.133661 0.088575
v -0.970075 0.133661 0.088575
v -1.068148 0.133660 0.088575
v -1.013277 0.133661 0.088575
v -1.068382 -0.139128 0.088575
v -1.013186 -0.139128 0.088575
v -0.915345 -0.139128 0.088575
v -0.970110 -0.139128 0.088575
v -0.920019 0.133661 0.088575
v -0.965259 0.133661 0.088575
v -1.063333 0.133661 0.088575
v -1.018093 0.133661 0.088575
v -1.063567 -0.139128 0.088575
v -1.018001 -0.139128 0.088575
v -0.920160 -0.139128 0.088575
v -0.965295 -0.139128 0.088575
v -1.089654 -0.115452 0.088575
v -1.089654 -0.031729 0.088575
v -1.089654 -0.111413 0.088575
v -1.089654 -0.035768 0.088575
v -1.086571 -0.111413 0.080411
v -1.086571 -0.111413 0.096738
v -0.920019 0.129516 0.086691
v -0.920019 0.129516 0.090458
v -0.920019 0.133653 0.088575
v -0.965259 0.129516 0.090458
v -0.965259 0.129516 0.086691
v -0.965259 0.133653 0.088575
v -1.063333 0.129516 0.090458
v -1.063333 0.129516 0.086691
v -1.063333 0.133653 0.088575
v -1.018093 0.129516 0.086691
v -1.018093 0.129516 0.090458
v -1.018093 0.133653 0.088575
v -1.063567 -0.134983 0.086691
v -1.063567 -0.134983 0.090458
v -1.063567 -0.139120 0.088575
v -1.018001 -0.134983 0.090458
v -1.018001 -0.134983 0.086691
v -1.018001 -0.139120 0.088575
v -0.920160 -0.134983 0.090458
v -0.920160 -0.134983 0.086691
v -0.920160 -0.139120 0.088575
v -0.965295 -0.134983 0.086691
v -0.965295 -0.134983 0.090458
v -0.965295 -0.139120 0.088575
v -0.920019 0.132523 0.086691
v -0.920019 0.132523 0.090458
v -0.965259 0.132523 0.090458
v -0.965259 0.132523 0.086691
v -1.063333 0.132523 0.090458
v -1.063333 0.132523 0.086691
v -1.020136 0.133653 0.088575
v -1.018994 0.132215 0.086691
v -1.018994 0.132215 0.090458
v -1.063567 -0.137990 0.086691
v -1.063567 -0.137990 0.090458
v -1.018001 -0.137990 0.090458
v -1.018001 -0.137990 0.086691
v -0.920160 -0.137990 0.090458
v -0.920160 -0.137990 0.086691
v -0.965295 -0.137990 0.086691
v -0.965295 -0.137990 0.090458
v -1.083758 -0.111413 0.096738
v -1.083758 -0.111413 0.080411
v -1.089649 -0.111413 0.088575
v -1.083758 -0.035768 0.080411
v -1.083758 -0.035768 0.096738
v -1.089649 -0.035768 0.088575
v -1.086571 -0.035768 0.080411
v -1.086571 -0.035768 0.096738
v -0.897037 -0.144448 0.175172
v -1.089654 -0.144448 0.175172
v -1.089654 0.138981 0.175172
v -0.897037 -0.144448 0.313412
v -1.089654 -0.144448 0.313412
v -1.089654 0.138981 0.313412
v -0.897037 -0.049971 0.175172
v -0.897037 0.044505 0.175172
v -1.089654 0.044504 0.175172
v -1.089654 -0.049972 0.175172
v -0.897037 -0.049971 0.313412
v -0.897037 0.044505 0.313412
v -1.089654 0.044504 0.313412
v -1.089654 -0.049972 0.313412
v -0.993345 -0.144448 0.175172
v -0.993346 0.138981 0.175172
v -0.993346 -0.144448 0.313412
v -0.993346 0.138981 0.313412
v -0.993346 -0.049972 0.175172
v -0.993346 0.044505 0.175172
v -0.972164 -0.144448 0.212243
v -0.918218 -0.144448 0.212243
v -0.918218 -0.144448 0.276341
v -0.972164 -0.144448 0.276341
v -0.897037 0.065289 0.211833
v -0.897037 0.118196 0.211833
v -0.897037 0.118196 0.276750
v -0.897037 0.065289 0.276750
v -1.014562 0.138981 0.212190
v -1.068438 0.138981 0.212190
v -1.068438 0.138981 0.276394
v -1.014562 0.138981 0.276394
v -1.089654 -0.070756 0.211833
v -1.089654 -0.123663 0.211833
v -1.089654 -0.123663 0.276750
v -1.089654 -0.070756 0.276750
v -1.089654 0.118196 0.211833
v -1.089654 0.065289 0.211833
v -1.089654 0.065289 0.276750
v -1.089654 0.118196 0.276750
v -1.089654 0.023720 0.211833
v -1.089654 -0.029187 0.211833
v -1.089654 -0.029187 0.276750
v -1.089654 0.023720 0.276750
v -0.897037 -0.123663 0.211833
v -0.897037 -0.070756 0.211833
v -0.897037 -0.070756 0.276750
v -0.897037 -0.123663 0.276750
v -0.897037 -0.029187 0.211833
v -0.897037 0.023720 0.211833
v -0.897037 0.023720 0.276750
v -0.897037 -0.029187 0.276750
v -0.918253 0.138981 0.212190
v -0.972130 0.138981 0.212190
v -0.972130 0.138981 0.276394
v -0.918253 0.138981 0.276394
v -1.068473 -0.144448 0.212243
v -1.014527 -0.144448 0.212243
v -1.014527 -0.144448 0.276341
v -1.068473 -0.144448 0.276341
v -0.972164 -0.140095 0.212243
v -0.918218 -0.140095 0.212243
v -0.972164 -0.140095 0.276341
v -0.918218 -0.140095 0.276341
v -0.899995 0.065289 0.211833
v -0.899995 0.118196 0.211833
v -0.899995 0.065289 0.276750
v -0.899995 0.118196 0.276750
v -1.014562 0.134628 0.212190
v -1.068438 0.134628 0.212190
v -1.014562 0.134628 0.276394
v -1.068438 0.134628 0.276394
v -1.086696 -0.070756 0.211833
v -1.086696 -0.123663 0.211833
v -1.086696 -0.070756 0.276750
v -1.086696 -0.123663 0.276750
v -1.086696 0.118196 0.211833
v -1.086696 0.065289 0.211833
v -1.086696 0.118196 0.276750
v -1.086696 0.065289 0.276750
v -1.086696 0.023720 0.211833
v -1.086696 -0.029187 0.211833
v -1.086696 0.023720 0.276750
v -1.086696 -0.029187 0.276750
v -0.899995 -0.123663 0.211833
v -0.899995 -0.070756 0.211833
v -0.899995 -0.123663 0.276750
v -0.899995 -0.070756 0.276750
v -0.899995 -0.029187 0.211833
v -0.899995 0.023720 0.211833
v -0.899995 -0.029187 0.276750
v -0.899995 0.023720 0.276750
v -0.918253 0.134628 0.212190
v -0.972130 0.134628 0.212190
v -0.918253 0.134628 0.276394
v -0.972130 0.134628 0.276394
v -1.068473 -0.140095 0.212243
v -1.014527 -0.140095 0.212243
v -1.068473 -0.140095 0.276341
v -1.014527 -0.140095 0.276341
v -0.969275 -0.140095 0.214807
v -0.921107 -0.140095 0.214807
v -0.921108 -0.140095 0.273776
v -0.969275 -0.140095 0.273776
v -0.899995 0.069541 0.214407
v -0.899995 0.113944 0.214407
v -0.899995 0.113944 0.274176
v -0.899995 0.069541 0.274176
v -1.017451 0.134628 0.214756
v -1.065549 0.134628 0.214756
v -1.065549 0.134628 0.273828
v -1.017451 0.134628 0.273828
v -1.086696 -0.075008 0.214407
v -1.086696 -0.119411 0.214407
v -1.086696 -0.119411 0.274176
v -1.086696 -0.075008 0.274176
v -1.086696 0.113944 0.214407
v -1.086696 0.069541 0.214407
v -1.086696 0.069541 0.274176
v -1.086696 0.113944 0.274176
v -1.086696 0.019468 0.214407
v -1.086696 -0.024935 0.214407
v -1.086696 -0.024935 0.274176
v -1.086696 0.019468 0.274176
v -0.899995 -0.119411 0.214407
v -0.899995 -0.075008 0.214407
v -0.899995 -0.075008 0.274176
v -0.899995 -0.119411 0.274176
v -0.899995 -0.024935 0.214407
v -0.899995 0.019468 0.214407
v -0.899995 0.019468 0.274176
v -0.899995 -0.024935 0.274176
v -0.921142 0.134628 0.214756
v -0.969240 0.134628 0.214756
v -0.969240 0.134628 0.273828
v -0.921142 0.134628 0.273828
v -1.065584 -0.140095 0.214807
v -1.017416 -0.140095 0.214807
v -1.017416 -0.140095 0.273776
v -1.065584 -0.140095 0.273776
v -0.969275 -0.136272 0.214807
v -0.921107 -0.136272 0.214807
v -0.969275 -0.136272 0.273776
v -0.921108 -0.136272 0.273776
v -0.902593 0.069541 0.214407
v -0.902593 0.113944 0.214407
v -0.902593 0.069541 0.274176
v -0.902593 0.113944 0.274176
v -1.017451 0.130806 0.214756
v -1.065549 0.130805 0.214756
v -1.017451 0.130806 0.273828
v -1.065549 0.130805 0.273828
v -1.084099 -0.075008 0.214407
v -1.084099 -0.119411 0.214407
v -1.084099 -0.075008 0.274176
v -1.084099 -0.119411 0.274176
v -1.084099 0.113944 0.214407
v -1.084099 0.069541 0.214407
v -1.084099 0.113944 0.274176
v -1.084099 0.069541 0.274176
v -1.084099 0.019468 0.214407
v -1.084099 -0.024935 0.214407
v -1.084099 0.019468 0.274176
v -1.084099 -0.024935 0.274176
v -0.902592 -0.119411 0.214407
v -0.902593 -0.075008 0.214407
v -0.902593 -0.119411 0.274176
v -0.902593 -0.075008 0.274176
v -0.902593 -0.024935 0.214407
v -0.902593 0.019468 0.214407
v -0.902593 -0.024935 0.274176
v -0.902593 0.019468 0.274176
v -0.921142 0.130806 0.214756
v -0.969240 0.130806 0.214756
v -0.921142 0.130806 0.273828
v -0.969240 0.130806 0.273828
v -1.065584 -0.136273 0.214807
v -1.017416 -0.136273 0.214807
v -1.065584 -0.136273 0.273776
v -1.017416 -0.136273 0.273776
v -0.897037 -0.144448 0.246175
v -0.897037 -0.144448 0.242408
v -1.089654 -0.144448 0.246175
v -1.089654 -0.144448 0.242408
v -1.089654 0.138981 0.246175
v -1.089654 0.138981 0.242408
v -1.089654 0.044504 0.246175
v -1.089654 0.044504 0.242408
v -1.089654 -0.049972 0.242408
v -1.089654 -0.049972 0.246175
v -0.897037 -0.049971 0.246175
v -0.897037 -0.049971 0.242408
v -0.897037 0.044505 0.242408
v -0.897037 0.044505 0.246175
v -0.993346 0.138981 0.242408
v -0.993346 0.138981 0.246175
v -0.993346 -0.144448 0.242408
v -0.993346 -0.144448 0.246175
v -0.972164 -0.144448 0.246175
v -0.972164 -0.144448 0.242408
v -0.918218 -0.144447 0.242408
v -0.918218 -0.144447 0.246175
v -0.897037 0.065289 0.242408
v -0.897037 0.065289 0.246175
v -0.897037 0.118196 0.246175
v -0.897037 0.118196 0.242408
v -1.014562 0.138981 0.246175
v -1.014562 0.138981 0.242408
v -1.068438 0.138981 0.242408
v -1.068438 0.138981 0.246175
v -1.089654 -0.070756 0.246175
v -1.089654 -0.070756 0.242408
v -1.089654 -0.123663 0.242408
v -1.089654 -0.123663 0.246175
v -1.089654 0.118196 0.246175
v -1.089654 0.118196 0.242408
v -1.089654 0.065289 0.246175
v -1.089654 0.065289 0.242408
v -1.089654 0.023720 0.246175
v -1.089654 0.023720 0.242408
v -1.089654 -0.029187 0.242408
v -1.089654 -0.029187 0.246175
v -0.897037 -0.123663 0.242408
v -0.897037 -0.123663 0.246175
v -0.897037 -0.070756 0.246175
v -0.897037 -0.070756 0.242408
v -0.897037 -0.029187 0.246175
v -0.897037 -0.029187 0.242408
v -0.897037 0.023720 0.242408
v -0.897037 0.023720 0.246175
v -0.918253 0.138981 0.246175
v -0.918253 0.138981 0.242408
v -0.972130 0.138981 0.242408
v -0.972130 0.138981 0.246175
v -1.068473 -0.144448 0.246175
v -1.068473 -0.144448 0.242408
v -1.014527 -0.144448 0.242408
v -1.014527 -0.144448 0.246175
v -0.972164 -0.140095 0.246175
v -0.972164 -0.140095 0.242408
v -0.918218 -0.140095 0.242408
v -0.918218 -0.140095 0.246175
v -0.899995 0.065289 0.246175
v -0.899995 0.065289 0.242408
v -0.899995 0.118196 0.242408
v -0.899995 0.118196 0.246175
v -1.014562 0.134628 0.246175
v -1.014562 0.134628 0.242408
v -1.068438 0.134628 0.242408
v -1.068438 0.134628 0.246175
v -1.086696 -0.070756 0.246175
v -1.086696 -0.070756 0.242408
v -1.086696 -0.123663 0.242408
v -1.086696 -0.123663 0.246175
v -1.086696 0.118196 0.246175
v -1.086696 0.118196 0.242408
v -1.086696 0.065289 0.242408
v -1.086696 0.065289 0.246175
v -1.086696 0.023720 0.246175
v -1.086696 0.023720 0.242408
v -1.086696 -0.029187 0.242408
v -1.086696 -0.029187 0.246175
v -0.899995 -0.123663 0.246175
v -0.899995 -0.123663 0.242408
v -0.899995 -0.070756 0.242408
v -0.899995 -0.070756 0.246175
v -0.899995 -0.029187 0.246175
v -0.899995 -0.029187 0.242408
v -0.899995 0.023720 0.242408
v -0.899995 0.023720 0.246175
v -0.918253 0.134628 0.246175
v -0.918253 0.134628 0.242408
v -0.972130 0.134628 0.242408
v -0.972130 0.134628 0.246175
v -1.068473 -0.140095 0.246175
v -1.068473 -0.140095 0.242408
v -1.014527 -0.140095 0.242408
v -1.014527 -0.140095 0.246175
v -0.969275 -0.140095 0.246175
v -0.969275 -0.140095 0.242408
v -0.921108 -0.140095 0.242408
v -0.921108 -0.140095 0.246175
v -0.899995 0.069541 0.242408
v -0.899995 0.069541 0.246175
v -0.899995 0.113944 0.246175
v -0.899995 0.113944 0.242408
v -1.017451 0.134628 0.246175
v -1.017451 0.134628 0.242408
v -1.065549 0.134628 0.242408
v -1.065549 0.134628 0.246175
v -1.086696 -0.075008 0.246175
v -1.086696 -0.075008 0.242408
v -1.086696 -0.119411 0.242408
v -1.086696 -0.119411 0.246175
v -1.086696 0.113944 0.246175
v -1.086696 0.113944 0.242408
v -1.086696 0.069541 0.242408
v -1.086696 0.069541 0.246175
v -1.086696 0.019468 0.246175
v -1.086696 0.019468 0.242408
v -1.086696 -0.024935 0.242408
v -1.086696 -0.024935 0.246175
v -0.899995 -0.119411 0.242408
v -0.899995 -0.119411 0.246175
v -0.899995 -0.075008 0.246175
v -0.899995 -0.075008 0.242408
v -0.899995 -0.024935 0.246175
v -0.899995 -0.024935 0.242408
v -0.899995 0.019468 0.242408
v -0.899995 0.019468 0.246175
v -0.921142 0.134628 0.246175
v -0.921142 0.134628 0.242408
v -0.969240 0.134628 0.242408
v -0.969240 0.134628 0.246175
v -1.065584 -0.140095 0.246175
v -1.065584 -0.140095 0.242408
v -1.017416 -0.140095 0.242408
v -1.017416 -0.140095 0.246175
v -0.969275 -0.136272 0.242408
v -0.969275 -0.136272 0.246175
v -0.921108 -0.136272 0.246175
v -0.921108 -0.136272 0.242408
v -0.902593 0.069541 0.246175
v -0.902593 0.069541 0.242408
v -0.902593 0.113944 0.242408
v -0.902593 0.113944 0.246175
v -1.017451 0.130805 0.242408
v -1.017451 0.130805 0.246175
v -1.065549 0.130805 0.246175
v -1.065549 0.130805 0.242408
v -1.084099 -0.075008 0.242408
v -1.084099 -0.075008 0.246175
v -1.084099 -0.119411 0.246175
v -1.084099 -0.119411 0.242408
v -1.084099 0.113944 0.242408
v -1.084099 0.113944 0.246175
v -1.084099 0.069541 0.246175
v -1.084099 0.069541 0.242408
v -1.084099 0.019468 0.242408
v -1.084099 0.019468 0.246175
v -1.084099 -0.024935 0.246175
v -1.084099 -0.024935 0.242408
v -0.902592 -0.119411 0.246175
v -0.902592 -0.119411 0.242408
v -0.902593 -0.075008 0.242408
v -0.902593 -0.075008 0.246175
v -0.902593 -0.024935 0.242408
v -0.902593 -0.024935 0.246175
v -0.902593 0.019468 0.246175
v -0.902593 0.019468 0.242408
v -0.921142 0.130806 0.242408
v -0.921142 0.130806 0.246175
v -0.969240 0.130806 0.246175
v -0.969240 0.130806 0.242408
v -1.065584 -0.136273 0.242408
v -1.065584 -0.136273 0.246175
v -1.017416 -0.136272 0.246175
v -1.017416 -0.136272 0.242408
v -1.085343 0.069541 0.246175
v -1.085343 0.069541 0.242408
v -1.017416 -0.138104 0.246175
v -1.017416 -0.138104 0.242408
v -1.085343 0.113944 0.242408
v -1.085343 0.113944 0.246175
v -1.065584 -0.138104 0.242408
v -1.065584 -0.138104 0.246175
v -1.065549 0.132637 0.246175
v -1.065549 0.132637 0.242408
v -0.901348 0.019468 0.246175
v -0.901348 0.019468 0.242408
v -1.017451 0.132637 0.242408
v -1.017451 0.132637 0.246175
v -0.901348 -0.024935 0.242408
v -0.901348 -0.024935 0.246175
v -0.921108 -0.138104 0.246175
v -0.921108 -0.138104 0.242408
v -1.085343 -0.024935 0.246175
v -1.085343 -0.024935 0.242408
v -0.969275 -0.138104 0.242408
v -0.969275 -0.138104 0.246175
v -1.085343 0.019468 0.242408
v -1.085343 0.019468 0.246175
v -1.085343 -0.119411 0.246175
v -1.085343 -0.119411 0.242408
v -0.969240 0.132637 0.246175
v -0.969240 0.132637 0.242408
v -1.085343 -0.075008 0.242408
v -1.085343 -0.075008 0.246175
v -0.921142 0.132637 0.242408
v -0.921142 0.132637 0.246175
v -0.901348 -0.075008 0.242408
v -0.901348 -0.075008 0.246175
v -0.901348 -0.119411 0.246175
v -0.901348 -0.119411 0.242408
v -0.901348 0.113944 0.242408
v -0.901348 0.113944 0.246175
v -0.901348 0.069541 0.246175
v -0.901348 0.069541 0.242408
v -0.897037 0.044505 0.444309
v -1.089654 -0.049972 0.444309
v -1.089654 -0.144448 0.444309
v -0.993346 -0.144448 0.444309
v -0.897037 -0.144448 0.444309
v -0.993346 0.138981 0.444309
v -1.089654 0.138981 0.444309
v -0.897037 -0.049971 0.444309
v -1.089654 0.044504 0.444309
v -0.887112 0.047426 0.444309
v -0.897037 0.065222 0.344668
v -0.897037 0.118263 0.344668
v -0.897037 0.118263 0.413053
v -0.897037 0.065222 0.413053
v -1.089654 0.118263 0.344668
v -1.089654 0.065222 0.344668
v -1.089654 0.065222 0.413053
v -1.089654 0.118263 0.413053
v -1.014428 0.138981 0.344668
v -1.068572 0.138981 0.344668
v -1.068572 0.138981 0.413053
v -1.014428 0.138981 0.413053
v -0.897037 -0.029254 0.344668
v -0.897037 0.023787 0.344668
v -0.897037 0.023787 0.413053
v -0.897037 -0.029254 0.413053
v -0.972263 -0.144448 0.344668
v -0.918119 -0.144448 0.344668
v -0.918119 -0.144448 0.413053
v -0.972263 -0.144448 0.413053
v -0.918119 0.138981 0.344668
v -0.972263 0.138981 0.344668
v -0.972263 0.138981 0.413053
v -0.918119 0.138981 0.413053
v -1.089654 0.023787 0.344668
v -1.089654 -0.029254 0.344668
v -1.089654 -0.029254 0.413053
v -1.089654 0.023787 0.413053
v -1.089654 -0.070689 0.344668
v -1.089654 -0.123730 0.344668
v -1.089654 -0.123730 0.413053
v -1.089654 -0.070689 0.413053
v -1.068572 -0.144448 0.344668
v -1.014428 -0.144448 0.344668
v -1.014428 -0.144448 0.413053
v -1.068572 -0.144448 0.413053
v -0.897037 -0.123730 0.344668
v -0.897037 -0.070689 0.344668
v -0.897037 -0.070689 0.413053
v -0.897037 -0.123730 0.413053
v -0.897037 0.069473 0.347216
v -0.897037 0.114012 0.347216
v -0.897037 0.114012 0.410505
v -0.897037 0.069473 0.410505
v -1.089654 0.114012 0.347216
v -1.089654 0.069473 0.347216
v -1.089654 0.069473 0.410505
v -1.089654 0.114012 0.410505
v -1.017318 0.138981 0.347216
v -1.065682 0.138981 0.347216
v -1.065682 0.138981 0.410505
v -1.017318 0.138981 0.410505
v -0.897037 -0.025003 0.347216
v -0.897037 0.019536 0.347216
v -0.897037 0.019536 0.410505
v -0.897037 -0.025003 0.410505
v -0.969374 -0.144448 0.347216
v -0.921009 -0.144448 0.347216
v -0.921009 -0.144448 0.410505
v -0.969374 -0.144448 0.410505
v -0.921009 0.138981 0.347216
v -0.969374 0.138981 0.347216
v -0.969374 0.138981 0.410505
v -0.921009 0.138981 0.410505
v -1.089654 0.019536 0.347216
v -1.089654 -0.025003 0.347216
v -1.089654 -0.025003 0.410505
v -1.089654 0.019536 0.410505
v -1.089654 -0.074940 0.347216
v -1.089654 -0.119479 0.347216
v -1.089654 -0.119479 0.410505
v -1.089654 -0.074940 0.410505
v -1.065682 -0.144448 0.347216
v -1.017317 -0.144448 0.347216
v -1.017317 -0.144448 0.410505
v -1.065682 -0.144448 0.410505
v -0.897037 -0.119479 0.347216
v -0.897037 -0.074940 0.347216
v -0.897037 -0.074940 0.410505
v -0.897037 -0.119479 0.410505
v -0.902159 0.069473 0.347216
v -0.902159 0.114012 0.347216
v -0.902159 0.069473 0.410505
v -0.902159 0.114012 0.410505
v -1.084532 0.114012 0.347216
v -1.084532 0.069473 0.347216
v -1.084532 0.114012 0.410505
v -1.084532 0.069473 0.410505
v -1.017318 0.131443 0.347216
v -1.065682 0.131443 0.347216
v -1.017318 0.131443 0.410505
v -1.065682 0.131443 0.410505
v -0.902159 -0.025003 0.347216
v -0.902159 0.019536 0.347216
v -0.902159 -0.025003 0.410505
v -0.902159 0.019536 0.410505
v -0.969374 -0.136910 0.347216
v -0.921009 -0.136910 0.347216
v -0.969374 -0.136910 0.410505
v -0.921009 -0.136910 0.410505
v -0.921009 0.131443 0.347216
v -0.969374 0.131443 0.347216
v -0.921009 0.131443 0.410505
v -0.969374 0.131443 0.410505
v -1.084532 0.019536 0.347216
v -1.084532 -0.025003 0.347216
v -1.084532 0.019536 0.410505
v -1.084532 -0.025003 0.410505
v -1.084532 -0.074940 0.347216
v -1.084532 -0.119479 0.347216
v -1.084532 -0.074940 0.410505
v -1.084532 -0.119479 0.410505
v -1.065682 -0.136910 0.347216
v -1.017317 -0.136910 0.347216
v -1.065682 -0.136910 0.410505
v -1.017317 -0.136910 0.410505
v -0.902159 -0.119479 0.347216
v -0.902159 -0.074940 0.347216
v -0.902159 -0.119479 0.410505
v -0.902159 -0.074940 0.410505
v -0.902159 0.073725 0.350305
v -0.902159 0.109760 0.350305
v -0.902159 0.109760 0.407416
v -0.902159 0.073725 0.407416
v -1.084532 0.109760 0.350305
v -1.084532 0.073725 0.350305
v -1.084532 0.073725 0.407416
v -1.084532 0.109760 0.407416
v -1.020207 0.131443 0.350305
v -1.062793 0.131443 0.350305
v -1.062793 0.131443 0.407416
v -1.020207 0.131443 0.407416
v -0.902159 -0.020751 0.350305
v -0.902159 0.015284 0.350305
v -0.902159 0.015284 0.407416
v -0.902159 -0.020751 0.407416
v -0.966484 -0.136910 0.350305
v -0.923898 -0.136910 0.350305
v -0.923898 -0.136910 0.407416
v -0.966484 -0.136910 0.407416
v -0.923898 0.131443 0.350305
v -0.966484 0.131443 0.350305
v -0.966484 0.131443 0.407416
v -0.923898 0.131443 0.407416
v -1.084532 0.015284 0.350305
v -1.084532 -0.020751 0.350305
v -1.084532 -0.020751 0.407416
v -1.084532 0.015284 0.407416
v -1.084532 -0.079192 0.350305
v -1.084532 -0.115227 0.350305
v -1.084532 -0.115227 0.407416
v -1.084532 -0.079192 0.407416
v -1.062793 -0.136910 0.350305
v -1.020207 -0.136910 0.350305
v -1.020207 -0.136910 0.407416
v -1.062793 -0.136910 0.407416
v -0.902159 -0.115227 0.350305
v -0.902159 -0.079192 0.350305
v -0.902159 -0.079192 0.407416
v -0.902159 -0.115227 0.407416
v -0.904905 0.073725 0.350305
v -0.904905 0.109760 0.350305
v -0.904905 0.073725 0.407416
v -0.904905 0.109760 0.407416
v -1.081786 0.109760 0.350305
v -1.081786 0.073725 0.350305
v -1.081786 0.109760 0.407416
v -1.081786 0.073725 0.407416
v -1.020207 0.127403 0.350305
v -1.062793 0.127403 0.350305
v -1.020207 0.127403 0.407416
v -1.062793 0.127403 0.407416
v -0.904905 -0.020751 0.350305
v -0.904905 0.015284 0.350305
v -0.904905 -0.020751 0.407416
v -0.904905 0.015284 0.407416
v -0.966484 -0.132870 0.350305
v -0.923898 -0.132870 0.350305
v -0.966484 -0.132870 0.407416
v -0.923898 -0.132870 0.407416
v -0.923898 0.127403 0.350305
v -0.966484 0.127403 0.350305
v -0.923898 0.127403 0.407416
v -0.966484 0.127403 0.407416
v -1.081786 0.015284 0.350305
v -1.081786 -0.020751 0.350305
v -1.081786 0.015284 0.407416
v -1.081786 -0.020751 0.407416
v -1.081786 -0.079192 0.350305
v -1.081786 -0.115227 0.350305
v -1.081786 -0.079192 0.407416
v -1.081786 -0.115227 0.407416
v -1.062793 -0.132870 0.350305
v -1.020207 -0.132870 0.350305
v -1.062793 -0.132870 0.407416
v -1.020207 -0.132870 0.407416
v -0.904905 -0.115227 0.350305
v -0.904905 -0.079192 0.350305
v -0.904905 -0.115227 0.407416
v -0.904905 -0.079192 0.407416
v -1.089654 0.138981 0.376977
v -1.089654 0.138981 0.380744
v -0.897037 -0.049971 0.376977
v -0.897037 -0.049971 0.380744
v -0.897037 0.044505 0.376977
v -0.897037 0.044505 0.380744
v -0.993346 -0.144448 0.376977
v -0.993346 -0.144448 0.380744
v -0.897037 -0.144448 0.380744
v -0.897037 -0.144448 0.376977
v -0.993346 0.138981 0.376977
v -0.993346 0.138981 0.380744
v -1.089654 0.044504 0.380744
v -1.089654 0.044504 0.376977
v -1.089654 -0.049972 0.380744
v -1.089654 -0.049972 0.376977
v -1.089654 -0.144448 0.380744
v -1.089654 -0.144448 0.376977
v -0.897037 0.065222 0.380744
v -0.897037 0.065222 0.376977
v -0.897037 0.118263 0.376977
v -0.897037 0.118263 0.380744
v -1.089654 0.118263 0.380744
v -1.089654 0.118263 0.376977
v -1.089654 0.065222 0.376977
v -1.089654 0.065222 0.380744
v -1.014428 0.138981 0.380744
v -1.014428 0.138981 0.376977
v -1.068572 0.138981 0.376977
v -1.068572 0.138981 0.380744
v -0.897037 -0.029254 0.380744
v -0.897037 -0.029254 0.376977
v -0.897037 0.023787 0.376977
v -0.897037 0.023787 0.380744
v -0.972263 -0.144448 0.380744
v -0.972263 -0.144448 0.376977
v -0.918119 -0.144448 0.376977
v -0.918119 -0.144448 0.380744
v -0.918119 0.138981 0.380744
v -0.918119 0.138981 0.376977
v -0.972263 0.138981 0.376977
v -0.972263 0.138981 0.380744
v -1.089654 0.023787 0.380744
v -1.089654 0.023787 0.376977
v -1.089654 -0.029254 0.376977
v -1.089654 -0.029254 0.380744
v -1.089654 -0.070689 0.380744
v -1.089654 -0.070689 0.376977
v -1.089654 -0.123730 0.376977
v -1.089654 -0.123730 0.380744
v -1.068572 -0.144448 0.380744
v -1.068572 -0.144448 0.376977
v -1.014428 -0.144448 0.376977
v -1.014428 -0.144448 0.380744
v -0.897037 -0.123730 0.380744
v -0.897037 -0.123730 0.376977
v -0.897037 -0.070689 0.376977
v -0.897037 -0.070689 0.380744
v -0.897037 0.069473 0.380744
v -0.897037 0.069473 0.376977
v -0.897037 0.114012 0.376977
v -0.897037 0.114012 0.380744
v -1.089654 0.114012 0.380744
v -1.089654 0.114012 0.376977
v -1.089654 0.069473 0.376977
v -1.089654 0.069473 0.380744
v -1.017318 0.138981 0.380744
v -1.017318 0.138981 0.376977
v -1.065682 0.138981 0.376977
v -1.065682 0.138981 0.380744
v -0.897037 -0.025003 0.380744
v -0.897037 -0.025003 0.376977
v -0.897037 0.019536 0.376977
v -0.897037 0.019536 0.380744
v -0.969374 -0.144448 0.376977
v -0.969374 -0.144448 0.380744
v -0.921009 -0.144448 0.380744
v -0.921009 -0.144448 0.376977
v -0.921009 0.138981 0.380744
v -0.921009 0.138981 0.376977
v -0.969374 0.138981 0.376977
v -0.969374 0.138981 0.380744
v -1.089654 0.019536 0.380744
v -1.089654 0.019536 0.376977
v -1.089654 -0.025003 0.376977
v -1.089654 -0.025003 0.380744
v -1.089654 -0.074940 0.380744
v -1.089654 -0.074940 0.376977
v -1.089654 -0.119479 0.376977
v -1.089654 -0.119479 0.380744
v -1.065682 -0.144448 0.380744
v -1.065682 -0.144448 0.376977
v -1.017317 -0.144448 0.376977
v -1.017317 -0.144448 0.380744
v -0.897037 -0.119479 0.376977
v -0.897037 -0.119479 0.380744
v -0.897037 -0.074940 0.380744
v -0.897037 -0.074940 0.376977
v -0.902159 0.069473 0.380744
v -0.902159 0.069473 0.376977
v -0.902159 0.114012 0.376977
v -0.902159 0.114012 0.380744
v -1.084532 0.114012 0.380744
v -1.084532 0.114012 0.376977
v -1.084532 0.069473 0.376977
v -1.084532 0.069473 0.380744
v -1.017318 0.131443 0.380744
v -1.017318 0.131443 0.376977
v -1.065682 0.131443 0.376977
v -1.065682 0.131443 0.380744
v -0.902159 -0.025003 0.380744
v -0.902159 -0.025003 0.376977
v -0.902159 0.019536 0.376977
v -0.902159 0.019536 0.380744
v -0.969374 -0.136910 0.380744
v -0.969374 -0.136910 0.376977
v -0.921009 -0.136910 0.376977
v -0.921009 -0.136910 0.380744
v -0.921009 0.131443 0.380744
v -0.921009 0.131443 0.376977
v -0.969374 0.131443 0.376977
v -0.969374 0.131443 0.380744
v -1.084532 0.019536 0.380744
v -1.084532 0.019536 0.376977
v -1.084532 -0.025003 0.376977
v -1.084532 -0.025003 0.380744
v -1.084532 -0.074940 0.380744
v -1.084532 -0.074940 0.376977
v -1.084532 -0.119479 0.376977
v -1.084532 -0.119479 0.380744
v -1.065682 -0.136910 0.380744
v -1.065682 -0.136910 0.376977
v -1.017317 -0.136910 0.376977
v -1.017317 -0.136910 0.380744
v -0.902159 -0.119479 0.380744
v -0.902159 -0.119479 0.376977
v -0.902159 -0.074940 0.376977
v -0.902159 -0.074940 0.380744
v -0.902159 0.073725 0.380744
v -0.902159 0.073725 0.376977
v -0.902159 0.109760 0.376977
v -0.902159 0.109760 0.380744
v -1.084532 0.109760 0.380744
v -1.084532 0.109760 0.376977
v -1.084532 0.073725 0.376977
v -1.084532 0.073725 0.380744
v -1.020207 0.131443 0.380744
v -1.020207 0.131443 0.376977
v -1.062793 0.131443 0.376977
v -1.062793 0.131443 0.380744
v -0.902159 -0.020751 0.376977
v -0.902159 -0.020751 0.380744
v -0.902159 0.015284 0.380744
v -0.902159 0.015284 0.376977
v -0.966484 -0.136910 0.380744
v -0.966484 -0.136910 0.376977
v -0.923898 -0.136910 0.376977
v -0.923898 -0.136910 0.380744
v -0.923898 0.131443 0.376977
v -0.923898 0.131443 0.380744
v -0.966484 0.131443 0.376977
v -0.966484 0.131443 0.380744
v -1.084532 0.015284 0.380744
v -1.084532 0.015284 0.376977
v -1.084532 -0.020751 0.376977
v -1.084532 -0.020751 0.380744
v -1.084532 -0.079192 0.380744
v -1.084532 -0.079192 0.376977
v -1.084532 -0.115227 0.376977
v -1.084532 -0.115227 0.380744
v -1.062793 -0.136910 0.376977
v -1.062793 -0.136910 0.380744
v -1.020207 -0.136910 0.380744
v -1.020207 -0.136910 0.376977
v -0.902159 -0.115227 0.380744
v -0.902159 -0.115227 0.376977
v -0.902159 -0.079192 0.376977
v -0.902159 -0.079192 0.380744
v -0.904905 0.073725 0.376977
v -0.904905 0.073725 0.380744
v -0.904905 0.109760 0.380744
v -0.904905 0.109760 0.376977
v -1.081786 0.109760 0.376977
v -1.081786 0.109760 0.380744
v -1.081786 0.073725 0.380744
v -1.081786 0.073725 0.376977
v -1.020207 0.127403 0.376977
v -1.020207 0.127403 0.380744
v -1.062793 0.127403 0.380744
v -1.062793 0.127403 0.376977
v -0.904905 -0.020751 0.380744
v -0.904905 -0.020751 0.376977
v -0.904905 0.015284 0.376977
v -0.904905 0.015284 0.380744
v -0.966484 -0.132870 0.376977
v -0.966484 -0.132870 0.380744
v -0.923898 -0.132870 0.380744
v -0.923898 -0.132870 0.376977
v -0.923898 0.127403 0.380744
v -0.923898 0.127403 0.376977
v -0.966484 0.127403 0.380744
v -0.966484 0.127403 0.376977
v -1.081786 0.015284 0.376977
v -1.081786 0.015284 0.380744
v -1.081786 -0.020751 0.380744
v -1.081786 -0.020751 0.376977
v -1.081786 -0.079192 0.376977
v -1.081786 -0.079192 0.380744
v -1.081786 -0.115227 0.380744
v -1.081786 -0.115227 0.376977
v -1.062793 -0.132870 0.380744
v -1.062793 -0.132870 0.376977
v -1.020207 -0.132870 0.376977
v -1.020207 -0.132870 0.380744
v -0.904905 -0.115227 0.376977
v -0.904905 -0.115227 0.380744
v -0.904905 -0.079192 0.380744
v -0.904905 -0.079192 0.376977
v -1.083297 0.073725 0.380744
v -1.083297 0.073725 0.376977
v -1.083297 -0.020751 0.380744
v -1.083297 -0.020751 0.376977
v -1.083297 0.109760 0.376977
v -1.083297 0.109760 0.380744
v -1.083297 0.015284 0.376977
v -1.083297 0.015284 0.380744
v -0.923898 -0.135094 0.380744
v -0.923898 -0.135094 0.376977
v -0.903394 -0.079192 0.380744
v -0.903394 -0.079192 0.376977
v -0.966484 -0.135094 0.376977
v -0.966484 -0.135094 0.380744
v -0.903394 -0.115227 0.376977
v -0.903394 -0.115227 0.380744
v -1.062793 0.129627 0.380744
v -1.062793 0.129627 0.376977
v -1.083297 -0.115227 0.380744
v -1.083297 -0.115227 0.376977
v -1.020207 0.129627 0.376977
v -1.020207 0.129627 0.380744
v -1.083297 -0.079192 0.376977
v -1.083297 -0.079192 0.380744
v -0.903394 0.109760 0.380744
v -0.903394 0.109760 0.376977
v -0.966484 0.129627 0.380744
v -0.966484 0.129627 0.376977
v -0.903394 0.073725 0.376977
v -0.903394 0.073725 0.380744
v -1.020207 -0.135094 0.376977
v -1.020207 -0.135094 0.380744
v -1.062793 -0.135094 0.380744
v -1.062793 -0.135094 0.376977
v -0.923898 0.129627 0.380744
v -0.923898 0.129627 0.376977
v -0.903394 0.015284 0.376977
v -0.903394 0.015284 0.380744
v -0.903394 -0.020751 0.380744
v -0.903394 -0.020751 0.376977
v -1.099579 -0.052893 0.444309
v -1.099579 -0.153211 0.444309
v -0.993346 -0.153211 0.444309
v -0.887112 -0.153211 0.444309
v -0.993346 0.147744 0.444309
v -1.099579 0.147744 0.444309
v -0.887112 -0.052893 0.444309
v -1.099579 0.047426 0.444309
v -0.993346 -0.153211 0.460646
v -0.887112 -0.153211 0.460646
v -1.099579 0.147744 0.460646
v -1.099579 0.047426 0.460646
v -1.099579 -0.052893 0.460646
v -1.099579 -0.153211 0.460646
v -0.887112 -0.052893 0.460646
v -0.887112 0.047426 0.460646
v -0.993346 0.147744 0.460646
v -0.993346 0.134731 0.460646
v -1.089876 0.134731 0.460646
v -1.089876 0.047426 0.460646
v -1.089876 -0.052893 0.460646
v -1.089876 -0.140198 0.460646
v -0.993346 -0.140198 0.460646
v -0.896815 -0.140198 0.460646
v -0.896815 -0.052893 0.460646
v -0.896815 0.047426 0.460646
v -0.993346 0.134731 0.448539
v -1.089876 0.134731 0.448539
v -1.089876 0.047426 0.448539
v -1.089876 -0.052893 0.448539
v -1.089876 -0.140198 0.448539
v -0.993346 -0.140198 0.448539
v -0.896815 -0.140198 0.448539
v -0.896815 -0.052893 0.448539
v -0.896815 0.047426 0.448539
v -0.901094 0.030398 0.010060
v -0.901094 0.105849 0.010060
v -0.901094 0.030398 0.145660
v -0.901094 0.105849 0.145660
v -0.901094 0.105849 0.088575
v -0.901094 0.030398 0.088575
v -0.905591 0.035842 0.014914
v -0.905591 0.100405 0.014914
v -0.905591 0.035842 0.140807
v -0.905591 0.100405 0.140807
v -0.905591 0.100405 0.094226
v -0.905591 0.100405 0.082923
v -0.901099 0.100405 0.088575
v -0.905591 0.035842 0.082923
v -0.905591 0.035842 0.094226
v -0.901099 0.035842 0.088575
v -0.903012 0.100405 0.094226
v -0.903012 0.100405 0.082923
v -0.903012 0.035842 0.082923
v -0.903012 0.035842 0.094226
v -0.902720 -0.137707 0.448656
v -0.902720 -0.108139 0.448656
v -0.937357 -0.137707 0.448656
v -0.937357 -0.108139 0.448656
v -0.937357 -0.137707 0.476960
v -0.902720 -0.137707 0.476960
v -0.902720 -0.108139 0.476960
v -0.937357 -0.108139 0.476960
v -0.941893 -0.141580 0.476960
v -0.898184 -0.141580 0.476960
v -0.898184 -0.104267 0.476960
v -0.941893 -0.104267 0.476960
v -0.941893 -0.141580 0.483148
v -0.898184 -0.141580 0.483148
v -0.898184 -0.104267 0.483148
v -0.941893 -0.104267 0.483148
v -0.937475 -0.137808 0.483148
v -0.902602 -0.137808 0.483148
v -0.902602 -0.108038 0.483148
v -0.937475 -0.108038 0.483148
v -0.937475 -0.137808 0.471153
v -0.902602 -0.137808 0.471153
v -0.902602 -0.108038 0.471153
v -0.937475 -0.108038 0.471153
v -0.948706 -0.137707 0.448656
v -0.948706 -0.108139 0.448656
v -0.983343 -0.137707 0.448656
v -0.983343 -0.108139 0.448656
v -0.983343 -0.137707 0.476960
v -0.948706 -0.137707 0.476960
v -0.948706 -0.108139 0.476960
v -0.983343 -0.108139 0.476960
v -0.987879 -0.141580 0.476960
v -0.944170 -0.141580 0.476960
v -0.944170 -0.104267 0.476960
v -0.987879 -0.104267 0.476960
v -0.987879 -0.141580 0.483148
v -0.944170 -0.141580 0.483148
v -0.944170 -0.104267 0.483148
v -0.987879 -0.104267 0.483148
v -0.983461 -0.137808 0.483148
v -0.948588 -0.137808 0.483148
v -0.948588 -0.108038 0.483148
v -0.983461 -0.108038 0.483148
v -0.983461 -0.137808 0.471153
v -0.948588 -0.137808 0.471153
v -0.948588 -0.108038 0.471153
v -0.983461 -0.108038 0.471153
v -0.909956 0.138981 0.037271
v -0.897037 0.119971 0.006835
v -0.897037 0.119971 0.006684
v -0.909956 0.138981 0.006684
v -0.897037 0.119971 0.158363
v -0.909956 0.138981 0.144584
v -0.909956 0.138981 0.175172
v -0.897037 0.119971 0.175172
v -0.897037 0.119970 0.088575
v -0.909956 0.138981 0.088575
v -0.909956 0.138981 0.197713
v -0.897037 0.119971 0.208703
v -0.897037 0.119971 0.175172
v -0.909956 0.138981 0.175172
v -0.910696 0.138981 0.313412
v -0.897037 0.119302 0.313412
v -0.909956 0.138981 0.246175
v -0.897037 0.119971 0.246175
v -0.897037 0.119971 0.242408
v -0.909956 0.138981 0.242408
v -0.910977 0.138981 0.444309
v -0.897037 0.119048 0.444309
v -0.901363 0.147744 0.444309
v -0.887112 0.127653 0.444309
v -0.910817 0.138981 0.380744
v -0.897037 0.119192 0.380744
v -0.897037 0.119275 0.376977
v -0.910725 0.138981 0.376977
v -0.901384 0.147744 0.460646
v -0.887112 0.127556 0.460646
v -0.911056 0.134731 0.460646
v -0.896815 0.114499 0.460646
v -0.896815 0.114546 0.448539
v -0.911005 0.134731 0.448539
v -1.089654 0.138980 0.088575
v -1.089654 0.138981 0.006684
v -1.089654 -0.002734 0.006684
v -1.089654 0.138981 0.175172
v -1.089654 -0.002734 0.175172
v -1.089654 -0.002734 0.088575
v -1.084563 0.117473 0.089286
v -1.084563 0.117473 0.050116
v -1.084563 0.018774 0.050116
v -1.084563 0.117473 0.131028
v -1.084563 0.018774 0.131028
v -1.084563 0.018774 0.089286
v -1.084563 0.122914 0.089286
v -1.084563 0.122914 0.047705
v -1.084563 0.013333 0.047705
v -1.084563 0.122914 0.133439
v -1.084563 0.013333 0.133439
v -1.084563 0.013333 0.089286
v -1.082105 0.117473 0.089286
v -1.082105 0.117473 0.050116
v -1.082105 0.018774 0.050116
v -1.082105 0.117473 0.131028
v -1.082105 0.018774 0.131028
v -1.082105 0.018774 0.089286
v -0.813061 0.403568 0.050725
v -0.578507 0.403569 0.010060
v -0.828804 0.574914 0.049744
v -0.545376 0.574680 0.049696
v -0.813061 0.403568 0.131131
v -0.578507 0.403569 0.145660
v -0.828804 0.574914 0.132111
v -0.545376 0.574680 0.132160
v -0.653959 0.403568 0.010060
v -0.720125 0.596186 0.007121
v -0.653959 0.403568 0.145661
v -0.720125 0.596186 0.150604
v -0.702833 0.403568 0.050725
v -0.545376 0.421735 0.049696
v -0.702833 0.403568 0.131131
v -0.545376 0.421735 0.132160
v -0.657264 0.403568 0.006920
v -0.575202 0.403569 0.006920
v -0.657264 0.403568 0.148800
v -0.575202 0.403569 0.148800
v -0.648515 0.407625 0.014914
v -0.583951 0.407625 0.014914
v -0.648515 0.407625 0.140807
v -0.583952 0.407625 0.140807
v -0.828804 0.421877 0.132111
v -0.828804 0.421877 0.049744
v -0.687090 0.403568 0.006684
v -0.687090 0.403568 0.175172
v -0.815506 0.403568 0.133359
v -0.815506 0.403568 0.048497
v -0.700388 0.403568 0.048497
v -0.700388 0.403568 0.133359
v -0.815506 0.400073 0.133359
v -0.815506 0.400073 0.048497
v -0.700388 0.400073 0.048497
v -0.700388 0.400073 0.133359
v -0.813061 0.400073 0.131131
v -0.813061 0.400073 0.050725
v -0.702833 0.400073 0.050725
v -0.702833 0.400073 0.131131
v -0.828804 0.519717 0.049744
v -0.545376 0.476606 0.049696
v -0.828804 0.519717 0.132111
v -0.545376 0.476606 0.132160
v -0.687090 0.499877 0.006684
v -0.545376 0.519809 0.049696
v -0.545376 0.519809 0.132160
v -0.545376 0.499877 0.006684
v -0.545376 0.499877 0.175172
v -0.795770 0.596186 0.007121
v -0.795770 0.596186 0.150604
v -0.828804 0.476642 0.049744
v -0.828804 0.476642 0.132111
v -0.828804 0.499877 0.006684
v -0.828804 0.403568 0.006684
v -0.828804 0.499877 0.175172
v -0.828804 0.403568 0.175172
v -0.550696 0.426551 0.052835
v -0.550696 0.426551 0.129020
v -0.550696 0.471791 0.052835
v -0.550696 0.471791 0.129020
v -0.550696 0.524624 0.052835
v -0.550696 0.569864 0.052835
v -0.550696 0.524624 0.129020
v -0.550696 0.569864 0.129020
v -0.823484 0.570098 0.052884
v -0.823484 0.570098 0.128971
v -0.823484 0.524533 0.052884
v -0.823484 0.524533 0.128971
v -0.823484 0.471827 0.052884
v -0.823484 0.426692 0.052884
v -0.823484 0.471827 0.128971
v -0.823484 0.426692 0.128971
v -0.550696 0.421735 0.049696
v -0.550696 0.421735 0.132160
v -0.550696 0.476606 0.049696
v -0.550696 0.476606 0.132160
v -0.550696 0.519809 0.049696
v -0.550696 0.574680 0.049696
v -0.550696 0.519809 0.132160
v -0.550696 0.574680 0.132160
v -0.823484 0.574914 0.049744
v -0.823484 0.574914 0.132111
v -0.823484 0.519717 0.049744
v -0.823484 0.519717 0.132111
v -0.823484 0.476642 0.049744
v -0.823484 0.421877 0.049744
v -0.823484 0.476642 0.132111
v -0.823484 0.421877 0.132111
v -0.554841 0.426551 0.052835
v -0.554841 0.426551 0.129020
v -0.554841 0.471791 0.052835
v -0.554841 0.471791 0.129020
v -0.554841 0.524624 0.052835
v -0.554841 0.569864 0.052835
v -0.554841 0.524624 0.129020
v -0.554841 0.569864 0.129020
v -0.819340 0.570098 0.052884
v -0.819340 0.570098 0.128971
v -0.819340 0.524533 0.052884
v -0.819340 0.524533 0.128971
v -0.819340 0.471827 0.052884
v -0.819340 0.426692 0.052884
v -0.819340 0.471827 0.128971
v -0.819340 0.426692 0.128971
v -0.828804 0.596186 0.006684
v -0.828804 0.596186 0.175172
v -0.561443 0.596186 0.133439
v -0.561443 0.596186 0.047705
v -0.671023 0.596186 0.047705
v -0.671023 0.596186 0.133439
v -0.716086 0.596186 0.006973
v -0.799809 0.596186 0.006973
v -0.716086 0.596186 0.155659
v -0.799809 0.596186 0.155659
v -0.720125 0.590289 0.007121
v -0.795770 0.590289 0.007121
v -0.720125 0.590289 0.150604
v -0.795770 0.590289 0.150604
v -0.828804 0.596186 0.088575
v -0.561443 0.596186 0.089286
v -0.828804 0.403568 0.088575
v -0.687090 0.403568 0.088575
v -0.671023 0.596186 0.089286
v -0.575202 0.403568 0.088575
v -0.657264 0.403568 0.088575
v -0.578507 0.403568 0.088575
v -0.653959 0.403568 0.088575
v -0.583952 0.407625 0.088575
v -0.648515 0.407625 0.088575
v -0.815506 0.403568 0.088575
v -0.700388 0.403568 0.088575
v -0.813061 0.403568 0.088575
v -0.702833 0.403568 0.088575
v -0.815506 0.400073 0.088575
v -0.700388 0.400073 0.088575
v -0.813061 0.400073 0.088575
v -0.702833 0.400073 0.088575
v -0.828804 0.499877 0.088575
v -0.545376 0.499877 0.088575
v -0.545376 0.421735 0.088575
v -0.545376 0.476606 0.088575
v -0.545376 0.574680 0.088575
v -0.545376 0.519809 0.088575
v -0.828804 0.574914 0.088575
v -0.828804 0.519717 0.088575
v -0.828804 0.421877 0.088575
v -0.828804 0.476642 0.088575
v -0.550696 0.421735 0.088575
v -0.550696 0.476606 0.088575
v -0.550696 0.574680 0.088575
v -0.550696 0.519809 0.088575
v -0.823484 0.574914 0.088575
v -0.823484 0.519717 0.088575
v -0.823484 0.421877 0.088575
v -0.823484 0.476642 0.088575
v -0.550696 0.426551 0.088575
v -0.550696 0.471791 0.088575
v -0.550696 0.569865 0.088575
v -0.550696 0.524624 0.088575
v -0.823484 0.570098 0.088575
v -0.823484 0.524533 0.088575
v -0.823484 0.426692 0.088575
v -0.823484 0.471827 0.088575
v -0.799809 0.596186 0.088575
v -0.716086 0.596186 0.088575
v -0.795770 0.596186 0.088575
v -0.720125 0.596186 0.088575
v -0.795770 0.593102 0.080411
v -0.795770 0.593102 0.096738
v -0.554841 0.426551 0.086691
v -0.554841 0.426551 0.090458
v -0.550703 0.426551 0.088575
v -0.554841 0.471791 0.090458
v -0.554841 0.471791 0.086691
v -0.550703 0.471791 0.088575
v -0.554841 0.569865 0.090458
v -0.554841 0.569865 0.086691
v -0.550703 0.569865 0.088575
v -0.554841 0.524624 0.086691
v -0.554841 0.524624 0.090458
v -0.550703 0.524624 0.088575
v -0.819340 0.570098 0.086691
v -0.819340 0.570098 0.090458
v -0.823477 0.570098 0.088575
v -0.819340 0.524533 0.090458
v -0.819340 0.524533 0.086691
v -0.823477 0.524533 0.088575
v -0.819340 0.426692 0.090458
v -0.819340 0.426692 0.086691
v -0.823477 0.426692 0.088575
v -0.819340 0.471827 0.086691
v -0.819340 0.471827 0.090458
v -0.823477 0.471827 0.088575
v -0.551834 0.426551 0.086691
v -0.551834 0.426551 0.090458
v -0.551834 0.471791 0.090458
v -0.551834 0.471791 0.086691
v -0.551834 0.569865 0.090458
v -0.551834 0.569865 0.086691
v -0.550703 0.526668 0.088575
v -0.552142 0.525525 0.086691
v -0.552142 0.525525 0.090458
v -0.822347 0.570098 0.086691
v -0.822347 0.570098 0.090458
v -0.822347 0.524533 0.090458
v -0.822347 0.524533 0.086691
v -0.822347 0.426692 0.090458
v -0.822347 0.426692 0.086691
v -0.822347 0.471827 0.086691
v -0.822347 0.471827 0.090458
v -0.795770 0.590289 0.096738
v -0.795770 0.590289 0.080411
v -0.795770 0.596181 0.088575
v -0.720125 0.590289 0.080411
v -0.720125 0.590289 0.096738
v -0.720125 0.596181 0.088575
v -0.720125 0.593102 0.080411
v -0.720125 0.593102 0.096738
v -0.828804 0.403568 0.175172
v -0.828804 0.596186 0.175172
v -0.545376 0.596186 0.175172
v -0.828804 0.403568 0.313412
v -0.828804 0.596186 0.313412
v -0.545376 0.596186 0.313412
v -0.734328 0.403568 0.175172
v -0.639852 0.403568 0.175172
v -0.639852 0.596186 0.175172
v -0.734328 0.596186 0.175172
v -0.734328 0.403568 0.313412
v -0.639852 0.403568 0.313412
v -0.639852 0.596186 0.313412
v -0.734328 0.596186 0.313412
v -0.828804 0.499877 0.175172
v -0.545376 0.499877 0.175172
v -0.828804 0.499877 0.313412
v -0.545376 0.499877 0.313412
v -0.734328 0.499877 0.175172
v -0.639852 0.499877 0.175172
v -0.828804 0.478696 0.212243
v -0.828804 0.424750 0.212243
v -0.828804 0.424750 0.276341
v -0.828804 0.478696 0.276341
v -0.619067 0.403568 0.211833
v -0.566161 0.403568 0.211833
v -0.566161 0.403568 0.276750
v -0.619067 0.403568 0.276750
v -0.545376 0.521093 0.212190
v -0.545376 0.574970 0.212190
v -0.545376 0.574970 0.276394
v -0.545376 0.521093 0.276394
v -0.755113 0.596186 0.211833
v -0.808020 0.596186 0.211833
v -0.808020 0.596186 0.276750
v -0.755113 0.596186 0.276750
v -0.566161 0.596186 0.211833
v -0.619067 0.596186 0.211833
v -0.619067 0.596186 0.276750
v -0.566161 0.596186 0.276750
v -0.660637 0.596186 0.211833
v -0.713543 0.596186 0.211833
v -0.713543 0.596186 0.276750
v -0.660637 0.596186 0.276750
v -0.808020 0.403568 0.211833
v -0.755113 0.403568 0.211833
v -0.755113 0.403568 0.276750
v -0.808019 0.403568 0.276750
v -0.713543 0.403568 0.211833
v -0.660637 0.403568 0.211833
v -0.660637 0.403568 0.276750
v -0.713543 0.403568 0.276750
v -0.545376 0.424785 0.212190
v -0.545376 0.478661 0.212190
v -0.545376 0.478661 0.276394
v -0.545376 0.424785 0.276394
v -0.828804 0.575005 0.212243
v -0.828804 0.521059 0.212243
v -0.828804 0.521059 0.276341
v -0.828804 0.575005 0.276341
v -0.824452 0.478696 0.212243
v -0.824452 0.424750 0.212243
v -0.824452 0.478696 0.276341
v -0.824452 0.424750 0.276341
v -0.619067 0.406526 0.211833
v -0.566161 0.406526 0.211833
v -0.619067 0.406526 0.276750
v -0.566161 0.406526 0.276750
v -0.549729 0.521093 0.212190
v -0.549729 0.574970 0.212190
v -0.549729 0.521093 0.276394
v -0.549729 0.574970 0.276394
v -0.755113 0.593228 0.211833
v -0.808020 0.593228 0.211833
v -0.755113 0.593228 0.276750
v -0.808020 0.593228 0.276750
v -0.566161 0.593228 0.211833
v -0.619067 0.593228 0.211833
v -0.566161 0.593228 0.276750
v -0.619067 0.593228 0.276750
v -0.660637 0.593228 0.211833
v -0.713543 0.593228 0.211833
v -0.660637 0.593228 0.276750
v -0.713543 0.593228 0.276750
v -0.808020 0.406526 0.211833
v -0.755113 0.406526 0.211833
v -0.808019 0.406526 0.276750
v -0.755113 0.406526 0.276750
v -0.713543 0.406526 0.211833
v -0.660637 0.406526 0.211833
v -0.713543 0.406526 0.276750
v -0.660637 0.406526 0.276750
v -0.549729 0.424785 0.212190
v -0.549729 0.478661 0.212190
v -0.549729 0.424785 0.276394
v -0.549729 0.478661 0.276394
v -0.824452 0.575005 0.212243
v -0.824452 0.521059 0.212243
v -0.824452 0.575005 0.276341
v -0.824452 0.521059 0.276341
v -0.824452 0.475806 0.214807
v -0.824452 0.427639 0.214807
v -0.824452 0.427639 0.273776
v -0.824452 0.475806 0.273776
v -0.614816 0.406526 0.214407
v -0.570412 0.406526 0.214407
v -0.570412 0.406526 0.274176
v -0.614816 0.406526 0.274176
v -0.549729 0.523983 0.214756
v -0.549729 0.572081 0.214756
v -0.549729 0.572081 0.273828
v -0.549729 0.523983 0.273828
v -0.759364 0.593228 0.214407
v -0.803768 0.593228 0.214407
v -0.803768 0.593228 0.274176
v -0.759364 0.593228 0.274176
v -0.570412 0.593228 0.214407
v -0.614816 0.593228 0.214407
v -0.614816 0.593228 0.274176
v -0.570412 0.593228 0.274176
v -0.664888 0.593228 0.214407
v -0.709292 0.593228 0.214407
v -0.709292 0.593228 0.274176
v -0.664888 0.593228 0.274176
v -0.803768 0.406526 0.214407
v -0.759364 0.406526 0.214407
v -0.759364 0.406526 0.274176
v -0.803768 0.406526 0.274176
v -0.709292 0.406526 0.214407
v -0.664888 0.406526 0.214407
v -0.664888 0.406526 0.274176
v -0.709292 0.406526 0.274176
v -0.549729 0.427674 0.214756
v -0.549729 0.475772 0.214756
v -0.549729 0.475772 0.273828
v -0.549729 0.427674 0.273828
v -0.824452 0.572115 0.214807
v -0.824452 0.523948 0.214807
v -0.824452 0.523948 0.273776
v -0.824452 0.572115 0.273776
v -0.820629 0.475806 0.214807
v -0.820629 0.427639 0.214807
v -0.820629 0.475806 0.273776
v -0.820629 0.427639 0.273776
v -0.614816 0.409124 0.214407
v -0.570412 0.409124 0.214407
v -0.614816 0.409124 0.274176
v -0.570412 0.409124 0.274176
v -0.553551 0.523983 0.214756
v -0.553551 0.572081 0.214756
v -0.553551 0.523983 0.273828
v -0.553551 0.572081 0.273828
v -0.759364 0.590630 0.214407
v -0.803768 0.590630 0.214407
v -0.759364 0.590630 0.274176
v -0.803768 0.590630 0.274176
v -0.570412 0.590630 0.214407
v -0.614816 0.590630 0.214407
v -0.570412 0.590630 0.274176
v -0.614816 0.590630 0.274176
v -0.664888 0.590630 0.214407
v -0.709292 0.590630 0.214407
v -0.664888 0.590630 0.274176
v -0.709292 0.590630 0.274176
v -0.803768 0.409124 0.214407
v -0.759364 0.409124 0.214407
v -0.803768 0.409124 0.274176
v -0.759364 0.409124 0.274176
v -0.709292 0.409124 0.214407
v -0.664888 0.409124 0.214407
v -0.709292 0.409124 0.274176
v -0.664888 0.409124 0.274176
v -0.553551 0.427674 0.214756
v -0.553551 0.475772 0.214756
v -0.553551 0.427674 0.273828
v -0.553551 0.475772 0.273828
v -0.820629 0.572115 0.214807
v -0.820629 0.523948 0.214807
v -0.820629 0.572115 0.273776
v -0.820629 0.523948 0.273776
v -0.828804 0.403568 0.246175
v -0.828804 0.403568 0.242408
v -0.828804 0.596186 0.246175
v -0.828804 0.596186 0.242408
v -0.545376 0.596186 0.246175
v -0.545376 0.596186 0.242408
v -0.639852 0.596186 0.246175
v -0.639852 0.596186 0.242408
v -0.734328 0.596186 0.242408
v -0.734328 0.596186 0.246175
v -0.734328 0.403568 0.246175
v -0.734328 0.403568 0.242408
v -0.639852 0.403568 0.242408
v -0.639852 0.403568 0.246175
v -0.545376 0.499877 0.242408
v -0.545376 0.499877 0.246175
v -0.828804 0.499877 0.242408
v -0.828804 0.499877 0.246175
v -0.828804 0.478696 0.246175
v -0.828804 0.478696 0.242408
v -0.828804 0.424750 0.242408
v -0.828804 0.424750 0.246175
v -0.619067 0.403568 0.242408
v -0.619067 0.403568 0.246175
v -0.566161 0.403568 0.246175
v -0.566161 0.403568 0.242408
v -0.545376 0.521093 0.246175
v -0.545376 0.521093 0.242408
v -0.545376 0.574970 0.242408
v -0.545376 0.574970 0.246175
v -0.755113 0.596186 0.246175
v -0.755113 0.596186 0.242408
v -0.808019 0.596186 0.242408
v -0.808019 0.596186 0.246175
v -0.566161 0.596186 0.246175
v -0.566161 0.596186 0.242408
v -0.619067 0.596186 0.246175
v -0.619067 0.596186 0.242408
v -0.660637 0.596186 0.246175
v -0.660637 0.596186 0.242408
v -0.713543 0.596186 0.242408
v -0.713543 0.596186 0.246175
v -0.808019 0.403568 0.242408
v -0.808019 0.403568 0.246175
v -0.755113 0.403568 0.246175
v -0.755113 0.403568 0.242408
v -0.713543 0.403568 0.246175
v -0.713543 0.403568 0.242408
v -0.660637 0.403568 0.242408
v -0.660637 0.403568 0.246175
v -0.545376 0.424785 0.246175
v -0.545376 0.424785 0.242408
v -0.545376 0.478661 0.242408
v -0.545376 0.478661 0.246175
v -0.828804 0.575005 0.246175
v -0.828804 0.575005 0.242408
v -0.828804 0.521059 0.242408
v -0.828804 0.521059 0.246175
v -0.824452 0.478696 0.246175
v -0.824452 0.478696 0.242408
v -0.824452 0.424750 0.242408
v -0.824452 0.424750 0.246175
v -0.619067 0.406526 0.246175
v -0.619067 0.406526 0.242408
v -0.566161 0.406526 0.242408
v -0.566161 0.406526 0.246175
v -0.549729 0.521093 0.246175
v -0.549729 0.521093 0.242408
v -0.549729 0.574970 0.242408
v -0.549729 0.574970 0.246175
v -0.755113 0.593228 0.246175
v -0.755113 0.593228 0.242408
v -0.808019 0.593228 0.242408
v -0.808019 0.593228 0.246175
v -0.566161 0.593228 0.246175
v -0.566161 0.593228 0.242408
v -0.619067 0.593228 0.242408
v -0.619067 0.593228 0.246175
v -0.660637 0.593228 0.246175
v -0.660637 0.593228 0.242408
v -0.713543 0.593228 0.242408
v -0.713543 0.593228 0.246175
v -0.808019 0.406526 0.246175
v -0.808019 0.406526 0.242408
v -0.755113 0.406526 0.242408
v -0.755113 0.406526 0.246175
v -0.713543 0.406526 0.246175
v -0.713543 0.406526 0.242408
v -0.660637 0.406526 0.242408
v -0.660637 0.406526 0.246175
v -0.549729 0.424785 0.246175
v -0.549729 0.424785 0.242408
v -0.549729 0.478661 0.242408
v -0.549729 0.478661 0.246175
v -0.824452 0.575005 0.246175
v -0.824452 0.575005 0.242408
v -0.824452 0.521059 0.242408
v -0.824452 0.521059 0.246175
v -0.824452 0.475806 0.246175
v -0.824452 0.475806 0.242408
v -0.824452 0.427639 0.242408
v -0.824452 0.427639 0.246175
v -0.614816 0.406526 0.242408
v -0.614816 0.406526 0.246175
v -0.570412 0.406526 0.246175
v -0.570412 0.406526 0.242408
v -0.549729 0.523983 0.246175
v -0.549729 0.523983 0.242408
v -0.549729 0.572081 0.242408
v -0.549729 0.572081 0.246175
v -0.759364 0.593228 0.246175
v -0.759364 0.593228 0.242408
v -0.803768 0.593228 0.242408
v -0.803768 0.593228 0.246175
v -0.570412 0.593228 0.246175
v -0.570412 0.593228 0.242408
v -0.614816 0.593228 0.242408
v -0.614816 0.593228 0.246175
v -0.664888 0.593228 0.246175
v -0.664888 0.593228 0.242408
v -0.709292 0.593228 0.242408
v -0.709292 0.593228 0.246175
v -0.803768 0.406526 0.242408
v -0.803768 0.406526 0.246175
v -0.759364 0.406526 0.246175
v -0.759364 0.406526 0.242408
v -0.709292 0.406526 0.246175
v -0.709292 0.406526 0.242408
v -0.664888 0.406526 0.242408
v -0.664888 0.406526 0.246175
v -0.549729 0.427674 0.246175
v -0.549729 0.427674 0.242408
v -0.549729 0.475772 0.242408
v -0.549729 0.475772 0.246175
v -0.824452 0.572115 0.246175
v -0.824452 0.572115 0.242408
v -0.824452 0.523948 0.242408
v -0.824452 0.523948 0.246175
v -0.820629 0.475806 0.242408
v -0.820629 0.475806 0.246175
v -0.820629 0.427639 0.246175
v -0.820629 0.427639 0.242408
v -0.614816 0.409124 0.246175
v -0.614816 0.409124 0.242408
v -0.570412 0.409124 0.242408
v -0.570412 0.409124 0.246175
v -0.553551 0.523983 0.242408
v -0.553551 0.523983 0.246175
v -0.553551 0.572081 0.246175
v -0.553551 0.572081 0.242408
v -0.759364 0.590630 0.242408
v -0.759364 0.590630 0.246175
v -0.803768 0.590630 0.246175
v -0.803768 0.590630 0.242408
v -0.570412 0.590630 0.242408
v -0.570412 0.590630 0.246175
v -0.614816 0.590630 0.246175
v -0.614816 0.590630 0.242408
v -0.664888 0.590630 0.242408
v -0.664888 0.590630 0.246175
v -0.709292 0.590630 0.246175
v -0.709292 0.590630 0.242408
v -0.803768 0.409124 0.246175
v -0.803768 0.409124 0.242408
v -0.759364 0.409124 0.242408
v -0.759364 0.409124 0.246175
v -0.709292 0.409124 0.242408
v -0.709292 0.409124 0.246175
v -0.664888 0.409124 0.246175
v -0.664888 0.409124 0.242408
v -0.553551 0.427674 0.242408
v -0.553551 0.427674 0.246175
v -0.553551 0.475772 0.246175
v -0.553551 0.475772 0.242408
v -0.820629 0.572115 0.242408
v -0.820629 0.572115 0.246175
v -0.820629 0.523948 0.246175
v -0.820629 0.523948 0.242408
v -0.614816 0.591875 0.246175
v -0.614816 0.591875 0.242408
v -0.822460 0.523948 0.246175
v -0.822460 0.523948 0.242408
v -0.570412 0.591875 0.242408
v -0.570412 0.591875 0.246175
v -0.822460 0.572115 0.242408
v -0.822460 0.572115 0.246175
v -0.551720 0.572081 0.246175
v -0.551720 0.572081 0.242408
v -0.664888 0.407880 0.246175
v -0.664888 0.407880 0.242408
v -0.551720 0.523983 0.242408
v -0.551720 0.523983 0.246175
v -0.709292 0.407880 0.242408
v -0.709292 0.407880 0.246175
v -0.822460 0.427639 0.246175
v -0.822460 0.427639 0.242408
v -0.709292 0.591875 0.246175
v -0.709292 0.591875 0.242408
v -0.822460 0.475806 0.242408
v -0.822460 0.475806 0.246175
v -0.664888 0.591875 0.242408
v -0.664888 0.591875 0.246175
v -0.803768 0.591875 0.246175
v -0.803768 0.591875 0.242408
v -0.551720 0.475772 0.246175
v -0.551720 0.475772 0.242408
v -0.759364 0.591875 0.242408
v -0.759364 0.591875 0.246175
v -0.551720 0.427674 0.242408
v -0.551720 0.427674 0.246175
v -0.759364 0.407880 0.242408
v -0.759364 0.407880 0.246175
v -0.803768 0.407880 0.246175
v -0.803768 0.407880 0.242408
v -0.570412 0.407880 0.242408
v -0.570412 0.407880 0.246175
v -0.614816 0.407880 0.246175
v -0.614816 0.407880 0.242408
v -0.639852 0.403568 0.444309
v -0.828804 0.403568 0.444309
v -0.545376 0.499877 0.444309
v -0.734328 0.403568 0.444309
v -0.636931 0.393643 0.444309
v -0.619135 0.403568 0.344668
v -0.566094 0.403569 0.344668
v -0.566094 0.403569 0.413053
v -0.619135 0.403568 0.413053
v -0.566094 0.596186 0.344668
v -0.619135 0.596186 0.344668
v -0.619135 0.596186 0.413053
v -0.566094 0.596186 0.413053
v -0.545376 0.520960 0.344668
v -0.545376 0.575103 0.344668
v -0.545376 0.575103 0.413053
v -0.545376 0.520960 0.413053
v -0.713611 0.403568 0.344668
v -0.660570 0.403568 0.344668
v -0.660570 0.403568 0.413053
v -0.713611 0.403568 0.413053
v -0.828804 0.478795 0.344668
v -0.828804 0.424651 0.344668
v -0.828804 0.424651 0.413053
v -0.828804 0.478795 0.413053
v -0.545376 0.424651 0.344668
v -0.545376 0.478795 0.344668
v -0.545376 0.478795 0.413053
v -0.545376 0.424651 0.413053
v -0.660570 0.596186 0.344668
v -0.713611 0.596186 0.344668
v -0.713611 0.596186 0.413053
v -0.660570 0.596186 0.413053
v -0.755046 0.596186 0.344668
v -0.808087 0.596186 0.344668
v -0.828804 0.575103 0.344668
v -0.828804 0.520960 0.344668
v -0.808087 0.403568 0.344668
v -0.755046 0.403568 0.344668
v -0.755046 0.403568 0.413053
v -0.808087 0.403568 0.413053
v -0.614883 0.403568 0.347216
v -0.570345 0.403569 0.347216
v -0.570345 0.403569 0.410505
v -0.614883 0.403568 0.410505
v -0.570345 0.596186 0.347216
v -0.614883 0.596186 0.347216
v -0.614883 0.596186 0.410505
v -0.570345 0.596186 0.410505
v -0.545376 0.523849 0.347216
v -0.545376 0.572214 0.347216
v -0.545376 0.572214 0.410505
v -0.545376 0.523849 0.410505
v -0.709359 0.403568 0.347216
v -0.664821 0.403568 0.347216
v -0.664821 0.403568 0.410505
v -0.709359 0.403568 0.410505
v -0.828804 0.475905 0.347216
v -0.828804 0.427540 0.347216
v -0.828804 0.427540 0.410505
v -0.828804 0.475905 0.410505
v -0.545376 0.427540 0.347216
v -0.545376 0.475905 0.347216
v -0.545376 0.475905 0.410505
v -0.545376 0.427540 0.410505
v -0.664821 0.596186 0.347216
v -0.709359 0.596186 0.347216
v -0.709359 0.596186 0.410505
v -0.664821 0.596186 0.410505
v -0.759297 0.596186 0.347216
v -0.803835 0.596186 0.347216
v -0.803835 0.596186 0.410505
v -0.759297 0.596186 0.410505
v -0.828804 0.572214 0.347216
v -0.828804 0.523849 0.347216
v -0.828804 0.523849 0.410505
v -0.828804 0.572214 0.410505
v -0.803835 0.403568 0.347216
v -0.759297 0.403568 0.347216
v -0.759297 0.403568 0.410505
v -0.803835 0.403568 0.410505
v -0.614883 0.408691 0.347216
v -0.570345 0.408691 0.347216
v -0.614883 0.408691 0.410505
v -0.570345 0.408691 0.410505
v -0.570345 0.591064 0.347216
v -0.614883 0.591063 0.347216
v -0.570345 0.591064 0.410505
v -0.614883 0.591064 0.410505
v -0.552914 0.523849 0.347216
v -0.552914 0.572214 0.347216
v -0.552914 0.523849 0.410505
v -0.552914 0.572214 0.410505
v -0.709359 0.408691 0.347216
v -0.664821 0.408691 0.347216
v -0.709359 0.408691 0.410505
v -0.664821 0.408691 0.410505
v -0.821267 0.475905 0.347216
v -0.821267 0.427540 0.347216
v -0.821267 0.475905 0.410505
v -0.821267 0.427540 0.410505
v -0.552914 0.427540 0.347216
v -0.552914 0.475905 0.347216
v -0.552914 0.427540 0.410505
v -0.552914 0.475905 0.410505
v -0.664821 0.591063 0.347216
v -0.709359 0.591063 0.347216
v -0.664821 0.591064 0.410505
v -0.709359 0.591063 0.410505
v -0.759297 0.591063 0.347216
v -0.803835 0.591063 0.347216
v -0.759297 0.591063 0.410505
v -0.803835 0.591063 0.410505
v -0.821267 0.572214 0.347216
v -0.821267 0.523849 0.347216
v -0.821267 0.572214 0.410505
v -0.821267 0.523849 0.410505
v -0.803835 0.408691 0.347216
v -0.759297 0.408691 0.347216
v -0.803835 0.408691 0.410505
v -0.759297 0.408691 0.410505
v -0.610632 0.408691 0.350305
v -0.574596 0.408691 0.350305
v -0.574596 0.408691 0.407416
v -0.610632 0.408691 0.407416
v -0.574597 0.591064 0.350305
v -0.610632 0.591063 0.350305
v -0.610632 0.591064 0.407416
v -0.574597 0.591064 0.407416
v -0.552914 0.526738 0.350305
v -0.552914 0.569325 0.350305
v -0.552914 0.569325 0.407416
v -0.552914 0.526738 0.407416
v -0.705108 0.408691 0.350305
v -0.669073 0.408691 0.350305
v -0.669073 0.408691 0.407416
v -0.705108 0.408691 0.407416
v -0.821267 0.473016 0.350305
v -0.821267 0.430430 0.350305
v -0.821267 0.430430 0.407416
v -0.821267 0.473016 0.407416
v -0.552914 0.430430 0.350305
v -0.552914 0.473016 0.350305
v -0.552914 0.473016 0.407416
v -0.552914 0.430430 0.407416
v -0.669073 0.591063 0.350305
v -0.705108 0.591063 0.350305
v -0.705108 0.591063 0.407416
v -0.669073 0.591063 0.407416
v -0.763549 0.591063 0.350305
v -0.799584 0.591063 0.350305
v -0.799584 0.591063 0.407416
v -0.763549 0.591063 0.407416
v -0.821267 0.569325 0.350305
v -0.821267 0.526738 0.350305
v -0.821267 0.526738 0.407416
v -0.821267 0.569325 0.407416
v -0.799584 0.408691 0.350305
v -0.763548 0.408691 0.350305
v -0.763548 0.408691 0.407416
v -0.799584 0.408691 0.407416
v -0.610632 0.411437 0.350305
v -0.574596 0.411437 0.350305
v -0.610632 0.411437 0.407416
v -0.574596 0.411437 0.407416
v -0.574597 0.588318 0.350305
v -0.610632 0.588318 0.350305
v -0.574597 0.588318 0.407416
v -0.610632 0.588318 0.407416
v -0.556954 0.526738 0.350305
v -0.556954 0.569325 0.350305
v -0.556954 0.526738 0.407416
v -0.556954 0.569325 0.407416
v -0.705108 0.411436 0.350305
v -0.669073 0.411437 0.350305
v -0.705108 0.411436 0.407416
v -0.669073 0.411437 0.407416
v -0.817227 0.473016 0.350305
v -0.817227 0.430430 0.350305
v -0.817227 0.473016 0.407416
v -0.817227 0.430430 0.407416
v -0.556954 0.430430 0.350305
v -0.556954 0.473016 0.350305
v -0.556954 0.430430 0.407416
v -0.556954 0.473016 0.407416
v -0.669073 0.588318 0.350305
v -0.705108 0.588318 0.350305
v -0.669073 0.588318 0.407416
v -0.705108 0.588318 0.407416
v -0.763549 0.588318 0.350305
v -0.799584 0.588318 0.350305
v -0.763549 0.588318 0.407416
v -0.799584 0.588318 0.407416
v -0.817227 0.569325 0.350305
v -0.817227 0.526738 0.350305
v -0.817227 0.569325 0.407416
v -0.817227 0.526738 0.407416
v -0.799584 0.411436 0.350305
v -0.763548 0.411436 0.350305
v -0.799584 0.411436 0.407416
v -0.763548 0.411436 0.407416
v -0.545376 0.596186 0.376977
v -0.545376 0.596186 0.380744
v -0.734328 0.403568 0.376977
v -0.734328 0.403568 0.380744
v -0.639852 0.403568 0.376977
v -0.639852 0.403568 0.380744
v -0.828804 0.499877 0.376977
v -0.828804 0.499877 0.380744
v -0.828804 0.403568 0.380744
v -0.828804 0.403568 0.376977
v -0.545376 0.499877 0.376977
v -0.545376 0.499877 0.380744
v -0.639852 0.596186 0.380744
v -0.639852 0.596186 0.376977
v -0.734328 0.596186 0.380744
v -0.734328 0.596186 0.376977
v -0.828804 0.596186 0.376977
v -0.619135 0.403568 0.380744
v -0.619135 0.403568 0.376977
v -0.566094 0.403568 0.376977
v -0.566094 0.403568 0.380744
v -0.566094 0.596186 0.380744
v -0.566094 0.596186 0.376977
v -0.619135 0.596186 0.376977
v -0.619135 0.596186 0.380744
v -0.545376 0.520960 0.380744
v -0.545376 0.520960 0.376977
v -0.545376 0.575103 0.376977
v -0.545376 0.575103 0.380744
v -0.713611 0.403568 0.380744
v -0.713611 0.403568 0.376977
v -0.660570 0.403568 0.376977
v -0.660570 0.403568 0.380744
v -0.828804 0.478795 0.380744
v -0.828804 0.478795 0.376977
v -0.828804 0.424651 0.376977
v -0.828804 0.424651 0.380744
v -0.545376 0.424651 0.380744
v -0.545376 0.424651 0.376977
v -0.545376 0.478795 0.376977
v -0.545376 0.478795 0.380744
v -0.660570 0.596186 0.380744
v -0.660570 0.596186 0.376977
v -0.713611 0.596186 0.376977
v -0.713611 0.596186 0.380744
v -0.755046 0.596186 0.380744
v -0.755046 0.596186 0.376977
v -0.808087 0.596186 0.376977
v -0.808087 0.596186 0.380744
v -0.828804 0.575103 0.380744
v -0.828804 0.575103 0.376977
v -0.828804 0.520960 0.376977
v -0.828804 0.520960 0.380744
v -0.808087 0.403568 0.380744
v -0.808087 0.403568 0.376977
v -0.755046 0.403568 0.376977
v -0.755046 0.403568 0.380744
v -0.614883 0.403568 0.380744
v -0.614883 0.403568 0.376977
v -0.570345 0.403568 0.376977
v -0.570345 0.403568 0.380744
v -0.570345 0.596186 0.380744
v -0.570345 0.596186 0.376977
v -0.614883 0.596186 0.376977
v -0.614883 0.596186 0.380744
v -0.545376 0.523849 0.380744
v -0.545376 0.523849 0.376977
v -0.545376 0.572214 0.376977
v -0.545376 0.572214 0.380744
v -0.709359 0.403568 0.380744
v -0.709359 0.403568 0.376977
v -0.664821 0.403568 0.376977
v -0.664821 0.403568 0.380744
v -0.828804 0.475905 0.376977
v -0.828804 0.475905 0.380744
v -0.828804 0.427540 0.380744
v -0.828804 0.427540 0.376977
v -0.545376 0.427540 0.380744
v -0.545376 0.427540 0.376977
v -0.545376 0.475905 0.376977
v -0.545376 0.475905 0.380744
v -0.664821 0.596186 0.380744
v -0.664821 0.596186 0.376977
v -0.709359 0.596186 0.376977
v -0.709359 0.596186 0.380744
v -0.759297 0.596186 0.380744
v -0.759297 0.596186 0.376977
v -0.803835 0.596186 0.376977
v -0.803835 0.596186 0.380744
v -0.828804 0.572214 0.380744
v -0.828804 0.572214 0.376977
v -0.828804 0.523849 0.376977
v -0.828804 0.523849 0.380744
v -0.803835 0.403568 0.376977
v -0.803835 0.403568 0.380744
v -0.759297 0.403568 0.380744
v -0.759297 0.403568 0.376977
v -0.614883 0.408691 0.380744
v -0.614883 0.408691 0.376977
v -0.570345 0.408691 0.376977
v -0.570345 0.408691 0.380744
v -0.570345 0.591064 0.380744
v -0.570345 0.591064 0.376977
v -0.614883 0.591064 0.376977
v -0.614883 0.591064 0.380744
v -0.552914 0.523849 0.380744
v -0.552914 0.523849 0.376977
v -0.552914 0.572214 0.376977
v -0.552914 0.572214 0.380744
v -0.709359 0.408691 0.380744
v -0.709359 0.408691 0.376977
v -0.664821 0.408691 0.376977
v -0.664821 0.408691 0.380744
v -0.821267 0.475905 0.380744
v -0.821267 0.475905 0.376977
v -0.821267 0.427540 0.376977
v -0.821267 0.427540 0.380744
v -0.552914 0.427540 0.380744
v -0.552914 0.427540 0.376977
v -0.552914 0.475905 0.376977
v -0.552914 0.475905 0.380744
v -0.664821 0.591063 0.380744
v -0.664821 0.591063 0.376977
v -0.709359 0.591063 0.376977
v -0.709359 0.591063 0.380744
v -0.759297 0.591063 0.380744
v -0.759297 0.591063 0.376977
v -0.803835 0.591063 0.376977
v -0.803835 0.591063 0.380744
v -0.821267 0.572214 0.380744
v -0.821267 0.572214 0.376977
v -0.821267 0.523849 0.376977
v -0.821267 0.523849 0.380744
v -0.803835 0.408691 0.380744
v -0.803835 0.408691 0.376977
v -0.759297 0.408691 0.376977
v -0.759297 0.408691 0.380744
v -0.610632 0.408691 0.380744
v -0.610632 0.408691 0.376977
v -0.574596 0.408691 0.376977
v -0.574596 0.408691 0.380744
v -0.574597 0.591064 0.380744
v -0.574597 0.591064 0.376977
v -0.610632 0.591064 0.376977
v -0.610632 0.591064 0.380744
v -0.552914 0.526738 0.380744
v -0.552914 0.526738 0.376977
v -0.552914 0.569325 0.376977
v -0.552914 0.569325 0.380744
v -0.705108 0.408691 0.376977
v -0.705108 0.408691 0.380744
v -0.669073 0.408691 0.380744
v -0.669073 0.408691 0.376977
v -0.821267 0.473016 0.380744
v -0.821267 0.473016 0.376977
v -0.821267 0.430430 0.376977
v -0.821267 0.430430 0.380744
v -0.552914 0.430430 0.376977
v -0.552914 0.430430 0.380744
v -0.552914 0.473016 0.376977
v -0.552914 0.473016 0.380744
v -0.669073 0.591063 0.380744
v -0.669073 0.591063 0.376977
v -0.705108 0.591063 0.376977
v -0.705108 0.591063 0.380744
v -0.763549 0.591063 0.380744
v -0.763549 0.591063 0.376977
v -0.799584 0.591063 0.376977
v -0.799584 0.591063 0.380744
v -0.821267 0.569325 0.376977
v -0.821267 0.569325 0.380744
v -0.821267 0.526738 0.380744
v -0.821267 0.526738 0.376977
v -0.799584 0.408691 0.380744
v -0.799584 0.408691 0.376977
v -0.763548 0.408691 0.376977
v -0.763548 0.408691 0.380744
v -0.610632 0.411437 0.376977
v -0.610632 0.411437 0.380744
v -0.574596 0.411437 0.380744
v -0.574596 0.411437 0.376977
v -0.574597 0.588318 0.376977
v -0.574597 0.588318 0.380744
v -0.610632 0.588318 0.380744
v -0.610632 0.588318 0.376977
v -0.556954 0.526738 0.376977
v -0.556954 0.526738 0.380744
v -0.556954 0.569325 0.380744
v -0.556954 0.569325 0.376977
v -0.705108 0.411436 0.380744
v -0.705108 0.411436 0.376977
v -0.669073 0.411437 0.376977
v -0.669073 0.411437 0.380744
v -0.817227 0.473016 0.376977
v -0.817227 0.473016 0.380744
v -0.817227 0.430430 0.380744
v -0.817227 0.430430 0.376977
v -0.556954 0.430430 0.380744
v -0.556954 0.430430 0.376977
v -0.556954 0.473016 0.380744
v -0.556954 0.473016 0.376977
v -0.669073 0.588318 0.376977
v -0.669073 0.588318 0.380744
v -0.705108 0.588318 0.380744
v -0.705108 0.588318 0.376977
v -0.763549 0.588318 0.376977
v -0.763549 0.588318 0.380744
v -0.799584 0.588318 0.380744
v -0.799584 0.588318 0.376977
v -0.817227 0.569325 0.380744
v -0.817227 0.569325 0.376977
v -0.817227 0.526738 0.376977
v -0.817227 0.526738 0.380744
v -0.799584 0.411436 0.376977
v -0.799584 0.411436 0.380744
v -0.763548 0.411436 0.380744
v -0.763548 0.411436 0.376977
v -0.610632 0.589829 0.380744
v -0.610632 0.589829 0.376977
v -0.705108 0.589829 0.380744
v -0.705108 0.589829 0.376977
v -0.574597 0.589829 0.376977
v -0.574597 0.589829 0.380744
v -0.669073 0.589829 0.376977
v -0.669073 0.589829 0.380744
v -0.819450 0.430430 0.380744
v -0.819450 0.430430 0.376977
v -0.763548 0.409925 0.380744
v -0.763548 0.409925 0.376977
v -0.819450 0.473016 0.376977
v -0.819450 0.473016 0.380744
v -0.799584 0.409925 0.376977
v -0.799584 0.409925 0.380744
v -0.554730 0.569325 0.380744
v -0.554730 0.569325 0.376977
v -0.799584 0.589829 0.380744
v -0.799584 0.589829 0.376977
v -0.554730 0.526738 0.376977
v -0.554730 0.526738 0.380744
v -0.763549 0.589829 0.376977
v -0.763549 0.589829 0.380744
v -0.574596 0.409925 0.380744
v -0.574596 0.409925 0.376977
v -0.554730 0.473016 0.380744
v -0.554730 0.473016 0.376977
v -0.610632 0.409925 0.376977
v -0.610632 0.409925 0.380744
v -0.819450 0.526738 0.376977
v -0.819450 0.526738 0.380744
v -0.819450 0.569325 0.380744
v -0.819450 0.569325 0.376977
v -0.554730 0.430430 0.380744
v -0.554730 0.430430 0.376977
v -0.669073 0.409925 0.376977
v -0.669073 0.409925 0.380744
v -0.705108 0.409925 0.380744
v -0.705108 0.409925 0.376977
v -0.837567 0.499877 0.444309
v -0.837567 0.393643 0.444309
v -0.536613 0.499877 0.444309
v -0.737249 0.393643 0.444309
v -0.837567 0.499877 0.460646
v -0.837567 0.393643 0.460646
v -0.737249 0.393643 0.460646
v -0.636931 0.393643 0.460646
v -0.536613 0.499877 0.460646
v -0.549626 0.499877 0.460646
v -0.824555 0.499877 0.460646
v -0.824555 0.403346 0.460646
v -0.737249 0.403346 0.460646
v -0.636931 0.403347 0.460646
v -0.549626 0.499877 0.448539
v -0.824555 0.499877 0.448539
v -0.824555 0.403346 0.448539
v -0.737249 0.403346 0.448539
v -0.636931 0.403347 0.448539
v -0.653959 0.407625 0.010060
v -0.578507 0.407625 0.010060
v -0.653959 0.407625 0.145661
v -0.578507 0.407625 0.145660
v -0.578507 0.407625 0.088575
v -0.653959 0.407625 0.088575
v -0.648515 0.412123 0.014914
v -0.583951 0.412123 0.014914
v -0.648515 0.412123 0.140807
v -0.583952 0.412123 0.140807
v -0.583952 0.412123 0.094226
v -0.583952 0.412123 0.082923
v -0.583952 0.407630 0.088575
v -0.648515 0.412123 0.082923
v -0.648515 0.412123 0.094226
v -0.648515 0.407630 0.088575
v -0.583952 0.409544 0.094226
v -0.583952 0.409544 0.082923
v -0.648515 0.409544 0.082923
v -0.648515 0.409544 0.094226
v -0.822064 0.409252 0.448656
v -0.792495 0.409252 0.448656
v -0.822064 0.443889 0.448656
v -0.792495 0.443889 0.448656
v -0.822064 0.455238 0.448656
v -0.792495 0.455238 0.448656
v -0.822064 0.489874 0.448656
v -0.792495 0.489874 0.448656
v -0.545376 0.416488 0.037271
v -0.564386 0.403569 0.006835
v -0.564386 0.403569 0.006684
v -0.545376 0.416488 0.006684
v -0.564386 0.403569 0.158363
v -0.545376 0.416488 0.144584
v -0.545376 0.416488 0.175172
v -0.564386 0.403569 0.175172
v -0.564386 0.403568 0.088575
v -0.545376 0.416488 0.088575
v -0.545376 0.416488 0.197713
v -0.564386 0.403569 0.208703
v -0.564386 0.403569 0.175172
v -0.545376 0.416488 0.175172
v -0.545376 0.417228 0.313412
v -0.565055 0.403569 0.313412
v -0.545376 0.416488 0.246175
v -0.564386 0.403568 0.246175
v -0.564386 0.403568 0.242408
v -0.545376 0.416488 0.242408
v -0.545376 0.417508 0.444309
v -0.565309 0.403569 0.444309
v -0.536613 0.407895 0.444309
v -0.556703 0.393643 0.444309
v -0.545376 0.417348 0.380744
v -0.565164 0.403568 0.380744
v -0.565082 0.403568 0.376977
v -0.545376 0.417257 0.376977
v -0.536613 0.407916 0.460646
v -0.556801 0.393643 0.460646
v -0.549626 0.417588 0.460646
v -0.569858 0.403347 0.460646
v -0.569811 0.403347 0.448539
v -0.549626 0.417537 0.448539
v -0.545376 0.596186 0.088575
v -0.545376 0.596186 0.006684
v -0.687090 0.596186 0.006684
v -0.545376 0.596186 0.175172
v -0.687090 0.596186 0.175172
v -0.687090 0.596186 0.088575
v -0.566884 0.591094 0.089286
v -0.566884 0.591094 0.050116
v -0.665583 0.591094 0.050116
v -0.566884 0.591094 0.131028
v -0.665583 0.591094 0.131028
v -0.665583 0.591094 0.089286
v -0.561443 0.591094 0.089286
v -0.561443 0.591094 0.047705
v -0.671023 0.591094 0.047705
v -0.561443 0.591094 0.133439
v -0.671023 0.591094 0.133439
v -0.671023 0.591094 0.089286
v -0.566884 0.588637 0.089286
v -0.566884 0.588637 0.050116
v -0.665583 0.588636 0.050116
v -0.566884 0.588637 0.131028
v -0.665583 0.588636 0.131028
v -0.665583 0.588637 0.089286
v -0.819450 0.551051 0.376977
v -0.775222 0.596186 0.410505
v -0.819450 0.537468 0.380744
v -0.794930 0.589829 0.380744
v -0.828804 0.544909 0.410505
v -0.803835 0.596186 0.386499
v -0.828804 0.572214 0.383626
v -0.786877 0.588318 0.380744
vn -0.0008 -0.0000 -1.0000
vn -0.0017 -0.0000 -1.0000
vn -0.0000 -0.0000 -1.0000
vn -0.0000 -1.0000 -0.0000
vn -0.0000 1.0000 -0.0000
vn 1.0000 -0.0000 -0.0000
vn -0.0000 -0.0000 1.0000
vn -1.0000 -0.0000 -0.0000
vn -0.7831 -0.6218 -0.0000
vn 0.0070 1.0000 -0.0000
vn 0.5057 0.5517 -0.6633
vn 0.5056 0.5517 0.6633
vn 0.8271 0.5621 -0.0000
vn 0.8257 0.5642 0.0037
vn 0.8228 0.5683 0.0038
vn 0.8209 0.5709 0.0162
vn 0.8214 0.5704 0.0003
vn 0.8201 0.5723 0.0017
vn 0.8161 0.5779 0.0023
vn -0.8179 -0.5754 -0.0028
vn -0.0034 -0.0000 -1.0000
vn -0.0000 0.0008 -1.0000
vn -0.0000 0.0017 -1.0000
vn -0.6219 0.7831 -0.0000
vn 1.0000 -0.0070 -0.0000
vn 0.5517 -0.5056 -0.6633
vn 0.5517 -0.5056 0.6633
vn 1.0000 0.0001 -0.0000
vn 0.5621 -0.8271 -0.0000
vn 0.5642 -0.8257 0.0037
vn 0.5662 -0.8242 0.0074
vn 0.5709 -0.8209 0.0162
vn 0.5704 -0.8214 0.0003
vn 0.5723 -0.8201 0.0017
vn 0.5779 -0.8161 0.0022
vn -0.5754 0.8179 -0.0028
vn -0.0000 0.0034 -1.0000
vn 0.1234 0.5099 0.8513
vn -0.0729 0.1089 0.9914
vn -0.4969 -0.7098 -0.4992
vn -0.5013 0.7179 0.4830
vn 0.9816 0.1308 -0.1389
vn 0.1766 -0.8395 -0.5138
vt 0.500000 0.500000
vt 0.500000 1.000000
vt 1.000000 1.000000
vt 1.000000 0.500000
vt 0.416147 1.000000
vt 0.416147 1.000000
vt 0.584538 0.000000
vt 0.000000 0.950000
vt 0.000000 0.950000
vt 1.000000 0.050000
vt 1.000000 0.450000
vt 0.099241 0.000000
vt 0.400759 0.000000
vt 1.000000 0.035557
vt 1.000000 0.067072
vt 1.000000 0.050000
vt 1.000000 0.035557
vt 1.000000 0.035557
vt 0.000000 0.500000
vt 0.000000 0.000000
vt 0.500000 0.000000
vt 0.932928 0.000000
vt 0.000000 1.000000
vt 0.550000 0.000000
vt 0.584538 0.000000
vt 0.915462 0.000000
vt 0.950000 0.000000
vt 0.915462 0.000000
vt 0.915462 0.000000
vt 0.950000 0.000000
vt 0.050000 0.000000
vt 0.050000 0.000000
vt 0.450000 0.000000
vt 0.050000 0.000000
vt 0.450000 0.000000
vt 0.400759 0.000000
vt 1.000000 0.550000
vt 1.000000 0.950000
vt 0.968131 0.000000
vt 0.968132 0.000000
vt 1.000000 0.035557
vt 1.000000 0.035557
vt 1.000000 0.950000
vt 0.000000 0.950000
vt 0.000000 1.000000
vt 0.000000 0.550000
vt 0.000000 0.550000
vt 0.000000 0.050000
vt 0.000000 0.450000
vt 0.000000 0.050000
vt 0.000000 0.050000
vt 1.000000 0.414896
vt 1.000000 0.414896
vt 0.000000 0.584897
vt 0.000000 0.915103
vt 1.000000 0.414896
vt 1.000000 0.085104
vt 0.000000 0.915103
vt 0.000000 0.584897
vt 1.000000 0.450000
vt 1.000000 0.950000
vt 0.000000 0.450000
vt 1.000000 0.914896
vt 1.000000 0.585104
vt 1.000000 0.585104
vt 1.000000 0.914896
vt 1.000000 0.914896
vt 1.000000 0.585104
vt 0.000000 0.085171
vt 0.000000 0.414829
vt 0.000000 0.414829
vt 0.000000 0.584897
vt 0.450000 1.000000
vt 0.050000 1.000000
vt 0.050000 1.000000
vt 0.050000 1.000000
vt 0.450000 1.000000
vt 0.500000 1.000000
vt 0.083853 1.000000
vt 0.083853 1.000000
vt 0.083853 1.000000
vt 0.083853 1.000000
vt 0.083853 1.000000
vt 0.416147 1.000000
vt 1.000000 0.914896
vt 0.632579 0.000000
vt 0.867421 0.000000
vt 0.666667 0.000000
vt 0.954269 0.000000
vt 0.716667 0.000000
vt 1.000000 0.085104
vt 0.000000 0.085171
vt 0.083853 1.000000
vt 0.416147 1.000000
vt 1.000000 0.035557
vt 0.666667 0.500000
vt 0.666667 1.000000
vt 0.264631 0.000000
vt 0.068702 0.000000
vt 1.000000 0.050000
vt 1.000000 0.450000
vt 0.283333 0.000000
vt 0.283333 0.000000
vt 0.716667 1.000000
vt 0.950000 1.000000
vt 0.000000 0.950000
vt 0.597964 1.000000
vt 0.402036 1.000000
vt 0.000000 0.071345
vt 0.000000 0.071345
vt 0.333333 1.000000
vt 0.333333 0.500000
vt 0.333333 0.000000
vt 0.735369 0.000000
vt 0.754072 0.000000
vt 0.000000 0.428655
vt 0.050000 0.000000
vt 0.716667 1.000000
vt 0.264631 0.000000
vt 1.000000 0.030447
vt 0.000000 0.450000
vt 0.000000 0.550000
vt 1.000000 0.030447
vt 1.000000 0.030447
vt 1.000000 0.070913
vt 0.616667 0.000000
vt 0.616667 0.000000
vt 1.000000 0.550000
vt 0.950000 1.000000
vt 1.000000 0.550000
vt 0.050000 1.000000
vt 0.283333 1.000000
vt 0.383333 1.000000
vt 0.666667 1.000000
vt 0.616667 1.000000
vt 0.616667 1.000000
vt 0.333333 1.000000
vt 0.283333 1.000000
vt 0.383333 1.000000
vt 0.333333 0.000000
vt 0.383333 0.000000
vt 0.666667 0.000000
vt 0.716667 0.000000
vt 0.616667 0.000000
vt 0.716667 0.000000
vt 0.930568 0.000000
vt 0.950000 0.000000
vt 1.000000 0.032190
vt 1.000000 0.030447
vt 1.000000 0.050000
vt 0.000000 0.450000
vt 0.264583 0.000000
vt 0.068750 0.000000
vt 0.264583 1.000000
vt 0.068750 1.000000
vt 1.000000 0.071451
vt 1.000000 0.428549
vt 0.931250 0.000000
vt 0.735417 1.000000
vt 0.931250 1.000000
vt 0.735417 0.000000
vt 0.000000 0.571423
vt 0.000000 0.928576
vt 1.000000 0.450000
vt 0.050000 1.000000
vt 0.383333 1.000000
vt 0.000000 0.050000
vt 1.000000 0.950000
vt 0.000000 0.071423
vt 0.000000 0.428577
vt 0.000000 0.071423
vt 0.000000 0.428576
vt 1.000000 0.928549
vt 1.000000 0.571451
vt 1.000000 0.928549
vt 1.000000 0.571451
vt 1.000000 0.928549
vt 0.931250 1.000000
vt 0.068750 1.000000
vt 0.735417 1.000000
vt 0.931250 1.000000
vt 0.735417 1.000000
vt 0.402083 1.000000
vt 0.597917 1.000000
vt 0.402083 1.000000
vt 0.402083 1.000000
vt 0.068750 0.000000
vt 0.597917 0.000000
vt 0.402083 0.000000
vt 0.597917 0.000000
vt 0.402083 0.000000
vt 1.000000 0.428549
vt 1.000000 0.071451
vt 1.000000 0.428549
vt 0.000000 0.571423
vt 0.000000 0.928577
vt 0.000000 0.928577
vt 0.000000 0.428577
vt 1.000000 0.571451
vt 0.068750 0.000000
vt 1.000000 0.071451
vt 0.000000 0.928577
vt 0.735417 1.000000
vt 0.000000 0.428576
vt 1.000000 0.071451
vt 0.735417 0.000000
vt 1.000000 0.428549
vt 0.068750 1.000000
vt 1.000000 0.928549
vt 0.597917 1.000000
vt 1.000000 0.050000
vt 0.932928 0.000000
vt 0.929672 0.000000
vt 0.933245 0.000000
vt 1.000000 0.928655
vt 1.000000 0.571345
vt 0.068702 1.000000
vt 0.264631 1.000000
vt 0.000000 0.428655
vt 1.000000 0.032464
vt 1.000000 0.032394
vt 1.000000 0.050000
vt 0.932920 0.000000
vt 1.000000 0.072370
vt 1.000000 0.067076
vt 0.716667 1.000000
vt 0.950000 1.000000
vt 0.666667 1.000000
vt 0.616667 1.000000
vt 0.616667 1.000000
vt 0.950000 1.000000
vt 0.716667 1.000000
vt 1.000000 0.950000
vt 0.383333 0.000000
vt 0.383333 0.000000
vt 0.333333 0.000000
vt 0.952660 0.000000
vt 1.000000 0.550000
vt 1.000000 0.033060
vt 1.000000 0.032680
vt 1.000000 0.050000
vt 0.383333 1.000000
vt 0.616667 1.000000
vt 0.283333 1.000000
vt 0.050000 1.000000
vt 0.050000 1.000000
vt 0.050000 0.000000
vt 0.931298 0.000000
vt 0.735369 0.000000
vt 0.931298 1.000000
vt 0.931298 1.000000
vt 0.931298 0.000000
vt 0.735369 1.000000
vt 0.931298 1.000000
vt 0.735369 1.000000
vt 0.735369 1.000000
vt 1.000000 0.928655
vt 1.000000 0.571345
vt 1.000000 0.928655
vt 0.597964 0.000000
vt 0.402036 0.000000
vt 0.402036 0.000000
vt 1.000000 0.428655
vt 1.000000 0.071345
vt 1.000000 0.428655
vt 1.000000 0.071345
vt 1.000000 0.428655
vt 0.597964 1.000000
vt 0.068702 1.000000
vt 0.264631 1.000000
vt 0.000000 0.571345
vt 0.000000 0.928655
vt 0.000000 0.928655
vt 0.000000 0.571345
vt 1.000000 0.092690
vt 1.000000 0.092690
vt 1.000000 0.092690
vt 0.579262 0.000000
vt 0.420738 0.000000
vt 0.912595 0.000000
vt 0.000000 0.592690
vt 0.000000 0.907310
vt 1.000000 0.407310
vt 0.087405 0.000000
vt 0.420738 0.000000
vt 0.754072 1.000000
vt 0.912595 1.000000
vt 0.735369 1.000000
vt 0.402036 0.000000
vt 0.912595 0.000000
vt 0.754071 1.000000
vt 0.912595 1.000000
vt 0.754072 1.000000
vt 0.754071 1.000000
vt 1.000000 0.907310
vt 1.000000 0.592690
vt 1.000000 0.907310
vt 1.000000 0.592691
vt 1.000000 0.907310
vt 0.420738 0.000000
vt 0.000000 0.092690
vt 0.000000 0.407310
vt 0.000000 0.092690
vt 0.000000 0.407310
vt 0.000000 0.092690
vt 1.000000 0.407310
vt 1.000000 0.407310
vt 1.000000 0.092690
vt 0.420738 1.000000
vt 0.579262 1.000000
vt 0.579262 1.000000
vt 0.420738 1.000000
vt 0.087405 1.000000
vt 0.245928 1.000000
vt 0.087405 1.000000
vt 0.245928 1.000000
vt 0.087405 1.000000
vt 0.000000 0.907310
vt 0.245928 0.000000
vt 0.087405 0.000000
vt 0.754071 0.000000
vt 0.245929 0.000000
vt 0.245928 0.000000
vt 0.912595 0.000000
vt 1.000000 0.592690
vt 1.000000 0.092690
vt 0.579262 1.000000
vt 0.420738 1.000000
vt 0.000000 0.907310
vt 0.087405 0.000000
vt 0.087405 1.000000
vt 0.579262 1.000000
vt 0.754072 0.000000
vt 0.087405 1.000000
vt 0.579262 0.000000
vt 0.000000 0.928655
vt 0.264631 1.000000
vt 0.000000 0.928655
vt 0.597964 1.000000
vt 0.597964 0.000000
vt 1.000000 0.571345
vt 0.952506 0.000000
vt 0.952442 0.000000
vt 0.889536 0.041622
vt 0.666667 0.041622
vt 1.000000 0.032464
vt 1.000000 0.032680
vt 0.929673 0.000000
vt 0.952243 0.000000
vt 0.951894 0.000000
vt 0.666667 0.958378
vt 0.333333 0.958378
vt 1.000000 0.067076
vt 1.000000 0.067174
vt 0.956762 0.958378
vt 0.956762 0.500000
vt 0.043238 0.958378
vt 0.043238 0.500000
vt 0.043238 0.041622
vt 0.333333 0.041622
vt 1.000000 0.067174
vt 0.956762 0.109247
vt 0.956762 0.109246
vt 0.956762 0.109005
vt 0.889536 0.041622
vt 0.889692 0.041622
vt 0.889692 0.041622
vt 0.956762 0.109005
vt 0.867421 0.000000
vt 0.867421 0.000000
vt 0.867421 0.000000
vt 0.632579 0.000000
vt 1.000000 0.000000
vt 1.000000 0.000000
vt 0.953701 1.000000
vt 0.953701 1.000000
vt 0.953701 1.000000
vt 0.546299 1.000000
vt 0.546299 1.000000
vt 0.546298 1.000000
vt 0.933474 1.000000
vt 0.933474 1.000000
vt 0.933474 1.000000
vt 0.566526 1.000000
vt 0.566526 1.000000
vt 0.566526 1.000000
vt 0.194575 1.000000
vt 0.000000 0.726931
vt 0.143303 1.000000
vt 0.107880 1.000000
vt 0.000000 0.671960
vt 0.000000 0.772308
s 1
usemtl Blue.001
f 45/1/1 1225/2/2 1224/3/3 48/4/3
f 128/7/5 9/7/5 1121/7/5 1126/7/5
f 145/8/6 3/9/6 82/9/6 153/9/6
f 14/10/7 42/11/7 76/11/7 74/10/7
f 42/11/5 14/10/5 1189/14/5 1192/15/5 48/4/5
f 141/16/5 16/16/5 1194/17/5 1198/18/5
f 56/19/7 57/20/7 28/21/7 1196/22/7 1195/15/7 49/4/7 1226/3/7 1227/2/7 107/23/7
f 126/24/6 19/24/6 28/21/6 123/21/6
f 11/25/6 6/26/6 20/27/6 19/24/6
f 127/28/6 2/29/6 18/30/6 125/27/6
f 128/7/6 11/25/6 19/24/6 126/24/6
f 6/26/3 11/25/3 1123/25/3 1124/26/3
f 127/28/4 6/26/4 1124/26/4 1125/28/4
f 131/31/6 29/32/6 57/20/6 122/20/6
f 31/33/6 30/34/6 55/20/6 27/21/6
f 29/32/6 32/35/6 28/21/6 57/20/6
f 132/33/6 31/33/6 27/21/6 123/21/6
f 55/20/3 54/19/2 45/1/1 27/21/3
f 46/37/7 4/38/7 79/38/7 78/37/7
f 141/16/8 14/10/8 74/10/8 149/10/8
f 18/30/6 17/24/6 27/21/6 1191/22/6 1190/39/6
f 20/27/6 125/27/6 1197/39/6 1193/40/6
f 14/10/5 141/16/5 1198/41/5 1189/42/5
f 19/24/6 20/27/6 1193/40/6 1196/22/6 28/21/6
f 142/11/5 42/11/5 48/4/5 140/4/5
f 4/38/5 46/37/5 48/4/5 1224/3/5
f 47/37/5 8/43/5 1226/3/5 49/4/5
f 143/43/5 4/38/5 1224/3/5 1223/3/5
f 144/37/5 47/37/5 49/4/5 140/4/5
f 145/8/4 7/44/4 107/23/4 120/45/4
f 41/46/4 3/9/4 106/23/4 54/19/4
f 7/44/4 43/47/4 56/19/4 107/23/4
f 146/47/4 41/46/4 54/19/4 139/19/4
f 26/48/4 52/49/4 54/19/4 55/20/4
f 53/49/4 25/50/4 57/20/4 56/19/4
f 147/51/4 26/48/4 55/20/4 122/20/4
f 148/49/4 53/49/4 56/19/4 139/19/4
f 8/43/3 47/37/3 80/37/3 81/43/3
f 52/49/7 26/48/7 87/48/7 86/49/7
f 44/60/3 16/16/3 75/16/3 77/60/3
f 3/9/7 41/46/7 84/46/7 82/9/7
f 143/43/6 8/43/6 81/43/6 151/61/6
f 25/50/3 53/49/3 88/49/3 89/50/3
f 142/11/6 44/60/6 77/60/6 150/11/6
f 43/47/3 7/44/3 83/44/3 85/47/3
f 144/37/8 46/37/8 78/37/8 152/37/8
f 147/51/8 25/50/8 89/50/8 155/48/8
f 146/47/8 43/47/8 85/47/8 154/47/8
f 148/49/6 52/49/6 86/49/6 156/62/6
f 114/73/8 115/74/8 107/23/8 1227/2/8
f 165/75/8 113/76/8 106/23/8 120/45/8
f 166/77/8 114/73/8 1227/2/8 1228/78/8
f 112/73/8 166/77/8 1228/78/8 1225/2/8
f 115/74/8 165/75/8 120/45/8 107/23/8
f 53/49/6 148/49/6 156/62/6 88/49/6
f 41/46/8 146/47/8 154/47/8 84/46/8
f 26/48/8 147/51/8 155/48/8 87/48/8
f 47/37/8 144/37/8 152/37/8 80/37/8
f 42/11/6 142/11/6 150/11/6 76/11/6
f 4/38/6 143/43/6 151/61/6 79/38/6
f 52/49/4 148/49/4 139/19/4 54/19/4
f 25/50/4 147/51/4 122/20/4 57/20/4
f 43/47/4 146/47/4 139/19/4 56/19/4
f 3/9/4 145/8/4 120/45/4 106/23/4
f 46/37/5 144/37/5 140/4/5 48/4/5
f 8/43/5 143/43/5 1223/3/5 1226/3/5
f 44/60/5 142/11/5 140/4/5 49/4/5
f 125/27/6 18/30/6 1190/39/6 1197/40/6
f 16/16/8 141/16/8 149/10/8 75/16/8
f 32/35/6 132/33/6 123/21/6 28/21/6
f 30/34/6 131/31/6 122/20/6 55/20/6
f 2/29/4 127/28/4 1125/28/4 1122/29/4
f 9/7/6 128/7/6 126/24/6 17/24/6
f 6/26/6 127/28/6 125/27/6 20/27/6
f 17/24/6 126/24/6 123/21/6 27/21/6
f 227/88/6 1201/22/6 1200/89/6 245/30/6 244/90/6
f 7/44/6 145/8/6 153/9/6 83/44/6
f 11/25/5 128/7/5 1126/7/5 1123/25/5
f 16/16/5 44/60/5 49/4/5 1195/15/5 1194/95/5
f 239/96/3 228/97/3 222/3/3 235/4/3
f 706/98/3 707/99/3 746/99/3 747/98/3
f 272/100/7 273/101/7 313/101/7 312/100/7
f 245/30/4 425/30/4 464/30/4 285/30/4
f 265/102/4 445/103/4 484/102/4 305/102/4
f 424/30/4 246/30/4 287/30/4 465/30/4
f 444/103/4 266/102/4 307/102/4 485/102/4
f 258/104/3 259/105/3 298/105/3 299/104/3
f 244/90/7 245/30/7 285/30/7 284/90/7
f 278/47/3 279/106/3 318/106/3 319/47/3
f 692/107/7 693/108/7 733/108/7 732/107/7
f 685/109/8 905/110/8 944/110/8 725/109/8
f 234/19/3 221/23/3 229/111/3 238/112/3
f 238/112/3 229/111/3 228/97/3 239/96/3
f 226/113/3 238/112/3 239/96/3 227/88/3
f 220/20/3 234/19/3 238/112/3 226/113/3
f 687/116/6 903/116/6 942/116/6 726/116/6
f 264/117/7 265/102/7 305/102/7 304/117/7
f 257/118/5 437/104/5 476/104/5 297/118/5
f 705/119/4 925/119/4 964/119/4 745/119/4
f 1199/120/5 1202/15/5 235/4/5 273/101/5 272/100/5
f 234/19/4 220/20/4 241/51/4 240/49/4
f 401/20/6 220/20/6 264/117/6 442/31/6
f 223/20/4 236/19/4 243/121/4 242/51/4
f 234/19/4 416/19/4 456/46/4 277/122/4
f 1208/123/5 1199/124/5 272/100/5 451/10/5
f 1200/89/6 1207/89/6 425/30/6 245/30/6
f 1203/125/5 237/4/5 649/11/5 648/10/5
f 227/88/6 412/88/6 448/126/6 269/127/6
f 235/4/5 222/3/5 249/43/5 248/128/5
f 405/3/8 222/3/8 256/129/8 435/129/8
f 225/3/5 237/4/5 251/130/5 250/43/5
f 235/4/5 414/4/5 452/101/5 273/101/5
f 229/111/8 221/23/8 253/131/8 252/132/8
f 224/23/4 402/45/4 454/9/4 279/106/4
f 224/23/8 233/111/8 255/132/8 254/131/8
f 229/111/8 408/111/8 440/133/8 261/133/8
f 222/3/8 228/97/8 257/118/8 256/129/8
f 407/134/8 228/97/8 260/135/8 439/135/8
f 232/97/8 225/3/8 259/105/8 258/104/8
f 232/97/8 406/97/8 438/136/8 263/135/8
f 228/97/8 229/111/8 261/133/8 260/135/8
f 408/137/8 229/111/8 252/132/8 431/138/8
f 233/111/8 232/97/8 263/135/8 262/139/8
f 233/111/8 409/111/8 430/138/8 255/132/8
f 220/20/6 226/113/6 265/102/6 264/117/6
f 411/140/6 226/113/6 268/141/6 447/141/6
f 230/113/6 223/20/6 267/34/6 266/102/6
f 221/23/8 403/45/8 432/76/8 253/131/8
f 226/113/6 227/88/6 269/127/6 268/141/6
f 412/142/6 227/88/6 244/90/6 422/143/6
f 231/88/6 230/113/6 271/141/6 270/144/6
f 231/88/6 413/88/6 423/143/6 247/145/6
f 231/88/6 1204/146/6 629/147/6 628/145/6
f 414/4/5 235/4/5 248/128/5 427/37/5
f 1203/148/5 1205/149/5 450/10/5 275/150/5
f 225/3/8 404/3/8 434/129/8 259/105/8
f 221/23/4 234/19/4 277/122/4 276/8/4
f 416/19/4 234/19/4 240/49/4 419/151/4
f 236/19/4 224/23/4 279/106/4 278/47/4
f 402/45/8 224/23/8 254/131/8 433/76/8
f 252/132/7 253/131/7 293/131/7 292/132/7
f 266/102/3 267/34/3 306/34/3 307/102/3
f 246/30/3 247/145/3 286/145/3 287/30/3
f 453/11/6 274/164/6 315/164/6 493/11/6
f 253/131/5 432/76/5 472/165/5 293/131/5
f 273/101/6 452/101/6 492/11/6 313/101/6
f 259/105/4 434/129/4 474/129/4 298/105/4
f 260/135/7 261/133/7 301/133/7 300/135/7
f 274/164/3 275/150/3 314/150/3 315/164/3
f 240/49/7 241/51/7 281/51/7 280/49/7
f 254/131/3 255/132/3 294/132/3 295/131/3
f 441/133/5 262/139/5 303/139/5 481/166/5
f 421/167/8 242/51/8 283/51/8 461/51/8
f 261/133/5 440/133/5 480/166/5 301/133/5
f 241/51/8 420/167/8 460/51/8 281/51/8
f 268/141/7 269/127/7 309/127/7 308/141/7
f 248/128/7 249/43/7 289/43/7 288/128/7
f 262/139/3 263/135/3 302/135/3 303/139/3
f 242/51/3 243/121/3 282/121/3 283/51/3
f 449/127/4 270/144/4 311/144/4 489/127/4
f 429/168/6 250/43/6 291/43/6 469/168/6
f 269/127/4 448/127/4 488/126/4 309/127/4
f 249/43/6 428/168/6 468/168/6 289/43/6
f 276/8/7 277/122/7 317/122/7 316/8/7
f 256/129/7 257/118/7 297/118/7 296/129/7
f 270/144/3 271/141/3 310/141/3 311/144/3
f 250/43/3 251/130/3 290/130/3 291/43/3
f 279/106/6 454/9/6 494/9/6 318/106/6
f 436/104/5 258/104/5 299/104/5 477/104/5
f 277/122/8 456/46/8 496/46/8 317/122/8
f 435/129/4 256/129/4 296/129/4 475/129/4
f 457/46/8 278/47/8 319/47/8 497/46/8
f 255/132/4 430/138/4 470/132/4 294/132/4
f 275/150/8 450/10/8 490/211/8 314/150/8
f 427/37/8 248/128/8 288/128/8 467/37/8
f 447/141/5 268/141/5 308/141/5 487/141/5
f 247/145/5 423/143/5 462/145/5 286/145/5
f 267/34/5 443/31/5 482/117/5 306/34/5
f 419/151/6 240/49/6 280/49/6 459/151/6
f 439/136/4 260/135/4 300/135/4 479/135/4
f 433/76/5 254/131/5 295/131/5 473/165/5
f 455/9/6 276/8/6 316/8/6 495/8/6
f 431/138/4 252/132/4 292/132/4 471/132/4
f 451/10/8 272/100/8 312/100/8 491/10/8
f 1206/89/6 424/30/6 425/30/6 1207/89/6
f 243/121/6 418/151/6 458/151/6 282/121/6
f 227/88/3 239/96/3 235/4/3 1202/15/3 1201/212/3
f 236/19/4 417/19/4 418/151/4 243/121/4
f 226/113/6 411/113/6 445/103/6 265/102/6
f 237/4/5 415/4/5 426/37/5 251/130/5
f 220/20/4 401/20/4 420/167/4 241/51/4
f 410/113/6 230/113/6 266/102/6 444/103/6
f 228/97/8 407/97/8 437/104/8 257/118/8
f 230/113/6 410/113/6 446/141/6 271/141/6
f 222/3/5 405/3/5 428/168/5 249/43/5
f 406/97/8 232/97/8 258/104/8 436/104/8
f 409/111/8 233/111/8 262/139/8 441/133/8
f 403/45/4 221/23/4 276/8/4 455/8/4
f 415/4/5 237/4/5 274/164/5 453/11/5
f 404/3/5 225/3/5 250/43/5 429/168/5
f 413/88/6 231/88/6 270/144/6 449/127/6
f 237/4/5 1203/125/5 275/150/5 274/164/5
f 417/19/4 236/19/4 278/47/4 457/46/4
f 400/20/4 223/20/4 242/51/4 421/167/4
f 263/135/4 438/135/4 478/135/4 302/135/4
f 442/31/5 264/117/5 304/117/5 483/117/5
f 422/143/5 244/90/5 284/90/5 463/145/5
f 271/141/5 446/141/5 486/141/5 310/141/5
f 251/130/8 426/37/8 466/37/8 290/130/8
f 457/46/8 497/46/8 496/46/8 456/46/8
f 435/129/4 475/129/4 474/129/4 434/129/4
f 455/9/6 495/8/6 494/9/6 454/9/6
f 429/168/6 469/168/6 468/168/6 428/168/6
f 449/127/4 489/127/4 488/126/4 448/127/4
f 427/37/8 467/37/8 466/37/8 426/37/8
f 447/141/5 487/141/5 486/141/5 446/141/5
f 421/167/8 461/51/8 460/51/8 420/167/8
f 441/133/5 481/166/5 480/166/5 440/133/5
f 419/151/6 459/151/6 458/151/6 418/151/6
f 439/136/4 479/135/4 478/135/4 438/135/4
f 433/76/5 473/165/5 472/165/5 432/76/5
f 453/11/6 493/11/6 492/11/6 452/101/6
f 431/138/4 471/132/4 470/132/4 430/138/4
f 451/10/8 491/10/8 490/211/8 450/10/8
f 403/45/4 455/8/4 454/9/4 402/45/4
f 417/19/4 457/46/4 456/46/4 416/19/4
f 618/88/3 1210/213/3 1212/214/3 627/88/3
f 415/4/5 453/11/5 452/101/5 414/4/5
f 411/140/6 447/141/6 446/141/6 410/113/6
f 413/88/6 449/127/6 448/126/6 412/88/6
f 401/20/6 442/31/6 443/31/6 400/20/6
f 410/113/6 444/103/6 445/103/6 411/113/6
f 407/134/8 439/135/8 438/136/8 406/97/8
f 409/111/8 441/133/8 440/133/8 408/111/8
f 405/3/8 435/129/8 434/129/8 404/3/8
f 406/97/8 436/104/8 437/104/8 407/97/8
f 408/137/8 431/138/8 430/138/8 409/111/8
f 402/45/8 433/76/8 432/76/8 403/45/8
f 414/4/5 427/37/5 426/37/5 415/4/5
f 404/3/5 429/168/5 428/168/5 405/3/5
f 412/142/6 422/143/6 423/143/6 413/88/6
f 1208/149/5 451/10/5 450/10/5 1205/123/5
f 416/19/4 419/151/4 418/151/4 417/19/4
f 400/20/4 421/167/4 420/167/4 401/20/4
f 436/104/5 477/104/5 476/104/5 437/104/5
f 442/31/5 483/117/5 482/117/5 443/31/5
f 422/143/5 463/145/5 462/145/5 423/143/5
f 444/103/4 485/102/4 484/102/4 445/103/4
f 424/30/4 465/30/4 464/30/4 425/30/4
f 223/20/6 400/20/6 443/31/6 267/34/6
f 623/4/3 624/3/3 1091/3/3 1090/4/3
f 625/113/3 618/88/3 627/88/3 1092/113/3
f 620/23/3 621/19/3 1088/19/3 1087/23/3
f 621/19/3 622/20/3 1089/20/3 1088/19/3
f 1088/19/4 1089/20/4 1095/20/4 1094/19/4
f 624/3/3 626/97/3 1093/97/3 1091/3/3
f 678/215/3 679/216/3 718/216/3 719/215/3
f 698/217/3 699/218/3 738/218/3 739/217/3
f 684/219/7 685/109/7 725/109/7 724/219/7
f 704/99/7 705/119/7 745/119/7 744/99/7
f 1216/220/5 1203/221/5 648/10/5 867/222/5
f 627/88/6 1212/214/6 1218/223/6 1101/88/6
f 1209/224/3 623/4/3 1090/4/3 1211/225/3
f 231/88/6 832/88/6 860/127/6 641/127/6
f 225/3/8 232/97/8 633/226/8 632/227/8
f 841/228/8 232/97/8 652/229/8 871/230/8
f 626/97/8 624/3/8 635/231/8 634/232/8
f 225/3/5 828/3/5 856/43/5 637/233/5
f 237/4/5 225/3/5 637/233/5 636/37/5
f 828/3/8 225/3/8 632/227/8 851/129/8
f 624/3/5 623/4/5 639/128/5 638/233/5
f 237/4/5 838/4/5 868/101/5 649/11/5
f 230/113/6 231/88/6 641/127/6 640/234/6
f 832/88/6 231/88/6 628/145/6 847/145/6
f 618/88/6 625/113/6 643/235/6 642/127/6
f 831/236/6 625/113/6 666/103/6 885/103/6
f 236/19/4 223/20/4 645/51/4 644/151/4
f 837/20/6 223/20/6 664/32/6 883/32/6
f 622/20/4 621/19/4 647/62/4 646/51/4
f 835/19/4 621/19/4 662/46/4 881/46/4
f 1206/89/6 1204/237/6 246/30/6 424/30/6
f 838/4/5 237/4/5 636/37/5 855/238/5
f 1209/239/5 1213/240/5 866/222/5 651/241/5
f 623/4/5 1209/224/5 651/241/5 650/11/5
f 232/97/8 233/111/8 653/242/8 652/229/8
f 843/111/8 233/111/8 656/138/8 875/132/8
f 619/111/8 626/97/8 655/243/8 654/242/8
f 619/111/8 842/111/8 874/132/8 659/244/8
f 233/111/8 224/23/8 657/245/8 656/138/8
f 845/45/4 224/23/4 660/106/4 879/44/4
f 620/23/8 619/111/8 659/244/8 658/246/8
f 620/23/4 844/45/4 878/9/4 663/8/4
f 224/23/4 236/19/4 661/46/4 660/106/4
f 622/20/6 836/20/6 882/32/6 667/247/6
f 621/19/4 620/23/4 663/8/4 662/46/4
f 631/90/6 846/145/6 886/114/6 671/114/6
f 223/20/6 230/113/6 665/102/6 664/32/6
f 618/88/6 833/88/6 846/145/6 631/90/6
f 625/113/6 622/20/6 667/247/6 666/103/6
f 1204/146/6 231/88/6 247/145/6 246/30/6
f 628/145/6 629/147/6 669/248/6 668/249/6
f 635/231/8 850/227/8 890/250/8 675/251/8
f 630/27/6 631/90/6 671/114/6 670/252/6
f 629/147/6 848/27/6 888/248/6 669/248/6
f 632/227/8 633/226/8 673/253/8 672/254/8
f 633/226/8 852/104/8 892/255/8 673/253/8
f 634/232/8 635/231/8 675/251/8 674/256/8
f 853/104/8 634/232/8 674/256/8 893/255/8
f 636/37/5 637/233/5 677/257/5 676/258/5
f 637/233/5 856/61/5 896/259/5 677/257/5
f 638/233/5 639/128/5 679/216/5 678/215/5
f 857/61/5 638/233/5 678/215/5 897/259/5
f 640/234/6 641/127/6 681/260/6 680/261/6
f 641/127/6 860/127/6 900/260/6 681/260/6
f 642/127/6 643/235/6 683/262/6 682/260/6
f 643/235/6 858/234/6 898/261/6 683/262/6
f 644/151/4 645/51/4 685/109/4 684/219/4
f 645/51/4 864/167/4 905/110/4 685/109/4
f 646/51/4 647/62/4 687/116/4 686/110/4
f 647/62/4 862/62/4 903/116/4 687/116/4
f 648/10/5 649/11/5 689/263/5 688/264/5
f 649/11/5 868/101/5 908/265/5 689/263/5
f 650/11/5 651/241/5 691/266/5 690/267/5
f 651/241/5 866/222/5 906/266/5 691/266/5
f 652/229/8 653/242/8 693/108/8 692/107/8
f 653/242/8 872/139/8 912/108/8 693/108/8
f 654/242/8 655/243/8 695/268/8 694/108/8
f 873/139/8 654/242/8 694/108/8 913/108/8
f 656/138/8 657/245/8 697/269/8 696/270/8
f 657/245/8 876/74/8 916/217/8 697/269/8
f 658/246/8 659/244/8 699/218/8 698/217/8
f 877/74/8 658/246/8 698/217/8 917/217/8
f 660/106/4 661/46/4 701/271/4 700/272/4
f 667/247/6 882/32/6 923/99/6 707/99/6
f 662/46/4 663/8/4 703/273/4 702/274/4
f 661/46/4 880/47/4 920/274/4 701/271/4
f 664/32/6 665/102/6 705/119/6 704/99/6
f 671/114/5 886/114/5 926/114/5 710/114/5
f 666/103/6 667/247/6 707/99/6 706/98/6
f 665/102/6 884/103/6 925/119/6 705/119/6
f 672/254/7 673/253/7 713/253/7 712/254/7
f 686/110/3 687/116/3 726/116/3 727/110/3
f 913/108/5 694/108/5 735/108/5 953/108/5
f 893/255/5 674/256/5 715/256/5 933/255/5
f 693/108/5 912/108/5 952/108/5 733/108/5
f 673/253/5 892/288/5 932/255/5 713/253/5
f 700/272/7 701/271/7 741/271/7 740/272/7
f 680/261/7 681/260/7 721/260/7 720/261/7
f 694/108/3 695/268/3 734/268/3 735/108/3
f 674/256/3 675/251/3 714/251/3 715/256/3
f 701/271/8 920/274/8 960/274/8 741/271/8
f 683/262/5 898/289/5 938/261/5 722/262/5
f 707/99/5 923/99/5 962/99/5 746/99/5
f 681/260/4 900/260/4 940/260/4 721/260/4
f 688/264/7 689/263/7 729/263/7 728/264/7
f 702/274/3 703/273/3 742/273/3 743/274/3
f 668/249/7 669/248/7 709/248/7 708/249/7
f 682/260/3 683/262/3 722/262/3 723/260/3
f 691/266/8 906/266/8 946/266/8 730/266/8
f 669/248/4 888/248/4 928/248/4 709/248/4
f 689/263/6 908/265/6 948/265/6 729/263/6
f 675/251/4 890/250/4 930/250/4 714/251/4
f 696/270/7 697/269/7 737/269/7 736/270/7
f 676/258/7 677/257/7 717/257/7 716/258/7
f 690/267/3 691/266/3 730/266/3 731/267/3
f 670/252/3 671/114/3 710/114/3 711/252/3
f 917/217/5 698/217/5 739/217/5 957/217/5
f 897/215/6 678/215/6 719/215/6 937/259/6
f 697/269/5 916/217/5 956/217/5 737/269/5
f 677/257/6 896/259/6 936/259/6 717/257/6
f 1003/330/5 784/320/5 824/320/5 1042/330/5
f 899/289/5 680/261/5 720/261/5 939/289/5
f 703/273/6 918/338/6 958/336/6 742/273/6
f 895/341/8 676/258/8 716/258/8 935/341/8
f 915/337/4 696/270/4 736/270/4 955/337/4
f 889/248/4 670/252/4 711/252/4 929/248/4
f 695/268/4 910/339/4 950/339/4 734/268/4
f 887/114/5 668/249/5 708/249/5 927/114/5
f 909/265/6 690/267/6 731/267/6 949/265/6
f 902/116/6 684/219/6 724/219/6 943/116/6
f 921/271/8 702/274/8 743/274/8 961/274/8
f 901/340/4 682/260/4 723/260/4 941/260/4
f 919/336/6 700/272/6 740/272/6 959/336/6
f 679/216/8 894/341/8 934/341/8 718/216/8
f 699/218/4 914/337/4 954/337/4 738/218/4
f 891/250/4 672/254/4 712/254/4 931/250/4
f 911/339/4 692/107/4 732/107/4 951/339/4
f 883/32/6 664/32/6 704/99/6 922/99/6
f 885/103/6 666/103/6 706/98/6 924/119/6
f 879/9/4 660/106/4 700/272/4 919/336/4
f 881/46/4 662/46/4 702/274/4 921/274/4
f 875/132/8 656/138/8 696/270/8 915/337/8
f 663/8/4 878/9/4 918/336/4 703/273/4
f 871/230/8 652/229/8 692/107/8 911/339/8
f 659/244/8 874/132/8 914/337/8 699/218/8
f 869/11/5 650/11/5 690/267/5 909/265/5
f 655/243/8 870/230/8 910/339/8 695/268/8
f 865/167/4 646/51/4 686/110/4 904/110/4
f 867/222/5 648/10/5 688/264/5 907/266/5
f 861/126/6 642/127/6 682/260/6 901/260/6
f 863/62/4 644/151/4 684/219/4 902/116/4
f 855/238/5 636/37/5 676/258/5 895/341/5
f 859/234/6 640/234/6 680/261/6 899/289/6
f 851/129/8 632/227/8 672/254/8 891/250/8
f 639/128/5 854/238/5 894/341/5 679/216/5
f 847/145/6 628/145/6 668/249/6 887/114/6
f 849/27/6 630/27/6 670/252/6 889/248/6
f 223/20/4 837/20/4 864/167/4 645/51/4
f 625/113/6 831/236/6 858/234/6 643/235/6
f 224/23/8 845/45/8 876/74/8 657/245/8
f 621/19/4 835/19/4 862/49/4 647/62/4
f 233/111/8 843/111/8 872/139/8 653/242/8
f 844/45/8 620/23/8 658/246/8 877/74/8
f 232/97/8 841/228/8 852/104/8 633/226/8
f 842/111/8 619/111/8 654/242/8 873/139/8
f 623/4/5 839/4/5 854/238/5 639/128/5
f 626/97/8 840/228/8 870/135/8 655/243/8
f 834/19/4 236/19/4 644/151/4 863/62/4
f 836/20/4 622/20/4 646/51/4 865/167/4
f 830/236/6 230/113/6 640/234/6 859/234/6
f 236/19/4 834/19/4 880/46/4 661/46/4
f 839/4/5 623/4/5 650/11/5 869/11/5
f 230/113/6 830/236/6 884/103/6 665/102/6
f 829/3/5 624/3/5 638/233/5 857/61/5
f 840/228/8 626/97/8 634/232/8 853/104/8
f 833/88/6 618/88/6 642/127/6 861/127/6
f 1204/342/6 1215/343/6 848/27/6 629/147/6
f 922/99/5 704/99/5 744/99/5 963/99/5
f 904/110/8 686/110/8 727/110/8 945/110/8
f 924/119/4 706/98/4 747/98/4 965/119/4
f 907/266/8 688/264/8 728/264/8 947/266/8
f 897/215/6 937/259/6 936/259/6 896/259/6
f 917/217/5 957/217/5 956/217/5 916/217/5
f 895/341/8 935/341/8 934/341/8 894/341/8
f 915/337/4 955/337/4 954/337/4 914/337/4
f 889/248/4 929/248/4 928/248/4 888/248/4
f 909/265/6 949/265/6 948/265/6 908/265/6
f 887/114/5 927/114/5 926/114/5 886/114/5
f 907/266/8 947/266/8 946/266/8 906/266/8
f 901/340/4 941/260/4 940/260/4 900/260/4
f 921/271/8 961/274/8 960/274/8 920/274/8
f 899/289/5 939/289/5 938/261/5 898/289/5
f 919/336/6 959/336/6 958/336/6 918/338/6
f 893/255/5 933/255/5 932/255/5 892/288/5
f 913/108/5 953/108/5 952/108/5 912/108/5
f 891/250/4 931/250/4 930/250/4 890/250/4
f 911/339/4 951/339/4 950/339/4 910/339/4
f 883/32/6 922/99/6 923/99/6 882/32/6
f 885/103/6 924/119/6 925/119/6 884/103/6
f 879/9/4 919/336/4 918/336/4 878/9/4
f 881/46/4 921/274/4 920/274/4 880/47/4
f 875/132/8 915/337/8 914/337/8 874/132/8
f 877/74/8 917/217/8 916/217/8 876/74/8
f 871/230/8 911/339/8 910/339/8 870/230/8
f 873/139/8 913/108/8 912/108/8 872/139/8
f 867/222/5 907/266/5 906/266/5 866/222/5
f 869/11/5 909/265/5 908/265/5 868/101/5
f 863/62/4 902/116/4 903/116/4 862/62/4
f 865/167/4 904/110/4 905/110/4 864/167/4
f 859/234/6 899/289/6 898/261/6 858/234/6
f 861/126/6 901/260/6 900/260/6 860/127/6
f 855/238/5 895/341/5 894/341/5 854/238/5
f 857/61/5 897/259/5 896/259/5 856/61/5
f 851/129/8 891/250/8 890/250/8 850/227/8
f 853/104/8 893/255/8 892/255/8 852/104/8
f 847/145/6 887/114/6 886/114/6 846/145/6
f 849/27/6 889/248/6 888/248/6 848/27/6
f 837/20/6 883/32/6 882/32/6 836/20/6
f 831/236/6 885/103/6 884/103/6 830/236/6
f 845/45/4 879/44/4 878/9/4 844/45/4
f 835/19/4 881/46/4 880/46/4 834/19/4
f 843/111/8 875/132/8 874/132/8 842/111/8
f 844/45/8 877/74/8 876/74/8 845/45/8
f 841/228/8 871/230/8 870/135/8 840/228/8
f 842/111/8 873/139/8 872/139/8 843/111/8
f 1101/88/7 1218/223/7 1220/344/7 1111/345/7
f 839/4/5 869/11/5 868/101/5 838/4/5
f 834/19/4 863/62/4 862/49/4 835/19/4
f 836/20/4 865/167/4 864/167/4 837/20/4
f 830/236/6 859/234/6 858/234/6 831/236/6
f 833/88/6 861/127/6 860/127/6 832/88/6
f 838/4/5 855/238/5 854/238/5 839/4/5
f 829/3/5 857/61/5 856/43/5 828/3/5
f 828/3/8 851/129/8 850/227/8 829/3/8
f 840/228/8 853/104/8 852/104/8 841/228/8
f 832/88/6 847/145/6 846/145/6 833/88/6
f 1216/346/5 867/222/5 866/222/5 1213/347/5
f 922/99/5 963/99/5 962/99/5 923/99/5
f 902/116/6 943/116/6 942/116/6 903/116/6
f 924/119/4 965/119/4 964/119/4 925/119/4
f 904/110/8 945/110/8 944/110/8 905/110/8
f 624/3/8 829/3/8 850/227/8 635/231/8
f 619/111/3 620/23/3 1087/23/3 1086/111/3
f 1210/348/6 618/88/6 631/90/6 630/27/6
f 626/97/3 619/111/3 1086/111/3 1093/97/3
f 622/20/3 625/113/3 1092/113/3 1089/20/3
f 1214/349/6 1210/350/6 630/27/6 849/27/6
f 1105/351/6 1106/352/6 1115/352/6 1114/351/6
f 1211/353/5 1090/4/5 1102/4/5 1217/354/5
f 1214/349/6 849/27/6 848/27/6 1215/343/6
f 1086/111/8 1087/23/8 1099/23/8 1098/111/8
f 1091/3/8 1093/97/8 1097/97/8 1096/3/8
f 1090/4/5 1091/3/5 1096/3/5 1102/4/5
f 1092/113/6 627/88/6 1101/88/6 1100/113/6
f 1093/97/8 1086/111/8 1098/111/8 1097/97/8
f 1089/20/6 1092/113/6 1100/113/6 1095/20/6
f 1087/23/4 1088/19/4 1094/19/4 1099/23/4
f 1102/4/7 1096/3/7 1104/355/7 1103/356/7
f 1096/3/7 1097/97/7 1105/351/7 1104/355/7
f 1097/97/7 1098/111/7 1106/352/7 1105/351/7
f 1098/111/7 1099/23/7 1107/357/7 1106/352/7
f 1099/23/7 1094/19/7 1108/358/7 1107/357/7
f 1094/19/7 1095/20/7 1109/359/7 1108/358/7
f 1095/20/7 1100/113/7 1110/360/7 1109/359/7
f 1100/113/7 1101/88/7 1111/345/7 1110/360/7
f 1217/361/7 1102/4/7 1103/356/7 1219/362/7
f 1219/363/4 1103/356/4 1112/356/4 1222/364/4
f 1103/356/4 1104/355/4 1113/355/4 1112/356/4
f 1109/359/8 1110/360/8 1119/360/8 1118/359/8
f 1106/352/6 1107/357/6 1116/357/6 1115/352/6
f 1111/345/8 1220/365/8 1221/366/8 1120/345/8
f 1110/360/8 1111/345/8 1120/345/8 1119/360/8
f 1107/357/5 1108/358/5 1117/358/5 1116/357/5
f 1104/355/6 1105/351/6 1114/351/6 1113/355/6
f 1108/358/5 1109/359/5 1118/359/5 1117/358/5
f 1141/20/3 1143/23/3 1144/3/3 1142/373/3
f 1147/373/3 1148/3/3 1152/3/3 1151/373/3
f 1142/373/5 1144/3/5 1148/3/5 1147/373/5
f 1143/23/4 1141/20/4 1146/20/4 1145/23/4
f 1144/3/8 1143/23/8 1145/23/8 1148/3/8
f 1141/20/6 1142/373/6 1147/373/6 1146/20/6
f 1145/23/3 1146/20/3 1150/20/3 1149/23/3
f 1148/3/3 1145/23/3 1149/23/3 1152/3/3
f 1146/20/3 1147/373/3 1151/373/3 1150/20/3
f 1152/3/8 1149/23/8 1153/23/8 1156/3/8
f 1150/20/6 1151/373/6 1155/373/6 1154/20/6
f 1151/373/5 1152/3/5 1156/3/5 1155/373/5
f 1149/23/4 1150/20/4 1154/20/4 1153/23/4
f 1155/373/7 1156/3/7 1160/3/7 1159/373/7
f 1153/23/7 1154/20/7 1158/20/7 1157/23/7
f 1156/3/7 1153/23/7 1157/23/7 1160/3/7
f 1154/20/7 1155/373/7 1159/373/7 1158/20/7
f 1159/373/4 1160/3/4 1164/3/4 1163/373/4
f 1157/23/5 1158/20/5 1162/20/5 1161/23/5
f 1160/3/6 1157/23/6 1161/23/6 1164/3/6
f 1158/20/8 1159/373/8 1163/373/8 1162/20/8
f 1161/23/7 1162/20/7 1163/373/7 1164/3/7
f 1165/20/3 1167/23/3 1168/3/3 1166/373/3
f 1171/373/3 1172/3/3 1176/3/3 1175/373/3
f 1166/373/5 1168/3/5 1172/3/5 1171/373/5
f 1167/23/4 1165/20/4 1170/20/4 1169/23/4
f 1168/3/8 1167/23/8 1169/23/8 1172/3/8
f 1165/20/6 1166/373/6 1171/373/6 1170/20/6
f 1169/23/3 1170/20/3 1174/20/3 1173/23/3
f 1172/3/3 1169/23/3 1173/23/3 1176/3/3
f 1170/20/3 1171/373/3 1175/373/3 1174/20/3
f 1176/3/8 1173/23/8 1177/23/8 1180/3/8
f 1174/20/6 1175/373/6 1179/373/6 1178/20/6
f 1175/373/5 1176/3/5 1180/3/5 1179/373/5
f 1173/23/4 1174/20/4 1178/20/4 1177/23/4
f 1179/373/7 1180/3/7 1184/3/7 1183/373/7
f 1177/23/7 1178/20/7 1182/20/7 1181/23/7
f 1180/3/7 1177/23/7 1181/23/7 1184/3/7
f 1178/20/7 1179/373/7 1183/373/7 1182/20/7
f 1183/373/4 1184/3/4 1188/3/4 1187/373/4
f 1181/23/5 1182/20/5 1186/20/5 1185/23/5
f 1184/3/6 1181/23/6 1185/23/6 1188/3/6
f 1182/20/8 1183/373/8 1187/373/8 1186/20/8
f 1185/23/7 1186/20/7 1187/373/7 1188/3/7
f 1189/42/13 1190/373/13 1191/22/13 1192/15/13
f 1193/40/13 1194/373/13 1195/15/13 1196/22/13
f 1199/124/13 1200/374/13 1201/22/13 1202/15/13
f 1198/18/13 1194/17/13 1193/40/13 1197/39/13
f 1189/42/13 1198/41/13 1197/40/13 1190/39/13
f 1206/89/14 1207/89/13 1208/149/13 1205/123/14
f 1204/237/15 1206/89/14 1205/149/14 1203/148/15
f 1199/124/13 1208/123/13 1207/89/13 1200/89/13
f 1214/349/16 1215/343/16 1216/346/16 1213/347/16
f 1203/221/15 1216/220/17 1215/343/17 1204/342/15
f 1213/240/18 1209/239/18 1210/350/18 1214/349/18
f 1209/224/3 1211/225/3 1212/214/3 1210/213/3
f 1211/353/19 1217/354/19 1218/223/19 1212/214/19
f 1217/361/7 1219/362/7 1220/344/7 1218/223/7
f 1221/366/20 1220/365/20 1219/363/20 1222/364/20
f 27/21/3 45/1/1 48/4/3 1192/15/3 1191/22/3
f 54/19/2 106/23/21 113/76/21 50/80/21 117/80/21 116/84/21 10/84/21 112/73/21 1225/2/2 45/1/1
f 108/375/4 121/376/4 1235/376/4 1238/375/4
f 109/377/8 121/376/8 1223/3/8 1224/3/8
f 110/378/8 109/377/8 1224/3/8 1225/2/8
f 108/375/8 111/379/8 1227/2/8 1226/3/8
f 111/379/8 124/380/8 1228/78/8 1227/2/8
f 121/376/8 108/375/8 1226/3/8 1223/3/8
f 124/380/8 110/378/8 1225/2/8 1228/78/8
f 111/379/3 108/375/3 1238/375/3 1239/379/3
f 121/376/4 109/377/4 1236/377/4 1235/376/4
f 110/378/5 124/380/5 1240/380/5 1237/378/5
f 124/380/5 111/379/5 1239/379/5 1240/380/5
f 109/377/7 110/378/7 1237/378/7 1236/377/7
f 1291/1/22 2405/2/23 2404/3/3 1294/4/3
f 1374/7/6 1255/7/6 2341/7/6 2346/7/6
f 1391/8/4 1249/9/4 1328/9/4 1399/9/4
f 1260/10/7 1288/11/7 1322/11/7 1320/10/7
f 1288/11/6 1260/10/6 2369/14/6 2372/15/6 1294/4/6
f 1387/16/6 1262/16/6 2374/17/6 2378/18/6
f 1302/19/7 1303/20/7 1274/21/7 2376/22/7 2375/15/7 1295/4/7 2406/3/7 2407/2/7 1353/23/7
f 1372/24/4 1265/24/4 1274/21/4 1369/21/4
f 1257/25/4 1252/26/4 1266/27/4 1265/24/4
f 1373/28/4 1248/29/4 1264/30/4 1371/27/4
f 1374/7/4 1257/25/4 1265/24/4 1372/24/4
f 1252/26/3 1257/25/3 2343/25/3 2344/26/3
f 1373/28/8 1252/26/8 2344/26/8 2345/28/8
f 1377/31/4 1275/32/4 1303/20/4 1368/20/4
f 1277/33/4 1276/34/4 1301/20/4 1273/21/4
f 1275/32/4 1278/35/4 1274/21/4 1303/20/4
f 1378/33/4 1277/33/4 1273/21/4 1369/21/4
f 1301/20/3 1300/19/23 1291/1/22 1273/21/3
f 1292/37/7 1250/38/7 1325/38/7 1324/37/7
f 1387/16/5 1260/10/5 1320/10/5 1395/10/5
f 1264/30/4 1263/24/4 1273/21/4 2371/22/4 2370/39/4
f 1266/27/4 1371/27/4 2377/39/4 2373/40/4
f 1260/10/6 1387/16/6 2378/41/6 2369/42/6
f 1265/24/4 1266/27/4 2373/40/4 2376/22/4 1274/21/4
f 1388/11/6 1288/11/6 1294/4/6 1386/4/6
f 1250/38/6 1292/37/6 1294/4/6 2404/3/6
f 1293/37/6 1254/43/6 2406/3/6 1295/4/6
f 1389/43/6 1250/38/6 2404/3/6 2403/3/6
f 1390/37/6 1293/37/6 1295/4/6 1386/4/6
f 1391/8/8 1253/44/8 1353/23/8 1366/45/8
f 1287/46/8 1249/9/8 1352/23/8 1300/19/8
f 1253/44/8 1289/47/8 1302/19/8 1353/23/8
f 1392/47/8 1287/46/8 1300/19/8 1385/19/8
f 1272/48/8 1298/49/8 1300/19/8 1301/20/8
f 1299/49/8 1271/50/8 1303/20/8 1302/19/8
f 1393/51/8 1272/48/8 1301/20/8 1368/20/8
f 1394/49/8 1299/49/8 1302/19/8 1385/19/8
f 1254/43/3 1293/37/3 1326/37/3 1327/43/3
f 1298/49/7 1272/48/7 1333/48/7 1332/49/7
f 1290/60/3 1262/16/3 1321/16/3 1323/60/3
f 1249/9/7 1287/46/7 1330/46/7 1328/9/7
f 1389/43/4 1254/43/4 1327/43/4 1397/61/4
f 1271/50/3 1299/49/3 1334/49/3 1335/50/3
f 1388/11/4 1290/60/4 1323/60/4 1396/11/4
f 1289/47/3 1253/44/3 1329/44/3 1331/47/3
f 1390/37/5 1292/37/5 1324/37/5 1398/37/5
f 1393/51/5 1271/50/5 1335/50/5 1401/48/5
f 1392/47/5 1289/47/5 1331/47/5 1400/47/5
f 1394/49/4 1298/49/4 1332/49/4 1402/62/4
f 1360/73/5 1361/74/5 1353/23/5 2407/2/5
f 1411/75/5 1359/76/5 1352/23/5 1366/45/5
f 1412/77/5 1360/73/5 2407/2/5 2408/78/5
f 1358/73/5 1412/77/5 2408/78/5 2405/2/5
f 1361/74/5 1411/75/5 1366/45/5 1353/23/5
f 1299/49/4 1394/49/4 1402/62/4 1334/49/4
f 1287/46/5 1392/47/5 1400/47/5 1330/46/5
f 1272/48/5 1393/51/5 1401/48/5 1333/48/5
f 1293/37/5 1390/37/5 1398/37/5 1326/37/5
f 1288/11/4 1388/11/4 1396/11/4 1322/11/4
f 1250/38/4 1389/43/4 1397/61/4 1325/38/4
f 1298/49/8 1394/49/8 1385/19/8 1300/19/8
f 1271/50/8 1393/51/8 1368/20/8 1303/20/8
f 1289/47/8 1392/47/8 1385/19/8 1302/19/8
f 1249/9/8 1391/8/8 1366/45/8 1352/23/8
f 1292/37/6 1390/37/6 1386/4/6 1294/4/6
f 1254/43/6 1389/43/6 2403/3/6 2406/3/6
f 1290/60/6 1388/11/6 1386/4/6 1295/4/6
f 1371/27/4 1264/30/4 2370/39/4 2377/40/4
f 1262/16/5 1387/16/5 1395/10/5 1321/16/5
f 1278/35/4 1378/33/4 1369/21/4 1274/21/4
f 1276/34/4 1377/31/4 1368/20/4 1301/20/4
f 1248/29/8 1373/28/8 2345/28/8 2342/29/8
f 1255/7/4 1374/7/4 1372/24/4 1263/24/4
f 1252/26/4 1373/28/4 1371/27/4 1266/27/4
f 1263/24/4 1372/24/4 1369/21/4 1273/21/4
f 1473/88/4 2381/22/4 2380/89/4 1491/30/4 1490/90/4
f 1253/44/4 1391/8/4 1399/9/4 1329/44/4
f 1257/25/6 1374/7/6 2346/7/6 2343/25/6
f 1262/16/6 1290/60/6 1295/4/6 2375/15/6 2374/95/6
f 1485/96/3 1474/97/3 1468/3/3 1481/4/3
f 1943/98/3 1944/99/3 1983/99/3 1984/98/3
f 1518/100/7 1519/101/7 1559/101/7 1558/100/7
f 1491/30/8 1671/30/8 1710/30/8 1531/30/8
f 1511/102/8 1691/103/8 1730/102/8 1551/102/8
f 1670/30/8 1492/30/8 1533/30/8 1711/30/8
f 1690/103/8 1512/102/8 1553/102/8 1731/102/8
f 1504/104/3 1505/105/3 1544/105/3 1545/104/3
f 1490/90/7 1491/30/7 1531/30/7 1530/90/7
f 1524/47/3 1525/106/3 1564/106/3 1565/47/3
f 1929/107/7 1930/108/7 1970/108/7 1969/107/7
f 1922/109/5 2141/110/5 2180/110/5 1962/109/5
f 1480/19/3 1467/23/3 1475/111/3 1484/112/3
f 1484/112/3 1475/111/3 1474/97/3 1485/96/3
f 1472/113/3 1484/112/3 1485/96/3 1473/88/3
f 1466/20/3 1480/19/3 1484/112/3 1472/113/3
f 1924/116/4 2139/116/4 2178/116/4 1963/116/4
f 1510/117/7 1511/102/7 1551/102/7 1550/117/7
f 1503/118/6 1683/104/6 1722/104/6 1543/118/6
f 1942/119/8 2161/119/8 2200/119/8 1982/119/8
f 2379/120/6 2382/15/6 1481/4/6 1519/101/6 1518/100/6
f 1480/19/8 1466/20/8 1487/51/8 1486/49/8
f 1647/20/4 1466/20/4 1510/117/4 1688/31/4
f 1469/20/8 1482/19/8 1489/121/8 1488/51/8
f 1480/19/8 1662/19/8 1702/46/8 1523/122/8
f 2388/123/6 2379/124/6 1518/100/6 1697/10/6
f 2380/89/4 2387/89/4 1671/30/4 1491/30/4
f 2383/125/6 1483/4/6 1890/11/6 1889/10/6
f 1473/88/4 1658/88/4 1694/126/4 1515/127/4
f 1481/4/6 1468/3/6 1495/43/6 1494/128/6
f 1651/3/5 1468/3/5 1502/129/5 1681/129/5
f 1471/3/6 1483/4/6 1497/130/6 1496/43/6
f 1481/4/6 1660/4/6 1698/101/6 1519/101/6
f 1475/111/5 1467/23/5 1499/131/5 1498/132/5
f 1470/23/8 1648/45/8 1700/9/8 1525/106/8
f 1470/23/5 1479/111/5 1501/132/5 1500/131/5
f 1475/111/5 1654/111/5 1686/133/5 1507/133/5
f 1468/3/5 1474/97/5 1503/118/5 1502/129/5
f 1653/134/5 1474/97/5 1506/135/5 1685/135/5
f 1478/97/5 1471/3/5 1505/105/5 1504/104/5
f 1478/97/5 1652/97/5 1684/136/5 1509/135/5
f 1474/97/5 1475/111/5 1507/133/5 1506/135/5
f 1654/137/5 1475/111/5 1498/132/5 1677/138/5
f 1479/111/5 1478/97/5 1509/135/5 1508/139/5
f 1479/111/5 1655/111/5 1676/138/5 1501/132/5
f 1466/20/4 1472/113/4 1511/102/4 1510/117/4
f 1657/140/4 1472/113/4 1514/141/4 1693/141/4
f 1476/113/4 1469/20/4 1513/34/4 1512/102/4
f 1467/23/5 1649/45/5 1678/76/5 1499/131/5
f 1472/113/4 1473/88/4 1515/127/4 1514/141/4
f 1658/142/4 1473/88/4 1490/90/4 1668/143/4
f 1477/88/4 1476/113/4 1517/141/4 1516/144/4
f 1477/88/4 1659/88/4 1669/143/4 1493/145/4
f 1477/88/4 2384/146/4 1870/147/4 1869/145/4
f 1660/4/6 1481/4/6 1494/128/6 1673/37/6
f 2383/148/6 2385/149/6 1696/10/6 1521/150/6
f 1471/3/5 1650/3/5 1680/129/5 1505/105/5
f 1467/23/8 1480/19/8 1523/122/8 1522/8/8
f 1662/19/8 1480/19/8 1486/49/8 1665/151/8
f 1482/19/8 1470/23/8 1525/106/8 1524/47/8
f 1648/45/5 1470/23/5 1500/131/5 1679/76/5
f 1498/132/7 1499/131/7 1539/131/7 1538/132/7
f 1512/102/3 1513/34/3 1552/34/3 1553/102/3
f 1492/30/3 1493/145/3 1532/145/3 1533/30/3
f 1699/11/4 1520/164/4 1561/164/4 1739/11/4
f 1499/131/6 1678/76/6 1718/165/6 1539/131/6
f 1519/101/4 1698/101/4 1738/11/4 1559/101/4
f 1505/105/8 1680/129/8 1720/129/8 1544/105/8
f 1506/135/7 1507/133/7 1547/133/7 1546/135/7
f 1520/164/3 1521/150/3 1560/150/3 1561/164/3
f 1486/49/7 1487/51/7 1527/51/7 1526/49/7
f 1500/131/3 1501/132/3 1540/132/3 1541/131/3
f 1687/133/6 1508/139/6 1549/139/6 1727/166/6
f 1667/167/5 1488/51/5 1529/51/5 1707/51/5
f 1507/133/6 1686/133/6 1726/166/6 1547/133/6
f 1487/51/5 1666/167/5 1706/51/5 1527/51/5
f 1514/141/7 1515/127/7 1555/127/7 1554/141/7
f 1494/128/7 1495/43/7 1535/43/7 1534/128/7
f 1508/139/3 1509/135/3 1548/135/3 1549/139/3
f 1488/51/3 1489/121/3 1528/121/3 1529/51/3
f 1695/127/8 1516/144/8 1557/144/8 1735/127/8
f 1675/168/4 1496/43/4 1537/43/4 1715/168/4
f 1515/127/8 1694/127/8 1734/126/8 1555/127/8
f 1495/43/4 1674/168/4 1714/168/4 1535/43/4
f 1522/8/7 1523/122/7 1563/122/7 1562/8/7
f 1502/129/7 1503/118/7 1543/118/7 1542/129/7
f 1516/144/3 1517/141/3 1556/141/3 1557/144/3
f 1496/43/3 1497/130/3 1536/130/3 1537/43/3
f 1525/106/4 1700/9/4 1740/9/4 1564/106/4
f 1682/104/6 1504/104/6 1545/104/6 1723/104/6
f 1523/122/5 1702/46/5 1742/46/5 1563/122/5
f 1681/129/8 1502/129/8 1542/129/8 1721/129/8
f 1703/46/5 1524/47/5 1565/47/5 1743/46/5
f 1501/132/8 1676/138/8 1716/132/8 1540/132/8
f 1521/150/5 1696/10/5 1736/211/5 1560/150/5
f 1673/37/5 1494/128/5 1534/128/5 1713/37/5
f 1693/141/6 1514/141/6 1554/141/6 1733/141/6
f 1493/145/6 1669/143/6 1708/145/6 1532/145/6
f 1513/34/6 1689/31/6 1728/117/6 1552/34/6
f 1665/151/4 1486/49/4 1526/49/4 1705/151/4
f 1685/136/8 1506/135/8 1546/135/8 1725/135/8
f 1679/76/6 1500/131/6 1541/131/6 1719/165/6
f 1701/9/4 1522/8/4 1562/8/4 1741/8/4
f 1677/138/8 1498/132/8 1538/132/8 1717/132/8
f 1697/10/5 1518/100/5 1558/100/5 1737/10/5
f 2386/89/4 1670/30/4 1671/30/4 2387/89/4
f 1489/121/4 1664/151/4 1704/151/4 1528/121/4
f 1473/88/3 1485/96/3 1481/4/3 2382/15/3 2381/212/3
f 1482/19/8 1663/19/8 1664/151/8 1489/121/8
f 1472/113/4 1657/113/4 1691/103/4 1511/102/4
f 1483/4/6 1661/4/6 1672/37/6 1497/130/6
f 1466/20/8 1647/20/8 1666/167/8 1487/51/8
f 1656/113/4 1476/113/4 1512/102/4 1690/103/4
f 1474/97/5 1653/97/5 1683/104/5 1503/118/5
f 1476/113/4 1656/113/4 1692/141/4 1517/141/4
f 1468/3/6 1651/3/6 1674/168/6 1495/43/6
f 1652/97/5 1478/97/5 1504/104/5 1682/104/5
f 1655/111/5 1479/111/5 1508/139/5 1687/133/5
f 1649/45/8 1467/23/8 1522/8/8 1701/8/8
f 1661/4/6 1483/4/6 1520/164/6 1699/11/6
f 1650/3/6 1471/3/6 1496/43/6 1675/168/6
f 1659/88/4 1477/88/4 1516/144/4 1695/127/4
f 1483/4/6 2383/125/6 1521/150/6 1520/164/6
f 1663/19/8 1482/19/8 1524/47/8 1703/46/8
f 1646/20/8 1469/20/8 1488/51/8 1667/167/8
f 1509/135/8 1684/135/8 1724/135/8 1548/135/8
f 1688/31/6 1510/117/6 1550/117/6 1729/117/6
f 1668/143/6 1490/90/6 1530/90/6 1709/145/6
f 1517/141/6 1692/141/6 1732/141/6 1556/141/6
f 1497/130/5 1672/37/5 1712/37/5 1536/130/5
f 1703/46/5 1743/46/5 1742/46/5 1702/46/5
f 1681/129/8 1721/129/8 1720/129/8 1680/129/8
f 1701/9/4 1741/8/4 1740/9/4 1700/9/4
f 1675/168/4 1715/168/4 1714/168/4 1674/168/4
f 1695/127/8 1735/127/8 1734/126/8 1694/127/8
f 1673/37/5 1713/37/5 1712/37/5 1672/37/5
f 1693/141/6 1733/141/6 1732/141/6 1692/141/6
f 1667/167/5 1707/51/5 1706/51/5 1666/167/5
f 1687/133/6 1727/166/6 1726/166/6 1686/133/6
f 1665/151/4 1705/151/4 1704/151/4 1664/151/4
f 1685/136/8 1725/135/8 1724/135/8 1684/135/8
f 1679/76/6 1719/165/6 1718/165/6 1678/76/6
f 1699/11/4 1739/11/4 1738/11/4 1698/101/4
f 1677/138/8 1717/132/8 1716/132/8 1676/138/8
f 1697/10/5 1737/10/5 1736/211/5 1696/10/5
f 1649/45/8 1701/8/8 1700/9/8 1648/45/8
f 1663/19/8 1703/46/8 1702/46/8 1662/19/8
f 1864/88/3 2390/213/3 2392/214/3 1868/88/3
f 1661/4/6 1699/11/6 1698/101/6 1660/4/6
f 1657/140/4 1693/141/4 1692/141/4 1656/113/4
f 1659/88/4 1695/127/4 1694/126/4 1658/88/4
f 1647/20/4 1688/31/4 1689/31/4 1646/20/4
f 1656/113/4 1690/103/4 1691/103/4 1657/113/4
f 1653/134/5 1685/135/5 1684/136/5 1652/97/5
f 1655/111/5 1687/133/5 1686/133/5 1654/111/5
f 1651/3/5 1681/129/5 1680/129/5 1650/3/5
f 1652/97/5 1682/104/5 1683/104/5 1653/97/5
f 1654/137/5 1677/138/5 1676/138/5 1655/111/5
f 1648/45/5 1679/76/5 1678/76/5 1649/45/5
f 1660/4/6 1673/37/6 1672/37/6 1661/4/6
f 1650/3/6 1675/168/6 1674/168/6 1651/3/6
f 1658/142/4 1668/143/4 1669/143/4 1659/88/4
f 2388/149/6 1697/10/6 1696/10/6 2385/123/6
f 1662/19/8 1665/151/8 1664/151/8 1663/19/8
f 1646/20/8 1667/167/8 1666/167/8 1647/20/8
f 1682/104/6 1723/104/6 1722/104/6 1683/104/6
f 1688/31/6 1729/117/6 1728/117/6 1689/31/6
f 1668/143/6 1709/145/6 1708/145/6 1669/143/6
f 1690/103/8 1731/102/8 1730/102/8 1691/103/8
f 1670/30/8 1711/30/8 1710/30/8 1671/30/8
f 1469/20/4 1646/20/4 1689/31/4 1513/34/4
f 1867/113/3 1864/88/3 1868/88/3 2325/113/3
f 2322/19/8 2323/20/8 2327/20/8 2326/19/8
f 1915/215/3 1916/216/3 1955/216/3 1956/215/3
f 1935/217/3 2428/387/3 1936/218/3 1975/218/3 1976/217/3
f 1921/219/7 1922/109/7 1962/109/7 1961/219/7
f 1941/99/7 1942/119/7 1982/119/7 1981/99/7
f 2396/220/6 2383/221/6 1889/10/6 2103/222/6
f 1868/88/4 2392/214/4 2398/223/4 2329/88/4
f 2389/224/3 1866/4/3 2324/4/3 2391/225/3
f 1477/88/4 2069/88/4 2096/127/4 1882/127/4
f 1471/3/5 1478/97/5 1874/226/5 1873/227/5
f 2078/228/5 1478/97/5 1893/229/5 2107/230/5
f 1471/3/6 2065/3/6 2092/43/6 1878/233/6
f 1483/4/6 1471/3/6 1878/233/6 1877/37/6
f 2065/3/5 1471/3/5 1873/227/5 2087/129/5
f 1483/4/6 2075/4/6 2104/101/6 1890/11/6
f 1476/113/4 1477/88/4 1882/127/4 1881/234/4
f 2069/88/4 1477/88/4 1869/145/4 2083/145/4
f 1864/88/4 1867/113/4 1884/235/4 1883/127/4
f 2068/236/4 1867/113/4 1903/103/4 2121/103/4
f 1482/19/8 1469/20/8 1886/51/8 1885/151/8
f 2074/20/4 1469/20/4 1901/32/4 2119/32/4
f 2386/89/4 2384/237/4 1492/30/4 1670/30/4
f 2075/4/6 1483/4/6 1877/37/6 2091/238/6
f 2389/239/6 2393/240/6 2102/222/6 1892/241/6
f 1866/4/6 2389/224/6 1892/241/6 1891/11/6
f 1478/97/5 1479/111/5 1894/242/5 1893/229/5
f 2080/111/5 1479/111/5 1897/138/5 2111/132/5
f 1479/111/5 1470/23/5 1898/245/5 1897/138/5
f 2081/45/8 1470/23/8 1899/106/8 2115/44/8
f 1470/23/8 1482/19/8 1900/46/8 1899/106/8
f 1865/20/4 2073/20/4 2118/32/4 1904/247/4
f 1872/90/4 2082/145/4 2122/114/4 1908/114/4
f 1469/20/4 1476/113/4 1902/102/4 1901/32/4
f 1864/88/4 2070/88/4 2082/145/4 1872/90/4
f 1867/113/4 1865/20/4 1904/247/4 1903/103/4
f 2384/146/4 1477/88/4 1493/145/4 1492/30/4
f 1869/145/4 1870/147/4 1906/248/4 1905/249/4
f 1876/231/5 2086/227/5 2126/250/5 1912/251/5
f 1871/27/4 1872/90/4 1908/114/4 1907/252/4
f 1870/147/4 2084/27/4 2124/248/4 1906/248/4
f 1873/227/5 1874/226/5 1910/253/5 1909/254/5
f 1874/226/5 2088/104/5 2128/255/5 1910/253/5
f 1875/232/5 1876/231/5 1912/251/5 1911/256/5
f 2089/104/5 1875/232/5 1911/256/5 2129/255/5
f 1877/37/6 1878/233/6 1914/257/6 1913/258/6
f 1878/233/6 2092/61/6 2132/259/6 1914/257/6
f 1879/233/6 1880/128/6 1916/216/6 1915/215/6
f 2093/61/6 1879/233/6 1915/215/6 2133/259/6
f 1881/234/4 1882/127/4 1918/260/4 1917/261/4
f 1882/127/4 2096/127/4 2136/260/4 1918/260/4
f 1883/127/4 1884/235/4 1920/262/4 1919/260/4
f 1884/235/4 2094/234/4 2134/261/4 1920/262/4
f 1885/151/8 1886/51/8 1922/109/8 1921/219/8
f 1886/51/8 2100/167/8 2141/110/8 1922/109/8
f 1887/51/8 1888/62/8 1924/116/8 1923/110/8
f 1888/62/8 2098/62/8 2139/116/8 1924/116/8
f 1889/10/6 1890/11/6 1926/263/6 1925/264/6
f 1890/11/6 2104/101/6 2144/265/6 1926/263/6
f 1891/11/6 1892/241/6 1928/266/6 1927/267/6
f 1892/241/6 2102/222/6 2142/266/6 1928/266/6
f 1893/229/5 1894/242/5 1930/108/5 1929/107/5
f 1894/242/5 2108/139/5 2148/108/5 1930/108/5
f 1895/242/5 1896/243/5 1932/268/5 1931/108/5
f 2109/139/5 1895/242/5 1931/108/5 2149/108/5
f 1897/138/5 1898/245/5 1934/269/5 1933/270/5
f 1898/245/5 2112/74/5 2152/217/5 1934/269/5
f 1899/106/8 1900/46/8 1938/271/8 1937/272/8
f 1904/247/4 2118/32/4 2159/99/4 1944/99/4
f 1900/46/8 2116/47/8 2156/274/8 1938/271/8
f 1901/32/4 1902/102/4 1942/119/4 1941/99/4
f 1908/114/6 2122/114/6 2162/114/6 1947/114/6
f 1903/103/4 1904/247/4 1944/99/4 1943/98/4
f 1902/102/4 2120/103/4 2161/119/4 1942/119/4
f 1909/254/7 1910/253/7 1950/253/7 1949/254/7
f 1923/110/3 1924/116/3 1963/116/3 1964/110/3
f 2149/108/6 1931/108/6 1972/108/6 2189/108/6
f 2129/255/6 1911/256/6 1952/256/6 2169/255/6
f 1930/108/6 2148/108/6 2188/108/6 1970/108/6
f 1910/253/6 2128/288/6 2168/255/6 1950/253/6
f 1937/272/7 1938/271/7 1978/271/7 1977/272/7
f 1917/261/7 1918/260/7 1958/260/7 1957/261/7
f 1931/108/3 1932/268/3 1971/268/3 1972/108/3
f 1911/256/3 1912/251/3 1951/251/3 1952/256/3
f 1938/271/5 2156/274/5 2196/274/5 1978/271/5
f 1920/262/6 2134/289/6 2174/261/6 1959/262/6
f 1944/99/6 2159/99/6 2198/99/6 1983/99/6
f 1918/260/8 2136/260/8 2176/260/8 1958/260/8
f 1925/264/7 1926/263/7 1966/263/7 1965/264/7
f 1939/274/3 2431/388/3 1940/273/3 1979/273/3 1980/274/3
f 1905/249/7 1906/248/7 1946/248/7 1945/249/7
f 1919/260/3 1920/262/3 1959/262/3 1960/260/3
f 1928/266/5 2142/266/5 2182/266/5 1967/266/5
f 1906/248/8 2124/248/8 2164/248/8 1946/248/8
f 1926/263/4 2144/265/4 2184/265/4 1966/263/4
f 1912/251/8 2126/250/8 2166/250/8 1951/251/8
f 1933/270/7 1934/269/7 1974/269/7 1973/270/7
f 1913/258/7 1914/257/7 1954/257/7 1953/258/7
f 1927/267/3 1928/266/3 1967/266/3 1968/267/3
f 1907/252/3 1908/114/3 1947/114/3 1948/252/3
f 2153/217/6 2432/217/6 1935/217/6 1976/217/6 2193/217/6
f 2133/215/4 1915/215/4 1956/215/4 2173/259/4
f 1934/269/6 2152/217/6 2192/217/6 1974/269/6
f 1914/257/4 2132/259/4 2172/259/4 1954/257/4
f 2239/330/6 2021/320/6 2061/320/6 2278/330/6
f 2135/289/6 1917/261/6 1957/261/6 2175/289/6
f 1940/273/4 2433/338/4 2154/338/4 2194/336/4 1979/273/4
f 2131/341/5 1913/258/5 1953/258/5 2171/341/5
f 2151/337/8 1933/270/8 1973/270/8 2191/337/8
f 2125/248/8 1907/252/8 1948/252/8 2165/248/8
f 1932/268/8 2146/339/8 2186/339/8 1971/268/8
f 2123/114/6 1905/249/6 1945/249/6 2163/114/6
f 2145/265/4 1927/267/4 1968/267/4 2185/265/4
f 2138/116/4 1921/219/4 1961/219/4 2179/116/4
f 2157/271/5 1939/274/5 1980/274/5 2197/274/5
f 2137/340/8 1919/260/8 1960/260/8 2177/260/8
f 2155/336/4 1937/272/4 1977/272/4 2195/336/4
f 1916/216/5 2130/341/5 2170/341/5 1955/216/5
f 1936/218/8 2150/337/8 2190/337/8 1975/218/8
f 2127/250/8 1909/254/8 1949/254/8 2167/250/8
f 2147/339/8 1929/107/8 1969/107/8 2187/339/8
f 2119/32/4 1901/32/4 1941/99/4 2158/99/4
f 2121/103/4 1903/103/4 1943/98/4 2160/119/4
f 2115/9/8 1899/106/8 1937/272/8 2155/336/8
f 2111/132/5 1897/138/5 1933/270/5 2151/337/5
f 2107/230/5 1893/229/5 1929/107/5 2147/339/5
f 2105/11/6 1891/11/6 1927/267/6 2145/265/6
f 1896/243/5 2106/230/5 2146/339/5 1932/268/5
f 2101/167/8 1887/51/8 1923/110/8 2140/110/8
f 2103/222/6 1889/10/6 1925/264/6 2143/266/6
f 2097/126/4 1883/127/4 1919/260/4 2137/260/4
f 2099/62/8 1885/151/8 1921/219/8 2138/116/8
f 2091/238/6 1877/37/6 1913/258/6 2131/341/6
f 2095/234/4 1881/234/4 1917/261/4 2135/289/4
f 2087/129/5 1873/227/5 1909/254/5 2127/250/5
f 1880/128/6 2090/238/6 2130/341/6 1916/216/6
f 2083/145/4 1869/145/4 1905/249/4 2123/114/4
f 2085/27/4 1871/27/4 1907/252/4 2125/248/4
f 1469/20/8 2074/20/8 2100/167/8 1886/51/8
f 1867/113/4 2068/236/4 2094/234/4 1884/235/4
f 1470/23/5 2081/45/5 2112/74/5 1898/245/5
f 1479/111/5 2080/111/5 2108/139/5 1894/242/5
f 1478/97/5 2078/228/5 2088/104/5 1874/226/5
f 1866/4/6 2076/4/6 2090/238/6 1880/128/6
f 2071/19/8 1482/19/8 1885/151/8 2099/62/8
f 2073/20/8 1865/20/8 1887/51/8 2101/167/8
f 2067/236/4 1476/113/4 1881/234/4 2095/234/4
f 1482/19/8 2071/19/8 2116/46/8 1900/46/8
f 2076/4/6 1866/4/6 1891/11/6 2105/11/6
f 1476/113/4 2067/236/4 2120/103/4 1902/102/4
f 2070/88/4 1864/88/4 1883/127/4 2097/127/4
f 2384/342/4 2395/343/4 2084/27/4 1870/147/4
f 2158/99/6 1941/99/6 1981/99/6 2199/99/6
f 2140/110/5 1923/110/5 1964/110/5 2181/110/5
f 2160/119/8 1943/98/8 1984/98/8 2201/119/8
f 2143/266/5 1925/264/5 1965/264/5 2183/266/5
f 2133/215/4 2173/259/4 2172/259/4 2132/259/4
f 2153/217/6 2193/217/6 2192/217/6 2152/217/6
f 2131/341/5 2171/341/5 2170/341/5 2130/341/5
f 2151/337/8 2191/337/8 2190/337/8 2150/337/8
f 2125/248/8 2165/248/8 2164/248/8 2124/248/8
f 2145/265/4 2185/265/4 2184/265/4 2144/265/4
f 2123/114/6 2163/114/6 2162/114/6 2122/114/6
f 2143/266/5 2183/266/5 2182/266/5 2142/266/5
f 2137/340/8 2177/260/8 2176/260/8 2136/260/8
f 2157/271/5 2197/274/5 2196/274/5 2156/274/5
f 2135/289/6 2175/289/6 2174/261/6 2134/289/6
f 2155/336/4 2195/336/4 2194/336/4 2154/338/4
f 2129/255/6 2169/255/6 2168/255/6 2128/288/6
f 2149/108/6 2189/108/6 2188/108/6 2148/108/6
f 2127/250/8 2167/250/8 2166/250/8 2126/250/8
f 2147/339/8 2187/339/8 2186/339/8 2146/339/8
f 2119/32/4 2158/99/4 2159/99/4 2118/32/4
f 2121/103/4 2160/119/4 2161/119/4 2120/103/4
f 2115/9/8 2155/336/8 2154/336/8 2114/9/8
f 2117/46/8 2157/274/8 2156/274/8 2116/47/8
f 2111/132/5 2151/337/5 2150/337/5 2110/132/5
f 2113/74/5 2153/217/5 2152/217/5 2112/74/5
f 2107/230/5 2147/339/5 2146/339/5 2106/230/5
f 2109/139/5 2149/108/5 2148/108/5 2108/139/5
f 2103/222/6 2143/266/6 2142/266/6 2102/222/6
f 2105/11/6 2145/265/6 2144/265/6 2104/101/6
f 2099/62/8 2138/116/8 2139/116/8 2098/62/8
f 2101/167/8 2140/110/8 2141/110/8 2100/167/8
f 2095/234/4 2135/289/4 2134/261/4 2094/234/4
f 2097/126/4 2137/260/4 2136/260/4 2096/127/4
f 2091/238/6 2131/341/6 2130/341/6 2090/238/6
f 2093/61/6 2133/259/6 2132/259/6 2092/61/6
f 2087/129/5 2127/250/5 2126/250/5 2086/227/5
f 2089/104/5 2129/255/5 2128/255/5 2088/104/5
f 2083/145/4 2123/114/4 2122/114/4 2082/145/4
f 2085/27/4 2125/248/4 2124/248/4 2084/27/4
f 2074/20/4 2119/32/4 2118/32/4 2073/20/4
f 2068/236/4 2121/103/4 2120/103/4 2067/236/4
f 2072/19/8 2117/46/8 2116/46/8 2071/19/8
f 2080/111/5 2111/132/5 2110/132/5 2079/111/5
f 2078/228/5 2107/230/5 2106/135/5 2077/228/5
f 2079/111/5 2109/139/5 2108/139/5 2080/111/5
f 2329/88/7 2398/223/7 2400/344/7 2335/345/7
f 2076/4/6 2105/11/6 2104/101/6 2075/4/6
f 2071/19/8 2099/62/8 2098/49/8 2072/19/8
f 2073/20/8 2101/167/8 2100/167/8 2074/20/8
f 2067/236/4 2095/234/4 2094/234/4 2068/236/4
f 2070/88/4 2097/127/4 2096/127/4 2069/88/4
f 2075/4/6 2091/238/6 2090/238/6 2076/4/6
f 2066/3/6 2093/61/6 2092/43/6 2065/3/6
f 2065/3/5 2087/129/5 2086/227/5 2066/3/5
f 2077/228/5 2089/104/5 2088/104/5 2078/228/5
f 2069/88/4 2083/145/4 2082/145/4 2070/88/4
f 2396/346/6 2103/222/6 2102/222/6 2393/347/6
f 2158/99/6 2199/99/6 2198/99/6 2159/99/6
f 2138/116/4 2179/116/4 2178/116/4 2139/116/4
f 2160/119/8 2201/119/8 2200/119/8 2161/119/8
f 2140/110/5 2181/110/5 2180/110/5 2141/110/5
f 2390/348/4 1864/88/4 1872/90/4 1871/27/4
f 1865/20/3 1867/113/3 2325/113/3 2323/20/3
f 2394/349/4 2390/350/4 1871/27/4 2085/27/4
f 2391/353/6 2324/4/6 2330/4/6 2397/354/6
f 2394/349/4 2085/27/4 2084/27/4 2395/343/4
f 2325/113/4 1868/88/4 2329/88/4 2328/113/4
f 2323/20/4 2325/113/4 2328/113/4 2327/20/4
f 2326/19/7 2327/20/7 2333/359/7 2332/358/7
f 2327/20/7 2328/113/7 2334/360/7 2333/359/7
f 2328/113/7 2329/88/7 2335/345/7 2334/360/7
f 2397/361/7 2330/4/7 2331/356/7 2399/362/7
f 2399/363/8 2331/356/8 2336/356/8 2402/364/8
f 2333/359/5 2334/360/5 2339/360/5 2338/359/5
f 2335/345/5 2400/365/5 2401/366/5 2340/345/5
f 2334/360/5 2335/345/5 2340/345/5 2339/360/5
f 2332/358/6 2333/359/6 2338/359/6 2337/358/6
f 2361/20/3 2363/23/3 2364/3/3 2362/373/3
f 2365/20/3 2367/23/3 2368/3/3 2366/373/3
f 2369/42/29 2370/373/29 2371/22/29 2372/15/29
f 2373/40/29 2374/373/29 2375/15/29 2376/22/29
f 2379/124/29 2380/374/29 2381/22/29 2382/15/29
f 2378/18/29 2374/17/29 2373/40/29 2377/39/29
f 2369/42/29 2378/41/29 2377/40/29 2370/39/29
f 2386/89/30 2387/89/29 2388/149/29 2385/123/30
f 2384/237/31 2386/89/30 2385/149/30 2383/148/31
f 2379/124/29 2388/123/29 2387/89/29 2380/89/29
f 2394/349/32 2395/343/32 2396/346/32 2393/347/32
f 2383/221/33 2396/220/33 2395/343/33 2384/342/33
f 2393/240/34 2389/239/34 2390/350/34 2394/349/34
f 2389/224/3 2391/225/3 2392/214/3 2390/213/3
f 2391/353/35 2397/354/35 2398/223/35 2392/214/35
f 2397/361/7 2399/362/7 2400/344/7 2398/223/7
f 2401/366/36 2400/365/36 2399/363/36 2402/364/36
f 1273/21/3 1291/1/22 1294/4/3 2372/15/3 2371/22/3
f 1300/19/23 1352/23/37 1359/76/37 1296/80/37 1363/80/37 1362/84/37 1256/84/37 1358/73/37 2405/2/23 1291/1/22
f 1354/375/8 1367/376/8 2415/376/8 2418/375/8
f 1355/377/5 1367/376/5 2403/3/5 2404/3/5
f 1356/378/5 1355/377/5 2404/3/5 2405/2/5
f 1354/375/5 1357/379/5 2407/2/5 2406/3/5
f 1357/379/5 1370/380/5 2408/78/5 2407/2/5
f 1367/376/5 1354/375/5 2406/3/5 2403/3/5
f 1370/380/5 1356/378/5 2405/2/5 2408/78/5
f 1357/379/3 1354/375/3 2418/375/3 2419/379/3
f 1367/376/8 1355/377/8 2416/377/8 2415/376/8
f 1356/378/6 1370/380/6 2420/380/6 2417/378/6
f 1370/380/6 1357/379/6 2419/379/6 2420/380/6
f 1355/377/7 1356/378/7 2417/378/7 2416/377/7
f 2383/20/3 2384/20/3 1477/20/3 1476/20/3 1482/20/3 1470/20/3 1479/20/3 1478/20/3 1471/20/3 1483/20/3
f 1866/4/5 2336/356/5 2331/356/5 2330/4/5 2324/4/5
f 1876/231/38 1875/232/38 2089/104/38 2077/228/38 2106/230/38 1896/243/38 1895/242/38 2109/139/38 2079/111/38 2110/132/38 1975/20/38 1866/4/38 1880/128/38 1879/233/38 2093/61/38 2066/3/38 2086/227/38
f 2401/366/39 2402/364/39 1866/4/39 2336/356/39 1975/218/39 1976/217/39 2059/282/39 2060/281/39 2337/358/39 2332/358/39 2326/19/39 2368/3/39 2367/23/39 1944/20/39 2325/20/39 2340/345/39
f 2402/364/40 2336/356/40 1975/20/40 1866/4/40
f 2081/45/41 2059/282/41 1976/217/41 2112/74/41
f 2326/20/5 2332/20/5 2337/20/5 2322/20/5
f 2332/358/42 1904/20/42 1923/20/42 2179/20/42 2099/20/42 2117/20/42 1980/20/42 2322/20/42 2337/20/42 2326/19/42
f 1980/20/43 2060/20/43 2337/20/43 2322/20/43
usemtl Mirror
f 133/12/6 134/13/6 15/13/6 5/12/6
f 172/57/5 174/52/5 93/56/5 91/57/5
f 184/55/4 186/54/4 101/54/4 99/55/4
f 98/58/4 100/59/4 187/54/4 183/55/4
f 90/57/5 92/52/5 175/52/5 171/57/5
f 193/70/4 189/69/4 105/69/4 104/70/4
f 181/65/5 177/67/5 97/66/5 96/65/5
f 102/70/4 103/69/4 190/69/4 192/70/4
f 94/64/5 95/63/5 178/67/5 180/65/5
f 1/12/6 13/36/6 134/13/6 133/12/6
f 116/84/8 117/80/8 213/83/8 215/6/8
f 216/5/8 212/79/8 119/79/8 118/5/8
f 360/170/4 361/169/4 541/171/4 538/198/4
f 364/161/6 365/158/6 544/158/6 543/161/6
f 368/174/5 369/173/5 549/173/5 546/199/5
f 372/154/8 373/155/8 553/155/8 550/154/8
f 376/181/8 377/180/8 557/182/8 554/178/8
f 380/184/8 381/183/8 561/183/8 558/184/8
f 384/187/6 385/152/6 564/152/6 563/200/6
f 388/189/6 389/188/6 569/190/6 566/189/6
f 392/156/5 393/157/5 573/157/5 570/201/5
f 539/204/4 540/171/4 363/171/4 362/172/4
f 575/202/4 576/162/4 399/162/4 398/163/4
f 396/196/4 397/195/4 577/162/4 574/202/4
f 571/205/5 572/207/5 395/194/5 394/193/5
f 567/189/6 568/188/6 391/190/6 390/191/6
f 562/200/6 565/152/6 387/152/6 386/153/6
f 559/184/8 560/186/8 383/186/8 382/184/8
f 555/178/8 556/182/8 379/159/8 378/160/8
f 551/154/8 552/208/8 375/179/8 374/154/8
f 547/199/5 548/209/5 371/173/5 370/176/5
f 542/161/6 545/158/6 367/158/6 366/161/6
f 788/115/6 789/280/6 1009/324/6 1006/115/6
f 792/292/8 793/291/8 1013/294/8 1010/287/8
f 796/296/5 797/295/5 1017/297/5 1014/325/5
f 804/302/4 805/301/4 1025/301/4 1022/302/4
f 808/277/5 809/283/5 1029/283/5 1027/326/5
f 1031/327/8 1032/328/8 815/312/8 814/311/8
f 812/310/8 813/309/8 1033/328/8 1030/327/8
f 816/314/8 817/313/8 1037/317/8 1034/316/8
f 820/318/4 821/281/4 1040/281/4 1039/329/4
f 824/320/6 825/319/6 1045/319/6 1042/330/6
f 1007/321/6 1008/324/6 791/290/6 790/115/6
f 1043/284/6 1044/319/6 827/322/6 826/284/6
f 1038/329/4 1041/281/4 823/281/4 822/282/4
f 1035/316/8 1036/334/8 819/317/8 818/316/8
f 1026/326/5 1028/306/5 811/307/5 810/275/5
f 1023/302/4 1024/303/4 807/305/4 806/304/4
f 1018/285/6 1021/335/6 803/278/6 802/279/6
f 800/300/6 801/278/6 1020/278/6 1019/285/6
f 1015/325/5 1016/297/5 799/299/5 798/298/5
f 1011/287/8 1012/294/8 795/286/8 794/287/8
f 1135/86/6 1131/87/6 1130/369/6 1129/86/6
f 1131/87/4 1132/371/4 1133/87/4
f 1134/86/5 1135/372/5 1136/86/5
f 1127/86/6 1128/87/6 1132/87/6 1134/86/6
f 1244/381/8 1241/382/8 1242/383/8 1243/384/8 1246/386/8 1245/385/8
f 1379/12/4 1380/13/4 1261/13/4 1251/12/4
f 1418/57/6 1420/52/6 1339/56/6 1337/57/6
f 1430/55/8 1432/54/8 1347/54/8 1345/55/8
f 1344/58/8 1346/59/8 1433/54/8 1429/55/8
f 1336/57/6 1338/52/6 1421/52/6 1417/57/6
f 1439/70/8 1435/69/8 1351/69/8 1350/70/8
f 1427/65/6 1423/67/6 1343/66/6 1342/65/6
f 1348/70/8 1349/69/8 1436/69/8 1438/70/8
f 1340/64/6 1341/63/6 1424/67/6 1426/65/6
f 1247/12/4 1259/36/4 1380/13/4 1379/12/4
f 1362/84/5 1363/80/5 1459/83/5 1461/6/5
f 1462/5/5 1458/79/5 1365/79/5 1364/5/5
f 1606/170/8 1607/169/8 1787/171/8 1784/198/8
f 1610/161/4 1611/158/4 1790/158/4 1789/161/4
f 1614/174/6 1615/173/6 1795/173/6 1792/199/6
f 1618/154/5 1619/155/5 1799/155/5 1796/154/5
f 1622/181/5 1623/180/5 1803/182/5 1800/178/5
f 1626/184/5 1627/183/5 1807/183/5 1804/184/5
f 1630/187/4 1631/152/4 1810/152/4 1809/200/4
f 1634/189/4 1635/188/4 1815/190/4 1812/189/4
f 1638/156/6 1639/157/6 1819/157/6 1816/201/6
f 1785/204/8 1786/171/8 1609/171/8 1608/172/8
f 1821/202/8 1822/162/8 1645/162/8 1644/163/8
f 1642/196/8 1643/195/8 1823/162/8 1820/202/8
f 1817/205/6 1818/207/6 1641/194/6 1640/193/6
f 1813/189/4 1814/188/4 1637/190/4 1636/191/4
f 1808/200/4 1811/152/4 1633/152/4 1632/153/4
f 1805/184/5 1806/186/5 1629/186/5 1628/184/5
f 1801/178/5 1802/182/5 1625/159/5 1624/160/5
f 1797/154/5 1798/208/5 1621/179/5 1620/154/5
f 1793/199/6 1794/209/6 1617/173/6 1616/176/6
f 1788/161/4 1791/158/4 1613/158/4 1612/161/4
f 2025/115/4 2026/280/4 2245/324/4 2242/115/4
f 2029/292/5 2030/291/5 2249/294/5 2246/287/5
f 2033/296/6 2034/295/6 2253/297/6 2250/325/6
f 2041/302/8 2042/301/8 2261/301/8 2258/302/8
f 2045/277/6 2046/283/6 2265/283/6 2263/326/6
f 2267/327/5 2268/328/5 2052/312/5 2051/311/5
f 2049/310/5 2050/309/5 2269/328/5 2266/327/5
f 2053/314/5 2054/313/5 2273/317/5 2270/316/5
f 2057/318/8 2058/281/8 2276/281/8 2275/329/8
f 2061/320/4 2062/319/4 2281/319/4 2278/330/4
f 2243/321/4 2244/324/4 2028/290/4 2027/115/4
f 2279/284/4 2280/319/4 2064/322/4 2063/284/4
f 2274/329/8 2277/281/8 2060/281/8 2059/282/8
f 2271/316/5 2434/389/5 2272/334/5 2056/317/5 2055/316/5
f 2262/326/6 2264/306/6 2048/307/6 2047/275/6
f 2259/302/8 2260/303/8 2044/305/8 2043/304/8
f 2254/285/4 2257/335/4 2040/278/4 2039/279/4
f 2037/300/4 2038/278/4 2256/278/4 2255/285/4
f 2251/325/6 2252/297/6 2036/299/6 2035/298/6
f 2247/287/5 2248/294/5 2032/286/5 2031/287/5
f 2355/86/4 2351/87/4 2350/369/4 2349/86/4
f 2351/87/8 2352/371/8 2353/87/8
f 2354/86/6 2355/372/6 2356/86/6
f 2347/86/4 2348/87/4 2352/87/4 2354/86/4
f 2424/381/5 2421/382/5 2422/383/5 2423/384/5 2426/386/5 2425/385/5
usemtl White.001
f 12/5/4 168/6/4 217/6/4 216/6/4 118/5/4
f 13/36/7 1/12/7 38/12/7 39/36/7
f 131/31/4 30/34/4 34/34/4 135/34/4
f 134/13/4 13/36/4 39/36/4 138/13/4
f 32/35/7 29/32/7 33/32/7 36/35/7
f 137/12/6 37/12/6 33/32/6 135/34/6
f 39/36/6 38/12/6 34/34/6 35/33/6
f 37/12/6 40/13/6 36/35/6 33/32/6
f 138/13/6 39/36/6 35/33/6 136/33/6
f 132/33/5 32/35/5 36/35/5 136/33/5
f 30/34/3 31/33/3 35/33/3 34/34/3
f 5/12/3 15/13/3 40/13/3 37/12/3
f 133/12/5 5/12/5 37/12/5 137/12/5
f 60/52/6 158/53/6 176/53/6 175/52/6 92/52/6
f 69/54/3 67/55/3 99/55/3 101/54/3
f 61/56/3 59/57/3 91/57/3 93/56/3
f 66/58/7 68/59/7 100/59/7 98/58/7
f 157/57/5 59/57/5 75/16/5 149/10/5
f 60/52/5 58/57/5 74/10/5 76/11/5
f 59/57/5 61/56/5 77/60/5 75/16/5
f 158/53/5 60/52/5 76/11/5 150/11/5
f 63/63/5 62/64/5 78/37/5 79/38/5
f 64/65/5 65/66/5 81/43/5 80/37/5
f 159/67/5 63/63/5 79/38/5 151/61/5
f 160/68/5 64/65/5 80/37/5 152/37/5
f 161/55/4 67/55/4 83/44/4 153/9/4
f 68/59/4 66/58/4 82/9/4 84/46/4
f 67/55/4 69/54/4 85/47/4 83/44/4
f 162/54/4 68/59/4 84/46/4 154/47/4
f 71/69/4 70/70/4 86/49/4 87/48/4
f 72/70/4 73/69/4 89/50/4 88/49/4
f 163/69/4 71/69/4 87/48/4 155/48/4
f 164/71/4 72/70/4 88/49/4 156/62/4
f 159/67/6 65/66/6 97/66/6 177/67/6 179/67/6
f 163/69/8 73/69/8 105/69/8 189/69/8 191/69/8
f 162/54/8 69/54/8 101/54/8 186/54/8 188/54/8
f 158/53/6 61/56/6 93/56/6 174/52/6 176/53/6
f 68/59/8 162/54/8 188/72/8 187/54/8 100/59/8
f 62/64/7 63/63/7 95/63/7 94/64/7
f 70/70/7 71/69/7 103/69/7 102/70/7
f 65/66/3 64/65/3 96/65/3 97/66/3
f 73/69/3 72/70/3 104/70/3 105/69/3
f 64/65/8 160/68/8 182/68/8 181/65/8 96/65/8
f 72/70/6 164/71/6 194/71/6 193/70/6 104/70/6
f 67/55/6 161/55/6 185/55/6 184/55/6 99/55/6
f 58/57/7 60/52/7 92/52/7 90/57/7
f 12/5/8 51/79/8 115/74/8 114/73/8
f 167/79/8 50/80/8 113/76/8 165/75/8
f 168/6/8 12/5/8 114/73/8 166/77/8
f 50/80/5 167/79/5 214/81/5 213/82/5 117/80/5
f 170/79/8 219/5/8 218/6/8 169/83/8
f 51/79/3 12/5/3 118/5/3 119/79/3
f 168/6/4 10/84/4 116/84/4 215/6/4 217/6/4
f 167/79/5 51/79/5 119/79/5 212/83/5 214/79/5
f 10/84/8 168/6/8 166/77/8 112/73/8
f 51/79/8 167/79/8 165/75/8 115/74/8
f 164/71/6 70/70/6 102/70/6 192/70/6 194/71/6
f 160/68/8 62/64/8 94/64/8 180/65/8 182/68/8
f 157/57/8 58/57/8 90/57/8 171/57/8 173/57/8
f 161/55/6 66/58/6 98/58/6 183/55/6 185/55/6
f 71/69/8 163/69/8 191/69/8 190/69/8 103/69/8
f 63/63/6 159/67/6 179/85/6 178/67/6 95/63/6
f 70/70/4 164/71/4 156/62/4 86/49/4
f 73/69/4 163/69/4 155/48/4 89/50/4
f 69/54/4 162/54/4 154/47/4 85/47/4
f 66/58/4 161/55/4 153/9/4 82/9/4
f 62/64/5 160/68/5 152/37/5 78/37/5
f 65/66/5 159/67/5 151/61/5 81/43/5
f 61/56/5 158/53/5 150/11/5 77/60/5
f 58/57/5 157/57/5 149/10/5 74/10/5
f 1/12/5 133/12/5 137/12/5 38/12/5
f 31/33/5 132/33/5 136/33/5 35/33/5
f 40/13/6 138/13/6 136/33/6 36/35/6
f 38/12/6 137/12/6 135/34/6 34/34/6
f 15/13/4 134/13/4 138/13/4 40/13/4
f 29/32/4 131/31/4 135/34/4 33/32/4
f 21/86/7 22/87/7 1128/87/7 1127/86/7
f 171/57/8 172/57/8 173/91/8
f 174/52/6 175/56/6 176/53/6
f 177/67/6 178/85/6 179/85/6
f 172/57/6 171/57/6 195/57/6 196/57/6
f 183/55/6 184/55/6 185/55/6
f 186/54/8 187/54/8 188/72/8
f 189/69/8 190/92/8 191/69/8
f 192/70/6 193/70/6 194/71/6
f 177/67/7 181/65/7 203/65/7 199/67/7
f 193/70/8 192/70/8 210/70/8 211/70/8
f 178/85/8 177/67/8 199/67/8 200/85/8
f 192/70/3 190/69/3 209/69/3 210/70/3
f 59/57/8 157/57/8 173/91/8 172/57/8 91/57/8
f 202/65/9 203/65/9 201/68/9
f 197/52/5 196/57/5 195/57/5 198/52/5
f 206/54/4 205/55/4 204/55/4 207/54/4
f 208/69/4 211/70/4 210/70/4 209/69/4
f 199/67/10 203/65/10 202/65/10 200/67/10
f 187/54/6 186/54/6 206/54/6 207/54/6
f 180/65/3 178/67/3 200/67/3 202/65/3
f 182/68/11 180/65/11 202/65/11 201/68/11
f 174/52/7 172/57/7 196/57/7 197/52/7
f 171/57/3 175/52/3 198/52/3 195/57/3
f 181/65/12 182/68/12 201/68/12 203/65/12
f 186/54/7 184/55/7 205/55/7 206/54/7
f 175/56/8 174/52/8 197/52/8 198/56/8
f 190/92/6 189/69/6 208/69/6 209/92/6
f 183/55/3 187/54/3 207/54/3 204/55/3
f 184/55/8 183/55/8 204/55/8 205/55/8
f 189/69/7 193/70/7 211/70/7 208/69/7
f 212/79/5 213/93/5 214/81/5
f 215/6/4 216/94/4 217/6/4
f 215/6/3 213/83/3 169/83/3 218/6/3
f 213/93/4 212/79/4 170/79/4 169/93/4
f 212/79/7 216/5/7 219/5/7 170/79/7
f 216/94/5 215/6/5 218/6/5 219/94/5
f 710/114/6 926/114/6 966/115/6 751/115/6
f 346/152/3 347/153/3 386/153/3 387/152/3
f 332/154/7 333/155/7 373/155/7 372/154/7
f 352/156/7 353/157/7 393/157/7 392/156/7
f 325/158/4 505/158/4 544/158/4 365/158/4
f 345/152/4 525/152/4 564/152/4 385/152/4
f 504/158/4 326/158/4 367/158/4 545/158/4
f 524/152/4 346/152/4 387/152/4 565/152/4
f 338/159/3 339/160/3 378/160/3 379/159/3
f 324/161/7 325/158/7 365/158/7 364/161/7
f 358/162/3 359/163/3 398/163/3 399/162/3
f 280/49/4 281/51/4 321/169/4 320/170/4
f 281/51/4 460/51/4 500/171/4 321/169/4
f 283/51/4 282/121/4 323/172/4 322/171/4
f 461/51/4 283/51/4 322/171/4 501/171/4
f 284/90/6 285/30/6 325/158/6 324/161/6
f 285/30/6 464/30/6 505/158/6 325/158/6
f 287/30/6 286/145/6 327/161/6 326/158/6
f 465/30/6 287/30/6 326/158/6 504/158/6
f 288/128/5 289/43/5 329/173/5 328/174/5
f 289/43/5 468/168/5 508/175/5 329/173/5
f 291/43/5 290/130/5 331/176/5 330/173/5
f 469/168/5 291/43/5 330/173/5 509/177/5
f 292/132/8 293/131/8 333/155/8 332/154/8
f 298/105/8 474/129/8 514/178/8 339/160/8
f 295/131/8 294/132/8 335/154/8 334/179/8
f 293/131/8 472/165/8 512/155/8 333/155/8
f 296/129/8 297/118/8 337/180/8 336/181/8
f 297/118/8 476/104/8 516/182/8 337/180/8
f 299/104/8 298/105/8 339/160/8 338/159/8
f 477/104/8 299/104/8 338/159/8 517/182/8
f 300/135/8 301/133/8 341/183/8 340/184/8
f 301/133/8 480/166/8 520/185/8 341/183/8
f 303/139/8 302/135/8 343/184/8 342/186/8
f 481/166/8 303/139/8 342/186/8 521/183/8
f 304/117/6 305/102/6 345/152/6 344/187/6
f 305/102/6 484/102/6 525/152/6 345/152/6
f 307/102/6 306/34/6 347/153/6 346/152/6
f 485/102/6 307/102/6 346/152/6 524/152/6
f 308/141/6 309/127/6 349/188/6 348/189/6
f 309/127/6 488/127/6 528/190/6 349/188/6
f 311/144/6 310/141/6 351/191/6 350/190/6
f 489/127/6 311/144/6 350/190/6 529/190/6
f 312/100/5 313/101/5 353/157/5 352/156/5
f 313/101/5 492/11/5 532/192/5 353/157/5
f 315/164/5 314/150/5 355/193/5 354/194/5
f 493/11/5 315/164/5 354/194/5 533/157/5
f 316/8/4 317/122/4 357/195/4 356/196/4
f 317/122/4 496/46/4 536/162/4 357/195/4
f 319/47/4 318/106/4 359/163/4 358/162/4
f 318/106/4 494/9/4 534/197/4 359/163/4
f 326/158/3 327/161/3 366/161/3 367/158/3
f 533/192/6 354/194/6 395/194/6 572/157/6
f 333/155/5 512/155/5 553/155/5 373/155/5
f 353/157/6 532/157/6 573/192/6 393/157/6
f 339/160/4 514/178/4 555/178/4 378/160/4
f 340/184/7 341/183/7 381/183/7 380/184/7
f 354/194/3 355/193/3 394/193/3 395/194/3
f 320/170/7 321/169/7 361/169/7 360/170/7
f 334/179/3 335/154/3 374/154/3 375/179/3
f 521/185/5 342/186/5 383/186/5 560/183/5
f 501/171/8 322/171/8 363/171/8 540/171/8
f 341/183/5 520/183/5 561/185/5 381/183/5
f 321/169/8 500/171/8 541/171/8 361/169/8
f 348/189/7 349/188/7 389/188/7 388/189/7
f 328/174/7 329/173/7 369/173/7 368/174/7
f 342/186/3 343/184/3 382/184/3 383/186/3
f 322/171/3 323/172/3 362/172/3 363/171/3
f 529/190/4 350/190/4 391/190/4 568/190/4
f 509/175/6 330/173/6 371/173/6 548/173/6
f 349/188/4 528/190/4 569/190/4 389/188/4
f 329/173/6 508/177/6 549/177/6 369/173/6
f 356/196/7 357/195/7 397/195/7 396/196/7
f 336/181/7 337/180/7 377/180/7 376/181/7
f 350/190/3 351/191/3 390/191/3 391/190/3
f 330/173/3 331/176/3 370/176/3 371/173/3
f 359/163/6 534/202/6 575/202/6 398/163/6
f 517/203/5 338/159/5 379/159/5 556/182/5
f 357/195/8 536/162/8 577/162/8 397/195/8
f 337/180/5 516/182/5 557/182/5 377/180/5
f 344/187/7 345/152/7 385/152/7 384/187/7
f 343/184/4 518/184/4 559/184/4 382/184/4
f 515/178/4 336/181/4 376/181/4 554/178/4
f 537/162/8 358/162/8 399/162/8 576/162/8
f 335/154/4 510/154/4 551/154/4 374/154/4
f 355/193/8 530/205/8 571/201/8 394/193/8
f 507/199/8 328/174/8 368/174/8 546/199/8
f 527/189/5 348/189/5 388/189/5 566/189/5
f 327/161/5 503/206/5 542/161/5 366/161/5
f 347/153/5 523/200/5 562/200/5 386/153/5
f 499/198/6 320/170/6 360/170/6 538/198/6
f 519/184/4 340/184/4 380/184/4 558/184/4
f 513/155/5 334/179/5 375/179/5 552/155/5
f 535/202/6 356/196/6 396/196/6 574/202/6
f 511/154/4 332/154/4 372/154/4 550/154/4
f 531/201/8 352/156/8 392/156/8 570/205/8
f 497/46/4 319/47/4 358/162/4 537/162/4
f 323/172/6 498/198/6 539/204/6 362/172/6
f 491/10/5 312/100/5 352/156/5 531/205/5
f 495/9/4 316/8/4 356/196/4 535/202/4
f 487/141/6 308/141/6 348/189/6 527/189/6
f 314/150/5 490/10/5 530/201/5 355/193/5
f 483/117/6 304/117/6 344/187/6 522/200/6
f 310/141/6 486/141/6 526/189/6 351/191/6
f 479/136/8 300/135/8 340/184/8 519/184/8
f 306/34/6 482/117/6 523/200/6 347/153/6
f 475/129/8 296/129/8 336/181/8 515/178/8
f 302/135/8 478/135/8 518/210/8 343/184/8
f 471/132/8 292/132/8 332/154/8 511/154/8
f 473/165/8 295/131/8 334/179/8 513/155/8
f 467/37/5 288/128/5 328/174/5 507/199/5
f 294/132/8 470/132/8 510/154/8 335/154/8
f 463/145/6 284/90/6 324/161/6 502/206/6
f 290/130/5 466/37/5 506/199/5 331/176/5
f 459/151/4 280/49/4 320/170/4 499/198/4
f 286/145/6 462/145/6 503/206/6 327/161/6
f 282/121/4 458/151/4 498/204/4 323/172/4
f 522/200/5 344/187/5 384/187/5 563/200/5
f 502/206/5 324/161/5 364/161/5 543/161/5
f 351/191/5 526/189/5 567/189/5 390/191/5
f 331/176/8 506/199/8 547/199/8 370/176/8
f 517/203/5 556/182/5 557/182/5 516/182/5
f 537/162/8 576/162/8 577/162/8 536/162/8
f 515/178/4 554/178/4 555/178/4 514/178/4
f 535/202/6 574/202/6 575/202/6 534/202/6
f 509/175/6 548/173/6 549/177/6 508/177/6
f 529/190/4 568/190/4 569/190/4 528/190/4
f 507/199/8 546/199/8 547/199/8 506/199/8
f 527/189/5 566/189/5 567/189/5 526/189/5
f 501/171/8 540/171/8 541/171/8 500/171/8
f 521/185/5 560/183/5 561/185/5 520/183/5
f 499/198/6 538/198/6 539/204/6 498/198/6
f 519/184/4 558/184/4 559/184/4 518/184/4
f 513/155/5 552/155/5 553/155/5 512/155/5
f 533/192/6 572/157/6 573/192/6 532/157/6
f 511/154/4 550/154/4 551/154/4 510/154/4
f 531/201/8 570/205/8 571/201/8 530/205/8
f 546/199/3 549/173/3 587/173/3 590/199/3
f 573/192/8 572/157/8 604/157/8 605/192/8
f 570/201/3 573/157/3 605/157/3 608/201/3
f 548/209/7 547/199/7 591/199/7 586/209/7
f 547/199/6 546/199/6 590/199/6 591/199/6
f 572/207/7 571/205/7 609/205/7 604/207/7
f 550/154/3 553/155/3 603/155/3 606/154/3
f 574/202/3 577/162/3 581/162/3 584/202/3
f 561/185/4 560/183/4 596/183/4 597/185/4
f 552/208/7 551/154/7 607/154/7 602/208/7
f 495/9/4 535/202/4 534/197/4 494/9/4
f 497/46/4 537/162/4 536/162/4 496/46/4
f 491/10/5 531/205/5 530/201/5 490/10/5
f 493/11/5 533/157/5 532/192/5 492/11/5
f 487/141/6 527/189/6 526/189/6 486/141/6
f 489/127/6 529/190/6 528/190/6 488/127/6
f 483/117/6 522/200/6 523/200/6 482/117/6
f 485/102/6 524/152/6 525/152/6 484/102/6
f 479/136/8 519/184/8 518/210/8 478/135/8
f 481/166/8 521/183/8 520/185/8 480/166/8
f 475/129/8 515/178/8 514/178/8 474/129/8
f 477/104/8 517/182/8 516/182/8 476/104/8
f 471/132/8 511/154/8 510/154/8 470/132/8
f 473/165/8 513/155/8 512/155/8 472/165/8
f 467/37/5 507/199/5 506/199/5 466/37/5
f 469/168/5 509/177/5 508/175/5 468/168/5
f 463/145/6 502/206/6 503/206/6 462/145/6
f 465/30/6 504/158/6 505/158/6 464/30/6
f 459/151/4 499/198/4 498/204/4 458/151/4
f 461/51/4 501/171/4 500/171/4 460/51/4
f 522/200/5 563/200/5 562/200/5 523/200/5
f 502/206/5 543/161/5 542/161/5 503/206/5
f 524/152/4 565/152/4 564/152/4 525/152/4
f 504/158/4 545/158/4 544/158/4 505/158/4
f 580/162/4 585/202/4 584/202/4 581/162/4
f 604/207/5 609/205/5 608/201/5 605/157/5
f 588/188/6 593/189/6 592/189/6 589/190/6
f 611/152/6 612/200/6 613/200/6 610/152/6
f 596/186/8 601/184/8 600/184/8 597/183/8
f 578/182/8 583/178/8 582/178/8 579/182/8
f 602/208/8 607/154/8 606/154/8 603/155/8
f 586/209/5 591/199/5 590/199/5 587/173/5
f 615/158/6 616/161/6 617/161/6 614/158/6
f 594/171/4 599/204/4 598/198/4 595/171/4
f 575/202/8 574/202/8 584/202/8 585/202/8
f 568/188/7 567/189/7 593/189/7 588/188/7
f 544/158/5 545/158/5 615/158/5 614/158/5
f 539/204/8 538/198/8 598/198/8 599/204/8
f 566/189/3 569/190/3 589/190/3 592/189/3
f 557/182/4 556/182/4 578/182/4 579/182/4
f 545/158/7 542/161/7 616/161/7 615/158/7
f 564/152/5 565/152/5 611/152/5 610/152/5
f 567/189/4 566/189/4 592/189/4 593/189/4
f 542/161/4 543/161/4 617/161/4 616/161/4
f 565/152/7 562/200/7 612/200/7 611/152/7
f 551/154/5 550/154/5 606/154/5 607/154/5
f 543/161/3 544/158/3 614/158/3 617/161/3
f 549/177/8 548/173/8 586/173/8 587/177/8
f 562/200/4 563/200/4 613/200/4 612/200/4
f 540/171/7 539/204/7 599/204/7 594/171/7
f 559/184/5 558/184/5 600/184/5 601/184/5
f 563/200/3 564/152/3 610/152/3 613/200/3
f 577/162/6 576/162/6 580/162/6 581/162/6
f 538/198/3 541/171/3 595/171/3 598/198/3
f 560/186/7 559/184/7 601/184/7 596/186/7
f 541/171/6 540/171/6 594/171/6 595/171/6
f 558/184/3 561/183/3 597/183/3 600/184/3
f 571/201/6 570/205/6 608/205/6 609/201/6
f 569/190/5 568/190/5 588/190/5 589/190/5
f 556/182/7 555/178/7 583/178/7 578/182/7
f 553/155/4 552/155/4 602/155/4 603/155/4
f 554/178/3 557/182/3 579/182/3 582/178/3
f 555/178/5 554/178/5 582/178/5 583/178/5
f 576/162/7 575/202/7 585/202/7 580/162/7
f 771/275/8 987/276/8 1026/277/8 810/275/8
f 762/278/3 763/279/3 802/279/3 803/278/3
f 748/115/7 749/280/7 789/280/7 788/115/7
f 782/281/3 783/282/3 822/282/3 823/281/3
f 768/277/7 769/283/7 809/283/7 808/277/7
f 761/278/4 981/278/4 1020/278/4 801/278/4
f 787/284/5 1002/284/5 1043/284/5 826/284/5
f 763/279/5 979/279/5 1018/285/5 802/279/5
f 781/281/8 1001/281/8 1040/281/8 821/281/8
f 754/286/3 755/287/3 794/287/3 795/286/3
f 708/249/6 709/248/6 749/280/6 748/115/6
f 714/251/8 930/250/8 970/287/8 755/287/8
f 711/252/6 710/114/6 751/115/6 750/290/6
f 709/248/6 928/248/6 968/280/6 749/280/6
f 712/254/8 713/253/8 753/291/8 752/292/8
f 713/253/8 932/288/8 972/293/8 753/291/8
f 715/256/8 714/251/8 755/287/8 754/286/8
f 933/255/8 715/256/8 754/286/8 973/294/8
f 716/258/5 717/257/5 757/295/5 756/296/5
f 717/257/5 936/259/5 976/297/5 757/295/5
f 719/215/5 718/216/5 759/298/5 758/299/5
f 937/215/5 719/215/5 758/299/5 977/297/5
f 720/261/6 721/260/6 761/278/6 760/300/6
f 721/260/6 940/260/6 981/278/6 761/278/6
f 723/260/6 722/262/6 763/279/6 762/278/6
f 722/262/6 938/289/6 979/279/6 763/279/6
f 724/219/4 725/109/4 765/301/4 764/302/4
f 725/109/4 944/110/4 984/303/4 765/301/4
f 727/110/4 726/116/4 767/304/4 766/305/4
f 726/116/4 942/116/4 982/302/4 767/304/4
f 728/264/5 729/263/5 769/283/5 768/277/5
f 729/263/5 948/265/5 988/306/5 769/283/5
f 731/267/5 730/266/5 771/275/5 770/307/5
f 730/266/5 946/266/5 987/308/5 771/275/5
f 732/107/8 733/108/8 773/309/8 772/310/8
f 733/108/8 952/108/8 992/309/8 773/309/8
f 735/108/8 734/268/8 775/311/8 774/312/8
f 953/108/8 735/108/8 774/312/8 993/309/8
f 736/270/8 737/269/8 777/313/8 776/314/8
f 737/269/8 956/217/8 996/315/8 777/313/8
f 739/217/8 738/218/8 779/316/8 778/317/8
f 957/217/8 739/217/8 778/317/8 997/315/8
f 740/272/4 741/271/4 781/281/4 780/318/4
f 746/99/6 962/99/6 1002/284/6 787/284/6
f 743/274/4 742/273/4 783/282/4 782/281/4
f 741/271/4 960/274/4 1001/281/4 781/281/4
f 744/99/6 745/119/6 785/319/6 784/320/6
f 751/115/5 966/115/5 1007/321/5 790/115/5
f 747/98/6 746/99/6 787/284/6 786/322/6
f 745/119/6 964/119/6 1004/323/6 785/319/6
f 749/280/4 968/280/4 1009/324/4 789/280/4
f 769/283/6 988/306/6 1029/283/6 809/283/6
f 755/287/4 970/287/4 1011/287/4 794/287/4
f 776/314/7 777/313/7 817/313/7 816/314/7
f 756/296/7 757/295/7 797/295/7 796/296/7
f 770/307/3 771/275/3 810/275/3 811/307/3
f 750/290/3 751/115/3 790/115/3 791/290/3
f 997/331/5 778/317/5 819/317/5 1036/317/5
f 977/297/6 758/299/6 799/299/6 1016/297/6
f 777/313/5 996/315/5 1037/317/5 817/313/5
f 757/295/6 976/297/6 1017/297/6 797/295/6
f 784/320/7 785/319/7 825/319/7 824/320/7
f 764/302/7 765/301/7 805/301/7 804/302/7
f 778/317/3 779/316/3 818/316/3 819/317/3
f 758/299/3 759/298/3 798/298/3 799/299/3
f 785/319/4 1004/323/4 1045/323/4 825/319/4
f 767/304/6 982/302/6 1023/302/6 806/304/6
f 765/301/8 984/303/8 1025/301/8 805/301/8
f 772/310/7 773/309/7 813/309/7 812/310/7
f 786/322/3 787/284/3 826/284/3 827/322/3
f 752/292/7 753/291/7 793/291/7 792/292/7
f 766/305/3 767/304/3 806/304/3 807/305/3
f 993/309/5 774/312/5 815/312/5 1032/328/5
f 973/294/5 754/286/5 795/286/5 1012/294/5
f 773/309/5 992/309/5 1033/328/5 813/309/5
f 753/291/5 972/294/5 1013/293/5 793/291/5
f 780/318/7 781/281/7 821/281/7 820/318/7
f 760/300/7 761/278/7 801/278/7 800/300/7
f 774/312/3 775/311/3 814/311/3 815/312/3
f 759/298/8 974/296/8 1015/325/8 798/298/8
f 779/316/4 994/316/4 1035/316/4 818/316/4
f 971/287/4 752/292/4 792/292/4 1010/287/4
f 991/327/4 772/310/4 812/310/4 1030/327/4
f 986/276/8 768/277/8 808/277/8 1027/326/8
f 1005/323/4 786/322/4 827/322/4 1044/319/4
f 985/305/8 766/305/8 807/305/8 1024/301/8
f 978/279/5 760/300/5 800/300/5 1019/285/5
f 783/282/6 999/329/6 1038/329/6 822/282/6
f 975/296/8 756/296/8 796/296/8 1014/325/8
f 995/316/4 776/314/4 816/314/4 1034/316/4
f 969/280/4 750/290/4 791/290/4 1008/324/4
f 775/311/4 990/327/4 1031/332/4 814/311/4
f 967/333/5 748/115/5 788/115/5 1006/321/5
f 963/99/6 744/99/6 784/320/6 1003/330/6
f 965/119/6 747/98/6 786/322/6 1005/323/6
f 959/336/4 740/272/4 780/318/4 998/329/4
f 961/271/4 743/274/4 782/281/4 1000/281/4
f 955/337/8 736/270/8 776/314/8 995/316/8
f 742/273/4 958/338/4 999/329/4 783/282/4
f 951/339/8 732/107/8 772/310/8 991/327/8
f 738/218/8 954/337/8 994/316/8 779/316/8
f 949/265/5 731/267/5 770/307/5 989/307/5
f 734/268/8 950/339/8 990/332/8 775/311/8
f 945/110/4 727/110/4 766/305/4 985/305/4
f 947/266/5 728/264/5 768/277/5 986/276/5
f 941/340/6 723/260/6 762/278/6 980/278/6
f 943/116/4 724/219/4 764/302/4 983/302/4
f 935/341/5 716/258/5 756/296/5 975/296/5
f 939/289/6 720/261/6 760/300/6 978/279/6
f 931/250/8 712/254/8 752/292/8 971/287/8
f 718/216/5 934/341/5 974/296/5 759/298/5
f 927/114/6 708/249/6 748/115/6 967/115/6
f 929/248/6 711/252/6 750/290/6 969/280/6
f 998/329/6 780/318/6 820/318/6 1039/329/6
f 980/335/4 762/278/4 803/278/4 1021/278/4
f 1000/281/8 782/281/8 823/281/8 1041/281/8
f 983/302/6 764/302/6 804/302/6 1022/302/6
f 989/306/6 770/307/6 811/307/6 1028/307/6
f 973/294/5 1012/294/5 1013/293/5 972/294/5
f 993/309/5 1032/328/5 1033/328/5 992/309/5
f 971/287/4 1010/287/4 1011/287/4 970/287/4
f 991/327/4 1030/327/4 1031/332/4 990/327/4
f 985/305/8 1024/301/8 1025/301/8 984/303/8
f 1005/323/4 1044/319/4 1045/323/4 1004/323/4
f 983/302/6 1022/302/6 1023/302/6 982/302/6
f 1003/330/5 1042/330/5 1043/284/5 1002/284/5
f 977/297/6 1016/297/6 1017/297/6 976/297/6
f 997/331/5 1036/317/5 1037/317/5 996/315/5
f 975/296/8 1014/325/8 1015/325/8 974/296/8
f 995/316/4 1034/316/4 1035/316/4 994/316/4
f 969/280/4 1008/324/4 1009/324/4 968/280/4
f 989/306/6 1028/307/6 1029/283/6 988/306/6
f 967/333/5 1006/321/5 1007/321/5 966/115/5
f 1030/327/3 1033/328/3 1049/328/3 1052/327/3
f 1010/287/3 1013/294/3 1047/294/3 1050/287/3
f 1032/328/7 1031/327/7 1053/327/7 1048/328/7
f 1043/284/4 1042/330/4 1060/330/4 1061/284/4
f 1012/294/7 1011/287/7 1051/287/7 1046/294/7
f 1034/316/3 1037/317/3 1065/317/3 1068/316/3
f 1013/293/4 1012/294/4 1046/294/4 1047/293/4
f 1015/325/6 1014/325/6 1066/325/6 1067/325/6
f 1014/325/3 1017/297/3 1063/297/3 1066/325/3
f 1036/334/7 1035/316/7 1069/316/7 1064/334/7
f 963/99/6 1003/330/6 1002/284/6 962/99/6
f 965/119/6 1005/323/6 1004/323/6 964/119/6
f 959/336/4 998/329/4 999/329/4 958/338/4
f 961/271/4 1000/281/4 1001/281/4 960/274/4
f 955/337/8 995/316/8 994/316/8 954/337/8
f 957/217/8 997/315/8 996/315/8 956/217/8
f 951/339/8 991/327/8 990/332/8 950/339/8
f 953/108/8 993/309/8 992/309/8 952/108/8
f 947/266/5 986/276/5 987/308/5 946/266/5
f 949/265/5 989/307/5 988/306/5 948/265/5
f 943/116/4 983/302/4 982/302/4 942/116/4
f 945/110/4 985/305/4 984/303/4 944/110/4
f 939/289/6 978/279/6 979/279/6 938/289/6
f 941/340/6 980/278/6 981/278/6 940/260/6
f 935/341/5 975/296/5 974/296/5 934/341/5
f 937/215/5 977/297/5 976/297/5 936/259/5
f 931/250/8 971/287/8 970/287/8 930/250/8
f 933/255/8 973/294/8 972/293/8 932/288/8
f 927/114/6 967/115/6 966/115/6 926/114/6
f 929/248/6 969/280/6 968/280/6 928/248/6
f 998/329/6 1039/329/6 1038/329/6 999/329/6
f 978/279/5 1019/285/5 1018/285/5 979/279/5
f 1000/281/8 1041/281/8 1040/281/8 1001/281/8
f 980/335/4 1021/278/4 1020/278/4 981/278/4
f 986/276/8 1027/326/8 1026/277/8 987/276/8
f 1056/319/6 1061/284/6 1060/330/6 1057/319/6
f 1077/281/4 1078/329/4 1079/329/4 1076/281/4
f 1064/334/8 1069/316/8 1068/316/8 1065/317/8
f 1048/328/8 1053/327/8 1052/327/8 1049/328/8
f 1072/306/5 1080/326/5 1081/326/5 1073/283/5
f 1054/303/4 1059/302/4 1058/302/4 1055/301/4
f 1083/335/6 1084/285/6 1085/285/6 1082/278/6
f 1062/297/5 1067/325/5 1066/325/5 1063/297/5
f 1046/294/8 1051/287/8 1050/287/8 1047/294/8
f 1070/324/6 1075/321/6 1074/115/6 1071/324/6
f 1025/301/6 1024/301/6 1054/301/6 1055/301/6
f 1008/324/7 1007/321/7 1075/321/7 1070/324/7
f 1028/306/7 1026/326/7 1080/326/7 1072/306/7
f 1006/115/3 1009/324/3 1071/324/3 1074/115/3
f 1035/316/5 1034/316/5 1068/316/5 1069/316/5
f 1033/328/4 1032/328/4 1048/328/4 1049/328/4
f 1026/277/6 1027/326/6 1081/326/6 1080/277/6
f 1007/321/4 1006/321/4 1074/321/4 1075/321/4
f 1017/297/8 1016/297/8 1062/297/8 1063/297/8
f 1027/326/3 1029/283/3 1073/283/3 1081/326/3
f 1024/303/7 1023/302/7 1059/302/7 1054/303/7
f 1045/323/5 1044/319/5 1056/319/5 1057/323/5
f 1044/319/7 1043/284/7 1061/284/7 1056/319/7
f 1022/302/3 1025/301/3 1055/301/3 1058/302/3
f 1042/330/3 1045/319/3 1057/319/3 1060/330/3
f 1009/324/5 1008/324/5 1070/324/5 1071/324/5
f 1011/287/5 1010/287/5 1050/287/5 1051/287/5
f 1020/278/5 1021/278/5 1083/278/5 1082/278/5
f 1040/281/6 1041/281/6 1077/281/6 1076/281/6
f 1021/335/7 1018/285/7 1084/285/7 1083/335/7
f 1037/317/4 1036/317/4 1064/317/4 1065/317/4
f 1041/281/7 1038/329/7 1078/329/7 1077/281/7
f 1018/285/4 1019/285/4 1085/285/4 1084/285/4
f 1023/302/8 1022/302/8 1058/302/8 1059/302/8
f 1038/329/8 1039/329/8 1079/329/8 1078/329/8
f 1019/285/3 1020/278/3 1082/278/3 1085/285/3
f 1039/329/3 1040/281/3 1076/281/3 1079/329/3
f 1029/283/8 1028/307/8 1072/307/8 1073/283/8
f 1031/332/5 1030/327/5 1052/327/5 1053/332/5
f 1016/297/7 1015/325/7 1067/325/7 1062/297/7
f 22/87/6 21/86/6 1121/7/6 1122/29/6
f 23/86/6 24/369/6 1124/26/6 1123/25/6
f 24/369/6 129/87/6 1125/28/6 1124/26/6
f 130/86/6 23/86/6 1123/25/6 1126/7/6
f 129/87/6 22/87/6 1122/29/6 1125/28/6
f 21/86/6 130/86/6 1126/7/6 1121/7/6
f 22/87/4 129/87/4 1133/87/4 1132/87/4 1128/87/4
f 130/86/5 21/86/5 1127/86/5 1134/86/5 1136/86/5
f 24/369/3 23/86/3 1129/86/3 1130/369/3
f 129/87/4 24/369/4 1130/369/4 1131/370/4 1133/87/4
f 23/86/5 130/86/5 1136/86/5 1135/86/5 1129/86/5
f 1132/371/5 1131/87/5 1137/87/5 1138/371/5
f 1137/87/6 1140/86/6 1139/86/6 1138/87/6
f 1131/87/7 1135/86/7 1140/86/7 1137/87/7
f 1135/372/4 1134/86/4 1139/86/4 1140/372/4
f 1134/86/3 1132/87/3 1138/87/3 1139/86/3
f 1232/381/4 1229/382/4 1241/382/4 1244/381/4
f 1230/383/8 1229/382/8 1235/376/8 1236/377/8
f 1231/384/8 1230/383/8 1236/377/8 1237/378/8
f 1232/381/8 1233/385/8 1239/379/8 1238/375/8
f 1233/385/8 1234/386/8 1240/380/8 1239/379/8
f 1229/382/8 1232/381/8 1238/375/8 1235/376/8
f 1234/386/8 1231/384/8 1237/378/8 1240/380/8
f 1233/385/3 1232/381/3 1244/381/3 1245/385/3
f 1229/382/4 1230/383/4 1242/383/4 1241/382/4
f 1231/384/5 1234/386/5 1246/386/5 1243/384/5
f 1234/386/5 1233/385/5 1245/385/5 1246/386/5
f 1230/383/7 1231/384/7 1243/384/7 1242/383/7
f 1258/5/8 1414/6/8 1463/6/8 1462/6/8 1364/5/8
f 1259/36/7 1247/12/7 1284/12/7 1285/36/7
f 1377/31/8 1276/34/8 1280/34/8 1381/34/8
f 1380/13/8 1259/36/8 1285/36/8 1384/13/8
f 1278/35/7 1275/32/7 1279/32/7 1282/35/7
f 1383/12/4 1283/12/4 1279/32/4 1381/34/4
f 1285/36/4 1284/12/4 1280/34/4 1281/33/4
f 1283/12/4 1286/13/4 1282/35/4 1279/32/4
f 1384/13/4 1285/36/4 1281/33/4 1382/33/4
f 1378/33/6 1278/35/6 1282/35/6 1382/33/6
f 1276/34/3 1277/33/3 1281/33/3 1280/34/3
f 1251/12/3 1261/13/3 1286/13/3 1283/12/3
f 1379/12/6 1251/12/6 1283/12/6 1383/12/6
f 1306/52/4 1404/53/4 1422/53/4 1421/52/4 1338/52/4
f 1315/54/3 1313/55/3 1345/55/3 1347/54/3
f 1307/56/3 1305/57/3 1337/57/3 1339/56/3
f 1312/58/7 1314/59/7 1346/59/7 1344/58/7
f 1403/57/6 1305/57/6 1321/16/6 1395/10/6
f 1306/52/6 1304/57/6 1320/10/6 1322/11/6
f 1305/57/6 1307/56/6 1323/60/6 1321/16/6
f 1404/53/6 1306/52/6 1322/11/6 1396/11/6
f 1309/63/6 1308/64/6 1324/37/6 1325/38/6
f 1310/65/6 1311/66/6 1327/43/6 1326/37/6
f 1405/67/6 1309/63/6 1325/38/6 1397/61/6
f 1406/68/6 1310/65/6 1326/37/6 1398/37/6
f 1407/55/8 1313/55/8 1329/44/8 1399/9/8
f 1314/59/8 1312/58/8 1328/9/8 1330/46/8
f 1313/55/8 1315/54/8 1331/47/8 1329/44/8
f 1408/54/8 1314/59/8 1330/46/8 1400/47/8
f 1317/69/8 1316/70/8 1332/49/8 1333/48/8
f 1318/70/8 1319/69/8 1335/50/8 1334/49/8
f 1409/69/8 1317/69/8 1333/48/8 1401/48/8
f 1410/71/8 1318/70/8 1334/49/8 1402/62/8
f 1405/67/4 1311/66/4 1343/66/4 1423/67/4 1425/67/4
f 1409/69/5 1319/69/5 1351/69/5 1435/69/5 1437/69/5
f 1408/54/5 1315/54/5 1347/54/5 1432/54/5 1434/54/5
f 1404/53/4 1307/56/4 1339/56/4 1420/52/4 1422/53/4
f 1314/59/5 1408/54/5 1434/72/5 1433/54/5 1346/59/5
f 1308/64/7 1309/63/7 1341/63/7 1340/64/7
f 1316/70/7 1317/69/7 1349/69/7 1348/70/7
f 1311/66/3 1310/65/3 1342/65/3 1343/66/3
f 1319/69/3 1318/70/3 1350/70/3 1351/69/3
f 1310/65/5 1406/68/5 1428/68/5 1427/65/5 1342/65/5
f 1318/70/4 1410/71/4 1440/71/4 1439/70/4 1350/70/4
f 1313/55/4 1407/55/4 1431/55/4 1430/55/4 1345/55/4
f 1304/57/7 1306/52/7 1338/52/7 1336/57/7
f 1258/5/5 1297/79/5 1361/74/5 1360/73/5
f 1413/79/5 1296/80/5 1359/76/5 1411/75/5
f 1414/6/5 1258/5/5 1360/73/5 1412/77/5
f 1296/80/6 1413/79/6 1460/81/6 1459/82/6 1363/80/6
f 1416/79/5 1465/5/5 1464/6/5 1415/83/5
f 1297/79/3 1258/5/3 1364/5/3 1365/79/3
f 1414/6/8 1256/84/8 1362/84/8 1461/6/8 1463/6/8
f 1413/79/6 1297/79/6 1365/79/6 1458/83/6 1460/79/6
f 1256/84/5 1414/6/5 1412/77/5 1358/73/5
f 1297/79/5 1413/79/5 1411/75/5 1361/74/5
f 1410/71/4 1316/70/4 1348/70/4 1438/70/4 1440/71/4
f 1406/68/5 1308/64/5 1340/64/5 1426/65/5 1428/68/5
f 1403/57/5 1304/57/5 1336/57/5 1417/57/5 1419/57/5
f 1407/55/4 1312/58/4 1344/58/4 1429/55/4 1431/55/4
f 1317/69/5 1409/69/5 1437/69/5 1436/69/5 1349/69/5
f 1309/63/4 1405/67/4 1425/85/4 1424/67/4 1341/63/4
f 1316/70/8 1410/71/8 1402/62/8 1332/49/8
f 1319/69/8 1409/69/8 1401/48/8 1335/50/8
f 1315/54/8 1408/54/8 1400/47/8 1331/47/8
f 1312/58/8 1407/55/8 1399/9/8 1328/9/8
f 1308/64/6 1406/68/6 1398/37/6 1324/37/6
f 1311/66/6 1405/67/6 1397/61/6 1327/43/6
f 1307/56/6 1404/53/6 1396/11/6 1323/60/6
f 1304/57/6 1403/57/6 1395/10/6 1320/10/6
f 1247/12/6 1379/12/6 1383/12/6 1284/12/6
f 1277/33/6 1378/33/6 1382/33/6 1281/33/6
f 1286/13/4 1384/13/4 1382/33/4 1282/35/4
f 1284/12/4 1383/12/4 1381/34/4 1280/34/4
f 1261/13/8 1380/13/8 1384/13/8 1286/13/8
f 1275/32/8 1377/31/8 1381/34/8 1279/32/8
f 1267/86/7 1268/87/7 2348/87/7 2347/86/7
f 1417/57/5 1418/57/5 1419/91/5
f 1420/52/4 1421/56/4 1422/53/4
f 1423/67/4 1424/85/4 1425/85/4
f 1418/57/4 1417/57/4 1441/57/4 1442/57/4
f 1429/55/4 1430/55/4 1431/55/4
f 1432/54/5 1433/54/5 1434/72/5
f 1435/69/5 1436/92/5 1437/69/5
f 1438/70/4 1439/70/4 1440/71/4
f 1423/67/7 1427/65/7 1449/65/7 1445/67/7
f 1439/70/5 1438/70/5 1456/70/5 1457/70/5
f 1424/85/5 1423/67/5 1445/67/5 1446/85/5
f 1438/70/3 1436/69/3 1455/69/3 1456/70/3
f 1305/57/5 1403/57/5 1419/91/5 1418/57/5 1337/57/5
f 1448/65/24 1449/65/24 1447/68/24
f 1443/52/6 1442/57/6 1441/57/6 1444/52/6
f 1452/54/8 1451/55/8 1450/55/8 1453/54/8
f 1454/69/8 1457/70/8 1456/70/8 1455/69/8
f 1445/67/25 1449/65/25 1448/65/25 1446/67/25
f 1433/54/4 1432/54/4 1452/54/4 1453/54/4
f 1426/65/3 1424/67/3 1446/67/3 1448/65/3
f 1428/68/26 1426/65/26 1448/65/26 1447/68/26
f 1420/52/7 1418/57/7 1442/57/7 1443/52/7
f 1417/57/3 1421/52/3 1444/52/3 1441/57/3
f 1427/65/27 1428/68/27 1447/68/27 1449/65/27
f 1432/54/7 1430/55/7 1451/55/7 1452/54/7
f 1421/56/5 1420/52/5 1443/52/5 1444/56/5
f 1436/92/4 1435/69/4 1454/69/4 1455/92/4
f 1429/55/3 1433/54/3 1453/54/3 1450/55/3
f 1430/55/5 1429/55/5 1450/55/5 1451/55/5
f 1435/69/7 1439/70/7 1457/70/7 1454/69/7
f 1458/79/6 1459/93/6 1460/81/6
f 1461/6/8 1462/94/8 1463/6/8
f 1461/6/3 1459/83/3 1415/83/3 1464/6/3
f 1459/93/8 1458/79/8 1416/79/8 1415/93/8
f 1458/79/7 1462/5/7 1465/5/7 1416/79/7
f 1462/94/6 1461/6/6 1464/6/6 1465/94/6
f 1947/114/4 2162/114/4 2202/115/4 1988/115/4
f 1592/152/3 1593/153/3 1632/153/3 1633/152/3
f 1578/154/7 1579/155/7 1619/155/7 1618/154/7
f 1598/156/7 1599/157/7 1639/157/7 1638/156/7
f 1571/158/8 1751/158/8 1790/158/8 1611/158/8
f 1591/152/8 1771/152/8 1810/152/8 1631/152/8
f 1750/158/8 1572/158/8 1613/158/8 1791/158/8
f 1770/152/8 1592/152/8 1633/152/8 1811/152/8
f 1584/159/3 1585/160/3 1624/160/3 1625/159/3
f 1570/161/7 1571/158/7 1611/158/7 1610/161/7
f 1604/162/3 1605/163/3 1644/163/3 1645/162/3
f 1526/49/8 1527/51/8 1567/169/8 1566/170/8
f 1527/51/8 1706/51/8 1746/171/8 1567/169/8
f 1529/51/8 1528/121/8 1569/172/8 1568/171/8
f 1707/51/8 1529/51/8 1568/171/8 1747/171/8
f 1530/90/4 1531/30/4 1571/158/4 1570/161/4
f 1531/30/4 1710/30/4 1751/158/4 1571/158/4
f 1533/30/4 1532/145/4 1573/161/4 1572/158/4
f 1711/30/4 1533/30/4 1572/158/4 1750/158/4
f 1534/128/6 1535/43/6 1575/173/6 1574/174/6
f 1535/43/6 1714/168/6 1754/175/6 1575/173/6
f 1537/43/6 1536/130/6 1577/176/6 1576/173/6
f 1715/168/6 1537/43/6 1576/173/6 1755/177/6
f 1538/132/5 1539/131/5 1579/155/5 1578/154/5
f 1544/105/5 1720/129/5 1760/178/5 1585/160/5
f 1541/131/5 1540/132/5 1581/154/5 1580/179/5
f 1539/131/5 1718/165/5 1758/155/5 1579/155/5
f 1542/129/5 1543/118/5 1583/180/5 1582/181/5
f 1543/118/5 1722/104/5 1762/182/5 1583/180/5
f 1545/104/5 1544/105/5 1585/160/5 1584/159/5
f 1723/104/5 1545/104/5 1584/159/5 1763/182/5
f 1546/135/5 1547/133/5 1587/183/5 1586/184/5
f 1547/133/5 1726/166/5 1766/185/5 1587/183/5
f 1549/139/5 1548/135/5 1589/184/5 1588/186/5
f 1727/166/5 1549/139/5 1588/186/5 1767/183/5
f 1550/117/4 1551/102/4 1591/152/4 1590/187/4
f 1551/102/4 1730/102/4 1771/152/4 1591/152/4
f 1553/102/4 1552/34/4 1593/153/4 1592/152/4
f 1731/102/4 1553/102/4 1592/152/4 1770/152/4
f 1554/141/4 1555/127/4 1595/188/4 1594/189/4
f 1555/127/4 1734/127/4 1774/190/4 1595/188/4
f 1557/144/4 1556/141/4 1597/191/4 1596/190/4
f 1735/127/4 1557/144/4 1596/190/4 1775/190/4
f 1558/100/6 1559/101/6 1599/157/6 1598/156/6
f 1559/101/6 1738/11/6 1778/192/6 1599/157/6
f 1561/164/6 1560/150/6 1601/193/6 1600/194/6
f 1739/11/6 1561/164/6 1600/194/6 1779/157/6
f 1562/8/8 1563/122/8 1603/195/8 1602/196/8
f 1563/122/8 1742/46/8 1782/162/8 1603/195/8
f 1565/47/8 1564/106/8 1605/163/8 1604/162/8
f 1564/106/8 1740/9/8 1780/197/8 1605/163/8
f 1572/158/3 1573/161/3 1612/161/3 1613/158/3
f 1779/192/4 1600/194/4 1641/194/4 1818/157/4
f 1579/155/6 1758/155/6 1799/155/6 1619/155/6
f 1599/157/4 1778/157/4 1819/192/4 1639/157/4
f 1585/160/8 1760/178/8 1801/178/8 1624/160/8
f 1586/184/7 1587/183/7 1627/183/7 1626/184/7
f 1600/194/3 1601/193/3 1640/193/3 1641/194/3
f 1566/170/7 1567/169/7 1607/169/7 1606/170/7
f 1580/179/3 1581/154/3 1620/154/3 1621/179/3
f 1767/185/6 1588/186/6 1629/186/6 1806/183/6
f 1747/171/5 1568/171/5 1609/171/5 1786/171/5
f 1587/183/6 1766/183/6 1807/185/6 1627/183/6
f 1567/169/5 1746/171/5 1787/171/5 1607/169/5
f 1594/189/7 1595/188/7 1635/188/7 1634/189/7
f 1574/174/7 1575/173/7 1615/173/7 1614/174/7
f 1588/186/3 1589/184/3 1628/184/3 1629/186/3
f 1568/171/3 1569/172/3 1608/172/3 1609/171/3
f 1775/190/8 1596/190/8 1637/190/8 1814/190/8
f 1755/175/4 1576/173/4 1617/173/4 1794/173/4
f 1595/188/8 1774/190/8 1815/190/8 1635/188/8
f 1575/173/4 1754/177/4 1795/177/4 1615/173/4
f 1602/196/7 1603/195/7 1643/195/7 1642/196/7
f 1582/181/7 1583/180/7 1623/180/7 1622/181/7
f 1596/190/3 1597/191/3 1636/191/3 1637/190/3
f 1576/173/3 1577/176/3 1616/176/3 1617/173/3
f 1605/163/4 1780/202/4 1821/202/4 1644/163/4
f 1763/203/6 1584/159/6 1625/159/6 1802/182/6
f 1603/195/5 1782/162/5 1823/162/5 1643/195/5
f 1583/180/6 1762/182/6 1803/182/6 1623/180/6
f 1590/187/7 1591/152/7 1631/152/7 1630/187/7
f 1589/184/8 1764/184/8 1805/184/8 1628/184/8
f 1761/178/8 1582/181/8 1622/181/8 1800/178/8
f 1783/162/5 1604/162/5 1645/162/5 1822/162/5
f 1581/154/8 1756/154/8 1797/154/8 1620/154/8
f 1601/193/5 1776/205/5 1817/201/5 1640/193/5
f 1753/199/5 1574/174/5 1614/174/5 1792/199/5
f 1773/189/6 1594/189/6 1634/189/6 1812/189/6
f 1573/161/6 1749/206/6 1788/161/6 1612/161/6
f 1593/153/6 1769/200/6 1808/200/6 1632/153/6
f 1745/198/4 1566/170/4 1606/170/4 1784/198/4
f 1765/184/8 1586/184/8 1626/184/8 1804/184/8
f 1759/155/6 1580/179/6 1621/179/6 1798/155/6
f 1781/202/4 1602/196/4 1642/196/4 1820/202/4
f 1757/154/8 1578/154/8 1618/154/8 1796/154/8
f 1777/201/5 1598/156/5 1638/156/5 1816/205/5
f 1743/46/8 1565/47/8 1604/162/8 1783/162/8
f 1569/172/4 1744/198/4 1785/204/4 1608/172/4
f 1737/10/6 1558/100/6 1598/156/6 1777/205/6
f 1741/9/8 1562/8/8 1602/196/8 1781/202/8
f 1733/141/4 1554/141/4 1594/189/4 1773/189/4
f 1560/150/6 1736/10/6 1776/201/6 1601/193/6
f 1729/117/4 1550/117/4 1590/187/4 1768/200/4
f 1556/141/4 1732/141/4 1772/189/4 1597/191/4
f 1725/136/5 1546/135/5 1586/184/5 1765/184/5
f 1552/34/4 1728/117/4 1769/200/4 1593/153/4
f 1721/129/5 1542/129/5 1582/181/5 1761/178/5
f 1548/135/5 1724/135/5 1764/210/5 1589/184/5
f 1717/132/5 1538/132/5 1578/154/5 1757/154/5
f 1719/165/5 1541/131/5 1580/179/5 1759/155/5
f 1713/37/6 1534/128/6 1574/174/6 1753/199/6
f 1540/132/5 1716/132/5 1756/154/5 1581/154/5
f 1709/145/4 1530/90/4 1570/161/4 1748/206/4
f 1536/130/6 1712/37/6 1752/199/6 1577/176/6
f 1705/151/8 1526/49/8 1566/170/8 1745/198/8
f 1532/145/4 1708/145/4 1749/206/4 1573/161/4
f 1528/121/8 1704/151/8 1744/204/8 1569/172/8
f 1768/200/6 1590/187/6 1630/187/6 1809/200/6
f 1748/206/6 1570/161/6 1610/161/6 1789/161/6
f 1597/191/6 1772/189/6 1813/189/6 1636/191/6
f 1577/176/5 1752/199/5 1793/199/5 1616/176/5
f 1763/203/6 1802/182/6 1803/182/6 1762/182/6
f 1783/162/5 1822/162/5 1823/162/5 1782/162/5
f 1761/178/8 1800/178/8 1801/178/8 1760/178/8
f 1781/202/4 1820/202/4 1821/202/4 1780/202/4
f 1755/175/4 1794/173/4 1795/177/4 1754/177/4
f 1775/190/8 1814/190/8 1815/190/8 1774/190/8
f 1753/199/5 1792/199/5 1793/199/5 1752/199/5
f 1773/189/6 1812/189/6 1813/189/6 1772/189/6
f 1747/171/5 1786/171/5 1787/171/5 1746/171/5
f 1767/185/6 1806/183/6 1807/185/6 1766/183/6
f 1745/198/4 1784/198/4 1785/204/4 1744/198/4
f 1765/184/8 1804/184/8 1805/184/8 1764/184/8
f 1759/155/6 1798/155/6 1799/155/6 1758/155/6
f 1779/192/4 1818/157/4 1819/192/4 1778/157/4
f 1757/154/8 1796/154/8 1797/154/8 1756/154/8
f 1777/201/5 1816/205/5 1817/201/5 1776/205/5
f 1792/199/3 1795/173/3 1833/173/3 1836/199/3
f 1819/192/5 1818/157/5 1850/157/5 1851/192/5
f 1816/201/3 1819/157/3 1851/157/3 1854/201/3
f 1794/209/7 1793/199/7 1837/199/7 1832/209/7
f 1793/199/4 1792/199/4 1836/199/4 1837/199/4
f 1818/207/7 1817/205/7 1855/205/7 1850/207/7
f 1796/154/3 1799/155/3 1849/155/3 1852/154/3
f 1820/202/3 1823/162/3 1827/162/3 1830/202/3
f 1807/185/8 1806/183/8 1842/183/8 1843/185/8
f 1798/208/7 1797/154/7 1853/154/7 1848/208/7
f 1741/9/8 1781/202/8 1780/197/8 1740/9/8
f 1743/46/8 1783/162/8 1782/162/8 1742/46/8
f 1737/10/6 1777/205/6 1776/201/6 1736/10/6
f 1739/11/6 1779/157/6 1778/192/6 1738/11/6
f 1733/141/4 1773/189/4 1772/189/4 1732/141/4
f 1735/127/4 1775/190/4 1774/190/4 1734/127/4
f 1729/117/4 1768/200/4 1769/200/4 1728/117/4
f 1731/102/4 1770/152/4 1771/152/4 1730/102/4
f 1725/136/5 1765/184/5 1764/210/5 1724/135/5
f 1727/166/5 1767/183/5 1766/185/5 1726/166/5
f 1721/129/5 1761/178/5 1760/178/5 1720/129/5
f 1723/104/5 1763/182/5 1762/182/5 1722/104/5
f 1717/132/5 1757/154/5 1756/154/5 1716/132/5
f 1719/165/5 1759/155/5 1758/155/5 1718/165/5
f 1713/37/6 1753/199/6 1752/199/6 1712/37/6
f 1715/168/6 1755/177/6 1754/175/6 1714/168/6
f 1709/145/4 1748/206/4 1749/206/4 1708/145/4
f 1711/30/4 1750/158/4 1751/158/4 1710/30/4
f 1705/151/8 1745/198/8 1744/204/8 1704/151/8
f 1707/51/8 1747/171/8 1746/171/8 1706/51/8
f 1768/200/6 1809/200/6 1808/200/6 1769/200/6
f 1748/206/6 1789/161/6 1788/161/6 1749/206/6
f 1770/152/8 1811/152/8 1810/152/8 1771/152/8
f 1750/158/8 1791/158/8 1790/158/8 1751/158/8
f 1826/162/8 1831/202/8 1830/202/8 1827/162/8
f 1850/207/6 1855/205/6 1854/201/6 1851/157/6
f 1834/188/4 1839/189/4 1838/189/4 1835/190/4
f 1857/152/4 1858/200/4 1859/200/4 1856/152/4
f 1842/186/5 1847/184/5 1846/184/5 1843/183/5
f 1824/182/5 1829/178/5 1828/178/5 1825/182/5
f 1848/208/5 1853/154/5 1852/154/5 1849/155/5
f 1832/209/6 1837/199/6 1836/199/6 1833/173/6
f 1861/158/4 1862/161/4 1863/161/4 1860/158/4
f 1840/171/8 1845/204/8 1844/198/8 1841/171/8
f 1821/202/5 1820/202/5 1830/202/5 1831/202/5
f 1814/188/7 1813/189/7 1839/189/7 1834/188/7
f 1790/158/6 1791/158/6 1861/158/6 1860/158/6
f 1785/204/5 1784/198/5 1844/198/5 1845/204/5
f 1812/189/3 1815/190/3 1835/190/3 1838/189/3
f 1803/182/8 1802/182/8 1824/182/8 1825/182/8
f 1791/158/7 1788/161/7 1862/161/7 1861/158/7
f 1810/152/6 1811/152/6 1857/152/6 1856/152/6
f 1813/189/8 1812/189/8 1838/189/8 1839/189/8
f 1788/161/8 1789/161/8 1863/161/8 1862/161/8
f 1811/152/7 1808/200/7 1858/200/7 1857/152/7
f 1797/154/6 1796/154/6 1852/154/6 1853/154/6
f 1789/161/3 1790/158/3 1860/158/3 1863/161/3
f 1795/177/5 1794/173/5 1832/173/5 1833/177/5
f 1808/200/8 1809/200/8 1859/200/8 1858/200/8
f 1786/171/7 1785/204/7 1845/204/7 1840/171/7
f 1805/184/6 1804/184/6 1846/184/6 1847/184/6
f 1809/200/3 1810/152/3 1856/152/3 1859/200/3
f 1823/162/4 1822/162/4 1826/162/4 1827/162/4
f 1784/198/3 1787/171/3 1841/171/3 1844/198/3
f 1806/186/7 1805/184/7 1847/184/7 1842/186/7
f 1787/171/4 1786/171/4 1840/171/4 1841/171/4
f 1804/184/3 1807/183/3 1843/183/3 1846/184/3
f 1817/201/4 1816/205/4 1854/205/4 1855/201/4
f 1815/190/28 1814/190/28 1834/190/28 1835/190/28
f 1802/182/7 1801/178/7 1829/178/7 1824/182/7
f 1799/155/8 1798/155/8 1848/155/8 1849/155/8
f 1800/178/3 1803/182/3 1825/182/3 1828/178/3
f 1801/178/6 1800/178/6 1828/178/6 1829/178/6
f 1822/162/7 1821/202/7 1831/202/7 1826/162/7
f 2008/275/5 2223/276/5 2262/277/5 2047/275/5
f 1999/278/3 2000/279/3 2039/279/3 2040/278/3
f 1985/115/7 1986/280/7 2026/280/7 2025/115/7
f 2019/281/3 2020/282/3 2059/282/3 2060/281/3
f 2005/277/7 2006/283/7 2046/283/7 2045/277/7
f 1998/278/8 2217/278/8 2256/278/8 2038/278/8
f 2024/284/6 2238/284/6 2279/284/6 2063/284/6
f 2000/279/6 2215/279/6 2254/285/6 2039/279/6
f 2018/281/5 2237/281/5 2276/281/5 2058/281/5
f 1991/286/3 1992/287/3 2031/287/3 2032/286/3
f 1945/249/4 1946/248/4 1986/280/4 1985/115/4
f 1951/251/5 2166/250/5 2206/287/5 1992/287/5
f 1948/252/4 1947/114/4 1988/115/4 1987/290/4
f 1946/248/4 2164/248/4 2204/280/4 1986/280/4
f 1949/254/5 1950/253/5 1990/291/5 1989/292/5
f 1950/253/5 2168/288/5 2208/293/5 1990/291/5
f 1952/256/5 1951/251/5 1992/287/5 1991/286/5
f 2169/255/5 1952/256/5 1991/286/5 2209/294/5
f 1953/258/6 1954/257/6 1994/295/6 1993/296/6
f 1954/257/6 2172/259/6 2212/297/6 1994/295/6
f 1956/215/6 1955/216/6 1996/298/6 1995/299/6
f 2173/215/6 1956/215/6 1995/299/6 2213/297/6
f 1957/261/4 1958/260/4 1998/278/4 1997/300/4
f 1958/260/4 2176/260/4 2217/278/4 1998/278/4
f 1960/260/4 1959/262/4 2000/279/4 1999/278/4
f 1959/262/4 2174/289/4 2215/279/4 2000/279/4
f 1961/219/8 1962/109/8 2002/301/8 2001/302/8
f 1962/109/8 2180/110/8 2220/303/8 2002/301/8
f 1964/110/8 1963/116/8 2004/304/8 2003/305/8
f 1963/116/8 2178/116/8 2218/302/8 2004/304/8
f 1965/264/6 1966/263/6 2006/283/6 2005/277/6
f 1966/263/6 2184/265/6 2224/306/6 2006/283/6
f 1968/267/6 1967/266/6 2008/275/6 2007/307/6
f 1967/266/6 2182/266/6 2223/308/6 2008/275/6
f 1969/107/5 1970/108/5 2010/309/5 2009/310/5
f 1970/108/5 2188/108/5 2228/309/5 2010/309/5
f 1972/108/5 1971/268/5 2012/311/5 2011/312/5
f 2189/108/5 1972/108/5 2011/312/5 2229/309/5
f 1973/270/5 1974/269/5 2014/313/5 2013/314/5
f 1974/269/5 2192/217/5 2232/315/5 2014/313/5
f 1976/217/5 1975/218/5 2016/316/5 2015/317/5
f 2193/217/5 1976/217/5 2015/317/5 2233/315/5
f 1977/272/8 1978/271/8 2018/281/8 2017/318/8
f 1983/99/4 2198/99/4 2238/284/4 2024/284/4
f 1980/274/8 1979/273/8 2020/282/8 2019/281/8
f 1978/271/8 2196/274/8 2237/281/8 2018/281/8
f 1981/99/4 1982/119/4 2022/319/4 2021/320/4
f 1988/115/6 2202/115/6 2243/321/6 2027/115/6
f 1984/98/4 1983/99/4 2024/284/4 2023/322/4
f 1982/119/4 2200/119/4 2240/323/4 2022/319/4
f 1986/280/8 2204/280/8 2245/324/8 2026/280/8
f 2006/283/4 2224/306/4 2265/283/4 2046/283/4
f 1992/287/8 2206/287/8 2247/287/8 2031/287/8
f 2013/314/7 2014/313/7 2054/313/7 2053/314/7
f 1993/296/7 1994/295/7 2034/295/7 2033/296/7
f 2007/307/3 2008/275/3 2047/275/3 2048/307/3
f 1987/290/3 1988/115/3 2027/115/3 2028/290/3
f 2233/331/6 2015/317/6 2056/317/6 2272/317/6
f 2213/297/4 1995/299/4 2036/299/4 2252/297/4
f 2014/313/6 2232/315/6 2273/317/6 2054/313/6
f 1994/295/4 2212/297/4 2253/297/4 2034/295/4
f 2021/320/7 2022/319/7 2062/319/7 2061/320/7
f 2001/302/7 2002/301/7 2042/301/7 2041/302/7
f 2015/317/3 2016/316/3 2055/316/3 2056/317/3
f 1995/299/3 1996/298/3 2035/298/3 2036/299/3
f 2022/319/8 2240/323/8 2281/323/8 2062/319/8
f 2004/304/4 2218/302/4 2259/302/4 2043/304/4
f 2002/301/5 2220/303/5 2261/301/5 2042/301/5
f 2009/310/7 2010/309/7 2050/309/7 2049/310/7
f 2023/322/3 2024/284/3 2063/284/3 2064/322/3
f 1989/292/7 1990/291/7 2030/291/7 2029/292/7
f 2003/305/3 2004/304/3 2043/304/3 2044/305/3
f 2229/309/6 2011/312/6 2052/312/6 2268/328/6
f 2209/294/6 1991/286/6 2032/286/6 2248/294/6
f 2010/309/6 2228/309/6 2269/328/6 2050/309/6
f 1990/291/6 2208/294/6 2249/293/6 2030/291/6
f 2017/318/7 2018/281/7 2058/281/7 2057/318/7
f 1997/300/7 1998/278/7 2038/278/7 2037/300/7
f 2011/312/3 2012/311/3 2051/311/3 2052/312/3
f 1996/298/5 2210/296/5 2251/325/5 2035/298/5
f 2016/316/8 2230/316/8 2271/316/8 2055/316/8
f 2207/287/8 1989/292/8 2029/292/8 2246/287/8
f 2227/327/8 2009/310/8 2049/310/8 2266/327/8
f 2222/276/5 2005/277/5 2045/277/5 2263/326/5
f 2241/323/8 2023/322/8 2064/322/8 2280/319/8
f 2221/305/5 2003/305/5 2044/305/5 2260/301/5
f 2214/279/6 1997/300/6 2037/300/6 2255/285/6
f 2020/282/4 2235/329/4 2274/329/4 2059/282/4
f 2211/296/5 1993/296/5 2033/296/5 2250/325/5
f 2231/316/8 2013/314/8 2053/314/8 2270/316/8
f 2205/280/8 1987/290/8 2028/290/8 2244/324/8
f 2012/311/8 2226/327/8 2267/332/8 2051/311/8
f 2203/333/6 1985/115/6 2025/115/6 2242/321/6
f 2199/99/4 1981/99/4 2021/320/4 2239/330/4
f 2201/119/4 1984/98/4 2023/322/4 2241/323/4
f 2195/336/8 1977/272/8 2017/318/8 2234/329/8
f 2197/271/8 1980/274/8 2019/281/8 2236/281/8
f 2191/337/5 1973/270/5 2013/314/5 2231/316/5
f 1979/273/8 2194/338/8 2235/329/8 2020/282/8
f 2187/339/5 1969/107/5 2009/310/5 2227/327/5
f 1975/218/5 2190/337/5 2230/316/5 2016/316/5
f 2185/265/6 1968/267/6 2007/307/6 2225/307/6
f 1971/268/5 2186/339/5 2226/332/5 2012/311/5
f 2181/110/8 1964/110/8 2003/305/8 2221/305/8
f 2183/266/6 1965/264/6 2005/277/6 2222/276/6
f 2177/340/4 1960/260/4 1999/278/4 2216/278/4
f 2179/116/8 1961/219/8 2001/302/8 2219/302/8
f 2171/341/6 1953/258/6 1993/296/6 2211/296/6
f 2175/289/4 1957/261/4 1997/300/4 2214/279/4
f 2167/250/5 1949/254/5 1989/292/5 2207/287/5
f 1955/216/6 2170/341/6 2210/296/6 1996/298/6
f 2163/114/4 1945/249/4 1985/115/4 2203/115/4
f 2165/248/4 1948/252/4 1987/290/4 2205/280/4
f 2234/329/4 2017/318/4 2057/318/4 2275/329/4
f 2216/335/8 1999/278/8 2040/278/8 2257/278/8
f 2236/281/5 2019/281/5 2060/281/5 2277/281/5
f 2219/302/4 2001/302/4 2041/302/4 2258/302/4
f 2225/306/4 2007/307/4 2048/307/4 2264/307/4
f 2209/294/6 2248/294/6 2249/293/6 2208/294/6
f 2229/309/6 2268/328/6 2269/328/6 2228/309/6
f 2207/287/8 2246/287/8 2247/287/8 2206/287/8
f 2227/327/8 2266/327/8 2267/332/8 2226/327/8
f 2221/305/5 2260/301/5 2261/301/5 2220/303/5
f 2241/323/8 2280/319/8 2281/323/8 2240/323/8
f 2219/302/4 2258/302/4 2259/302/4 2218/302/4
f 2239/330/6 2278/330/6 2279/284/6 2238/284/6
f 2213/297/4 2252/297/4 2253/297/4 2212/297/4
f 2233/331/6 2272/317/6 2273/317/6 2232/315/6
f 2211/296/5 2250/325/5 2251/325/5 2210/296/5
f 2231/316/8 2270/316/8 2271/316/8 2230/316/8
f 2205/280/8 2244/324/8 2245/324/8 2204/280/8
f 2225/306/4 2264/307/4 2265/283/4 2224/306/4
f 2203/333/6 2242/321/6 2243/321/6 2202/115/6
f 2266/327/3 2269/328/3 2285/328/3 2288/327/3
f 2246/287/3 2249/294/3 2283/294/3 2286/287/3
f 2268/328/7 2267/327/7 2289/327/7 2284/328/7
f 2279/284/8 2278/330/8 2296/330/8 2297/284/8
f 2248/294/7 2247/287/7 2287/287/7 2282/294/7
f 2270/316/3 2273/317/3 2301/317/3 2304/316/3
f 2249/293/8 2248/294/8 2282/294/8 2283/293/8
f 2251/325/4 2250/325/4 2302/325/4 2303/325/4
f 2250/325/3 2253/297/3 2299/297/3 2302/325/3
f 2272/334/7 2434/389/7 2430/390/7 2300/334/7
f 2199/99/4 2239/330/4 2238/284/4 2198/99/4
f 2201/119/4 2241/323/4 2240/323/4 2200/119/4
f 2195/336/8 2234/329/8 2235/329/8 2194/338/8
f 2197/271/8 2236/281/8 2237/281/8 2196/274/8
f 2191/337/5 2231/316/5 2230/316/5 2190/337/5
f 2193/217/5 2233/315/5 2232/315/5 2192/217/5
f 2187/339/5 2227/327/5 2226/332/5 2186/339/5
f 2189/108/5 2229/309/5 2228/309/5 2188/108/5
f 2183/266/6 2222/276/6 2223/308/6 2182/266/6
f 2185/265/6 2225/307/6 2224/306/6 2184/265/6
f 2179/116/8 2219/302/8 2218/302/8 2178/116/8
f 2181/110/8 2221/305/8 2220/303/8 2180/110/8
f 2175/289/4 2214/279/4 2215/279/4 2174/289/4
f 2177/340/4 2216/278/4 2217/278/4 2176/260/4
f 2171/341/6 2211/296/6 2210/296/6 2170/341/6
f 2173/215/6 2213/297/6 2212/297/6 2172/259/6
f 2167/250/5 2207/287/5 2206/287/5 2166/250/5
f 2169/255/5 2209/294/5 2208/293/5 2168/288/5
f 2163/114/4 2203/115/4 2202/115/4 2162/114/4
f 2165/248/4 2205/280/4 2204/280/4 2164/248/4
f 2234/329/4 2275/329/4 2274/329/4 2235/329/4
f 2214/279/6 2255/285/6 2254/285/6 2215/279/6
f 2236/281/5 2277/281/5 2276/281/5 2237/281/5
f 2216/335/8 2257/278/8 2256/278/8 2217/278/8
f 2222/276/5 2263/326/5 2262/277/5 2223/276/5
f 2292/319/4 2297/284/4 2296/330/4 2293/319/4
f 2313/281/8 2429/391/8 2427/392/8 2312/281/8
f 2300/334/5 2430/390/5 2305/316/5 2304/316/5 2301/317/5
f 2284/328/5 2289/327/5 2288/327/5 2285/328/5
f 2308/306/6 2316/326/6 2317/326/6 2309/283/6
f 2290/303/8 2295/302/8 2294/302/8 2291/301/8
f 2319/335/4 2320/285/4 2321/285/4 2318/278/4
f 2298/297/6 2303/325/6 2302/325/6 2299/297/6
f 2282/294/5 2287/287/5 2286/287/5 2283/294/5
f 2306/324/4 2311/321/4 2310/115/4 2307/324/4
f 2261/301/4 2260/301/4 2290/301/4 2291/301/4
f 2244/324/7 2243/321/7 2311/321/7 2306/324/7
f 2264/306/7 2262/326/7 2316/326/7 2308/306/7
f 2242/115/3 2245/324/3 2307/324/3 2310/115/3
f 2271/316/6 2270/316/6 2304/316/6 2305/316/6
f 2269/328/8 2268/328/8 2284/328/8 2285/328/8
f 2262/277/4 2263/326/4 2317/326/4 2316/277/4
f 2243/321/8 2242/321/8 2310/321/8 2311/321/8
f 2253/297/5 2252/297/5 2298/297/5 2299/297/5
f 2263/326/3 2265/283/3 2309/283/3 2317/326/3
f 2260/303/7 2259/302/7 2295/302/7 2290/303/7
f 2281/323/6 2280/319/6 2292/319/6 2293/323/6
f 2280/319/7 2279/284/7 2297/284/7 2292/319/7
f 2258/302/3 2261/301/3 2291/301/3 2294/302/3
f 2278/330/3 2281/319/3 2293/319/3 2296/330/3
f 2245/324/6 2244/324/6 2306/324/6 2307/324/6
f 2247/287/6 2246/287/6 2286/287/6 2287/287/6
f 2256/278/6 2257/278/6 2319/278/6 2318/278/6
f 2276/281/4 2277/281/4 2313/281/4 2312/281/4
f 2257/335/7 2254/285/7 2320/285/7 2319/335/7
f 2273/317/8 2272/317/8 2300/317/8 2301/317/8
f 2277/281/7 2429/391/7 2313/281/7
f 2254/285/8 2255/285/8 2321/285/8 2320/285/8
f 2259/302/5 2258/302/5 2294/302/5 2295/302/5
f 2274/329/5 2275/329/5 2315/329/5 2314/329/5
f 2255/285/3 2256/278/3 2318/278/3 2321/285/3
f 2275/329/3 2276/281/3 2312/281/3 2427/392/3 2315/329/3
f 2265/283/5 2264/307/5 2308/307/5 2309/283/5
f 2267/332/6 2266/327/6 2288/327/6 2289/332/6
f 2252/297/7 2251/325/7 2303/325/7 2298/297/7
f 1268/87/4 1267/86/4 2341/7/4 2342/29/4
f 1269/86/4 1270/369/4 2344/26/4 2343/25/4
f 1270/369/4 1375/87/4 2345/28/4 2344/26/4
f 1376/86/4 1269/86/4 2343/25/4 2346/7/4
f 1375/87/4 1268/87/4 2342/29/4 2345/28/4
f 1267/86/4 1376/86/4 2346/7/4 2341/7/4
f 1268/87/8 1375/87/8 2353/87/8 2352/87/8 2348/87/8
f 1376/86/6 1267/86/6 2347/86/6 2354/86/6 2356/86/6
f 1270/369/3 1269/86/3 2349/86/3 2350/369/3
f 1375/87/8 1270/369/8 2350/369/8 2351/370/8 2353/87/8
f 1269/86/6 1376/86/6 2356/86/6 2355/86/6 2349/86/6
f 2352/371/6 2351/87/6 2357/87/6 2358/371/6
f 2357/87/4 2360/86/4 2359/86/4 2358/87/4
f 2351/87/7 2355/86/7 2360/86/7 2357/87/7
f 2355/372/8 2354/86/8 2359/86/8 2360/372/8
f 2354/86/3 2352/87/3 2358/87/3 2359/86/3
f 2412/381/8 2409/382/8 2421/382/8 2424/381/8
f 2410/383/5 2409/382/5 2415/376/5 2416/377/5
f 2411/384/5 2410/383/5 2416/377/5 2417/378/5
f 2412/381/5 2413/385/5 2419/379/5 2418/375/5
f 2413/385/5 2414/386/5 2420/380/5 2419/379/5
f 2409/382/5 2412/381/5 2418/375/5 2415/376/5
f 2414/386/5 2411/384/5 2417/378/5 2420/380/5
f 2413/385/3 2412/381/3 2424/381/3 2425/385/3
f 2409/382/8 2410/383/8 2422/383/8 2421/382/8
f 2411/384/6 2414/386/6 2426/386/6 2423/384/6
f 2414/386/6 2413/385/6 2425/385/6 2426/386/6
f 2410/383/7 2411/384/7 2423/384/7 2422/383/7
f 2427/392/8 2429/391/8 2314/329/8 2315/329/8
f 2429/391/7 2277/281/7 2274/329/7 2314/329/7
f 2430/390/7 2434/389/7 2271/316/7 2305/316/7
usemtl roof
f 1112/356/7 1113/355/7 1114/351/7 1115/352/7 1116/357/7 1117/358/7 1118/359/7 1119/360/7 1120/345/7 1221/367/7 1222/368/7
l 2340 2060
