# Blender 5.1.2
# www.blender.org
mtllib factory.mtl
o Cylinder.006_Cylinder.009
v 0.823491 -0.267088 -0.006937
v 0.823491 -0.266847 0.363340
v 0.822876 -0.266966 -0.006937
v 0.822972 -0.266744 0.363333
v 0.822354 -0.266618 -0.006937
v 0.822531 -0.266451 0.363314
v 0.822005 -0.266096 -0.006937
v 0.822235 -0.266011 0.363285
v 0.821883 -0.265480 -0.006937
v 0.822128 -0.265491 0.363252
v 0.822005 -0.264865 -0.006937
v 0.822228 -0.264967 0.363219
v 0.822354 -0.264343 -0.006937
v 0.822521 -0.264520 0.363192
v 0.822876 -0.263994 -0.006937
v 0.822965 -0.264220 0.363175
v 0.823491 -0.263872 -0.006937
v 0.823491 -0.264114 0.363169
v 0.824107 -0.263994 -0.006937
v 0.824017 -0.264220 0.363175
v 0.824628 -0.264343 -0.006937
v 0.824461 -0.264520 0.363192
v 0.824977 -0.264865 -0.006937
v 0.824754 -0.264967 0.363219
v 0.825099 -0.265480 -0.006937
v 0.824854 -0.265491 0.363252
v 0.824977 -0.266096 -0.006937
v 0.824747 -0.266011 0.363285
v 0.824628 -0.266618 -0.006937
v 0.824451 -0.266451 0.363314
v 0.824107 -0.266966 -0.006937
v 0.824010 -0.266744 0.363333
v 0.823491 -0.267375 0.366224
v 0.822977 -0.267281 0.366259
v 0.822538 -0.267011 0.366359
v 0.822240 -0.266603 0.366510
v 0.822128 -0.266117 0.366690
v 0.822224 -0.265624 0.366872
v 0.822517 -0.265203 0.367028
v 0.822962 -0.264919 0.367133
v 0.823491 -0.264819 0.367170
v 0.824020 -0.264919 0.367133
v 0.824465 -0.265203 0.367028
v 0.824758 -0.265624 0.366872
v 0.824854 -0.266117 0.366690
v 0.824743 -0.266603 0.366510
v 0.824444 -0.267011 0.366359
v 0.824005 -0.267281 0.366259
v 0.823491 -0.268905 0.368826
v 0.822977 -0.268828 0.368891
v 0.822538 -0.268610 0.369078
v 0.822239 -0.268280 0.369361
v 0.822128 -0.267886 0.369699
v 0.822224 -0.267488 0.370040
v 0.822517 -0.267146 0.370333
v 0.822962 -0.266916 0.370530
v 0.823491 -0.266835 0.370600
v 0.824020 -0.266916 0.370530
v 0.824465 -0.267146 0.370333
v 0.824758 -0.267488 0.370040
v 0.824854 -0.267886 0.369699
v 0.824743 -0.268280 0.369361
v 0.824444 -0.268610 0.369078
v 0.824005 -0.268828 0.368891
v 0.823491 -0.271242 0.370735
v 0.822977 -0.271193 0.370822
v 0.822538 -0.271053 0.371074
v 0.822239 -0.270842 0.371454
v 0.822128 -0.270589 0.371907
v 0.822224 -0.270334 0.372366
v 0.822517 -0.270116 0.372759
v 0.822962 -0.269968 0.373023
v 0.823491 -0.269917 0.373116
v 0.824020 -0.269968 0.373023
v 0.824465 -0.270116 0.372759
v 0.824758 -0.270334 0.372366
v 0.824854 -0.270589 0.371907
v 0.824743 -0.270842 0.371454
v 0.824444 -0.271053 0.371074
v 0.824005 -0.271193 0.370822
v 0.823491 -0.274096 0.371714
v 0.822977 -0.274081 0.371813
v 0.822538 -0.274037 0.372098
v 0.822239 -0.273970 0.372527
v 0.822128 -0.273891 0.373040
v 0.822224 -0.273811 0.373559
v 0.822517 -0.273742 0.374003
v 0.822962 -0.273696 0.374302
v 0.823491 -0.273680 0.374408
v 0.824020 -0.273696 0.374302
v 0.824465 -0.273742 0.374003
v 0.824758 -0.273811 0.373559
v 0.824854 -0.273891 0.373040
v 0.824743 -0.273970 0.372527
v 0.824444 -0.274037 0.372098
v 0.824005 -0.274081 0.371813
v 0.823491 -0.277113 0.371642
v 0.822977 -0.277133 0.371741
v 0.822538 -0.277191 0.372023
v 0.822239 -0.277277 0.372448
v 0.822128 -0.277381 0.372957
v 0.822224 -0.277486 0.373471
v 0.822517 -0.277575 0.373912
v 0.822962 -0.277636 0.374208
v 0.823491 -0.277657 0.374313
v 0.824020 -0.277636 0.374208
v 0.824465 -0.277575 0.373912
v 0.824758 -0.277486 0.373471
v 0.824854 -0.277381 0.372957
v 0.824742 -0.277277 0.372448
v 0.824444 -0.277190 0.372023
v 0.824005 -0.277133 0.371741
v 0.823491 -0.279918 0.370528
v 0.822977 -0.279971 0.370613
v 0.822538 -0.280122 0.370858
v 0.822239 -0.280351 0.371227
v 0.822128 -0.280625 0.371668
v 0.822224 -0.280902 0.372114
v 0.822517 -0.281139 0.372496
v 0.822962 -0.281298 0.372753
v 0.823491 -0.281354 0.372844
v 0.824020 -0.281298 0.372753
v 0.824465 -0.281139 0.372496
v 0.824758 -0.280902 0.372114
v 0.824854 -0.280625 0.371668
v 0.824742 -0.280351 0.371227
v 0.824444 -0.280122 0.370858
v 0.824005 -0.279971 0.370613
v 0.823491 -0.282161 0.368510
v 0.822977 -0.282240 0.368572
v 0.822538 -0.282468 0.368748
v 0.822239 -0.282811 0.369015
v 0.822128 -0.283220 0.369334
v 0.822224 -0.283634 0.369656
v 0.822517 -0.283989 0.369932
v 0.822962 -0.284228 0.370118
v 0.823491 -0.284313 0.370184
v 0.824020 -0.284228 0.370118
v 0.824465 -0.283989 0.369932
v 0.824758 -0.283634 0.369656
v 0.824854 -0.283220 0.369334
v 0.824742 -0.282811 0.369015
v 0.824444 -0.282468 0.368748
v 0.824005 -0.282240 0.368572
v 0.823491 -0.283499 0.365997
v 0.822972 -0.283602 0.366015
v 0.822532 -0.283894 0.366068
v 0.822237 -0.284330 0.366147
v 0.822128 -0.284845 0.366240
v 0.822222 -0.285366 0.366337
v 0.822511 -0.285816 0.366422
v 0.822957 -0.286121 0.366482
v 0.823491 -0.286229 0.366504
v 0.824024 -0.286121 0.366482
v 0.824470 -0.285816 0.366422
v 0.824760 -0.285366 0.366337
v 0.824854 -0.284845 0.366240
v 0.824744 -0.284330 0.366147
v 0.824449 -0.283894 0.366068
v 0.824010 -0.283602 0.366015
v 0.802220 -0.267088 -0.006937
v 0.802220 -0.266847 0.363340
v 0.802836 -0.266966 -0.006937
v 0.802739 -0.266744 0.363333
v 0.803357 -0.266618 -0.006937
v 0.803180 -0.266451 0.363314
v 0.803706 -0.266096 -0.006937
v 0.803476 -0.266011 0.363285
v 0.803829 -0.265480 -0.006937
v 0.803583 -0.265491 0.363252
v 0.803706 -0.264865 -0.006937
v 0.803484 -0.264967 0.363219
v 0.803357 -0.264343 -0.006937
v 0.803190 -0.264520 0.363192
v 0.802836 -0.263994 -0.006937
v 0.802747 -0.264220 0.363175
v 0.802220 -0.263872 -0.006937
v 0.802220 -0.264114 0.363169
v 0.801605 -0.263994 -0.006937
v 0.801694 -0.264220 0.363175
v 0.801083 -0.264343 -0.006937
v 0.801250 -0.264520 0.363192
v 0.800735 -0.264865 -0.006937
v 0.800957 -0.264967 0.363219
v 0.800612 -0.265480 -0.006937
v 0.800857 -0.265491 0.363252
v 0.800735 -0.266096 -0.006937
v 0.800965 -0.266011 0.363285
v 0.801083 -0.266618 -0.006937
v 0.801261 -0.266451 0.363314
v 0.801605 -0.266966 -0.006937
v 0.801701 -0.266744 0.363333
v 0.802220 -0.267375 0.366224
v 0.802734 -0.267281 0.366259
v 0.803173 -0.267011 0.366359
v 0.803472 -0.266603 0.366510
v 0.803583 -0.266117 0.366690
v 0.803487 -0.265624 0.366872
v 0.803194 -0.265203 0.367028
v 0.802749 -0.264919 0.367133
v 0.802220 -0.264819 0.367170
v 0.801692 -0.264919 0.367133
v 0.801246 -0.265203 0.367028
v 0.800954 -0.265624 0.366872
v 0.800857 -0.266117 0.366690
v 0.800969 -0.266603 0.366510
v 0.801268 -0.267011 0.366359
v 0.801707 -0.267281 0.366259
v 0.802220 -0.268905 0.368826
v 0.802734 -0.268828 0.368891
v 0.803173 -0.268610 0.369078
v 0.803472 -0.268280 0.369361
v 0.803583 -0.267886 0.369699
v 0.803487 -0.267488 0.370040
v 0.803195 -0.267146 0.370333
v 0.802749 -0.266916 0.370530
v 0.802220 -0.266835 0.370600
v 0.801692 -0.266916 0.370530
v 0.801246 -0.267146 0.370333
v 0.800954 -0.267488 0.370040
v 0.800857 -0.267886 0.369699
v 0.800969 -0.268280 0.369361
v 0.801268 -0.268610 0.369078
v 0.801707 -0.268828 0.368891
v 0.802220 -0.271242 0.370735
v 0.802734 -0.271193 0.370822
v 0.803173 -0.271053 0.371074
v 0.803472 -0.270842 0.371454
v 0.803584 -0.270589 0.371907
v 0.803487 -0.270334 0.372366
v 0.803195 -0.270116 0.372759
v 0.802749 -0.269968 0.373023
v 0.802220 -0.269917 0.373116
v 0.801692 -0.269968 0.373023
v 0.801246 -0.270116 0.372759
v 0.800954 -0.270334 0.372366
v 0.800857 -0.270589 0.371907
v 0.800969 -0.270842 0.371454
v 0.801268 -0.271053 0.371074
v 0.801707 -0.271193 0.370822
v 0.802221 -0.274096 0.371714
v 0.802734 -0.274081 0.371813
v 0.803173 -0.274037 0.372098
v 0.803472 -0.273970 0.372527
v 0.803584 -0.273891 0.373040
v 0.803487 -0.273811 0.373559
v 0.803195 -0.273742 0.374003
v 0.802749 -0.273696 0.374302
v 0.802221 -0.273680 0.374408
v 0.801692 -0.273696 0.374302
v 0.801246 -0.273742 0.374003
v 0.800954 -0.273811 0.373559
v 0.800857 -0.273891 0.373040
v 0.800969 -0.273970 0.372527
v 0.801268 -0.274037 0.372098
v 0.801707 -0.274081 0.371813
v 0.802221 -0.277113 0.371642
v 0.802734 -0.277133 0.371741
v 0.803173 -0.277191 0.372023
v 0.803472 -0.277277 0.372448
v 0.803584 -0.277381 0.372957
v 0.803487 -0.277486 0.373471
v 0.803195 -0.277575 0.373912
v 0.802749 -0.277636 0.374208
v 0.802221 -0.277657 0.374313
v 0.801692 -0.277636 0.374208
v 0.801246 -0.277575 0.373912
v 0.800954 -0.277486 0.373471
v 0.800857 -0.277381 0.372957
v 0.800969 -0.277277 0.372448
v 0.801268 -0.277190 0.372023
v 0.801707 -0.277133 0.371741
v 0.802221 -0.279917 0.370528
v 0.802734 -0.279971 0.370613
v 0.803173 -0.280122 0.370858
v 0.803472 -0.280351 0.371227
v 0.803584 -0.280625 0.371668
v 0.803487 -0.280902 0.372114
v 0.803195 -0.281139 0.372496
v 0.802750 -0.281298 0.372753
v 0.802221 -0.281354 0.372844
v 0.801692 -0.281298 0.372753
v 0.801247 -0.281139 0.372496
v 0.800954 -0.280902 0.372114
v 0.800858 -0.280625 0.371668
v 0.800969 -0.280351 0.371227
v 0.801268 -0.280122 0.370858
v 0.801707 -0.279971 0.370613
v 0.802221 -0.282161 0.368510
v 0.802734 -0.282240 0.368572
v 0.803174 -0.282468 0.368748
v 0.803472 -0.282811 0.369015
v 0.803584 -0.283220 0.369334
v 0.803487 -0.283634 0.369656
v 0.803195 -0.283989 0.369932
v 0.802750 -0.284228 0.370118
v 0.802221 -0.284313 0.370184
v 0.801692 -0.284228 0.370118
v 0.801247 -0.283989 0.369932
v 0.800954 -0.283634 0.369656
v 0.800858 -0.283220 0.369334
v 0.800969 -0.282811 0.369015
v 0.801268 -0.282468 0.368748
v 0.801707 -0.282240 0.368572
v 0.802221 -0.283499 0.365997
v 0.802740 -0.283602 0.366015
v 0.803179 -0.283894 0.366068
v 0.803474 -0.284330 0.366147
v 0.803584 -0.284845 0.366240
v 0.803490 -0.285366 0.366337
v 0.803200 -0.285816 0.366422
v 0.802755 -0.286121 0.366482
v 0.802221 -0.286229 0.366504
v 0.801687 -0.286121 0.366482
v 0.801241 -0.285816 0.366422
v 0.800952 -0.285366 0.366337
v 0.800858 -0.284845 0.366240
v 0.800967 -0.284330 0.366147
v 0.801262 -0.283894 0.366068
v 0.801702 -0.283602 0.366015
v 0.355076 -1.074878 -0.007432
v 0.355076 -1.074878 0.187016
v 0.380590 -1.074878 -0.007432
v 0.380590 -1.074878 0.187016
v 0.355076 -1.100393 -0.007432
v 0.355076 -1.100393 0.187016
v 0.380590 -1.100393 -0.007432
v 0.380590 -1.100393 0.187016
v 0.355076 -0.902708 -0.007432
v 0.355076 -0.902708 0.187016
v 0.380590 -0.902708 -0.007432
v 0.380590 -0.902708 0.187016
v 0.355076 -0.877193 -0.007432
v 0.355076 -0.877193 0.187016
v 0.380590 -0.877193 -0.007432
v 0.380590 -0.877193 0.187016
v 0.556103 -0.479752 -0.007432
v 0.556103 -0.479752 0.136734
v 0.530589 -0.479752 -0.007432
v 0.530589 -0.479752 0.136734
v 0.556103 -0.454238 -0.007432
v 0.556103 -0.454238 0.136734
v 0.530589 -0.454238 -0.007432
v 0.530589 -0.454238 0.136734
v 0.556103 -0.612094 -0.007432
v 0.556103 -0.612094 0.136734
v 0.530589 -0.612094 -0.007432
v 0.530589 -0.612094 0.136734
v 0.556103 -0.586580 -0.007432
v 0.556103 -0.586580 0.136734
v 0.530589 -0.586580 -0.007432
v 0.530589 -0.586580 0.136734
v 0.612268 -0.874893 0.195863
v 0.642383 -0.874893 0.195863
v 0.642383 -0.905008 0.195863
v 0.612268 -0.905008 0.195863
v 0.612268 -0.874893 0.190340
v 0.642383 -0.874893 0.190340
v 0.642383 -0.905008 0.190340
v 0.612268 -0.905008 0.190340
v 0.612250 -1.102693 0.195863
v 0.642365 -1.102693 0.195863
v 0.642365 -1.072578 0.195863
v 0.612250 -1.072578 0.195863
v 0.612250 -1.102693 0.190340
v 0.642365 -1.102693 0.190340
v 0.642365 -1.072578 0.190340
v 0.612250 -1.072578 0.190340
v 0.352775 -1.072578 0.190340
v 0.382890 -1.072578 0.190340
v 0.382890 -1.102693 0.190340
v 0.352775 -1.102693 0.190340
v 0.352775 -0.905008 0.190340
v 0.382890 -0.905008 0.190340
v 0.382890 -0.874893 0.190340
v 0.352775 -0.874893 0.190340
v 0.558404 -0.482052 0.140059
v 0.528289 -0.482052 0.140059
v 0.528289 -0.451938 0.140059
v 0.558404 -0.451938 0.140059
v 0.558404 -0.614394 0.140059
v 0.528289 -0.614394 0.140059
v 0.528289 -0.584279 0.140059
v 0.558404 -0.584279 0.140059
v 0.640083 -0.877193 0.187016
v 0.640083 -0.877193 -0.007432
v 0.614568 -0.877193 0.187016
v 0.614568 -0.877193 -0.007432
v 0.640065 -1.100393 0.187016
v 0.640065 -1.100393 -0.007432
v 0.614550 -1.100393 0.187016
v 0.614550 -1.100393 -0.007432
v 0.352775 -1.072578 0.195863
v 0.382890 -1.072578 0.195863
v 0.382890 -1.102693 0.195863
v 0.352775 -1.102693 0.195863
v 0.352775 -0.905008 0.195863
v 0.382890 -0.905008 0.195863
v 0.382890 -0.874893 0.195863
v 0.352775 -0.874893 0.195863
v 0.558404 -0.482052 0.145581
v 0.528289 -0.482052 0.145581
v 0.528289 -0.451938 0.145581
v 0.558404 -0.451938 0.145581
v 0.558404 -0.614394 0.145581
v 0.528289 -0.614394 0.145581
v 0.528289 -0.584279 0.145581
v 0.558404 -0.584279 0.145581
v 0.640083 -0.902708 0.187016
v 0.640083 -0.902708 -0.007432
v 0.614568 -0.902708 0.187016
v 0.614568 -0.902708 -0.007432
v 0.640065 -1.074878 0.187016
v 0.640065 -1.074878 -0.007432
v 0.614550 -1.074878 0.187016
v 0.614550 -1.074878 -0.007432
v 0.870898 -1.074878 -0.007432
v 0.870898 -1.074878 0.187016
v 0.896412 -1.074878 -0.007432
v 0.896412 -1.074878 0.187016
v 0.870898 -1.100393 -0.007432
v 0.870898 -1.100393 0.187016
v 0.896412 -1.100393 -0.007432
v 0.896412 -1.100393 0.187016
v 0.868598 -1.072578 0.190340
v 0.898713 -1.072578 0.190340
v 0.898713 -1.102693 0.190340
v 0.868598 -1.102693 0.190340
v 0.868598 -1.072578 0.195863
v 0.898713 -1.072578 0.195863
v 0.898713 -1.102693 0.195863
v 0.868598 -1.102693 0.195863
v 0.665129 -0.652736 0.158337
v 0.665129 -0.652736 0.161860
v 0.701536 -0.652736 0.158337
v 0.701536 -0.652736 0.161860
v 0.665129 -0.662867 0.158337
v 0.665129 -0.662867 0.161860
v 0.701536 -0.662867 0.158337
v 0.701536 -0.662867 0.161860
v 0.665129 -0.662867 0.165558
v 0.665129 -0.662867 0.169081
v 0.701536 -0.662867 0.165558
v 0.701536 -0.662867 0.169081
v 0.665129 -0.672997 0.165558
v 0.665129 -0.672997 0.169081
v 0.701536 -0.672997 0.165558
v 0.701536 -0.672997 0.169081
v 0.665129 -0.672997 0.172780
v 0.665129 -0.672997 0.176303
v 0.701536 -0.672997 0.172780
v 0.701536 -0.672997 0.176303
v 0.665129 -0.683128 0.172780
v 0.665129 -0.683128 0.176303
v 0.701536 -0.683128 0.172780
v 0.701536 -0.683128 0.176303
v 0.665129 -0.683128 0.180002
v 0.665129 -0.683128 0.183524
v 0.701536 -0.683128 0.180002
v 0.701536 -0.683128 0.183524
v 0.665129 -0.693258 0.180002
v 0.665129 -0.693258 0.183524
v 0.701536 -0.693258 0.180002
v 0.701536 -0.693258 0.183524
v 0.665129 -0.693258 0.187223
v 0.665129 -0.693258 0.190746
v 0.701536 -0.693258 0.187223
v 0.701536 -0.693258 0.190746
v 0.665129 -0.703389 0.187223
v 0.665129 -0.703389 0.190746
v 0.701536 -0.703389 0.187223
v 0.701536 -0.703389 0.190746
v 0.665129 -0.703389 0.194445
v 0.665129 -0.703389 0.197968
v 0.701536 -0.703389 0.194445
v 0.701536 -0.703389 0.197968
v 0.665129 -0.713519 0.194445
v 0.665129 -0.713519 0.197968
v 0.701536 -0.713519 0.194445
v 0.701536 -0.713519 0.197968
v 0.665129 -0.713519 0.201667
v 0.665129 -0.713519 0.205189
v 0.701536 -0.713519 0.201667
v 0.701536 -0.713519 0.205189
v 0.665129 -0.723650 0.201667
v 0.665129 -0.723650 0.205189
v 0.701536 -0.723650 0.201667
v 0.701536 -0.723650 0.205189
v 0.665129 -0.723650 0.208888
v 0.665129 -0.723650 0.212411
v 0.701536 -0.723650 0.208888
v 0.701536 -0.723650 0.212411
v 0.665129 -0.733780 0.208888
v 0.665129 -0.733780 0.212411
v 0.701536 -0.733780 0.208888
v 0.701536 -0.733780 0.212411
v 0.665129 -0.733780 0.216110
v 0.665129 -0.733780 0.219633
v 0.701536 -0.733780 0.216110
v 0.701536 -0.733780 0.219633
v 0.665129 -0.743911 0.216110
v 0.665129 -0.743911 0.219633
v 0.701536 -0.743911 0.216110
v 0.701536 -0.743911 0.219633
v 0.665129 -0.743911 0.223331
v 0.665129 -0.743911 0.226854
v 0.701536 -0.743911 0.223331
v 0.701536 -0.743911 0.226854
v 0.665129 -0.754041 0.223331
v 0.665129 -0.754041 0.226854
v 0.701536 -0.754041 0.223331
v 0.701536 -0.754041 0.226854
v 0.665129 -0.754041 0.230553
v 0.665129 -0.754041 0.234076
v 0.701536 -0.754041 0.230553
v 0.701536 -0.754041 0.234076
v 0.665129 -0.764172 0.230553
v 0.665129 -0.764172 0.234076
v 0.701536 -0.764172 0.230553
v 0.701536 -0.764172 0.234076
v 0.665129 -0.764172 0.237775
v 0.665129 -0.764172 0.241298
v 0.701536 -0.764172 0.237775
v 0.701536 -0.764172 0.241298
v 0.665129 -0.774302 0.237775
v 0.665129 -0.774302 0.241298
v 0.701536 -0.774302 0.237775
v 0.701536 -0.774302 0.241298
v 0.665129 -0.774491 0.244030
v 0.665129 -0.774491 0.247553
v 0.701536 -0.774491 0.244030
v 0.701536 -0.774491 0.247553
v 0.665129 -0.813643 0.244030
v 0.665129 -0.813643 0.247553
v 0.701536 -0.813643 0.244030
v 0.701536 -0.813643 0.247553
v 0.662518 -0.652760 0.155462
v 0.662518 -0.652760 0.195074
v 0.665187 -0.652760 0.155462
v 0.665187 -0.652760 0.195074
v 0.662518 -0.655429 0.155462
v 0.662518 -0.655429 0.193265
v 0.665187 -0.655429 0.155462
v 0.665187 -0.655429 0.193265
v 0.662518 -0.772492 0.272929
v 0.665187 -0.772492 0.272929
v 0.662518 -0.774148 0.270836
v 0.665187 -0.774148 0.270836
v 0.662518 -0.775231 0.273578
v 0.665187 -0.775231 0.273578
v 0.662518 -0.775368 0.270913
v 0.665187 -0.775368 0.270913
v 0.662518 -0.813778 0.273361
v 0.662518 -0.813915 0.270696
v 0.665187 -0.811231 0.273376
v 0.665187 -0.811368 0.270710
v 0.894174 -0.813778 0.273361
v 0.894174 -0.813914 0.270696
v 0.891372 -0.811231 0.273376
v 0.891372 -0.811368 0.270710
v 0.894174 -0.457995 0.273376
v 0.894174 -0.458131 0.270710
v 0.891372 -0.461255 0.270710
v 0.891372 -0.461119 0.273376
v 0.702106 -0.457995 0.273376
v 0.702106 -0.458131 0.270710
v 0.705038 -0.461255 0.270710
v 0.705038 -0.461119 0.273376
v 0.705038 -0.777121 0.273376
v 0.705038 -0.777121 0.270710
v 0.702106 -0.777121 0.273376
v 0.702106 -0.777121 0.270710
v 0.662518 -0.774370 0.155462
v 0.662599 -0.774370 0.271016
v 0.665187 -0.774370 0.155462
v 0.665105 -0.774370 0.271016
v 0.662518 -0.777039 0.155462
v 0.662599 -0.777039 0.271016
v 0.665187 -0.777039 0.155462
v 0.665105 -0.777039 0.271016
v 0.662518 -0.811323 0.155462
v 0.662518 -0.811323 0.270693
v 0.665187 -0.811323 0.155462
v 0.665187 -0.811323 0.270693
v 0.662518 -0.813865 0.155462
v 0.662518 -0.813865 0.270693
v 0.665187 -0.813865 0.155462
v 0.665187 -0.813865 0.270693
v 0.702298 -0.811323 0.246963
v 0.702298 -0.811323 0.270693
v 0.704967 -0.811323 0.246963
v 0.704967 -0.811323 0.270693
v 0.702298 -0.813993 0.246963
v 0.702298 -0.813993 0.270693
v 0.704967 -0.813993 0.246963
v 0.704967 -0.813993 0.270693
v 0.749406 -0.811323 0.246963
v 0.749406 -0.811323 0.270693
v 0.752075 -0.811323 0.246963
v 0.752075 -0.811323 0.270693
v 0.749406 -0.813993 0.246963
v 0.749406 -0.813993 0.270693
v 0.752075 -0.813993 0.246963
v 0.752075 -0.813993 0.270693
v 0.796515 -0.811323 0.246963
v 0.796515 -0.811323 0.270693
v 0.799184 -0.811323 0.246963
v 0.799184 -0.811323 0.270693
v 0.796515 -0.813993 0.246963
v 0.796515 -0.813993 0.270693
v 0.799184 -0.813993 0.246963
v 0.799184 -0.813993 0.270693
v 0.843624 -0.811323 0.246963
v 0.843624 -0.811323 0.270693
v 0.846293 -0.811323 0.246963
v 0.846293 -0.811323 0.270693
v 0.843624 -0.813993 0.246963
v 0.843624 -0.813993 0.270693
v 0.846293 -0.813993 0.246963
v 0.846293 -0.813993 0.270693
v 0.890733 -0.811323 0.246963
v 0.890733 -0.811323 0.270693
v 0.893402 -0.811323 0.246963
v 0.893402 -0.811323 0.270693
v 0.890733 -0.813993 0.246963
v 0.890733 -0.813993 0.270693
v 0.893402 -0.813993 0.246963
v 0.893402 -0.813993 0.270693
v 0.371489 -0.961470 -0.007505
v 0.369019 -0.961470 -0.007505
v 0.369019 -1.015975 -0.007505
v 0.371489 -1.015975 -0.007505
v 0.371489 -1.013721 0.019139
v 0.371489 -1.013721 0.021556
v 0.371489 -1.013721 0.042180
v 0.371489 -1.013721 0.044615
v 0.369019 -1.013721 0.044645
v 0.369019 -1.013721 0.042206
v 0.369019 -1.013721 0.021531
v 0.369019 -1.013721 0.019110
v 0.369019 -1.015975 0.044215
v 0.369019 -1.015975 0.021042
v 0.371489 -0.963727 0.044613
v 0.371489 -0.963727 0.042179
v 0.371489 -0.963727 0.021558
v 0.371489 -0.963727 0.019141
v 0.369019 -0.963727 0.019111
v 0.369019 -0.963727 0.021532
v 0.369019 -0.963727 0.042204
v 0.369019 -0.963727 0.044643
v 0.369019 -0.961470 0.021043
v 0.369019 -0.961470 0.044214
v 0.371489 -0.988724 -0.007505
v 0.369019 -0.988724 -0.007505
v 0.369019 -0.990068 0.064253
v 0.369019 -0.987512 0.064253
v 0.371489 -0.990068 0.064253
v 0.371489 -0.987512 0.064253
v 0.369019 -0.988793 0.067176
v 0.371489 -0.987446 0.044614
v 0.371489 -0.990001 0.044614
v 0.369019 -0.990001 0.044644
v 0.369019 -0.987446 0.044644
v 0.371489 -0.987446 0.042180
v 0.371489 -0.990001 0.042180
v 0.369019 -0.987446 0.042205
v 0.369019 -0.990001 0.042205
v 0.369019 -0.990001 0.021532
v 0.369019 -0.987446 0.021532
v 0.369019 -0.987446 0.019110
v 0.369019 -0.990001 0.019110
v 0.371489 -0.990001 0.021557
v 0.371489 -0.987446 0.021557
v 0.371489 -0.987446 0.019140
v 0.371489 -0.990001 0.019140
v 0.369019 -1.001861 -0.007505
v 0.371489 -1.001861 -0.007505
v 0.369019 -0.975586 -0.007505
v 0.371489 -0.975586 -0.007505
v 0.369019 -0.965305 0.064253
v 0.369019 -0.963727 0.062572
v 0.369019 -1.013721 0.062572
v 0.369019 -1.012142 0.064253
v 0.371489 -1.013721 0.062581
v 0.371489 -1.012148 0.064253
v 0.371489 -0.965299 0.064253
v 0.371489 -0.963727 0.062581
v 0.369019 -0.961470 0.067176
v 0.369019 -0.963727 0.001008
v 0.369019 -1.015975 0.067176
v 0.371489 -0.963727 0.001008
v 0.371489 -0.974369 0.044614
v 0.371489 -0.976804 0.044614
v 0.369019 -0.976804 0.044644
v 0.369019 -0.974369 0.044644
v 0.371489 -0.976804 0.042180
v 0.371489 -0.974369 0.042180
v 0.369019 -0.974369 0.042205
v 0.369019 -0.976804 0.042205
v 0.371489 -0.976804 0.021557
v 0.371489 -0.974369 0.021557
v 0.369019 -0.974369 0.021532
v 0.369019 -0.976804 0.021532
v 0.369019 -0.976804 0.019111
v 0.369019 -0.974369 0.019111
v 0.371489 -0.974369 0.019140
v 0.371489 -0.976804 0.019140
v 0.369019 -1.000644 0.021531
v 0.369019 -1.003078 0.021531
v 0.369019 -1.003078 0.019110
v 0.369019 -1.000644 0.019110
v 0.371489 -1.003078 0.021557
v 0.371489 -1.000644 0.021557
v 0.371489 -1.000644 0.019140
v 0.371489 -1.003078 0.019140
v 0.371489 -1.003078 0.042180
v 0.371489 -1.000644 0.042180
v 0.371489 -1.000644 0.044614
v 0.371489 -1.003078 0.044614
v 0.369019 -1.000644 0.044644
v 0.369019 -1.003078 0.044644
v 0.369019 -1.003078 0.042205
v 0.369019 -1.000644 0.042205
v 0.371489 -0.990040 0.055736
v 0.371489 -0.990030 0.053536
v 0.371489 -0.987474 0.053536
v 0.371489 -0.987484 0.055736
v 0.369019 -0.990040 0.055751
v 0.369019 -0.990030 0.053551
v 0.369019 -0.987474 0.053551
v 0.369019 -0.987484 0.055751
v 0.371489 -0.978481 0.051084
v 0.371489 -0.980059 0.052717
v 0.371489 -0.980049 0.049684
v 0.371489 -0.981948 0.051252
v 0.369019 -0.978480 0.051108
v 0.369019 -0.980060 0.052739
v 0.369019 -0.981949 0.051274
v 0.369019 -0.980048 0.049707
v 0.371489 -0.999002 0.051081
v 0.371489 -0.997431 0.052721
v 0.369019 -0.995528 0.051277
v 0.369019 -0.997424 0.049704
v 0.369019 -0.997430 0.052743
v 0.369019 -0.999002 0.051105
v 0.371489 -0.997423 0.049681
v 0.371489 -0.995529 0.051256
v 0.371489 -0.974369 0.001008
v 0.369019 -0.974369 0.001008
v 0.369019 -0.976804 0.001008
v 0.371489 -0.976804 0.001008
v 0.371489 -0.990001 0.001008
v 0.371489 -0.987446 0.001008
v 0.369019 -0.990001 0.001008
v 0.369019 -0.987446 0.001008
v 0.369019 -1.000644 0.001008
v 0.369019 -1.003078 0.001008
v 0.371489 -1.003078 0.001008
v 0.371489 -1.000644 0.001008
v 0.369019 -1.013721 0.001008
v 0.371489 -1.013721 0.001008
v 0.702298 -0.458203 0.246963
v 0.702298 -0.458203 0.270693
v 0.704967 -0.458203 0.246963
v 0.704967 -0.458203 0.270693
v 0.702298 -0.460872 0.246963
v 0.702298 -0.460872 0.270693
v 0.704967 -0.460872 0.246963
v 0.704967 -0.460872 0.270693
v 0.749406 -0.458203 0.246963
v 0.749406 -0.458203 0.270693
v 0.752075 -0.458203 0.246963
v 0.752075 -0.458203 0.270693
v 0.749406 -0.460872 0.246963
v 0.749406 -0.460872 0.270693
v 0.752075 -0.460872 0.246963
v 0.752075 -0.460872 0.270693
v 0.796515 -0.458203 0.246963
v 0.796515 -0.458203 0.270693
v 0.799184 -0.458203 0.246963
v 0.799184 -0.458203 0.270693
v 0.796515 -0.460872 0.246963
v 0.796515 -0.460872 0.270693
v 0.799184 -0.460872 0.246963
v 0.799184 -0.460872 0.270693
v 0.843624 -0.458203 0.246963
v 0.843624 -0.458203 0.270693
v 0.846293 -0.458203 0.246963
v 0.846293 -0.458203 0.270693
v 0.843624 -0.460872 0.246963
v 0.843624 -0.460872 0.270693
v 0.846293 -0.460872 0.246963
v 0.846293 -0.460872 0.270693
v 0.890733 -0.458203 0.246963
v 0.890733 -0.458203 0.270693
v 0.893402 -0.458203 0.246963
v 0.893402 -0.458203 0.270693
v 0.890733 -0.460872 0.246963
v 0.890733 -0.460872 0.270693
v 0.893402 -0.460872 0.246963
v 0.893402 -0.460872 0.270693
v 0.702263 -0.776897 0.246963
v 0.702263 -0.776897 0.270693
v 0.702263 -0.774228 0.246963
v 0.702263 -0.774228 0.270693
v 0.704932 -0.776897 0.246963
v 0.704932 -0.776897 0.270693
v 0.704932 -0.774228 0.246963
v 0.704932 -0.774228 0.270693
v 0.702263 -0.731497 0.246963
v 0.702263 -0.731497 0.270693
v 0.702263 -0.728828 0.246963
v 0.702263 -0.728828 0.270693
v 0.704932 -0.731497 0.246963
v 0.704932 -0.731497 0.270693
v 0.704932 -0.728828 0.246963
v 0.704932 -0.728828 0.270693
v 0.702263 -0.686096 0.246963
v 0.702263 -0.686096 0.270693
v 0.702263 -0.683427 0.246963
v 0.702263 -0.683427 0.270693
v 0.704932 -0.686096 0.246963
v 0.704932 -0.686096 0.270693
v 0.704932 -0.683427 0.246963
v 0.704932 -0.683427 0.270693
v 0.702263 -0.640696 0.246963
v 0.702263 -0.640696 0.270693
v 0.702263 -0.638027 0.246963
v 0.702263 -0.638027 0.270693
v 0.704932 -0.640696 0.246963
v 0.704932 -0.640696 0.270693
v 0.704932 -0.638027 0.246963
v 0.704932 -0.638027 0.270693
v 0.702263 -0.595295 0.246963
v 0.702263 -0.595295 0.270693
v 0.702263 -0.592626 0.246963
v 0.702263 -0.592626 0.270693
v 0.704932 -0.595295 0.246963
v 0.704932 -0.595295 0.270693
v 0.704932 -0.592626 0.246963
v 0.704932 -0.592626 0.270693
v 0.702263 -0.549895 0.246963
v 0.702263 -0.549895 0.270693
v 0.702263 -0.547226 0.246963
v 0.702263 -0.547226 0.270693
v 0.704932 -0.549895 0.246963
v 0.704932 -0.549895 0.270693
v 0.704932 -0.547226 0.246963
v 0.704932 -0.547226 0.270693
v 0.702263 -0.504494 0.246963
v 0.702263 -0.504494 0.270693
v 0.702263 -0.501826 0.246963
v 0.702263 -0.501826 0.270693
v 0.704932 -0.504494 0.246963
v 0.704932 -0.504494 0.270693
v 0.704932 -0.501826 0.246963
v 0.704932 -0.501826 0.270693
v 0.894097 -0.501614 0.246963
v 0.894097 -0.501614 0.270693
v 0.894097 -0.504283 0.246963
v 0.894097 -0.504283 0.270693
v 0.891428 -0.501614 0.246963
v 0.891428 -0.501614 0.270693
v 0.891428 -0.504283 0.246963
v 0.891428 -0.504283 0.270693
v 0.894097 -0.547014 0.246963
v 0.894097 -0.547014 0.270693
v 0.894097 -0.549683 0.246963
v 0.894097 -0.549683 0.270693
v 0.891428 -0.547014 0.246963
v 0.891428 -0.547014 0.270693
v 0.891428 -0.549683 0.246963
v 0.891428 -0.549683 0.270693
v 0.894097 -0.592415 0.246963
v 0.894097 -0.592415 0.270693
v 0.894097 -0.595084 0.246963
v 0.894097 -0.595084 0.270693
v 0.891428 -0.592415 0.246963
v 0.891428 -0.592415 0.270693
v 0.891428 -0.595084 0.246963
v 0.891428 -0.595084 0.270693
v 0.894097 -0.637816 0.246963
v 0.894097 -0.637816 0.270693
v 0.894097 -0.640484 0.246963
v 0.894097 -0.640484 0.270693
v 0.891428 -0.637816 0.246963
v 0.891428 -0.637816 0.270693
v 0.891428 -0.640484 0.246963
v 0.891428 -0.640484 0.270693
v 0.894097 -0.683216 0.246963
v 0.894097 -0.683216 0.270693
v 0.894097 -0.685885 0.246963
v 0.894097 -0.685885 0.270693
v 0.891428 -0.683216 0.246963
v 0.891428 -0.683216 0.270693
v 0.891428 -0.685885 0.246963
v 0.891428 -0.685885 0.270693
v 0.894097 -0.728616 0.246963
v 0.894097 -0.728616 0.270693
v 0.894097 -0.731285 0.246963
v 0.894097 -0.731285 0.270693
v 0.891428 -0.728616 0.246963
v 0.891428 -0.728616 0.270693
v 0.891428 -0.731285 0.246963
v 0.891428 -0.731285 0.270693
v 0.894097 -0.774017 0.246963
v 0.894097 -0.774017 0.270693
v 0.894097 -0.776686 0.246963
v 0.894097 -0.776686 0.270693
v 0.891428 -0.774017 0.246963
v 0.891428 -0.774017 0.270693
v 0.891428 -0.776686 0.246963
v 0.891428 -0.776686 0.270693
v 0.702496 -0.458131 0.179362
v 0.702496 -0.457995 0.182028
v 0.702496 -0.461255 0.179362
v 0.702496 -0.461119 0.182028
v 0.625905 -0.457995 0.182028
v 0.625905 -0.458131 0.179362
v 0.628837 -0.461255 0.179362
v 0.628837 -0.461119 0.182028
v 0.628837 -0.878053 0.182028
v 0.628837 -0.878053 0.179362
v 0.625905 -0.878053 0.182028
v 0.625905 -0.878053 0.179362
v 0.626097 -0.458203 0.155615
v 0.626097 -0.458203 0.179345
v 0.628766 -0.458203 0.155615
v 0.628766 -0.458203 0.179345
v 0.626097 -0.460872 0.155615
v 0.626097 -0.460872 0.179345
v 0.628766 -0.460872 0.155615
v 0.628766 -0.460872 0.179345
v 0.663437 -0.458203 0.155615
v 0.663437 -0.458203 0.179345
v 0.666106 -0.458203 0.155615
v 0.666106 -0.458203 0.179345
v 0.663437 -0.460872 0.155615
v 0.663437 -0.460872 0.179345
v 0.666106 -0.460872 0.155615
v 0.666106 -0.460872 0.179345
v 0.628731 -0.491831 0.155615
v 0.628731 -0.491831 0.179345
v 0.628731 -0.494500 0.155615
v 0.628731 -0.494500 0.179345
v 0.626062 -0.491831 0.155615
v 0.626062 -0.491831 0.179345
v 0.626062 -0.494500 0.155615
v 0.626062 -0.494500 0.179345
v 0.628731 -0.535736 0.155615
v 0.628731 -0.535736 0.179345
v 0.628731 -0.538406 0.155615
v 0.628731 -0.538406 0.179345
v 0.626062 -0.535736 0.155615
v 0.626062 -0.535736 0.179345
v 0.626062 -0.538406 0.155615
v 0.626062 -0.538406 0.179345
v 0.628731 -0.579642 0.155615
v 0.628731 -0.579642 0.179345
v 0.628731 -0.582311 0.155615
v 0.628731 -0.582311 0.179345
v 0.626062 -0.579642 0.155615
v 0.626062 -0.579642 0.179345
v 0.626062 -0.582311 0.155615
v 0.626062 -0.582311 0.179345
v 0.628731 -0.623548 0.155615
v 0.628731 -0.623548 0.179345
v 0.628731 -0.626217 0.155615
v 0.628731 -0.626217 0.179345
v 0.626062 -0.623548 0.155615
v 0.626062 -0.623548 0.179345
v 0.626062 -0.626217 0.155615
v 0.626062 -0.626217 0.179345
v 0.628731 -0.667454 0.155615
v 0.628731 -0.667454 0.179345
v 0.628731 -0.670123 0.155615
v 0.628731 -0.670123 0.179345
v 0.626062 -0.667454 0.155615
v 0.626062 -0.667454 0.179345
v 0.626062 -0.670123 0.155615
v 0.626062 -0.670123 0.179345
v 0.628731 -0.711360 0.155615
v 0.628731 -0.711360 0.179345
v 0.628731 -0.714029 0.155615
v 0.628731 -0.714029 0.179345
v 0.626062 -0.711360 0.155615
v 0.626062 -0.711360 0.179345
v 0.626062 -0.714029 0.155615
v 0.626062 -0.714029 0.179345
v 0.628731 -0.755265 0.155615
v 0.628731 -0.755265 0.179345
v 0.628731 -0.757934 0.155615
v 0.628731 -0.757934 0.179345
v 0.626062 -0.755265 0.155615
v 0.626062 -0.755265 0.179345
v 0.626062 -0.757934 0.155615
v 0.626062 -0.757934 0.179345
v 0.628731 -0.799171 0.155615
v 0.628731 -0.799171 0.179345
v 0.628731 -0.801840 0.155615
v 0.628731 -0.801840 0.179345
v 0.626062 -0.799171 0.155615
v 0.626062 -0.799171 0.179345
v 0.626062 -0.801840 0.155615
v 0.626062 -0.801840 0.179345
v 0.628731 -0.843077 0.155615
v 0.628731 -0.843077 0.179345
v 0.628731 -0.845746 0.155615
v 0.628731 -0.845746 0.179345
v 0.626062 -0.843077 0.155615
v 0.626062 -0.843077 0.179345
v 0.626062 -0.845746 0.155615
v 0.626062 -0.845746 0.179345
v 0.838613 -1.097093 0.040830
v 0.838613 -1.093603 0.040830
v 0.789881 -1.097093 0.040830
v 0.789881 -1.093603 0.040830
v 0.837765 -1.097093 0.086888
v 0.831411 -1.097093 0.103494
v 0.826327 -1.097093 0.109380
v 0.820403 -1.097093 0.113083
v 0.820403 -1.093603 0.113083
v 0.826327 -1.093603 0.109380
v 0.831411 -1.093603 0.103494
v 0.837765 -1.093603 0.086888
v 0.808091 -1.097093 0.113083
v 0.802167 -1.097093 0.109380
v 0.797083 -1.097093 0.103494
v 0.790729 -1.097093 0.086888
v 0.790729 -1.093603 0.086888
v 0.797083 -1.093603 0.103494
v 0.802167 -1.093603 0.109380
v 0.808091 -1.093603 0.113083
v 0.839936 -1.097093 0.038833
v 0.788558 -1.097093 0.038833
v 0.820751 -1.097093 0.115026
v 0.826994 -1.097093 0.111125
v 0.832355 -1.097093 0.104918
v 0.839054 -1.097093 0.087409
v 0.789440 -1.097093 0.087409
v 0.796139 -1.097093 0.104918
v 0.801500 -1.097093 0.111125
v 0.807743 -1.097093 0.115026
v 0.815285 -1.097093 0.076159
v 0.813209 -1.097093 0.076159
v 0.813209 -1.093603 0.076159
v 0.815285 -1.093603 0.076159
v 0.813209 -1.097093 0.038833
v 0.815285 -1.097093 0.038833
v 0.813209 -1.097093 0.040830
v 0.815285 -1.097093 0.040830
v 0.815285 -1.093603 0.040830
v 0.813209 -1.093603 0.040830
v 0.838526 -1.097093 0.078172
v 0.838613 -1.097093 0.076159
v 0.838613 -1.093603 0.076159
v 0.838526 -1.093603 0.078172
v 0.789881 -1.097093 0.076159
v 0.789968 -1.097093 0.078172
v 0.789968 -1.093603 0.078172
v 0.789881 -1.093603 0.076159
v 0.839849 -1.097093 0.078303
v 0.839936 -1.097093 0.076290
v 0.788558 -1.097093 0.076290
v 0.788645 -1.097093 0.078303
v 0.813209 -1.093603 0.078172
v 0.813209 -1.097093 0.078172
v 0.815285 -1.097093 0.078172
v 0.815285 -1.093603 0.078172
v 0.834896 -1.097093 0.096641
v 0.835574 -1.097093 0.094868
v 0.835574 -1.093603 0.094868
v 0.834896 -1.093603 0.096641
v 0.792919 -1.097093 0.094868
v 0.793598 -1.097093 0.096641
v 0.793598 -1.093603 0.096641
v 0.792919 -1.093603 0.094868
v 0.836052 -1.097093 0.097648
v 0.836730 -1.097093 0.095875
v 0.791764 -1.097093 0.095875
v 0.792442 -1.097093 0.097648
v 0.813109 -1.097093 0.114122
v 0.815384 -1.097093 0.114122
v 0.815384 -1.093603 0.114122
v 0.813109 -1.093603 0.114122
v 0.813169 -1.097093 0.116137
v 0.815325 -1.097093 0.116137
v 0.813109 -1.093603 0.096641
v 0.815384 -1.093603 0.096641
v 0.815444 -1.097093 0.094868
v 0.813049 -1.097093 0.094868
v 0.815444 -1.093603 0.094868
v 0.813049 -1.093603 0.094868
v 0.815384 -1.097093 0.096641
v 0.813109 -1.097093 0.096641
v 0.826398 -1.093603 0.094868
v 0.824252 -1.093603 0.094868
v 0.824252 -1.093603 0.096641
v 0.826398 -1.093603 0.096641
v 0.824252 -1.097093 0.096641
v 0.826398 -1.097093 0.096641
v 0.826398 -1.097093 0.094868
v 0.824252 -1.097093 0.094868
v 0.802096 -1.093603 0.096641
v 0.804242 -1.093603 0.096641
v 0.802096 -1.097093 0.096641
v 0.804242 -1.097093 0.096641
v 0.804242 -1.093603 0.094868
v 0.802096 -1.093603 0.094868
v 0.804242 -1.097093 0.094868
v 0.802096 -1.097093 0.094868
v 0.826398 -1.097093 0.076159
v 0.824252 -1.097093 0.076159
v 0.826398 -1.097093 0.078172
v 0.824252 -1.097093 0.078172
v 0.824252 -1.093603 0.078172
v 0.826398 -1.093603 0.078172
v 0.826398 -1.093603 0.076159
v 0.824252 -1.093603 0.076159
v 0.804242 -1.093603 0.076159
v 0.802096 -1.093603 0.076159
v 0.802096 -1.093603 0.078172
v 0.804242 -1.093603 0.078172
v 0.804242 -1.097093 0.078172
v 0.802096 -1.097093 0.078172
v 0.804242 -1.097093 0.076159
v 0.802096 -1.097093 0.076159
v 0.724038 -1.097093 0.040830
v 0.724038 -1.093603 0.040830
v 0.675306 -1.097093 0.040830
v 0.675306 -1.093603 0.040830
v 0.723190 -1.097093 0.086888
v 0.716837 -1.097093 0.103494
v 0.711752 -1.097093 0.109380
v 0.705829 -1.097093 0.113083
v 0.705829 -1.093603 0.113083
v 0.711752 -1.093603 0.109380
v 0.716837 -1.093603 0.103494
v 0.723190 -1.093603 0.086888
v 0.693516 -1.097093 0.113083
v 0.687592 -1.097093 0.109380
v 0.682508 -1.097093 0.103494
v 0.676154 -1.097093 0.086888
v 0.676154 -1.093603 0.086888
v 0.682508 -1.093603 0.103494
v 0.687592 -1.093603 0.109380
v 0.693516 -1.093603 0.113083
v 0.725362 -1.097093 0.038833
v 0.673983 -1.097093 0.038833
v 0.706177 -1.097093 0.115026
v 0.712419 -1.097093 0.111125
v 0.717780 -1.097093 0.104918
v 0.724480 -1.097093 0.087409
v 0.674865 -1.097093 0.087409
v 0.681564 -1.097093 0.104918
v 0.686925 -1.097093 0.111125
v 0.693168 -1.097093 0.115026
v 0.700710 -1.097093 0.076159
v 0.698635 -1.097093 0.076159
v 0.698635 -1.093603 0.076159
v 0.700710 -1.093603 0.076159
v 0.698635 -1.097093 0.038833
v 0.700710 -1.097093 0.038833
v 0.698635 -1.097093 0.040830
v 0.700710 -1.097093 0.040830
v 0.700710 -1.093603 0.040830
v 0.698635 -1.093603 0.040830
v 0.723951 -1.097093 0.078172
v 0.724038 -1.097093 0.076159
v 0.724038 -1.093603 0.076159
v 0.723951 -1.093603 0.078172
v 0.675306 -1.097093 0.076159
v 0.675394 -1.097093 0.078172
v 0.675394 -1.093603 0.078172
v 0.675306 -1.093603 0.076159
v 0.725274 -1.097093 0.078303
v 0.725362 -1.097093 0.076290
v 0.673983 -1.097093 0.076290
v 0.674070 -1.097093 0.078303
v 0.698635 -1.093603 0.078172
v 0.698635 -1.097093 0.078172
v 0.700710 -1.097093 0.078172
v 0.700710 -1.093603 0.078172
v 0.720321 -1.097093 0.096641
v 0.721000 -1.097093 0.094868
v 0.721000 -1.093603 0.094868
v 0.720321 -1.093603 0.096641
v 0.678345 -1.097093 0.094868
v 0.679023 -1.097093 0.096641
v 0.679023 -1.093603 0.096641
v 0.678345 -1.093603 0.094868
v 0.721477 -1.097093 0.097648
v 0.722156 -1.097093 0.095875
v 0.677189 -1.097093 0.095875
v 0.677867 -1.097093 0.097648
v 0.698535 -1.097093 0.114122
v 0.700810 -1.097093 0.114122
v 0.700810 -1.093603 0.114122
v 0.698535 -1.093603 0.114122
v 0.698594 -1.097093 0.116137
v 0.700750 -1.097093 0.116137
v 0.698535 -1.093603 0.096641
v 0.700810 -1.093603 0.096641
v 0.700870 -1.097093 0.094868
v 0.698475 -1.097093 0.094868
v 0.700870 -1.093603 0.094868
v 0.698475 -1.093603 0.094868
v 0.700810 -1.097093 0.096641
v 0.698535 -1.097093 0.096641
v 0.711823 -1.093603 0.094868
v 0.709677 -1.093603 0.094868
v 0.709677 -1.093603 0.096641
v 0.711823 -1.093603 0.096641
v 0.709677 -1.097093 0.096641
v 0.711823 -1.097093 0.096641
v 0.711823 -1.097093 0.094868
v 0.709677 -1.097093 0.094868
v 0.687521 -1.093603 0.096641
v 0.689667 -1.093603 0.096641
v 0.687521 -1.097093 0.096641
v 0.689667 -1.097093 0.096641
v 0.689667 -1.093603 0.094868
v 0.687521 -1.093603 0.094868
v 0.689667 -1.097093 0.094868
v 0.687521 -1.097093 0.094868
v 0.711823 -1.097093 0.076159
v 0.709677 -1.097093 0.076159
v 0.711823 -1.097093 0.078172
v 0.709677 -1.097093 0.078172
v 0.709677 -1.093603 0.078172
v 0.711823 -1.093603 0.078172
v 0.711823 -1.093603 0.076159
v 0.709677 -1.093603 0.076159
v 0.689667 -1.093603 0.076159
v 0.687521 -1.093603 0.076159
v 0.687521 -1.093603 0.078172
v 0.689667 -1.093603 0.078172
v 0.689667 -1.097093 0.078172
v 0.687521 -1.097093 0.078172
v 0.689667 -1.097093 0.076159
v 0.687521 -1.097093 0.076159
v 0.813109 -1.097093 0.096641
v 0.813109 -1.097093 0.096641
v 0.813109 -1.097093 0.114122
v 0.813109 -1.097093 0.114122
v 0.815384 -1.097093 0.096641
v 0.815384 -1.097093 0.096641
v 0.815384 -1.097093 0.114122
v 0.815384 -1.097093 0.114122
v 0.813209 -1.097093 0.040830
v 0.813209 -1.097093 0.040830
v 0.813209 -1.097093 0.076159
v 0.813209 -1.097093 0.076159
v 0.813209 -1.093603 0.076159
v 0.820403 -1.097093 0.113083
v 0.826327 -1.097093 0.109380
v 0.831411 -1.097093 0.103494
v 0.797083 -1.097093 0.103494
v 0.802167 -1.097093 0.109380
v 0.808091 -1.097093 0.113083
v 0.789881 -1.097093 0.040830
v 0.789881 -1.097093 0.040830
v 0.789881 -1.093603 0.040830
v 0.838613 -1.093603 0.040830
v 0.838613 -1.097093 0.040830
v 0.838613 -1.097093 0.040830
v 0.815285 -1.097093 0.040830
v 0.815285 -1.097093 0.040830
v 0.815285 -1.097093 0.076159
v 0.815285 -1.097093 0.076159
v 0.815285 -1.093603 0.076159
v 0.813209 -1.093603 0.040830
v 0.815285 -1.093603 0.040830
v 0.789968 -1.093603 0.078172
v 0.789968 -1.097093 0.078172
v 0.789968 -1.097093 0.078172
v 0.789881 -1.097093 0.076159
v 0.789881 -1.097093 0.076159
v 0.789881 -1.093603 0.076159
v 0.838613 -1.093603 0.076159
v 0.838613 -1.097093 0.076159
v 0.838613 -1.097093 0.076159
v 0.838526 -1.097093 0.078172
v 0.838526 -1.097093 0.078172
v 0.838526 -1.093603 0.078172
v 0.837765 -1.097093 0.086888
v 0.790729 -1.097093 0.086888
v 0.813209 -1.097093 0.078172
v 0.815285 -1.097093 0.078172
v 0.824252 -1.097093 0.078172
v 0.824252 -1.097093 0.078172
v 0.824252 -1.097093 0.094868
v 0.824252 -1.097093 0.094868
v 0.793598 -1.093603 0.096641
v 0.793598 -1.097093 0.096641
v 0.793598 -1.097093 0.096641
v 0.792919 -1.097093 0.094868
v 0.792919 -1.097093 0.094868
v 0.792919 -1.093603 0.094868
v 0.835574 -1.093603 0.094868
v 0.835574 -1.097093 0.094868
v 0.835574 -1.097093 0.094868
v 0.834896 -1.097093 0.096641
v 0.834896 -1.097093 0.096641
v 0.834896 -1.093603 0.096641
v 0.815384 -1.093603 0.114122
v 0.813109 -1.093603 0.114122
v 0.815444 -1.097093 0.094868
v 0.813049 -1.097093 0.094868
v 0.815384 -1.093603 0.096641
v 0.813109 -1.093603 0.096641
v 0.804242 -1.097093 0.078172
v 0.804242 -1.097093 0.078172
v 0.804242 -1.097093 0.094868
v 0.804242 -1.097093 0.094868
v 0.826398 -1.097093 0.078172
v 0.826398 -1.097093 0.078172
v 0.826398 -1.097093 0.094868
v 0.826398 -1.097093 0.094868
v 0.802096 -1.097093 0.078172
v 0.802096 -1.097093 0.078172
v 0.802096 -1.097093 0.094868
v 0.802096 -1.097093 0.094868
v 0.826398 -1.093603 0.094868
v 0.824252 -1.093603 0.094868
v 0.824252 -1.097093 0.096641
v 0.826398 -1.097093 0.096641
v 0.802096 -1.097093 0.096641
v 0.804242 -1.097093 0.096641
v 0.804242 -1.093603 0.094868
v 0.802096 -1.093603 0.094868
v 0.826398 -1.097093 0.076159
v 0.824252 -1.097093 0.076159
v 0.824252 -1.093603 0.078172
v 0.826398 -1.093603 0.078172
v 0.804242 -1.097093 0.076159
v 0.802096 -1.097093 0.076159
v 0.804242 -1.093603 0.078172
v 0.802096 -1.093603 0.078172
v 0.698535 -1.097093 0.096641
v 0.698535 -1.097093 0.096641
v 0.698535 -1.097093 0.114122
v 0.698535 -1.097093 0.114122
v 0.700810 -1.097093 0.096641
v 0.700810 -1.097093 0.096641
v 0.700810 -1.097093 0.114122
v 0.700810 -1.097093 0.114122
v 0.698635 -1.097093 0.040830
v 0.698635 -1.097093 0.040830
v 0.698635 -1.097093 0.076159
v 0.698635 -1.097093 0.076159
v 0.698635 -1.093603 0.076159
v 0.705829 -1.097093 0.113083
v 0.711752 -1.097093 0.109380
v 0.716837 -1.097093 0.103494
v 0.682508 -1.097093 0.103494
v 0.687592 -1.097093 0.109380
v 0.693516 -1.097093 0.113083
v 0.675306 -1.097093 0.040830
v 0.675306 -1.097093 0.040830
v 0.675306 -1.093603 0.040830
v 0.724038 -1.093603 0.040830
v 0.724038 -1.097093 0.040830
v 0.724038 -1.097093 0.040830
v 0.700710 -1.097093 0.040830
v 0.700710 -1.097093 0.040830
v 0.700710 -1.097093 0.076159
v 0.700710 -1.097093 0.076159
v 0.700710 -1.093603 0.076159
v 0.698635 -1.093603 0.040830
v 0.700710 -1.093603 0.040830
v 0.675394 -1.093603 0.078172
v 0.675394 -1.097093 0.078172
v 0.675394 -1.097093 0.078172
v 0.675306 -1.097093 0.076159
v 0.675306 -1.097093 0.076159
v 0.675306 -1.093603 0.076159
v 0.724038 -1.093603 0.076159
v 0.724038 -1.097093 0.076159
v 0.724038 -1.097093 0.076159
v 0.723951 -1.097093 0.078172
v 0.723951 -1.097093 0.078172
v 0.723951 -1.093603 0.078172
v 0.723190 -1.097093 0.086888
v 0.676154 -1.097093 0.086888
v 0.698635 -1.097093 0.078172
v 0.700710 -1.097093 0.078172
v 0.709677 -1.097093 0.078172
v 0.709677 -1.097093 0.078172
v 0.709677 -1.097093 0.094868
v 0.709677 -1.097093 0.094868
v 0.679023 -1.093603 0.096641
v 0.679023 -1.097093 0.096641
v 0.679023 -1.097093 0.096641
v 0.678345 -1.097093 0.094868
v 0.678345 -1.097093 0.094868
v 0.678345 -1.093603 0.094868
v 0.721000 -1.093603 0.094868
v 0.721000 -1.097093 0.094868
v 0.721000 -1.097093 0.094868
v 0.720321 -1.097093 0.096641
v 0.720321 -1.097093 0.096641
v 0.720321 -1.093603 0.096641
v 0.700810 -1.093603 0.114122
v 0.698535 -1.093603 0.114122
v 0.700870 -1.097093 0.094868
v 0.698475 -1.097093 0.094868
v 0.700810 -1.093603 0.096641
v 0.698535 -1.093603 0.096641
v 0.689667 -1.097093 0.078172
v 0.689667 -1.097093 0.078172
v 0.689667 -1.097093 0.094868
v 0.689667 -1.097093 0.094868
v 0.711823 -1.097093 0.078172
v 0.711823 -1.097093 0.078172
v 0.711823 -1.097093 0.094868
v 0.711823 -1.097093 0.094868
v 0.687521 -1.097093 0.078172
v 0.687521 -1.097093 0.078172
v 0.687521 -1.097093 0.094868
v 0.687521 -1.097093 0.094868
v 0.711823 -1.093603 0.094868
v 0.709677 -1.093603 0.094868
v 0.709677 -1.097093 0.096641
v 0.711823 -1.097093 0.096641
v 0.687521 -1.097093 0.096641
v 0.689667 -1.097093 0.096641
v 0.689667 -1.093603 0.094868
v 0.687521 -1.093603 0.094868
v 0.711823 -1.097093 0.076159
v 0.709677 -1.097093 0.076159
v 0.709677 -1.093603 0.078172
v 0.711823 -1.093603 0.078172
v 0.689667 -1.097093 0.076159
v 0.687521 -1.097093 0.076159
v 0.689667 -1.093603 0.078172
v 0.687521 -1.093603 0.078172
v 0.416217 -0.880610 0.040830
v 0.416217 -0.884099 0.040830
v 0.464949 -0.880610 0.040830
v 0.464949 -0.884099 0.040830
v 0.417065 -0.880610 0.086888
v 0.423419 -0.880610 0.103494
v 0.428503 -0.880610 0.109381
v 0.434427 -0.880610 0.113083
v 0.434427 -0.884099 0.113083
v 0.428503 -0.884099 0.109381
v 0.423419 -0.884099 0.103494
v 0.417065 -0.884099 0.086888
v 0.446740 -0.880610 0.113083
v 0.452663 -0.880610 0.109381
v 0.457747 -0.880610 0.103494
v 0.464101 -0.880610 0.086888
v 0.464101 -0.884099 0.086888
v 0.457747 -0.884099 0.103494
v 0.452663 -0.884099 0.109381
v 0.446740 -0.884099 0.113083
v 0.414894 -0.880610 0.038833
v 0.466272 -0.880610 0.038833
v 0.434079 -0.880610 0.115026
v 0.427836 -0.880610 0.111125
v 0.422475 -0.880610 0.104918
v 0.415776 -0.880610 0.087409
v 0.465390 -0.880610 0.087409
v 0.458691 -0.880610 0.104918
v 0.453330 -0.880610 0.111125
v 0.447087 -0.880610 0.115026
v 0.439545 -0.880610 0.076159
v 0.441621 -0.880610 0.076159
v 0.441621 -0.884099 0.076159
v 0.439545 -0.884099 0.076159
v 0.441621 -0.880610 0.038833
v 0.439545 -0.880610 0.038833
v 0.441621 -0.880610 0.040830
v 0.439545 -0.880610 0.040830
v 0.439545 -0.884099 0.040830
v 0.441621 -0.884099 0.040830
v 0.416304 -0.880610 0.078172
v 0.416217 -0.880610 0.076159
v 0.416217 -0.884099 0.076159
v 0.416304 -0.884099 0.078172
v 0.464949 -0.880610 0.076159
v 0.464862 -0.880610 0.078172
v 0.464862 -0.884099 0.078172
v 0.464949 -0.884099 0.076159
v 0.414981 -0.880610 0.078303
v 0.414894 -0.880610 0.076290
v 0.466272 -0.880610 0.076290
v 0.466185 -0.880610 0.078303
v 0.441621 -0.884099 0.078172
v 0.441621 -0.880610 0.078172
v 0.439545 -0.880610 0.078172
v 0.439545 -0.884099 0.078172
v 0.419934 -0.880610 0.096641
v 0.419256 -0.880610 0.094868
v 0.419256 -0.884099 0.094868
v 0.419934 -0.884099 0.096641
v 0.461911 -0.880610 0.094868
v 0.461232 -0.880610 0.096641
v 0.461232 -0.884099 0.096641
v 0.461911 -0.884099 0.094868
v 0.418778 -0.880610 0.097648
v 0.418100 -0.880610 0.095875
v 0.463066 -0.880610 0.095875
v 0.462388 -0.880610 0.097648
v 0.441721 -0.880610 0.114122
v 0.439446 -0.880610 0.114122
v 0.439446 -0.884099 0.114122
v 0.441721 -0.884099 0.114122
v 0.441661 -0.880610 0.116137
v 0.439505 -0.880610 0.116137
v 0.441721 -0.884099 0.096641
v 0.439446 -0.884099 0.096641
v 0.439386 -0.880610 0.094868
v 0.441780 -0.880610 0.094868
v 0.439386 -0.884099 0.094868
v 0.441780 -0.884099 0.094868
v 0.439446 -0.880610 0.096641
v 0.441721 -0.880610 0.096641
v 0.428432 -0.884099 0.094868
v 0.430578 -0.884099 0.094868
v 0.430578 -0.884099 0.096641
v 0.428432 -0.884099 0.096641
v 0.430578 -0.880610 0.096641
v 0.428432 -0.880610 0.096641
v 0.428432 -0.880610 0.094868
v 0.430578 -0.880610 0.094868
v 0.452734 -0.884099 0.096641
v 0.450588 -0.884099 0.096641
v 0.452734 -0.880610 0.096641
v 0.450588 -0.880610 0.096641
v 0.450588 -0.884099 0.094868
v 0.452734 -0.884099 0.094868
v 0.450588 -0.880610 0.094868
v 0.452734 -0.880610 0.094868
v 0.428432 -0.880610 0.076159
v 0.430578 -0.880610 0.076159
v 0.428432 -0.880610 0.078172
v 0.430578 -0.880610 0.078172
v 0.430578 -0.884099 0.078172
v 0.428432 -0.884099 0.078172
v 0.428432 -0.884099 0.076159
v 0.430578 -0.884099 0.076159
v 0.450588 -0.884099 0.076159
v 0.452734 -0.884099 0.076159
v 0.452734 -0.884099 0.078172
v 0.450588 -0.884099 0.078172
v 0.450588 -0.880610 0.078172
v 0.452734 -0.880610 0.078172
v 0.450588 -0.880610 0.076159
v 0.452734 -0.880610 0.076159
v 0.530792 -0.880610 0.040830
v 0.530792 -0.884099 0.040830
v 0.579524 -0.880610 0.040830
v 0.579524 -0.884099 0.040830
v 0.531640 -0.880610 0.086888
v 0.537993 -0.880610 0.103494
v 0.543078 -0.880610 0.109381
v 0.549001 -0.880610 0.113083
v 0.549001 -0.884099 0.113083
v 0.543078 -0.884099 0.109381
v 0.537993 -0.884099 0.103494
v 0.531640 -0.884099 0.086888
v 0.561314 -0.880610 0.113083
v 0.567237 -0.880610 0.109381
v 0.572322 -0.880610 0.103494
v 0.578676 -0.880610 0.086888
v 0.578676 -0.884099 0.086888
v 0.572322 -0.884099 0.103494
v 0.567237 -0.884099 0.109381
v 0.561314 -0.884099 0.113083
v 0.529468 -0.880610 0.038833
v 0.580847 -0.880610 0.038833
v 0.548653 -0.880610 0.115026
v 0.542411 -0.880610 0.111125
v 0.537050 -0.880610 0.104918
v 0.530350 -0.880610 0.087409
v 0.579965 -0.880610 0.087409
v 0.573266 -0.880610 0.104918
v 0.567905 -0.880610 0.111125
v 0.561662 -0.880610 0.115026
v 0.554120 -0.880610 0.076159
v 0.556195 -0.880610 0.076159
v 0.556195 -0.884099 0.076159
v 0.554120 -0.884099 0.076159
v 0.556195 -0.880610 0.038833
v 0.554120 -0.880610 0.038833
v 0.556195 -0.880610 0.040830
v 0.554120 -0.880610 0.040830
v 0.554120 -0.884099 0.040830
v 0.556195 -0.884099 0.040830
v 0.530879 -0.880610 0.078172
v 0.530792 -0.880610 0.076159
v 0.530792 -0.884099 0.076159
v 0.530879 -0.884099 0.078172
v 0.579524 -0.880610 0.076159
v 0.579436 -0.880610 0.078172
v 0.579436 -0.884099 0.078172
v 0.579524 -0.884099 0.076159
v 0.529556 -0.880610 0.078303
v 0.529468 -0.880610 0.076290
v 0.580847 -0.880610 0.076290
v 0.580760 -0.880610 0.078303
v 0.556195 -0.884099 0.078172
v 0.556195 -0.880610 0.078172
v 0.554120 -0.880610 0.078172
v 0.554120 -0.884099 0.078172
v 0.534508 -0.880610 0.096641
v 0.533830 -0.880610 0.094868
v 0.533830 -0.884099 0.094868
v 0.534508 -0.884099 0.096641
v 0.576485 -0.880610 0.094868
v 0.575807 -0.880610 0.096641
v 0.575807 -0.884099 0.096641
v 0.576485 -0.884099 0.094868
v 0.533353 -0.880610 0.097648
v 0.532674 -0.880610 0.095875
v 0.577641 -0.880610 0.095875
v 0.576963 -0.880610 0.097648
v 0.556295 -0.880610 0.114122
v 0.554020 -0.880610 0.114122
v 0.554020 -0.884099 0.114122
v 0.556295 -0.884099 0.114122
v 0.556235 -0.880610 0.116137
v 0.554080 -0.880610 0.116137
v 0.556295 -0.884099 0.096641
v 0.554020 -0.884099 0.096641
v 0.553960 -0.880610 0.094868
v 0.556355 -0.880610 0.094868
v 0.553960 -0.884099 0.094868
v 0.556355 -0.884099 0.094868
v 0.554020 -0.880610 0.096641
v 0.556295 -0.880610 0.096641
v 0.543007 -0.884099 0.094868
v 0.545153 -0.884099 0.094868
v 0.545153 -0.884099 0.096641
v 0.543007 -0.884099 0.096641
v 0.545153 -0.880610 0.096641
v 0.543007 -0.880610 0.096641
v 0.543007 -0.880610 0.094868
v 0.545153 -0.880610 0.094868
v 0.567309 -0.884099 0.096641
v 0.565162 -0.884099 0.096641
v 0.567309 -0.880610 0.096641
v 0.565162 -0.880610 0.096641
v 0.565162 -0.884099 0.094868
v 0.567309 -0.884099 0.094868
v 0.565162 -0.880610 0.094868
v 0.567309 -0.880610 0.094868
v 0.543007 -0.880610 0.076159
v 0.545153 -0.880610 0.076159
v 0.543007 -0.880610 0.078172
v 0.545153 -0.880610 0.078172
v 0.545153 -0.884099 0.078172
v 0.543007 -0.884099 0.078172
v 0.543007 -0.884099 0.076159
v 0.545153 -0.884099 0.076159
v 0.565162 -0.884099 0.076159
v 0.567309 -0.884099 0.076159
v 0.567309 -0.884099 0.078172
v 0.565162 -0.884099 0.078172
v 0.565162 -0.880610 0.078172
v 0.567309 -0.880610 0.078172
v 0.565162 -0.880610 0.076159
v 0.567309 -0.880610 0.076159
v 0.441721 -0.880610 0.096641
v 0.441721 -0.880610 0.096641
v 0.441721 -0.880610 0.114122
v 0.441721 -0.880610 0.114122
v 0.439446 -0.880610 0.096641
v 0.439446 -0.880610 0.096641
v 0.439446 -0.880610 0.114122
v 0.439446 -0.880610 0.114122
v 0.441621 -0.880610 0.040830
v 0.441621 -0.880610 0.040830
v 0.441621 -0.880610 0.076159
v 0.441621 -0.880610 0.076159
v 0.441621 -0.884099 0.076159
v 0.434427 -0.880610 0.113083
v 0.428503 -0.880610 0.109381
v 0.423419 -0.880610 0.103494
v 0.457747 -0.880610 0.103494
v 0.452663 -0.880610 0.109381
v 0.446740 -0.880610 0.113083
v 0.464949 -0.880610 0.040830
v 0.464949 -0.880610 0.040830
v 0.464949 -0.884099 0.040830
v 0.416217 -0.884099 0.040830
v 0.416217 -0.880610 0.040830
v 0.416217 -0.880610 0.040830
v 0.439545 -0.880610 0.040830
v 0.439545 -0.880610 0.040830
v 0.439545 -0.880610 0.076159
v 0.439545 -0.880610 0.076159
v 0.439545 -0.884099 0.076159
v 0.441621 -0.884099 0.040830
v 0.439545 -0.884099 0.040830
v 0.464862 -0.884099 0.078172
v 0.464862 -0.880610 0.078172
v 0.464862 -0.880610 0.078172
v 0.464949 -0.880610 0.076159
v 0.464949 -0.880610 0.076159
v 0.464949 -0.884099 0.076159
v 0.416217 -0.884099 0.076159
v 0.416217 -0.880610 0.076159
v 0.416217 -0.880610 0.076159
v 0.416304 -0.880610 0.078172
v 0.416304 -0.880610 0.078172
v 0.416304 -0.884099 0.078172
v 0.417065 -0.880610 0.086888
v 0.464101 -0.880610 0.086888
v 0.441621 -0.880610 0.078172
v 0.439545 -0.880610 0.078172
v 0.430578 -0.880610 0.078172
v 0.430578 -0.880610 0.078172
v 0.430578 -0.880610 0.094868
v 0.430578 -0.880610 0.094868
v 0.461232 -0.884099 0.096641
v 0.461232 -0.880610 0.096641
v 0.461232 -0.880610 0.096641
v 0.461911 -0.880610 0.094868
v 0.461911 -0.880610 0.094868
v 0.461911 -0.884099 0.094868
v 0.419256 -0.884099 0.094868
v 0.419256 -0.880610 0.094868
v 0.419256 -0.880610 0.094868
v 0.419934 -0.880610 0.096641
v 0.419934 -0.880610 0.096641
v 0.419934 -0.884099 0.096641
v 0.439446 -0.884099 0.114122
v 0.441721 -0.884099 0.114122
v 0.439386 -0.880610 0.094868
v 0.441780 -0.880610 0.094868
v 0.439446 -0.884099 0.096641
v 0.441721 -0.884099 0.096641
v 0.450588 -0.880610 0.078172
v 0.450588 -0.880610 0.078172
v 0.450588 -0.880610 0.094868
v 0.450588 -0.880610 0.094868
v 0.428432 -0.880610 0.078172
v 0.428432 -0.880610 0.078172
v 0.428432 -0.880610 0.094868
v 0.428432 -0.880610 0.094868
v 0.452734 -0.880610 0.078172
v 0.452734 -0.880610 0.078172
v 0.452734 -0.880610 0.094868
v 0.452734 -0.880610 0.094868
v 0.428432 -0.884099 0.094868
v 0.430578 -0.884099 0.094868
v 0.430578 -0.880610 0.096641
v 0.428432 -0.880610 0.096641
v 0.452734 -0.880610 0.096641
v 0.450588 -0.880610 0.096641
v 0.450588 -0.884099 0.094868
v 0.452734 -0.884099 0.094868
v 0.428432 -0.880610 0.076159
v 0.430578 -0.880610 0.076159
v 0.430578 -0.884099 0.078172
v 0.428432 -0.884099 0.078172
v 0.450588 -0.880610 0.076159
v 0.452734 -0.880610 0.076159
v 0.450588 -0.884099 0.078172
v 0.452734 -0.884099 0.078172
v 0.556295 -0.880610 0.096641
v 0.556295 -0.880610 0.096641
v 0.556295 -0.880610 0.114122
v 0.556295 -0.880610 0.114122
v 0.554020 -0.880610 0.096641
v 0.554020 -0.880610 0.096641
v 0.554020 -0.880610 0.114122
v 0.554020 -0.880610 0.114122
v 0.556195 -0.880610 0.040830
v 0.556195 -0.880610 0.040830
v 0.556195 -0.880610 0.076159
v 0.556195 -0.880610 0.076159
v 0.556195 -0.884099 0.076159
v 0.549001 -0.880610 0.113083
v 0.543078 -0.880610 0.109381
v 0.537993 -0.880610 0.103494
v 0.572322 -0.880610 0.103494
v 0.567237 -0.880610 0.109381
v 0.561314 -0.880610 0.113083
v 0.579524 -0.880610 0.040830
v 0.579524 -0.880610 0.040830
v 0.579524 -0.884099 0.040830
v 0.530792 -0.884099 0.040830
v 0.530792 -0.880610 0.040830
v 0.530792 -0.880610 0.040830
v 0.554120 -0.880610 0.040830
v 0.554120 -0.880610 0.040830
v 0.554120 -0.880610 0.076159
v 0.554120 -0.880610 0.076159
v 0.554120 -0.884099 0.076159
v 0.556195 -0.884099 0.040830
v 0.554120 -0.884099 0.040830
v 0.579436 -0.884099 0.078172
v 0.579436 -0.880610 0.078172
v 0.579436 -0.880610 0.078172
v 0.579524 -0.880610 0.076159
v 0.579524 -0.880610 0.076159
v 0.579524 -0.884099 0.076159
v 0.530792 -0.884099 0.076159
v 0.530792 -0.880610 0.076159
v 0.530792 -0.880610 0.076159
v 0.530879 -0.880610 0.078172
v 0.530879 -0.880610 0.078172
v 0.530879 -0.884099 0.078172
v 0.531640 -0.880610 0.086888
v 0.578676 -0.880610 0.086888
v 0.556195 -0.880610 0.078172
v 0.554120 -0.880610 0.078172
v 0.545153 -0.880610 0.078172
v 0.545153 -0.880610 0.078172
v 0.545153 -0.880610 0.094868
v 0.545153 -0.880610 0.094868
v 0.575807 -0.884099 0.096641
v 0.575807 -0.880610 0.096641
v 0.575807 -0.880610 0.096641
v 0.576485 -0.880610 0.094868
v 0.576485 -0.880610 0.094868
v 0.576485 -0.884099 0.094868
v 0.533830 -0.884099 0.094868
v 0.533830 -0.880610 0.094868
v 0.533830 -0.880610 0.094868
v 0.534508 -0.880610 0.096641
v 0.534508 -0.880610 0.096641
v 0.534508 -0.884099 0.096641
v 0.554020 -0.884099 0.114122
v 0.556295 -0.884099 0.114122
v 0.553960 -0.880610 0.094868
v 0.556355 -0.880610 0.094868
v 0.554020 -0.884099 0.096641
v 0.556295 -0.884099 0.096641
v 0.565162 -0.880610 0.078172
v 0.565162 -0.880610 0.078172
v 0.565162 -0.880610 0.094868
v 0.565162 -0.880610 0.094868
v 0.543007 -0.880610 0.078172
v 0.543007 -0.880610 0.078172
v 0.543007 -0.880610 0.094868
v 0.543007 -0.880610 0.094868
v 0.567309 -0.880610 0.078172
v 0.567309 -0.880610 0.078172
v 0.567309 -0.880610 0.094868
v 0.567309 -0.880610 0.094868
v 0.543007 -0.884099 0.094868
v 0.545153 -0.884099 0.094868
v 0.545153 -0.880610 0.096641
v 0.543007 -0.880610 0.096641
v 0.567309 -0.880610 0.096641
v 0.565162 -0.880610 0.096641
v 0.565162 -0.884099 0.094868
v 0.567309 -0.884099 0.094868
v 0.543007 -0.880610 0.076159
v 0.545153 -0.880610 0.076159
v 0.545153 -0.884099 0.078172
v 0.543007 -0.884099 0.078172
v 0.565162 -0.880610 0.076159
v 0.567309 -0.880610 0.076159
v 0.565162 -0.884099 0.078172
v 0.567309 -0.884099 0.078172
v 0.579562 -1.097093 0.040830
v 0.579562 -1.093603 0.040830
v 0.530830 -1.097093 0.040830
v 0.530830 -1.093603 0.040830
v 0.578714 -1.097093 0.086888
v 0.572360 -1.097093 0.103494
v 0.567276 -1.097093 0.109381
v 0.561352 -1.097093 0.113083
v 0.561352 -1.093603 0.113083
v 0.567276 -1.093603 0.109381
v 0.572360 -1.093603 0.103494
v 0.578714 -1.093603 0.086888
v 0.549040 -1.097093 0.113083
v 0.543116 -1.097093 0.109381
v 0.538032 -1.097093 0.103494
v 0.531678 -1.097093 0.086888
v 0.531678 -1.093603 0.086888
v 0.538032 -1.093603 0.103494
v 0.543116 -1.093603 0.109381
v 0.549040 -1.093603 0.113083
v 0.580885 -1.097093 0.038833
v 0.529507 -1.097093 0.038833
v 0.561700 -1.097093 0.115026
v 0.567943 -1.097093 0.111125
v 0.573304 -1.097093 0.104918
v 0.580003 -1.097093 0.087409
v 0.530389 -1.097093 0.087409
v 0.537088 -1.097093 0.104918
v 0.542449 -1.097093 0.111125
v 0.548692 -1.097093 0.115026
v 0.556234 -1.097093 0.076159
v 0.554158 -1.097093 0.076159
v 0.554158 -1.093603 0.076159
v 0.556234 -1.093603 0.076159
v 0.554158 -1.097093 0.038833
v 0.556234 -1.097093 0.038833
v 0.554158 -1.097093 0.040830
v 0.556234 -1.097093 0.040830
v 0.556234 -1.093603 0.040830
v 0.554158 -1.093603 0.040830
v 0.579475 -1.097093 0.078172
v 0.579562 -1.097093 0.076159
v 0.579562 -1.093603 0.076159
v 0.579475 -1.093603 0.078172
v 0.530830 -1.097093 0.076159
v 0.530917 -1.097093 0.078172
v 0.530917 -1.093603 0.078172
v 0.530830 -1.093603 0.076159
v 0.580798 -1.097093 0.078303
v 0.580885 -1.097093 0.076290
v 0.529507 -1.097093 0.076290
v 0.529594 -1.097093 0.078303
v 0.554158 -1.093603 0.078172
v 0.554158 -1.097093 0.078172
v 0.556234 -1.097093 0.078172
v 0.556234 -1.093603 0.078172
v 0.575845 -1.097093 0.096641
v 0.576524 -1.097093 0.094868
v 0.576524 -1.093603 0.094868
v 0.575845 -1.093603 0.096641
v 0.533869 -1.097093 0.094868
v 0.534547 -1.097093 0.096641
v 0.534547 -1.093603 0.096641
v 0.533869 -1.093603 0.094868
v 0.577001 -1.097093 0.097648
v 0.577679 -1.097093 0.095875
v 0.532713 -1.097093 0.095875
v 0.533391 -1.097093 0.097648
v 0.554059 -1.097093 0.114122
v 0.556334 -1.097093 0.114122
v 0.556334 -1.093603 0.114122
v 0.554059 -1.093603 0.114122
v 0.554118 -1.097093 0.116137
v 0.556274 -1.097093 0.116137
v 0.554059 -1.093603 0.096641
v 0.556334 -1.093603 0.096641
v 0.556393 -1.097093 0.094868
v 0.553999 -1.097093 0.094868
v 0.556393 -1.093603 0.094868
v 0.553999 -1.093603 0.094868
v 0.556334 -1.097093 0.096641
v 0.554059 -1.097093 0.096641
v 0.567347 -1.093603 0.094868
v 0.565201 -1.093603 0.094868
v 0.565201 -1.093603 0.096641
v 0.567347 -1.093603 0.096641
v 0.565201 -1.097093 0.096641
v 0.567347 -1.097093 0.096641
v 0.567347 -1.097093 0.094868
v 0.565201 -1.097093 0.094868
v 0.543045 -1.093603 0.096641
v 0.545191 -1.093603 0.096641
v 0.543045 -1.097093 0.096641
v 0.545191 -1.097093 0.096641
v 0.545191 -1.093603 0.094868
v 0.543045 -1.093603 0.094868
v 0.545191 -1.097093 0.094868
v 0.543045 -1.097093 0.094868
v 0.567347 -1.097093 0.076159
v 0.565201 -1.097093 0.076159
v 0.567347 -1.097093 0.078172
v 0.565201 -1.097093 0.078172
v 0.565201 -1.093603 0.078172
v 0.567347 -1.093603 0.078172
v 0.567347 -1.093603 0.076159
v 0.565201 -1.093603 0.076159
v 0.545191 -1.093603 0.076159
v 0.543045 -1.093603 0.076159
v 0.543045 -1.093603 0.078172
v 0.545191 -1.093603 0.078172
v 0.545191 -1.097093 0.078172
v 0.543045 -1.097093 0.078172
v 0.545191 -1.097093 0.076159
v 0.543045 -1.097093 0.076159
v 0.464988 -1.097093 0.040830
v 0.464988 -1.093603 0.040830
v 0.416255 -1.097093 0.040830
v 0.416255 -1.093603 0.040830
v 0.464140 -1.097093 0.086888
v 0.457786 -1.097093 0.103494
v 0.452701 -1.097093 0.109381
v 0.446778 -1.097093 0.113083
v 0.446778 -1.093603 0.113083
v 0.452701 -1.093603 0.109381
v 0.457786 -1.093603 0.103494
v 0.464140 -1.093603 0.086888
v 0.434465 -1.097093 0.113083
v 0.428542 -1.097093 0.109381
v 0.423457 -1.097093 0.103494
v 0.417103 -1.097093 0.086888
v 0.417103 -1.093603 0.086888
v 0.423457 -1.093603 0.103494
v 0.428542 -1.093603 0.109381
v 0.434465 -1.093603 0.113083
v 0.466311 -1.097093 0.038833
v 0.414932 -1.097093 0.038833
v 0.447126 -1.097093 0.115026
v 0.453369 -1.097093 0.111125
v 0.458729 -1.097093 0.104918
v 0.465429 -1.097093 0.087409
v 0.415814 -1.097093 0.087409
v 0.422514 -1.097093 0.104918
v 0.427874 -1.097093 0.111125
v 0.434117 -1.097093 0.115026
v 0.441659 -1.097093 0.076159
v 0.439584 -1.097093 0.076159
v 0.439584 -1.093603 0.076159
v 0.441659 -1.093603 0.076159
v 0.439584 -1.097093 0.038833
v 0.441659 -1.097093 0.038833
v 0.439584 -1.097093 0.040830
v 0.441659 -1.097093 0.040830
v 0.441659 -1.093603 0.040830
v 0.439584 -1.093603 0.040830
v 0.464900 -1.097093 0.078172
v 0.464988 -1.097093 0.076159
v 0.464988 -1.093603 0.076159
v 0.464900 -1.093603 0.078172
v 0.416255 -1.097093 0.076159
v 0.416343 -1.097093 0.078172
v 0.416343 -1.093603 0.078172
v 0.416255 -1.093603 0.076159
v 0.466223 -1.097093 0.078303
v 0.466311 -1.097093 0.076290
v 0.414932 -1.097093 0.076290
v 0.415019 -1.097093 0.078303
v 0.439584 -1.093603 0.078172
v 0.439584 -1.097093 0.078172
v 0.441659 -1.097093 0.078172
v 0.441659 -1.093603 0.078172
v 0.461271 -1.097093 0.096641
v 0.461949 -1.097093 0.094868
v 0.461949 -1.093603 0.094868
v 0.461271 -1.093603 0.096641
v 0.419294 -1.097093 0.094868
v 0.419972 -1.097093 0.096641
v 0.419972 -1.093603 0.096641
v 0.419294 -1.093603 0.094868
v 0.462426 -1.097093 0.097648
v 0.463105 -1.097093 0.095875
v 0.418138 -1.097093 0.095875
v 0.418816 -1.097093 0.097648
v 0.439484 -1.097093 0.114122
v 0.441759 -1.097093 0.114122
v 0.441759 -1.093603 0.114122
v 0.439484 -1.093603 0.114122
v 0.439544 -1.097093 0.116137
v 0.441699 -1.097093 0.116137
v 0.439484 -1.093603 0.096641
v 0.441759 -1.093603 0.096641
v 0.441819 -1.097093 0.094868
v 0.439424 -1.097093 0.094868
v 0.441819 -1.093603 0.094868
v 0.439424 -1.093603 0.094868
v 0.441759 -1.097093 0.096641
v 0.439484 -1.097093 0.096641
v 0.452772 -1.093603 0.094868
v 0.450626 -1.093603 0.094868
v 0.450626 -1.093603 0.096641
v 0.452772 -1.093603 0.096641
v 0.450626 -1.097093 0.096641
v 0.452772 -1.097093 0.096641
v 0.452772 -1.097093 0.094868
v 0.450626 -1.097093 0.094868
v 0.428471 -1.093603 0.096641
v 0.430617 -1.093603 0.096641
v 0.428471 -1.097093 0.096641
v 0.430617 -1.097093 0.096641
v 0.430617 -1.093603 0.094868
v 0.428471 -1.093603 0.094868
v 0.430617 -1.097093 0.094868
v 0.428471 -1.097093 0.094868
v 0.452772 -1.097093 0.076159
v 0.450626 -1.097093 0.076159
v 0.452772 -1.097093 0.078172
v 0.450626 -1.097093 0.078172
v 0.450626 -1.093603 0.078172
v 0.452772 -1.093603 0.078172
v 0.452772 -1.093603 0.076159
v 0.450626 -1.093603 0.076159
v 0.430617 -1.093603 0.076159
v 0.428471 -1.093603 0.076159
v 0.428471 -1.093603 0.078172
v 0.430617 -1.093603 0.078172
v 0.430617 -1.097093 0.078172
v 0.428471 -1.097093 0.078172
v 0.430617 -1.097093 0.076159
v 0.428471 -1.097093 0.076159
v 0.554059 -1.097093 0.096641
v 0.554059 -1.097093 0.096641
v 0.554059 -1.097093 0.114122
v 0.554059 -1.097093 0.114122
v 0.556334 -1.097093 0.096641
v 0.556334 -1.097093 0.096641
v 0.556334 -1.097093 0.114122
v 0.556334 -1.097093 0.114122
v 0.554158 -1.097093 0.040830
v 0.554158 -1.097093 0.040830
v 0.554158 -1.097093 0.076159
v 0.554158 -1.097093 0.076159
v 0.554158 -1.093603 0.076159
v 0.561352 -1.097093 0.113083
v 0.567276 -1.097093 0.109381
v 0.572360 -1.097093 0.103494
v 0.538032 -1.097093 0.103494
v 0.543116 -1.097093 0.109381
v 0.549040 -1.097093 0.113083
v 0.530830 -1.097093 0.040830
v 0.530830 -1.097093 0.040830
v 0.530830 -1.093603 0.040830
v 0.579562 -1.093603 0.040830
v 0.579562 -1.097093 0.040830
v 0.579562 -1.097093 0.040830
v 0.556234 -1.097093 0.040830
v 0.556234 -1.097093 0.040830
v 0.556234 -1.097093 0.076159
v 0.556234 -1.097093 0.076159
v 0.556234 -1.093603 0.076159
v 0.554158 -1.093603 0.040830
v 0.556234 -1.093603 0.040830
v 0.530917 -1.093603 0.078172
v 0.530917 -1.097093 0.078172
v 0.530917 -1.097093 0.078172
v 0.530830 -1.097093 0.076159
v 0.530830 -1.097093 0.076159
v 0.530830 -1.093603 0.076159
v 0.579562 -1.093603 0.076159
v 0.579562 -1.097093 0.076159
v 0.579562 -1.097093 0.076159
v 0.579475 -1.097093 0.078172
v 0.579475 -1.097093 0.078172
v 0.579475 -1.093603 0.078172
v 0.578714 -1.097093 0.086888
v 0.531678 -1.097093 0.086888
v 0.554158 -1.097093 0.078172
v 0.556234 -1.097093 0.078172
v 0.565201 -1.097093 0.078172
v 0.565201 -1.097093 0.078172
v 0.565201 -1.097093 0.094868
v 0.565201 -1.097093 0.094868
v 0.534547 -1.093603 0.096641
v 0.534547 -1.097093 0.096641
v 0.534547 -1.097093 0.096641
v 0.533869 -1.097093 0.094868
v 0.533869 -1.097093 0.094868
v 0.533869 -1.093603 0.094868
v 0.576524 -1.093603 0.094868
v 0.576524 -1.097093 0.094868
v 0.576524 -1.097093 0.094868
v 0.575845 -1.097093 0.096641
v 0.575845 -1.097093 0.096641
v 0.575845 -1.093603 0.096641
v 0.556334 -1.093603 0.114122
v 0.554059 -1.093603 0.114122
v 0.556393 -1.097093 0.094868
v 0.553999 -1.097093 0.094868
v 0.556334 -1.093603 0.096641
v 0.554059 -1.093603 0.096641
v 0.545191 -1.097093 0.078172
v 0.545191 -1.097093 0.078172
v 0.545191 -1.097093 0.094868
v 0.545191 -1.097093 0.094868
v 0.567347 -1.097093 0.078172
v 0.567347 -1.097093 0.078172
v 0.567347 -1.097093 0.094868
v 0.567347 -1.097093 0.094868
v 0.543045 -1.097093 0.078172
v 0.543045 -1.097093 0.078172
v 0.543045 -1.097093 0.094868
v 0.543045 -1.097093 0.094868
v 0.567347 -1.093603 0.094868
v 0.565201 -1.093603 0.094868
v 0.565201 -1.097093 0.096641
v 0.567347 -1.097093 0.096641
v 0.543045 -1.097093 0.096641
v 0.545191 -1.097093 0.096641
v 0.545191 -1.093603 0.094868
v 0.543045 -1.093603 0.094868
v 0.567347 -1.097093 0.076159
v 0.565201 -1.097093 0.076159
v 0.565201 -1.093603 0.078172
v 0.567347 -1.093603 0.078172
v 0.545191 -1.097093 0.076159
v 0.543045 -1.097093 0.076159
v 0.545191 -1.093603 0.078172
v 0.543045 -1.093603 0.078172
v 0.439484 -1.097093 0.096641
v 0.439484 -1.097093 0.096641
v 0.439484 -1.097093 0.114122
v 0.439484 -1.097093 0.114122
v 0.441759 -1.097093 0.096641
v 0.441759 -1.097093 0.096641
v 0.441759 -1.097093 0.114122
v 0.441759 -1.097093 0.114122
v 0.439584 -1.097093 0.040830
v 0.439584 -1.097093 0.040830
v 0.439584 -1.097093 0.076159
v 0.439584 -1.097093 0.076159
v 0.439584 -1.093603 0.076159
v 0.446778 -1.097093 0.113083
v 0.452701 -1.097093 0.109381
v 0.457786 -1.097093 0.103494
v 0.423457 -1.097093 0.103494
v 0.428542 -1.097093 0.109381
v 0.434465 -1.097093 0.113083
v 0.416255 -1.097093 0.040830
v 0.416255 -1.097093 0.040830
v 0.416255 -1.093603 0.040830
v 0.464988 -1.093603 0.040830
v 0.464988 -1.097093 0.040830
v 0.464988 -1.097093 0.040830
v 0.441659 -1.097093 0.040830
v 0.441659 -1.097093 0.040830
v 0.441659 -1.097093 0.076159
v 0.441659 -1.097093 0.076159
v 0.441659 -1.093603 0.076159
v 0.439584 -1.093603 0.040830
v 0.441659 -1.093603 0.040830
v 0.416343 -1.093603 0.078172
v 0.416343 -1.097093 0.078172
v 0.416343 -1.097093 0.078172
v 0.416255 -1.097093 0.076159
v 0.416255 -1.097093 0.076159
v 0.416255 -1.093603 0.076159
v 0.464988 -1.093603 0.076159
v 0.464988 -1.097093 0.076159
v 0.464988 -1.097093 0.076159
v 0.464900 -1.097093 0.078172
v 0.464900 -1.097093 0.078172
v 0.464900 -1.093603 0.078172
v 0.464140 -1.097093 0.086888
v 0.417103 -1.097093 0.086888
v 0.439584 -1.097093 0.078172
v 0.441659 -1.097093 0.078172
v 0.450626 -1.097093 0.078172
v 0.450626 -1.097093 0.078172
v 0.450626 -1.097093 0.094868
v 0.450626 -1.097093 0.094868
v 0.419972 -1.093603 0.096641
v 0.419972 -1.097093 0.096641
v 0.419972 -1.097093 0.096641
v 0.419294 -1.097093 0.094868
v 0.419294 -1.097093 0.094868
v 0.419294 -1.093603 0.094868
v 0.461949 -1.093603 0.094868
v 0.461949 -1.097093 0.094868
v 0.461949 -1.097093 0.094868
v 0.461271 -1.097093 0.096641
v 0.461271 -1.097093 0.096641
v 0.461271 -1.093603 0.096641
v 0.441759 -1.093603 0.114122
v 0.439484 -1.093603 0.114122
v 0.441819 -1.097093 0.094868
v 0.439424 -1.097093 0.094868
v 0.441759 -1.093603 0.096641
v 0.439484 -1.093603 0.096641
v 0.430617 -1.097093 0.078172
v 0.430617 -1.097093 0.078172
v 0.430617 -1.097093 0.094868
v 0.430617 -1.097093 0.094868
v 0.452772 -1.097093 0.078172
v 0.452772 -1.097093 0.078172
v 0.452772 -1.097093 0.094868
v 0.452772 -1.097093 0.094868
v 0.428471 -1.097093 0.078172
v 0.428471 -1.097093 0.078172
v 0.428471 -1.097093 0.094868
v 0.428471 -1.097093 0.094868
v 0.452772 -1.093603 0.094868
v 0.450626 -1.093603 0.094868
v 0.450626 -1.097093 0.096641
v 0.452772 -1.097093 0.096641
v 0.428471 -1.097093 0.096641
v 0.430617 -1.097093 0.096641
v 0.430617 -1.093603 0.094868
v 0.428471 -1.093603 0.094868
v 0.452772 -1.097093 0.076159
v 0.450626 -1.097093 0.076159
v 0.450626 -1.093603 0.078172
v 0.452772 -1.093603 0.078172
v 0.430617 -1.097093 0.076159
v 0.428471 -1.097093 0.076159
v 0.430617 -1.093603 0.078172
v 0.428471 -1.093603 0.078172
v 0.410134 -0.932455 0.199275
v 0.410134 -0.932455 0.221121
v 0.432416 -0.932455 0.199275
v 0.432416 -0.932455 0.221121
v 0.410134 -0.954737 0.199275
v 0.410134 -0.954737 0.221121
v 0.432416 -0.954737 0.199275
v 0.432416 -0.954737 0.221121
v 0.432416 -1.044213 0.199275
v 0.432416 -1.044213 0.221121
v 0.410134 -1.044213 0.199275
v 0.410134 -1.044213 0.221121
v 0.432416 -1.021931 0.199275
v 0.432416 -1.021931 0.221121
v 0.410134 -1.021931 0.199275
v 0.410134 -1.021931 0.221121
v 0.652536 -0.932455 0.199275
v 0.652536 -0.932455 0.221121
v 0.674818 -0.932455 0.199275
v 0.674818 -0.932455 0.221121
v 0.652536 -0.954737 0.199275
v 0.652536 -0.954737 0.221121
v 0.674818 -0.954737 0.199275
v 0.674818 -0.954737 0.221121
v 0.674818 -1.044213 0.199275
v 0.674818 -1.044213 0.221121
v 0.652536 -1.044213 0.199275
v 0.652536 -1.044213 0.221121
v 0.674818 -1.021931 0.199275
v 0.674818 -1.021931 0.221121
v 0.652536 -1.021931 0.199275
v 0.652536 -1.021931 0.221121
v 0.539232 -0.355186 -0.007581
v 0.539232 -0.355186 0.350099
v 0.543343 -0.355186 -0.007581
v 0.543343 -0.355186 0.350099
v 0.539232 -0.365909 -0.007581
v 0.539232 -0.365909 0.350099
v 0.543343 -0.365909 -0.007581
v 0.543343 -0.365909 0.350099
v 0.568748 -0.294652 -0.007581
v 0.568748 -0.294652 0.350099
v 0.571655 -0.297558 -0.007581
v 0.571655 -0.297558 0.350099
v 0.561166 -0.302234 -0.007581
v 0.561166 -0.302234 0.350099
v 0.564072 -0.305140 -0.007581
v 0.564072 -0.305140 0.350099
v 0.632423 -0.272718 -0.007581
v 0.632423 -0.272718 0.350099
v 0.632423 -0.276829 -0.007581
v 0.632423 -0.276829 0.350099
v 0.621700 -0.272718 -0.007581
v 0.621700 -0.272718 0.350099
v 0.621700 -0.276829 -0.007581
v 0.621700 -0.276829 0.350099
v 0.692957 -0.302234 -0.007581
v 0.692957 -0.302234 0.350099
v 0.690051 -0.305140 -0.007581
v 0.690051 -0.305140 0.350099
v 0.685375 -0.294652 -0.007581
v 0.685375 -0.294652 0.350099
v 0.682468 -0.297558 -0.007581
v 0.682468 -0.297558 0.350099
v 0.714890 -0.365909 -0.007581
v 0.714890 -0.365909 0.350099
v 0.710780 -0.365909 -0.007581
v 0.710780 -0.365909 0.350099
v 0.714890 -0.355186 -0.007581
v 0.714890 -0.355186 0.350099
v 0.710780 -0.355186 -0.007581
v 0.710780 -0.355186 0.350099
v 0.685375 -0.426443 -0.007581
v 0.685375 -0.426443 0.350099
v 0.682468 -0.423536 -0.007581
v 0.682468 -0.423536 0.350099
v 0.692957 -0.418860 -0.007581
v 0.692957 -0.418860 0.350099
v 0.690051 -0.415954 -0.007581
v 0.690051 -0.415954 0.350099
v 0.621700 -0.448376 -0.007581
v 0.621700 -0.448376 0.350099
v 0.621700 -0.444266 -0.007581
v 0.621700 -0.444266 0.350099
v 0.632423 -0.448376 -0.007581
v 0.632423 -0.448376 0.350099
v 0.632423 -0.444266 -0.007581
v 0.632423 -0.444266 0.350099
v 0.561166 -0.418860 -0.007581
v 0.561166 -0.418860 0.350099
v 0.564072 -0.415954 -0.007581
v 0.564072 -0.415954 0.350099
v 0.568748 -0.426443 -0.007581
v 0.568748 -0.426443 0.350099
v 0.571655 -0.423536 -0.007581
v 0.571655 -0.423536 0.350099
v 0.540588 -0.363397 0.027486
v 0.561532 -0.414913 0.109866
v 0.542054 -0.363006 0.027831
v 0.562927 -0.414268 0.110067
v 0.541929 -0.366684 0.025517
v 0.563280 -0.418198 0.108281
v 0.543395 -0.366293 0.025862
v 0.564675 -0.417553 0.108482
v 0.542287 -0.367543 0.110043
v 0.563396 -0.418097 0.029276
v 0.543820 -0.367297 0.109937
v 0.564689 -0.417243 0.029223
v 0.541622 -0.364531 0.107404
v 0.562012 -0.416206 0.025980
v 0.543154 -0.364285 0.107299
v 0.563305 -0.415352 0.025926
v 0.563900 -0.301417 0.027486
v 0.542283 -0.352653 0.109866
v 0.565213 -0.302177 0.027831
v 0.543725 -0.353184 0.110067
v 0.562524 -0.304689 0.025517
v 0.541195 -0.356212 0.108281
v 0.563838 -0.305449 0.025862
v 0.542638 -0.356742 0.108482
v 0.562170 -0.305549 0.110043
v 0.541349 -0.356223 0.029276
v 0.563428 -0.306459 0.109937
v 0.542867 -0.356534 0.029223
v 0.563830 -0.302949 0.107404
v 0.541708 -0.353907 0.025980
v 0.565087 -0.303859 0.107299
v 0.543226 -0.354218 0.025926
v 0.624211 -0.274074 0.027486
v 0.572695 -0.295018 0.109866
v 0.624602 -0.275540 0.027831
v 0.573341 -0.296413 0.110067
v 0.620924 -0.275415 0.025517
v 0.569410 -0.296765 0.108281
v 0.621316 -0.276881 0.025862
v 0.570055 -0.298161 0.108482
v 0.620066 -0.275773 0.110043
v 0.569511 -0.296882 0.029276
v 0.620312 -0.277306 0.109937
v 0.570365 -0.298175 0.029223
v 0.623078 -0.275108 0.107404
v 0.571402 -0.295498 0.025980
v 0.623324 -0.276640 0.107299
v 0.572256 -0.296791 0.025926
v 0.686192 -0.297386 0.027486
v 0.634955 -0.275768 0.109866
v 0.685432 -0.298699 0.027831
v 0.634425 -0.277211 0.110067
v 0.682919 -0.296010 0.025517
v 0.631396 -0.274681 0.108281
v 0.682160 -0.297323 0.025862
v 0.630866 -0.276124 0.108482
v 0.682059 -0.295656 0.110043
v 0.631385 -0.274835 0.029276
v 0.681149 -0.296914 0.109937
v 0.631075 -0.276353 0.029223
v 0.684660 -0.297315 0.107404
v 0.633701 -0.275193 0.025980
v 0.683750 -0.298573 0.107299
v 0.633391 -0.276711 0.025926
v 0.713535 -0.357696 0.027486
v 0.692591 -0.306181 0.109866
v 0.712069 -0.358088 0.027831
v 0.691196 -0.306827 0.110067
v 0.712193 -0.354410 0.025517
v 0.690843 -0.302896 0.108281
v 0.710728 -0.354801 0.025862
v 0.689448 -0.303541 0.108482
v 0.711836 -0.353551 0.110043
v 0.690727 -0.302997 0.029276
v 0.710303 -0.353797 0.109937
v 0.689434 -0.303851 0.029223
v 0.712501 -0.356563 0.107404
v 0.692111 -0.304888 0.025980
v 0.710968 -0.356810 0.107299
v 0.690818 -0.305742 0.025926
v 0.690223 -0.419677 0.027486
v 0.711840 -0.368441 0.109866
v 0.688910 -0.418917 0.027831
v 0.710397 -0.367910 0.110067
v 0.691598 -0.416405 0.025517
v 0.712928 -0.364882 0.108281
v 0.690285 -0.415645 0.025862
v 0.711485 -0.364351 0.108482
v 0.691953 -0.415545 0.110043
v 0.712774 -0.364871 0.029276
v 0.690695 -0.414635 0.109937
v 0.711256 -0.364561 0.029223
v 0.690293 -0.418145 0.107404
v 0.712415 -0.367187 0.025980
v 0.689035 -0.417235 0.107299
v 0.710897 -0.366877 0.025926
v 0.629912 -0.447020 0.027486
v 0.681427 -0.426076 0.109866
v 0.629521 -0.445554 0.027831
v 0.680782 -0.424681 0.110067
v 0.633198 -0.445679 0.025517
v 0.684713 -0.424329 0.108281
v 0.632807 -0.444213 0.025862
v 0.684067 -0.422933 0.108482
v 0.634057 -0.445321 0.110043
v 0.684612 -0.424212 0.029276
v 0.633811 -0.443789 0.109937
v 0.683758 -0.422919 0.029223
v 0.631045 -0.445987 0.107404
v 0.682721 -0.425596 0.025980
v 0.630799 -0.444454 0.107299
v 0.681867 -0.424304 0.025926
v 0.567931 -0.423708 0.027486
v 0.619168 -0.445326 0.109866
v 0.568691 -0.422395 0.027831
v 0.619698 -0.443883 0.110067
v 0.571203 -0.425084 0.025517
v 0.622727 -0.446413 0.108281
v 0.571963 -0.423771 0.025862
v 0.623257 -0.444970 0.108482
v 0.572064 -0.425438 0.110043
v 0.622738 -0.446259 0.029276
v 0.572973 -0.424181 0.109937
v 0.623048 -0.444741 0.029223
v 0.569463 -0.423779 0.107404
v 0.620422 -0.445901 0.025980
v 0.570373 -0.422521 0.107299
v 0.620732 -0.444383 0.025926
v 0.528863 -0.350745 0.006362
v 0.528863 -0.350745 0.007635
v 0.535126 -0.350745 0.006362
v 0.535126 -0.350745 0.007635
v 0.528863 -0.370349 0.006362
v 0.528863 -0.370349 0.007635
v 0.535126 -0.370349 0.006362
v 0.535126 -0.370349 0.007635
v 0.528863 -0.350745 0.015752
v 0.528863 -0.350745 0.017024
v 0.535126 -0.350745 0.015752
v 0.535126 -0.350745 0.017024
v 0.528863 -0.370349 0.015752
v 0.528863 -0.370349 0.017024
v 0.535126 -0.370349 0.015752
v 0.535126 -0.370349 0.017024
v 0.528863 -0.350745 0.025141
v 0.528863 -0.350745 0.026413
v 0.535126 -0.350745 0.025141
v 0.535126 -0.350745 0.026413
v 0.528863 -0.370349 0.025141
v 0.528863 -0.370349 0.026413
v 0.535126 -0.370349 0.025141
v 0.535126 -0.370349 0.026413
v 0.528863 -0.350745 0.034531
v 0.528863 -0.350745 0.035803
v 0.535126 -0.350745 0.034531
v 0.535126 -0.350745 0.035803
v 0.528863 -0.370349 0.034531
v 0.528863 -0.370349 0.035803
v 0.535126 -0.370349 0.034531
v 0.535126 -0.370349 0.035803
v 0.528863 -0.350745 0.043920
v 0.528863 -0.350745 0.045192
v 0.535126 -0.350745 0.043920
v 0.535126 -0.350745 0.045192
v 0.528863 -0.370349 0.043920
v 0.528863 -0.370349 0.045192
v 0.535126 -0.370349 0.043920
v 0.535126 -0.370349 0.045192
v 0.528863 -0.350745 0.053309
v 0.528863 -0.350745 0.054582
v 0.535126 -0.350745 0.053309
v 0.535126 -0.350745 0.054582
v 0.528863 -0.370349 0.053309
v 0.528863 -0.370349 0.054582
v 0.535126 -0.370349 0.053309
v 0.535126 -0.370349 0.054582
v 0.528863 -0.350745 0.062699
v 0.528863 -0.350745 0.063971
v 0.535126 -0.350745 0.062699
v 0.535126 -0.350745 0.063971
v 0.528863 -0.370349 0.062699
v 0.528863 -0.370349 0.063971
v 0.535126 -0.370349 0.062699
v 0.535126 -0.370349 0.063971
v 0.528863 -0.350745 0.072088
v 0.528863 -0.350745 0.073361
v 0.535126 -0.350745 0.072088
v 0.535126 -0.350745 0.073361
v 0.528863 -0.370349 0.072088
v 0.528863 -0.370349 0.073361
v 0.535126 -0.370349 0.072088
v 0.535126 -0.370349 0.073361
v 0.528863 -0.350745 0.081478
v 0.528863 -0.350745 0.082750
v 0.535126 -0.350745 0.081478
v 0.535126 -0.350745 0.082750
v 0.528863 -0.370349 0.081478
v 0.528863 -0.370349 0.082750
v 0.535126 -0.370349 0.081478
v 0.535126 -0.370349 0.082750
v 0.528863 -0.350745 0.090867
v 0.528863 -0.350745 0.092139
v 0.535126 -0.350745 0.090867
v 0.535126 -0.350745 0.092139
v 0.528863 -0.370349 0.090867
v 0.528863 -0.370349 0.092139
v 0.535126 -0.370349 0.090867
v 0.535126 -0.370349 0.092139
v 0.528863 -0.350745 0.100256
v 0.528863 -0.350745 0.101529
v 0.535126 -0.350745 0.100256
v 0.535126 -0.350745 0.101529
v 0.528863 -0.370349 0.100256
v 0.528863 -0.370349 0.101529
v 0.535126 -0.370349 0.100256
v 0.535126 -0.370349 0.101529
v 0.528863 -0.350745 0.109646
v 0.528863 -0.350745 0.110918
v 0.535126 -0.350745 0.109646
v 0.535126 -0.350745 0.110918
v 0.528863 -0.370349 0.109646
v 0.528863 -0.370349 0.110918
v 0.535126 -0.370349 0.109646
v 0.535126 -0.370349 0.110918
v 0.528863 -0.350745 0.119035
v 0.528863 -0.350745 0.120308
v 0.535126 -0.350745 0.119035
v 0.535126 -0.350745 0.120308
v 0.528863 -0.370349 0.119035
v 0.528863 -0.370349 0.120308
v 0.535126 -0.370349 0.119035
v 0.535126 -0.370349 0.120308
v 0.528863 -0.350745 0.128425
v 0.528863 -0.350745 0.129697
v 0.535126 -0.350745 0.128425
v 0.535126 -0.350745 0.129697
v 0.528863 -0.370349 0.128425
v 0.528863 -0.370349 0.129697
v 0.535126 -0.370349 0.128425
v 0.535126 -0.370349 0.129697
v 0.528863 -0.350745 0.137814
v 0.528863 -0.350745 0.139086
v 0.535126 -0.350745 0.137814
v 0.535126 -0.350745 0.139086
v 0.528863 -0.370349 0.137814
v 0.528863 -0.370349 0.139086
v 0.535126 -0.370349 0.137814
v 0.535126 -0.370349 0.139086
v 0.528863 -0.350745 0.147204
v 0.528863 -0.350745 0.148476
v 0.535126 -0.350745 0.147204
v 0.535126 -0.350745 0.148476
v 0.528863 -0.370349 0.147204
v 0.528863 -0.370349 0.148476
v 0.535126 -0.370349 0.147204
v 0.535126 -0.370349 0.148476
v 0.528863 -0.350745 0.156593
v 0.528863 -0.350745 0.157865
v 0.535126 -0.350745 0.156593
v 0.535126 -0.350745 0.157865
v 0.528863 -0.370349 0.156593
v 0.528863 -0.370349 0.157865
v 0.535126 -0.370349 0.156593
v 0.535126 -0.370349 0.157865
v 0.528863 -0.350745 0.165982
v 0.528863 -0.350745 0.167255
v 0.535126 -0.350745 0.165982
v 0.535126 -0.350745 0.167255
v 0.528863 -0.370349 0.165982
v 0.528863 -0.370349 0.167255
v 0.535126 -0.370349 0.165982
v 0.535126 -0.370349 0.167255
v 0.528863 -0.350745 0.175372
v 0.528863 -0.350745 0.176644
v 0.535126 -0.350745 0.175372
v 0.535126 -0.350745 0.176644
v 0.528863 -0.370349 0.175372
v 0.528863 -0.370349 0.176644
v 0.535126 -0.370349 0.175372
v 0.535126 -0.370349 0.176644
v 0.528863 -0.350745 0.184761
v 0.528863 -0.350745 0.186033
v 0.535126 -0.350745 0.184761
v 0.535126 -0.350745 0.186033
v 0.528863 -0.370349 0.184761
v 0.528863 -0.370349 0.186033
v 0.535126 -0.370349 0.184761
v 0.535126 -0.370349 0.186033
v 0.528863 -0.350745 0.194151
v 0.528863 -0.350745 0.195423
v 0.535126 -0.350745 0.194151
v 0.535126 -0.350745 0.195423
v 0.528863 -0.370349 0.194151
v 0.528863 -0.370349 0.195423
v 0.535126 -0.370349 0.194151
v 0.535126 -0.370349 0.195423
v 0.528863 -0.350745 0.203540
v 0.528863 -0.350745 0.204812
v 0.535126 -0.350745 0.203540
v 0.535126 -0.350745 0.204812
v 0.528863 -0.370349 0.203540
v 0.528863 -0.370349 0.204812
v 0.535126 -0.370349 0.203540
v 0.535126 -0.370349 0.204812
v 0.528863 -0.350745 0.212929
v 0.528863 -0.350745 0.214202
v 0.535126 -0.350745 0.212929
v 0.535126 -0.350745 0.214202
v 0.528863 -0.370349 0.212929
v 0.528863 -0.370349 0.214202
v 0.535126 -0.370349 0.212929
v 0.535126 -0.370349 0.214202
v 0.528863 -0.350745 0.222319
v 0.528863 -0.350745 0.223591
v 0.535126 -0.350745 0.222319
v 0.535126 -0.350745 0.223591
v 0.528863 -0.370349 0.222319
v 0.528863 -0.370349 0.223591
v 0.535126 -0.370349 0.222319
v 0.535126 -0.370349 0.223591
v 0.528863 -0.350745 0.231708
v 0.528863 -0.350745 0.232981
v 0.535126 -0.350745 0.231708
v 0.535126 -0.350745 0.232981
v 0.528863 -0.370349 0.231708
v 0.528863 -0.370349 0.232981
v 0.535126 -0.370349 0.231708
v 0.535126 -0.370349 0.232981
v 0.528863 -0.350745 0.241098
v 0.528863 -0.350745 0.242370
v 0.535126 -0.350745 0.241098
v 0.535126 -0.350745 0.242370
v 0.528863 -0.370349 0.241098
v 0.528863 -0.370349 0.242370
v 0.535126 -0.370349 0.241098
v 0.535126 -0.370349 0.242370
v 0.528863 -0.350745 0.250487
v 0.528863 -0.350745 0.251759
v 0.535126 -0.350745 0.250487
v 0.535126 -0.350745 0.251759
v 0.528863 -0.370349 0.250487
v 0.528863 -0.370349 0.251759
v 0.535126 -0.370349 0.250487
v 0.535126 -0.370349 0.251759
v 0.528863 -0.350745 0.259876
v 0.528863 -0.350745 0.261149
v 0.535126 -0.350745 0.259876
v 0.535126 -0.350745 0.261149
v 0.528863 -0.370349 0.259876
v 0.528863 -0.370349 0.261149
v 0.535126 -0.370349 0.259876
v 0.535126 -0.370349 0.261149
v 0.528863 -0.350745 0.269266
v 0.528863 -0.350745 0.270538
v 0.535126 -0.350745 0.269266
v 0.535126 -0.350745 0.270538
v 0.528863 -0.370349 0.269266
v 0.528863 -0.370349 0.270538
v 0.535126 -0.370349 0.269266
v 0.535126 -0.370349 0.270538
v 0.528863 -0.350745 0.278655
v 0.528863 -0.350745 0.279928
v 0.535126 -0.350745 0.278655
v 0.535126 -0.350745 0.279928
v 0.528863 -0.370349 0.278655
v 0.528863 -0.370349 0.279928
v 0.535126 -0.370349 0.278655
v 0.535126 -0.370349 0.279928
v 0.528863 -0.350745 0.288045
v 0.528863 -0.350745 0.289317
v 0.535126 -0.350745 0.288045
v 0.535126 -0.350745 0.289317
v 0.528863 -0.370349 0.288045
v 0.528863 -0.370349 0.289317
v 0.535126 -0.370349 0.288045
v 0.535126 -0.370349 0.289317
v 0.528863 -0.350745 0.297434
v 0.528863 -0.350745 0.298706
v 0.535126 -0.350745 0.297434
v 0.535126 -0.350745 0.298706
v 0.528863 -0.370349 0.297434
v 0.528863 -0.370349 0.298706
v 0.535126 -0.370349 0.297434
v 0.535126 -0.370349 0.298706
v 0.528863 -0.350745 0.306824
v 0.528863 -0.350745 0.308096
v 0.535126 -0.350745 0.306824
v 0.535126 -0.350745 0.308096
v 0.528863 -0.370349 0.306824
v 0.528863 -0.370349 0.308096
v 0.535126 -0.370349 0.306824
v 0.535126 -0.370349 0.308096
v 0.528863 -0.350745 0.316213
v 0.528863 -0.350745 0.317485
v 0.535126 -0.350745 0.316213
v 0.535126 -0.350745 0.317485
v 0.528863 -0.370349 0.316213
v 0.528863 -0.370349 0.317485
v 0.535126 -0.370349 0.316213
v 0.535126 -0.370349 0.317485
v 0.528863 -0.350745 0.325602
v 0.528863 -0.350745 0.326875
v 0.535126 -0.350745 0.325602
v 0.535126 -0.350745 0.326875
v 0.528863 -0.370349 0.325602
v 0.528863 -0.370349 0.326875
v 0.535126 -0.370349 0.325602
v 0.535126 -0.370349 0.326875
v 0.528863 -0.350745 0.334992
v 0.528863 -0.350745 0.336264
v 0.535126 -0.350745 0.334992
v 0.535126 -0.350745 0.336264
v 0.528863 -0.370349 0.334992
v 0.528863 -0.370349 0.336264
v 0.535126 -0.370349 0.334992
v 0.535126 -0.370349 0.336264
v 0.528863 -0.350745 0.344381
v 0.528863 -0.350745 0.345654
v 0.535126 -0.350745 0.344381
v 0.535126 -0.350745 0.345654
v 0.528863 -0.370349 0.344381
v 0.528863 -0.370349 0.345654
v 0.535126 -0.370349 0.344381
v 0.535126 -0.370349 0.345654
v 0.528863 -0.350745 0.353771
v 0.528863 -0.350745 0.355043
v 0.535126 -0.350745 0.353771
v 0.535126 -0.350745 0.355043
v 0.528863 -0.370349 0.353771
v 0.528863 -0.370349 0.355043
v 0.535126 -0.370349 0.353771
v 0.535126 -0.370349 0.355043
v 0.542247 -0.382378 0.363086
v 0.542041 -0.382261 0.393768
v 0.543537 -0.382023 0.363086
v 0.543654 -0.381817 0.393768
v 0.542602 -0.383668 0.363086
v 0.542485 -0.383874 0.393768
v 0.543892 -0.383313 0.363086
v 0.544098 -0.383430 0.393768
v 0.542694 -0.337046 0.363086
v 0.542575 -0.336842 0.393768
v 0.543989 -0.337384 0.363086
v 0.544193 -0.337264 0.393768
v 0.542356 -0.338341 0.363086
v 0.542152 -0.338460 0.393768
v 0.543652 -0.338679 0.363086
v 0.543771 -0.338883 0.393768
v 0.551651 -0.316011 0.363086
v 0.551589 -0.315783 0.393768
v 0.552815 -0.316672 0.363086
v 0.553043 -0.316610 0.393768
v 0.550990 -0.317174 0.363086
v 0.550762 -0.317237 0.393768
v 0.552154 -0.317836 0.363086
v 0.552216 -0.318064 0.393768
v 0.565748 -0.298011 0.363086
v 0.565746 -0.297774 0.393768
v 0.566701 -0.298951 0.363086
v 0.566937 -0.298949 0.393768
v 0.564808 -0.298964 0.363086
v 0.564571 -0.298965 0.393768
v 0.565761 -0.299904 0.363086
v 0.565762 -0.300140 0.393768
v 0.584023 -0.284273 0.363086
v 0.584082 -0.284044 0.393768
v 0.584700 -0.285427 0.363086
v 0.584928 -0.285487 0.393768
v 0.582868 -0.284950 0.363086
v 0.582639 -0.284890 0.393768
v 0.583545 -0.286104 0.363086
v 0.583485 -0.286333 0.393768
v 0.605231 -0.275732 0.363086
v 0.605347 -0.275527 0.393768
v 0.605586 -0.277023 0.363086
v 0.605791 -0.277140 0.393768
v 0.603940 -0.276087 0.363086
v 0.603734 -0.275971 0.393768
v 0.604295 -0.277378 0.363086
v 0.604178 -0.277584 0.393768
v 0.627926 -0.272972 0.363086
v 0.628092 -0.272804 0.393768
v 0.627935 -0.274311 0.363086
v 0.628103 -0.274476 0.393768
v 0.626588 -0.272981 0.363086
v 0.626419 -0.272815 0.393768
v 0.626597 -0.274320 0.363086
v 0.626431 -0.274488 0.393768
v 0.650563 -0.276180 0.363086
v 0.650767 -0.276060 0.393768
v 0.650225 -0.277475 0.363086
v 0.650345 -0.277679 0.393768
v 0.649268 -0.275842 0.363086
v 0.649148 -0.275638 0.393768
v 0.648930 -0.277137 0.363086
v 0.648726 -0.277257 0.393768
v 0.671598 -0.285137 0.363086
v 0.671826 -0.285074 0.393768
v 0.670936 -0.286301 0.363086
v 0.670999 -0.286529 0.393768
v 0.670434 -0.284476 0.363086
v 0.670371 -0.284248 0.393768
v 0.669773 -0.285639 0.363086
v 0.669545 -0.285702 0.393768
v 0.689598 -0.299234 0.363086
v 0.689834 -0.299232 0.393768
v 0.688658 -0.300186 0.363086
v 0.688659 -0.300423 0.393768
v 0.688645 -0.298293 0.363086
v 0.688643 -0.298057 0.393768
v 0.687705 -0.299246 0.363086
v 0.687469 -0.299248 0.393768
v 0.703336 -0.317508 0.363086
v 0.703565 -0.317568 0.393768
v 0.702182 -0.318185 0.363086
v 0.702122 -0.318414 0.393768
v 0.702659 -0.316354 0.363086
v 0.702719 -0.316125 0.393768
v 0.701504 -0.317031 0.363086
v 0.701276 -0.316971 0.393768
v 0.711876 -0.338716 0.363086
v 0.712082 -0.338833 0.393768
v 0.710586 -0.339071 0.363086
v 0.710469 -0.339277 0.393768
v 0.711521 -0.337426 0.363086
v 0.711638 -0.337220 0.393768
v 0.710231 -0.337781 0.363086
v 0.710025 -0.337664 0.393768
v 0.714637 -0.361412 0.363086
v 0.714805 -0.361578 0.393768
v 0.713298 -0.361421 0.363086
v 0.713132 -0.361589 0.393768
v 0.714628 -0.360073 0.363086
v 0.714794 -0.359905 0.393768
v 0.713289 -0.360082 0.363086
v 0.713121 -0.359916 0.393768
v 0.711429 -0.384048 0.363086
v 0.711548 -0.384252 0.393768
v 0.710134 -0.383711 0.363086
v 0.709930 -0.383830 0.393768
v 0.711767 -0.382753 0.363086
v 0.711970 -0.382634 0.393768
v 0.710471 -0.382415 0.363086
v 0.710352 -0.382211 0.393768
v 0.702471 -0.405083 0.363086
v 0.702534 -0.405311 0.393768
v 0.701308 -0.404422 0.363086
v 0.701080 -0.404485 0.393768
v 0.703133 -0.403920 0.363086
v 0.703361 -0.403857 0.393768
v 0.701969 -0.403258 0.363086
v 0.701907 -0.403030 0.393768
v 0.688375 -0.423083 0.363086
v 0.688377 -0.423320 0.393768
v 0.687422 -0.422143 0.363086
v 0.687186 -0.422145 0.393768
v 0.689315 -0.422131 0.363086
v 0.689551 -0.422129 0.393768
v 0.688362 -0.421191 0.363086
v 0.688361 -0.420954 0.393768
v 0.670100 -0.436821 0.363086
v 0.670041 -0.437050 0.393768
v 0.669423 -0.435667 0.363086
v 0.669194 -0.435607 0.393768
v 0.671255 -0.436145 0.363086
v 0.671484 -0.436204 0.393768
v 0.670578 -0.434990 0.363086
v 0.670637 -0.434761 0.393768
v 0.648892 -0.445362 0.363086
v 0.648776 -0.445567 0.393768
v 0.648537 -0.444071 0.363086
v 0.648332 -0.443954 0.393768
v 0.650183 -0.445007 0.363086
v 0.650388 -0.445123 0.393768
v 0.649828 -0.443716 0.363086
v 0.649945 -0.443511 0.393768
v 0.626197 -0.448122 0.363086
v 0.626031 -0.448290 0.393768
v 0.626188 -0.446784 0.363086
v 0.626020 -0.446617 0.393768
v 0.627535 -0.448113 0.363086
v 0.627703 -0.448279 0.393768
v 0.627526 -0.446774 0.363086
v 0.627692 -0.446606 0.393768
v 0.603560 -0.444914 0.363086
v 0.603356 -0.445034 0.393768
v 0.603898 -0.443619 0.363086
v 0.603778 -0.443415 0.393768
v 0.604855 -0.445252 0.363086
v 0.604975 -0.445456 0.393768
v 0.605193 -0.443957 0.363086
v 0.605397 -0.443837 0.393768
v 0.582525 -0.435957 0.363086
v 0.582297 -0.436019 0.393768
v 0.583186 -0.434793 0.363086
v 0.583124 -0.434565 0.393768
v 0.583689 -0.436618 0.363086
v 0.583751 -0.436846 0.393768
v 0.584350 -0.435455 0.363086
v 0.584578 -0.435392 0.393768
v 0.564525 -0.421861 0.363086
v 0.564289 -0.421862 0.393768
v 0.565465 -0.420908 0.363086
v 0.565464 -0.420671 0.393768
v 0.565478 -0.422801 0.363086
v 0.565479 -0.423037 0.393768
v 0.566418 -0.421848 0.363086
v 0.566654 -0.421846 0.393768
v 0.550787 -0.403586 0.363086
v 0.550558 -0.403526 0.393768
v 0.551941 -0.402909 0.363086
v 0.552001 -0.402680 0.393768
v 0.551464 -0.404740 0.363086
v 0.551404 -0.404969 0.393768
v 0.552618 -0.404063 0.363086
v 0.552847 -0.404123 0.393768
v 0.818217 -0.272718 -0.007581
v 0.818217 -0.272718 0.350099
v 0.818217 -0.276829 -0.007581
v 0.818217 -0.276829 0.350099
v 0.807494 -0.272718 -0.007581
v 0.807494 -0.272718 0.350099
v 0.807494 -0.276829 -0.007581
v 0.807494 -0.276829 0.350099
v 0.878752 -0.302234 -0.007581
v 0.878752 -0.302234 0.350099
v 0.875845 -0.305140 -0.007581
v 0.875845 -0.305140 0.350099
v 0.871169 -0.294652 -0.007581
v 0.871169 -0.294652 0.350099
v 0.868263 -0.297558 -0.007581
v 0.868263 -0.297558 0.350099
v 0.900685 -0.365909 -0.007581
v 0.900685 -0.365909 0.350099
v 0.896574 -0.365909 -0.007581
v 0.896574 -0.365909 0.350099
v 0.900685 -0.355186 -0.007581
v 0.900685 -0.355186 0.350099
v 0.896574 -0.355186 -0.007581
v 0.896574 -0.355186 0.350099
v 0.871169 -0.426443 -0.007581
v 0.871169 -0.426443 0.350099
v 0.868263 -0.423536 -0.007581
v 0.868263 -0.423536 0.350099
v 0.878752 -0.418860 -0.007581
v 0.878752 -0.418860 0.350099
v 0.875845 -0.415954 -0.007581
v 0.875845 -0.415954 0.350099
v 0.807494 -0.448376 -0.007581
v 0.807494 -0.448376 0.350099
v 0.807494 -0.444266 -0.007581
v 0.807494 -0.444266 0.350099
v 0.818217 -0.448376 -0.007581
v 0.818217 -0.448376 0.350099
v 0.818217 -0.444266 -0.007581
v 0.818217 -0.444266 0.350099
v 0.746960 -0.418860 -0.007581
v 0.746960 -0.418860 0.350099
v 0.749867 -0.415954 -0.007581
v 0.749867 -0.415954 0.350099
v 0.754543 -0.426443 -0.007581
v 0.754543 -0.426443 0.350099
v 0.757449 -0.423536 -0.007581
v 0.757449 -0.423536 0.350099
v 0.725027 -0.355186 -0.007581
v 0.725027 -0.355186 0.350099
v 0.729137 -0.355186 -0.007581
v 0.729137 -0.355186 0.350099
v 0.725027 -0.365909 -0.007581
v 0.725027 -0.365909 0.350099
v 0.729137 -0.365909 -0.007581
v 0.729137 -0.365909 0.350099
v 0.754543 -0.294652 -0.007581
v 0.754543 -0.294652 0.350099
v 0.757449 -0.297558 -0.007581
v 0.757449 -0.297558 0.350099
v 0.746960 -0.302234 -0.007581
v 0.746960 -0.302234 0.350099
v 0.749867 -0.305140 -0.007581
v 0.749867 -0.305140 0.350099
v 0.810005 -0.274074 0.027486
v 0.758490 -0.295018 0.109866
v 0.810397 -0.275540 0.027831
v 0.759135 -0.296413 0.110067
v 0.806719 -0.275415 0.025517
v 0.755205 -0.296765 0.108281
v 0.807110 -0.276881 0.025862
v 0.755850 -0.298161 0.108482
v 0.805860 -0.275773 0.110043
v 0.755305 -0.296882 0.029276
v 0.806106 -0.277306 0.109937
v 0.756160 -0.298175 0.029223
v 0.808872 -0.275108 0.107404
v 0.757197 -0.295498 0.025980
v 0.809118 -0.276640 0.107299
v 0.758051 -0.296791 0.025926
v 0.871986 -0.297386 0.027486
v 0.820750 -0.275768 0.109866
v 0.871226 -0.298699 0.027831
v 0.820219 -0.277211 0.110067
v 0.868714 -0.296010 0.025517
v 0.817191 -0.274681 0.108281
v 0.867954 -0.297323 0.025862
v 0.816660 -0.276124 0.108482
v 0.867854 -0.295656 0.110043
v 0.817179 -0.274835 0.029276
v 0.866944 -0.296914 0.109937
v 0.816869 -0.276353 0.029223
v 0.870454 -0.297315 0.107404
v 0.819496 -0.275193 0.025980
v 0.869544 -0.298573 0.107299
v 0.819185 -0.276711 0.025926
v 0.899329 -0.357696 0.027486
v 0.878385 -0.306181 0.109866
v 0.897863 -0.358088 0.027831
v 0.876990 -0.306827 0.110067
v 0.897988 -0.354410 0.025517
v 0.876637 -0.302896 0.108281
v 0.896522 -0.354801 0.025862
v 0.875242 -0.303541 0.108482
v 0.897630 -0.353551 0.110043
v 0.876521 -0.302997 0.029276
v 0.896097 -0.353797 0.109937
v 0.875228 -0.303851 0.029223
v 0.898296 -0.356564 0.107404
v 0.877905 -0.304888 0.025980
v 0.896763 -0.356810 0.107299
v 0.876612 -0.305742 0.025926
v 0.876017 -0.419677 0.027486
v 0.897635 -0.368441 0.109866
v 0.874704 -0.418917 0.027831
v 0.896192 -0.367910 0.110067
v 0.877393 -0.416405 0.025517
v 0.898722 -0.364882 0.108281
v 0.876080 -0.415645 0.025862
v 0.897279 -0.364351 0.108482
v 0.877747 -0.415545 0.110043
v 0.898568 -0.364871 0.029276
v 0.876489 -0.414635 0.109937
v 0.897050 -0.364561 0.029223
v 0.876088 -0.418145 0.107404
v 0.898210 -0.367187 0.025980
v 0.874830 -0.417235 0.107299
v 0.896692 -0.366877 0.025926
v 0.815706 -0.447020 0.027486
v 0.867222 -0.426076 0.109866
v 0.815315 -0.445554 0.027831
v 0.866577 -0.424681 0.110067
v 0.818993 -0.445679 0.025517
v 0.870507 -0.424329 0.108281
v 0.818602 -0.444213 0.025862
v 0.869862 -0.422933 0.108482
v 0.819852 -0.445321 0.110043
v 0.870406 -0.424212 0.029276
v 0.819606 -0.443789 0.109937
v 0.869552 -0.422919 0.029223
v 0.816840 -0.445987 0.107404
v 0.868515 -0.425596 0.025980
v 0.816593 -0.444454 0.107299
v 0.867661 -0.424304 0.025926
v 0.753726 -0.423708 0.027486
v 0.804962 -0.445326 0.109866
v 0.754485 -0.422395 0.027831
v 0.805492 -0.443883 0.110067
v 0.756998 -0.425084 0.025517
v 0.808521 -0.446413 0.108281
v 0.757758 -0.423771 0.025862
v 0.809051 -0.444970 0.108482
v 0.757858 -0.425438 0.110043
v 0.808532 -0.446259 0.029276
v 0.758768 -0.424181 0.109937
v 0.808842 -0.444741 0.029223
v 0.755258 -0.423779 0.107404
v 0.806216 -0.445901 0.025980
v 0.756167 -0.422521 0.107299
v 0.806526 -0.444383 0.025926
v 0.726383 -0.363397 0.027486
v 0.747326 -0.414913 0.109866
v 0.727849 -0.363006 0.027831
v 0.748722 -0.414268 0.110067
v 0.727724 -0.366684 0.025517
v 0.749074 -0.418198 0.108281
v 0.729190 -0.366293 0.025862
v 0.750469 -0.417553 0.108482
v 0.728081 -0.367543 0.110043
v 0.749191 -0.418097 0.029276
v 0.729614 -0.367297 0.109937
v 0.750484 -0.417243 0.029223
v 0.727416 -0.364531 0.107404
v 0.747806 -0.416206 0.025980
v 0.728949 -0.364284 0.107299
v 0.749099 -0.415352 0.025926
v 0.749695 -0.301417 0.027486
v 0.728077 -0.352653 0.109866
v 0.751008 -0.302177 0.027831
v 0.729520 -0.353184 0.110067
v 0.748319 -0.304689 0.025517
v 0.726990 -0.356212 0.108281
v 0.749632 -0.305449 0.025862
v 0.728433 -0.356742 0.108482
v 0.747964 -0.305549 0.110043
v 0.727144 -0.356223 0.029276
v 0.749222 -0.306459 0.109937
v 0.728662 -0.356534 0.029223
v 0.749624 -0.302949 0.107404
v 0.727502 -0.353907 0.025980
v 0.750882 -0.303859 0.107299
v 0.729020 -0.354218 0.025926
v 0.822658 -0.262349 0.006362
v 0.822658 -0.262349 0.007635
v 0.822658 -0.268612 0.006362
v 0.822658 -0.268612 0.007635
v 0.803054 -0.262349 0.006362
v 0.803054 -0.262349 0.007635
v 0.803054 -0.268612 0.006362
v 0.803054 -0.268612 0.007635
v 0.822658 -0.262349 0.015752
v 0.822658 -0.262349 0.017024
v 0.822658 -0.268612 0.015752
v 0.822658 -0.268612 0.017024
v 0.803054 -0.262349 0.015752
v 0.803054 -0.262349 0.017024
v 0.803054 -0.268612 0.015752
v 0.803054 -0.268612 0.017024
v 0.822658 -0.262349 0.025141
v 0.822658 -0.262349 0.026413
v 0.822658 -0.268612 0.025141
v 0.822658 -0.268612 0.026413
v 0.803054 -0.262349 0.025141
v 0.803054 -0.262349 0.026413
v 0.803054 -0.268612 0.025141
v 0.803054 -0.268612 0.026413
v 0.822658 -0.262349 0.034531
v 0.822658 -0.262349 0.035803
v 0.822658 -0.268612 0.034531
v 0.822658 -0.268612 0.035803
v 0.803054 -0.262349 0.034531
v 0.803054 -0.262349 0.035803
v 0.803054 -0.268612 0.034531
v 0.803054 -0.268612 0.035803
v 0.822658 -0.262349 0.043920
v 0.822658 -0.262349 0.045192
v 0.822658 -0.268612 0.043920
v 0.822658 -0.268612 0.045192
v 0.803054 -0.262349 0.043920
v 0.803054 -0.262349 0.045192
v 0.803054 -0.268612 0.043920
v 0.803054 -0.268612 0.045192
v 0.822658 -0.262349 0.053309
v 0.822658 -0.262349 0.054582
v 0.822658 -0.268612 0.053309
v 0.822658 -0.268612 0.054582
v 0.803054 -0.262349 0.053309
v 0.803054 -0.262349 0.054582
v 0.803054 -0.268612 0.053309
v 0.803054 -0.268612 0.054582
v 0.822658 -0.262349 0.062699
v 0.822658 -0.262349 0.063971
v 0.822658 -0.268612 0.062699
v 0.822658 -0.268612 0.063971
v 0.803054 -0.262349 0.062699
v 0.803054 -0.262349 0.063971
v 0.803054 -0.268612 0.062699
v 0.803054 -0.268612 0.063971
v 0.822658 -0.262349 0.072088
v 0.822658 -0.262349 0.073361
v 0.822658 -0.268612 0.072088
v 0.822658 -0.268612 0.073361
v 0.803054 -0.262349 0.072088
v 0.803054 -0.262349 0.073361
v 0.803054 -0.268612 0.072088
v 0.803054 -0.268612 0.073361
v 0.822658 -0.262349 0.081478
v 0.822658 -0.262349 0.082750
v 0.822658 -0.268612 0.081478
v 0.822658 -0.268612 0.082750
v 0.803054 -0.262349 0.081478
v 0.803054 -0.262349 0.082750
v 0.803054 -0.268612 0.081478
v 0.803054 -0.268612 0.082750
v 0.822658 -0.262349 0.090867
v 0.822658 -0.262349 0.092139
v 0.822658 -0.268612 0.090867
v 0.822658 -0.268612 0.092139
v 0.803054 -0.262349 0.090867
v 0.803054 -0.262349 0.092139
v 0.803054 -0.268612 0.090867
v 0.803054 -0.268612 0.092139
v 0.822658 -0.262349 0.100256
v 0.822658 -0.262349 0.101529
v 0.822658 -0.268612 0.100256
v 0.822658 -0.268612 0.101529
v 0.803054 -0.262349 0.100256
v 0.803054 -0.262349 0.101529
v 0.803054 -0.268612 0.100256
v 0.803054 -0.268612 0.101529
v 0.822658 -0.262349 0.109646
v 0.822658 -0.262349 0.110918
v 0.822658 -0.268612 0.109646
v 0.822658 -0.268612 0.110918
v 0.803054 -0.262349 0.109646
v 0.803054 -0.262349 0.110918
v 0.803054 -0.268612 0.109646
v 0.803054 -0.268612 0.110918
v 0.822658 -0.262349 0.119035
v 0.822658 -0.262349 0.120308
v 0.822658 -0.268612 0.119035
v 0.822658 -0.268612 0.120308
v 0.803054 -0.262349 0.119035
v 0.803054 -0.262349 0.120308
v 0.803054 -0.268612 0.119035
v 0.803054 -0.268612 0.120308
v 0.822658 -0.262349 0.128425
v 0.822658 -0.262349 0.129697
v 0.822658 -0.268612 0.128425
v 0.822658 -0.268612 0.129697
v 0.803054 -0.262349 0.128425
v 0.803054 -0.262349 0.129697
v 0.803054 -0.268612 0.128425
v 0.803054 -0.268612 0.129697
v 0.822658 -0.262349 0.137814
v 0.822658 -0.262349 0.139086
v 0.822658 -0.268612 0.137814
v 0.822658 -0.268612 0.139086
v 0.803054 -0.262349 0.137814
v 0.803054 -0.262349 0.139086
v 0.803054 -0.268612 0.137814
v 0.803054 -0.268612 0.139086
v 0.822658 -0.262349 0.147204
v 0.822658 -0.262349 0.148476
v 0.822658 -0.268612 0.147204
v 0.822658 -0.268612 0.148476
v 0.803054 -0.262349 0.147204
v 0.803054 -0.262349 0.148476
v 0.803054 -0.268612 0.147204
v 0.803054 -0.268612 0.148476
v 0.822658 -0.262349 0.156593
v 0.822658 -0.262349 0.157865
v 0.822658 -0.268612 0.156593
v 0.822658 -0.268612 0.157865
v 0.803054 -0.262349 0.156593
v 0.803054 -0.262349 0.157865
v 0.803054 -0.268612 0.156593
v 0.803054 -0.268612 0.157865
v 0.822658 -0.262349 0.165982
v 0.822658 -0.262349 0.167255
v 0.822658 -0.268612 0.165982
v 0.822658 -0.268612 0.167255
v 0.803054 -0.262349 0.165982
v 0.803054 -0.262349 0.167255
v 0.803054 -0.268612 0.165982
v 0.803054 -0.268612 0.167255
v 0.822658 -0.262349 0.175372
v 0.822658 -0.262349 0.176644
v 0.822658 -0.268612 0.175372
v 0.822658 -0.268612 0.176644
v 0.803054 -0.262349 0.175372
v 0.803054 -0.262349 0.176644
v 0.803054 -0.268612 0.175372
v 0.803054 -0.268612 0.176644
v 0.822658 -0.262349 0.184761
v 0.822658 -0.262349 0.186033
v 0.822658 -0.268612 0.184761
v 0.822658 -0.268612 0.186033
v 0.803054 -0.262349 0.184761
v 0.803054 -0.262349 0.186033
v 0.803054 -0.268612 0.184761
v 0.803054 -0.268612 0.186033
v 0.822658 -0.262349 0.194151
v 0.822658 -0.262349 0.195423
v 0.822658 -0.268612 0.194151
v 0.822658 -0.268612 0.195423
v 0.803054 -0.262349 0.194151
v 0.803054 -0.262349 0.195423
v 0.803054 -0.268612 0.194151
v 0.803054 -0.268612 0.195423
v 0.822658 -0.262349 0.203540
v 0.822658 -0.262349 0.204812
v 0.822658 -0.268612 0.203540
v 0.822658 -0.268612 0.204812
v 0.803054 -0.262349 0.203540
v 0.803054 -0.262349 0.204812
v 0.803054 -0.268612 0.203540
v 0.803054 -0.268612 0.204812
v 0.822658 -0.262349 0.212929
v 0.822658 -0.262349 0.214202
v 0.822658 -0.268612 0.212929
v 0.822658 -0.268612 0.214202
v 0.803054 -0.262349 0.212929
v 0.803054 -0.262349 0.214202
v 0.803054 -0.268612 0.212929
v 0.803054 -0.268612 0.214202
v 0.822658 -0.262349 0.222319
v 0.822658 -0.262349 0.223591
v 0.822658 -0.268612 0.222319
v 0.822658 -0.268612 0.223591
v 0.803054 -0.262349 0.222319
v 0.803054 -0.262349 0.223591
v 0.803054 -0.268612 0.222319
v 0.803054 -0.268612 0.223591
v 0.822658 -0.262349 0.231708
v 0.822658 -0.262349 0.232981
v 0.822658 -0.268612 0.231708
v 0.822658 -0.268612 0.232981
v 0.803054 -0.262349 0.231708
v 0.803054 -0.262349 0.232981
v 0.803054 -0.268612 0.231708
v 0.803054 -0.268612 0.232981
v 0.822658 -0.262349 0.241098
v 0.822658 -0.262349 0.242370
v 0.822658 -0.268612 0.241098
v 0.822658 -0.268612 0.242370
v 0.803054 -0.262349 0.241098
v 0.803054 -0.262349 0.242370
v 0.803054 -0.268612 0.241098
v 0.803054 -0.268612 0.242370
v 0.822658 -0.262349 0.250487
v 0.822658 -0.262349 0.251759
v 0.822658 -0.268612 0.250487
v 0.822658 -0.268612 0.251759
v 0.803054 -0.262349 0.250487
v 0.803054 -0.262349 0.251759
v 0.803054 -0.268612 0.250487
v 0.803054 -0.268612 0.251759
v 0.822658 -0.262349 0.259876
v 0.822658 -0.262349 0.261149
v 0.822658 -0.268612 0.259876
v 0.822658 -0.268612 0.261149
v 0.803054 -0.262349 0.259876
v 0.803054 -0.262349 0.261149
v 0.803054 -0.268612 0.259876
v 0.803054 -0.268612 0.261149
v 0.822658 -0.262349 0.269266
v 0.822658 -0.262349 0.270538
v 0.822658 -0.268612 0.269266
v 0.822658 -0.268612 0.270538
v 0.803054 -0.262349 0.269266
v 0.803054 -0.262349 0.270538
v 0.803054 -0.268612 0.269266
v 0.803054 -0.268612 0.270538
v 0.822658 -0.262349 0.278655
v 0.822658 -0.262349 0.279928
v 0.822658 -0.268612 0.278655
v 0.822658 -0.268612 0.279928
v 0.803054 -0.262349 0.278655
v 0.803054 -0.262349 0.279928
v 0.803054 -0.268612 0.278655
v 0.803054 -0.268612 0.279928
v 0.822658 -0.262349 0.288045
v 0.822658 -0.262349 0.289317
v 0.822658 -0.268612 0.288045
v 0.822658 -0.268612 0.289317
v 0.803054 -0.262349 0.288045
v 0.803054 -0.262349 0.289317
v 0.803054 -0.268612 0.288045
v 0.803054 -0.268612 0.289317
v 0.822658 -0.262349 0.297434
v 0.822658 -0.262349 0.298706
v 0.822658 -0.268612 0.297434
v 0.822658 -0.268612 0.298706
v 0.803054 -0.262349 0.297434
v 0.803054 -0.262349 0.298706
v 0.803054 -0.268612 0.297434
v 0.803054 -0.268612 0.298706
v 0.822658 -0.262349 0.306824
v 0.822658 -0.262349 0.308096
v 0.822658 -0.268612 0.306824
v 0.822658 -0.268612 0.308096
v 0.803054 -0.262349 0.306824
v 0.803054 -0.262349 0.308096
v 0.803054 -0.268612 0.306824
v 0.803054 -0.268612 0.308096
v 0.822658 -0.262349 0.316213
v 0.822658 -0.262349 0.317485
v 0.822658 -0.268612 0.316213
v 0.822658 -0.268612 0.317485
v 0.803054 -0.262349 0.316213
v 0.803054 -0.262349 0.317485
v 0.803054 -0.268612 0.316213
v 0.803054 -0.268612 0.317485
v 0.822658 -0.262349 0.325602
v 0.822658 -0.262349 0.326875
v 0.822658 -0.268612 0.325602
v 0.822658 -0.268612 0.326875
v 0.803054 -0.262349 0.325602
v 0.803054 -0.262349 0.326875
v 0.803054 -0.268612 0.325602
v 0.803054 -0.268612 0.326875
v 0.822658 -0.262349 0.334992
v 0.822658 -0.262349 0.336264
v 0.822658 -0.268612 0.334992
v 0.822658 -0.268612 0.336264
v 0.803054 -0.262349 0.334992
v 0.803054 -0.262349 0.336264
v 0.803054 -0.268612 0.334992
v 0.803054 -0.268612 0.336264
v 0.822658 -0.262349 0.344381
v 0.822658 -0.262349 0.345654
v 0.822658 -0.268612 0.344381
v 0.822658 -0.268612 0.345654
v 0.803054 -0.262349 0.344381
v 0.803054 -0.262349 0.345654
v 0.803054 -0.268612 0.344381
v 0.803054 -0.268612 0.345654
v 0.822658 -0.262349 0.353771
v 0.822658 -0.262349 0.355043
v 0.822658 -0.268612 0.353771
v 0.822658 -0.268612 0.355043
v 0.803054 -0.262349 0.353771
v 0.803054 -0.262349 0.355043
v 0.803054 -0.268612 0.353771
v 0.803054 -0.268612 0.355043
v 0.791025 -0.275732 0.363086
v 0.791142 -0.275527 0.393768
v 0.791380 -0.277023 0.363086
v 0.791586 -0.277140 0.393768
v 0.789734 -0.276087 0.363086
v 0.789529 -0.275971 0.393768
v 0.790089 -0.277378 0.363086
v 0.789973 -0.277584 0.393768
v 0.836357 -0.276180 0.363086
v 0.836561 -0.276060 0.393768
v 0.836019 -0.277475 0.363086
v 0.836139 -0.277679 0.393768
v 0.835062 -0.275842 0.363086
v 0.834942 -0.275638 0.393768
v 0.834724 -0.277137 0.363086
v 0.834521 -0.277257 0.393768
v 0.857392 -0.285137 0.363086
v 0.857620 -0.285074 0.393768
v 0.856731 -0.286301 0.363086
v 0.856793 -0.286529 0.393768
v 0.856229 -0.284476 0.363086
v 0.856166 -0.284248 0.393768
v 0.855567 -0.285639 0.363086
v 0.855339 -0.285702 0.393768
v 0.875392 -0.299234 0.363086
v 0.875629 -0.299232 0.393768
v 0.874452 -0.300186 0.363086
v 0.874454 -0.300423 0.393768
v 0.874439 -0.298294 0.363086
v 0.874438 -0.298057 0.393768
v 0.873499 -0.299246 0.363086
v 0.873263 -0.299248 0.393768
v 0.889131 -0.317508 0.363086
v 0.889359 -0.317568 0.393768
v 0.887976 -0.318185 0.363086
v 0.887916 -0.318414 0.393768
v 0.888454 -0.316354 0.363086
v 0.888513 -0.316125 0.393768
v 0.887299 -0.317031 0.363086
v 0.887070 -0.316971 0.393768
v 0.897671 -0.338716 0.363086
v 0.897876 -0.338833 0.393768
v 0.896380 -0.339071 0.363086
v 0.896264 -0.339277 0.393768
v 0.897316 -0.337426 0.363086
v 0.897433 -0.337220 0.393768
v 0.896025 -0.337781 0.363086
v 0.895820 -0.337664 0.393768
v 0.900431 -0.361412 0.363086
v 0.900599 -0.361578 0.393768
v 0.899093 -0.361421 0.363086
v 0.898927 -0.361589 0.393768
v 0.900422 -0.360073 0.363086
v 0.900588 -0.359905 0.393768
v 0.899084 -0.360082 0.363086
v 0.898915 -0.359916 0.393768
v 0.897223 -0.384048 0.363086
v 0.897343 -0.384252 0.393768
v 0.895928 -0.383711 0.363086
v 0.895724 -0.383830 0.393768
v 0.897561 -0.382753 0.363086
v 0.897765 -0.382634 0.393768
v 0.896266 -0.382415 0.363086
v 0.896146 -0.382212 0.393768
v 0.888266 -0.405083 0.363086
v 0.888329 -0.405311 0.393768
v 0.887102 -0.404422 0.363086
v 0.886874 -0.404485 0.393768
v 0.888927 -0.403920 0.363086
v 0.889155 -0.403857 0.393768
v 0.887764 -0.403258 0.363086
v 0.887701 -0.403031 0.393768
v 0.874169 -0.423083 0.363086
v 0.874171 -0.423320 0.393768
v 0.873217 -0.422143 0.363086
v 0.872980 -0.422145 0.393768
v 0.875110 -0.422131 0.363086
v 0.875346 -0.422129 0.393768
v 0.874157 -0.421191 0.363086
v 0.874155 -0.420954 0.393768
v 0.855895 -0.436821 0.363086
v 0.855835 -0.437050 0.393768
v 0.855218 -0.435667 0.363086
v 0.854989 -0.435607 0.393768
v 0.857049 -0.436145 0.363086
v 0.857278 -0.436204 0.393768
v 0.856372 -0.434990 0.363086
v 0.856432 -0.434761 0.393768
v 0.834687 -0.445362 0.363086
v 0.834570 -0.445567 0.393768
v 0.834332 -0.444071 0.363086
v 0.834126 -0.443955 0.393768
v 0.835977 -0.445007 0.363086
v 0.836183 -0.445124 0.393768
v 0.835622 -0.443716 0.363086
v 0.835739 -0.443511 0.393768
v 0.811991 -0.448122 0.363086
v 0.811825 -0.448290 0.393768
v 0.811982 -0.446784 0.363086
v 0.811814 -0.446618 0.393768
v 0.813330 -0.448113 0.363086
v 0.813498 -0.448279 0.393768
v 0.813321 -0.446775 0.363086
v 0.813487 -0.446606 0.393768
v 0.789355 -0.444914 0.363086
v 0.789151 -0.445034 0.393768
v 0.789692 -0.443619 0.363086
v 0.789573 -0.443415 0.393768
v 0.790650 -0.445252 0.363086
v 0.790769 -0.445456 0.393768
v 0.790988 -0.443957 0.363086
v 0.791191 -0.443837 0.393768
v 0.768320 -0.435957 0.363086
v 0.768091 -0.436019 0.393768
v 0.768981 -0.434793 0.363086
v 0.768918 -0.434565 0.393768
v 0.769483 -0.436618 0.363086
v 0.769546 -0.436846 0.393768
v 0.770145 -0.435455 0.363086
v 0.770373 -0.435392 0.393768
v 0.750319 -0.421861 0.363086
v 0.750083 -0.421862 0.393768
v 0.751260 -0.420908 0.363086
v 0.751258 -0.420671 0.393768
v 0.751272 -0.422801 0.363086
v 0.751274 -0.423037 0.393768
v 0.752212 -0.421848 0.363086
v 0.752449 -0.421846 0.393768
v 0.736581 -0.403586 0.363086
v 0.736353 -0.403526 0.393768
v 0.737736 -0.402909 0.363086
v 0.737795 -0.402680 0.393768
v 0.737258 -0.404740 0.363086
v 0.737199 -0.404969 0.393768
v 0.738413 -0.404063 0.363086
v 0.738642 -0.404123 0.393768
v 0.728041 -0.382378 0.363086
v 0.727836 -0.382261 0.393768
v 0.729331 -0.382023 0.363086
v 0.729448 -0.381817 0.393768
v 0.728396 -0.383668 0.363086
v 0.728279 -0.383874 0.393768
v 0.729687 -0.383313 0.363086
v 0.729892 -0.383430 0.393768
v 0.725281 -0.359682 0.363086
v 0.725112 -0.359517 0.393768
v 0.726619 -0.359674 0.363086
v 0.726785 -0.359505 0.393768
v 0.725290 -0.361021 0.363086
v 0.725124 -0.361189 0.393768
v 0.726628 -0.361012 0.363086
v 0.726796 -0.361178 0.393768
v 0.728489 -0.337046 0.363086
v 0.728369 -0.336842 0.393768
v 0.729784 -0.337384 0.363086
v 0.729988 -0.337264 0.393768
v 0.728151 -0.338341 0.363086
v 0.727947 -0.338460 0.393768
v 0.729446 -0.338679 0.363086
v 0.729566 -0.338883 0.393768
v 0.737446 -0.316011 0.363086
v 0.737383 -0.315783 0.393768
v 0.738609 -0.316672 0.363086
v 0.738837 -0.316610 0.393768
v 0.736784 -0.317174 0.363086
v 0.736557 -0.317237 0.393768
v 0.737948 -0.317836 0.363086
v 0.738011 -0.318064 0.393768
v 0.751542 -0.298011 0.363086
v 0.751541 -0.297775 0.393768
v 0.752495 -0.298951 0.363086
v 0.752732 -0.298949 0.393768
v 0.750602 -0.298964 0.363086
v 0.750366 -0.298965 0.393768
v 0.751555 -0.299904 0.363086
v 0.751557 -0.300140 0.393768
v 0.769817 -0.284273 0.363086
v 0.769877 -0.284044 0.393768
v 0.770494 -0.285427 0.363086
v 0.770723 -0.285487 0.393768
v 0.768662 -0.284950 0.363086
v 0.768434 -0.284890 0.393768
v 0.769340 -0.286104 0.363086
v 0.769280 -0.286333 0.393768
v 0.546490 -0.504998 -0.007505
v 0.544019 -0.504998 -0.007505
v 0.544019 -0.559504 -0.007505
v 0.546490 -0.559504 -0.007505
v 0.546490 -0.557249 0.019139
v 0.546490 -0.557249 0.021556
v 0.546490 -0.557249 0.042180
v 0.546490 -0.557249 0.044615
v 0.544019 -0.557249 0.044645
v 0.544019 -0.557249 0.042206
v 0.544019 -0.557249 0.021531
v 0.544019 -0.557249 0.019110
v 0.544019 -0.559504 0.044215
v 0.544019 -0.559504 0.021042
v 0.546490 -0.507255 0.044613
v 0.546490 -0.507255 0.042179
v 0.546490 -0.507255 0.021558
v 0.546490 -0.507255 0.019141
v 0.544019 -0.507255 0.019111
v 0.544019 -0.507255 0.021532
v 0.544019 -0.507255 0.042204
v 0.544019 -0.507255 0.044643
v 0.544019 -0.504998 0.021043
v 0.544019 -0.504998 0.044214
v 0.546490 -0.532252 -0.007505
v 0.544019 -0.532252 -0.007505
v 0.544019 -0.533597 0.064253
v 0.544019 -0.531041 0.064253
v 0.546490 -0.533597 0.064253
v 0.546490 -0.531041 0.064253
v 0.544019 -0.532322 0.067176
v 0.546490 -0.530974 0.044614
v 0.546490 -0.533530 0.044614
v 0.544019 -0.533530 0.044644
v 0.544019 -0.530974 0.044644
v 0.546490 -0.530974 0.042180
v 0.546490 -0.533530 0.042180
v 0.544019 -0.530974 0.042205
v 0.544019 -0.533530 0.042205
v 0.544019 -0.533530 0.021532
v 0.544019 -0.530974 0.021532
v 0.544019 -0.530974 0.019110
v 0.544019 -0.533530 0.019110
v 0.546490 -0.533530 0.021557
v 0.546490 -0.530974 0.021557
v 0.546490 -0.530974 0.019140
v 0.546490 -0.533530 0.019140
v 0.544019 -0.545390 -0.007505
v 0.546490 -0.545390 -0.007505
v 0.544019 -0.519115 -0.007505
v 0.546490 -0.519115 -0.007505
v 0.544019 -0.508833 0.064253
v 0.544019 -0.507255 0.062572
v 0.544019 -0.557249 0.062572
v 0.544019 -0.555671 0.064253
v 0.546490 -0.557249 0.062581
v 0.546490 -0.555676 0.064253
v 0.546490 -0.508828 0.064253
v 0.546490 -0.507255 0.062581
v 0.544019 -0.504998 0.067176
v 0.544019 -0.507255 0.001008
v 0.544019 -0.559504 0.067176
v 0.546490 -0.507255 0.001008
v 0.546490 -0.517897 0.044614
v 0.546490 -0.520332 0.044614
v 0.544019 -0.520332 0.044644
v 0.544019 -0.517897 0.044643
v 0.546490 -0.520332 0.042180
v 0.546490 -0.517897 0.042180
v 0.544019 -0.517897 0.042205
v 0.544019 -0.520332 0.042205
v 0.546490 -0.520332 0.021557
v 0.546490 -0.517897 0.021557
v 0.544019 -0.517897 0.021532
v 0.544019 -0.520332 0.021532
v 0.544019 -0.520332 0.019111
v 0.544019 -0.517897 0.019111
v 0.546490 -0.517897 0.019140
v 0.546490 -0.520332 0.019140
v 0.544019 -0.544172 0.021531
v 0.544019 -0.546607 0.021531
v 0.544019 -0.546607 0.019110
v 0.544019 -0.544172 0.019110
v 0.546490 -0.546607 0.021557
v 0.546490 -0.544172 0.021557
v 0.546490 -0.544172 0.019140
v 0.546490 -0.546607 0.019140
v 0.546490 -0.546607 0.042180
v 0.546490 -0.544172 0.042180
v 0.546490 -0.544172 0.044614
v 0.546490 -0.546607 0.044614
v 0.544019 -0.544172 0.044644
v 0.544019 -0.546607 0.044644
v 0.544019 -0.546607 0.042205
v 0.544019 -0.544172 0.042205
v 0.546490 -0.533568 0.055736
v 0.546490 -0.533558 0.053536
v 0.546490 -0.531002 0.053536
v 0.546490 -0.531012 0.055736
v 0.544019 -0.533568 0.055751
v 0.544019 -0.533558 0.053551
v 0.544019 -0.531002 0.053551
v 0.544019 -0.531012 0.055751
v 0.546490 -0.522009 0.051084
v 0.546490 -0.523587 0.052717
v 0.546490 -0.523578 0.049684
v 0.546490 -0.525476 0.051252
v 0.544019 -0.522009 0.051108
v 0.544019 -0.523588 0.052739
v 0.544019 -0.525477 0.051274
v 0.544019 -0.523577 0.049707
v 0.546490 -0.542530 0.051081
v 0.546490 -0.540960 0.052721
v 0.544019 -0.539056 0.051277
v 0.544019 -0.540952 0.049704
v 0.544019 -0.540959 0.052743
v 0.544019 -0.542531 0.051105
v 0.546490 -0.540951 0.049681
v 0.546490 -0.539058 0.051256
v 0.546490 -0.517897 0.001008
v 0.544019 -0.517897 0.001008
v 0.544019 -0.520332 0.001008
v 0.546490 -0.520332 0.001008
v 0.546490 -0.533530 0.001008
v 0.546490 -0.530974 0.001008
v 0.544019 -0.533530 0.001008
v 0.544019 -0.530974 0.001008
v 0.544019 -0.544172 0.001008
v 0.544019 -0.546607 0.001008
v 0.546490 -0.546607 0.001008
v 0.546490 -0.544172 0.001008
v 0.544019 -0.557249 0.001008
v 0.546490 -0.557249 0.001008
v 0.366978 -0.988793 0.180346
v 0.366978 -0.993727 0.179697
v 0.366978 -0.998324 0.177792
v 0.366978 -1.002272 0.174763
v 0.366978 -1.005302 0.170815
v 0.366978 -1.007206 0.166217
v 0.366978 -1.007856 0.161283
v 0.366978 -1.007206 0.156350
v 0.366978 -1.005302 0.151752
v 0.366978 -1.002272 0.147804
v 0.366978 -0.998324 0.144775
v 0.366978 -0.993727 0.142870
v 0.366978 -0.988793 0.142221
v 0.366978 -0.983859 0.142870
v 0.366978 -0.979262 0.144775
v 0.366978 -0.975314 0.147804
v 0.366978 -0.972284 0.151752
v 0.366978 -0.970380 0.156350
v 0.366978 -0.969730 0.161283
v 0.366978 -0.970380 0.166217
v 0.366978 -0.972284 0.170815
v 0.366978 -0.975314 0.174763
v 0.366978 -0.979262 0.177792
v 0.366978 -0.983859 0.179697
v 0.363757 -0.988793 0.180346
v 0.363757 -0.993727 0.179697
v 0.363757 -0.983859 0.179697
v 0.363757 -0.998324 0.177792
v 0.363757 -0.979262 0.177792
v 0.363757 -1.005302 0.170815
v 0.363757 -1.002272 0.174763
v 0.363757 -0.975314 0.174763
v 0.363757 -1.007206 0.166217
v 0.363757 -0.972284 0.170815
v 0.363757 -1.007856 0.161283
v 0.363757 -0.970380 0.166217
v 0.363757 -1.007206 0.156350
v 0.363757 -0.969730 0.161283
v 0.363757 -1.005302 0.151752
v 0.363757 -1.002272 0.147804
v 0.363757 -0.998324 0.144775
v 0.363757 -0.993727 0.142870
v 0.363757 -0.988793 0.142221
v 0.363757 -0.983859 0.142870
v 0.363757 -0.979262 0.144775
v 0.363757 -0.975314 0.147804
v 0.363757 -0.970380 0.156350
v 0.363757 -0.972284 0.151752
v 0.363757 -0.988793 0.182738
v 0.363757 -0.994346 0.182007
v 0.363757 -0.983240 0.182007
v 0.363757 -0.999520 0.179864
v 0.363757 -0.978066 0.179864
v 0.363757 -1.007373 0.172011
v 0.363757 -1.003964 0.176454
v 0.363757 -0.973622 0.176454
v 0.363757 -1.009517 0.166836
v 0.363757 -0.970213 0.172011
v 0.363757 -1.010248 0.161283
v 0.363757 -0.968070 0.166836
v 0.363757 -1.009517 0.155731
v 0.363757 -0.967338 0.161283
v 0.363757 -1.007373 0.150556
v 0.363757 -1.003964 0.146113
v 0.363757 -0.999520 0.142703
v 0.363757 -0.994346 0.140560
v 0.363757 -0.988793 0.139829
v 0.363757 -0.983240 0.140560
v 0.363757 -0.978066 0.142703
v 0.363757 -0.973622 0.146113
v 0.363757 -0.968070 0.155731
v 0.363757 -0.970213 0.150556
v 0.366978 -0.988793 0.172177
v 0.366978 -0.991612 0.171806
v 0.366978 -0.994240 0.170717
v 0.366978 -0.996496 0.168986
v 0.366978 -0.998227 0.166730
v 0.366978 -0.999315 0.164103
v 0.366978 -0.999686 0.161283
v 0.366978 -0.999315 0.158464
v 0.366978 -0.998227 0.155837
v 0.366978 -0.996496 0.153581
v 0.366978 -0.994240 0.151849
v 0.366978 -0.991612 0.150761
v 0.366978 -0.988793 0.150390
v 0.366978 -0.985974 0.150761
v 0.366978 -0.983346 0.151849
v 0.366978 -0.981090 0.153581
v 0.366978 -0.979359 0.155837
v 0.366978 -0.978271 0.158464
v 0.366978 -0.977900 0.161283
v 0.366978 -0.978271 0.164103
v 0.366978 -0.979359 0.166730
v 0.366978 -0.981090 0.168986
v 0.366978 -0.983346 0.170717
v 0.366978 -0.985974 0.171806
v 0.364551 -0.988793 0.172177
v 0.364551 -0.991612 0.171806
v 0.364551 -0.985974 0.171806
v 0.364551 -0.994240 0.170717
v 0.364551 -0.983346 0.170717
v 0.364551 -0.998227 0.166730
v 0.364551 -0.996496 0.168986
v 0.364551 -0.981090 0.168986
v 0.364551 -0.999315 0.164103
v 0.364551 -0.979359 0.166730
v 0.364551 -0.999686 0.161283
v 0.364551 -0.978271 0.164103
v 0.364551 -0.999315 0.158464
v 0.364551 -0.977900 0.161283
v 0.364551 -0.998227 0.155837
v 0.364551 -0.996496 0.153581
v 0.364551 -0.994240 0.151849
v 0.364551 -0.991612 0.150761
v 0.364551 -0.988793 0.150390
v 0.364551 -0.985974 0.150761
v 0.364551 -0.983346 0.151849
v 0.364551 -0.981090 0.153581
v 0.364551 -0.978271 0.158464
v 0.364551 -0.979359 0.155837
v 0.364551 -0.988793 0.174085
v 0.364551 -0.992106 0.173649
v 0.364551 -0.985480 0.173649
v 0.364551 -0.995194 0.172370
v 0.364551 -0.982392 0.172370
v 0.364551 -0.999880 0.167684
v 0.364551 -0.997845 0.170336
v 0.364551 -0.979741 0.170336
v 0.364551 -1.001159 0.164597
v 0.364551 -0.977706 0.167684
v 0.364551 -1.001595 0.161283
v 0.364551 -0.976427 0.164597
v 0.364551 -1.001159 0.157970
v 0.364551 -0.975991 0.161283
v 0.364551 -0.999880 0.154882
v 0.364551 -0.997845 0.152231
v 0.364551 -0.995194 0.150197
v 0.364551 -0.992106 0.148918
v 0.364551 -0.988793 0.148481
v 0.364551 -0.985480 0.148918
v 0.364551 -0.982392 0.150197
v 0.364551 -0.979741 0.152231
v 0.364551 -0.976427 0.157970
v 0.364551 -0.977706 0.154882
v 0.367038 -0.988793 0.174085
v 0.367038 -0.992106 0.173649
v 0.367038 -0.985480 0.173649
v 0.367038 -0.995194 0.172370
v 0.367038 -0.982392 0.172370
v 0.367038 -0.999880 0.167684
v 0.367038 -0.997845 0.170336
v 0.367038 -0.979741 0.170336
v 0.367038 -1.001159 0.164597
v 0.367038 -0.977706 0.167684
v 0.367038 -1.001595 0.161283
v 0.367038 -0.976427 0.164597
v 0.367038 -1.001159 0.157970
v 0.367038 -0.975991 0.161283
v 0.367038 -0.999880 0.154882
v 0.367038 -0.997845 0.152231
v 0.367038 -0.995194 0.150197
v 0.367038 -0.992106 0.148918
v 0.367038 -0.988793 0.148481
v 0.367038 -0.985480 0.148918
v 0.367038 -0.982392 0.150197
v 0.367038 -0.979741 0.152231
v 0.367038 -0.976427 0.157970
v 0.367038 -0.977706 0.154882
v 0.364751 -0.987886 0.141535
v 0.364751 -0.987886 0.181032
v 0.367077 -0.987886 0.141535
v 0.367077 -0.987886 0.181032
v 0.364751 -0.989700 0.141535
v 0.364751 -0.989700 0.181032
v 0.367077 -0.989700 0.141535
v 0.367077 -0.989700 0.181032
v 0.364868 -0.997882 0.143727
v 0.364868 -0.978133 0.177933
v 0.367194 -0.997882 0.143727
v 0.367194 -0.978133 0.177933
v 0.364868 -0.999453 0.144634
v 0.364868 -0.979704 0.178840
v 0.367194 -0.999453 0.144634
v 0.367194 -0.979704 0.178840
v 0.364751 -1.005442 0.150623
v 0.364751 -0.971237 0.170372
v 0.367077 -1.005442 0.150623
v 0.367077 -0.971237 0.170372
v 0.364751 -1.006350 0.152194
v 0.364751 -0.972144 0.171943
v 0.367077 -1.006350 0.152194
v 0.367077 -0.972144 0.171943
v 0.364868 -1.008542 0.160376
v 0.364868 -0.969044 0.160376
v 0.367194 -1.008542 0.160376
v 0.367194 -0.969044 0.160376
v 0.364868 -1.008542 0.162190
v 0.364868 -0.969044 0.162190
v 0.367194 -1.008542 0.162190
v 0.367194 -0.969044 0.162190
v 0.364868 -0.999453 0.177933
v 0.364868 -0.979704 0.143727
v 0.367194 -0.999453 0.177933
v 0.367194 -0.979704 0.143727
v 0.364868 -0.997882 0.178840
v 0.364868 -0.978133 0.144634
v 0.367194 -0.997882 0.178840
v 0.367194 -0.978133 0.144634
v 0.364751 -0.971237 0.152194
v 0.364751 -1.005442 0.171943
v 0.367077 -0.971237 0.152194
v 0.367077 -1.005442 0.171943
v 0.364751 -0.972144 0.150623
v 0.364751 -1.006350 0.170372
v 0.367077 -0.972144 0.150623
v 0.367077 -1.006350 0.170372
v 0.366801 -0.988793 0.182200
v 0.366801 -0.994207 0.181488
v 0.366801 -0.999251 0.179398
v 0.366801 -1.003584 0.176074
v 0.366801 -1.006908 0.171742
v 0.366801 -1.008997 0.166697
v 0.366801 -1.009710 0.161283
v 0.366801 -1.008997 0.155870
v 0.366801 -1.006908 0.150825
v 0.366801 -1.003584 0.146493
v 0.366801 -0.999251 0.143169
v 0.366801 -0.994207 0.141079
v 0.366801 -0.988793 0.140366
v 0.366801 -0.983379 0.141079
v 0.366801 -0.978335 0.143169
v 0.366801 -0.974003 0.146493
v 0.366801 -0.970679 0.150825
v 0.366801 -0.968589 0.155870
v 0.366801 -0.967876 0.161283
v 0.366801 -0.968589 0.166697
v 0.366801 -0.970679 0.171742
v 0.366801 -0.974003 0.176074
v 0.366801 -0.978335 0.179398
v 0.366801 -0.983379 0.181488
v 0.873154 -0.462373 0.190910
v 0.873154 -0.462373 0.230578
v 0.833485 -0.462373 0.190910
v 0.833485 -0.462373 0.230578
v 0.815634 -0.462373 0.190910
v 0.815634 -0.462373 0.230578
v 0.775966 -0.462373 0.190910
v 0.775966 -0.462373 0.230578
v 0.758115 -0.462373 0.190910
v 0.758115 -0.462373 0.230578
v 0.718446 -0.462373 0.190910
v 0.718446 -0.462373 0.230578
v 0.673990 -1.094629 0.038833
v 0.725369 -1.094629 0.038833
v 0.673990 -1.094629 0.077301
v 0.699680 -1.094629 0.116357
v 0.674872 -1.094629 0.087409
v 0.677458 -1.094629 0.096829
v 0.681572 -1.094629 0.104918
v 0.686933 -1.094629 0.111125
v 0.693175 -1.094629 0.115026
v 0.725369 -1.094629 0.077301
v 0.706184 -1.094629 0.115026
v 0.712427 -1.094629 0.111125
v 0.717788 -1.094629 0.104918
v 0.721901 -1.094629 0.096829
v 0.724487 -1.094629 0.087409
v 0.788565 -1.094629 0.038833
v 0.839944 -1.094629 0.038833
v 0.788565 -1.094629 0.077301
v 0.814254 -1.094629 0.116357
v 0.789447 -1.094629 0.087409
v 0.792033 -1.094629 0.096829
v 0.796146 -1.094629 0.104918
v 0.801507 -1.094629 0.111125
v 0.807750 -1.094629 0.115026
v 0.839944 -1.094629 0.077301
v 0.820759 -1.094629 0.115026
v 0.827002 -1.094629 0.111125
v 0.832362 -1.094629 0.104918
v 0.836476 -1.094629 0.096829
v 0.839062 -1.094629 0.087409
v 0.414733 -1.094629 0.038833
v 0.466112 -1.094629 0.038833
v 0.414733 -1.094629 0.077301
v 0.440423 -1.094629 0.116357
v 0.415615 -1.094629 0.087409
v 0.418201 -1.094629 0.096829
v 0.422315 -1.094629 0.104918
v 0.427676 -1.094629 0.111125
v 0.433918 -1.094629 0.115026
v 0.466112 -1.094629 0.077301
v 0.446927 -1.094629 0.115026
v 0.453170 -1.094629 0.111125
v 0.458531 -1.094629 0.104918
v 0.462644 -1.094629 0.096829
v 0.465230 -1.094629 0.087409
v 0.529308 -1.094629 0.038833
v 0.580687 -1.094629 0.038833
v 0.529308 -1.094629 0.077301
v 0.554997 -1.094629 0.116357
v 0.530190 -1.094629 0.087409
v 0.532776 -1.094629 0.096829
v 0.536889 -1.094629 0.104918
v 0.542250 -1.094629 0.111125
v 0.548493 -1.094629 0.115026
v 0.580687 -1.094629 0.077301
v 0.561502 -1.094629 0.115026
v 0.567745 -1.094629 0.111125
v 0.573105 -1.094629 0.104918
v 0.577219 -1.094629 0.096829
v 0.579805 -1.094629 0.087409
v 0.414894 -0.883354 0.038833
v 0.466272 -0.883354 0.038833
v 0.440583 -0.883354 0.116357
v 0.414894 -0.883354 0.077301
v 0.434079 -0.883354 0.115026
v 0.427836 -0.883354 0.111125
v 0.422475 -0.883354 0.104918
v 0.418362 -0.883354 0.096829
v 0.415776 -0.883354 0.087409
v 0.466272 -0.883354 0.077301
v 0.465390 -0.883354 0.087409
v 0.462805 -0.883354 0.096829
v 0.458691 -0.883354 0.104918
v 0.453330 -0.883354 0.111125
v 0.447087 -0.883354 0.115026
v 0.529468 -0.883354 0.038833
v 0.580847 -0.883354 0.038833
v 0.555158 -0.883354 0.116357
v 0.529468 -0.883354 0.077301
v 0.548653 -0.883354 0.115026
v 0.542411 -0.883354 0.111125
v 0.537050 -0.883354 0.104918
v 0.532936 -0.883354 0.096829
v 0.530350 -0.883354 0.087409
v 0.580847 -0.883354 0.077301
v 0.579965 -0.883354 0.087409
v 0.577379 -0.883354 0.096829
v 0.573266 -0.883354 0.104918
v 0.567905 -0.883354 0.111125
v 0.561662 -0.883354 0.115026
v 0.356967 -0.878899 -0.007505
v 0.356967 -0.878899 0.155955
v 0.894815 -0.878899 -0.007505
v 0.894815 -0.897167 0.155955
v 0.356967 -1.098687 -0.007505
v 0.356967 -1.098687 0.155955
v 0.894815 -1.098687 -0.007505
v 0.894815 -1.098687 0.155955
v 0.894815 -1.080419 -0.007505
v 0.894815 -0.897167 -0.007505
v 0.894815 -1.080419 0.155955
v 0.361889 -0.939699 -0.007505
v 0.361889 -1.037887 -0.007505
v 0.361889 -1.037887 0.103857
v 0.361889 -0.939699 0.103857
v 0.894815 -0.988793 -0.007505
v 0.894815 -0.988793 0.155955
v 0.625891 -0.878899 -0.007505
v 0.625891 -0.878899 0.155955
v 0.625891 -1.098687 -0.007505
v 0.625891 -1.098687 0.155955
v 0.625891 -1.080419 0.155955
v 0.625891 -0.897167 0.155955
v 0.625891 -0.897167 -0.007505
v 0.625891 -1.080419 -0.007505
v 0.625891 -0.988793 -0.007505
v 0.894815 -0.815125 -0.007505
v 0.894815 -0.815125 0.155955
v 0.894815 -0.457666 -0.007505
v 0.625891 -0.457666 -0.007505
v 0.625891 -0.816780 -0.007505
v 0.625891 -0.815125 0.155955
v 0.610541 -0.608981 0.038833
v 0.894815 -0.608981 -0.007505
v 0.534358 -0.483727 -0.007505
v 0.568476 -0.608981 0.038833
v 0.534358 -0.483727 0.103857
v 0.568476 -0.608981 0.110761
v 0.610541 -0.608981 0.110761
v 0.625891 -0.457666 0.127412
v 0.894815 -0.457666 0.155955
v 0.625891 -0.457666 0.155955
v 0.894815 -0.815125 0.247796
v 0.894815 -0.608981 0.155955
v 0.625891 -0.608981 0.155955
v 0.701914 -0.897167 0.155955
v 0.701914 -0.897167 -0.007505
v 0.701914 -0.878899 -0.007505
v 0.701914 -1.098687 -0.007505
v 0.361889 -1.080419 -0.007505
v 0.361889 -0.988793 0.208756
v 0.361889 -0.897167 0.155955
v 0.361889 -1.080419 0.155955
v 0.361889 -0.897167 -0.007505
v 0.367481 -1.037887 -0.007505
v 0.367481 -0.939699 0.103857
v 0.367481 -1.037887 0.103857
v 0.367481 -0.939699 -0.007505
v 0.701914 -1.098687 0.155955
v 0.701914 -1.080419 0.155955
v 0.701914 -1.080419 -0.007505
v 0.701914 -0.988793 -0.007505
v 0.701914 -0.457666 0.155955
v 0.701914 -0.457666 -0.007505
v 0.701914 -0.608981 -0.007505
v 0.894815 -0.608981 0.247796
v 0.701914 -0.815125 -0.007505
v 0.701914 -0.815125 0.155955
v 0.701914 -0.600033 0.155955
v 0.701914 -0.815125 0.247796
v 0.701914 -0.608981 0.247796
v 0.701914 -0.457666 0.247796
v 0.894815 -0.457666 0.247796
v 0.625891 -0.608981 0.127412
v 0.625891 -0.608981 -0.007505
v 0.534358 -0.581915 0.103857
v 0.534358 -0.581915 -0.007505
v 0.610541 -0.603554 0.110761
v 0.610541 -0.603554 0.038833
v 0.568476 -0.603554 0.110761
v 0.568476 -0.603554 0.038833
v 0.701914 -0.988793 0.155955
v 0.625891 -0.533324 0.155955
v 0.701914 -0.533324 0.155955
v 0.891103 -0.900481 0.217274
v 0.891103 -0.893932 0.259975
v 0.891103 -1.080419 0.219315
v 0.891103 -0.992108 0.217274
v 0.894815 -0.829284 0.219315
v 0.705626 -0.900481 0.217274
v 0.705626 -1.080419 0.219315
v 0.701914 -0.829284 0.219315
v 0.705626 -0.992108 0.217274
v 0.705626 -0.893932 0.259975
v 0.891103 -0.985478 0.260125
v 0.705626 -0.985478 0.260125
v 0.891103 -1.077105 0.260125
v 0.705626 -1.077105 0.260125
v 0.625891 -1.080419 0.180590
v 0.625891 -0.897167 0.180590
v 0.625891 -0.988793 0.233390
v 0.701914 -0.897167 0.180590
v 0.361889 -0.988793 0.233390
v 0.361889 -0.897167 0.180590
v 0.361889 -1.080419 0.180590
v 0.701914 -1.080419 0.180590
v 0.701914 -0.988793 0.233390
v 0.622179 -1.054297 0.209047
v 0.622179 -0.923290 0.209047
v 0.622179 -0.992009 0.244941
v 0.471422 -1.054297 0.209047
v 0.471422 -0.923290 0.209047
v 0.471422 -0.992009 0.244941
v 0.625891 -1.057513 0.191574
v 0.625891 -0.920073 0.191574
v 0.625891 -0.988793 0.231174
v 0.467710 -1.057513 0.191574
v 0.467710 -0.920073 0.191574
v 0.467710 -0.988793 0.231174
v 0.555158 -0.878899 0.116357
v 0.561662 -0.878899 0.115026
v 0.440583 -0.878899 0.116357
v 0.447087 -0.878899 0.115026
v 0.434079 -0.878899 0.115026
v 0.548653 -0.878899 0.115026
v 0.542411 -0.878899 0.111125
v 0.567905 -0.878899 0.111125
v 0.458691 -0.878899 0.104918
v 0.453330 -0.878899 0.111125
v 0.427836 -0.878899 0.111125
v 0.573266 -0.878899 0.104918
v 0.537050 -0.878899 0.104918
v 0.532936 -0.878899 0.096829
v 0.422475 -0.878899 0.104918
v 0.418362 -0.878899 0.096829
v 0.462805 -0.878899 0.096829
v 0.577379 -0.878899 0.096829
v 0.579965 -0.878899 0.087409
v 0.530350 -0.878899 0.087409
v 0.465390 -0.878899 0.087409
v 0.415776 -0.878899 0.087409
v 0.580847 -0.878899 0.077301
v 0.529468 -0.878899 0.077301
v 0.466272 -0.878899 0.077301
v 0.414894 -0.878899 0.077301
v 0.580847 -0.878899 0.038833
v 0.529468 -0.878899 0.038833
v 0.414894 -0.878899 0.038833
v 0.466272 -0.878899 0.038833
v 0.554997 -1.098687 0.116357
v 0.561502 -1.098687 0.115026
v 0.440423 -1.098687 0.116357
v 0.446927 -1.098687 0.115026
v 0.433918 -1.098687 0.115026
v 0.548493 -1.098687 0.115026
v 0.542250 -1.098687 0.111125
v 0.567745 -1.098687 0.111125
v 0.458531 -1.098687 0.104918
v 0.453170 -1.098687 0.111125
v 0.427676 -1.098687 0.111125
v 0.573105 -1.098687 0.104918
v 0.536889 -1.098687 0.104918
v 0.532776 -1.098687 0.096829
v 0.422315 -1.098687 0.104918
v 0.418201 -1.098687 0.096829
v 0.462644 -1.098687 0.096829
v 0.577219 -1.098687 0.096829
v 0.579805 -1.098687 0.087409
v 0.530190 -1.098687 0.087409
v 0.465230 -1.098687 0.087409
v 0.415615 -1.098687 0.087409
v 0.580687 -1.098687 0.077301
v 0.529308 -1.098687 0.077301
v 0.466112 -1.098687 0.077301
v 0.414733 -1.098687 0.077301
v 0.580687 -1.098687 0.038833
v 0.529308 -1.098687 0.038833
v 0.414733 -1.098687 0.038833
v 0.466112 -1.098687 0.038833
v 0.814254 -1.098687 0.116357
v 0.820759 -1.098687 0.115026
v 0.701914 -1.098687 0.115900
v 0.699680 -1.098687 0.116357
v 0.706184 -1.098687 0.115026
v 0.693175 -1.098687 0.115026
v 0.807750 -1.098687 0.115026
v 0.801507 -1.098687 0.111125
v 0.827002 -1.098687 0.111125
v 0.717788 -1.098687 0.104918
v 0.712427 -1.098687 0.111125
v 0.686933 -1.098687 0.111125
v 0.832362 -1.098687 0.104918
v 0.796146 -1.098687 0.104918
v 0.792033 -1.098687 0.096829
v 0.681572 -1.098687 0.104918
v 0.677458 -1.098687 0.096829
v 0.721901 -1.098687 0.096829
v 0.836476 -1.098687 0.096829
v 0.839062 -1.098687 0.087409
v 0.789447 -1.098687 0.087409
v 0.724487 -1.098687 0.087409
v 0.674872 -1.098687 0.087409
v 0.839944 -1.098687 0.077301
v 0.788565 -1.098687 0.077301
v 0.725369 -1.098687 0.077301
v 0.673990 -1.098687 0.077301
v 0.839944 -1.098687 0.038833
v 0.788565 -1.098687 0.038833
v 0.673990 -1.098687 0.038833
v 0.725369 -1.098687 0.038833
v 0.701914 -1.098687 0.038833
v 0.355857 -0.988793 0.208756
v 0.355857 -0.897167 0.155955
v 0.355857 -1.080419 0.155955
v 0.355857 -1.080419 0.180590
v 0.355857 -0.897167 0.180590
v 0.355857 -0.988793 0.233390
v 0.701914 -0.600033 0.230578
v 0.705216 -0.600033 0.155955
v 0.701914 -0.639702 0.230578
v 0.701914 -0.639702 0.155955
v 0.705216 -0.639702 0.155955
v 0.701914 -0.582182 0.230578
v 0.701914 -0.582182 0.190910
v 0.701914 -0.542514 0.190910
v 0.701914 -0.542514 0.230578
v 0.701914 -0.524663 0.230578
v 0.701914 -0.484994 0.230578
v 0.701914 -0.524663 0.190910
v 0.701914 -0.484994 0.190910
v 0.775966 -0.457666 0.230578
v 0.815634 -0.457666 0.230578
v 0.815634 -0.457666 0.190910
v 0.775966 -0.457666 0.190910
v 0.705216 -0.639702 0.230578
v 0.873154 -0.457666 0.190910
v 0.833485 -0.457666 0.190910
v 0.833485 -0.457666 0.230578
v 0.758115 -0.457666 0.190910
v 0.718446 -0.457666 0.230578
v 0.758115 -0.457666 0.230578
v 0.718446 -0.457666 0.190910
v 0.873154 -0.457666 0.230578
v 0.705216 -0.600033 0.230578
v 0.705216 -0.582182 0.230578
v 0.705216 -0.582182 0.190910
v 0.705216 -0.542514 0.230578
v 0.705216 -0.542514 0.190910
v 0.705216 -0.484994 0.230578
v 0.705216 -0.524663 0.230578
v 0.705216 -0.484994 0.190910
v 0.705216 -0.524663 0.190910
v 0.701914 -1.080419 0.155955
v 0.625891 -1.080419 0.155955
v 0.361889 -1.080419 0.155955
v 0.361889 -0.897167 0.155955
v 0.625891 -0.897167 0.155955
v 0.701914 -0.535761 0.247796
v 0.701914 -1.080419 0.155955
v 0.625891 -1.080419 0.155955
v 0.361889 -1.080419 0.155955
v 0.361889 -0.897167 0.155955
v 0.625891 -0.897167 0.155955
v 0.361889 -0.945029 0.106119
v 0.361889 -1.032557 0.106119
v 0.361889 -0.957847 0.110292
v 0.361889 -0.972774 0.112916
v 0.361889 -0.988793 0.113811
v 0.361889 -1.004812 0.112916
v 0.361889 -1.019739 0.110292
v 0.367481 -1.032557 0.106119
v 0.367481 -0.945029 0.106119
v 0.367481 -1.019739 0.110292
v 0.367481 -1.004812 0.112916
v 0.367481 -0.988793 0.113811
v 0.367481 -0.972774 0.112916
v 0.367481 -0.957847 0.110292
v 0.625891 -0.816780 0.038833
v 0.625891 -0.608981 0.038833
v 0.625891 -0.878899 0.038833
v 0.568476 -0.608981 -0.007505
v 0.568476 -0.816780 -0.007505
v 0.568476 -0.608981 0.038833
v 0.568476 -0.816780 0.038833
v 0.625891 -0.816780 0.029066
v 0.568476 -0.816780 0.029066
v 0.568476 -0.824853 0.019484
v 0.625891 -0.824853 0.019484
v 0.568476 -0.824853 0.029066
v 0.625891 -0.824853 0.029066
v 0.568476 -0.832927 0.009903
v 0.625891 -0.832927 0.009903
v 0.568476 -0.832927 0.019484
v 0.625891 -0.832927 0.019484
v 0.568476 -0.841000 0.009903
v 0.568476 -0.841000 0.000322
v 0.625891 -0.841000 0.009903
v 0.625891 -0.841000 0.000322
v 0.568476 -0.849074 -0.007505
v 0.625891 -0.849074 -0.007505
v 0.568476 -0.849074 0.000322
v 0.625891 -0.849074 0.000322
v 0.625891 -0.656059 0.134953
v 0.625891 -0.796654 0.038833
v 0.625891 -0.656059 0.038833
v 0.625891 -0.796654 0.134953
v 0.630531 -0.796654 0.038833
v 0.630531 -0.656059 0.038833
v 0.630531 -0.656059 0.134953
v 0.630531 -0.796654 0.134953
v 0.542546 -0.581915 -0.007505
v 0.542546 -0.483727 0.103857
v 0.542546 -0.581915 0.103857
v 0.542546 -0.483727 -0.007505
v 0.534358 -0.489058 0.106119
v 0.534358 -0.576585 0.106119
v 0.534358 -0.501876 0.110292
v 0.534358 -0.516803 0.112916
v 0.534358 -0.532821 0.113811
v 0.534358 -0.548840 0.112916
v 0.534358 -0.563767 0.110292
v 0.542546 -0.576585 0.106119
v 0.542546 -0.489058 0.106119
v 0.542546 -0.563767 0.110292
v 0.542546 -0.548840 0.112916
v 0.542546 -0.532821 0.113811
v 0.542546 -0.516803 0.112916
v 0.542546 -0.501876 0.110292
v 0.534358 -0.457666 0.127412
v 0.534358 -0.457666 -0.007505
v 0.534358 -0.608981 -0.007505
v 0.534358 -0.608981 0.127412
v 0.534358 -0.533324 0.155955
v 0.534358 -0.533324 0.155953
v 0.361889 -0.988793 0.182200
v 0.361889 -0.994207 0.181488
v 0.361889 -0.983379 0.181488
v 0.361889 -0.999251 0.179398
v 0.361889 -0.978335 0.179398
v 0.361889 -1.006908 0.171742
v 0.361889 -1.003584 0.176074
v 0.361889 -0.974003 0.176074
v 0.361889 -1.008997 0.166697
v 0.361889 -0.970679 0.171742
v 0.361889 -1.009710 0.161283
v 0.361889 -0.968589 0.166697
v 0.361889 -1.008997 0.155870
v 0.361889 -0.967876 0.161283
v 0.361889 -1.006908 0.150825
v 0.361889 -1.003584 0.146493
v 0.361889 -0.999251 0.143169
v 0.361889 -0.994207 0.141079
v 0.361889 -0.988793 0.140366
v 0.361889 -0.983379 0.141079
v 0.361889 -0.978335 0.143169
v 0.361889 -0.974003 0.146493
v 0.361889 -0.968589 0.155870
v 0.361889 -0.970679 0.150825
v 0.356967 -0.878899 0.038833
v 0.361889 -0.939699 0.038833
v 0.361889 -0.897167 0.038833
v 0.361889 -1.037887 0.038833
v 0.356967 -1.098687 0.038833
v 0.361889 -1.080419 0.038833
v 0.625891 -1.098687 0.038833
v 0.894815 -0.884775 0.038833
v 0.894815 -1.080419 0.038833
v 0.894815 -1.098687 0.038833
v 0.894815 -0.815125 0.038833
v 0.894815 -0.457666 0.038833
v 0.894815 -0.608981 0.038833
v 0.894815 -0.897167 0.038833
v 0.894815 -0.988793 0.038833
v 0.701914 -0.457666 0.038833
v 0.625891 -0.457666 0.038833
v 0.534358 -0.457666 0.038833
v 0.534358 -0.483727 0.038833
v 0.534358 -0.608981 0.038833
v 0.534358 -0.581915 0.038833
v 0.367481 -0.961638 0.067032
v 0.367481 -0.988793 0.067032
v 0.367481 -1.015808 0.067032
v 0.371489 -0.988793 -0.007505
v 0.371489 -1.015808 0.067032
v 0.371489 -0.961638 -0.007505
v 0.371489 -0.988793 0.067032
v 0.367481 -0.961638 -0.007505
v 0.367481 -1.015808 -0.007505
v 0.371489 -0.961638 0.067032
v 0.371489 -1.015808 -0.007505
v 0.542546 -0.559226 0.067032
v 0.545730 -0.505210 0.067032
v 0.542546 -0.505210 0.067032
v 0.542546 -0.505210 -0.007505
v 0.545730 -0.532821 0.067032
v 0.545730 -0.532821 -0.007505
v 0.545730 -0.505210 -0.007505
v 0.542546 -0.532821 0.067032
v 0.542546 -0.559226 -0.007505
v 0.545730 -0.559226 -0.007505
v 0.545730 -0.559226 0.067032
v 0.705626 -0.897167 0.258084
v 0.891103 -0.897167 0.258084
v 0.705626 -0.988793 0.219315
v 0.891103 -0.818359 0.217424
v 0.705626 -0.818359 0.217425
v 0.891103 -0.988793 0.219315
v 0.705626 -0.897167 0.219315
v 0.891103 -0.897167 0.219315
v 0.705626 -0.988793 0.258084
v 0.891103 -0.988793 0.258084
v 0.891103 -1.080419 0.258084
v 0.705626 -1.080419 0.258084
v 0.701914 -0.893454 0.255446
v 0.894815 -0.893454 0.255446
v 0.894815 -1.076707 0.219315
v 0.701914 -1.076707 0.219315
v 0.701914 -0.985081 0.219315
v 0.894815 -0.985081 0.219315
v 0.701914 -0.893454 0.219315
v 0.894815 -0.912776 0.219315
v 0.701914 -0.985081 0.255768
v 0.894815 -0.985081 0.255768
v 0.894815 -1.076707 0.255768
v 0.701914 -1.076707 0.255768
v 0.894815 -1.080419 0.215603
v 0.894815 -0.988793 0.215603
v 0.894815 -1.004402 0.219315
v 0.701914 -0.897167 0.261796
v 0.894815 -0.897167 0.215603
v 0.894815 -0.893454 0.219315
v 0.894815 -0.815125 0.215603
v 0.701914 -0.815125 0.215603
v 0.701914 -1.080419 0.215603
v 0.701914 -0.988793 0.215603
v 0.701914 -1.004402 0.219315
v 0.894815 -0.897167 0.261796
v 0.701914 -0.897167 0.215603
v 0.701914 -0.912776 0.219315
v 0.701914 -0.988793 0.261796
v 0.894815 -0.988793 0.261796
v 0.894815 -1.080419 0.261796
v 0.701914 -1.080419 0.261796
v 0.853021 -1.077105 0.260125
v 0.848809 -1.077105 0.260125
v 0.747920 -1.077105 0.260125
v 0.743708 -1.077105 0.260125
v 0.800470 -1.077105 0.260125
v 0.796258 -1.077105 0.260125
v 0.743708 -0.992108 0.217274
v 0.747920 -0.992108 0.217274
v 0.848809 -0.992108 0.217274
v 0.853021 -0.992108 0.217274
v 0.796258 -0.992108 0.217274
v 0.800470 -0.992108 0.217274
v 0.853021 -0.985478 0.260125
v 0.848809 -0.985478 0.260125
v 0.747920 -0.985478 0.260125
v 0.743708 -0.985478 0.260125
v 0.800470 -0.985478 0.260125
v 0.796258 -0.985478 0.260125
v 0.743708 -0.900481 0.217274
v 0.747920 -0.900481 0.217274
v 0.848809 -0.900481 0.217274
v 0.853021 -0.900481 0.217274
v 0.796258 -0.900481 0.217274
v 0.800470 -0.900481 0.217274
v 0.853021 -0.893932 0.259975
v 0.848809 -0.893932 0.259975
v 0.747920 -0.893932 0.259975
v 0.743708 -0.893932 0.259975
v 0.800470 -0.893932 0.259975
v 0.796258 -0.893932 0.259975
v 0.743708 -0.818359 0.217425
v 0.747920 -0.818359 0.217425
v 0.848809 -0.818359 0.217425
v 0.853021 -0.818359 0.217425
v 0.796258 -0.818359 0.217425
v 0.800470 -0.818359 0.217425
v 0.743708 -0.897167 0.258084
v 0.747920 -0.897167 0.258084
v 0.848809 -0.897167 0.258084
v 0.853021 -0.897167 0.258084
v 0.796258 -0.897167 0.258084
v 0.800470 -0.897167 0.258084
v 0.853021 -0.897167 0.219315
v 0.848809 -0.897167 0.219315
v 0.747920 -0.897167 0.219315
v 0.743708 -0.897167 0.219315
v 0.800470 -0.897167 0.219315
v 0.796258 -0.897167 0.219315
v 0.743708 -0.988793 0.258084
v 0.747920 -0.988793 0.258084
v 0.848809 -0.988793 0.258084
v 0.853021 -0.988793 0.258084
v 0.796258 -0.988793 0.258084
v 0.800470 -0.988793 0.258084
v 0.853021 -0.988793 0.219315
v 0.848809 -0.988793 0.219315
v 0.747920 -0.988793 0.219315
v 0.743708 -0.988793 0.219315
v 0.800470 -0.988793 0.219315
v 0.796258 -0.988793 0.219315
v 0.853021 -1.080419 0.219315
v 0.848809 -1.080419 0.219315
v 0.747920 -1.080419 0.219315
v 0.743708 -1.080419 0.219315
v 0.800470 -1.080419 0.219315
v 0.796258 -1.080419 0.219315
v 0.743708 -1.080419 0.258084
v 0.747920 -1.080419 0.258084
v 0.848809 -1.080419 0.258084
v 0.853021 -1.080419 0.258084
v 0.796258 -1.080419 0.258084
v 0.800470 -1.080419 0.258084
v 0.743708 -0.858151 0.239829
v 0.743708 -0.854141 0.237571
v 0.848809 -0.854141 0.237571
v 0.848809 -0.858151 0.239829
v 0.796258 -0.858151 0.239829
v 0.796258 -0.854141 0.237571
v 0.747920 -0.854141 0.237571
v 0.747920 -0.858151 0.239829
v 0.705626 -0.858151 0.239829
v 0.705626 -0.854141 0.237571
v 0.853021 -0.854141 0.237571
v 0.853021 -0.858151 0.239829
v 0.800470 -0.854141 0.237571
v 0.800470 -0.858151 0.239829
v 0.891103 -0.854141 0.237571
v 0.891103 -0.858151 0.239829
v 0.891103 -0.940925 0.237664
v 0.891103 -0.945035 0.239736
v 0.853021 -0.945035 0.239736
v 0.853021 -0.940925 0.237664
v 0.705626 -0.945035 0.239736
v 0.705626 -0.940925 0.237664
v 0.800470 -0.940925 0.237664
v 0.800470 -0.945035 0.239736
v 0.743708 -0.940925 0.237664
v 0.743708 -0.945035 0.239736
v 0.848809 -0.940925 0.237664
v 0.848809 -0.945035 0.239736
v 0.796258 -0.945035 0.239736
v 0.796258 -0.940925 0.237664
v 0.747920 -0.945035 0.239736
v 0.747920 -0.940925 0.237664
v 0.743708 -1.032551 0.237664
v 0.743708 -1.036661 0.239736
v 0.848809 -1.032551 0.237664
v 0.848809 -1.036661 0.239736
v 0.796258 -1.032551 0.237664
v 0.796258 -1.036661 0.239736
v 0.891103 -1.032551 0.237664
v 0.891103 -1.036661 0.239736
v 0.747920 -1.032551 0.237664
v 0.747920 -1.036661 0.239736
v 0.705626 -1.036661 0.239736
v 0.705626 -1.032551 0.237664
v 0.853021 -1.032551 0.237664
v 0.853021 -1.036661 0.239736
v 0.800470 -1.036661 0.239736
v 0.800470 -1.032551 0.237664
v 0.702849 -0.601053 0.155955
v 0.702849 -0.601053 0.229457
v 0.705216 -0.601053 0.155955
v 0.702849 -0.638682 0.229457
v 0.702849 -0.638682 0.155955
v 0.705216 -0.638682 0.155955
v 0.705216 -0.638682 0.229457
v 0.705216 -0.601053 0.229457
v 0.702849 -0.599668 0.155955
v 0.702849 -0.599668 0.230794
v 0.702849 -0.640067 0.230794
v 0.702849 -0.640067 0.155955
v 0.569543 -0.607729 0.037820
v 0.569543 -0.607729 0.109678
v 0.569543 -0.605361 0.037820
v 0.609210 -0.607729 0.109678
v 0.609210 -0.607729 0.037820
v 0.609210 -0.605361 0.037820
v 0.609210 -0.605361 0.109678
v 0.569543 -0.605361 0.109678
v 0.568083 -0.607729 0.037820
v 0.568083 -0.607729 0.111014
v 0.610670 -0.607729 0.111014
v 0.610670 -0.607729 0.037820
v 0.622179 -0.985577 0.244941
v 0.625891 -1.057513 0.207194
v 0.467710 -1.057513 0.207194
v 0.471422 -0.985577 0.244941
v 0.625891 -0.920073 0.207194
v 0.625891 -0.988793 0.246794
v 0.467710 -0.920073 0.207194
v 0.467710 -0.988793 0.246794
v 0.589716 -1.054297 0.209047
v 0.585520 -1.054297 0.209047
v 0.508081 -1.054297 0.209047
v 0.503885 -1.054297 0.209047
v 0.548899 -1.054297 0.209047
v 0.544702 -1.054297 0.209047
v 0.503885 -0.992009 0.244941
v 0.508081 -0.992009 0.244941
v 0.585520 -0.992009 0.244941
v 0.589716 -0.992009 0.244941
v 0.544702 -0.992009 0.244941
v 0.548899 -0.992009 0.244941
v 0.589716 -0.985577 0.244941
v 0.585520 -0.985577 0.244941
v 0.508081 -0.985577 0.244941
v 0.503885 -0.985577 0.244941
v 0.548899 -0.985577 0.244941
v 0.544702 -0.985577 0.244941
v 0.503885 -0.923290 0.209047
v 0.508081 -0.923290 0.209047
v 0.585520 -0.923290 0.209047
v 0.589716 -0.923290 0.209047
v 0.544702 -0.923290 0.209047
v 0.548899 -0.923290 0.209047
v 0.471422 -0.956512 0.228192
v 0.471422 -0.952354 0.225796
v 0.589716 -0.952354 0.225796
v 0.589716 -0.956512 0.228192
v 0.585520 -0.952354 0.225796
v 0.585520 -0.956512 0.228192
v 0.508081 -0.952354 0.225796
v 0.508081 -0.956512 0.228192
v 0.548899 -1.021074 0.228192
v 0.548899 -1.025232 0.225796
v 0.589716 -1.021074 0.228192
v 0.589716 -1.025232 0.225796
v 0.508081 -1.025232 0.225796
v 0.508081 -1.021074 0.228192
v 0.622179 -1.021074 0.228192
v 0.622179 -1.025232 0.225796
v 0.544702 -1.025232 0.225796
v 0.544702 -1.021074 0.228192
v 0.471422 -1.025232 0.225796
v 0.471422 -1.021074 0.228192
v 0.585520 -1.021074 0.228192
v 0.585520 -1.025232 0.225796
v 0.503885 -1.021074 0.228192
v 0.503885 -1.025232 0.225796
v 0.548899 -0.956512 0.228192
v 0.548899 -0.952354 0.225796
v 0.503885 -0.956512 0.228192
v 0.503885 -0.952354 0.225796
v 0.622179 -0.952354 0.225796
v 0.622179 -0.956512 0.228192
v 0.544702 -0.952354 0.225796
v 0.544702 -0.956512 0.228192
v 0.467710 -0.988793 0.243912
v 0.467710 -0.920073 0.204311
v 0.625891 -1.057513 0.204311
v 0.467710 -1.057513 0.204311
v 0.625891 -0.988793 0.243912
v 0.625891 -0.920073 0.204311
v 0.861530 -0.535155 0.271040
v 0.840862 -0.535155 0.599033
v 0.860264 -0.544772 0.271040
v 0.840300 -0.539422 0.599033
v 0.856553 -0.553733 0.271040
v 0.838653 -0.543398 0.599033
v 0.850648 -0.561428 0.271040
v 0.836033 -0.546813 0.599033
v 0.842953 -0.567333 0.271040
v 0.832619 -0.549433 0.599033
v 0.833992 -0.571044 0.271040
v 0.828643 -0.551080 0.599033
v 0.824376 -0.572310 0.271040
v 0.824376 -0.551641 0.599033
v 0.814759 -0.571044 0.271040
v 0.820109 -0.551080 0.599033
v 0.805798 -0.567333 0.271040
v 0.816133 -0.549433 0.599033
v 0.798103 -0.561428 0.271040
v 0.812718 -0.546813 0.599033
v 0.792198 -0.553733 0.271040
v 0.810098 -0.543398 0.599033
v 0.788487 -0.544772 0.271040
v 0.808451 -0.539422 0.599033
v 0.787221 -0.535155 0.271040
v 0.807890 -0.535155 0.599033
v 0.788487 -0.525539 0.271040
v 0.808451 -0.530889 0.599033
v 0.792198 -0.516578 0.271040
v 0.810098 -0.526912 0.599033
v 0.798103 -0.508883 0.271040
v 0.812718 -0.523498 0.599033
v 0.805798 -0.502978 0.271040
v 0.816133 -0.520878 0.599033
v 0.814759 -0.499267 0.271040
v 0.820109 -0.519231 0.599033
v 0.824376 -0.498001 0.271040
v 0.824376 -0.518669 0.599033
v 0.833992 -0.499267 0.271040
v 0.828643 -0.519231 0.599033
v 0.842953 -0.502978 0.271040
v 0.832619 -0.520878 0.599033
v 0.850648 -0.508883 0.271040
v 0.836033 -0.523498 0.599033
v 0.856553 -0.516578 0.271040
v 0.838653 -0.526912 0.599033
v 0.860264 -0.525539 0.271040
v 0.840300 -0.530889 0.599033
v 0.861530 -0.535155 0.244339
v 0.860264 -0.544772 0.244339
v 0.856553 -0.553733 0.244339
v 0.850648 -0.561428 0.244339
v 0.842953 -0.567333 0.244339
v 0.833992 -0.571044 0.244339
v 0.824376 -0.572310 0.244339
v 0.814759 -0.571044 0.244339
v 0.805798 -0.567333 0.244339
v 0.798103 -0.561428 0.244339
v 0.792198 -0.553733 0.244339
v 0.788487 -0.544772 0.244339
v 0.787221 -0.535155 0.244339
v 0.788487 -0.525539 0.244339
v 0.792198 -0.516578 0.244339
v 0.798103 -0.508883 0.244339
v 0.805798 -0.502978 0.244339
v 0.814759 -0.499267 0.244339
v 0.824376 -0.498001 0.244339
v 0.833992 -0.499267 0.244339
v 0.842953 -0.502978 0.244339
v 0.850648 -0.508883 0.244339
v 0.856553 -0.516578 0.244339
v 0.860264 -0.525539 0.244339
v 0.849401 -0.541861 0.596760
v 0.850284 -0.535155 0.596760
v 0.846813 -0.548110 0.596760
v 0.842696 -0.553476 0.596760
v 0.837330 -0.557593 0.596760
v 0.831081 -0.560181 0.596760
v 0.824376 -0.561064 0.596760
v 0.817670 -0.560181 0.596760
v 0.811421 -0.557593 0.596760
v 0.806055 -0.553476 0.596760
v 0.801938 -0.548110 0.596760
v 0.799350 -0.541861 0.596760
v 0.798467 -0.535155 0.596760
v 0.799350 -0.528450 0.596760
v 0.801938 -0.522201 0.596760
v 0.806055 -0.516835 0.596760
v 0.811421 -0.512718 0.596760
v 0.817670 -0.510130 0.596760
v 0.824376 -0.509247 0.596760
v 0.831081 -0.510130 0.596760
v 0.837330 -0.512718 0.596760
v 0.842696 -0.516835 0.596760
v 0.846813 -0.522201 0.596760
v 0.849401 -0.528450 0.596760
v 0.840300 -0.539422 0.502998
v 0.840862 -0.535155 0.502998
v 0.838653 -0.543398 0.502998
v 0.836033 -0.546813 0.502998
v 0.832619 -0.549433 0.502998
v 0.828643 -0.551079 0.502998
v 0.824376 -0.551641 0.502998
v 0.820109 -0.551079 0.502998
v 0.816133 -0.549433 0.502998
v 0.812718 -0.546813 0.502998
v 0.810098 -0.543398 0.502998
v 0.808451 -0.539422 0.502998
v 0.807890 -0.535155 0.502998
v 0.808451 -0.530888 0.502998
v 0.810098 -0.526912 0.502998
v 0.812718 -0.523498 0.502998
v 0.816133 -0.520878 0.502998
v 0.820109 -0.519231 0.502998
v 0.824376 -0.518669 0.502998
v 0.828643 -0.519231 0.502998
v 0.832619 -0.520878 0.502998
v 0.836033 -0.523498 0.502998
v 0.838653 -0.526912 0.502998
v 0.840300 -0.530888 0.502998
v 0.845963 -0.522692 0.592610
v 0.842002 -0.517529 0.592610
v 0.836839 -0.513568 0.592610
v 0.830827 -0.511078 0.592610
v 0.824376 -0.510228 0.592610
v 0.817924 -0.511078 0.592610
v 0.811912 -0.513568 0.592610
v 0.806749 -0.517529 0.592610
v 0.802788 -0.522692 0.592610
v 0.800297 -0.528704 0.592610
v 0.799448 -0.535155 0.592610
v 0.800297 -0.541607 0.592610
v 0.802788 -0.547619 0.592610
v 0.806749 -0.552782 0.592610
v 0.811912 -0.556743 0.592610
v 0.817924 -0.559233 0.592610
v 0.824376 -0.560083 0.592610
v 0.830827 -0.559233 0.592610
v 0.836839 -0.556743 0.592610
v 0.842002 -0.552782 0.592610
v 0.845963 -0.547619 0.592610
v 0.848454 -0.541607 0.592610
v 0.849303 -0.535155 0.592610
v 0.848454 -0.528704 0.592610
v 0.858310 -0.535155 0.355743
v 0.858559 -0.535155 0.349198
v 0.855213 -0.535155 0.437173
v 0.855462 -0.535155 0.430627
v 0.852117 -0.535155 0.518602
v 0.852366 -0.535155 0.512057
v 0.851412 -0.542400 0.512057
v 0.851172 -0.542336 0.518602
v 0.854403 -0.543201 0.430627
v 0.854163 -0.543137 0.437173
v 0.857394 -0.544003 0.349198
v 0.857153 -0.543938 0.355743
v 0.848616 -0.549151 0.512057
v 0.848401 -0.549026 0.518602
v 0.851298 -0.550699 0.430627
v 0.851082 -0.550574 0.437173
v 0.853979 -0.552247 0.349198
v 0.853763 -0.552122 0.355743
v 0.844168 -0.554947 0.512057
v 0.843992 -0.554772 0.518602
v 0.846357 -0.557137 0.430627
v 0.846181 -0.556961 0.437173
v 0.848547 -0.559326 0.349198
v 0.848371 -0.559151 0.355743
v 0.838371 -0.559396 0.512057
v 0.838246 -0.559180 0.518602
v 0.839919 -0.562077 0.430627
v 0.839794 -0.561862 0.437173
v 0.841467 -0.564759 0.349198
v 0.841343 -0.564543 0.355743
v 0.831620 -0.562192 0.512057
v 0.831556 -0.561952 0.518602
v 0.832421 -0.565183 0.430627
v 0.832357 -0.564942 0.437173
v 0.833223 -0.568174 0.349198
v 0.833158 -0.567933 0.355743
v 0.824376 -0.563146 0.512057
v 0.824376 -0.562897 0.518602
v 0.824376 -0.566242 0.430627
v 0.824376 -0.565993 0.437173
v 0.824376 -0.569338 0.349198
v 0.824376 -0.569090 0.355743
v 0.817131 -0.562192 0.512057
v 0.817196 -0.561952 0.518602
v 0.816330 -0.565183 0.430627
v 0.816394 -0.564942 0.437173
v 0.815528 -0.568174 0.349198
v 0.815593 -0.567933 0.355743
v 0.810380 -0.559396 0.512057
v 0.810505 -0.559180 0.518602
v 0.808832 -0.562077 0.430627
v 0.808957 -0.561862 0.437173
v 0.807284 -0.564759 0.349198
v 0.807408 -0.564543 0.355743
v 0.804583 -0.554947 0.512057
v 0.804759 -0.554772 0.518602
v 0.802394 -0.557137 0.430627
v 0.802570 -0.556961 0.437173
v 0.800204 -0.559326 0.349198
v 0.800381 -0.559151 0.355743
v 0.800135 -0.549151 0.512057
v 0.800351 -0.549026 0.518602
v 0.797454 -0.550699 0.430627
v 0.797669 -0.550574 0.437173
v 0.794772 -0.552247 0.349198
v 0.794988 -0.552122 0.355743
v 0.797339 -0.542400 0.512057
v 0.797579 -0.542336 0.518602
v 0.794348 -0.543201 0.430627
v 0.794589 -0.543137 0.437173
v 0.791357 -0.544003 0.349198
v 0.791598 -0.543938 0.355743
v 0.796385 -0.535155 0.512057
v 0.796634 -0.535155 0.518602
v 0.793289 -0.535155 0.430627
v 0.793538 -0.535155 0.437173
v 0.790192 -0.535155 0.349198
v 0.790441 -0.535155 0.355743
v 0.797339 -0.527911 0.512057
v 0.797579 -0.527975 0.518602
v 0.794348 -0.527110 0.430627
v 0.794589 -0.527174 0.437173
v 0.791357 -0.526308 0.349198
v 0.791598 -0.526373 0.355743
v 0.800135 -0.521160 0.512057
v 0.800351 -0.521285 0.518602
v 0.797454 -0.519612 0.430627
v 0.797669 -0.519736 0.437173
v 0.794772 -0.518064 0.349198
v 0.794988 -0.518188 0.355743
v 0.804583 -0.515363 0.512057
v 0.804759 -0.515539 0.518602
v 0.802394 -0.513174 0.430627
v 0.802570 -0.513350 0.437173
v 0.800204 -0.510985 0.349198
v 0.800381 -0.511160 0.355743
v 0.810380 -0.510915 0.512057
v 0.810505 -0.511131 0.518602
v 0.808832 -0.508234 0.430627
v 0.808957 -0.508449 0.437173
v 0.807284 -0.505552 0.349198
v 0.807408 -0.505768 0.355743
v 0.817131 -0.508119 0.512057
v 0.817196 -0.508359 0.518602
v 0.816330 -0.505128 0.430627
v 0.816394 -0.505368 0.437173
v 0.815528 -0.502137 0.349198
v 0.815593 -0.502378 0.355743
v 0.824376 -0.507165 0.512057
v 0.824376 -0.507414 0.518602
v 0.824376 -0.504069 0.430627
v 0.824376 -0.504318 0.437173
v 0.824376 -0.500973 0.349198
v 0.824376 -0.501221 0.355743
v 0.831620 -0.508119 0.512057
v 0.831556 -0.508359 0.518602
v 0.832421 -0.505128 0.430627
v 0.832357 -0.505368 0.437173
v 0.833223 -0.502137 0.349198
v 0.833158 -0.502378 0.355743
v 0.838371 -0.510915 0.512057
v 0.838246 -0.511131 0.518602
v 0.839919 -0.508234 0.430627
v 0.839794 -0.508449 0.437173
v 0.841467 -0.505552 0.349198
v 0.841343 -0.505768 0.355743
v 0.844168 -0.515363 0.512057
v 0.843992 -0.515539 0.518602
v 0.846357 -0.513174 0.430627
v 0.846181 -0.513350 0.437173
v 0.848547 -0.510985 0.349198
v 0.848371 -0.511160 0.355743
v 0.848616 -0.521160 0.512057
v 0.848400 -0.521285 0.518602
v 0.851298 -0.519612 0.430627
v 0.851082 -0.519736 0.437173
v 0.853979 -0.518064 0.349198
v 0.853763 -0.518188 0.355743
v 0.851412 -0.527911 0.512057
v 0.851172 -0.527975 0.518602
v 0.854403 -0.527110 0.430627
v 0.854163 -0.527174 0.437173
v 0.857394 -0.526308 0.349198
v 0.857153 -0.526373 0.355743
v 0.861530 -0.639189 0.271040
v 0.840862 -0.639189 0.599033
v 0.860264 -0.648805 0.271040
v 0.840300 -0.643456 0.599033
v 0.856553 -0.657766 0.271040
v 0.838653 -0.647432 0.599033
v 0.850648 -0.665461 0.271040
v 0.836033 -0.650846 0.599033
v 0.842953 -0.671366 0.271040
v 0.832619 -0.653466 0.599033
v 0.833992 -0.675078 0.271040
v 0.828643 -0.655113 0.599033
v 0.824376 -0.676344 0.271040
v 0.824376 -0.655675 0.599033
v 0.814759 -0.675078 0.271040
v 0.820109 -0.655113 0.599033
v 0.805798 -0.671366 0.271040
v 0.816133 -0.653466 0.599033
v 0.798103 -0.665461 0.271040
v 0.812718 -0.650846 0.599033
v 0.792198 -0.657766 0.271040
v 0.810098 -0.647432 0.599033
v 0.788487 -0.648805 0.271040
v 0.808451 -0.643456 0.599033
v 0.787221 -0.639189 0.271040
v 0.807890 -0.639189 0.599033
v 0.788487 -0.629573 0.271040
v 0.808451 -0.634922 0.599033
v 0.792198 -0.620612 0.271040
v 0.810098 -0.630946 0.599033
v 0.798103 -0.612916 0.271040
v 0.812718 -0.627532 0.599033
v 0.805798 -0.607012 0.271040
v 0.816133 -0.624912 0.599033
v 0.814759 -0.603300 0.271040
v 0.820109 -0.623265 0.599033
v 0.824376 -0.602034 0.271040
v 0.824376 -0.622703 0.599033
v 0.833992 -0.603300 0.271040
v 0.828643 -0.623265 0.599033
v 0.842953 -0.607012 0.271040
v 0.832619 -0.624912 0.599033
v 0.850648 -0.612916 0.271040
v 0.836033 -0.627532 0.599033
v 0.856553 -0.620612 0.271040
v 0.838653 -0.630946 0.599033
v 0.860264 -0.629573 0.271040
v 0.840300 -0.634922 0.599033
v 0.861530 -0.639189 0.244339
v 0.860264 -0.648805 0.244339
v 0.856553 -0.657766 0.244339
v 0.850648 -0.665461 0.244339
v 0.842953 -0.671366 0.244339
v 0.833992 -0.675078 0.244339
v 0.824376 -0.676344 0.244339
v 0.814759 -0.675078 0.244339
v 0.805798 -0.671366 0.244339
v 0.798103 -0.665461 0.244339
v 0.792198 -0.657766 0.244339
v 0.788487 -0.648805 0.244339
v 0.787221 -0.639189 0.244339
v 0.788487 -0.629573 0.244339
v 0.792198 -0.620612 0.244339
v 0.798103 -0.612916 0.244339
v 0.805798 -0.607012 0.244339
v 0.814759 -0.603300 0.244339
v 0.824376 -0.602034 0.244339
v 0.833992 -0.603300 0.244339
v 0.842953 -0.607012 0.244339
v 0.850648 -0.612916 0.244339
v 0.856553 -0.620612 0.244339
v 0.860264 -0.629573 0.244339
v 0.849401 -0.645895 0.596760
v 0.850284 -0.639189 0.596760
v 0.846813 -0.652143 0.596760
v 0.842696 -0.657509 0.596760
v 0.837330 -0.661626 0.596760
v 0.831081 -0.664215 0.596760
v 0.824376 -0.665098 0.596760
v 0.817670 -0.664215 0.596760
v 0.811421 -0.661626 0.596760
v 0.806055 -0.657509 0.596760
v 0.801938 -0.652143 0.596760
v 0.799350 -0.645895 0.596760
v 0.798467 -0.639189 0.596760
v 0.799350 -0.632483 0.596760
v 0.801938 -0.626235 0.596760
v 0.806055 -0.620869 0.596760
v 0.811421 -0.616751 0.596760
v 0.817670 -0.614163 0.596760
v 0.824376 -0.613280 0.596760
v 0.831081 -0.614163 0.596760
v 0.837330 -0.616751 0.596760
v 0.842696 -0.620869 0.596760
v 0.846813 -0.626235 0.596760
v 0.849401 -0.632483 0.596760
v 0.840300 -0.643456 0.502998
v 0.840862 -0.639189 0.502998
v 0.838653 -0.647432 0.502998
v 0.836033 -0.650846 0.502998
v 0.832619 -0.653466 0.502998
v 0.828643 -0.655113 0.502998
v 0.824376 -0.655675 0.502998
v 0.820109 -0.655113 0.502998
v 0.816133 -0.653466 0.502998
v 0.812718 -0.650846 0.502998
v 0.810098 -0.647432 0.502998
v 0.808451 -0.643456 0.502998
v 0.807890 -0.639189 0.502998
v 0.808451 -0.634922 0.502998
v 0.810098 -0.630946 0.502998
v 0.812718 -0.627531 0.502998
v 0.816133 -0.624911 0.502998
v 0.820109 -0.623265 0.502998
v 0.824376 -0.622703 0.502998
v 0.828643 -0.623265 0.502998
v 0.832619 -0.624911 0.502998
v 0.836033 -0.627531 0.502998
v 0.838653 -0.630946 0.502998
v 0.840300 -0.634922 0.502998
v 0.845963 -0.626725 0.592610
v 0.842002 -0.621563 0.592610
v 0.836839 -0.617601 0.592610
v 0.830827 -0.615111 0.592610
v 0.824376 -0.614262 0.592610
v 0.817924 -0.615111 0.592610
v 0.811912 -0.617601 0.592610
v 0.806749 -0.621563 0.592610
v 0.802788 -0.626725 0.592610
v 0.800297 -0.632737 0.592610
v 0.799448 -0.639189 0.592610
v 0.800297 -0.645641 0.592610
v 0.802788 -0.651653 0.592610
v 0.806749 -0.656815 0.592610
v 0.811912 -0.660777 0.592610
v 0.817924 -0.663267 0.592610
v 0.824376 -0.664116 0.592610
v 0.830827 -0.663267 0.592610
v 0.836839 -0.660777 0.592610
v 0.842002 -0.656815 0.592610
v 0.845963 -0.651653 0.592610
v 0.848454 -0.645641 0.592610
v 0.849303 -0.639189 0.592610
v 0.848454 -0.632737 0.592610
v 0.858310 -0.639189 0.355743
v 0.858559 -0.639189 0.349198
v 0.855213 -0.639189 0.437173
v 0.855462 -0.639189 0.430627
v 0.852117 -0.639189 0.518602
v 0.852366 -0.639189 0.512057
v 0.851412 -0.646433 0.512057
v 0.851172 -0.646369 0.518602
v 0.854403 -0.647235 0.430627
v 0.854163 -0.647170 0.437173
v 0.857394 -0.648036 0.349198
v 0.857153 -0.647972 0.355743
v 0.848616 -0.653184 0.512057
v 0.848401 -0.653060 0.518602
v 0.851298 -0.654732 0.430627
v 0.851082 -0.654608 0.437173
v 0.853979 -0.656280 0.349198
v 0.853763 -0.656156 0.355743
v 0.844168 -0.658981 0.512057
v 0.843992 -0.658805 0.518602
v 0.846357 -0.661171 0.430627
v 0.846181 -0.660994 0.437173
v 0.848547 -0.663360 0.349198
v 0.848371 -0.663184 0.355743
v 0.838371 -0.663429 0.512057
v 0.838246 -0.663214 0.518602
v 0.839919 -0.666111 0.430627
v 0.839794 -0.665895 0.437173
v 0.841467 -0.668792 0.349198
v 0.841343 -0.668577 0.355743
v 0.831620 -0.666226 0.512057
v 0.831556 -0.665985 0.518602
v 0.832421 -0.669216 0.430627
v 0.832357 -0.668976 0.437173
v 0.833223 -0.672207 0.349198
v 0.833158 -0.671967 0.355743
v 0.824376 -0.667179 0.512057
v 0.824376 -0.666930 0.518602
v 0.824376 -0.670276 0.430627
v 0.824376 -0.670027 0.437173
v 0.824376 -0.673372 0.349198
v 0.824376 -0.673123 0.355743
v 0.817131 -0.666226 0.512057
v 0.817196 -0.665985 0.518602
v 0.816330 -0.669216 0.430627
v 0.816394 -0.668976 0.437173
v 0.815528 -0.672207 0.349198
v 0.815593 -0.671967 0.355743
v 0.810380 -0.663429 0.512057
v 0.810505 -0.663214 0.518602
v 0.808832 -0.666111 0.430627
v 0.808957 -0.665895 0.437173
v 0.807284 -0.668792 0.349198
v 0.807408 -0.668577 0.355743
v 0.804583 -0.658981 0.512057
v 0.804759 -0.658805 0.518602
v 0.802394 -0.661171 0.430627
v 0.802570 -0.660994 0.437173
v 0.800204 -0.663360 0.349198
v 0.800381 -0.663184 0.355743
v 0.800135 -0.653184 0.512057
v 0.800351 -0.653060 0.518602
v 0.797454 -0.654732 0.430627
v 0.797669 -0.654608 0.437173
v 0.794772 -0.656280 0.349198
v 0.794988 -0.656156 0.355743
v 0.797339 -0.646433 0.512057
v 0.797579 -0.646369 0.518602
v 0.794348 -0.647235 0.430627
v 0.794589 -0.647170 0.437173
v 0.791357 -0.648036 0.349198
v 0.791598 -0.647972 0.355743
v 0.796385 -0.639189 0.512057
v 0.796634 -0.639189 0.518602
v 0.793289 -0.639189 0.430627
v 0.793538 -0.639189 0.437173
v 0.790192 -0.639189 0.349198
v 0.790441 -0.639189 0.355743
v 0.797339 -0.631945 0.512057
v 0.797579 -0.632009 0.518602
v 0.794348 -0.631143 0.430627
v 0.794589 -0.631207 0.437173
v 0.791357 -0.630342 0.349198
v 0.791598 -0.630406 0.355743
v 0.800135 -0.625194 0.512057
v 0.800351 -0.625318 0.518602
v 0.797454 -0.623646 0.430627
v 0.797669 -0.623770 0.437173
v 0.794772 -0.622098 0.349198
v 0.794988 -0.622222 0.355743
v 0.804583 -0.619397 0.512057
v 0.804759 -0.619573 0.518602
v 0.802394 -0.617207 0.430627
v 0.802570 -0.617383 0.437173
v 0.800204 -0.615018 0.349198
v 0.800381 -0.615194 0.355743
v 0.810380 -0.614949 0.512057
v 0.810505 -0.615164 0.518602
v 0.808832 -0.612267 0.430627
v 0.808957 -0.612483 0.437173
v 0.807284 -0.609586 0.349198
v 0.807408 -0.609801 0.355743
v 0.817131 -0.612152 0.512057
v 0.817196 -0.612393 0.518602
v 0.816330 -0.609162 0.430627
v 0.816394 -0.609402 0.437173
v 0.815528 -0.606171 0.349198
v 0.815593 -0.606411 0.355743
v 0.824376 -0.611199 0.512057
v 0.824376 -0.611448 0.518602
v 0.824376 -0.608102 0.430627
v 0.824376 -0.608351 0.437173
v 0.824376 -0.605006 0.349198
v 0.824376 -0.605255 0.355743
v 0.831620 -0.612152 0.512057
v 0.831556 -0.612393 0.518602
v 0.832421 -0.609162 0.430627
v 0.832357 -0.609402 0.437173
v 0.833223 -0.606171 0.349198
v 0.833158 -0.606411 0.355743
v 0.838371 -0.614949 0.512057
v 0.838246 -0.615164 0.518602
v 0.839919 -0.612267 0.430627
v 0.839794 -0.612483 0.437173
v 0.841467 -0.609586 0.349198
v 0.841343 -0.609801 0.355743
v 0.844168 -0.619397 0.512057
v 0.843992 -0.619573 0.518602
v 0.846357 -0.617207 0.430627
v 0.846181 -0.617383 0.437173
v 0.848547 -0.615018 0.349198
v 0.848371 -0.615194 0.355743
v 0.848616 -0.625194 0.512057
v 0.848400 -0.625318 0.518602
v 0.851298 -0.623645 0.430627
v 0.851082 -0.623770 0.437173
v 0.853979 -0.622098 0.349198
v 0.853763 -0.622222 0.355743
v 0.851412 -0.631945 0.512057
v 0.851172 -0.632009 0.518602
v 0.854403 -0.631143 0.430627
v 0.854163 -0.631207 0.437173
v 0.857394 -0.630342 0.349198
v 0.857153 -0.630406 0.355743
v 0.861530 -0.743222 0.271040
v 0.840862 -0.743222 0.599033
v 0.860264 -0.752839 0.271040
v 0.840300 -0.747489 0.599033
v 0.856553 -0.761800 0.271040
v 0.838653 -0.751465 0.599033
v 0.850648 -0.769495 0.271040
v 0.836033 -0.754880 0.599033
v 0.842953 -0.775400 0.271040
v 0.832619 -0.757500 0.599033
v 0.833992 -0.779111 0.271040
v 0.828643 -0.759147 0.599033
v 0.824376 -0.780377 0.271040
v 0.824376 -0.759708 0.599033
v 0.814759 -0.779111 0.271040
v 0.820109 -0.759147 0.599033
v 0.805798 -0.775400 0.271040
v 0.816133 -0.757500 0.599033
v 0.798103 -0.769495 0.271040
v 0.812718 -0.754880 0.599033
v 0.792198 -0.761800 0.271040
v 0.810098 -0.751465 0.599033
v 0.788487 -0.752839 0.271040
v 0.808451 -0.747489 0.599033
v 0.787221 -0.743222 0.271040
v 0.807890 -0.743222 0.599033
v 0.788487 -0.733606 0.271040
v 0.808451 -0.738956 0.599033
v 0.792198 -0.724645 0.271040
v 0.810098 -0.734979 0.599033
v 0.798103 -0.716950 0.271040
v 0.812718 -0.731565 0.599033
v 0.805798 -0.711045 0.271040
v 0.816133 -0.728945 0.599033
v 0.814759 -0.707334 0.271040
v 0.820109 -0.727298 0.599033
v 0.824376 -0.706068 0.271040
v 0.824376 -0.726736 0.599033
v 0.833992 -0.707334 0.271040
v 0.828643 -0.727298 0.599033
v 0.842953 -0.711045 0.271040
v 0.832619 -0.728945 0.599033
v 0.850648 -0.716950 0.271040
v 0.836033 -0.731565 0.599033
v 0.856553 -0.724645 0.271040
v 0.838653 -0.734979 0.599033
v 0.860264 -0.733606 0.271040
v 0.840300 -0.738955 0.599033
v 0.861530 -0.743222 0.244339
v 0.860264 -0.752839 0.244339
v 0.856553 -0.761800 0.244339
v 0.850648 -0.769495 0.244339
v 0.842953 -0.775400 0.244339
v 0.833992 -0.779111 0.244339
v 0.824376 -0.780377 0.244339
v 0.814759 -0.779111 0.244339
v 0.805798 -0.775400 0.244339
v 0.798103 -0.769495 0.244339
v 0.792198 -0.761800 0.244339
v 0.788487 -0.752839 0.244339
v 0.787221 -0.743222 0.244339
v 0.788487 -0.733606 0.244339
v 0.792198 -0.724645 0.244339
v 0.798103 -0.716950 0.244339
v 0.805798 -0.711045 0.244339
v 0.814759 -0.707334 0.244339
v 0.824376 -0.706068 0.244339
v 0.833992 -0.707334 0.244339
v 0.842953 -0.711045 0.244339
v 0.850648 -0.716950 0.244339
v 0.856553 -0.724645 0.244339
v 0.860264 -0.733606 0.244339
v 0.849401 -0.749928 0.596760
v 0.850284 -0.743222 0.596760
v 0.846813 -0.756177 0.596760
v 0.842696 -0.761543 0.596760
v 0.837330 -0.765660 0.596760
v 0.831081 -0.768248 0.596760
v 0.824376 -0.769131 0.596760
v 0.817670 -0.768248 0.596760
v 0.811421 -0.765660 0.596760
v 0.806055 -0.761543 0.596760
v 0.801938 -0.756177 0.596760
v 0.799350 -0.749928 0.596760
v 0.798467 -0.743222 0.596760
v 0.799350 -0.736517 0.596760
v 0.801938 -0.730268 0.596760
v 0.806055 -0.724902 0.596760
v 0.811421 -0.720785 0.596760
v 0.817670 -0.718197 0.596760
v 0.824376 -0.717314 0.596760
v 0.831081 -0.718197 0.596760
v 0.837330 -0.720785 0.596760
v 0.842696 -0.724902 0.596760
v 0.846813 -0.730268 0.596760
v 0.849401 -0.736517 0.596760
v 0.840300 -0.747489 0.502998
v 0.840862 -0.743222 0.502998
v 0.838653 -0.751465 0.502998
v 0.836033 -0.754880 0.502998
v 0.832619 -0.757500 0.502998
v 0.828643 -0.759147 0.502998
v 0.824376 -0.759708 0.502998
v 0.820109 -0.759147 0.502998
v 0.816133 -0.757500 0.502998
v 0.812718 -0.754880 0.502998
v 0.810098 -0.751465 0.502998
v 0.808451 -0.747489 0.502998
v 0.807890 -0.743222 0.502998
v 0.808451 -0.738955 0.502998
v 0.810098 -0.734979 0.502998
v 0.812718 -0.731565 0.502998
v 0.816133 -0.728945 0.502998
v 0.820109 -0.727298 0.502998
v 0.824376 -0.726736 0.502998
v 0.828643 -0.727298 0.502998
v 0.832619 -0.728945 0.502998
v 0.836033 -0.731565 0.502998
v 0.838653 -0.734979 0.502998
v 0.840300 -0.738955 0.502998
v 0.845963 -0.730759 0.592610
v 0.842002 -0.725596 0.592610
v 0.836839 -0.721635 0.592610
v 0.830827 -0.719145 0.592610
v 0.824376 -0.718295 0.592610
v 0.817924 -0.719145 0.592610
v 0.811912 -0.721635 0.592610
v 0.806749 -0.725596 0.592610
v 0.802788 -0.730759 0.592610
v 0.800297 -0.736771 0.592610
v 0.799448 -0.743222 0.592610
v 0.800297 -0.749674 0.592610
v 0.802788 -0.755686 0.592610
v 0.806749 -0.760849 0.592610
v 0.811912 -0.764810 0.592610
v 0.817924 -0.767300 0.592610
v 0.824376 -0.768150 0.592610
v 0.830827 -0.767300 0.592610
v 0.836839 -0.764810 0.592610
v 0.842002 -0.760849 0.592610
v 0.845963 -0.755686 0.592610
v 0.848454 -0.749674 0.592610
v 0.849303 -0.743222 0.592610
v 0.848454 -0.736771 0.592610
v 0.858310 -0.743222 0.355743
v 0.858559 -0.743222 0.349198
v 0.855213 -0.743222 0.437173
v 0.855462 -0.743222 0.430627
v 0.852117 -0.743222 0.518602
v 0.852366 -0.743222 0.512057
v 0.851412 -0.750467 0.512057
v 0.851172 -0.750403 0.518602
v 0.854403 -0.751268 0.430627
v 0.854163 -0.751204 0.437173
v 0.857394 -0.752070 0.349198
v 0.857153 -0.752005 0.355743
v 0.848616 -0.757218 0.512057
v 0.848401 -0.757093 0.518602
v 0.851298 -0.758766 0.430627
v 0.851082 -0.758641 0.437173
v 0.853979 -0.760314 0.349198
v 0.853763 -0.760189 0.355743
v 0.844168 -0.763015 0.512057
v 0.843992 -0.762839 0.518602
v 0.846357 -0.765204 0.430627
v 0.846181 -0.765028 0.437173
v 0.848547 -0.767393 0.349198
v 0.848371 -0.767218 0.355743
v 0.838371 -0.767463 0.512057
v 0.838246 -0.767247 0.518602
v 0.839919 -0.770144 0.430627
v 0.839794 -0.769929 0.437173
v 0.841467 -0.772826 0.349198
v 0.841343 -0.772610 0.355743
v 0.831620 -0.770259 0.512057
v 0.831556 -0.770019 0.518602
v 0.832421 -0.773250 0.430627
v 0.832357 -0.773009 0.437173
v 0.833223 -0.776241 0.349198
v 0.833158 -0.776000 0.355743
v 0.824376 -0.771213 0.512057
v 0.824376 -0.770964 0.518602
v 0.824376 -0.774309 0.430627
v 0.824376 -0.774060 0.437173
v 0.824376 -0.777405 0.349198
v 0.824376 -0.777157 0.355743
v 0.817131 -0.770259 0.512057
v 0.817196 -0.770019 0.518602
v 0.816330 -0.773250 0.430627
v 0.816394 -0.773009 0.437173
v 0.815528 -0.776241 0.349198
v 0.815593 -0.776000 0.355743
v 0.810380 -0.767463 0.512057
v 0.810505 -0.767247 0.518602
v 0.808832 -0.770144 0.430627
v 0.808957 -0.769929 0.437173
v 0.807284 -0.772826 0.349198
v 0.807408 -0.772610 0.355743
v 0.804583 -0.763015 0.512057
v 0.804759 -0.762839 0.518602
v 0.802394 -0.765204 0.430627
v 0.802570 -0.765028 0.437173
v 0.800204 -0.767393 0.349198
v 0.800381 -0.767218 0.355743
v 0.800135 -0.757218 0.512057
v 0.800351 -0.757093 0.518602
v 0.797454 -0.758766 0.430627
v 0.797669 -0.758641 0.437173
v 0.794772 -0.760314 0.349198
v 0.794988 -0.760189 0.355743
v 0.797339 -0.750467 0.512057
v 0.797579 -0.750403 0.518602
v 0.794348 -0.751268 0.430627
v 0.794589 -0.751204 0.437173
v 0.791357 -0.752070 0.349198
v 0.791598 -0.752005 0.355743
v 0.796385 -0.743222 0.512057
v 0.796634 -0.743222 0.518602
v 0.793289 -0.743222 0.430627
v 0.793538 -0.743222 0.437173
v 0.790192 -0.743222 0.349198
v 0.790441 -0.743222 0.355743
v 0.797339 -0.735978 0.512057
v 0.797579 -0.736042 0.518602
v 0.794348 -0.735177 0.430627
v 0.794589 -0.735241 0.437173
v 0.791357 -0.734375 0.349198
v 0.791598 -0.734440 0.355743
v 0.800135 -0.729227 0.512057
v 0.800351 -0.729352 0.518602
v 0.797454 -0.727679 0.430627
v 0.797669 -0.727803 0.437173
v 0.794772 -0.726131 0.349198
v 0.794988 -0.726256 0.355743
v 0.804583 -0.723430 0.512057
v 0.804759 -0.723606 0.518602
v 0.802394 -0.721241 0.430627
v 0.802570 -0.721417 0.437173
v 0.800204 -0.719052 0.349198
v 0.800381 -0.719227 0.355743
v 0.810380 -0.718982 0.512057
v 0.810505 -0.719198 0.518602
v 0.808832 -0.716301 0.430627
v 0.808957 -0.716516 0.437173
v 0.807284 -0.713619 0.349198
v 0.807408 -0.713835 0.355743
v 0.817131 -0.716186 0.512057
v 0.817196 -0.716426 0.518602
v 0.816330 -0.713195 0.430627
v 0.816394 -0.713436 0.437173
v 0.815528 -0.710204 0.349198
v 0.815593 -0.710445 0.355743
v 0.824376 -0.715232 0.512057
v 0.824376 -0.715481 0.518602
v 0.824376 -0.712136 0.430627
v 0.824376 -0.712385 0.437173
v 0.824376 -0.709040 0.349198
v 0.824376 -0.709288 0.355743
v 0.831620 -0.716186 0.512057
v 0.831556 -0.716426 0.518602
v 0.832421 -0.713195 0.430627
v 0.832357 -0.713436 0.437173
v 0.833223 -0.710204 0.349198
v 0.833158 -0.710445 0.355743
v 0.838371 -0.718982 0.512057
v 0.838246 -0.719198 0.518602
v 0.839919 -0.716301 0.430627
v 0.839794 -0.716516 0.437173
v 0.841467 -0.713619 0.349198
v 0.841343 -0.713835 0.355743
v 0.844168 -0.723430 0.512057
v 0.843992 -0.723606 0.518602
v 0.846357 -0.721241 0.430627
v 0.846181 -0.721417 0.437173
v 0.848547 -0.719051 0.349198
v 0.848371 -0.719227 0.355743
v 0.848616 -0.729227 0.512057
v 0.848400 -0.729352 0.518602
v 0.851298 -0.727679 0.430627
v 0.851082 -0.727803 0.437173
v 0.853979 -0.726131 0.349198
v 0.853763 -0.726255 0.355743
v 0.851412 -0.735978 0.512057
v 0.851172 -0.736042 0.518602
v 0.854403 -0.735177 0.430627
v 0.854163 -0.735241 0.437173
v 0.857394 -0.734375 0.349198
v 0.857153 -0.734440 0.355743
v 0.849401 -0.541861 0.596760
v 0.850284 -0.535155 0.596760
v 0.846813 -0.548110 0.596760
v 0.842696 -0.553476 0.596760
v 0.837330 -0.557593 0.596760
v 0.831081 -0.560181 0.596760
v 0.824376 -0.561064 0.596760
v 0.817670 -0.560181 0.596760
v 0.811421 -0.557593 0.596760
v 0.806055 -0.553476 0.596760
v 0.801938 -0.548110 0.596760
v 0.799350 -0.541861 0.596760
v 0.798467 -0.535155 0.596760
v 0.799350 -0.528450 0.596760
v 0.801938 -0.522201 0.596760
v 0.806055 -0.516835 0.596760
v 0.811421 -0.512718 0.596760
v 0.817670 -0.510130 0.596760
v 0.824376 -0.509247 0.596760
v 0.831081 -0.510130 0.596760
v 0.837330 -0.512718 0.596760
v 0.842696 -0.516835 0.596760
v 0.846813 -0.522201 0.596760
v 0.849401 -0.528450 0.596760
v 0.840300 -0.539422 0.599033
v 0.840862 -0.535155 0.599033
v 0.838653 -0.543398 0.599033
v 0.836033 -0.546813 0.599033
v 0.832619 -0.549433 0.599033
v 0.828643 -0.551080 0.599033
v 0.824376 -0.551641 0.599033
v 0.820109 -0.551080 0.599033
v 0.816133 -0.549433 0.599033
v 0.812718 -0.546813 0.599033
v 0.810098 -0.543398 0.599033
v 0.808451 -0.539422 0.599033
v 0.807890 -0.535155 0.599033
v 0.808451 -0.530889 0.599033
v 0.810098 -0.526912 0.599033
v 0.812718 -0.523498 0.599033
v 0.816133 -0.520878 0.599033
v 0.820109 -0.519231 0.599033
v 0.824376 -0.518669 0.599033
v 0.828643 -0.519231 0.599033
v 0.832619 -0.520878 0.599033
v 0.836033 -0.523498 0.599033
v 0.838653 -0.526912 0.599033
v 0.840300 -0.530889 0.599033
v 0.840300 -0.539422 0.502998
v 0.840862 -0.535155 0.502998
v 0.838653 -0.543398 0.502998
v 0.836033 -0.546813 0.502998
v 0.832619 -0.549433 0.502998
v 0.828643 -0.551079 0.502998
v 0.824376 -0.551641 0.502998
v 0.820109 -0.551079 0.502998
v 0.816133 -0.549433 0.502998
v 0.812718 -0.546813 0.502998
v 0.810098 -0.543398 0.502998
v 0.808451 -0.539422 0.502998
v 0.807890 -0.535155 0.502998
v 0.808451 -0.530888 0.502998
v 0.810098 -0.526912 0.502998
v 0.812718 -0.523498 0.502998
v 0.816133 -0.520878 0.502998
v 0.820109 -0.519231 0.502998
v 0.824376 -0.518669 0.502998
v 0.828643 -0.519231 0.502998
v 0.832619 -0.520878 0.502998
v 0.836033 -0.523498 0.502998
v 0.838653 -0.526912 0.502998
v 0.840300 -0.530888 0.502998
v 0.849401 -0.645895 0.596760
v 0.850284 -0.639189 0.596760
v 0.846813 -0.652143 0.596760
v 0.842696 -0.657509 0.596760
v 0.837330 -0.661626 0.596760
v 0.831081 -0.664215 0.596760
v 0.824376 -0.665098 0.596760
v 0.817670 -0.664215 0.596760
v 0.811421 -0.661626 0.596760
v 0.806055 -0.657509 0.596760
v 0.801938 -0.652143 0.596760
v 0.799350 -0.645895 0.596760
v 0.798467 -0.639189 0.596760
v 0.799350 -0.632483 0.596760
v 0.801938 -0.626235 0.596760
v 0.806055 -0.620869 0.596760
v 0.811421 -0.616751 0.596760
v 0.817670 -0.614163 0.596760
v 0.824376 -0.613280 0.596760
v 0.831081 -0.614163 0.596760
v 0.837330 -0.616751 0.596760
v 0.842696 -0.620869 0.596760
v 0.846813 -0.626235 0.596760
v 0.849401 -0.632483 0.596760
v 0.840300 -0.643456 0.599033
v 0.840862 -0.639189 0.599033
v 0.838653 -0.647432 0.599033
v 0.836033 -0.650846 0.599033
v 0.832619 -0.653466 0.599033
v 0.828643 -0.655113 0.599033
v 0.824376 -0.655675 0.599033
v 0.820109 -0.655113 0.599033
v 0.816133 -0.653466 0.599033
v 0.812718 -0.650846 0.599033
v 0.810098 -0.647432 0.599033
v 0.808451 -0.643456 0.599033
v 0.807890 -0.639189 0.599033
v 0.808451 -0.634922 0.599033
v 0.810098 -0.630946 0.599033
v 0.812718 -0.627532 0.599033
v 0.816133 -0.624912 0.599033
v 0.820109 -0.623265 0.599033
v 0.824376 -0.622703 0.599033
v 0.828643 -0.623265 0.599033
v 0.832619 -0.624912 0.599033
v 0.836033 -0.627532 0.599033
v 0.838653 -0.630946 0.599033
v 0.840300 -0.634922 0.599033
v 0.840300 -0.643456 0.502998
v 0.840862 -0.639189 0.502998
v 0.838653 -0.647432 0.502998
v 0.836033 -0.650846 0.502998
v 0.832619 -0.653466 0.502998
v 0.828643 -0.655113 0.502998
v 0.824376 -0.655675 0.502998
v 0.820109 -0.655113 0.502998
v 0.816133 -0.653466 0.502998
v 0.812718 -0.650846 0.502998
v 0.810098 -0.647432 0.502998
v 0.808451 -0.643456 0.502998
v 0.807890 -0.639189 0.502998
v 0.808451 -0.634922 0.502998
v 0.810098 -0.630946 0.502998
v 0.812718 -0.627531 0.502998
v 0.816133 -0.624911 0.502998
v 0.820109 -0.623265 0.502998
v 0.824376 -0.622703 0.502998
v 0.828643 -0.623265 0.502998
v 0.832619 -0.624911 0.502998
v 0.836033 -0.627531 0.502998
v 0.838653 -0.630946 0.502998
v 0.840300 -0.634922 0.502998
v 0.849401 -0.749928 0.596760
v 0.850284 -0.743222 0.596760
v 0.846813 -0.756177 0.596760
v 0.842696 -0.761543 0.596760
v 0.837330 -0.765660 0.596760
v 0.831081 -0.768248 0.596760
v 0.824376 -0.769131 0.596760
v 0.817670 -0.768248 0.596760
v 0.811421 -0.765660 0.596760
v 0.806055 -0.761543 0.596760
v 0.801938 -0.756177 0.596760
v 0.799350 -0.749928 0.596760
v 0.798467 -0.743222 0.596760
v 0.799350 -0.736517 0.596760
v 0.801938 -0.730268 0.596760
v 0.806055 -0.724902 0.596760
v 0.811421 -0.720785 0.596760
v 0.817670 -0.718197 0.596760
v 0.824376 -0.717314 0.596760
v 0.831081 -0.718197 0.596760
v 0.837330 -0.720785 0.596760
v 0.842696 -0.724902 0.596760
v 0.846813 -0.730268 0.596760
v 0.849401 -0.736517 0.596760
v 0.840300 -0.747489 0.599033
v 0.840862 -0.743222 0.599033
v 0.838653 -0.751465 0.599033
v 0.836033 -0.754880 0.599033
v 0.832619 -0.757500 0.599033
v 0.828643 -0.759147 0.599033
v 0.824376 -0.759708 0.599033
v 0.820109 -0.759147 0.599033
v 0.816133 -0.757500 0.599033
v 0.812718 -0.754880 0.599033
v 0.810098 -0.751465 0.599033
v 0.808451 -0.747489 0.599033
v 0.807890 -0.743222 0.599033
v 0.808451 -0.738956 0.599033
v 0.810098 -0.734979 0.599033
v 0.812718 -0.731565 0.599033
v 0.816133 -0.728945 0.599033
v 0.820109 -0.727298 0.599033
v 0.824376 -0.726736 0.599033
v 0.828643 -0.727298 0.599033
v 0.832619 -0.728945 0.599033
v 0.836033 -0.731565 0.599033
v 0.838653 -0.734979 0.599033
v 0.840300 -0.738955 0.599033
v 0.840300 -0.747489 0.502998
v 0.840862 -0.743222 0.502998
v 0.838653 -0.751465 0.502998
v 0.836033 -0.754880 0.502998
v 0.832619 -0.757500 0.502998
v 0.828643 -0.759147 0.502998
v 0.824376 -0.759708 0.502998
v 0.820109 -0.759147 0.502998
v 0.816133 -0.757500 0.502998
v 0.812718 -0.754880 0.502998
v 0.810098 -0.751465 0.502998
v 0.808451 -0.747489 0.502998
v 0.807890 -0.743222 0.502998
v 0.808451 -0.738955 0.502998
v 0.810098 -0.734979 0.502998
v 0.812718 -0.731565 0.502998
v 0.816133 -0.728945 0.502998
v 0.820109 -0.727298 0.502998
v 0.824376 -0.726736 0.502998
v 0.828643 -0.727298 0.502998
v 0.832619 -0.728945 0.502998
v 0.836033 -0.731565 0.502998
v 0.838653 -0.734979 0.502998
v 0.840300 -0.738955 0.502998
v 0.702347 -0.839503 0.174710
v 0.702347 -0.839812 0.172362
v 0.702347 -0.840719 0.170173
v 0.702347 -0.842161 0.168294
v 0.702347 -0.844040 0.166852
v 0.702347 -0.846229 0.165945
v 0.702347 -0.848578 0.165636
v 0.702347 -0.850926 0.165945
v 0.702347 -0.853115 0.166852
v 0.702347 -0.854994 0.168294
v 0.702347 -0.856436 0.170173
v 0.702347 -0.857342 0.172362
v 0.702347 -0.857652 0.174710
v 0.702347 -0.857342 0.177059
v 0.702347 -0.856436 0.179248
v 0.702347 -0.854994 0.181127
v 0.702347 -0.853115 0.182569
v 0.702347 -0.850926 0.183476
v 0.702347 -0.848578 0.183785
v 0.702347 -0.846229 0.183476
v 0.702347 -0.844040 0.182569
v 0.702347 -0.842161 0.181127
v 0.702347 -0.840719 0.179248
v 0.702347 -0.839812 0.177059
v 0.699107 -0.839503 0.174284
v 0.699715 -0.839812 0.172015
v 0.700281 -0.840719 0.169901
v 0.700768 -0.842161 0.168086
v 0.701141 -0.844040 0.166693
v 0.701376 -0.846229 0.165817
v 0.701456 -0.848578 0.165519
v 0.701376 -0.850926 0.165817
v 0.701141 -0.853115 0.166693
v 0.700768 -0.854994 0.168086
v 0.700281 -0.856436 0.169901
v 0.699715 -0.857342 0.172015
v 0.699107 -0.857652 0.174284
v 0.698499 -0.857342 0.176552
v 0.697933 -0.856436 0.178666
v 0.697446 -0.854994 0.180482
v 0.697073 -0.853115 0.181875
v 0.696838 -0.850926 0.182750
v 0.696758 -0.848578 0.183049
v 0.696838 -0.846229 0.182750
v 0.697073 -0.844040 0.181875
v 0.697446 -0.842161 0.180482
v 0.697933 -0.840719 0.178666
v 0.698499 -0.839812 0.176552
v 0.696088 -0.839503 0.173033
v 0.697262 -0.839812 0.170999
v 0.698357 -0.840719 0.169104
v 0.699296 -0.842161 0.167477
v 0.700017 -0.844040 0.166228
v 0.700471 -0.846229 0.165443
v 0.700625 -0.848578 0.165175
v 0.700471 -0.850926 0.165443
v 0.700017 -0.853115 0.166228
v 0.699296 -0.854994 0.167477
v 0.698357 -0.856436 0.169104
v 0.697262 -0.857342 0.170999
v 0.696088 -0.857652 0.173033
v 0.694914 -0.857342 0.175067
v 0.693820 -0.856436 0.176963
v 0.692880 -0.854994 0.178590
v 0.692159 -0.853115 0.179839
v 0.691706 -0.850926 0.180624
v 0.691551 -0.848578 0.180892
v 0.691706 -0.846229 0.180624
v 0.692159 -0.844040 0.179839
v 0.692880 -0.842161 0.178590
v 0.693820 -0.840719 0.176963
v 0.694914 -0.839812 0.175067
v 0.693496 -0.839503 0.171044
v 0.695156 -0.839812 0.169383
v 0.696704 -0.840719 0.167836
v 0.698033 -0.842161 0.166507
v 0.699053 -0.844040 0.165487
v 0.699694 -0.846229 0.164846
v 0.699912 -0.848578 0.164628
v 0.699694 -0.850926 0.164846
v 0.699053 -0.853115 0.165487
v 0.698033 -0.854994 0.166507
v 0.696704 -0.856436 0.167836
v 0.695156 -0.857342 0.169383
v 0.693496 -0.857652 0.171044
v 0.691835 -0.857342 0.172705
v 0.690287 -0.856436 0.174252
v 0.688959 -0.854994 0.175581
v 0.687939 -0.853115 0.176601
v 0.687298 -0.850926 0.177242
v 0.687079 -0.848578 0.177461
v 0.687298 -0.846229 0.177242
v 0.687939 -0.844040 0.176601
v 0.688959 -0.842161 0.175581
v 0.690287 -0.840719 0.174252
v 0.691835 -0.839812 0.172705
v 0.691506 -0.839503 0.168452
v 0.693540 -0.839812 0.167277
v 0.695436 -0.840719 0.166183
v 0.697063 -0.842161 0.165243
v 0.698312 -0.844040 0.164522
v 0.699097 -0.846229 0.164069
v 0.699365 -0.848578 0.163914
v 0.699097 -0.850926 0.164069
v 0.698312 -0.853115 0.164522
v 0.697063 -0.854994 0.165243
v 0.695436 -0.856436 0.166183
v 0.693540 -0.857342 0.167277
v 0.691506 -0.857652 0.168452
v 0.689472 -0.857342 0.169626
v 0.687577 -0.856436 0.170720
v 0.685950 -0.854994 0.171660
v 0.684701 -0.853115 0.172381
v 0.683916 -0.850926 0.172834
v 0.683648 -0.848578 0.172989
v 0.683916 -0.846229 0.172834
v 0.684701 -0.844040 0.172381
v 0.685950 -0.842161 0.171660
v 0.687577 -0.840719 0.170720
v 0.689472 -0.839812 0.169626
v 0.690256 -0.839503 0.165433
v 0.692524 -0.839812 0.164825
v 0.694638 -0.840719 0.164258
v 0.696454 -0.842161 0.163772
v 0.697847 -0.844040 0.163399
v 0.698722 -0.846229 0.163164
v 0.699021 -0.848578 0.163084
v 0.698722 -0.850926 0.163164
v 0.697847 -0.853115 0.163399
v 0.696454 -0.854994 0.163772
v 0.694638 -0.856436 0.164258
v 0.692524 -0.857342 0.164825
v 0.690256 -0.857652 0.165433
v 0.687987 -0.857342 0.166041
v 0.685873 -0.856436 0.166607
v 0.684058 -0.854994 0.167093
v 0.682665 -0.853115 0.167467
v 0.681789 -0.850926 0.167701
v 0.681491 -0.848578 0.167781
v 0.681789 -0.846229 0.167701
v 0.682665 -0.844040 0.167467
v 0.684058 -0.842161 0.167093
v 0.685873 -0.840719 0.166607
v 0.687987 -0.839812 0.166041
v 0.689829 -0.839503 0.162193
v 0.692178 -0.839812 0.162193
v 0.694367 -0.840719 0.162193
v 0.696246 -0.842161 0.162193
v 0.697688 -0.844040 0.162193
v 0.698595 -0.846229 0.162193
v 0.698904 -0.848578 0.162193
v 0.698595 -0.850926 0.162193
v 0.697688 -0.853115 0.162193
v 0.696246 -0.854994 0.162193
v 0.694367 -0.856436 0.162193
v 0.692178 -0.857342 0.162193
v 0.689829 -0.857652 0.162193
v 0.687481 -0.857342 0.162193
v 0.685292 -0.856436 0.162193
v 0.683413 -0.854994 0.162193
v 0.681971 -0.853115 0.162193
v 0.681064 -0.850926 0.162193
v 0.680755 -0.848578 0.162193
v 0.681064 -0.846229 0.162193
v 0.681971 -0.844040 0.162193
v 0.683413 -0.842161 0.162193
v 0.685292 -0.840719 0.162193
v 0.687481 -0.839812 0.162193
v 0.689829 -0.839503 0.154927
v 0.692178 -0.839812 0.154927
v 0.694367 -0.840719 0.154927
v 0.696246 -0.842161 0.154927
v 0.697688 -0.844040 0.154927
v 0.698595 -0.846229 0.154927
v 0.698904 -0.848578 0.154927
v 0.698595 -0.850926 0.154927
v 0.697688 -0.853115 0.154927
v 0.696246 -0.854994 0.154927
v 0.694367 -0.856436 0.154927
v 0.692178 -0.857342 0.154927
v 0.689829 -0.857652 0.154927
v 0.687481 -0.857342 0.154927
v 0.685292 -0.856436 0.154927
v 0.683413 -0.854994 0.154927
v 0.681971 -0.853115 0.154927
v 0.681064 -0.850926 0.154927
v 0.680755 -0.848578 0.154927
v 0.681064 -0.846229 0.154927
v 0.681971 -0.844040 0.154927
v 0.683413 -0.842161 0.154927
v 0.685292 -0.840719 0.154927
v 0.687481 -0.839812 0.154927
v 0.702347 -0.859648 0.174710
v 0.702347 -0.859957 0.172362
v 0.702347 -0.860864 0.170173
v 0.702347 -0.862306 0.168294
v 0.702347 -0.864185 0.166852
v 0.702347 -0.866374 0.165945
v 0.702347 -0.868722 0.165636
v 0.702347 -0.871071 0.165945
v 0.702347 -0.873260 0.166852
v 0.702347 -0.875139 0.168294
v 0.702347 -0.876581 0.170173
v 0.702347 -0.877487 0.172362
v 0.702347 -0.877797 0.174710
v 0.702347 -0.877487 0.177059
v 0.702347 -0.876581 0.179248
v 0.702347 -0.875139 0.181127
v 0.702347 -0.873260 0.182569
v 0.702347 -0.871071 0.183476
v 0.702347 -0.868722 0.183785
v 0.702347 -0.866374 0.183476
v 0.702347 -0.864185 0.182569
v 0.702347 -0.862306 0.181127
v 0.702347 -0.860864 0.179248
v 0.702347 -0.859957 0.177059
v 0.699107 -0.859648 0.174284
v 0.699715 -0.859957 0.172015
v 0.700281 -0.860864 0.169901
v 0.700768 -0.862306 0.168086
v 0.701141 -0.864185 0.166693
v 0.701376 -0.866374 0.165817
v 0.701456 -0.868722 0.165519
v 0.701376 -0.871071 0.165817
v 0.701141 -0.873260 0.166693
v 0.700768 -0.875139 0.168086
v 0.700281 -0.876581 0.169901
v 0.699715 -0.877487 0.172015
v 0.699107 -0.877797 0.174284
v 0.698499 -0.877487 0.176552
v 0.697933 -0.876581 0.178666
v 0.697446 -0.875139 0.180482
v 0.697073 -0.873260 0.181875
v 0.696838 -0.871071 0.182750
v 0.696758 -0.868722 0.183049
v 0.696838 -0.866374 0.182750
v 0.697073 -0.864185 0.181875
v 0.697446 -0.862306 0.180482
v 0.697933 -0.860864 0.178666
v 0.698499 -0.859957 0.176552
v 0.696088 -0.859648 0.173033
v 0.697262 -0.859957 0.170999
v 0.698357 -0.860864 0.169104
v 0.699296 -0.862306 0.167477
v 0.700017 -0.864185 0.166228
v 0.700471 -0.866374 0.165443
v 0.700625 -0.868722 0.165175
v 0.700471 -0.871071 0.165443
v 0.700017 -0.873260 0.166228
v 0.699296 -0.875139 0.167477
v 0.698357 -0.876581 0.169104
v 0.697262 -0.877487 0.170999
v 0.696088 -0.877797 0.173033
v 0.694914 -0.877487 0.175067
v 0.693820 -0.876581 0.176963
v 0.692880 -0.875139 0.178590
v 0.692159 -0.873260 0.179839
v 0.691706 -0.871071 0.180624
v 0.691551 -0.868722 0.180892
v 0.691706 -0.866374 0.180624
v 0.692159 -0.864185 0.179839
v 0.692880 -0.862306 0.178590
v 0.693820 -0.860864 0.176963
v 0.694914 -0.859957 0.175067
v 0.693496 -0.859648 0.171044
v 0.695156 -0.859957 0.169383
v 0.696704 -0.860864 0.167836
v 0.698033 -0.862306 0.166507
v 0.699053 -0.864185 0.165487
v 0.699694 -0.866374 0.164846
v 0.699912 -0.868722 0.164628
v 0.699694 -0.871071 0.164846
v 0.699053 -0.873260 0.165487
v 0.698033 -0.875139 0.166507
v 0.696704 -0.876581 0.167836
v 0.695156 -0.877487 0.169383
v 0.693496 -0.877797 0.171044
v 0.691835 -0.877487 0.172705
v 0.690287 -0.876581 0.174252
v 0.688959 -0.875139 0.175581
v 0.687939 -0.873260 0.176601
v 0.687298 -0.871071 0.177242
v 0.687079 -0.868722 0.177461
v 0.687298 -0.866374 0.177242
v 0.687939 -0.864185 0.176601
v 0.688959 -0.862306 0.175581
v 0.690287 -0.860864 0.174252
v 0.691835 -0.859957 0.172705
v 0.691506 -0.859648 0.168452
v 0.693540 -0.859957 0.167277
v 0.695436 -0.860864 0.166183
v 0.697063 -0.862306 0.165243
v 0.698312 -0.864185 0.164522
v 0.699097 -0.866374 0.164069
v 0.699365 -0.868722 0.163914
v 0.699097 -0.871071 0.164069
v 0.698312 -0.873260 0.164522
v 0.697063 -0.875139 0.165243
v 0.695436 -0.876581 0.166183
v 0.693540 -0.877487 0.167277
v 0.691506 -0.877797 0.168452
v 0.689472 -0.877487 0.169626
v 0.687577 -0.876581 0.170720
v 0.685950 -0.875139 0.171660
v 0.684701 -0.873260 0.172381
v 0.683916 -0.871071 0.172834
v 0.683648 -0.868722 0.172989
v 0.683916 -0.866374 0.172834
v 0.684701 -0.864185 0.172381
v 0.685950 -0.862306 0.171660
v 0.687577 -0.860864 0.170720
v 0.689472 -0.859957 0.169626
v 0.690256 -0.859648 0.165433
v 0.692524 -0.859957 0.164825
v 0.694638 -0.860864 0.164258
v 0.696454 -0.862306 0.163772
v 0.697847 -0.864185 0.163399
v 0.698722 -0.866374 0.163164
v 0.699021 -0.868722 0.163084
v 0.698722 -0.871071 0.163164
v 0.697847 -0.873260 0.163399
v 0.696454 -0.875139 0.163772
v 0.694638 -0.876581 0.164258
v 0.692524 -0.877487 0.164825
v 0.690256 -0.877797 0.165433
v 0.687987 -0.877487 0.166041
v 0.685873 -0.876581 0.166607
v 0.684058 -0.875139 0.167093
v 0.682665 -0.873260 0.167467
v 0.681789 -0.871071 0.167701
v 0.681491 -0.868722 0.167781
v 0.681789 -0.866374 0.167701
v 0.682665 -0.864185 0.167467
v 0.684058 -0.862306 0.167093
v 0.685873 -0.860864 0.166607
v 0.687987 -0.859957 0.166041
v 0.689829 -0.859648 0.162193
v 0.692178 -0.859957 0.162193
v 0.694367 -0.860864 0.162193
v 0.696246 -0.862306 0.162193
v 0.697688 -0.864185 0.162193
v 0.698595 -0.866374 0.162193
v 0.698904 -0.868722 0.162193
v 0.698595 -0.871071 0.162193
v 0.697688 -0.873260 0.162193
v 0.696246 -0.875139 0.162193
v 0.694367 -0.876581 0.162193
v 0.692178 -0.877487 0.162193
v 0.689829 -0.877797 0.162193
v 0.687481 -0.877487 0.162193
v 0.685292 -0.876581 0.162193
v 0.683413 -0.875139 0.162193
v 0.681971 -0.873260 0.162193
v 0.681064 -0.871071 0.162193
v 0.680755 -0.868722 0.162193
v 0.681064 -0.866374 0.162193
v 0.681971 -0.864185 0.162193
v 0.683413 -0.862306 0.162193
v 0.685292 -0.860864 0.162193
v 0.687481 -0.859957 0.162193
v 0.689829 -0.859648 0.154927
v 0.692178 -0.859957 0.154927
v 0.694367 -0.860864 0.154927
v 0.696246 -0.862306 0.154927
v 0.697688 -0.864185 0.154927
v 0.698595 -0.866374 0.154927
v 0.698904 -0.868722 0.154927
v 0.698595 -0.871071 0.154927
v 0.697688 -0.873260 0.154927
v 0.696246 -0.875139 0.154927
v 0.694367 -0.876581 0.154927
v 0.692178 -0.877487 0.154927
v 0.689829 -0.877797 0.154927
v 0.687481 -0.877487 0.154927
v 0.685292 -0.876581 0.154927
v 0.683413 -0.875139 0.154927
v 0.681971 -0.873260 0.154927
v 0.681064 -0.871071 0.154927
v 0.680755 -0.868722 0.154927
v 0.681064 -0.866374 0.154927
v 0.681971 -0.864185 0.154927
v 0.683413 -0.862306 0.154927
v 0.685292 -0.860864 0.154927
v 0.687481 -0.859957 0.154927
v 0.501978 -0.874166 -0.007455
v 0.501978 -0.874166 0.155955
v 0.501592 -0.876108 -0.007455
v 0.501592 -0.876108 0.155955
v 0.500491 -0.877755 -0.007455
v 0.500491 -0.877755 0.155955
v 0.498844 -0.878856 -0.007455
v 0.498844 -0.878856 0.155955
v 0.496901 -0.879242 -0.007455
v 0.496901 -0.879242 0.155955
v 0.494959 -0.878856 -0.007455
v 0.494959 -0.878856 0.155955
v 0.493312 -0.877755 -0.007455
v 0.493312 -0.877755 0.155955
v 0.492211 -0.876108 -0.007455
v 0.492211 -0.876108 0.155955
v 0.491825 -0.874166 -0.007455
v 0.491825 -0.874166 0.155955
v 0.492211 -0.872223 -0.007455
v 0.492211 -0.872223 0.155955
v 0.493312 -0.870576 -0.007455
v 0.493312 -0.870576 0.155955
v 0.494959 -0.869476 -0.007455
v 0.494959 -0.869476 0.155955
v 0.496901 -0.869089 -0.007455
v 0.496901 -0.869089 0.155955
v 0.498844 -0.869476 -0.007455
v 0.498844 -0.869476 0.155955
v 0.500491 -0.870576 -0.007455
v 0.500491 -0.870576 0.155955
v 0.501592 -0.872223 -0.007455
v 0.501592 -0.872223 0.155955
v 0.501978 -0.874552 0.157898
v 0.501592 -0.876347 0.157155
v 0.500491 -0.877868 0.156524
v 0.498844 -0.878885 0.156103
v 0.496902 -0.879242 0.155955
v 0.494959 -0.878885 0.156103
v 0.493312 -0.877868 0.156524
v 0.492211 -0.876347 0.157155
v 0.491825 -0.874552 0.157898
v 0.492211 -0.872757 0.158642
v 0.493312 -0.871236 0.159272
v 0.494959 -0.870219 0.159693
v 0.496902 -0.869862 0.159841
v 0.498844 -0.870219 0.159693
v 0.500491 -0.871236 0.159272
v 0.501592 -0.872757 0.158642
v 0.501978 -0.875653 0.159545
v 0.501592 -0.877026 0.158171
v 0.500491 -0.878191 0.157007
v 0.498844 -0.878969 0.156229
v 0.496902 -0.879242 0.155955
v 0.494959 -0.878969 0.156229
v 0.493312 -0.878191 0.157007
v 0.492212 -0.877026 0.158171
v 0.491825 -0.875653 0.159545
v 0.492212 -0.874279 0.160919
v 0.493312 -0.873114 0.162083
v 0.494959 -0.872336 0.162861
v 0.496902 -0.872063 0.163135
v 0.498844 -0.872336 0.162861
v 0.500491 -0.873114 0.162083
v 0.501592 -0.874279 0.160919
v 0.501978 -0.877300 0.160645
v 0.501592 -0.878043 0.158851
v 0.500491 -0.878673 0.157329
v 0.498844 -0.879094 0.156312
v 0.496902 -0.879242 0.155955
v 0.494959 -0.879094 0.156312
v 0.493312 -0.878673 0.157329
v 0.492212 -0.878043 0.158851
v 0.491825 -0.877300 0.160645
v 0.492212 -0.876556 0.162440
v 0.493312 -0.875926 0.163962
v 0.494959 -0.875505 0.164978
v 0.496902 -0.875357 0.165335
v 0.498844 -0.875505 0.164978
v 0.500491 -0.875926 0.163962
v 0.501592 -0.876556 0.162440
v 0.501978 -0.879242 0.161032
v 0.501592 -0.879242 0.159089
v 0.500491 -0.879242 0.157442
v 0.498844 -0.879242 0.156342
v 0.496902 -0.879242 0.155955
v 0.494959 -0.879242 0.156342
v 0.493312 -0.879242 0.157442
v 0.492212 -0.879242 0.159089
v 0.491825 -0.879242 0.161032
v 0.492212 -0.879242 0.162975
v 0.493312 -0.879242 0.164621
v 0.494959 -0.879242 0.165722
v 0.496902 -0.879242 0.166108
v 0.498844 -0.879242 0.165722
v 0.500491 -0.879242 0.164621
v 0.501592 -0.879242 0.162975
v 0.501592 -0.897239 0.159089
v 0.501978 -0.897239 0.161032
v 0.500491 -0.897239 0.157442
v 0.498844 -0.897239 0.156342
v 0.496902 -0.897239 0.155955
v 0.494959 -0.897239 0.156342
v 0.493312 -0.897239 0.157442
v 0.492212 -0.897239 0.159089
v 0.491825 -0.897239 0.161032
v 0.492212 -0.897239 0.162975
v 0.493312 -0.897239 0.164621
v 0.494959 -0.897239 0.165722
v 0.496902 -0.897239 0.166108
v 0.498844 -0.897239 0.165722
v 0.500491 -0.897239 0.164621
v 0.501592 -0.897239 0.162975
v 0.713323 -0.360547 0.150099
v 0.713323 -0.360547 0.347722
v 0.710384 -0.382873 0.150099
v 0.710384 -0.382873 0.347722
v 0.701766 -0.403678 0.150099
v 0.701766 -0.403678 0.347722
v 0.688058 -0.421543 0.150099
v 0.688058 -0.421543 0.347722
v 0.670192 -0.435252 0.150099
v 0.670192 -0.435252 0.347722
v 0.649388 -0.443869 0.150099
v 0.649388 -0.443869 0.347722
v 0.627061 -0.446808 0.150099
v 0.627061 -0.446808 0.347722
v 0.604735 -0.443869 0.150099
v 0.604735 -0.443869 0.347722
v 0.583931 -0.435252 0.150099
v 0.583931 -0.435252 0.347722
v 0.566065 -0.421543 0.150099
v 0.566065 -0.421543 0.347722
v 0.552357 -0.403678 0.150099
v 0.552357 -0.403678 0.347722
v 0.543739 -0.382873 0.150099
v 0.543739 -0.382873 0.347722
v 0.540800 -0.360547 0.150099
v 0.540800 -0.360547 0.347722
v 0.543739 -0.338221 0.150099
v 0.543739 -0.338221 0.347722
v 0.552357 -0.317416 0.150099
v 0.552357 -0.317416 0.347722
v 0.566065 -0.299551 0.150099
v 0.566065 -0.299551 0.347722
v 0.583931 -0.285842 0.150099
v 0.583931 -0.285842 0.347722
v 0.604735 -0.277225 0.150099
v 0.604735 -0.277225 0.347722
v 0.627061 -0.274286 0.150099
v 0.627061 -0.274286 0.347722
v 0.649388 -0.277225 0.150099
v 0.649388 -0.277225 0.347722
v 0.670192 -0.285842 0.150099
v 0.670192 -0.285842 0.347722
v 0.688058 -0.299551 0.150099
v 0.688058 -0.299551 0.347722
v 0.701766 -0.317416 0.150099
v 0.701766 -0.317416 0.347722
v 0.710384 -0.338221 0.150099
v 0.710384 -0.338221 0.347722
v 0.712861 -0.383537 0.347722
v 0.715887 -0.360547 0.347722
v 0.703987 -0.404960 0.347722
v 0.689871 -0.423356 0.347722
v 0.671474 -0.437473 0.347722
v 0.650051 -0.446346 0.347722
v 0.627061 -0.449373 0.347722
v 0.604072 -0.446346 0.347722
v 0.582648 -0.437473 0.347722
v 0.564252 -0.423356 0.347722
v 0.550136 -0.404960 0.347722
v 0.541262 -0.383537 0.347722
v 0.538235 -0.360547 0.347722
v 0.541262 -0.337557 0.347722
v 0.550136 -0.316134 0.347722
v 0.564252 -0.297738 0.347722
v 0.582648 -0.283622 0.347722
v 0.604072 -0.274748 0.347722
v 0.627061 -0.271721 0.347722
v 0.650051 -0.274748 0.347722
v 0.671474 -0.283622 0.347722
v 0.689871 -0.297738 0.347722
v 0.703987 -0.316134 0.347722
v 0.712861 -0.337557 0.347722
v 0.712861 -0.383537 0.363176
v 0.715887 -0.360547 0.363176
v 0.703987 -0.404960 0.363176
v 0.689871 -0.423356 0.363176
v 0.671474 -0.437473 0.363176
v 0.650051 -0.446346 0.363176
v 0.627061 -0.449373 0.363176
v 0.604072 -0.446346 0.363176
v 0.582648 -0.437473 0.363176
v 0.564252 -0.423356 0.363176
v 0.550136 -0.404960 0.363176
v 0.541262 -0.383537 0.363176
v 0.538235 -0.360547 0.363176
v 0.541262 -0.337557 0.363176
v 0.550136 -0.316134 0.363176
v 0.564252 -0.297738 0.363176
v 0.582648 -0.283622 0.363176
v 0.604072 -0.274748 0.363176
v 0.627061 -0.271721 0.363176
v 0.650051 -0.274748 0.363176
v 0.671474 -0.283622 0.363176
v 0.689871 -0.297738 0.363176
v 0.703987 -0.316134 0.363176
v 0.712861 -0.337557 0.363176
v 0.649096 -0.366451 0.385753
v 0.649873 -0.360547 0.385753
v 0.646817 -0.371953 0.385753
v 0.643192 -0.376677 0.385753
v 0.638467 -0.380303 0.385753
v 0.632966 -0.382582 0.385753
v 0.627061 -0.383359 0.385753
v 0.621157 -0.382582 0.385753
v 0.615656 -0.380303 0.385753
v 0.610931 -0.376677 0.385753
v 0.607306 -0.371953 0.385753
v 0.605027 -0.366451 0.385753
v 0.604250 -0.360547 0.385753
v 0.605027 -0.354643 0.385753
v 0.607306 -0.349141 0.385753
v 0.610931 -0.344417 0.385753
v 0.615656 -0.340792 0.385753
v 0.621157 -0.338513 0.385753
v 0.627061 -0.337735 0.385753
v 0.632966 -0.338513 0.385753
v 0.638467 -0.340792 0.385753
v 0.643192 -0.344417 0.385753
v 0.646817 -0.349141 0.385753
v 0.649096 -0.354643 0.385753
v 0.649096 -0.366451 0.393625
v 0.649873 -0.360547 0.393625
v 0.646817 -0.371953 0.393625
v 0.643192 -0.376677 0.393625
v 0.638467 -0.380303 0.393625
v 0.632966 -0.382582 0.393625
v 0.627061 -0.383359 0.393625
v 0.621157 -0.382582 0.393625
v 0.615656 -0.380303 0.393625
v 0.610931 -0.376677 0.393625
v 0.607306 -0.371953 0.393625
v 0.605027 -0.366451 0.393625
v 0.604250 -0.360547 0.393625
v 0.605027 -0.354643 0.393625
v 0.607306 -0.349141 0.393625
v 0.610931 -0.344417 0.393625
v 0.615656 -0.340792 0.393625
v 0.621157 -0.338513 0.393625
v 0.627061 -0.337735 0.393625
v 0.632966 -0.338513 0.393625
v 0.638467 -0.340792 0.393625
v 0.643192 -0.344417 0.393625
v 0.646817 -0.349141 0.393625
v 0.649096 -0.354643 0.393625
v 0.642039 -0.360547 0.063572
v 0.641528 -0.364423 0.063572
v 0.640032 -0.368036 0.063572
v 0.637652 -0.371138 0.063572
v 0.634550 -0.373518 0.063572
v 0.630938 -0.375014 0.063572
v 0.627061 -0.375524 0.063572
v 0.623185 -0.375014 0.063572
v 0.619573 -0.373518 0.063572
v 0.616471 -0.371138 0.063572
v 0.614091 -0.368036 0.063572
v 0.612594 -0.364423 0.063572
v 0.612084 -0.360547 0.063572
v 0.612594 -0.356671 0.063572
v 0.614091 -0.353058 0.063572
v 0.616471 -0.349957 0.063572
v 0.619573 -0.347576 0.063572
v 0.623185 -0.346080 0.063572
v 0.627061 -0.345570 0.063572
v 0.630938 -0.346080 0.063572
v 0.634550 -0.347576 0.063572
v 0.637652 -0.349957 0.063572
v 0.640032 -0.353058 0.063572
v 0.641528 -0.356671 0.063572
v 0.642039 -0.360547 0.047726
v 0.641528 -0.364424 0.047726
v 0.640032 -0.368036 0.047726
v 0.637652 -0.371138 0.047726
v 0.634550 -0.373518 0.047726
v 0.630938 -0.375014 0.047726
v 0.627061 -0.375524 0.047726
v 0.623185 -0.375014 0.047726
v 0.619573 -0.373518 0.047726
v 0.616471 -0.371138 0.047726
v 0.614091 -0.368036 0.047726
v 0.612594 -0.364424 0.047726
v 0.612084 -0.360547 0.047726
v 0.612594 -0.356671 0.047726
v 0.614091 -0.353058 0.047726
v 0.616471 -0.349957 0.047726
v 0.619573 -0.347576 0.047726
v 0.623185 -0.346080 0.047726
v 0.627061 -0.345570 0.047726
v 0.630938 -0.346080 0.047726
v 0.634550 -0.347576 0.047726
v 0.637652 -0.349957 0.047726
v 0.640032 -0.353058 0.047726
v 0.641528 -0.356671 0.047726
v 0.713323 -0.360547 0.108536
v 0.713323 -0.360547 0.114923
v 0.710384 -0.382873 0.108536
v 0.710384 -0.382873 0.114923
v 0.701766 -0.403678 0.108536
v 0.701766 -0.403678 0.114923
v 0.688058 -0.421543 0.108536
v 0.688058 -0.421543 0.114923
v 0.670192 -0.435252 0.108536
v 0.670192 -0.435252 0.114923
v 0.649388 -0.443869 0.108536
v 0.649388 -0.443869 0.114923
v 0.627061 -0.446808 0.108536
v 0.627061 -0.446808 0.114923
v 0.604735 -0.443869 0.108536
v 0.604735 -0.443869 0.114923
v 0.583931 -0.435252 0.108536
v 0.583931 -0.435252 0.114923
v 0.566065 -0.421543 0.108536
v 0.566065 -0.421543 0.114923
v 0.552357 -0.403678 0.108536
v 0.552357 -0.403678 0.114923
v 0.543739 -0.382873 0.108536
v 0.543739 -0.382873 0.114923
v 0.540800 -0.360547 0.108536
v 0.540800 -0.360547 0.114923
v 0.543739 -0.338221 0.108536
v 0.543739 -0.338221 0.114923
v 0.552357 -0.317416 0.108536
v 0.552357 -0.317416 0.114923
v 0.566065 -0.299551 0.108536
v 0.566065 -0.299551 0.114923
v 0.583931 -0.285842 0.108536
v 0.583931 -0.285842 0.114923
v 0.604735 -0.277225 0.108536
v 0.604735 -0.277225 0.114923
v 0.627061 -0.274286 0.108536
v 0.627061 -0.274286 0.114923
v 0.649388 -0.277225 0.108536
v 0.649388 -0.277225 0.114923
v 0.670192 -0.285842 0.108536
v 0.670192 -0.285842 0.114923
v 0.688058 -0.299551 0.108536
v 0.688058 -0.299551 0.114923
v 0.701766 -0.317416 0.108536
v 0.701766 -0.317416 0.114923
v 0.710384 -0.338221 0.108536
v 0.710384 -0.338221 0.114923
v 0.710359 -0.360547 0.108536
v 0.707521 -0.382106 0.108536
v 0.707521 -0.382106 0.114923
v 0.710359 -0.360547 0.114923
v 0.699199 -0.402196 0.108536
v 0.699199 -0.402196 0.114923
v 0.685962 -0.419447 0.108536
v 0.685962 -0.419447 0.114923
v 0.668710 -0.432685 0.108536
v 0.668710 -0.432685 0.114923
v 0.648621 -0.441007 0.108536
v 0.648621 -0.441007 0.114923
v 0.627061 -0.443845 0.108536
v 0.627061 -0.443845 0.114923
v 0.605502 -0.441007 0.108536
v 0.605502 -0.441007 0.114923
v 0.585413 -0.432685 0.108536
v 0.585413 -0.432685 0.114923
v 0.568161 -0.419447 0.108536
v 0.568161 -0.419447 0.114923
v 0.554923 -0.402196 0.108536
v 0.554923 -0.402196 0.114923
v 0.546602 -0.382106 0.108536
v 0.546602 -0.382106 0.114923
v 0.543764 -0.360547 0.108536
v 0.543764 -0.360547 0.114923
v 0.546602 -0.338988 0.108536
v 0.546602 -0.338988 0.114923
v 0.554923 -0.318898 0.108536
v 0.554923 -0.318898 0.114923
v 0.568161 -0.301647 0.108536
v 0.568161 -0.301647 0.114923
v 0.585413 -0.288409 0.108536
v 0.585413 -0.288409 0.114923
v 0.605502 -0.280088 0.108536
v 0.605502 -0.280088 0.114923
v 0.627061 -0.277249 0.108536
v 0.627061 -0.277249 0.114923
v 0.648620 -0.280088 0.108536
v 0.648620 -0.280088 0.114923
v 0.668710 -0.288409 0.108536
v 0.668710 -0.288409 0.114923
v 0.685962 -0.301647 0.108536
v 0.685962 -0.301647 0.114923
v 0.699199 -0.318898 0.108536
v 0.699199 -0.318898 0.114923
v 0.707521 -0.338988 0.108536
v 0.707521 -0.338988 0.114923
v 0.713323 -0.360547 0.021746
v 0.713323 -0.360547 0.028133
v 0.710384 -0.382873 0.021746
v 0.710384 -0.382873 0.028133
v 0.701766 -0.403678 0.021746
v 0.701766 -0.403678 0.028133
v 0.688058 -0.421543 0.021746
v 0.688058 -0.421543 0.028133
v 0.670192 -0.435252 0.021746
v 0.670192 -0.435252 0.028133
v 0.649388 -0.443869 0.021746
v 0.649388 -0.443869 0.028133
v 0.627061 -0.446808 0.021746
v 0.627061 -0.446808 0.028133
v 0.604735 -0.443869 0.021746
v 0.604735 -0.443869 0.028133
v 0.583931 -0.435252 0.021746
v 0.583931 -0.435252 0.028133
v 0.566065 -0.421543 0.021746
v 0.566065 -0.421543 0.028133
v 0.552357 -0.403678 0.021746
v 0.552357 -0.403678 0.028133
v 0.543739 -0.382873 0.021746
v 0.543739 -0.382873 0.028133
v 0.540800 -0.360547 0.021746
v 0.540800 -0.360547 0.028133
v 0.543739 -0.338221 0.021746
v 0.543739 -0.338221 0.028133
v 0.552357 -0.317416 0.021746
v 0.552357 -0.317416 0.028133
v 0.566065 -0.299551 0.021746
v 0.566065 -0.299551 0.028133
v 0.583931 -0.285842 0.021746
v 0.583931 -0.285842 0.028133
v 0.604735 -0.277225 0.021746
v 0.604735 -0.277225 0.028133
v 0.627061 -0.274286 0.021746
v 0.627061 -0.274286 0.028133
v 0.649388 -0.277225 0.021746
v 0.649388 -0.277225 0.028133
v 0.670192 -0.285842 0.021746
v 0.670192 -0.285842 0.028133
v 0.688058 -0.299551 0.021746
v 0.688058 -0.299551 0.028133
v 0.701766 -0.317416 0.021746
v 0.701766 -0.317416 0.028133
v 0.710384 -0.338221 0.021746
v 0.710384 -0.338221 0.028133
v 0.710359 -0.360547 0.021746
v 0.707521 -0.382106 0.021746
v 0.707521 -0.382106 0.028133
v 0.710359 -0.360547 0.028133
v 0.699199 -0.402196 0.021746
v 0.699199 -0.402196 0.028133
v 0.685962 -0.419447 0.021746
v 0.685962 -0.419447 0.028133
v 0.668710 -0.432685 0.021746
v 0.668710 -0.432685 0.028133
v 0.648621 -0.441007 0.021746
v 0.648621 -0.441007 0.028133
v 0.627061 -0.443845 0.021746
v 0.627061 -0.443845 0.028133
v 0.605502 -0.441007 0.021746
v 0.605502 -0.441007 0.028133
v 0.585413 -0.432685 0.021746
v 0.585413 -0.432685 0.028133
v 0.568161 -0.419447 0.021746
v 0.568161 -0.419447 0.028133
v 0.554923 -0.402196 0.021746
v 0.554923 -0.402196 0.028133
v 0.546602 -0.382106 0.021746
v 0.546602 -0.382106 0.028133
v 0.543764 -0.360547 0.021746
v 0.543764 -0.360547 0.028133
v 0.546602 -0.338988 0.021746
v 0.546602 -0.338988 0.028133
v 0.554923 -0.318898 0.021746
v 0.554923 -0.318898 0.028133
v 0.568161 -0.301647 0.021746
v 0.568161 -0.301647 0.028133
v 0.585413 -0.288409 0.021746
v 0.585413 -0.288409 0.028133
v 0.605502 -0.280088 0.021746
v 0.605502 -0.280088 0.028133
v 0.627061 -0.277249 0.021746
v 0.627061 -0.277249 0.028133
v 0.648620 -0.280088 0.021746
v 0.648620 -0.280088 0.028133
v 0.668710 -0.288409 0.021746
v 0.668710 -0.288409 0.028133
v 0.685962 -0.301647 0.021746
v 0.685962 -0.301647 0.028133
v 0.699199 -0.318898 0.021746
v 0.699199 -0.318898 0.028133
v 0.707521 -0.338988 0.021746
v 0.707521 -0.338988 0.028133
v 0.715464 -0.360547 0.376026
v 0.715464 -0.360547 0.378340
v 0.712452 -0.383427 0.376026
v 0.712452 -0.383427 0.378340
v 0.703620 -0.404748 0.376026
v 0.703620 -0.404748 0.378340
v 0.689572 -0.423057 0.376026
v 0.689572 -0.423057 0.378340
v 0.671263 -0.437106 0.376026
v 0.671263 -0.437106 0.378340
v 0.649942 -0.445937 0.376026
v 0.649942 -0.445937 0.378340
v 0.627061 -0.448950 0.376026
v 0.627061 -0.448950 0.378340
v 0.604181 -0.445937 0.376026
v 0.604181 -0.445937 0.378340
v 0.582860 -0.437106 0.376026
v 0.582860 -0.437106 0.378340
v 0.564551 -0.423057 0.376026
v 0.564551 -0.423057 0.378340
v 0.550502 -0.404748 0.376026
v 0.550502 -0.404748 0.378340
v 0.541671 -0.383427 0.376026
v 0.541671 -0.383427 0.378340
v 0.541671 -0.337667 0.376026
v 0.541671 -0.337667 0.378340
v 0.550502 -0.316346 0.376026
v 0.550502 -0.316346 0.378340
v 0.564551 -0.298037 0.376026
v 0.564551 -0.298037 0.378340
v 0.582860 -0.283988 0.376026
v 0.582860 -0.283988 0.378340
v 0.604181 -0.275157 0.376026
v 0.604181 -0.275157 0.378340
v 0.627061 -0.272144 0.376026
v 0.627061 -0.272144 0.378340
v 0.649942 -0.275157 0.376026
v 0.649942 -0.275157 0.378340
v 0.671263 -0.283988 0.376026
v 0.671263 -0.283988 0.378340
v 0.689572 -0.298037 0.376026
v 0.689572 -0.298037 0.378340
v 0.703620 -0.316346 0.376026
v 0.703620 -0.316346 0.378340
v 0.712452 -0.337667 0.376026
v 0.712452 -0.337667 0.378340
v 0.712427 -0.360547 0.376026
v 0.709518 -0.382641 0.376026
v 0.709518 -0.382641 0.378340
v 0.712427 -0.360547 0.378340
v 0.700990 -0.403230 0.376026
v 0.700990 -0.403230 0.378340
v 0.687424 -0.420909 0.376026
v 0.687424 -0.420909 0.378340
v 0.669744 -0.434475 0.376026
v 0.669744 -0.434475 0.378340
v 0.649156 -0.443004 0.376026
v 0.649156 -0.443004 0.378340
v 0.627061 -0.445912 0.376026
v 0.627061 -0.445912 0.378340
v 0.604967 -0.443004 0.376026
v 0.604967 -0.443004 0.378340
v 0.584379 -0.434475 0.376026
v 0.584379 -0.434475 0.378340
v 0.566699 -0.420909 0.376026
v 0.566699 -0.420909 0.378340
v 0.553133 -0.403230 0.376026
v 0.553133 -0.403230 0.378340
v 0.544605 -0.382641 0.376026
v 0.544605 -0.382641 0.378340
v 0.544605 -0.338453 0.376026
v 0.544605 -0.338453 0.378340
v 0.553133 -0.317864 0.376026
v 0.553133 -0.317864 0.378340
v 0.566699 -0.300185 0.376026
v 0.566699 -0.300185 0.378340
v 0.584379 -0.286619 0.376026
v 0.584379 -0.286619 0.378340
v 0.604967 -0.278090 0.376026
v 0.604967 -0.278090 0.378340
v 0.627061 -0.275182 0.376026
v 0.627061 -0.275182 0.378340
v 0.649156 -0.278090 0.376026
v 0.649156 -0.278090 0.378340
v 0.669744 -0.286618 0.376026
v 0.669744 -0.286618 0.378340
v 0.687424 -0.300185 0.376026
v 0.687424 -0.300185 0.378340
v 0.700990 -0.317864 0.376026
v 0.700990 -0.317864 0.378340
v 0.709518 -0.338453 0.376026
v 0.709518 -0.338453 0.378340
v 0.715464 -0.360547 0.391770
v 0.715464 -0.360547 0.394084
v 0.712452 -0.383427 0.391770
v 0.712452 -0.383427 0.394084
v 0.703620 -0.404748 0.391770
v 0.703620 -0.404748 0.394084
v 0.689572 -0.423057 0.391770
v 0.689572 -0.423057 0.394084
v 0.671263 -0.437106 0.391770
v 0.671263 -0.437106 0.394084
v 0.649942 -0.445937 0.391770
v 0.649942 -0.445937 0.394084
v 0.627061 -0.448950 0.391770
v 0.627061 -0.448950 0.394084
v 0.604181 -0.445937 0.391770
v 0.604181 -0.445937 0.394084
v 0.582860 -0.437106 0.391770
v 0.582860 -0.437106 0.394084
v 0.564551 -0.423057 0.391770
v 0.564551 -0.423057 0.394084
v 0.550502 -0.404748 0.391770
v 0.550502 -0.404748 0.394084
v 0.541671 -0.383427 0.391770
v 0.541671 -0.383427 0.394084
v 0.541671 -0.337667 0.391770
v 0.541671 -0.337667 0.394084
v 0.550502 -0.316346 0.391770
v 0.550502 -0.316346 0.394084
v 0.564551 -0.298037 0.391770
v 0.564551 -0.298037 0.394084
v 0.582860 -0.283988 0.391770
v 0.582860 -0.283988 0.394084
v 0.604181 -0.275157 0.391770
v 0.604181 -0.275157 0.394084
v 0.627061 -0.272144 0.391770
v 0.627061 -0.272144 0.394084
v 0.649942 -0.275157 0.391770
v 0.649942 -0.275157 0.394084
v 0.671263 -0.283988 0.391770
v 0.671263 -0.283988 0.394084
v 0.689572 -0.298037 0.391770
v 0.689572 -0.298037 0.394084
v 0.703620 -0.316346 0.391770
v 0.703620 -0.316346 0.394084
v 0.712452 -0.337667 0.391770
v 0.712452 -0.337667 0.394084
v 0.712427 -0.360547 0.391770
v 0.709518 -0.382641 0.391770
v 0.709518 -0.382641 0.394084
v 0.712427 -0.360547 0.394084
v 0.700990 -0.403230 0.391770
v 0.700990 -0.403230 0.394084
v 0.687424 -0.420909 0.391770
v 0.687424 -0.420909 0.394084
v 0.669744 -0.434475 0.391770
v 0.669744 -0.434475 0.394084
v 0.649156 -0.443004 0.391770
v 0.649156 -0.443004 0.394084
v 0.627061 -0.445912 0.391770
v 0.627061 -0.445912 0.394084
v 0.604967 -0.443004 0.391770
v 0.604967 -0.443004 0.394084
v 0.584379 -0.434475 0.391770
v 0.584379 -0.434475 0.394084
v 0.566699 -0.420909 0.391770
v 0.566699 -0.420909 0.394084
v 0.553133 -0.403230 0.391770
v 0.553133 -0.403230 0.394084
v 0.544605 -0.382641 0.391770
v 0.544605 -0.382641 0.394084
v 0.544605 -0.338453 0.391770
v 0.544605 -0.338453 0.394084
v 0.553133 -0.317864 0.391770
v 0.553133 -0.317864 0.394084
v 0.566699 -0.300185 0.391770
v 0.566699 -0.300185 0.394084
v 0.584379 -0.286619 0.391770
v 0.584379 -0.286619 0.394084
v 0.604967 -0.278090 0.391770
v 0.604967 -0.278090 0.394084
v 0.627061 -0.275182 0.391770
v 0.627061 -0.275182 0.394084
v 0.649156 -0.278090 0.391770
v 0.649156 -0.278090 0.394084
v 0.669744 -0.286618 0.391770
v 0.669744 -0.286618 0.394084
v 0.687424 -0.300185 0.391770
v 0.687424 -0.300185 0.394084
v 0.700990 -0.317864 0.391770
v 0.700990 -0.317864 0.394084
v 0.709518 -0.338453 0.391770
v 0.709518 -0.338453 0.394084
v 0.713323 -0.360547 0.150099
v 0.710384 -0.382873 0.150099
v 0.710384 -0.382873 0.347722
v 0.713323 -0.360547 0.347722
v 0.701766 -0.403678 0.150099
v 0.701766 -0.403678 0.347722
v 0.688058 -0.421543 0.150099
v 0.688058 -0.421543 0.347722
v 0.670192 -0.435252 0.150099
v 0.670192 -0.435252 0.347722
v 0.649388 -0.443869 0.150099
v 0.649388 -0.443869 0.347722
v 0.627061 -0.446808 0.150099
v 0.627061 -0.446808 0.347722
v 0.604735 -0.443869 0.150099
v 0.604735 -0.443869 0.347722
v 0.583931 -0.435252 0.150099
v 0.583931 -0.435252 0.347722
v 0.566065 -0.421543 0.150099
v 0.566065 -0.421543 0.347722
v 0.552357 -0.403678 0.150099
v 0.552357 -0.403678 0.347722
v 0.543739 -0.382873 0.150099
v 0.543739 -0.382873 0.347722
v 0.540800 -0.360547 0.150099
v 0.540800 -0.360547 0.347722
v 0.543739 -0.338221 0.150099
v 0.543739 -0.338221 0.347722
v 0.552357 -0.317416 0.150099
v 0.552357 -0.317416 0.347722
v 0.566065 -0.299551 0.150099
v 0.566065 -0.299551 0.347722
v 0.583931 -0.285842 0.150099
v 0.583931 -0.285842 0.347722
v 0.604735 -0.277225 0.150099
v 0.604735 -0.277225 0.347722
v 0.627061 -0.274286 0.150099
v 0.627061 -0.274286 0.347722
v 0.649388 -0.277225 0.150099
v 0.649388 -0.277225 0.347722
v 0.670192 -0.285842 0.150099
v 0.670192 -0.285842 0.347722
v 0.688058 -0.299551 0.150099
v 0.688058 -0.299551 0.347722
v 0.701766 -0.317416 0.150099
v 0.701766 -0.317416 0.347722
v 0.710384 -0.338221 0.150099
v 0.710384 -0.338221 0.347722
v 0.712861 -0.383537 0.347722
v 0.715887 -0.360547 0.347722
v 0.703987 -0.404960 0.347722
v 0.689871 -0.423356 0.347722
v 0.671474 -0.437473 0.347722
v 0.650051 -0.446346 0.347722
v 0.627061 -0.449373 0.347722
v 0.604072 -0.446346 0.347722
v 0.582648 -0.437473 0.347722
v 0.564252 -0.423356 0.347722
v 0.550136 -0.404960 0.347722
v 0.541262 -0.383537 0.347722
v 0.538235 -0.360547 0.347722
v 0.541262 -0.337557 0.347722
v 0.550136 -0.316134 0.347722
v 0.564252 -0.297738 0.347722
v 0.582648 -0.283622 0.347722
v 0.604072 -0.274748 0.347722
v 0.627061 -0.271721 0.347722
v 0.650051 -0.274748 0.347722
v 0.671474 -0.283622 0.347722
v 0.689871 -0.297738 0.347722
v 0.703987 -0.316134 0.347722
v 0.712861 -0.337557 0.347722
v 0.712861 -0.383537 0.363176
v 0.715887 -0.360547 0.363176
v 0.703987 -0.404960 0.363176
v 0.689871 -0.423356 0.363176
v 0.671474 -0.437473 0.363176
v 0.650051 -0.446346 0.363176
v 0.627061 -0.449373 0.363176
v 0.604072 -0.446346 0.363176
v 0.582648 -0.437473 0.363176
v 0.564252 -0.423356 0.363176
v 0.550136 -0.404960 0.363176
v 0.541262 -0.383537 0.363176
v 0.538235 -0.360547 0.363176
v 0.541262 -0.337557 0.363176
v 0.550136 -0.316134 0.363176
v 0.564252 -0.297738 0.363176
v 0.582648 -0.283622 0.363176
v 0.604072 -0.274748 0.363176
v 0.627061 -0.271721 0.363176
v 0.650051 -0.274748 0.363176
v 0.671474 -0.283622 0.363176
v 0.689871 -0.297738 0.363176
v 0.703987 -0.316134 0.363176
v 0.712861 -0.337557 0.363176
v 0.649096 -0.366451 0.385753
v 0.649873 -0.360547 0.385753
v 0.646817 -0.371953 0.385753
v 0.643192 -0.376677 0.385753
v 0.638467 -0.380303 0.385753
v 0.632966 -0.382582 0.385753
v 0.627061 -0.383359 0.385753
v 0.621157 -0.382582 0.385753
v 0.615656 -0.380303 0.385753
v 0.610931 -0.376677 0.385753
v 0.607306 -0.371953 0.385753
v 0.605027 -0.366451 0.385753
v 0.604250 -0.360547 0.385753
v 0.605027 -0.354643 0.385753
v 0.607306 -0.349141 0.385753
v 0.610931 -0.344417 0.385753
v 0.615656 -0.340792 0.385753
v 0.621157 -0.338513 0.385753
v 0.627061 -0.337735 0.385753
v 0.632966 -0.338513 0.385753
v 0.638467 -0.340792 0.385753
v 0.643192 -0.344417 0.385753
v 0.646817 -0.349141 0.385753
v 0.649096 -0.354643 0.385753
v 0.649096 -0.366451 0.393625
v 0.649873 -0.360547 0.393625
v 0.646817 -0.371953 0.393625
v 0.643192 -0.376677 0.393625
v 0.638467 -0.380303 0.393625
v 0.632966 -0.382582 0.393625
v 0.627061 -0.383359 0.393625
v 0.621157 -0.382582 0.393625
v 0.615656 -0.380303 0.393625
v 0.610931 -0.376677 0.393625
v 0.607306 -0.371953 0.393625
v 0.605027 -0.366451 0.393625
v 0.604250 -0.360547 0.393625
v 0.605027 -0.354643 0.393625
v 0.607306 -0.349141 0.393625
v 0.610931 -0.344417 0.393625
v 0.615656 -0.340792 0.393625
v 0.621157 -0.338513 0.393625
v 0.627061 -0.337735 0.393625
v 0.632966 -0.338513 0.393625
v 0.638467 -0.340792 0.393625
v 0.643192 -0.344417 0.393625
v 0.646817 -0.349141 0.393625
v 0.649096 -0.354643 0.393625
v 0.642039 -0.360547 0.063572
v 0.641528 -0.364423 0.063572
v 0.640032 -0.368036 0.063572
v 0.637652 -0.371138 0.063572
v 0.634550 -0.373518 0.063572
v 0.630938 -0.375014 0.063572
v 0.627061 -0.375524 0.063572
v 0.623185 -0.375014 0.063572
v 0.619573 -0.373518 0.063572
v 0.616471 -0.371138 0.063572
v 0.614091 -0.368036 0.063572
v 0.612594 -0.364423 0.063572
v 0.612084 -0.360547 0.063572
v 0.612594 -0.356671 0.063572
v 0.614091 -0.353058 0.063572
v 0.616471 -0.349957 0.063572
v 0.619573 -0.347576 0.063572
v 0.623185 -0.346080 0.063572
v 0.627061 -0.345570 0.063572
v 0.630938 -0.346080 0.063572
v 0.634550 -0.347576 0.063572
v 0.637652 -0.349957 0.063572
v 0.640032 -0.353058 0.063572
v 0.641528 -0.356671 0.063572
v 0.642039 -0.360547 0.047726
v 0.641528 -0.364424 0.047726
v 0.640032 -0.368036 0.047726
v 0.637652 -0.371138 0.047726
v 0.634550 -0.373518 0.047726
v 0.630938 -0.375014 0.047726
v 0.627061 -0.375524 0.047726
v 0.623185 -0.375014 0.047726
v 0.619573 -0.373518 0.047726
v 0.616471 -0.371138 0.047726
v 0.614091 -0.368036 0.047726
v 0.612594 -0.364424 0.047726
v 0.612084 -0.360547 0.047726
v 0.612594 -0.356671 0.047726
v 0.614091 -0.353058 0.047726
v 0.616471 -0.349957 0.047726
v 0.619573 -0.347576 0.047726
v 0.623185 -0.346080 0.047726
v 0.627061 -0.345570 0.047726
v 0.630938 -0.346080 0.047726
v 0.634550 -0.347576 0.047726
v 0.637652 -0.349957 0.047726
v 0.640032 -0.353058 0.047726
v 0.641528 -0.356671 0.047726
v 0.713323 -0.360547 0.108536
v 0.710384 -0.382873 0.108536
v 0.710384 -0.382873 0.114923
v 0.713323 -0.360547 0.114923
v 0.701766 -0.403678 0.108536
v 0.701766 -0.403678 0.114923
v 0.688058 -0.421543 0.108536
v 0.688058 -0.421543 0.114923
v 0.670192 -0.435252 0.108536
v 0.670192 -0.435252 0.114923
v 0.649388 -0.443869 0.108536
v 0.649388 -0.443869 0.114923
v 0.627061 -0.446808 0.108536
v 0.627061 -0.446808 0.114923
v 0.604735 -0.443869 0.108536
v 0.604735 -0.443869 0.114923
v 0.583931 -0.435252 0.108536
v 0.583931 -0.435252 0.114923
v 0.566065 -0.421543 0.108536
v 0.566065 -0.421543 0.114923
v 0.552357 -0.403678 0.108536
v 0.552357 -0.403678 0.114923
v 0.543739 -0.382873 0.108536
v 0.543739 -0.382873 0.114923
v 0.540800 -0.360547 0.108536
v 0.540800 -0.360547 0.114923
v 0.543739 -0.338221 0.108536
v 0.543739 -0.338221 0.114923
v 0.552357 -0.317416 0.108536
v 0.552357 -0.317416 0.114923
v 0.566065 -0.299551 0.108536
v 0.566065 -0.299551 0.114923
v 0.583931 -0.285842 0.108536
v 0.583931 -0.285842 0.114923
v 0.604735 -0.277225 0.108536
v 0.604735 -0.277225 0.114923
v 0.627061 -0.274286 0.108536
v 0.627061 -0.274286 0.114923
v 0.649388 -0.277225 0.108536
v 0.649388 -0.277225 0.114923
v 0.670192 -0.285842 0.108536
v 0.670192 -0.285842 0.114923
v 0.688058 -0.299551 0.108536
v 0.688058 -0.299551 0.114923
v 0.701766 -0.317416 0.108536
v 0.701766 -0.317416 0.114923
v 0.710384 -0.338221 0.108536
v 0.710384 -0.338221 0.114923
v 0.710359 -0.360547 0.108536
v 0.707521 -0.382106 0.108536
v 0.707521 -0.382106 0.114923
v 0.710359 -0.360547 0.114923
v 0.699199 -0.402196 0.108536
v 0.699199 -0.402196 0.114923
v 0.685962 -0.419447 0.108536
v 0.685962 -0.419447 0.114923
v 0.668710 -0.432685 0.108536
v 0.668710 -0.432685 0.114923
v 0.648621 -0.441007 0.108536
v 0.648621 -0.441007 0.114923
v 0.627061 -0.443845 0.108536
v 0.627061 -0.443845 0.114923
v 0.605502 -0.441007 0.108536
v 0.605502 -0.441007 0.114923
v 0.585413 -0.432685 0.108536
v 0.585413 -0.432685 0.114923
v 0.568161 -0.419447 0.108536
v 0.568161 -0.419447 0.114923
v 0.554923 -0.402196 0.108536
v 0.554923 -0.402196 0.114923
v 0.546602 -0.382106 0.108536
v 0.546602 -0.382106 0.114923
v 0.543764 -0.360547 0.108536
v 0.543764 -0.360547 0.114923
v 0.546602 -0.338988 0.108536
v 0.546602 -0.338988 0.114923
v 0.554923 -0.318898 0.108536
v 0.554923 -0.318898 0.114923
v 0.568161 -0.301647 0.108536
v 0.568161 -0.301647 0.114923
v 0.585413 -0.288409 0.108536
v 0.585413 -0.288409 0.114923
v 0.605502 -0.280088 0.108536
v 0.605502 -0.280088 0.114923
v 0.627061 -0.277249 0.108536
v 0.627061 -0.277249 0.114923
v 0.648620 -0.280088 0.108536
v 0.648620 -0.280088 0.114923
v 0.668710 -0.288409 0.108536
v 0.668710 -0.288409 0.114923
v 0.685962 -0.301647 0.108536
v 0.685962 -0.301647 0.114923
v 0.699199 -0.318898 0.108536
v 0.699199 -0.318898 0.114923
v 0.707521 -0.338988 0.108536
v 0.707521 -0.338988 0.114923
v 0.713323 -0.360547 0.021746
v 0.710384 -0.382873 0.021746
v 0.710384 -0.382873 0.028133
v 0.713323 -0.360547 0.028133
v 0.701766 -0.403678 0.021746
v 0.701766 -0.403678 0.028133
v 0.688058 -0.421543 0.021746
v 0.688058 -0.421543 0.028133
v 0.670192 -0.435252 0.021746
v 0.670192 -0.435252 0.028133
v 0.649388 -0.443869 0.021746
v 0.649388 -0.443869 0.028133
v 0.627061 -0.446808 0.021746
v 0.627061 -0.446808 0.028133
v 0.604735 -0.443869 0.021746
v 0.604735 -0.443869 0.028133
v 0.583931 -0.435252 0.021746
v 0.583931 -0.435252 0.028133
v 0.566065 -0.421543 0.021746
v 0.566065 -0.421543 0.028133
v 0.552357 -0.403678 0.021746
v 0.552357 -0.403678 0.028133
v 0.543739 -0.382873 0.021746
v 0.543739 -0.382873 0.028133
v 0.540800 -0.360547 0.021746
v 0.540800 -0.360547 0.028133
v 0.543739 -0.338221 0.021746
v 0.543739 -0.338221 0.028133
v 0.552357 -0.317416 0.021746
v 0.552357 -0.317416 0.028133
v 0.566065 -0.299551 0.021746
v 0.566065 -0.299551 0.028133
v 0.583931 -0.285842 0.021746
v 0.583931 -0.285842 0.028133
v 0.604735 -0.277225 0.021746
v 0.604735 -0.277225 0.028133
v 0.627061 -0.274286 0.021746
v 0.627061 -0.274286 0.028133
v 0.649388 -0.277225 0.021746
v 0.649388 -0.277225 0.028133
v 0.670192 -0.285842 0.021746
v 0.670192 -0.285842 0.028133
v 0.688058 -0.299551 0.021746
v 0.688058 -0.299551 0.028133
v 0.701766 -0.317416 0.021746
v 0.701766 -0.317416 0.028133
v 0.710384 -0.338221 0.021746
v 0.710384 -0.338221 0.028133
v 0.710359 -0.360547 0.021746
v 0.707521 -0.382106 0.021746
v 0.707521 -0.382106 0.028133
v 0.710359 -0.360547 0.028133
v 0.699199 -0.402196 0.021746
v 0.699199 -0.402196 0.028133
v 0.685962 -0.419447 0.021746
v 0.685962 -0.419447 0.028133
v 0.668710 -0.432685 0.021746
v 0.668710 -0.432685 0.028133
v 0.648621 -0.441007 0.021746
v 0.648621 -0.441007 0.028133
v 0.627061 -0.443845 0.021746
v 0.627061 -0.443845 0.028133
v 0.605502 -0.441007 0.021746
v 0.605502 -0.441007 0.028133
v 0.585413 -0.432685 0.021746
v 0.585413 -0.432685 0.028133
v 0.568161 -0.419447 0.021746
v 0.568161 -0.419447 0.028133
v 0.554923 -0.402196 0.021746
v 0.554923 -0.402196 0.028133
v 0.546602 -0.382106 0.021746
v 0.546602 -0.382106 0.028133
v 0.543764 -0.360547 0.021746
v 0.543764 -0.360547 0.028133
v 0.546602 -0.338988 0.021746
v 0.546602 -0.338988 0.028133
v 0.554923 -0.318898 0.021746
v 0.554923 -0.318898 0.028133
v 0.568161 -0.301647 0.021746
v 0.568161 -0.301647 0.028133
v 0.585413 -0.288409 0.021746
v 0.585413 -0.288409 0.028133
v 0.605502 -0.280088 0.021746
v 0.605502 -0.280088 0.028133
v 0.627061 -0.277249 0.021746
v 0.627061 -0.277249 0.028133
v 0.648620 -0.280088 0.021746
v 0.648620 -0.280088 0.028133
v 0.668710 -0.288409 0.021746
v 0.668710 -0.288409 0.028133
v 0.685962 -0.301647 0.021746
v 0.685962 -0.301647 0.028133
v 0.699199 -0.318898 0.021746
v 0.699199 -0.318898 0.028133
v 0.707521 -0.338988 0.021746
v 0.707521 -0.338988 0.028133
v 0.715464 -0.360547 0.376026
v 0.712452 -0.383427 0.376026
v 0.712452 -0.383427 0.378340
v 0.715464 -0.360547 0.378340
v 0.703620 -0.404748 0.376026
v 0.703620 -0.404748 0.378340
v 0.689572 -0.423057 0.376026
v 0.689572 -0.423057 0.378340
v 0.671263 -0.437106 0.376026
v 0.671263 -0.437106 0.378340
v 0.649942 -0.445937 0.376026
v 0.649942 -0.445937 0.378340
v 0.627061 -0.448950 0.376026
v 0.627061 -0.448950 0.378340
v 0.604181 -0.445937 0.376026
v 0.604181 -0.445937 0.378340
v 0.582860 -0.437106 0.376026
v 0.582860 -0.437106 0.378340
v 0.564551 -0.423057 0.376026
v 0.564551 -0.423057 0.378340
v 0.550502 -0.404748 0.376026
v 0.550502 -0.404748 0.378340
v 0.541671 -0.383427 0.376026
v 0.541671 -0.383427 0.376026
v 0.541671 -0.383427 0.378340
v 0.541671 -0.383427 0.378340
v 0.541671 -0.337667 0.378340
v 0.541671 -0.337667 0.378340
v 0.541671 -0.337667 0.376026
v 0.541671 -0.337667 0.376026
v 0.550502 -0.316346 0.376026
v 0.550502 -0.316346 0.378340
v 0.564551 -0.298037 0.376026
v 0.564551 -0.298037 0.378340
v 0.582860 -0.283988 0.376026
v 0.582860 -0.283988 0.378340
v 0.604181 -0.275157 0.376026
v 0.604181 -0.275157 0.378340
v 0.627061 -0.272144 0.376026
v 0.627061 -0.272144 0.378340
v 0.649942 -0.275157 0.376026
v 0.649942 -0.275157 0.378340
v 0.671263 -0.283988 0.376026
v 0.671263 -0.283988 0.378340
v 0.689572 -0.298037 0.376026
v 0.689572 -0.298037 0.378340
v 0.703620 -0.316346 0.376026
v 0.703620 -0.316346 0.378340
v 0.712452 -0.337667 0.376026
v 0.712452 -0.337667 0.378340
v 0.712427 -0.360547 0.376026
v 0.709518 -0.382641 0.376026
v 0.709518 -0.382641 0.378340
v 0.712427 -0.360547 0.378340
v 0.700990 -0.403230 0.376026
v 0.700990 -0.403230 0.378340
v 0.687424 -0.420909 0.376026
v 0.687424 -0.420909 0.378340
v 0.669744 -0.434475 0.376026
v 0.669744 -0.434475 0.378340
v 0.649156 -0.443004 0.376026
v 0.649156 -0.443004 0.378340
v 0.627061 -0.445912 0.376026
v 0.627061 -0.445912 0.378340
v 0.604967 -0.443004 0.376026
v 0.604967 -0.443004 0.378340
v 0.584379 -0.434475 0.376026
v 0.584379 -0.434475 0.378340
v 0.566699 -0.420909 0.376026
v 0.566699 -0.420909 0.378340
v 0.553133 -0.403230 0.376026
v 0.553133 -0.403230 0.378340
v 0.544605 -0.382641 0.376026
v 0.544605 -0.382641 0.376026
v 0.544605 -0.382641 0.378340
v 0.544605 -0.382641 0.378340
v 0.544605 -0.338453 0.378340
v 0.544605 -0.338453 0.378340
v 0.544605 -0.338453 0.376026
v 0.544605 -0.338453 0.376026
v 0.553133 -0.317864 0.376026
v 0.553133 -0.317864 0.378340
v 0.566699 -0.300185 0.376026
v 0.566699 -0.300185 0.378340
v 0.584379 -0.286619 0.376026
v 0.584379 -0.286619 0.378340
v 0.604967 -0.278090 0.376026
v 0.604967 -0.278090 0.378340
v 0.627061 -0.275182 0.376026
v 0.627061 -0.275182 0.378340
v 0.649156 -0.278090 0.376026
v 0.649156 -0.278090 0.378340
v 0.669744 -0.286618 0.376026
v 0.669744 -0.286618 0.378340
v 0.687424 -0.300185 0.376026
v 0.687424 -0.300185 0.378340
v 0.700990 -0.317864 0.376026
v 0.700990 -0.317864 0.378340
v 0.709518 -0.338453 0.376026
v 0.709518 -0.338453 0.378340
v 0.715464 -0.360547 0.391770
v 0.712452 -0.383427 0.391770
v 0.712452 -0.383427 0.394084
v 0.715464 -0.360547 0.394084
v 0.703620 -0.404748 0.391770
v 0.703620 -0.404748 0.394084
v 0.689572 -0.423057 0.391770
v 0.689572 -0.423057 0.394084
v 0.671263 -0.437106 0.391770
v 0.671263 -0.437106 0.394084
v 0.649942 -0.445937 0.391770
v 0.649942 -0.445937 0.394084
v 0.627061 -0.448950 0.391770
v 0.627061 -0.448950 0.394084
v 0.604181 -0.445937 0.391770
v 0.604181 -0.445937 0.394084
v 0.582860 -0.437106 0.391770
v 0.582860 -0.437106 0.394084
v 0.564551 -0.423057 0.391770
v 0.564551 -0.423057 0.394084
v 0.550502 -0.404748 0.391770
v 0.550502 -0.404748 0.394084
v 0.541671 -0.383427 0.391770
v 0.541671 -0.383427 0.391770
v 0.541671 -0.383427 0.394084
v 0.541671 -0.383427 0.394084
v 0.541671 -0.337667 0.394084
v 0.541671 -0.337667 0.394084
v 0.541671 -0.337667 0.391770
v 0.541671 -0.337667 0.391770
v 0.550502 -0.316346 0.391770
v 0.550502 -0.316346 0.394084
v 0.564551 -0.298037 0.391770
v 0.564551 -0.298037 0.394084
v 0.582860 -0.283988 0.391770
v 0.582860 -0.283988 0.394084
v 0.604181 -0.275157 0.391770
v 0.604181 -0.275157 0.394084
v 0.627061 -0.272144 0.391770
v 0.627061 -0.272144 0.394084
v 0.649942 -0.275157 0.391770
v 0.649942 -0.275157 0.394084
v 0.671263 -0.283988 0.391770
v 0.671263 -0.283988 0.394084
v 0.689572 -0.298037 0.391770
v 0.689572 -0.298037 0.394084
v 0.703620 -0.316346 0.391770
v 0.703620 -0.316346 0.394084
v 0.712452 -0.337667 0.391770
v 0.712452 -0.337667 0.394084
v 0.712427 -0.360547 0.391770
v 0.709518 -0.382641 0.391770
v 0.709518 -0.382641 0.394084
v 0.712427 -0.360547 0.394084
v 0.700990 -0.403230 0.391770
v 0.700990 -0.403230 0.394084
v 0.687424 -0.420909 0.391770
v 0.687424 -0.420909 0.394084
v 0.669744 -0.434475 0.391770
v 0.669744 -0.434475 0.394084
v 0.649156 -0.443004 0.391770
v 0.649156 -0.443004 0.394084
v 0.627061 -0.445912 0.391770
v 0.627061 -0.445912 0.394084
v 0.604967 -0.443004 0.391770
v 0.604967 -0.443004 0.394084
v 0.584379 -0.434475 0.391770
v 0.584379 -0.434475 0.394084
v 0.566699 -0.420909 0.391770
v 0.566699 -0.420909 0.394084
v 0.553133 -0.403230 0.391770
v 0.553133 -0.403230 0.394084
v 0.544605 -0.382641 0.391770
v 0.544605 -0.382641 0.391770
v 0.544605 -0.382641 0.394084
v 0.544605 -0.382641 0.394084
v 0.544605 -0.338453 0.394084
v 0.544605 -0.338453 0.394084
v 0.544605 -0.338453 0.391770
v 0.544605 -0.338453 0.391770
v 0.553133 -0.317864 0.391770
v 0.553133 -0.317864 0.394084
v 0.566699 -0.300185 0.391770
v 0.566699 -0.300185 0.394084
v 0.584379 -0.286619 0.391770
v 0.584379 -0.286619 0.394084
v 0.604967 -0.278090 0.391770
v 0.604967 -0.278090 0.394084
v 0.627061 -0.275182 0.391770
v 0.627061 -0.275182 0.394084
v 0.649156 -0.278090 0.391770
v 0.649156 -0.278090 0.394084
v 0.669744 -0.286618 0.391770
v 0.669744 -0.286618 0.394084
v 0.687424 -0.300185 0.391770
v 0.687424 -0.300185 0.394084
v 0.700990 -0.317864 0.391770
v 0.700990 -0.317864 0.394084
v 0.709518 -0.338453 0.391770
v 0.709518 -0.338453 0.394084
v 0.533603 -0.349912 -0.006937
v 0.533361 -0.349912 0.363340
v 0.533480 -0.350527 -0.006937
v 0.533258 -0.350431 0.363333
v 0.533132 -0.351049 -0.006937
v 0.532965 -0.350872 0.363314
v 0.532610 -0.351398 -0.006937
v 0.532525 -0.351168 0.363285
v 0.531994 -0.351520 -0.006937
v 0.532005 -0.351275 0.363252
v 0.531379 -0.351398 -0.006937
v 0.531482 -0.351175 0.363219
v 0.530857 -0.351049 -0.006937
v 0.531035 -0.350882 0.363192
v 0.530509 -0.350527 -0.006937
v 0.530734 -0.350438 0.363175
v 0.530386 -0.349912 -0.006937
v 0.530628 -0.349912 0.363169
v 0.530509 -0.349296 -0.006937
v 0.530734 -0.349386 0.363175
v 0.530857 -0.348775 -0.006937
v 0.531035 -0.348942 0.363192
v 0.531379 -0.348426 -0.006937
v 0.531482 -0.348649 0.363219
v 0.531994 -0.348304 -0.006937
v 0.532005 -0.348549 0.363252
v 0.532610 -0.348426 -0.006937
v 0.532525 -0.348656 0.363285
v 0.533132 -0.348775 -0.006937
v 0.532965 -0.348952 0.363314
v 0.533480 -0.349296 -0.006937
v 0.533258 -0.349393 0.363333
v 0.533889 -0.349912 0.366224
v 0.533795 -0.350426 0.366259
v 0.533525 -0.350865 0.366359
v 0.533117 -0.351164 0.366510
v 0.532631 -0.351275 0.366690
v 0.532139 -0.351179 0.366872
v 0.531717 -0.350886 0.367028
v 0.531433 -0.350441 0.367133
v 0.531333 -0.349912 0.367170
v 0.531433 -0.349383 0.367133
v 0.531717 -0.348938 0.367028
v 0.532139 -0.348645 0.366872
v 0.532631 -0.348549 0.366690
v 0.533117 -0.348660 0.366510
v 0.533525 -0.348959 0.366359
v 0.533795 -0.349398 0.366259
v 0.535419 -0.349912 0.368826
v 0.535342 -0.350426 0.368891
v 0.535124 -0.350865 0.369078
v 0.534794 -0.351164 0.369361
v 0.534400 -0.351275 0.369699
v 0.534002 -0.351179 0.370040
v 0.533660 -0.350886 0.370333
v 0.533430 -0.350441 0.370530
v 0.533349 -0.349912 0.370600
v 0.533430 -0.349383 0.370530
v 0.533660 -0.348938 0.370333
v 0.534002 -0.348645 0.370040
v 0.534400 -0.348549 0.369699
v 0.534794 -0.348660 0.369361
v 0.535124 -0.348959 0.369078
v 0.535342 -0.349398 0.368891
v 0.537756 -0.349912 0.370735
v 0.537707 -0.350426 0.370822
v 0.537567 -0.350865 0.371074
v 0.537356 -0.351164 0.371454
v 0.537104 -0.351275 0.371907
v 0.536848 -0.351179 0.372366
v 0.536630 -0.350886 0.372759
v 0.536483 -0.350441 0.373023
v 0.536431 -0.349912 0.373116
v 0.536483 -0.349383 0.373023
v 0.536630 -0.348938 0.372759
v 0.536848 -0.348645 0.372366
v 0.537104 -0.348549 0.371907
v 0.537356 -0.348660 0.371454
v 0.537567 -0.348959 0.371074
v 0.537707 -0.349398 0.370822
v 0.540610 -0.349912 0.371714
v 0.540595 -0.350426 0.371813
v 0.540551 -0.350865 0.372098
v 0.540485 -0.351164 0.372527
v 0.540405 -0.351275 0.373040
v 0.540325 -0.351179 0.373559
v 0.540256 -0.350886 0.374003
v 0.540210 -0.350441 0.374302
v 0.540194 -0.349912 0.374408
v 0.540210 -0.349383 0.374302
v 0.540256 -0.348938 0.374003
v 0.540325 -0.348645 0.373559
v 0.540405 -0.348549 0.373040
v 0.540484 -0.348660 0.372527
v 0.540551 -0.348959 0.372098
v 0.540595 -0.349398 0.371813
v 0.543627 -0.349912 0.371642
v 0.543647 -0.350426 0.371741
v 0.543705 -0.350865 0.372023
v 0.543791 -0.351164 0.372449
v 0.543895 -0.351275 0.372957
v 0.544000 -0.351179 0.373471
v 0.544090 -0.350886 0.373912
v 0.544150 -0.350441 0.374208
v 0.544171 -0.349912 0.374313
v 0.544150 -0.349383 0.374208
v 0.544090 -0.348938 0.373912
v 0.544000 -0.348645 0.373471
v 0.543895 -0.348549 0.372957
v 0.543791 -0.348661 0.372449
v 0.543705 -0.348959 0.372023
v 0.543647 -0.349398 0.371741
v 0.546432 -0.349912 0.370528
v 0.546485 -0.350426 0.370613
v 0.546636 -0.350865 0.370858
v 0.546866 -0.351164 0.371227
v 0.547139 -0.351275 0.371668
v 0.547416 -0.351179 0.372114
v 0.547653 -0.350886 0.372496
v 0.547812 -0.350441 0.372753
v 0.547869 -0.349912 0.372844
v 0.547812 -0.349383 0.372753
v 0.547653 -0.348938 0.372496
v 0.547416 -0.348645 0.372114
v 0.547139 -0.348549 0.371668
v 0.546866 -0.348661 0.371227
v 0.546636 -0.348959 0.370858
v 0.546485 -0.349398 0.370613
v 0.548675 -0.349912 0.368510
v 0.548755 -0.350426 0.368572
v 0.548982 -0.350865 0.368748
v 0.549325 -0.351164 0.369015
v 0.549734 -0.351275 0.369334
v 0.550149 -0.351179 0.369656
v 0.550504 -0.350886 0.369932
v 0.550743 -0.350441 0.370118
v 0.550827 -0.349912 0.370183
v 0.550743 -0.349383 0.370118
v 0.550504 -0.348938 0.369932
v 0.550149 -0.348645 0.369656
v 0.549734 -0.348549 0.369334
v 0.549325 -0.348661 0.369015
v 0.548982 -0.348959 0.368748
v 0.548755 -0.349398 0.368572
v 0.550013 -0.349912 0.365997
v 0.550116 -0.350431 0.366015
v 0.550408 -0.350871 0.366068
v 0.550844 -0.351166 0.366147
v 0.551359 -0.351275 0.366240
v 0.551881 -0.351181 0.366337
v 0.552330 -0.350892 0.366422
v 0.552635 -0.350446 0.366482
v 0.552744 -0.349912 0.366504
v 0.552635 -0.349379 0.366482
v 0.552330 -0.348933 0.366422
v 0.551881 -0.348643 0.366337
v 0.551359 -0.348549 0.366240
v 0.550844 -0.348659 0.366147
v 0.550408 -0.348954 0.366068
v 0.550116 -0.349393 0.366015
v 0.533603 -0.371182 -0.006937
v 0.533361 -0.371182 0.363340
v 0.533480 -0.370567 -0.006937
v 0.533258 -0.370664 0.363333
v 0.533132 -0.370045 -0.006937
v 0.532965 -0.370223 0.363314
v 0.532610 -0.369697 -0.006937
v 0.532525 -0.369927 0.363285
v 0.531994 -0.369574 -0.006937
v 0.532005 -0.369820 0.363252
v 0.531379 -0.369697 -0.006937
v 0.531482 -0.369919 0.363219
v 0.530857 -0.370045 -0.006937
v 0.531035 -0.370212 0.363192
v 0.530509 -0.370567 -0.006937
v 0.530734 -0.370656 0.363175
v 0.530386 -0.371182 -0.006937
v 0.530628 -0.371182 0.363169
v 0.530509 -0.371798 -0.006937
v 0.530734 -0.371709 0.363175
v 0.530857 -0.372320 -0.006937
v 0.531035 -0.372153 0.363192
v 0.531379 -0.372668 -0.006937
v 0.531482 -0.372446 0.363219
v 0.531994 -0.372791 -0.006937
v 0.532005 -0.372545 0.363252
v 0.532610 -0.372668 -0.006937
v 0.532525 -0.372438 0.363285
v 0.533132 -0.372320 -0.006937
v 0.532965 -0.372142 0.363314
v 0.533480 -0.371798 -0.006937
v 0.533258 -0.371701 0.363333
v 0.533889 -0.371182 0.366224
v 0.533795 -0.370669 0.366259
v 0.533525 -0.370229 0.366359
v 0.533117 -0.369931 0.366510
v 0.532631 -0.369819 0.366690
v 0.532139 -0.369916 0.366872
v 0.531717 -0.370208 0.367028
v 0.531433 -0.370654 0.367133
v 0.531333 -0.371182 0.367170
v 0.531433 -0.371711 0.367133
v 0.531717 -0.372157 0.367028
v 0.532139 -0.372449 0.366872
v 0.532631 -0.372545 0.366690
v 0.533117 -0.372434 0.366510
v 0.533525 -0.372135 0.366359
v 0.533795 -0.371696 0.366259
v 0.535419 -0.371182 0.368826
v 0.535342 -0.370669 0.368891
v 0.535124 -0.370229 0.369078
v 0.534794 -0.369931 0.369361
v 0.534400 -0.369819 0.369699
v 0.534002 -0.369916 0.370040
v 0.533660 -0.370208 0.370333
v 0.533430 -0.370654 0.370530
v 0.533349 -0.371182 0.370600
v 0.533430 -0.371711 0.370530
v 0.533660 -0.372157 0.370333
v 0.534002 -0.372449 0.370040
v 0.534400 -0.372545 0.369699
v 0.534794 -0.372434 0.369361
v 0.535124 -0.372135 0.369078
v 0.535342 -0.371696 0.368891
v 0.537756 -0.371182 0.370735
v 0.537707 -0.370668 0.370822
v 0.537567 -0.370229 0.371074
v 0.537356 -0.369931 0.371454
v 0.537104 -0.369819 0.371907
v 0.536848 -0.369916 0.372366
v 0.536630 -0.370208 0.372759
v 0.536483 -0.370654 0.373023
v 0.536431 -0.371182 0.373116
v 0.536483 -0.371711 0.373023
v 0.536630 -0.372157 0.372759
v 0.536848 -0.372449 0.372366
v 0.537104 -0.372545 0.371907
v 0.537356 -0.372434 0.371454
v 0.537567 -0.372135 0.371074
v 0.537707 -0.371696 0.370822
v 0.540610 -0.371182 0.371714
v 0.540595 -0.370668 0.371813
v 0.540551 -0.370229 0.372098
v 0.540485 -0.369931 0.372527
v 0.540405 -0.369819 0.373040
v 0.540325 -0.369916 0.373559
v 0.540256 -0.370208 0.374003
v 0.540210 -0.370654 0.374302
v 0.540194 -0.371182 0.374408
v 0.540210 -0.371711 0.374302
v 0.540256 -0.372157 0.374003
v 0.540325 -0.372449 0.373559
v 0.540405 -0.372545 0.373040
v 0.540484 -0.372434 0.372527
v 0.540551 -0.372135 0.372098
v 0.540595 -0.371696 0.371813
v 0.543627 -0.371182 0.371642
v 0.543647 -0.370668 0.371741
v 0.543705 -0.370229 0.372023
v 0.543791 -0.369931 0.372449
v 0.543895 -0.369819 0.372957
v 0.544000 -0.369916 0.373471
v 0.544090 -0.370208 0.373912
v 0.544150 -0.370653 0.374208
v 0.544171 -0.371182 0.374313
v 0.544150 -0.371711 0.374208
v 0.544090 -0.372156 0.373912
v 0.544000 -0.372449 0.373471
v 0.543895 -0.372545 0.372957
v 0.543791 -0.372434 0.372449
v 0.543705 -0.372135 0.372023
v 0.543647 -0.371696 0.371741
v 0.546432 -0.371182 0.370528
v 0.546485 -0.370668 0.370613
v 0.546636 -0.370229 0.370858
v 0.546866 -0.369931 0.371227
v 0.547139 -0.369819 0.371668
v 0.547416 -0.369916 0.372114
v 0.547653 -0.370208 0.372496
v 0.547812 -0.370653 0.372753
v 0.547869 -0.371182 0.372844
v 0.547812 -0.371711 0.372753
v 0.547653 -0.372156 0.372496
v 0.547416 -0.372449 0.372114
v 0.547139 -0.372545 0.371668
v 0.546866 -0.372434 0.371227
v 0.546636 -0.372135 0.370858
v 0.546485 -0.371696 0.370613
v 0.548675 -0.371182 0.368510
v 0.548755 -0.370668 0.368572
v 0.548982 -0.370229 0.368748
v 0.549325 -0.369930 0.369015
v 0.549734 -0.369819 0.369334
v 0.550149 -0.369916 0.369656
v 0.550504 -0.370208 0.369932
v 0.550743 -0.370653 0.370118
v 0.550827 -0.371182 0.370183
v 0.550743 -0.371711 0.370118
v 0.550504 -0.372156 0.369932
v 0.550149 -0.372449 0.369656
v 0.549734 -0.372545 0.369334
v 0.549325 -0.372434 0.369015
v 0.548982 -0.372135 0.368748
v 0.548755 -0.371696 0.368572
v 0.550013 -0.371182 0.365997
v 0.550116 -0.370663 0.366015
v 0.550408 -0.370224 0.366068
v 0.550844 -0.369929 0.366147
v 0.551359 -0.369819 0.366240
v 0.551881 -0.369913 0.366337
v 0.552330 -0.370203 0.366422
v 0.552635 -0.370648 0.366482
v 0.552744 -0.371182 0.366504
v 0.552635 -0.371716 0.366482
v 0.552330 -0.372162 0.366422
v 0.551881 -0.372451 0.366337
v 0.551359 -0.372545 0.366240
v 0.550844 -0.372436 0.366147
v 0.550408 -0.372140 0.366068
v 0.550116 -0.371701 0.366015
v 0.812856 -0.446808 0.150099
v 0.812856 -0.446808 0.347722
v 0.790530 -0.443869 0.150099
v 0.790530 -0.443869 0.347722
v 0.769725 -0.435252 0.150099
v 0.769725 -0.435252 0.347722
v 0.751860 -0.421543 0.150099
v 0.751860 -0.421543 0.347722
v 0.738151 -0.403678 0.150099
v 0.738151 -0.403678 0.347722
v 0.729534 -0.382873 0.150099
v 0.729534 -0.382873 0.347722
v 0.726594 -0.360547 0.150099
v 0.726594 -0.360547 0.347722
v 0.729534 -0.338221 0.150099
v 0.729534 -0.338221 0.347722
v 0.738151 -0.317416 0.150099
v 0.738151 -0.317416 0.347722
v 0.751860 -0.299551 0.150099
v 0.751860 -0.299551 0.347722
v 0.769725 -0.285842 0.150099
v 0.769725 -0.285842 0.347722
v 0.790530 -0.277225 0.150099
v 0.790530 -0.277225 0.347722
v 0.812856 -0.274286 0.150099
v 0.812856 -0.274286 0.347722
v 0.835182 -0.277225 0.150099
v 0.835182 -0.277225 0.347722
v 0.855987 -0.285842 0.150099
v 0.855987 -0.285842 0.347722
v 0.873852 -0.299551 0.150099
v 0.873852 -0.299551 0.347722
v 0.887561 -0.317416 0.150099
v 0.887561 -0.317416 0.347722
v 0.896178 -0.338221 0.150099
v 0.896178 -0.338221 0.347722
v 0.899117 -0.360547 0.150099
v 0.899117 -0.360547 0.347722
v 0.896178 -0.382873 0.150099
v 0.896178 -0.382873 0.347722
v 0.887561 -0.403678 0.150099
v 0.887561 -0.403678 0.347722
v 0.873852 -0.421543 0.150099
v 0.873852 -0.421543 0.347722
v 0.855987 -0.435252 0.150099
v 0.855987 -0.435252 0.347722
v 0.835182 -0.443869 0.150099
v 0.835182 -0.443869 0.347722
v 0.789866 -0.446346 0.347722
v 0.812856 -0.449373 0.347722
v 0.768443 -0.437473 0.347722
v 0.750046 -0.423356 0.347722
v 0.735930 -0.404960 0.347722
v 0.727057 -0.383537 0.347722
v 0.724030 -0.360547 0.347722
v 0.727057 -0.337557 0.347722
v 0.735930 -0.316134 0.347722
v 0.750046 -0.297738 0.347722
v 0.768443 -0.283622 0.347722
v 0.789866 -0.274748 0.347722
v 0.812856 -0.271721 0.347722
v 0.835846 -0.274748 0.347722
v 0.857269 -0.283622 0.347722
v 0.875665 -0.297738 0.347722
v 0.889781 -0.316134 0.347722
v 0.898655 -0.337557 0.347722
v 0.901682 -0.360547 0.347722
v 0.898655 -0.383537 0.347722
v 0.889781 -0.404960 0.347722
v 0.875665 -0.423356 0.347722
v 0.857269 -0.437473 0.347722
v 0.835846 -0.446346 0.347722
v 0.789866 -0.446346 0.363176
v 0.812856 -0.449373 0.363176
v 0.768443 -0.437473 0.363176
v 0.750046 -0.423356 0.363176
v 0.735930 -0.404960 0.363176
v 0.727057 -0.383537 0.363176
v 0.724030 -0.360547 0.363176
v 0.727057 -0.337557 0.363176
v 0.735930 -0.316134 0.363176
v 0.750046 -0.297738 0.363176
v 0.768443 -0.283622 0.363176
v 0.789866 -0.274748 0.363176
v 0.812856 -0.271721 0.363176
v 0.835846 -0.274748 0.363176
v 0.857269 -0.283622 0.363176
v 0.875665 -0.297738 0.363176
v 0.889781 -0.316134 0.363176
v 0.898655 -0.337557 0.363176
v 0.901682 -0.360547 0.363176
v 0.898655 -0.383537 0.363176
v 0.889781 -0.404960 0.363176
v 0.875665 -0.423356 0.363176
v 0.857269 -0.437473 0.363176
v 0.835846 -0.446346 0.363176
v 0.806952 -0.382582 0.385753
v 0.812856 -0.383359 0.385753
v 0.801450 -0.380303 0.385753
v 0.796725 -0.376677 0.385753
v 0.793100 -0.371953 0.385753
v 0.790821 -0.366451 0.385753
v 0.790044 -0.360547 0.385753
v 0.790821 -0.354643 0.385753
v 0.793100 -0.349141 0.385753
v 0.796725 -0.344417 0.385753
v 0.801450 -0.340792 0.385753
v 0.806952 -0.338513 0.385753
v 0.812856 -0.337735 0.385753
v 0.818760 -0.338513 0.385753
v 0.824262 -0.340792 0.385753
v 0.828986 -0.344417 0.385753
v 0.832611 -0.349141 0.385753
v 0.834890 -0.354643 0.385753
v 0.835667 -0.360547 0.385753
v 0.834890 -0.366451 0.385753
v 0.832611 -0.371953 0.385753
v 0.828986 -0.376677 0.385753
v 0.824262 -0.380303 0.385753
v 0.818760 -0.382582 0.385753
v 0.806952 -0.382582 0.393625
v 0.812856 -0.383359 0.393625
v 0.801450 -0.380303 0.393625
v 0.796725 -0.376677 0.393625
v 0.793100 -0.371953 0.393625
v 0.790821 -0.366451 0.393625
v 0.790044 -0.360547 0.393625
v 0.790821 -0.354643 0.393625
v 0.793100 -0.349141 0.393625
v 0.796725 -0.344417 0.393625
v 0.801450 -0.340792 0.393625
v 0.806952 -0.338513 0.393625
v 0.812856 -0.337735 0.393625
v 0.818760 -0.338513 0.393625
v 0.824262 -0.340792 0.393625
v 0.828986 -0.344417 0.393625
v 0.832611 -0.349141 0.393625
v 0.834890 -0.354643 0.393625
v 0.835667 -0.360547 0.393625
v 0.834890 -0.366451 0.393625
v 0.832611 -0.371953 0.393625
v 0.828986 -0.376677 0.393625
v 0.824262 -0.380303 0.393625
v 0.818760 -0.382582 0.393625
v 0.812856 -0.375524 0.063572
v 0.808980 -0.375014 0.063572
v 0.805367 -0.373518 0.063572
v 0.802265 -0.371138 0.063572
v 0.799885 -0.368036 0.063572
v 0.798389 -0.364423 0.063572
v 0.797879 -0.360547 0.063572
v 0.798389 -0.356671 0.063572
v 0.799885 -0.353058 0.063572
v 0.802265 -0.349957 0.063572
v 0.805367 -0.347576 0.063572
v 0.808980 -0.346080 0.063572
v 0.812856 -0.345570 0.063572
v 0.816732 -0.346080 0.063572
v 0.820344 -0.347576 0.063572
v 0.823446 -0.349957 0.063572
v 0.825826 -0.353058 0.063572
v 0.827323 -0.356671 0.063572
v 0.827833 -0.360547 0.063572
v 0.827323 -0.364423 0.063572
v 0.825826 -0.368036 0.063572
v 0.823447 -0.371138 0.063572
v 0.820344 -0.373518 0.063572
v 0.816732 -0.375014 0.063572
v 0.812856 -0.375524 0.047726
v 0.808979 -0.375014 0.047726
v 0.805367 -0.373518 0.047726
v 0.802265 -0.371138 0.047726
v 0.799885 -0.368036 0.047726
v 0.798389 -0.364423 0.047726
v 0.797879 -0.360547 0.047726
v 0.798389 -0.356671 0.047726
v 0.799885 -0.353058 0.047726
v 0.802265 -0.349957 0.047726
v 0.805367 -0.347576 0.047726
v 0.808979 -0.346080 0.047726
v 0.812856 -0.345570 0.047726
v 0.816732 -0.346080 0.047726
v 0.820344 -0.347576 0.047726
v 0.823446 -0.349957 0.047726
v 0.825826 -0.353058 0.047726
v 0.827323 -0.356671 0.047726
v 0.827833 -0.360547 0.047726
v 0.827323 -0.364423 0.047726
v 0.825826 -0.368036 0.047726
v 0.823446 -0.371138 0.047726
v 0.820344 -0.373518 0.047726
v 0.816732 -0.375014 0.047726
v 0.812856 -0.446808 0.108536
v 0.812856 -0.446808 0.114923
v 0.790530 -0.443869 0.108536
v 0.790530 -0.443869 0.114923
v 0.769725 -0.435252 0.108536
v 0.769725 -0.435252 0.114923
v 0.751860 -0.421543 0.108536
v 0.751860 -0.421543 0.114923
v 0.738151 -0.403678 0.108536
v 0.738151 -0.403678 0.114923
v 0.729534 -0.382873 0.108536
v 0.729534 -0.382873 0.114923
v 0.726594 -0.360547 0.108536
v 0.726594 -0.360547 0.114923
v 0.729534 -0.338221 0.108536
v 0.729534 -0.338221 0.114923
v 0.738151 -0.317416 0.108536
v 0.738151 -0.317416 0.114923
v 0.751860 -0.299551 0.108536
v 0.751860 -0.299551 0.114923
v 0.769725 -0.285842 0.108536
v 0.769725 -0.285842 0.114923
v 0.790530 -0.277225 0.108536
v 0.790530 -0.277225 0.114923
v 0.812856 -0.274286 0.108536
v 0.812856 -0.274286 0.114923
v 0.835182 -0.277225 0.108536
v 0.835182 -0.277225 0.114923
v 0.855987 -0.285842 0.108536
v 0.855987 -0.285842 0.114923
v 0.873852 -0.299551 0.108536
v 0.873852 -0.299551 0.114923
v 0.887561 -0.317416 0.108536
v 0.887561 -0.317416 0.114923
v 0.896178 -0.338221 0.108536
v 0.896178 -0.338221 0.114923
v 0.899117 -0.360547 0.108536
v 0.899117 -0.360547 0.114923
v 0.896178 -0.382873 0.108536
v 0.896178 -0.382873 0.114923
v 0.887561 -0.403678 0.108536
v 0.887561 -0.403678 0.114923
v 0.873852 -0.421543 0.108536
v 0.873852 -0.421543 0.114923
v 0.855987 -0.435252 0.108536
v 0.855987 -0.435252 0.114923
v 0.835182 -0.443869 0.108536
v 0.835182 -0.443869 0.114923
v 0.812856 -0.443845 0.108536
v 0.791297 -0.441007 0.108536
v 0.791297 -0.441007 0.114923
v 0.812856 -0.443845 0.114923
v 0.771207 -0.432685 0.108536
v 0.771207 -0.432685 0.114923
v 0.753955 -0.419447 0.108536
v 0.753955 -0.419447 0.114923
v 0.740718 -0.402196 0.108536
v 0.740718 -0.402196 0.114923
v 0.732396 -0.382106 0.108536
v 0.732396 -0.382106 0.114923
v 0.729558 -0.360547 0.108536
v 0.729558 -0.360547 0.114923
v 0.732396 -0.338988 0.108536
v 0.732396 -0.338988 0.114923
v 0.740718 -0.318898 0.108536
v 0.740718 -0.318898 0.114923
v 0.753955 -0.301647 0.108536
v 0.753955 -0.301647 0.114923
v 0.771207 -0.288409 0.108536
v 0.771207 -0.288409 0.114923
v 0.791297 -0.280088 0.108536
v 0.791297 -0.280088 0.114923
v 0.812856 -0.277249 0.108536
v 0.812856 -0.277249 0.114923
v 0.834415 -0.280088 0.108536
v 0.834415 -0.280088 0.114923
v 0.854505 -0.288409 0.108536
v 0.854505 -0.288409 0.114923
v 0.871756 -0.301647 0.108536
v 0.871756 -0.301647 0.114923
v 0.884994 -0.318898 0.108536
v 0.884994 -0.318898 0.114923
v 0.893315 -0.338988 0.108536
v 0.893315 -0.338988 0.114923
v 0.896154 -0.360547 0.108536
v 0.896154 -0.360547 0.114923
v 0.893315 -0.382106 0.108536
v 0.893315 -0.382106 0.114923
v 0.884994 -0.402196 0.108536
v 0.884994 -0.402196 0.114923
v 0.871756 -0.419447 0.108536
v 0.871756 -0.419447 0.114923
v 0.854505 -0.432685 0.108536
v 0.854505 -0.432685 0.114923
v 0.834415 -0.441006 0.108536
v 0.834415 -0.441006 0.114923
v 0.812856 -0.446808 0.021746
v 0.812856 -0.446808 0.028133
v 0.790530 -0.443869 0.021746
v 0.790530 -0.443869 0.028133
v 0.769725 -0.435252 0.021746
v 0.769725 -0.435252 0.028133
v 0.751860 -0.421543 0.021746
v 0.751860 -0.421543 0.028133
v 0.738151 -0.403678 0.021746
v 0.738151 -0.403678 0.028133
v 0.729534 -0.382873 0.021746
v 0.729534 -0.382873 0.028133
v 0.726594 -0.360547 0.021746
v 0.726594 -0.360547 0.028133
v 0.729534 -0.338221 0.021746
v 0.729534 -0.338221 0.028133
v 0.738151 -0.317416 0.021746
v 0.738151 -0.317416 0.028133
v 0.751860 -0.299551 0.021746
v 0.751860 -0.299551 0.028133
v 0.769725 -0.285842 0.021746
v 0.769725 -0.285842 0.028133
v 0.790530 -0.277225 0.021746
v 0.790530 -0.277225 0.028133
v 0.812856 -0.274286 0.021746
v 0.812856 -0.274286 0.028133
v 0.835182 -0.277225 0.021746
v 0.835182 -0.277225 0.028133
v 0.855987 -0.285842 0.021746
v 0.855987 -0.285842 0.028133
v 0.873852 -0.299551 0.021746
v 0.873852 -0.299551 0.028133
v 0.887561 -0.317416 0.021746
v 0.887561 -0.317416 0.028133
v 0.896178 -0.338221 0.021746
v 0.896178 -0.338221 0.028133
v 0.899117 -0.360547 0.021746
v 0.899117 -0.360547 0.028133
v 0.896178 -0.382873 0.021746
v 0.896178 -0.382873 0.028133
v 0.887561 -0.403678 0.021746
v 0.887561 -0.403678 0.028133
v 0.873852 -0.421543 0.021746
v 0.873852 -0.421543 0.028133
v 0.855987 -0.435252 0.021746
v 0.855987 -0.435252 0.028133
v 0.835182 -0.443869 0.021746
v 0.835182 -0.443869 0.028133
v 0.812856 -0.443845 0.021746
v 0.791297 -0.441007 0.021746
v 0.791297 -0.441007 0.028133
v 0.812856 -0.443845 0.028133
v 0.771207 -0.432685 0.021746
v 0.771207 -0.432685 0.028133
v 0.753955 -0.419447 0.021746
v 0.753955 -0.419447 0.028133
v 0.740718 -0.402196 0.021746
v 0.740718 -0.402196 0.028133
v 0.732396 -0.382106 0.021746
v 0.732396 -0.382106 0.028133
v 0.729558 -0.360547 0.021746
v 0.729558 -0.360547 0.028133
v 0.732396 -0.338988 0.021746
v 0.732396 -0.338988 0.028133
v 0.740718 -0.318898 0.021746
v 0.740718 -0.318898 0.028133
v 0.753955 -0.301647 0.021746
v 0.753955 -0.301647 0.028133
v 0.771207 -0.288409 0.021746
v 0.771207 -0.288409 0.028133
v 0.791297 -0.280088 0.021746
v 0.791297 -0.280088 0.028133
v 0.812856 -0.277249 0.021746
v 0.812856 -0.277249 0.028133
v 0.834415 -0.280088 0.021746
v 0.834415 -0.280088 0.028133
v 0.854505 -0.288409 0.021746
v 0.854505 -0.288409 0.028133
v 0.871756 -0.301647 0.021746
v 0.871756 -0.301647 0.028133
v 0.884994 -0.318898 0.021746
v 0.884994 -0.318898 0.028133
v 0.893315 -0.338988 0.021746
v 0.893315 -0.338988 0.028133
v 0.896154 -0.360547 0.021746
v 0.896154 -0.360547 0.028133
v 0.893315 -0.382106 0.021746
v 0.893315 -0.382106 0.028133
v 0.884994 -0.402196 0.021746
v 0.884994 -0.402196 0.028133
v 0.871756 -0.419447 0.021746
v 0.871756 -0.419447 0.028133
v 0.854505 -0.432685 0.021746
v 0.854505 -0.432685 0.028133
v 0.834415 -0.441006 0.021746
v 0.834415 -0.441006 0.028133
v 0.812856 -0.448950 0.376026
v 0.812856 -0.448950 0.378340
v 0.789976 -0.445937 0.376026
v 0.789976 -0.445937 0.378340
v 0.768654 -0.437106 0.376026
v 0.768654 -0.437106 0.378340
v 0.750346 -0.423057 0.376026
v 0.750346 -0.423057 0.378340
v 0.736297 -0.404748 0.376026
v 0.736297 -0.404748 0.378340
v 0.727465 -0.383427 0.376026
v 0.727465 -0.383427 0.378340
v 0.724453 -0.360547 0.376026
v 0.724453 -0.360547 0.378340
v 0.727465 -0.337667 0.376026
v 0.727465 -0.337667 0.378340
v 0.736297 -0.316346 0.376026
v 0.736297 -0.316346 0.378340
v 0.750346 -0.298037 0.376026
v 0.750346 -0.298037 0.378340
v 0.768654 -0.283988 0.376026
v 0.768654 -0.283988 0.378340
v 0.789976 -0.275157 0.376026
v 0.789976 -0.275157 0.378340
v 0.835736 -0.275157 0.376026
v 0.835736 -0.275157 0.378340
v 0.857057 -0.283988 0.376026
v 0.857057 -0.283988 0.378340
v 0.875366 -0.298037 0.376026
v 0.875366 -0.298037 0.378340
v 0.889415 -0.316346 0.376026
v 0.889415 -0.316346 0.378340
v 0.898246 -0.337667 0.376026
v 0.898246 -0.337667 0.378340
v 0.901258 -0.360547 0.376026
v 0.901258 -0.360547 0.378340
v 0.898246 -0.383427 0.376026
v 0.898246 -0.383427 0.378340
v 0.889415 -0.404748 0.376026
v 0.889415 -0.404748 0.378340
v 0.875366 -0.423057 0.376026
v 0.875366 -0.423057 0.378340
v 0.857057 -0.437106 0.376026
v 0.857057 -0.437106 0.378340
v 0.835736 -0.445937 0.376026
v 0.835736 -0.445937 0.378340
v 0.812856 -0.445912 0.376026
v 0.790762 -0.443004 0.376026
v 0.790762 -0.443004 0.378340
v 0.812856 -0.445912 0.378340
v 0.770173 -0.434475 0.376026
v 0.770173 -0.434475 0.378340
v 0.752493 -0.420909 0.376026
v 0.752493 -0.420909 0.378340
v 0.738927 -0.403230 0.376026
v 0.738927 -0.403230 0.378340
v 0.730399 -0.382641 0.376026
v 0.730399 -0.382641 0.378340
v 0.727490 -0.360547 0.376026
v 0.727490 -0.360547 0.378340
v 0.730399 -0.338453 0.376026
v 0.730399 -0.338453 0.378340
v 0.738927 -0.317864 0.376026
v 0.738927 -0.317864 0.378340
v 0.752493 -0.300185 0.376026
v 0.752493 -0.300185 0.378340
v 0.770173 -0.286618 0.376026
v 0.770173 -0.286618 0.378340
v 0.790762 -0.278090 0.376026
v 0.790762 -0.278090 0.378340
v 0.834950 -0.278090 0.376026
v 0.834950 -0.278090 0.378340
v 0.855539 -0.286618 0.376026
v 0.855539 -0.286618 0.378340
v 0.873218 -0.300185 0.376026
v 0.873218 -0.300185 0.378340
v 0.886784 -0.317864 0.376026
v 0.886784 -0.317864 0.378340
v 0.895312 -0.338453 0.376026
v 0.895312 -0.338453 0.378340
v 0.898221 -0.360547 0.376026
v 0.898221 -0.360547 0.378340
v 0.895312 -0.382641 0.376026
v 0.895312 -0.382641 0.378340
v 0.886784 -0.403230 0.376026
v 0.886784 -0.403230 0.378340
v 0.873218 -0.420909 0.376026
v 0.873218 -0.420909 0.378340
v 0.855539 -0.434475 0.376026
v 0.855539 -0.434475 0.378340
v 0.834950 -0.443003 0.376026
v 0.834950 -0.443003 0.378340
v 0.812856 -0.448950 0.391770
v 0.812856 -0.448950 0.394084
v 0.789976 -0.445937 0.391770
v 0.789976 -0.445937 0.394084
v 0.768654 -0.437106 0.391770
v 0.768654 -0.437106 0.394084
v 0.750346 -0.423057 0.391770
v 0.750346 -0.423057 0.394084
v 0.736297 -0.404748 0.391770
v 0.736297 -0.404748 0.394084
v 0.727465 -0.383427 0.391770
v 0.727465 -0.383427 0.394084
v 0.724453 -0.360547 0.391770
v 0.724453 -0.360547 0.394084
v 0.727465 -0.337667 0.391770
v 0.727465 -0.337667 0.394084
v 0.736297 -0.316346 0.391770
v 0.736297 -0.316346 0.394084
v 0.750346 -0.298037 0.391770
v 0.750346 -0.298037 0.394084
v 0.768654 -0.283988 0.391770
v 0.768654 -0.283988 0.394084
v 0.789976 -0.275157 0.391770
v 0.789976 -0.275157 0.394084
v 0.835736 -0.275157 0.391770
v 0.835736 -0.275157 0.394084
v 0.857057 -0.283988 0.391770
v 0.857057 -0.283988 0.394084
v 0.875366 -0.298037 0.391770
v 0.875366 -0.298037 0.394084
v 0.889415 -0.316346 0.391770
v 0.889415 -0.316346 0.394084
v 0.898246 -0.337667 0.391770
v 0.898246 -0.337667 0.394084
v 0.901258 -0.360547 0.391770
v 0.901258 -0.360547 0.394084
v 0.898246 -0.383427 0.391770
v 0.898246 -0.383427 0.394084
v 0.889415 -0.404748 0.391770
v 0.889415 -0.404748 0.394084
v 0.875366 -0.423057 0.391770
v 0.875366 -0.423057 0.394084
v 0.857057 -0.437106 0.391770
v 0.857057 -0.437106 0.394084
v 0.835736 -0.445937 0.391770
v 0.835736 -0.445937 0.394084
v 0.812856 -0.445912 0.391770
v 0.790762 -0.443004 0.391770
v 0.790762 -0.443004 0.394084
v 0.812856 -0.445912 0.394084
v 0.770173 -0.434475 0.391770
v 0.770173 -0.434475 0.394084
v 0.752493 -0.420909 0.391770
v 0.752493 -0.420909 0.394084
v 0.738927 -0.403230 0.391770
v 0.738927 -0.403230 0.394084
v 0.730399 -0.382641 0.391770
v 0.730399 -0.382641 0.394084
v 0.727490 -0.360547 0.391770
v 0.727490 -0.360547 0.394084
v 0.730399 -0.338453 0.391770
v 0.730399 -0.338453 0.394084
v 0.738927 -0.317864 0.391770
v 0.738927 -0.317864 0.394084
v 0.752493 -0.300185 0.391770
v 0.752493 -0.300185 0.394084
v 0.770173 -0.286618 0.391770
v 0.770173 -0.286618 0.394084
v 0.790762 -0.278090 0.391770
v 0.790762 -0.278090 0.394084
v 0.834950 -0.278090 0.391770
v 0.834950 -0.278090 0.394084
v 0.855539 -0.286618 0.391770
v 0.855539 -0.286618 0.394084
v 0.873218 -0.300185 0.391770
v 0.873218 -0.300185 0.394084
v 0.886784 -0.317864 0.391770
v 0.886784 -0.317864 0.394084
v 0.895312 -0.338453 0.391770
v 0.895312 -0.338453 0.394084
v 0.898221 -0.360547 0.391770
v 0.898221 -0.360547 0.394084
v 0.895312 -0.382641 0.391770
v 0.895312 -0.382641 0.394084
v 0.886784 -0.403230 0.391770
v 0.886784 -0.403230 0.394084
v 0.873218 -0.420909 0.391770
v 0.873218 -0.420909 0.394084
v 0.855539 -0.434475 0.391770
v 0.855539 -0.434475 0.394084
v 0.834950 -0.443003 0.391770
v 0.834950 -0.443003 0.394084
v 0.812856 -0.446808 0.150099
v 0.790530 -0.443869 0.150099
v 0.790530 -0.443869 0.347722
v 0.812856 -0.446808 0.347722
v 0.769725 -0.435252 0.150099
v 0.769725 -0.435252 0.347722
v 0.751860 -0.421543 0.150099
v 0.751860 -0.421543 0.347722
v 0.738151 -0.403678 0.150099
v 0.738151 -0.403678 0.347722
v 0.729534 -0.382873 0.150099
v 0.729534 -0.382873 0.347722
v 0.726594 -0.360547 0.150099
v 0.726594 -0.360547 0.347722
v 0.729534 -0.338221 0.150099
v 0.729534 -0.338221 0.347722
v 0.738151 -0.317416 0.150099
v 0.738151 -0.317416 0.347722
v 0.751860 -0.299551 0.150099
v 0.751860 -0.299551 0.347722
v 0.769725 -0.285842 0.150099
v 0.769725 -0.285842 0.347722
v 0.790530 -0.277225 0.150099
v 0.790530 -0.277225 0.347722
v 0.812856 -0.274286 0.150099
v 0.812856 -0.274286 0.347722
v 0.835182 -0.277225 0.150099
v 0.835182 -0.277225 0.347722
v 0.855987 -0.285842 0.150099
v 0.855987 -0.285842 0.347722
v 0.873852 -0.299551 0.150099
v 0.873852 -0.299551 0.347722
v 0.887561 -0.317416 0.150099
v 0.887561 -0.317416 0.347722
v 0.896178 -0.338221 0.150099
v 0.896178 -0.338221 0.347722
v 0.899117 -0.360547 0.150099
v 0.899117 -0.360547 0.347722
v 0.896178 -0.382873 0.150099
v 0.896178 -0.382873 0.347722
v 0.887561 -0.403678 0.150099
v 0.887561 -0.403678 0.347722
v 0.873852 -0.421543 0.150099
v 0.873852 -0.421543 0.347722
v 0.855987 -0.435252 0.150099
v 0.855987 -0.435252 0.347722
v 0.835182 -0.443869 0.150099
v 0.835182 -0.443869 0.347722
v 0.789866 -0.446346 0.347722
v 0.812856 -0.449373 0.347722
v 0.768443 -0.437473 0.347722
v 0.750046 -0.423356 0.347722
v 0.735930 -0.404960 0.347722
v 0.727057 -0.383537 0.347722
v 0.724030 -0.360547 0.347722
v 0.727057 -0.337557 0.347722
v 0.735930 -0.316134 0.347722
v 0.750046 -0.297738 0.347722
v 0.768443 -0.283622 0.347722
v 0.789866 -0.274748 0.347722
v 0.812856 -0.271721 0.347722
v 0.835846 -0.274748 0.347722
v 0.857269 -0.283622 0.347722
v 0.875665 -0.297738 0.347722
v 0.889781 -0.316134 0.347722
v 0.898655 -0.337557 0.347722
v 0.901682 -0.360547 0.347722
v 0.898655 -0.383537 0.347722
v 0.889781 -0.404960 0.347722
v 0.875665 -0.423356 0.347722
v 0.857269 -0.437473 0.347722
v 0.835846 -0.446346 0.347722
v 0.789866 -0.446346 0.363176
v 0.812856 -0.449373 0.363176
v 0.768443 -0.437473 0.363176
v 0.750046 -0.423356 0.363176
v 0.735930 -0.404960 0.363176
v 0.727057 -0.383537 0.363176
v 0.724030 -0.360547 0.363176
v 0.727057 -0.337557 0.363176
v 0.735930 -0.316134 0.363176
v 0.750046 -0.297738 0.363176
v 0.768443 -0.283622 0.363176
v 0.789866 -0.274748 0.363176
v 0.812856 -0.271721 0.363176
v 0.835846 -0.274748 0.363176
v 0.857269 -0.283622 0.363176
v 0.875665 -0.297738 0.363176
v 0.889781 -0.316134 0.363176
v 0.898655 -0.337557 0.363176
v 0.901682 -0.360547 0.363176
v 0.898655 -0.383537 0.363176
v 0.889781 -0.404960 0.363176
v 0.875665 -0.423356 0.363176
v 0.857269 -0.437473 0.363176
v 0.835846 -0.446346 0.363176
v 0.806952 -0.382582 0.385753
v 0.812856 -0.383359 0.385753
v 0.801450 -0.380303 0.385753
v 0.796725 -0.376677 0.385753
v 0.793100 -0.371953 0.385753
v 0.790821 -0.366451 0.385753
v 0.790044 -0.360547 0.385753
v 0.790821 -0.354643 0.385753
v 0.793100 -0.349141 0.385753
v 0.796725 -0.344417 0.385753
v 0.801450 -0.340792 0.385753
v 0.806952 -0.338513 0.385753
v 0.812856 -0.337735 0.385753
v 0.818760 -0.338513 0.385753
v 0.824262 -0.340792 0.385753
v 0.828986 -0.344417 0.385753
v 0.832611 -0.349141 0.385753
v 0.834890 -0.354643 0.385753
v 0.835667 -0.360547 0.385753
v 0.834890 -0.366451 0.385753
v 0.832611 -0.371953 0.385753
v 0.828986 -0.376677 0.385753
v 0.824262 -0.380303 0.385753
v 0.818760 -0.382582 0.385753
v 0.806952 -0.382582 0.393625
v 0.812856 -0.383359 0.393625
v 0.801450 -0.380303 0.393625
v 0.796725 -0.376677 0.393625
v 0.793100 -0.371953 0.393625
v 0.790821 -0.366451 0.393625
v 0.790044 -0.360547 0.393625
v 0.790821 -0.354643 0.393625
v 0.793100 -0.349141 0.393625
v 0.796725 -0.344417 0.393625
v 0.801450 -0.340792 0.393625
v 0.806952 -0.338513 0.393625
v 0.812856 -0.337735 0.393625
v 0.818760 -0.338513 0.393625
v 0.824262 -0.340792 0.393625
v 0.828986 -0.344417 0.393625
v 0.832611 -0.349141 0.393625
v 0.834890 -0.354643 0.393625
v 0.835667 -0.360547 0.393625
v 0.834890 -0.366451 0.393625
v 0.832611 -0.371953 0.393625
v 0.828986 -0.376677 0.393625
v 0.824262 -0.380303 0.393625
v 0.818760 -0.382582 0.393625
v 0.812856 -0.375524 0.063572
v 0.808980 -0.375014 0.063572
v 0.805367 -0.373518 0.063572
v 0.802265 -0.371138 0.063572
v 0.799885 -0.368036 0.063572
v 0.798389 -0.364423 0.063572
v 0.797879 -0.360547 0.063572
v 0.798389 -0.356671 0.063572
v 0.799885 -0.353058 0.063572
v 0.802265 -0.349957 0.063572
v 0.805367 -0.347576 0.063572
v 0.808980 -0.346080 0.063572
v 0.812856 -0.345570 0.063572
v 0.816732 -0.346080 0.063572
v 0.820344 -0.347576 0.063572
v 0.823446 -0.349957 0.063572
v 0.825826 -0.353058 0.063572
v 0.827323 -0.356671 0.063572
v 0.827833 -0.360547 0.063572
v 0.827323 -0.364423 0.063572
v 0.825826 -0.368036 0.063572
v 0.823447 -0.371138 0.063572
v 0.820344 -0.373518 0.063572
v 0.816732 -0.375014 0.063572
v 0.812856 -0.375524 0.047726
v 0.808979 -0.375014 0.047726
v 0.805367 -0.373518 0.047726
v 0.802265 -0.371138 0.047726
v 0.799885 -0.368036 0.047726
v 0.798389 -0.364423 0.047726
v 0.797879 -0.360547 0.047726
v 0.798389 -0.356671 0.047726
v 0.799885 -0.353058 0.047726
v 0.802265 -0.349957 0.047726
v 0.805367 -0.347576 0.047726
v 0.808979 -0.346080 0.047726
v 0.812856 -0.345570 0.047726
v 0.816732 -0.346080 0.047726
v 0.820344 -0.347576 0.047726
v 0.823446 -0.349957 0.047726
v 0.825826 -0.353058 0.047726
v 0.827323 -0.356671 0.047726
v 0.827833 -0.360547 0.047726
v 0.827323 -0.364423 0.047726
v 0.825826 -0.368036 0.047726
v 0.823446 -0.371138 0.047726
v 0.820344 -0.373518 0.047726
v 0.816732 -0.375014 0.047726
v 0.812856 -0.446808 0.108536
v 0.790530 -0.443869 0.108536
v 0.790530 -0.443869 0.114923
v 0.812856 -0.446808 0.114923
v 0.769725 -0.435252 0.108536
v 0.769725 -0.435252 0.114923
v 0.751860 -0.421543 0.108536
v 0.751860 -0.421543 0.114923
v 0.738151 -0.403678 0.108536
v 0.738151 -0.403678 0.114923
v 0.729534 -0.382873 0.108536
v 0.729534 -0.382873 0.114923
v 0.726594 -0.360547 0.108536
v 0.726594 -0.360547 0.114923
v 0.729534 -0.338221 0.108536
v 0.729534 -0.338221 0.114923
v 0.738151 -0.317416 0.108536
v 0.738151 -0.317416 0.114923
v 0.751860 -0.299551 0.108536
v 0.751860 -0.299551 0.114923
v 0.769725 -0.285842 0.108536
v 0.769725 -0.285842 0.114923
v 0.790530 -0.277225 0.108536
v 0.790530 -0.277225 0.114923
v 0.812856 -0.274286 0.108536
v 0.812856 -0.274286 0.114923
v 0.835182 -0.277225 0.108536
v 0.835182 -0.277225 0.114923
v 0.855987 -0.285842 0.108536
v 0.855987 -0.285842 0.114923
v 0.873852 -0.299551 0.108536
v 0.873852 -0.299551 0.114923
v 0.887561 -0.317416 0.108536
v 0.887561 -0.317416 0.114923
v 0.896178 -0.338221 0.108536
v 0.896178 -0.338221 0.114923
v 0.899117 -0.360547 0.108536
v 0.899117 -0.360547 0.114923
v 0.896178 -0.382873 0.108536
v 0.896178 -0.382873 0.114923
v 0.887561 -0.403678 0.108536
v 0.887561 -0.403678 0.114923
v 0.873852 -0.421543 0.108536
v 0.873852 -0.421543 0.114923
v 0.855987 -0.435252 0.108536
v 0.855987 -0.435252 0.114923
v 0.835182 -0.443869 0.108536
v 0.835182 -0.443869 0.114923
v 0.812856 -0.443845 0.108536
v 0.791297 -0.441007 0.108536
v 0.791297 -0.441007 0.114923
v 0.812856 -0.443845 0.114923
v 0.771207 -0.432685 0.108536
v 0.771207 -0.432685 0.114923
v 0.753955 -0.419447 0.108536
v 0.753955 -0.419447 0.114923
v 0.740718 -0.402196 0.108536
v 0.740718 -0.402196 0.114923
v 0.732396 -0.382106 0.108536
v 0.732396 -0.382106 0.114923
v 0.729558 -0.360547 0.108536
v 0.729558 -0.360547 0.114923
v 0.732396 -0.338988 0.108536
v 0.732396 -0.338988 0.114923
v 0.740718 -0.318898 0.108536
v 0.740718 -0.318898 0.114923
v 0.753955 -0.301647 0.108536
v 0.753955 -0.301647 0.114923
v 0.771207 -0.288409 0.108536
v 0.771207 -0.288409 0.114923
v 0.791297 -0.280088 0.108536
v 0.791297 -0.280088 0.114923
v 0.812856 -0.277249 0.108536
v 0.812856 -0.277249 0.114923
v 0.834415 -0.280088 0.108536
v 0.834415 -0.280088 0.114923
v 0.854505 -0.288409 0.108536
v 0.854505 -0.288409 0.114923
v 0.871756 -0.301647 0.108536
v 0.871756 -0.301647 0.114923
v 0.884994 -0.318898 0.108536
v 0.884994 -0.318898 0.114923
v 0.893315 -0.338988 0.108536
v 0.893315 -0.338988 0.114923
v 0.896154 -0.360547 0.108536
v 0.896154 -0.360547 0.114923
v 0.893315 -0.382106 0.108536
v 0.893315 -0.382106 0.114923
v 0.884994 -0.402196 0.108536
v 0.884994 -0.402196 0.114923
v 0.871756 -0.419447 0.108536
v 0.871756 -0.419447 0.114923
v 0.854505 -0.432685 0.108536
v 0.854505 -0.432685 0.114923
v 0.834415 -0.441006 0.108536
v 0.834415 -0.441006 0.114923
v 0.812856 -0.446808 0.021746
v 0.790530 -0.443869 0.021746
v 0.790530 -0.443869 0.028133
v 0.812856 -0.446808 0.028133
v 0.769725 -0.435252 0.021746
v 0.769725 -0.435252 0.028133
v 0.751860 -0.421543 0.021746
v 0.751860 -0.421543 0.028133
v 0.738151 -0.403678 0.021746
v 0.738151 -0.403678 0.028133
v 0.729534 -0.382873 0.021746
v 0.729534 -0.382873 0.028133
v 0.726594 -0.360547 0.021746
v 0.726594 -0.360547 0.028133
v 0.729534 -0.338221 0.021746
v 0.729534 -0.338221 0.028133
v 0.738151 -0.317416 0.021746
v 0.738151 -0.317416 0.028133
v 0.751860 -0.299551 0.021746
v 0.751860 -0.299551 0.028133
v 0.769725 -0.285842 0.021746
v 0.769725 -0.285842 0.028133
v 0.790530 -0.277225 0.021746
v 0.790530 -0.277225 0.028133
v 0.812856 -0.274286 0.021746
v 0.812856 -0.274286 0.028133
v 0.835182 -0.277225 0.021746
v 0.835182 -0.277225 0.028133
v 0.855987 -0.285842 0.021746
v 0.855987 -0.285842 0.028133
v 0.873852 -0.299551 0.021746
v 0.873852 -0.299551 0.028133
v 0.887561 -0.317416 0.021746
v 0.887561 -0.317416 0.028133
v 0.896178 -0.338221 0.021746
v 0.896178 -0.338221 0.028133
v 0.899117 -0.360547 0.021746
v 0.899117 -0.360547 0.028133
v 0.896178 -0.382873 0.021746
v 0.896178 -0.382873 0.028133
v 0.887561 -0.403678 0.021746
v 0.887561 -0.403678 0.028133
v 0.873852 -0.421543 0.021746
v 0.873852 -0.421543 0.028133
v 0.855987 -0.435252 0.021746
v 0.855987 -0.435252 0.028133
v 0.835182 -0.443869 0.021746
v 0.835182 -0.443869 0.028133
v 0.812856 -0.443845 0.021746
v 0.791297 -0.441007 0.021746
v 0.791297 -0.441007 0.028133
v 0.812856 -0.443845 0.028133
v 0.771207 -0.432685 0.021746
v 0.771207 -0.432685 0.028133
v 0.753955 -0.419447 0.021746
v 0.753955 -0.419447 0.028133
v 0.740718 -0.402196 0.021746
v 0.740718 -0.402196 0.028133
v 0.732396 -0.382106 0.021746
v 0.732396 -0.382106 0.028133
v 0.729558 -0.360547 0.021746
v 0.729558 -0.360547 0.028133
v 0.732396 -0.338988 0.021746
v 0.732396 -0.338988 0.028133
v 0.740718 -0.318898 0.021746
v 0.740718 -0.318898 0.028133
v 0.753955 -0.301647 0.021746
v 0.753955 -0.301647 0.028133
v 0.771207 -0.288409 0.021746
v 0.771207 -0.288409 0.028133
v 0.791297 -0.280088 0.021746
v 0.791297 -0.280088 0.028133
v 0.812856 -0.277249 0.021746
v 0.812856 -0.277249 0.028133
v 0.834415 -0.280088 0.021746
v 0.834415 -0.280088 0.028133
v 0.854505 -0.288409 0.021746
v 0.854505 -0.288409 0.028133
v 0.871756 -0.301647 0.021746
v 0.871756 -0.301647 0.028133
v 0.884994 -0.318898 0.021746
v 0.884994 -0.318898 0.028133
v 0.893315 -0.338988 0.021746
v 0.893315 -0.338988 0.028133
v 0.896154 -0.360547 0.021746
v 0.896154 -0.360547 0.028133
v 0.893315 -0.382106 0.021746
v 0.893315 -0.382106 0.028133
v 0.884994 -0.402196 0.021746
v 0.884994 -0.402196 0.028133
v 0.871756 -0.419447 0.021746
v 0.871756 -0.419447 0.028133
v 0.854505 -0.432685 0.021746
v 0.854505 -0.432685 0.028133
v 0.834415 -0.441006 0.021746
v 0.834415 -0.441006 0.028133
v 0.812856 -0.448950 0.376026
v 0.789976 -0.445937 0.376026
v 0.789976 -0.445937 0.378340
v 0.812856 -0.448950 0.378340
v 0.768654 -0.437106 0.376026
v 0.768654 -0.437106 0.378340
v 0.750346 -0.423057 0.376026
v 0.750346 -0.423057 0.378340
v 0.736297 -0.404748 0.376026
v 0.736297 -0.404748 0.378340
v 0.727465 -0.383427 0.376026
v 0.727465 -0.383427 0.378340
v 0.724453 -0.360547 0.376026
v 0.724453 -0.360547 0.378340
v 0.727465 -0.337667 0.376026
v 0.727465 -0.337667 0.378340
v 0.736297 -0.316346 0.376026
v 0.736297 -0.316346 0.378340
v 0.750346 -0.298037 0.376026
v 0.750346 -0.298037 0.378340
v 0.768654 -0.283988 0.376026
v 0.768654 -0.283988 0.378340
v 0.789976 -0.275157 0.376026
v 0.789976 -0.275157 0.376026
v 0.789976 -0.275157 0.378340
v 0.789976 -0.275157 0.378340
v 0.835736 -0.275157 0.378340
v 0.835736 -0.275157 0.378340
v 0.835736 -0.275157 0.376026
v 0.835736 -0.275157 0.376026
v 0.857057 -0.283988 0.376026
v 0.857057 -0.283988 0.378340
v 0.875366 -0.298037 0.376026
v 0.875366 -0.298037 0.378340
v 0.889415 -0.316346 0.376026
v 0.889415 -0.316346 0.378340
v 0.898246 -0.337667 0.376026
v 0.898246 -0.337667 0.378340
v 0.901258 -0.360547 0.376026
v 0.901258 -0.360547 0.378340
v 0.898246 -0.383427 0.376026
v 0.898246 -0.383427 0.378340
v 0.889415 -0.404748 0.376026
v 0.889415 -0.404748 0.378340
v 0.875366 -0.423057 0.376026
v 0.875366 -0.423057 0.378340
v 0.857057 -0.437106 0.376026
v 0.857057 -0.437106 0.378340
v 0.835736 -0.445937 0.376026
v 0.835736 -0.445937 0.378340
v 0.812856 -0.445912 0.376026
v 0.790762 -0.443004 0.376026
v 0.790762 -0.443004 0.378340
v 0.812856 -0.445912 0.378340
v 0.770173 -0.434475 0.376026
v 0.770173 -0.434475 0.378340
v 0.752493 -0.420909 0.376026
v 0.752493 -0.420909 0.378340
v 0.738927 -0.403230 0.376026
v 0.738927 -0.403230 0.378340
v 0.730399 -0.382641 0.376026
v 0.730399 -0.382641 0.378340
v 0.727490 -0.360547 0.376026
v 0.727490 -0.360547 0.378340
v 0.730399 -0.338453 0.376026
v 0.730399 -0.338453 0.378340
v 0.738927 -0.317864 0.376026
v 0.738927 -0.317864 0.378340
v 0.752493 -0.300185 0.376026
v 0.752493 -0.300185 0.378340
v 0.770173 -0.286618 0.376026
v 0.770173 -0.286618 0.378340
v 0.790762 -0.278090 0.376026
v 0.790762 -0.278090 0.376026
v 0.790762 -0.278090 0.378340
v 0.790762 -0.278090 0.378340
v 0.834950 -0.278090 0.378340
v 0.834950 -0.278090 0.378340
v 0.834950 -0.278090 0.376026
v 0.834950 -0.278090 0.376026
v 0.855539 -0.286618 0.376026
v 0.855539 -0.286618 0.378340
v 0.873218 -0.300185 0.376026
v 0.873218 -0.300185 0.378340
v 0.886784 -0.317864 0.376026
v 0.886784 -0.317864 0.378340
v 0.895312 -0.338453 0.376026
v 0.895312 -0.338453 0.378340
v 0.898221 -0.360547 0.376026
v 0.898221 -0.360547 0.378340
v 0.895312 -0.382641 0.376026
v 0.895312 -0.382641 0.378340
v 0.886784 -0.403230 0.376026
v 0.886784 -0.403230 0.378340
v 0.873218 -0.420909 0.376026
v 0.873218 -0.420909 0.378340
v 0.855539 -0.434475 0.376026
v 0.855539 -0.434475 0.378340
v 0.834950 -0.443003 0.376026
v 0.834950 -0.443003 0.378340
v 0.812856 -0.448950 0.391770
v 0.789976 -0.445937 0.391770
v 0.789976 -0.445937 0.394084
v 0.812856 -0.448950 0.394084
v 0.768654 -0.437106 0.391770
v 0.768654 -0.437106 0.394084
v 0.750346 -0.423057 0.391770
v 0.750346 -0.423057 0.394084
v 0.736297 -0.404748 0.391770
v 0.736297 -0.404748 0.394084
v 0.727465 -0.383427 0.391770
v 0.727465 -0.383427 0.394084
v 0.724453 -0.360547 0.391770
v 0.724453 -0.360547 0.394084
v 0.727465 -0.337667 0.391770
v 0.727465 -0.337667 0.394084
v 0.736297 -0.316346 0.391770
v 0.736297 -0.316346 0.394084
v 0.750346 -0.298037 0.391770
v 0.750346 -0.298037 0.394084
v 0.768654 -0.283988 0.391770
v 0.768654 -0.283988 0.394084
v 0.789976 -0.275157 0.391770
v 0.789976 -0.275157 0.391770
v 0.789976 -0.275157 0.394084
v 0.789976 -0.275157 0.394084
v 0.835736 -0.275157 0.394084
v 0.835736 -0.275157 0.394084
v 0.835736 -0.275157 0.391770
v 0.835736 -0.275157 0.391770
v 0.857057 -0.283988 0.391770
v 0.857057 -0.283988 0.394084
v 0.875366 -0.298037 0.391770
v 0.875366 -0.298037 0.394084
v 0.889415 -0.316346 0.391770
v 0.889415 -0.316346 0.394084
v 0.898246 -0.337667 0.391770
v 0.898246 -0.337667 0.394084
v 0.901258 -0.360547 0.391770
v 0.901258 -0.360547 0.394084
v 0.898246 -0.383427 0.391770
v 0.898246 -0.383427 0.394084
v 0.889415 -0.404748 0.391770
v 0.889415 -0.404748 0.394084
v 0.875366 -0.423057 0.391770
v 0.875366 -0.423057 0.394084
v 0.857057 -0.437106 0.391770
v 0.857057 -0.437106 0.394084
v 0.835736 -0.445937 0.391770
v 0.835736 -0.445937 0.394084
v 0.812856 -0.445912 0.391770
v 0.790762 -0.443004 0.391770
v 0.790762 -0.443004 0.394084
v 0.812856 -0.445912 0.394084
v 0.770173 -0.434475 0.391770
v 0.770173 -0.434475 0.394084
v 0.752493 -0.420909 0.391770
v 0.752493 -0.420909 0.394084
v 0.738927 -0.403230 0.391770
v 0.738927 -0.403230 0.394084
v 0.730399 -0.382641 0.391770
v 0.730399 -0.382641 0.394084
v 0.727490 -0.360547 0.391770
v 0.727490 -0.360547 0.394084
v 0.730399 -0.338453 0.391770
v 0.730399 -0.338453 0.394084
v 0.738927 -0.317864 0.391770
v 0.738927 -0.317864 0.394084
v 0.752493 -0.300185 0.391770
v 0.752493 -0.300185 0.394084
v 0.770173 -0.286618 0.391770
v 0.770173 -0.286618 0.394084
v 0.790762 -0.278090 0.391770
v 0.790762 -0.278090 0.391770
v 0.790762 -0.278090 0.394084
v 0.790762 -0.278090 0.394084
v 0.834950 -0.278090 0.394084
v 0.834950 -0.278090 0.394084
v 0.834950 -0.278090 0.391770
v 0.834950 -0.278090 0.391770
v 0.855539 -0.286618 0.391770
v 0.855539 -0.286618 0.394084
v 0.873218 -0.300185 0.391770
v 0.873218 -0.300185 0.394084
v 0.886784 -0.317864 0.391770
v 0.886784 -0.317864 0.394084
v 0.895312 -0.338453 0.391770
v 0.895312 -0.338453 0.394084
v 0.898221 -0.360547 0.391770
v 0.898221 -0.360547 0.394084
v 0.895312 -0.382641 0.391770
v 0.895312 -0.382641 0.394084
v 0.886784 -0.403230 0.391770
v 0.886784 -0.403230 0.394084
v 0.873218 -0.420909 0.391770
v 0.873218 -0.420909 0.394084
v 0.855539 -0.434475 0.391770
v 0.855539 -0.434475 0.394084
v 0.834950 -0.443003 0.391770
v 0.834950 -0.443003 0.394084
vn -0.0000 -1.0000 0.0007
vn -0.0000 -0.9958 -0.0919
vn -0.3826 -0.9200 -0.0845
vn -0.3821 -0.9241 0.0007
vn -0.7076 -0.7037 -0.0637
vn -0.7062 -0.7080 0.0007
vn -0.9247 -0.3792 -0.0330
vn -0.9230 -0.3849 0.0007
vn -1.0000 0.0038 0.0020
vn -1.0000 -0.0035 0.0007
vn -0.9219 0.3858 0.0355
vn -0.9254 0.3791 0.0007
vn -0.7038 0.7077 0.0626
vn -0.7095 0.7047 0.0007
vn -0.3801 0.9215 0.0800
vn -0.3845 0.9231 0.0007
vn -0.0000 0.9963 0.0859
vn -0.0000 1.0000 0.0007
vn 0.3801 0.9215 0.0800
vn 0.3846 0.9231 0.0007
vn 0.7037 0.7077 0.0626
vn 0.7095 0.7047 0.0007
vn 0.9219 0.3859 0.0355
vn 0.9253 0.3792 0.0007
vn 1.0000 0.0038 0.0020
vn 1.0000 -0.0035 0.0007
vn 0.9247 -0.3793 -0.0330
vn 0.9229 -0.3851 0.0007
vn 0.7076 -0.7037 -0.0637
vn 0.7062 -0.7080 0.0007
vn -1.0000 0.0083 0.0027
vn -0.9205 0.3667 0.1350
vn 0.3826 -0.9200 -0.0845
vn 0.3822 -0.9241 0.0007
vn -0.0000 -0.0000 -1.0000
vn -0.9266 -0.3525 -0.1310
vn -0.7105 -0.6596 -0.2451
vn -0.7103 -0.5344 -0.4582
vn -0.9262 -0.2862 -0.2454
vn 0.3790 0.8683 0.3199
vn 0.7020 0.6682 0.2462
vn 0.7105 -0.6596 -0.2451
vn 0.3848 -0.8651 -0.3218
vn -0.3791 0.8683 0.3200
vn -0.0000 0.9383 0.3457
vn 1.0000 0.0082 0.0027
vn 0.9266 -0.3526 -0.1310
vn -0.0000 -0.9372 -0.3489
vn -0.3848 -0.8651 -0.3219
vn -0.7021 0.6682 0.2462
vn 0.9205 0.3667 0.1350
vn -0.0000 0.7592 0.6508
vn -0.3800 0.7022 0.6020
vn -0.3800 0.4497 0.8083
vn -0.0000 0.4862 0.8738
vn 0.7032 0.5398 0.4627
vn 0.9213 0.2953 0.2532
vn -1.0000 0.0053 0.0046
vn 1.0000 0.0053 0.0045
vn -0.9213 0.2953 0.2531
vn 0.9262 -0.2862 -0.2454
vn -0.7033 0.5397 0.4627
vn 0.7103 -0.5344 -0.4581
vn 0.3849 -0.7007 -0.6007
vn -0.0000 -0.7592 -0.6508
vn -0.3848 -0.7007 -0.6008
vn 0.3800 0.7023 0.6020
vn 0.9262 -0.1833 -0.3294
vn 1.0000 0.0034 0.0061
vn 1.0000 0.0010 0.0070
vn 0.9262 -0.0576 -0.3725
vn -0.0001 -0.4862 -0.8738
vn -0.3849 -0.4487 -0.8065
vn 0.3848 -0.4488 -0.8066
vn 0.3800 0.4498 0.8083
vn -0.7103 -0.3422 -0.6151
vn 0.7033 0.3456 0.6212
vn -0.9262 -0.1833 -0.3295
vn 0.9213 0.1891 0.3399
vn -1.0000 0.0034 0.0061
vn -0.9212 0.1891 0.3399
vn -0.7033 0.3457 0.6212
vn 0.7102 -0.3422 -0.6152
vn -0.9262 -0.0576 -0.3726
vn -0.7103 -0.1075 -0.6957
vn -0.7102 0.1406 -0.6898
vn -0.9262 0.0753 -0.3694
vn -0.9213 0.0594 0.3844
vn -0.7033 0.1086 0.7026
vn 0.7102 -0.1076 -0.6957
vn -0.3800 0.1413 0.9141
vn 0.3847 -0.1411 -0.9122
vn -0.0000 0.1528 0.9883
vn -0.0000 -0.1527 -0.9883
vn -0.3849 -0.1410 -0.9121
vn 0.3799 0.1413 0.9142
vn 0.7033 0.1086 0.7025
vn 0.9213 0.0594 0.3844
vn -1.0000 0.0011 0.0069
vn -0.0000 -0.1997 0.9799
vn -0.3800 -0.1846 0.9064
vn -0.3799 -0.4877 0.7860
vn -0.0000 -0.5272 0.8497
vn 0.7033 -0.1419 0.6966
vn 0.9213 -0.0777 0.3811
vn -1.0000 -0.0014 0.0069
vn 1.0000 -0.0014 0.0069
vn -0.9213 -0.0776 0.3811
vn 0.9263 0.0752 -0.3693
vn -0.7033 -0.1419 0.6966
vn 0.7103 0.1405 -0.6898
vn 0.3847 0.1843 -0.9044
vn -0.0000 0.1996 -0.9799
vn -0.3849 0.1843 -0.9044
vn 0.3800 -0.1846 0.9064
vn 0.9262 0.1987 -0.3203
vn 1.0000 -0.0037 0.0059
vn 1.0000 -0.0053 0.0042
vn 0.9260 0.2977 -0.2320
vn -0.0000 0.5273 -0.8497
vn -0.3848 0.4866 -0.7843
vn 0.3848 0.4867 -0.7843
vn 0.3799 -0.4877 0.7860
vn -0.7102 0.3712 -0.5982
vn 0.7033 -0.3748 0.6041
vn -0.9262 0.1988 -0.3203
vn 0.9213 -0.2051 0.3305
vn -1.0000 -0.0037 0.0060
vn -0.9213 -0.2050 0.3304
vn -0.7034 -0.3748 0.6040
vn 0.7103 0.3711 -0.5982
vn 0.9212 -0.3072 0.2386
vn 0.7032 -0.5618 0.4358
vn 0.6900 -0.6416 0.3350
vn 0.9134 -0.3607 0.1888
vn -0.9212 -0.3072 0.2385
vn -0.7033 -0.5617 0.4357
vn 0.7098 0.5552 -0.4334
vn -0.3798 -0.7311 0.5667
vn 0.3844 0.7273 -0.5686
vn -0.0000 -0.7904 0.6126
vn -0.0000 0.7877 -0.6161
vn -0.3843 0.7273 -0.5686
vn 0.3799 -0.7311 0.5667
vn -0.7098 0.5552 -0.4335
vn -0.9260 0.2977 -0.2320
vn -1.0000 -0.0055 0.0043
vn -0.9295 0.3261 -0.1721
vn -0.9997 -0.0202 0.0106
vn 0.9997 -0.0200 0.0105
vn -0.9134 -0.3607 0.1888
vn 0.9295 0.3262 -0.1722
vn -0.6901 -0.6415 0.3350
vn 0.7124 0.6200 -0.3286
vn -0.3697 -0.8239 0.4295
vn 0.3851 0.8148 -0.4333
vn -0.0000 -0.8869 0.4620
vn -0.0000 0.8827 -0.4699
vn -0.3850 0.8149 -0.4333
vn 0.3697 -0.8240 0.4295
vn -0.7125 0.6200 -0.3287
vn 0.7076 -0.7038 -0.0637
vn 0.9230 -0.3848 0.0007
vn 0.9247 -0.3792 -0.0330
vn 1.0000 0.0038 0.0019
vn 0.9254 0.3791 0.0007
vn 0.9219 0.3858 0.0355
vn 0.7038 0.7077 0.0626
vn -0.3800 0.9215 0.0800
vn -0.9254 0.3790 0.0007
vn -0.9219 0.3857 0.0355
vn -1.0000 -0.0034 0.0007
vn -1.0000 0.0039 0.0020
vn -0.9230 -0.3848 0.0007
vn -0.7061 -0.7081 0.0007
vn -0.7075 -0.7038 -0.0637
vn 1.0000 0.0082 0.0026
vn 0.9266 -0.3525 -0.1310
vn 0.9262 -0.2861 -0.2454
vn -0.7020 0.6682 0.2462
vn -0.3790 0.8683 0.3200
vn -0.3849 -0.8650 -0.3219
vn -0.0000 0.9383 0.3458
vn 0.3791 0.8683 0.3200
vn -0.9266 -0.3526 -0.1310
vn 0.3848 -0.8651 -0.3219
vn -0.0000 -0.9372 -0.3488
vn 0.7021 0.6682 0.2462
vn -0.0000 0.7592 0.6509
vn -0.0000 0.4862 0.8739
vn 0.3800 0.4497 0.8083
vn 0.3800 0.7022 0.6020
vn -0.9213 0.2953 0.2532
vn -0.7032 0.5398 0.4627
vn 1.0000 0.0054 0.0046
vn -1.0000 0.0053 0.0045
vn 0.9213 0.2953 0.2531
vn 0.7034 0.5397 0.4627
vn -0.7103 -0.5344 -0.4581
vn -0.3849 -0.7007 -0.6007
vn -0.3800 0.7022 0.6021
vn -0.9262 -0.1833 -0.3294
vn -0.9262 -0.0576 -0.3725
vn -1.0000 0.0011 0.0070
vn 0.3849 -0.4487 -0.8065
vn -0.0000 -0.4862 -0.8738
vn 0.7102 -0.3423 -0.6152
vn -0.7033 0.3456 0.6212
vn 0.9262 -0.1833 -0.3295
vn -0.9213 0.1891 0.3399
vn 1.0000 0.0035 0.0061
vn 0.9262 -0.0576 -0.3726
vn 0.9262 0.0753 -0.3694
vn 0.7102 0.1406 -0.6898
vn 0.7102 -0.1075 -0.6957
vn 0.7033 0.1086 0.7026
vn -0.7102 -0.1075 -0.6957
vn -0.3848 -0.1410 -0.9122
vn 0.3849 -0.1410 -0.9121
vn -0.3799 0.1413 0.9142
vn -0.7033 0.1086 0.7025
vn 1.0000 0.0011 0.0069
vn 0.3800 -0.4877 0.7860
vn -0.9213 -0.0777 0.3811
vn -0.7034 -0.1419 0.6965
vn 1.0000 -0.0014 0.0068
vn -1.0000 -0.0014 0.0070
vn 0.9213 -0.0776 0.3811
vn -0.9262 0.0752 -0.3694
vn -0.7102 0.1405 -0.6898
vn -0.3848 0.1842 -0.9044
vn 0.3849 0.1843 -0.9044
vn -0.9262 0.1987 -0.3203
vn -0.9260 0.2977 -0.2319
vn -1.0000 -0.0054 0.0042
vn -1.0000 -0.0037 0.0059
vn 0.3848 0.4867 -0.7842
vn -0.0000 0.5272 -0.8497
vn -0.3800 -0.4877 0.7860
vn 0.7102 0.3712 -0.5982
vn 0.9262 0.1988 -0.3203
vn -0.9213 -0.2051 0.3305
vn 1.0000 -0.0037 0.0060
vn 0.9213 -0.2050 0.3305
vn 0.7033 -0.3748 0.6040
vn -0.7103 0.3711 -0.5982
vn -0.9212 -0.3073 0.2386
vn -0.9133 -0.3608 0.1888
vn -0.6900 -0.6416 0.3350
vn -0.7032 -0.5618 0.4357
vn 0.7033 -0.5617 0.4357
vn -0.7098 0.5552 -0.4334
vn -0.3844 0.7273 -0.5686
vn 0.3843 0.7273 -0.5686
vn -0.3799 -0.7311 0.5667
vn 0.7098 0.5553 -0.4335
vn 0.9260 0.2978 -0.2319
vn 1.0000 -0.0054 0.0043
vn 0.9997 -0.0201 0.0106
vn 0.9295 0.3261 -0.1722
vn -0.9997 -0.0201 0.0105
vn 0.9133 -0.3608 0.1889
vn -0.9295 0.3262 -0.1721
vn 0.6901 -0.6416 0.3350
vn -0.7124 0.6201 -0.3286
vn 0.3697 -0.8239 0.4295
vn -0.3851 0.8148 -0.4333
vn -0.0001 -0.8869 0.4620
vn -0.0001 0.8827 -0.4699
vn 0.7124 0.6200 -0.3287
vn -0.0000 1.0000 -0.0000
vn 1.0000 -0.0000 -0.0000
vn -0.0000 -1.0000 -0.0000
vn -1.0000 -0.0000 -0.0000
vn -0.8223 -0.0000 -0.5690
vn -0.0000 -0.8224 -0.5690
vn 0.8223 -0.0000 -0.5690
vn -0.0000 -0.0000 1.0000
vn -0.0000 0.8223 -0.5690
vn -0.0000 0.8224 -0.5690
vn -0.0000 -0.8223 -0.5690
vn -0.8224 -0.0000 -0.5690
vn -0.0000 0.5451 0.8384
vn -0.0000 -0.5470 -0.8371
vn -0.0000 0.2307 0.9730
vn -0.0000 -0.0633 -0.9980
vn -0.0000 -0.0056 1.0000
vn -0.0000 0.0056 -1.0000
vn -0.0000 -0.9987 0.0513
vn -0.0000 0.9987 -0.0512
vn -0.0013 0.0029 -1.0000
vn -0.0003 0.0055 -1.0000
vn 0.0003 -0.0055 1.0000
vn 0.0013 -0.0029 1.0000
vn 0.0013 -0.0000 1.0000
vn 0.0024 0.0001 1.0000
vn -0.0013 -0.0000 -1.0000
vn -0.0024 -0.0001 -1.0000
vn -0.0000 -0.9987 0.0512
vn 1.0000 -0.0000 0.0007
vn -1.0000 -0.0000 0.0007
vn 0.0121 -0.0000 0.9999
vn -0.0103 -0.0000 0.9999
vn -0.0102 -0.0000 -0.9999
vn 0.0120 -0.0000 -0.9999
vn -0.0000 -1.0000 -0.0032
vn -0.0101 -0.0000 -0.9999
vn -0.0000 -1.0000 -0.0033
vn -0.0000 1.0000 0.0032
vn -0.0000 1.0000 0.0033
vn 0.0068 0.3763 0.9265
vn 0.0059 -0.8458 0.5334
vn -0.0067 0.3826 -0.9239
vn -0.0069 0.5171 -0.8559
vn -0.0069 0.5163 -0.8564
vn 0.0068 -0.3774 0.9260
vn -0.0065 0.7500 -0.6614
vn -0.0065 0.7509 -0.6604
vn -0.0060 0.8438 -0.5367
vn 0.0043 0.6165 0.7874
vn -0.0066 -0.7488 -0.6628
vn -0.0066 -0.7479 -0.6638
vn -0.0060 -0.8421 -0.5393
vn -0.0067 -0.3815 -0.9243
vn -0.0069 -0.5143 -0.8576
vn -0.0069 -0.5151 -0.8571
vn 0.0059 0.8439 0.5365
vn -0.0021 -0.6151 -0.7884
vn -0.0021 0.6141 -0.7892
vn 0.0043 -0.6155 0.7881
vn 0.3722 -0.0000 -0.9282
vn 0.2027 -0.0000 -0.9792
vn -0.9643 -0.0000 -0.2647
vn -0.9843 -0.0000 -0.1766
vn 0.9843 -0.0000 -0.1766
vn 0.9643 -0.0000 -0.2647
vn 0.8914 -0.0000 -0.4533
vn 0.8301 -0.0000 -0.5575
vn 0.9962 -0.0000 -0.0869
vn 0.6507 -0.0000 -0.7593
vn -0.3722 -0.0000 -0.9282
vn -0.6507 -0.0000 -0.7593
vn -0.8301 -0.0000 -0.5575
vn -0.9962 -0.0000 -0.0869
vn -0.8914 -0.0000 -0.4533
vn -0.2027 -0.0000 -0.9792
vn -0.9843 -0.0000 -0.1765
vn 0.9843 -0.0000 -0.1765
vn -0.8301 -0.0000 -0.5576
vn 0.8301 -0.0000 -0.5576
vn 0.7071 0.7071 -0.0000
vn 0.7071 -0.7071 -0.0000
vn -0.7071 -0.7071 -0.0000
vn -0.7071 0.7071 -0.0000
vn -0.3747 0.7407 0.5576
vn 0.9099 0.4142 0.0249
vn 0.3748 -0.7410 -0.5571
vn -0.9099 -0.4140 -0.0253
vn 0.0577 0.5304 -0.8458
vn 0.0577 -0.4087 0.9108
vn 0.3279 -0.7615 0.5592
vn 0.9243 0.3816 -0.0039
vn -0.3274 0.7601 -0.5613
vn -0.9243 -0.3816 0.0040
vn -0.0525 0.6514 0.7569
vn 0.4329 -0.6914 -0.5784
vn 0.2587 0.7887 0.5576
vn 0.9362 -0.3505 0.0249
vn -0.2590 -0.7890 -0.5571
vn -0.9362 0.3507 -0.0252
vn 0.4158 0.3342 -0.8458
vn -0.2482 -0.3298 0.9108
vn -0.3067 -0.7702 0.5592
vn 0.9234 -0.3837 -0.0039
vn 0.3060 0.7690 -0.5612
vn -0.9234 0.3838 0.0040
vn 0.4235 0.4977 0.7569
vn -0.1829 -0.7949 -0.5785
vn 0.7407 0.3748 0.5576
vn 0.4141 -0.9099 0.0249
vn -0.7410 -0.3748 -0.5571
vn -0.4140 0.9099 -0.0252
vn 0.5303 -0.0576 -0.8458
vn -0.4087 -0.0577 0.9108
vn -0.7615 -0.3279 0.5592
vn 0.3816 -0.9243 -0.0039
vn 0.7601 0.3274 -0.5613
vn -0.3816 0.9243 0.0040
vn 0.6514 0.0525 0.7569
vn -0.6914 -0.4329 -0.5784
vn 0.7887 -0.2588 0.5576
vn -0.3505 -0.9362 0.0249
vn -0.7890 0.2590 -0.5571
vn 0.3507 0.9362 -0.0252
vn 0.3342 -0.4158 -0.8458
vn -0.3298 0.2482 0.9108
vn -0.7703 0.3066 0.5592
vn -0.3837 -0.9234 -0.0039
vn 0.7690 -0.3059 -0.5613
vn 0.3838 0.9234 0.0040
vn 0.4978 -0.4234 0.7569
vn -0.7950 0.1828 -0.5784
vn 0.3748 -0.7406 0.5576
vn -0.9099 -0.4142 0.0249
vn -0.3748 0.7410 -0.5571
vn 0.9099 0.4140 -0.0253
vn -0.0576 -0.5304 -0.8458
vn -0.0577 0.4087 0.9108
vn -0.3278 0.7615 0.5591
vn -0.9243 -0.3816 -0.0039
vn 0.3275 -0.7601 -0.5612
vn 0.9243 0.3815 0.0040
vn 0.0526 -0.6514 0.7569
vn -0.4329 0.6914 -0.5784
vn -0.2586 -0.7888 0.5576
vn -0.9362 0.3505 0.0249
vn 0.2590 0.7890 -0.5572
vn 0.9362 -0.3506 -0.0253
vn -0.4158 -0.3342 -0.8458
vn 0.2482 0.3298 0.9108
vn 0.3067 0.7703 0.5592
vn -0.9234 0.3838 -0.0039
vn -0.3059 -0.7690 -0.5612
vn 0.9234 -0.3838 0.0040
vn -0.4234 -0.4978 0.7569
vn 0.1828 0.7950 -0.5784
vn -0.7407 -0.3748 0.5576
vn -0.4142 0.9099 0.0249
vn 0.7410 0.3749 -0.5571
vn 0.4140 -0.9099 -0.0252
vn -0.5303 0.0577 -0.8458
vn 0.4087 0.0577 0.9108
vn 0.7615 0.3278 0.5592
vn -0.3816 0.9243 -0.0039
vn -0.7601 -0.3275 -0.5613
vn 0.3816 -0.9243 0.0040
vn -0.6514 -0.0526 0.7569
vn 0.6914 0.4329 -0.5784
vn -0.7887 0.2587 0.5576
vn 0.3505 0.9362 0.0249
vn 0.7890 -0.2590 -0.5571
vn -0.3507 -0.9362 -0.0253
vn -0.3342 0.4158 -0.8458
vn 0.3298 -0.2482 0.9108
vn 0.7703 -0.3066 0.5592
vn 0.3837 0.9234 -0.0039
vn -0.7690 0.3060 -0.5613
vn -0.3838 -0.9234 0.0040
vn -0.4977 0.4234 0.7569
vn 0.7950 -0.1828 -0.5784
vn -0.2653 0.9641 -0.0054
vn 0.9642 0.2652 -0.0055
vn 0.2653 -0.9642 -0.0054
vn -0.9641 -0.2653 -0.0054
vn 0.2523 0.9676 -0.0054
vn 0.9676 -0.2523 -0.0054
vn -0.2524 -0.9676 -0.0054
vn -0.9676 0.2523 -0.0054
vn 0.4941 0.8694 -0.0054
vn 0.8693 -0.4942 -0.0054
vn -0.4942 -0.8693 -0.0054
vn -0.8694 0.4942 -0.0054
vn 0.7023 0.7118 -0.0055
vn 0.7118 -0.7023 -0.0054
vn -0.7023 -0.7118 -0.0054
vn -0.7118 0.7023 -0.0054
vn 0.8626 0.5058 -0.0054
vn 0.5058 -0.8626 -0.0054
vn -0.8626 -0.5058 -0.0054
vn -0.5058 0.8626 -0.0054
vn 0.9641 0.2653 -0.0054
vn 0.2654 -0.9641 -0.0054
vn -0.9642 -0.2653 -0.0054
vn 1.0000 0.0067 -0.0054
vn 0.0067 -1.0000 -0.0054
vn -1.0000 -0.0067 -0.0054
vn -0.0067 1.0000 -0.0054
vn -0.2522 -0.9677 -0.0054
vn -0.9676 0.2524 -0.0054
vn 0.2522 0.9676 -0.0054
vn 0.8693 -0.4942 -0.0055
vn -0.4941 -0.8694 -0.0054
vn -0.8693 0.4942 -0.0054
vn 0.4942 0.8694 -0.0054
vn -0.7119 0.7023 -0.0054
vn 0.7023 0.7118 -0.0054
vn -0.8626 -0.5058 -0.0055
vn -0.5058 0.8627 -0.0054
vn 0.9642 0.2653 -0.0054
vn 0.0068 -1.0000 -0.0054
vn -0.2523 -0.9676 -0.0054
vn -0.9676 0.2522 -0.0054
vn 0.2524 0.9676 -0.0054
vn 0.4942 0.8693 -0.0055
vn 0.8694 -0.4942 -0.0054
vn -0.7024 -0.7118 -0.0054
vn -0.7118 0.7024 -0.0054
vn 0.5058 -0.8627 -0.0054
vn -0.9641 -0.2654 -0.0054
vn -0.2652 0.9642 -0.0054
vn 0.2653 -0.9641 -0.0054
vn 0.4942 0.8693 -0.0054
vn 0.7118 -0.7024 -0.0054
vn -0.7023 -0.7119 -0.0054
vn 0.5058 -0.8627 -0.0055
vn 0.7406 0.3748 0.5576
vn 0.7601 0.3275 -0.5613
vn 0.6514 0.0526 0.7569
vn -0.6913 -0.4330 -0.5784
vn 0.7888 -0.2586 0.5576
vn 0.4977 -0.4235 0.7569
vn -0.3749 0.7410 -0.5571
vn -0.0577 -0.5304 -0.8458
vn -0.3278 0.7615 0.5592
vn 0.3274 -0.7601 -0.5613
vn 0.9243 0.3816 0.0040
vn 0.0525 -0.6514 0.7569
vn -0.2587 -0.7887 0.5576
vn 0.2589 0.7890 -0.5571
vn -0.4158 -0.3343 -0.8458
vn 0.2483 0.3298 0.9108
vn -0.9234 0.3837 -0.0039
vn -0.3059 -0.7691 -0.5612
vn -0.4234 -0.4977 0.7569
vn -0.7406 -0.3749 0.5576
vn 0.7410 0.3748 -0.5571
vn 0.7615 0.3279 0.5592
vn -0.7601 -0.3275 -0.5612
vn -0.6514 -0.0526 0.7570
vn -0.7888 0.2587 0.5576
vn 0.7890 -0.2589 -0.5571
vn -0.3343 0.4158 -0.8458
vn -0.7690 0.3059 -0.5612
vn -0.3748 0.7407 0.5576
vn -0.9099 -0.4140 -0.0252
vn 0.0577 0.5303 -0.8458
vn 0.3279 -0.7615 0.5591
vn -0.3275 0.7601 -0.5612
vn -0.9243 -0.3815 0.0040
vn -0.0526 0.6513 0.7570
vn 0.2586 0.7888 0.5576
vn -0.2589 -0.7890 -0.5571
vn -0.3066 -0.7703 0.5591
vn 0.9234 -0.3838 -0.0039
vn -0.1828 -0.7950 -0.5784
vn 0.9642 0.2652 -0.0054
vn 0.2653 -0.9642 -0.0055
vn -0.2653 0.9642 -0.0054
vn -0.4941 -0.8694 -0.0055
vn 0.4941 0.8694 -0.0055
vn 0.7119 -0.7023 -0.0055
vn -0.7023 -0.7119 -0.0055
vn 0.7023 0.7119 -0.0054
vn -0.8627 -0.5058 -0.0054
vn 0.2653 -0.9641 -0.0055
vn 1.0000 0.0066 -0.0054
vn 0.9676 -0.2524 -0.0055
vn 0.7119 -0.7023 -0.0054
vn -0.8627 -0.5057 -0.0054
vn -0.5059 0.8626 -0.0054
vn 0.8626 0.5058 -0.0055
vn -0.9642 -0.2653 -0.0055
vn 0.2652 -0.9642 -0.0054
vn 1.0000 0.0068 -0.0054
vn 0.0067 -1.0000 -0.0055
vn 0.9676 -0.2524 -0.0054
vn -0.8693 0.4943 -0.0054
vn -0.2525 -0.9676 -0.0054
vn 0.8627 0.5057 -0.0054
vn -0.5057 0.8627 -0.0054
vn -0.0000 0.8660 -0.5000
vn -0.0000 -0.8660 0.5000
vn -0.0000 0.5000 -0.8660
vn -0.0000 -0.5000 0.8660
vn -0.0000 -0.8660 -0.5000
vn -0.0000 0.8660 0.5000
vn -0.0000 0.5000 0.8660
vn -0.0000 -0.5000 -0.8660
vn -0.0000 0.2588 -0.9659
vn -0.0000 0.7071 -0.7071
vn -0.0000 0.9659 -0.2588
vn -0.0000 0.9659 0.2588
vn -0.0000 0.7071 0.7071
vn -0.0000 0.2588 0.9659
vn -0.0000 -0.2588 0.9659
vn -0.0000 -0.7071 0.7071
vn -0.0000 -0.9659 0.2588
vn -0.0000 -0.9659 -0.2588
vn -0.0000 -0.7071 -0.7071
vn -0.0000 -0.2588 -0.9659
vn 0.9991 -0.0000 -0.0435
vn -0.9991 -0.0000 -0.0435
vn 0.3711 -0.0000 -0.9286
vn 0.9326 -0.0000 -0.3609
vn -0.9326 -0.0000 -0.3609
vn -0.3711 -0.0000 -0.9286
vn -0.9914 -0.1312 -0.0000
vn -0.9656 -0.2602 -0.0000
vn -0.9656 0.2602 -0.0000
vn -0.9914 0.1312 -0.0000
vn -0.0000 0.4993 -0.8664
vn -0.0000 -0.0000 -0.0000
vn -0.0000 0.3530 0.9356
vn -0.0000 0.3906 -0.9206
vn -0.0000 0.3504 -0.9366
vn -0.9937 0.1125 -0.0000
vn -0.9937 -0.1125 -0.0000
vn -0.0000 -0.3530 0.9356
vn -0.0000 0.4906 0.8714
vn -0.0000 0.4502 0.8929
vn -0.0000 0.4993 0.8664
vn -0.0000 -0.4993 0.8664
vn -0.2004 -0.0000 -0.9797
vn -0.0000 -0.4993 -0.8664
vn -0.0000 -0.3504 -0.9366
vn -0.0000 -0.2420 -0.9703
vn -0.0000 -0.1146 -0.9934
vn -0.0000 0.1146 -0.9934
vn -0.0000 0.2420 -0.9703
vn -0.0000 -0.3906 -0.9206
vn 0.9613 -0.2576 -0.0980
vn 0.9400 -0.2519 -0.2301
vn 0.8428 -0.4866 -0.2301
vn 0.8619 -0.4976 -0.0980
vn 0.9652 -0.2586 0.0380
vn 0.8654 -0.4996 0.0380
vn 0.7066 -0.7066 0.0380
vn 0.4996 -0.8654 0.0380
vn 0.2586 -0.9652 0.0380
vn -0.0000 -0.9993 0.0380
vn -0.2586 -0.9652 0.0380
vn -0.4996 -0.8654 0.0380
vn -0.7066 -0.7066 0.0380
vn -0.8654 -0.4996 0.0380
vn -0.9652 -0.2586 0.0380
vn -0.9993 -0.0000 0.0380
vn -0.9652 0.2586 0.0380
vn -0.8654 0.4996 0.0380
vn -0.7066 0.7066 0.0380
vn -0.4996 0.8654 0.0380
vn -0.2586 0.9652 0.0380
vn -0.0000 0.9993 0.0380
vn 0.2586 0.9652 0.0380
vn 0.4996 0.8654 0.0380
vn 0.7066 0.7066 0.0380
vn 0.8654 0.4996 0.0380
vn 0.8660 -0.5000 -0.0000
vn 0.9659 -0.2588 -0.0000
vn 0.9652 0.2586 0.0380
vn 0.9952 -0.0000 -0.0980
vn 0.9732 -0.0000 -0.2301
vn -0.9658 -0.2588 0.0190
vn -0.9998 -0.0000 0.0190
vn -0.9659 -0.2588 -0.0000
vn -0.4999 0.8659 0.0190
vn -0.2588 0.9658 0.0190
vn -0.2588 0.9659 -0.0000
vn -0.5000 0.8660 -0.0000
vn 0.7070 0.7070 0.0190
vn 0.8659 0.4999 0.0190
vn 0.8660 0.5000 -0.0000
vn 0.4999 -0.8659 0.0190
vn 0.2588 -0.9658 0.0190
vn 0.2588 -0.9659 -0.0000
vn 0.5000 -0.8660 -0.0000
vn -0.7070 -0.7070 0.0190
vn -0.8659 -0.4999 0.0190
vn -0.8660 -0.5000 -0.0000
vn -0.8659 0.4999 0.0190
vn -0.7070 0.7070 0.0190
vn -0.8660 0.5000 -0.0000
vn 0.2588 0.9658 0.0190
vn 0.4999 0.8659 0.0190
vn 0.5000 0.8660 -0.0000
vn 0.2588 0.9659 -0.0000
vn 0.8659 -0.4999 0.0190
vn 0.7070 -0.7070 0.0190
vn -0.2588 -0.9658 0.0190
vn -0.4999 -0.8659 0.0190
vn -0.5000 -0.8660 -0.0000
vn -0.2588 -0.9659 -0.0000
vn 0.9998 -0.0000 0.0190
vn 0.9658 -0.2588 0.0190
vn -0.9658 0.2588 0.0190
vn -0.9659 0.2588 -0.0000
vn -0.0000 0.9998 0.0190
vn 0.9658 0.2588 0.0190
vn 0.9659 0.2588 -0.0000
vn -0.0000 -0.9998 0.0190
vn 0.2346 -0.0000 0.9721
vn 0.2266 -0.0607 0.9721
vn 0.2031 -0.1173 0.9721
vn 0.1659 -0.1659 0.9721
vn 0.1173 -0.2031 0.9721
vn 0.0607 -0.2266 0.9721
vn -0.0000 -0.2346 0.9721
vn -0.0607 -0.2266 0.9721
vn -0.1173 -0.2031 0.9721
vn -0.1659 -0.1659 0.9721
vn -0.2031 -0.1173 0.9721
vn -0.2266 -0.0607 0.9721
vn -0.2345 -0.0000 0.9721
vn -0.2266 0.0607 0.9721
vn -0.2031 0.1173 0.9721
vn -0.1659 0.1659 0.9721
vn -0.1173 0.2031 0.9721
vn -0.0607 0.2266 0.9721
vn -0.0000 0.2346 0.9721
vn 0.0607 0.2266 0.9721
vn 0.1173 0.2031 0.9721
vn 0.1659 0.1659 0.9721
vn 0.2031 0.1173 0.9721
vn 0.2266 0.0607 0.9721
vn 0.9993 -0.0000 0.0380
vn 0.9613 0.2576 -0.0980
vn 0.9400 0.2519 -0.2301
vn 0.7037 -0.7037 -0.0980
vn 0.8619 0.4976 -0.0981
vn 0.8428 0.4866 -0.2301
vn 0.7037 0.7037 -0.0981
vn 0.6881 0.6881 -0.2302
vn 0.4976 0.8619 -0.0981
vn 0.4866 0.8428 -0.2302
vn 0.2576 0.9613 -0.0981
vn 0.2519 0.9400 -0.2302
vn -0.0000 0.9952 -0.0981
vn -0.0000 0.9731 -0.2302
vn -0.2576 0.9613 -0.0981
vn -0.2519 0.9400 -0.2302
vn -0.4976 0.8619 -0.0981
vn -0.4866 0.8428 -0.2302
vn -0.7037 0.7037 -0.0981
vn -0.6881 0.6881 -0.2302
vn -0.8619 0.4976 -0.0981
vn -0.8428 0.4866 -0.2301
vn -0.9613 0.2576 -0.0980
vn -0.9400 0.2519 -0.2301
vn -0.9952 -0.0000 -0.0980
vn -0.9732 -0.0000 -0.2301
vn -0.9613 -0.2576 -0.0980
vn -0.9400 -0.2519 -0.2301
vn -0.8618 -0.4976 -0.0980
vn -0.8428 -0.4866 -0.2301
vn -0.7037 -0.7037 -0.0980
vn -0.6881 -0.6881 -0.2301
vn -0.4976 -0.8619 -0.0981
vn -0.4866 -0.8428 -0.2301
vn -0.2576 -0.9613 -0.0981
vn -0.2519 -0.9400 -0.2301
vn -0.0000 -0.9952 -0.0981
vn -0.0000 -0.9732 -0.2301
vn 0.2576 -0.9613 -0.0981
vn 0.2519 -0.9400 -0.2302
vn 0.4976 -0.8619 -0.0981
vn 0.4866 -0.8428 -0.2301
vn 0.6881 -0.6881 -0.2301
vn 0.8654 -0.4997 0.0380
vn 0.8619 -0.4976 -0.0981
vn 0.2588 0.9657 0.0190
vn 0.7037 -0.7037 -0.0981
vn 0.2519 0.9400 -0.2301
vn -0.0000 0.9952 -0.0980
vn -0.0000 0.9732 -0.2301
vn -0.2519 0.9400 -0.2301
vn -0.8428 0.4866 -0.2302
vn -0.4976 -0.8619 -0.0980
vn -0.2576 -0.9613 -0.0980
vn -0.0000 -0.9952 -0.0980
vn 0.2576 -0.9613 -0.0980
vn 0.2519 -0.9400 -0.2301
vn 0.4976 -0.8619 -0.0980
vn 0.2345 -0.0000 0.9721
vn 0.8619 0.4976 -0.0980
vn 0.6881 0.6881 -0.2301
vn 0.4866 0.8428 -0.2301
vn -0.0000 0.9732 -0.2302
vn -0.4866 0.8428 -0.2301
vn -0.9613 -0.2576 -0.0981
vn -0.8618 -0.4976 -0.0981
vn -0.2519 -0.9400 -0.2302
vn -0.0000 -0.9732 -0.2302
vn -0.1844 0.7017 0.6882
vn -0.3562 0.7017 0.6170
vn -0.4343 0.4954 0.7523
vn -0.2248 0.4954 0.8391
vn 0.0920 -0.7096 -0.6986
vn 0.1816 -0.7126 -0.6777
vn 0.2234 -0.5048 -0.8338
vn 0.1129 -0.5015 -0.8577
vn -0.0354 0.9626 0.2688
vn -0.0696 0.9632 0.2598
vn -0.1315 0.8613 0.4907
vn -0.0667 0.8594 0.5069
vn 0.0646 0.8689 -0.4907
vn 0.1273 0.8707 -0.4750
vn 0.0644 0.9686 -0.2402
vn 0.0327 0.9681 -0.2485
vn -0.1262 -0.2541 0.9589
vn -0.2502 -0.2562 0.9337
vn -0.2248 -0.4954 0.8391
vn -0.1136 -0.4922 0.8631
vn 0.0646 -0.8689 -0.4907
vn 0.1273 -0.8707 -0.4750
vn -0.0014 0.9999 0.0109
vn -0.0028 0.9999 0.0105
vn 0.0920 0.7096 -0.6986
vn 0.1816 0.7126 -0.6777
vn -0.1305 -0.0000 0.9914
vn -0.2588 -0.0000 0.9659
vn 0.0327 -0.9681 -0.2485
vn 0.0643 -0.9686 -0.2401
vn 0.1129 0.5015 -0.8577
vn 0.2234 0.5047 -0.8339
vn -0.1262 0.2541 0.9589
vn -0.2502 0.2561 0.9337
vn -0.0014 -0.9999 0.0109
vn -0.0028 -0.9999 0.0105
vn 0.1261 0.2595 -0.9575
vn 0.2498 0.2616 -0.9323
vn -0.1136 0.4921 0.8631
vn -0.0354 -0.9626 0.2687
vn -0.0696 -0.9632 0.2597
vn 0.1305 -0.0000 -0.9914
vn 0.2588 -0.0000 -0.9659
vn -0.0934 0.6987 0.7093
vn -0.0667 -0.8594 0.5069
vn -0.1315 -0.8613 0.4907
vn 0.1261 -0.2595 -0.9575
vn 0.2498 -0.2616 -0.9323
vn -0.0934 -0.6987 0.7093
vn -0.1844 -0.7017 0.6882
vn 0.2459 -0.8707 -0.4259
vn 0.3477 -0.8707 -0.3477
vn 0.4961 -0.7126 -0.4961
vn 0.3508 -0.7126 -0.6076
vn -0.2540 -0.8613 0.4400
vn -0.1344 -0.9632 0.2329
vn 0.4826 -0.2616 -0.8359
vn 0.5000 -0.0000 -0.8660
vn -0.2540 0.8613 0.4400
vn -0.3562 -0.7017 0.6170
vn 0.4316 -0.5048 -0.7476
vn -0.1345 0.9632 0.2329
vn 0.1243 0.9686 -0.2153
vn -0.0054 0.9999 0.0094
vn -0.4343 -0.4954 0.7523
vn 0.2459 0.8707 -0.4259
vn -0.4833 -0.2562 0.8371
vn 0.3508 0.7126 -0.6076
vn -0.5000 -0.0000 0.8660
vn 0.1243 -0.9686 -0.2153
vn 0.4316 0.5047 -0.7476
vn -0.4833 0.2561 0.8371
vn -0.0054 -0.9999 0.0094
vn 0.4826 0.2616 -0.8359
vn -0.3592 -0.8613 0.3592
vn -0.4400 -0.8613 0.2540
vn -0.2329 -0.9632 0.1345
vn -0.1901 -0.9632 0.1901
vn 0.4961 0.7126 -0.4961
vn 0.3477 0.8707 -0.3477
vn -0.7071 -0.0000 0.7071
vn -0.6835 -0.2561 0.6835
vn 0.1758 -0.9686 -0.1758
vn 0.6104 0.5048 -0.6104
vn -0.6835 0.2561 0.6835
vn -0.0077 -0.9999 0.0077
vn 0.6825 0.2616 -0.6825
vn -0.6143 0.4954 0.6143
vn 0.7071 -0.0000 -0.7071
vn -0.5038 0.7017 0.5038
vn 0.6825 -0.2616 -0.6825
vn -0.3592 0.8613 0.3593
vn -0.5038 -0.7017 0.5038
vn 0.6104 -0.5048 -0.6104
vn -0.1902 0.9632 0.1902
vn 0.1758 0.9686 -0.1758
vn -0.0077 0.9999 0.0077
vn -0.6143 -0.4954 0.6142
vn 0.6076 0.7126 -0.3508
vn 0.6777 0.7126 -0.1816
vn 0.4750 0.8707 -0.1273
vn 0.4259 0.8707 -0.2459
vn 0.8359 -0.2616 -0.4826
vn 0.8660 -0.0000 -0.5000
vn -0.4400 0.8613 0.2540
vn -0.6170 0.7017 0.3562
vn -0.6170 -0.7017 0.3562
vn 0.7476 -0.5048 -0.4316
vn -0.2329 0.9632 0.1345
vn 0.2153 0.9686 -0.1243
vn -0.0094 0.9999 0.0054
vn -0.7523 -0.4954 0.4343
vn 0.6076 -0.7126 -0.3508
vn -0.8371 -0.2561 0.4833
vn 0.4259 -0.8707 -0.2459
vn -0.8660 -0.0000 0.5000
vn 0.2153 -0.9686 -0.1243
vn 0.7476 0.5048 -0.4316
vn -0.8371 0.2561 0.4833
vn -0.0094 -0.9999 0.0054
vn 0.8359 0.2616 -0.4826
vn -0.7523 0.4954 0.4343
vn -0.4907 -0.8613 0.1315
vn -0.5037 -0.8632 0.0333
vn -0.2638 -0.9644 0.0177
vn -0.2597 -0.9632 0.0696
vn -0.9659 -0.0000 0.2588
vn -0.9337 -0.2561 0.2502
vn 0.2401 -0.9686 -0.0643
vn 0.4750 -0.8707 -0.1273
vn 0.8338 0.5048 -0.2234
vn -0.9337 0.2561 0.2502
vn -0.0105 -0.9999 0.0028
vn 0.9323 0.2616 -0.2498
vn -0.8391 0.4954 0.2248
vn 0.9659 -0.0000 -0.2588
vn -0.6882 0.7017 0.1844
vn 0.9323 -0.2616 -0.2498
vn -0.4907 0.8613 0.1315
vn -0.6882 -0.7017 0.1844
vn 0.8338 -0.5048 -0.2234
vn -0.2598 0.9632 0.0696
vn 0.2402 0.9686 -0.0643
vn -0.0105 0.9999 0.0028
vn -0.8391 -0.4954 0.2248
vn 0.6777 -0.7126 -0.1816
vn 0.7036 0.7091 -0.0462
vn 0.4956 0.8679 -0.0324
vn 0.9636 -0.2597 -0.0635
vn 0.9978 -0.0000 -0.0657
vn -0.5037 0.8632 0.0333
vn -0.7090 0.7037 0.0466
vn -0.7090 -0.7037 0.0466
vn 0.8632 -0.5016 -0.0568
vn -0.2638 0.9644 0.0177
vn 0.2537 0.9671 -0.0164
vn -0.0054 1.0000 0.0007
vn -0.8660 -0.4969 0.0566
vn 0.7036 -0.7091 -0.0462
vn -0.9644 -0.2570 0.0629
vn 0.4956 -0.8679 -0.0324
vn -0.9979 -0.0000 0.0651
vn 0.2537 -0.9672 -0.0164
vn 0.8632 0.5016 -0.0568
vn -0.9644 0.2570 0.0629
vn -0.0054 -1.0000 0.0007
vn 0.9636 0.2597 -0.0635
vn -0.8660 0.4969 0.0566
vn -0.2589 0.9659 -0.0000
vn 0.2589 0.9659 -0.0000
vn 0.2234 -0.5047 -0.8339
vn -0.0354 0.9626 0.2687
vn -0.0696 0.9632 0.2597
vn -0.1315 0.8613 0.4908
vn 0.0643 0.9686 -0.2402
vn 0.0920 0.7095 -0.6986
vn -0.2502 0.2562 0.9337
vn -0.0934 0.6986 0.7094
vn 0.4316 -0.5047 -0.7476
vn -0.4833 -0.2561 0.8371
vn -0.2329 -0.9632 0.1344
vn -0.3593 0.8613 0.3593
vn 0.6104 -0.5047 -0.6104
vn -0.1901 0.9632 0.1902
vn -0.6143 -0.4954 0.6143
vn -0.7523 -0.4953 0.4343
vn -0.8371 0.2562 0.4833
vn -0.9337 -0.2562 0.2502
vn -0.9337 0.2562 0.2502
vn -0.4908 0.8613 0.1315
vn -0.2597 0.9632 0.0696
vn 0.2402 0.9686 -0.0644
vn -0.8391 -0.4953 0.2248
vn -0.5038 0.8632 0.0333
vn 0.9999 0.0122 0.0024
vn 0.9276 -0.3718 -0.0361
vn 0.9239 -0.3827 -0.0000
vn 0.7116 -0.6992 -0.0691
vn 0.3855 -0.9182 -0.0914
vn 0.3827 -0.9239 -0.0000
vn -0.0649 -0.9926 -0.1026
vn -0.3855 -0.9182 -0.0907
vn -0.3827 -0.9239 -0.0000
vn -0.7116 -0.6992 -0.0691
vn -0.9276 -0.3718 -0.0360
vn -0.9239 -0.3827 -0.0000
vn -0.9999 0.0122 0.0024
vn -0.9189 0.3925 0.0398
vn -0.9239 0.3827 -0.0000
vn -0.6995 0.7112 0.0703
vn -0.3771 0.9218 0.0901
vn -0.3827 0.9239 -0.0000
vn -0.0000 0.9953 0.0969
vn 0.3771 0.9218 0.0901
vn 0.3827 0.9239 -0.0000
vn 0.6995 0.7112 0.0703
vn -0.3916 -0.8503 -0.3516
vn -0.7195 -0.6417 -0.2657
vn 0.9189 0.3925 0.0398
vn 0.9239 0.3827 -0.0000
vn -0.9324 -0.3340 -0.1383
vn -0.7195 -0.4911 -0.4911
vn -0.9324 -0.2557 -0.2556
vn -0.6952 0.6641 0.2751
vn -0.3744 0.8567 0.3549
vn 0.9152 0.3724 0.1542
vn 0.9997 0.0225 0.0093
vn 0.3915 -0.8501 -0.3522
vn 0.0410 -0.9213 -0.3866
vn -0.9997 0.0225 0.0093
vn -0.9152 0.3724 0.1543
vn 0.3743 0.8567 0.3549
vn 0.6952 0.6641 0.2751
vn 0.9324 -0.3340 -0.1384
vn 0.7195 -0.6417 -0.2657
vn -0.0000 0.9239 0.3827
vn -0.3744 0.6557 0.6557
vn -0.3744 0.3549 0.8567
vn -0.0000 0.3827 0.9239
vn 0.6952 0.5083 0.5083
vn 0.9152 0.2850 0.2850
vn -0.9997 0.0172 0.0173
vn 0.9997 0.0173 0.0172
vn 0.9324 -0.2556 -0.2557
vn -0.9152 0.2850 0.2850
vn 0.7194 -0.4911 -0.4912
vn -0.6952 0.5083 0.5083
vn 0.3915 -0.6506 -0.6507
vn -0.0101 -0.7107 -0.7034
vn -0.3915 -0.6506 -0.6507
vn 0.3744 0.6557 0.6557
vn -0.6952 0.2751 0.6641
vn -0.9152 0.1542 0.3724
vn -0.9189 0.0398 0.3925
vn -0.6995 0.0703 0.7112
vn 0.0601 -0.3802 -0.9230
vn -0.3916 -0.3520 -0.8502
vn 0.3744 0.3549 0.8567
vn -0.7194 -0.2657 -0.6417
vn 0.6952 0.2751 0.6641
vn -0.9324 -0.1384 -0.3340
vn 0.9152 0.1542 0.3724
vn -0.9997 0.0093 0.0225
vn 0.9997 0.0093 0.0225
vn 0.9324 -0.1383 -0.3340
vn 0.7194 -0.2657 -0.6417
vn 0.3916 -0.3520 -0.8502
vn 0.9189 0.0398 0.3925
vn 0.6995 0.0703 0.7112
vn 0.7071 -0.0000 0.7071
vn 0.9239 -0.0000 0.3827
vn 0.7116 -0.0691 -0.6991
vn 0.3855 -0.0913 -0.9182
vn -0.3771 0.0901 0.9218
vn -0.0000 -0.0978 -0.9952
vn -0.0000 0.0969 0.9953
vn -0.3855 -0.0913 -0.9182
vn 0.3771 0.0901 0.9218
vn -0.7116 -0.0692 -0.6991
vn -0.9276 -0.0361 -0.3718
vn -0.9999 0.0024 0.0122
vn 0.9999 0.0024 0.0122
vn 0.9276 -0.0360 -0.3718
vn -0.9239 -0.0000 -0.3827
vn 0.9239 -0.0000 -0.3827
vn -0.9239 -0.0000 0.3827
vn 0.3827 -0.0000 -0.9239
vn -0.3827 -0.0000 0.9239
vn -0.3827 -0.0000 -0.9239
vn 0.3827 -0.0000 0.9239
vn -0.7071 -0.0000 -0.7071
vn 0.3859 -0.6684 -0.6358
vn 0.1998 -0.7455 -0.6358
vn -0.3236 -0.0000 0.9462
vn -0.3126 -0.0838 0.9462
vn 0.0838 -0.3126 0.9462
vn 0.1618 -0.2803 0.9462
vn 0.1618 0.2803 0.9462
vn 0.0838 0.3126 0.9462
vn -0.3126 0.0838 0.9462
vn -0.0000 -0.3236 0.9462
vn 0.2288 0.2288 0.9462
vn -0.2803 0.1618 0.9462
vn -0.0838 -0.3126 0.9462
vn 0.2803 0.1618 0.9462
vn -0.2288 0.2288 0.9462
vn -0.1618 -0.2803 0.9462
vn 0.3126 0.0838 0.9462
vn 0.3126 -0.0838 0.9462
vn 0.3236 -0.0000 0.9462
vn -0.1618 0.2803 0.9462
vn -0.2288 -0.2288 0.9462
vn 0.2803 -0.1618 0.9462
vn -0.0838 0.3126 0.9462
vn -0.2803 -0.1618 0.9462
vn 0.2288 -0.2288 0.9462
vn -0.0000 0.3236 0.9462
vn -0.5458 -0.5458 -0.6358
vn -0.6684 -0.3859 -0.6358
vn -0.6684 0.3859 -0.6358
vn -0.5458 0.5458 -0.6358
vn 0.1998 0.7455 -0.6358
vn 0.3859 0.6684 -0.6358
vn 0.6684 -0.3859 -0.6358
vn 0.5458 -0.5458 -0.6358
vn -0.1998 -0.7455 -0.6358
vn -0.3859 -0.6684 -0.6358
vn 0.7718 -0.0000 -0.6358
vn 0.7455 -0.1998 -0.6358
vn -0.7718 -0.0000 -0.6358
vn -0.7455 0.1998 -0.6358
vn -0.1998 0.7455 -0.6358
vn -0.0000 0.7718 -0.6358
vn 0.6684 0.3859 -0.6358
vn 0.7455 0.1998 -0.6358
vn -0.0000 -0.7718 -0.6358
vn -0.7455 -0.1998 -0.6358
vn -0.3859 0.6684 -0.6358
vn 0.5458 0.5458 -0.6358
vn 0.9958 -0.0000 -0.0919
vn 0.9200 -0.3826 -0.0845
vn 0.9241 -0.3822 0.0007
vn 0.7039 -0.7075 -0.0637
vn 0.7081 -0.7061 0.0007
vn 0.3792 -0.9247 -0.0331
vn 0.3849 -0.9230 0.0007
vn -0.0039 -1.0000 0.0019
vn 0.0034 -1.0000 0.0007
vn -0.3858 -0.9219 0.0355
vn -0.3791 -0.9254 0.0007
vn -0.7077 -0.7037 0.0626
vn -0.7047 -0.7095 0.0007
vn -0.9215 -0.3801 0.0800
vn -0.9231 -0.3846 0.0007
vn -0.9963 -0.0000 0.0859
vn -0.9215 0.3800 0.0800
vn -0.9231 0.3845 0.0007
vn -0.7077 0.7037 0.0626
vn -0.7047 0.7095 0.0007
vn -0.3858 0.9219 0.0355
vn -0.3790 0.9254 0.0007
vn -0.0039 1.0000 0.0020
vn 0.0034 1.0000 0.0007
vn 0.3792 0.9247 -0.0330
vn 0.3849 0.9230 0.0007
vn 0.7038 0.7075 -0.0637
vn 0.7081 0.7061 0.0007
vn -0.0084 -1.0000 0.0027
vn -0.3667 -0.9205 0.1350
vn 0.9200 0.3826 -0.0845
vn 0.9240 0.3823 0.0007
vn 0.3526 -0.9266 -0.1310
vn 0.6598 -0.7103 -0.2452
vn 0.5345 -0.7102 -0.4582
vn 0.2862 -0.9262 -0.2454
vn -0.8683 0.3790 0.3200
vn -0.6683 0.7020 0.2462
vn 0.6597 0.7105 -0.2451
vn 0.8651 0.3847 -0.3219
vn -0.8683 -0.3790 0.3200
vn -0.9383 -0.0000 0.3458
vn -0.0082 1.0000 0.0027
vn 0.3525 0.9266 -0.1309
vn 0.9372 -0.0000 -0.3489
vn 0.8651 -0.3847 -0.3219
vn -0.6682 -0.7021 0.2462
vn -0.3667 0.9205 0.1350
vn -0.7592 0.0001 0.6509
vn -0.7023 -0.3799 0.6021
vn -0.4497 -0.3799 0.8083
vn -0.4862 -0.0000 0.8738
vn -0.5397 0.7033 0.4627
vn -0.2953 0.9213 0.2532
vn -0.0054 -1.0000 0.0046
vn -0.0053 1.0000 0.0046
vn -0.2953 -0.9213 0.2531
vn 0.2862 0.9262 -0.2453
vn -0.5397 -0.7033 0.4627
vn 0.5344 0.7103 -0.4581
vn 0.7007 0.3848 -0.6007
vn 0.7592 -0.0000 -0.6509
vn 0.7007 -0.3848 -0.6008
vn -0.7023 0.3800 0.6020
vn 0.1833 0.9262 -0.3294
vn -0.0034 1.0000 0.0063
vn -0.0011 1.0000 0.0070
vn 0.0576 0.9262 -0.3726
vn 0.4862 -0.0000 -0.8739
vn 0.4487 -0.3848 -0.8066
vn 0.4488 0.3848 -0.8065
vn -0.4497 0.3800 0.8083
vn 0.3423 -0.7102 -0.6152
vn -0.3456 0.7033 0.6212
vn 0.1833 -0.9262 -0.3295
vn -0.1891 0.9213 0.3399
vn -0.0034 -1.0000 0.0061
vn -0.1891 -0.9213 0.3399
vn -0.3456 -0.7033 0.6212
vn 0.3423 0.7103 -0.6151
vn 0.0576 -0.9262 -0.3726
vn 0.1075 -0.7103 -0.6957
vn -0.1405 -0.7103 -0.6897
vn -0.0753 -0.9262 -0.3694
vn -0.0594 -0.9213 0.3844
vn -0.1086 -0.7033 0.7026
vn 0.1076 0.7103 -0.6957
vn -0.1413 -0.3800 0.9141
vn 0.1410 0.3848 -0.9122
vn -0.1528 -0.0000 0.9883
vn 0.1528 -0.0000 -0.9883
vn 0.1410 -0.3849 -0.9121
vn -0.1413 0.3800 0.9141
vn -0.1086 0.7034 0.7025
vn -0.0594 0.9213 0.3844
vn -0.0011 -1.0000 0.0069
vn 0.1996 -0.0000 0.9799
vn 0.1847 -0.3800 0.9064
vn 0.4877 -0.3800 0.7860
vn 0.5272 -0.0000 0.8497
vn 0.1419 0.7033 0.6965
vn 0.0777 0.9213 0.3811
vn 0.0014 -1.0000 0.0068
vn 0.0014 1.0000 0.0068
vn 0.0776 -0.9213 0.3811
vn -0.0752 0.9262 -0.3694
vn 0.1419 -0.7033 0.6966
vn -0.1405 0.7103 -0.6898
vn -0.1843 0.3848 -0.9044
vn -0.1996 -0.0000 -0.9799
vn -0.1843 -0.3849 -0.9044
vn 0.1847 0.3800 0.9064
vn -0.1988 0.9262 -0.3203
vn 0.0037 1.0000 0.0059
vn 0.0054 1.0000 0.0042
vn -0.2978 0.9260 -0.2320
vn -0.5272 -0.0000 -0.8497
vn -0.4866 -0.3848 -0.7843
vn -0.4866 0.3849 -0.7843
vn 0.4877 0.3800 0.7860
vn -0.3712 -0.7102 -0.5982
vn 0.3748 0.7033 0.6040
vn -0.1988 -0.9262 -0.3203
vn 0.2051 0.9213 0.3305
vn 0.0037 -1.0000 0.0060
vn 0.2051 -0.9213 0.3305
vn 0.3748 -0.7033 0.6040
vn -0.3711 0.7103 -0.5981
vn 0.3073 0.9212 0.2386
vn 0.5618 0.7032 0.4357
vn 0.6416 0.6900 0.3350
vn 0.3608 0.9133 0.1889
vn 0.3073 -0.9212 0.2386
vn 0.5617 -0.7033 0.4357
vn -0.5553 0.7098 -0.4335
vn 0.7311 -0.3799 0.5667
vn -0.7273 0.3844 -0.5686
vn 0.7904 -0.0000 0.6126
vn -0.7877 -0.0000 -0.6161
vn -0.7273 -0.3843 -0.5686
vn 0.7311 0.3799 0.5667
vn -0.5553 -0.7098 -0.4334
vn -0.2977 -0.9261 -0.2319
vn 0.0054 -1.0000 0.0043
vn -0.3261 -0.9295 -0.1721
vn 0.0202 -0.9997 0.0106
vn 0.0201 0.9997 0.0105
vn 0.3608 -0.9133 0.1889
vn -0.3262 0.9295 -0.1722
vn 0.6415 -0.6901 0.3350
vn -0.6201 0.7124 -0.3287
vn 0.8240 -0.3696 0.4295
vn -0.8149 0.3851 -0.4333
vn 0.8869 -0.0000 0.4620
vn -0.8827 -0.0000 -0.4699
vn -0.8149 -0.3850 -0.4333
vn 0.8240 0.3696 0.4295
vn -0.6201 -0.7124 -0.3286
vn 0.9241 0.3822 0.0007
vn 0.7039 0.7074 -0.0637
vn 0.3792 0.9247 -0.0331
vn -0.0039 1.0000 0.0019
vn -0.3857 0.9219 0.0355
vn -0.9231 0.3846 0.0007
vn -0.9215 0.3801 0.0800
vn -0.9215 -0.3800 0.0800
vn -0.0038 -1.0000 0.0020
vn 0.3849 -0.9229 0.0007
vn 0.7081 -0.7062 0.0007
vn 0.7038 -0.7075 -0.0637
vn -0.0084 1.0000 0.0027
vn 0.9240 -0.3823 0.0007
vn 0.9200 -0.3827 -0.0845
vn 0.3525 0.9266 -0.1310
vn 0.2862 0.9262 -0.2454
vn 0.5345 0.7102 -0.4582
vn 0.6598 0.7103 -0.2452
vn -0.6683 -0.7020 0.2462
vn 0.6597 -0.7104 -0.2452
vn 0.3525 -0.9266 -0.1309
vn -0.0082 -1.0000 0.0026
vn -0.6682 0.7021 0.2462
vn -0.7592 -0.0000 0.6509
vn -0.4497 0.3799 0.8083
vn -0.7023 0.3799 0.6020
vn -0.2953 -0.9213 0.2532
vn -0.0054 1.0000 0.0046
vn -0.0053 -1.0000 0.0046
vn -0.2953 0.9213 0.2531
vn 0.5344 -0.7103 -0.4582
vn 0.7007 -0.3848 -0.6007
vn 0.7008 0.3847 -0.6008
vn -0.7023 -0.3800 0.6020
vn -0.0011 -1.0000 0.0070
vn -0.0034 -1.0000 0.0062
vn 0.4488 0.3848 -0.8066
vn 0.4488 -0.3848 -0.8065
vn -0.0034 1.0000 0.0061
vn 0.3423 -0.7103 -0.6151
vn -0.0753 0.9262 -0.3694
vn -0.1405 0.7103 -0.6897
vn 0.1075 0.7103 -0.6957
vn -0.1086 0.7033 0.7026
vn 0.1076 -0.7102 -0.6957
vn 0.1410 -0.3848 -0.9122
vn 0.1410 0.3849 -0.9121
vn -0.1086 -0.7034 0.7025
vn -0.0011 1.0000 0.0069
vn 0.0777 -0.9213 0.3811
vn 0.0014 -1.0000 0.0069
vn 0.0776 0.9213 0.3811
vn -0.0752 -0.9262 -0.3694
vn 0.1419 0.7033 0.6966
vn -0.1405 -0.7102 -0.6898
vn -0.1843 -0.3848 -0.9044
vn -0.1843 0.3849 -0.9044
vn -0.1988 -0.9262 -0.3204
vn -0.2978 -0.9260 -0.2320
vn 0.0054 -1.0000 0.0042
vn 0.0037 -1.0000 0.0059
vn -0.4866 -0.3849 -0.7843
vn -0.3712 0.7103 -0.5982
vn 0.3748 -0.7033 0.6041
vn 0.0037 1.0000 0.0060
vn -0.3711 -0.7102 -0.5982
vn 0.6416 -0.6900 0.3350
vn 0.5618 -0.7032 0.4358
vn 0.5617 0.7033 0.4357
vn -0.5553 -0.7098 -0.4335
vn -0.7273 -0.3844 -0.5686
vn -0.7273 0.3843 -0.5686
vn 0.7311 -0.3798 0.5667
vn -0.5553 0.7098 -0.4334
vn -0.2978 0.9260 -0.2319
vn 0.0054 1.0000 0.0043
vn 0.0202 0.9997 0.0106
vn -0.3261 0.9295 -0.1721
vn 0.0201 -0.9997 0.0105
vn -0.3262 -0.9295 -0.1722
vn 0.6416 0.6901 0.3350
vn -0.6201 -0.7123 -0.3287
vn -0.8149 -0.3851 -0.4333
vn -0.8149 0.3850 -0.4333
vn -0.6201 0.7124 -0.3286
vn -0.9659 0.2589 -0.0000
vn 0.9659 0.2589 -0.0000
vt 0.110005 0.632443
vt 0.109932 0.383355
vt 0.114388 0.383630
vt 0.114296 0.632479
vt 0.118800 0.384183
vt 0.118593 0.632517
vt 0.123146 0.384928
vt 0.122899 0.632555
vt 0.127425 0.385749
vt 0.127216 0.632593
vt 0.131652 0.386522
vt 0.131545 0.632630
vt 0.135852 0.387144
vt 0.135885 0.632665
vt 0.140041 0.387546
vt 0.140232 0.632697
vt 0.144226 0.387688
vt 0.144570 0.632726
vt 0.148410 0.387534
vt 0.148909 0.632684
vt 0.152597 0.387120
vt 0.153255 0.632640
vt 0.156794 0.386485
vt 0.157595 0.632594
vt 0.161019 0.385699
vt 0.161924 0.632545
vt 0.165295 0.384867
vt 0.166241 0.632495
vt 0.169639 0.384110
vt 0.170547 0.632444
vt 0.128589 0.357873
vt 0.132624 0.357942
vt 0.174049 0.383545
vt 0.174844 0.632394
vt 0.178503 0.383258
vt 0.179134 0.632346
vt 0.143198 0.672569
vt 0.137838 0.674789
vt 0.132036 0.674789
vt 0.126676 0.672569
vt 0.122573 0.668467
vt 0.120353 0.663107
vt 0.120353 0.657305
vt 0.122573 0.651945
vt 0.126675 0.647842
vt 0.132035 0.645622
vt 0.137837 0.645622
vt 0.143198 0.647842
vt 0.147300 0.651944
vt 0.149520 0.657305
vt 0.149520 0.663107
vt 0.147300 0.668467
vt 0.124410 0.357791
vt 0.120074 0.357693
vt 0.120545 0.330888
vt 0.124768 0.330931
vt 0.148027 0.358035
vt 0.151851 0.357977
vt 0.168295 0.357609
vt 0.172770 0.357485
vt 0.140399 0.358040
vt 0.144218 0.358063
vt 0.159768 0.357810
vt 0.163953 0.357717
vt 0.111038 0.357413
vt 0.115640 0.357557
vt 0.136547 0.357998
vt 0.155730 0.357891
vt 0.177338 0.357336
vt 0.144143 0.330939
vt 0.140421 0.330932
vt 0.140400 0.304285
vt 0.144085 0.304289
vt 0.151625 0.330914
vt 0.155462 0.330866
vt 0.128875 0.330930
vt 0.159361 0.330824
vt 0.132828 0.330926
vt 0.163475 0.330810
vt 0.136663 0.330926
vt 0.167758 0.330784
vt 0.172186 0.330741
vt 0.111568 0.330752
vt 0.116118 0.330815
vt 0.176736 0.330674
vt 0.147866 0.330936
vt 0.163282 0.304199
vt 0.159207 0.304189
vt 0.159088 0.277731
vt 0.163145 0.277749
vt 0.111719 0.304251
vt 0.116244 0.304275
vt 0.171925 0.304188
vt 0.176451 0.304155
vt 0.147769 0.304289
vt 0.120640 0.304314
vt 0.151491 0.304275
vt 0.124885 0.304357
vt 0.155289 0.304240
vt 0.128960 0.304329
vt 0.132879 0.304304
vt 0.136678 0.304288
vt 0.167529 0.304200
vt 0.124911 0.277899
vt 0.120679 0.277864
vt 0.120689 0.251476
vt 0.124910 0.251504
vt 0.132874 0.277832
vt 0.136658 0.277813
vt 0.167373 0.277761
vt 0.140363 0.277808
vt 0.171749 0.277762
vt 0.144032 0.277812
vt 0.111785 0.277824
vt 0.116296 0.277837
vt 0.176255 0.277742
vt 0.147700 0.277814
vt 0.151405 0.277804
vt 0.155187 0.277775
vt 0.128971 0.277863
vt 0.143998 0.251411
vt 0.140335 0.251404
vt 0.140311 0.224946
vt 0.143999 0.224952
vt 0.151359 0.251416
vt 0.155133 0.251398
vt 0.128961 0.251464
vt 0.159025 0.251368
vt 0.132858 0.251429
vt 0.163068 0.251400
vt 0.136635 0.251408
vt 0.167280 0.251428
vt 0.171637 0.251447
vt 0.111795 0.251473
vt 0.116287 0.251479
vt 0.176121 0.251447
vt 0.147661 0.251419
vt 0.163167 0.225097
vt 0.159112 0.225013
vt 0.159620 0.198298
vt 0.163718 0.198528
vt 0.111795 0.225270
vt 0.116261 0.225226
vt 0.171687 0.225242
vt 0.176155 0.225314
vt 0.147687 0.224969
vt 0.120615 0.225153
vt 0.151409 0.224987
vt 0.124832 0.225135
vt 0.155204 0.225001
vt 0.128887 0.225061
vt 0.132794 0.225000
vt 0.136589 0.224961
vt 0.167331 0.225156
vt 0.155596 0.198136
vt 0.151669 0.198009
vt 0.153201 0.166914
vt 0.157629 0.168266
vt 0.132416 0.198154
vt 0.136299 0.198010
vt 0.168013 0.198759
vt 0.140135 0.197916
vt 0.172391 0.199032
vt 0.143964 0.197876
vt 0.111228 0.199309
vt 0.115671 0.199053
vt 0.176882 0.199304
vt 0.147802 0.197920
vt 0.120046 0.198788
vt 0.124342 0.198566
vt 0.128445 0.198342
vt 0.121853 0.171690
vt 0.126064 0.169981
vt 0.161923 0.169901
vt 0.130345 0.168331
vt 0.166150 0.171598
vt 0.134763 0.166960
vt 0.170398 0.173134
vt 0.139326 0.166057
vt 0.174724 0.174313
vt 0.143977 0.165749
vt 0.108927 0.175117
vt 0.113315 0.174425
vt 0.179134 0.174996
vt 0.148631 0.166033
vt 0.117622 0.173236
vt 0.083084 0.834833
vt 0.249576 0.834833
vt 0.249576 0.812987
vt 0.083084 0.812987
vt 0.083084 0.900372
vt 0.249576 0.900372
vt 0.249576 0.878526
vt 0.083084 0.878526
vt 0.249576 0.856680
vt 0.083084 0.856680
vt 0.231782 0.938405
vt 0.231782 0.960252
vt 0.209936 0.960252
vt 0.209936 0.938405
vt 0.238413 0.948873
vt 0.232808 0.929054
vt 0.236094 0.927181
vt 0.241991 0.948959
vt 0.083084 0.834834
vt 0.249576 0.834834
vt 0.082740 0.905522
vt 0.206180 0.905522
vt 0.206180 0.927368
vt 0.082740 0.927368
vt 0.206180 0.949214
vt 0.082740 0.949214
vt 0.206180 0.971061
vt 0.082740 0.971061
vt 0.206180 0.992907
vt 0.082740 0.992907
vt 0.235951 0.970377
vt 0.246885 0.948686
vt 0.240409 0.972838
vt 0.206180 0.971032
vt 0.082740 0.971032
vt 0.082740 0.949186
vt 0.206180 0.949186
vt 0.082740 0.927339
vt 0.206180 0.927339
vt 0.082740 0.905493
vt 0.206180 0.905493
vt 0.206180 0.992878
vt 0.082740 0.992878
vt 0.216228 0.913582
vt 0.217473 0.908957
vt 0.240057 0.924676
vt 0.285204 0.034146
vt 0.310989 0.034146
vt 0.310989 0.059931
vt 0.285204 0.059931
vt 0.233085 0.968554
vt 0.216228 0.983466
vt 0.217158 0.987815
vt 0.221011 0.905464
vt 0.221093 0.991983
vt 0.310950 0.034110
vt 0.310950 0.059895
vt 0.285165 0.059895
vt 0.285165 0.034110
vt 0.622133 0.865277
vt 0.613892 0.865277
vt 0.613892 0.802476
vt 0.622133 0.802476
vt 0.285177 0.034142
vt 0.310962 0.034142
vt 0.310962 0.059927
vt 0.285177 0.059927
vt 0.310988 0.034221
vt 0.310988 0.060006
vt 0.285203 0.060006
vt 0.285203 0.034221
vt 0.311028 0.059970
vt 0.285243 0.059970
vt 0.285243 0.034185
vt 0.311028 0.034185
vt 0.630373 0.865277
vt 0.630373 0.802476
vt 0.622411 0.995470
vt 0.622411 0.932669
vt 0.630651 0.932669
vt 0.630651 0.995470
vt 0.614171 0.995470
vt 0.614171 0.932669
vt 0.605930 0.995470
vt 0.605930 0.932669
vt 0.638892 0.932669
vt 0.638892 0.995470
vt 0.638614 0.865277
vt 0.638614 0.802476
vt 0.605652 0.865277
vt 0.605652 0.802476
vt 0.630419 0.930031
vt 0.630419 0.867231
vt 0.638660 0.867231
vt 0.638660 0.930031
vt 0.605698 0.930031
vt 0.605698 0.867231
vt 0.613939 0.867231
vt 0.613939 0.930031
vt 0.622179 0.867231
vt 0.622179 0.930031
vt 0.131308 0.480271
vt 0.151127 0.474667
vt 0.153000 0.477952
vt 0.131222 0.483849
vt 0.096714 0.458086
vt 0.111626 0.474944
vt 0.109804 0.477810
vt 0.092365 0.459017
vt 0.166599 0.458086
vt 0.171224 0.459332
vt 0.310578 0.004858
vt 0.310578 0.030643
vt 0.284793 0.030643
vt 0.284793 0.004858
vt 0.107342 0.482268
vt 0.088198 0.462952
vt 0.174716 0.462869
vt 0.155504 0.481915
vt 0.131495 0.488744
vt 0.395770 0.287958
vt 0.387081 0.287958
vt 0.387081 0.198161
vt 0.395770 0.198161
vt 0.353406 0.198161
vt 0.362095 0.198161
vt 0.362095 0.287958
vt 0.353406 0.287958
vt 0.420756 0.287958
vt 0.420756 0.296647
vt 0.395770 0.296647
vt 0.420757 0.198161
vt 0.302404 0.358577
vt 0.296035 0.358577
vt 0.296035 0.292752
vt 0.302404 0.292752
vt 0.373192 0.292752
vt 0.379562 0.292752
vt 0.379562 0.358577
vt 0.373192 0.358577
vt 0.330760 0.713193
vt 0.330760 0.706823
vt 0.401548 0.706823
vt 0.401548 0.713193
vt 0.330760 0.640999
vt 0.401548 0.640999
vt 0.067458 0.992502
vt 0.067458 0.949652
vt 0.070694 0.949652
vt 0.070694 0.992502
vt 0.073403 0.949652
vt 0.073403 0.992502
vt 0.061236 0.992502
vt 0.061236 0.949652
vt 0.064441 0.949652
vt 0.064441 0.992502
vt 0.067458 0.807447
vt 0.070694 0.807421
vt 0.073403 0.806412
vt 0.061236 0.806617
vt 0.064441 0.806452
vt 0.067458 0.804791
vt 0.070694 0.804873
vt 0.064441 0.805118
vt 0.073403 0.805092
vt 0.061236 0.805377
vt 0.067458 0.768472
vt 0.070694 0.768472
vt 0.061236 0.768472
vt 0.064441 0.768472
vt 0.073403 0.768472
vt 0.064441 0.624889
vt 0.067458 0.624889
vt 0.070694 0.624889
vt 0.073403 0.624889
vt 0.061236 0.624889
vt 0.070694 0.454473
vt 0.067458 0.454473
vt 0.067458 0.256330
vt 0.070694 0.256330
vt 0.073403 0.454473
vt 0.061236 0.454473
vt 0.064441 0.454473
vt 0.064441 0.256330
vt 0.061236 0.256330
vt 0.073403 0.256330
vt 0.067458 0.011389
vt 0.070694 0.011389
vt 0.061236 0.011389
vt 0.061236 0.007339
vt 0.064441 0.007339
vt 0.064441 0.011389
vt 0.073403 0.011389
vt 0.697348 0.981438
vt 0.908858 0.981438
vt 0.908858 0.986206
vt 0.697348 0.986206
vt 0.908858 0.991068
vt 0.697348 0.991068
vt 0.697348 0.971902
vt 0.908858 0.971902
vt 0.908858 0.976625
vt 0.697348 0.976625
vt 0.928117 0.810081
vt 0.928117 0.872966
vt 0.921047 0.872966
vt 0.921047 0.810081
vt 0.913983 0.872966
vt 0.913983 0.810081
vt 0.942261 0.810081
vt 0.942261 0.872966
vt 0.935189 0.872966
vt 0.935189 0.810081
vt 0.611091 0.544682
vt 0.607236 0.544682
vt 0.607236 0.528074
vt 0.611091 0.528074
vt 0.992782 0.561716
vt 0.992782 0.538051
vt 0.995758 0.537484
vt 0.995758 0.567793
vt 0.921085 0.653018
vt 0.921118 0.649757
vt 0.948340 0.649757
vt 0.948373 0.653018
vt 0.972724 0.656232
vt 0.996388 0.656232
vt 0.996401 0.659493
vt 0.972684 0.659493
vt 0.862374 0.113949
vt 0.862374 0.110688
vt 0.876422 0.110688
vt 0.876422 0.113949
vt 0.987641 0.502176
vt 0.990620 0.499523
vt 0.990620 0.530109
vt 0.987641 0.529464
vt 0.992782 0.507540
vt 0.995758 0.506895
vt 0.992782 0.534831
vt 0.897058 0.110688
vt 0.897058 0.107469
vt 0.911106 0.107469
vt 0.911106 0.110688
vt 0.924667 0.653097
vt 0.948333 0.653097
vt 0.948373 0.656357
vt 0.924654 0.656357
vt 0.978844 0.469384
vt 0.978842 0.498522
vt 0.975581 0.498522
vt 0.975583 0.469376
vt 0.957176 0.534919
vt 0.957176 0.511024
vt 0.960437 0.510985
vt 0.960437 0.534919
vt 0.987641 0.556557
vt 0.987641 0.532659
vt 0.990620 0.567793
vt 0.929513 0.618582
vt 0.958828 0.618582
vt 0.960519 0.622441
vt 0.924451 0.622441
vt 0.962202 0.618582
vt 0.991341 0.618582
vt 0.996401 0.622441
vt 0.992782 0.504344
vt 0.879636 0.110688
vt 0.879636 0.107469
vt 0.893684 0.107469
vt 0.893684 0.110688
vt 0.911106 0.094411
vt 0.911106 0.097672
vt 0.897058 0.097672
vt 0.897058 0.094411
vt 0.987641 0.498956
vt 0.897058 0.104208
vt 0.911106 0.104208
vt 0.921082 0.649678
vt 0.921115 0.646417
vt 0.948339 0.646417
vt 0.948373 0.649678
vt 0.862374 0.107469
vt 0.876422 0.107469
vt 0.928368 0.097672
vt 0.928368 0.100868
vt 0.914320 0.100868
vt 0.914320 0.097672
vt 0.911106 0.100868
vt 0.897058 0.100868
vt 0.914320 0.113949
vt 0.914320 0.110688
vt 0.928368 0.110689
vt 0.928368 0.113949
vt 0.876422 0.100868
vt 0.876422 0.104129
vt 0.862374 0.104129
vt 0.862374 0.100868
vt 0.897058 0.113949
vt 0.911106 0.113949
vt 0.928368 0.104129
vt 0.914320 0.104129
vt 0.893684 0.094411
vt 0.893684 0.097672
vt 0.879636 0.097672
vt 0.879636 0.094411
vt 0.893684 0.100868
vt 0.893684 0.104129
vt 0.879636 0.104129
vt 0.879636 0.100868
vt 0.969145 0.632415
vt 0.969111 0.629154
vt 0.996401 0.629154
vt 0.996368 0.632415
vt 0.982215 0.524419
vt 0.978841 0.524407
vt 0.978844 0.512649
vt 0.982218 0.512660
vt 0.977767 0.643077
vt 0.977767 0.646338
vt 0.960425 0.646338
vt 0.960425 0.643077
vt 0.982215 0.509756
vt 0.978841 0.509745
vt 0.982215 0.498534
vt 0.969111 0.625780
vt 0.969145 0.622519
vt 0.996368 0.622519
vt 0.996401 0.625780
vt 0.611091 0.548482
vt 0.624375 0.546582
vt 0.624375 0.567084
vt 0.611091 0.565090
vt 0.987641 0.475290
vt 0.990620 0.469212
vt 0.975580 0.524446
vt 0.975583 0.512668
vt 0.611091 0.569079
vt 0.607236 0.548482
vt 0.607236 0.565090
vt 0.862374 0.104208
vt 0.876422 0.104208
vt 0.879636 0.104208
vt 0.893684 0.104208
vt 0.879636 0.113949
vt 0.893684 0.113949
vt 0.624375 0.587587
vt 0.611091 0.585686
vt 0.911106 0.104129
vt 0.897058 0.104129
vt 0.928368 0.094411
vt 0.914320 0.094411
vt 0.943083 0.646338
vt 0.943083 0.643077
vt 0.876422 0.097672
vt 0.862374 0.097672
vt 0.876422 0.094411
vt 0.862374 0.094411
vt 0.924451 0.646338
vt 0.924451 0.643077
vt 0.914320 0.107469
vt 0.928368 0.107469
vt 0.914320 0.104208
vt 0.928368 0.104208
vt 0.975580 0.509764
vt 0.985476 0.524459
vt 0.985479 0.512681
vt 0.985475 0.509776
vt 0.985476 0.498534
vt 0.611091 0.589487
vt 0.624375 0.609614
vt 0.611091 0.606094
vt 0.992782 0.480449
vt 0.995758 0.469212
vt 0.941327 0.625831
vt 0.941646 0.628811
vt 0.916941 0.628811
vt 0.916663 0.625780
vt 0.990699 0.563935
vt 0.985557 0.473071
vt 0.607236 0.589487
vt 0.607236 0.606094
vt 0.972807 0.637700
vt 0.972171 0.634579
vt 0.982295 0.632494
vt 0.982926 0.635616
vt 0.624375 0.524553
vt 0.969032 0.638810
vt 0.968999 0.642070
vt 0.941776 0.642070
vt 0.941743 0.638810
vt 0.972347 0.649678
vt 0.972347 0.652892
vt 0.948452 0.652892
vt 0.948452 0.649678
vt 0.972386 0.656153
vt 0.948452 0.656153
vt 0.972386 0.646417
vt 0.948452 0.646417
vt 0.927610 0.632368
vt 0.928119 0.635630
vt 0.918022 0.637125
vt 0.917505 0.633865
vt 0.941742 0.625780
vt 0.941775 0.622519
vt 0.968999 0.622519
vt 0.969032 0.625780
vt 0.939527 0.639845
vt 0.939042 0.642852
vt 0.931568 0.641785
vt 0.931738 0.638496
vt 0.971810 0.534920
vt 0.968549 0.534881
vt 0.968549 0.510985
vt 0.971810 0.510985
vt 0.982218 0.469219
vt 0.985479 0.469212
vt 0.941024 0.637546
vt 0.930949 0.635456
vt 0.974319 0.639990
vt 0.982143 0.638642
vt 0.941664 0.634426
vt 0.931585 0.632334
vt 0.928266 0.638461
vt 0.928443 0.641820
vt 0.920534 0.642852
vt 0.920143 0.639593
vt 0.985133 0.549487
vt 0.981872 0.549470
vt 0.981872 0.524812
vt 0.985133 0.524807
vt 0.965175 0.534881
vt 0.965175 0.510985
vt 0.985613 0.638607
vt 0.985758 0.635786
vt 0.995887 0.637277
vt 0.993759 0.639739
vt 0.985436 0.641966
vt 0.993368 0.642998
vt 0.974803 0.642998
vt 0.982313 0.641931
vt 0.986264 0.632524
vt 0.996401 0.634016
vt 0.978890 0.549168
vt 0.975630 0.549194
vt 0.975580 0.524538
vt 0.978841 0.524539
vt 0.961914 0.534920
vt 0.961914 0.510985
vt 0.941353 0.622570
vt 0.916662 0.622519
vt 0.972504 0.649678
vt 0.972465 0.646417
vt 0.996401 0.646417
vt 0.996401 0.649678
vt 0.972465 0.656153
vt 0.972504 0.652892
vt 0.996401 0.652892
vt 0.996401 0.656153
vt 0.941663 0.632072
vt 0.916935 0.632072
vt 0.941775 0.632255
vt 0.941742 0.628995
vt 0.969032 0.628995
vt 0.968999 0.632255
vt 0.968999 0.632334
vt 0.969032 0.635595
vt 0.941743 0.635595
vt 0.941776 0.632334
vt 0.957097 0.511024
vt 0.957097 0.534921
vt 0.953836 0.534921
vt 0.953836 0.510985
vt 0.607236 0.585686
vt 0.607236 0.569079
vt 0.996401 0.643077
vt 0.996401 0.646338
vt 0.928281 0.810812
vt 0.928281 0.873243
vt 0.921259 0.873243
vt 0.921259 0.810812
vt 0.914237 0.873243
vt 0.914237 0.810812
vt 0.942326 0.810812
vt 0.942326 0.873243
vt 0.935303 0.873243
vt 0.935303 0.810812
vt 0.017738 0.007557
vt 0.028288 0.007427
vt 0.032937 0.313587
vt 0.020645 0.314576
vt 0.043050 0.007292
vt 0.043768 0.313854
vt 0.056090 0.007292
vt 0.056090 0.314775
vt 0.006602 0.007651
vt 0.009189 0.314969
vt 0.028294 0.992496
vt 0.018749 0.992498
vt 0.044094 0.992643
vt 0.006924 0.992524
vt 0.055926 0.992708
vt 0.515771 0.273092
vt 0.513249 0.274057
vt 0.513249 0.261001
vt 0.515771 0.261001
vt 0.515771 0.242095
vt 0.513249 0.242010
vt 0.513249 0.229479
vt 0.515771 0.229479
vt 0.528074 0.154679
vt 0.485021 0.184061
vt 0.483761 0.182557
vt 0.529406 0.151406
vt 0.450961 0.238211
vt 0.449582 0.245278
vt 0.444843 0.244460
vt 0.445940 0.236864
vt 0.447220 0.255157
vt 0.451919 0.264762
vt 0.449299 0.265251
vt 0.444329 0.255657
vt 0.458308 0.274110
vt 0.456042 0.274729
vt 0.469880 0.280015
vt 0.478624 0.286406
vt 0.476010 0.290228
vt 0.467185 0.283702
vt 0.475864 0.198262
vt 0.467022 0.206732
vt 0.463481 0.203090
vt 0.472354 0.194306
vt 0.465331 0.282028
vt 0.463546 0.282970
vt 0.490180 0.293458
vt 0.530976 0.313417
vt 0.529005 0.317446
vt 0.488209 0.297487
vt 0.530976 0.158931
vt 0.487923 0.188313
vt 0.466148 0.208191
vt 0.459728 0.218065
vt 0.455030 0.215306
vt 0.461667 0.205278
vt 0.461318 0.202322
vt 0.470655 0.193069
vt 0.449459 0.226385
vt 0.446635 0.226241
vt 0.452432 0.214974
vt 0.442966 0.236758
vt 0.485934 0.296249
vt 0.485035 0.297703
vt 0.474693 0.291512
vt 0.485985 0.189878
vt 0.482641 0.185842
vt 0.481381 0.184338
vt 0.459504 0.204510
vt 0.454358 0.228508
vt 0.441922 0.244758
vt 0.445081 0.247765
vt 0.442148 0.247890
vt 0.452131 0.253343
vt 0.456278 0.262347
vt 0.462138 0.271241
vt 0.465401 0.284643
vt 0.530563 0.320102
vt 0.487310 0.298941
vt 0.481671 0.278423
vt 0.481671 0.245232
vt 0.486635 0.245232
vt 0.486635 0.278423
vt 0.497104 0.245228
vt 0.497104 0.242276
vt 0.499968 0.242276
vt 0.499968 0.245228
vt 0.481671 0.242279
vt 0.481671 0.209089
vt 0.486635 0.209089
vt 0.486635 0.242279
vt 0.489476 0.207206
vt 0.489476 0.242279
vt 0.489476 0.245232
vt 0.489476 0.280305
vt 0.465139 0.218167
vt 0.470104 0.218167
vt 0.470104 0.268432
vt 0.465139 0.268432
vt 0.473056 0.218167
vt 0.473056 0.268432
vt 0.478020 0.218167
vt 0.478020 0.268432
vt 0.504932 0.278295
vt 0.499968 0.278295
vt 0.499968 0.261040
vt 0.504932 0.261040
vt 0.499968 0.209209
vt 0.504932 0.209209
vt 0.504932 0.226464
vt 0.499968 0.226464
vt 0.488275 0.292450
vt 0.504932 0.245228
vt 0.504932 0.242276
vt 0.499968 0.229517
vt 0.504932 0.229517
vt 0.497104 0.278419
vt 0.497104 0.261040
vt 0.504932 0.257986
vt 0.499968 0.257986
vt 0.492140 0.209085
vt 0.497104 0.209085
vt 0.497104 0.226464
vt 0.492140 0.226464
vt 0.468760 0.279047
vt 0.515771 0.257948
vt 0.513249 0.257948
vt 0.513249 0.245417
vt 0.515771 0.245332
vt 0.524225 0.170775
vt 0.527461 0.170775
vt 0.527462 0.195645
vt 0.524225 0.195645
vt 0.449909 0.246252
vt 0.520735 0.242095
vt 0.520735 0.229479
vt 0.532426 0.170775
vt 0.532426 0.195645
vt 0.520735 0.226426
vt 0.515771 0.226426
vt 0.515771 0.214335
vt 0.520735 0.214335
vt 0.508285 0.242010
vt 0.508285 0.245417
vt 0.519261 0.170775
vt 0.519261 0.195645
vt 0.513249 0.226426
vt 0.508285 0.226426
vt 0.508285 0.213370
vt 0.513249 0.213370
vt 0.520735 0.273092
vt 0.520735 0.261001
vt 0.520735 0.257948
vt 0.520735 0.245332
vt 0.508285 0.257948
vt 0.508285 0.274057
vt 0.508285 0.261001
vt 0.497104 0.229517
vt 0.492140 0.229517
vt 0.492140 0.242276
vt 0.492140 0.278419
vt 0.492140 0.261040
vt 0.497104 0.257986
vt 0.492140 0.257986
vt 0.492140 0.245228
vt 0.493106 0.196802
vt 0.493106 0.191838
vt 0.516860 0.191838
vt 0.516860 0.196802
vt 0.493106 0.199855
vt 0.516860 0.199855
vt 0.498709 0.288992
vt 0.498709 0.285938
vt 0.522463 0.285938
vt 0.522463 0.288992
vt 0.493106 0.204819
vt 0.516860 0.204819
vt 0.498709 0.293956
vt 0.522463 0.293956
vt 0.508285 0.229479
vt 0.498709 0.280974
vt 0.522463 0.280974
vt 0.219262 0.096494
vt 0.248185 0.096494
vt 0.248185 0.125417
vt 0.219262 0.125417
vt 0.248185 0.154340
vt 0.219262 0.154340
vt 0.248185 0.183263
vt 0.219262 0.183263
vt 0.248185 0.212186
vt 0.219262 0.212186
vt 0.277108 0.154340
vt 0.277108 0.183263
vt 0.053262 0.974411
vt 0.053263 0.025732
vt 0.069820 0.025640
vt 0.069820 0.974319
vt 0.095818 0.025640
vt 0.095817 0.974319
vt 0.010707 0.974503
vt 0.010707 0.025824
vt 0.027265 0.025732
vt 0.027265 0.974411
vt 0.095817 0.984284
vt 0.069820 0.984284
vt 0.588283 0.974450
vt 0.977934 0.974450
vt 0.977973 0.981419
vt 0.588322 0.981419
vt 0.977973 0.992362
vt 0.588322 0.992362
vt 0.588244 0.956537
vt 0.977895 0.956537
vt 0.977934 0.963506
vt 0.588283 0.963506
vt 0.584127 0.992362
vt 0.584127 0.981419
vt 0.992247 0.980171
vt 0.992387 0.991074
vt 0.124627 0.070214
vt 0.112839 0.070214
vt 0.112839 0.012180
vt 0.124627 0.012180
vt 0.124627 0.151825
vt 0.124627 0.140037
vt 0.312184 0.140037
vt 0.312184 0.151825
vt 0.312184 0.012180
vt 0.323973 0.012180
vt 0.323973 0.070214
vt 0.312184 0.070214
vt 0.312184 0.082003
vt 0.124627 0.082003
vt 0.239733 0.544250
vt 0.245619 0.184043
vt 0.265260 0.184043
vt 0.255448 0.544250
vt 0.284895 0.184043
vt 0.271158 0.544250
vt 0.208297 0.544250
vt 0.206330 0.184043
vt 0.225975 0.184043
vt 0.224015 0.544250
vt 0.206330 0.163755
vt 0.225975 0.163755
vt 0.611059 0.544653
vt 0.607214 0.544653
vt 0.607214 0.528090
vt 0.611059 0.528090
vt 0.611059 0.548443
vt 0.624307 0.546548
vt 0.624307 0.566995
vt 0.611059 0.565006
vt 0.611059 0.568984
vt 0.607214 0.548443
vt 0.607214 0.565006
vt 0.624307 0.587442
vt 0.611059 0.585547
vt 0.611059 0.589337
vt 0.624307 0.609410
vt 0.611059 0.605900
vt 0.607214 0.589337
vt 0.607214 0.605900
vt 0.624307 0.524578
vt 0.607214 0.585547
vt 0.607214 0.568984
vt 0.908692 0.631841
vt 0.785656 0.631841
vt 0.785656 0.624598
vt 0.908692 0.624598
vt 0.908692 0.646326
vt 0.785656 0.646326
vt 0.785656 0.639084
vt 0.908692 0.639084
vt 0.847182 0.649089
vt 0.852308 0.649089
vt 0.852308 0.652407
vt 0.847182 0.652407
vt 0.857433 0.649089
vt 0.857433 0.652407
vt 0.862559 0.649089
vt 0.862559 0.652407
vt 0.867685 0.649089
vt 0.867685 0.652407
vt 0.872811 0.649089
vt 0.872811 0.652407
vt 0.877937 0.649089
vt 0.877937 0.652407
vt 0.883063 0.649089
vt 0.883063 0.652407
vt 0.888188 0.649089
vt 0.888188 0.652407
vt 0.893314 0.649089
vt 0.893314 0.652407
vt 0.898440 0.649089
vt 0.898440 0.652407
vt 0.903566 0.649089
vt 0.903566 0.652407
vt 0.908692 0.649089
vt 0.908692 0.652407
vt 0.785672 0.649089
vt 0.790798 0.649089
vt 0.790798 0.652407
vt 0.785672 0.652407
vt 0.795924 0.649089
vt 0.795924 0.652407
vt 0.801049 0.649089
vt 0.801049 0.652407
vt 0.806175 0.649089
vt 0.806175 0.652407
vt 0.811301 0.649089
vt 0.811301 0.652407
vt 0.816427 0.649089
vt 0.816427 0.652407
vt 0.821553 0.649089
vt 0.821553 0.652407
vt 0.826679 0.649089
vt 0.826679 0.652407
vt 0.831804 0.649089
vt 0.831804 0.652407
vt 0.836930 0.649089
vt 0.836930 0.652407
vt 0.842056 0.649089
vt 0.842056 0.652407
vt 0.117237 0.402399
vt 0.113396 0.406239
vt 0.111325 0.404650
vt 0.115648 0.400327
vt 0.132618 0.398277
vt 0.127187 0.398277
vt 0.126846 0.395689
vt 0.132959 0.395689
vt 0.121941 0.438126
vt 0.127187 0.439532
vt 0.126846 0.442120
vt 0.120941 0.440538
vt 0.113396 0.431570
vt 0.117237 0.435410
vt 0.115648 0.437481
vt 0.111325 0.433159
vt 0.150529 0.421620
vt 0.150529 0.416189
vt 0.153118 0.415848
vt 0.153118 0.421961
vt 0.121941 0.399683
vt 0.120941 0.397271
vt 0.142568 0.402399
vt 0.137864 0.399683
vt 0.138863 0.397271
vt 0.144157 0.400327
vt 0.149124 0.426866
vt 0.151536 0.427865
vt 0.137864 0.438126
vt 0.142568 0.435410
vt 0.144157 0.437481
vt 0.138863 0.440538
vt 0.110681 0.426866
vt 0.108269 0.427865
vt 0.149124 0.410943
vt 0.146408 0.406239
vt 0.148479 0.404650
vt 0.151536 0.409944
vt 0.110681 0.410943
vt 0.108269 0.409944
vt 0.109275 0.416189
vt 0.106687 0.415848
vt 0.132618 0.439532
vt 0.132959 0.442120
vt 0.109275 0.421620
vt 0.106687 0.421961
vt 0.146408 0.431570
vt 0.148479 0.433159
vt 0.820987 0.657573
vt 0.818057 0.657573
vt 0.818058 0.655073
vt 0.820987 0.655073
vt 0.815128 0.657573
vt 0.815128 0.655073
vt 0.812199 0.657573
vt 0.812199 0.655073
vt 0.809270 0.657573
vt 0.809270 0.655073
vt 0.806341 0.657573
vt 0.806341 0.655073
vt 0.803412 0.657573
vt 0.803412 0.655073
vt 0.800483 0.657573
vt 0.800483 0.655073
vt 0.797553 0.657573
vt 0.797553 0.655073
vt 0.794624 0.657573
vt 0.794624 0.655073
vt 0.791695 0.657573
vt 0.791695 0.655073
vt 0.788766 0.657573
vt 0.788766 0.655073
vt 0.785837 0.657573
vt 0.785837 0.655073
vt 0.856137 0.657573
vt 0.853207 0.657573
vt 0.853207 0.655073
vt 0.856137 0.655073
vt 0.850278 0.657573
vt 0.850278 0.655073
vt 0.847349 0.657573
vt 0.847349 0.655073
vt 0.844420 0.657573
vt 0.844420 0.655073
vt 0.841491 0.657573
vt 0.841491 0.655073
vt 0.838562 0.657573
vt 0.838562 0.655073
vt 0.835632 0.657573
vt 0.835632 0.655073
vt 0.832703 0.657573
vt 0.832703 0.655073
vt 0.829774 0.657573
vt 0.829774 0.655073
vt 0.826845 0.657573
vt 0.826845 0.655073
vt 0.823916 0.657573
vt 0.823916 0.655073
vt 0.123564 0.410267
vt 0.121604 0.412226
vt 0.120129 0.411094
vt 0.122432 0.408791
vt 0.131412 0.408164
vt 0.128641 0.408164
vt 0.128398 0.406320
vt 0.131655 0.406320
vt 0.125964 0.428497
vt 0.128641 0.429214
vt 0.128398 0.431058
vt 0.125252 0.430215
vt 0.121604 0.425152
vt 0.123564 0.427111
vt 0.122432 0.428587
vt 0.120129 0.426284
vt 0.140552 0.420075
vt 0.140552 0.417303
vt 0.142396 0.417061
vt 0.142396 0.420317
vt 0.125964 0.408881
vt 0.125252 0.407163
vt 0.136489 0.410267
vt 0.134089 0.408881
vt 0.134801 0.407163
vt 0.137621 0.408791
vt 0.139835 0.422752
vt 0.141553 0.423463
vt 0.134089 0.428497
vt 0.136489 0.427111
vt 0.137621 0.428587
vt 0.134801 0.430215
vt 0.120219 0.422752
vt 0.118500 0.423463
vt 0.139835 0.414626
vt 0.138449 0.412226
vt 0.139924 0.411094
vt 0.141553 0.413915
vt 0.120219 0.414626
vt 0.118500 0.413915
vt 0.119501 0.417303
vt 0.117657 0.417061
vt 0.131412 0.429214
vt 0.131655 0.431058
vt 0.119501 0.420075
vt 0.117657 0.420317
vt 0.138449 0.425152
vt 0.139925 0.426284
vt 0.113460 0.416977
vt 0.114535 0.412796
vt 0.117300 0.413870
vt 0.116401 0.417287
vt 0.146461 0.421144
vt 0.145348 0.425271
vt 0.142631 0.424186
vt 0.143538 0.420809
vt 0.120094 0.431961
vt 0.116966 0.429054
vt 0.119206 0.427165
vt 0.121744 0.429554
vt 0.132057 0.402603
vt 0.136274 0.403712
vt 0.135185 0.406500
vt 0.131723 0.405579
vt 0.136389 0.433957
vt 0.132235 0.434949
vt 0.131876 0.432031
vt 0.135300 0.431238
vt 0.127973 0.434870
vt 0.128291 0.431925
vt 0.123865 0.433924
vt 0.124829 0.431178
vt 0.140057 0.405870
vt 0.138288 0.408278
vt 0.116675 0.409032
vt 0.119070 0.410797
vt 0.114721 0.425406
vt 0.113524 0.421282
vt 0.116433 0.420805
vt 0.117392 0.424178
vt 0.143147 0.408928
vt 0.140822 0.410792
vt 0.140132 0.431913
vt 0.138365 0.429586
vt 0.145332 0.412674
vt 0.142611 0.413865
vt 0.143191 0.428947
vt 0.140868 0.427180
vt 0.127697 0.402619
vt 0.128141 0.405580
vt 0.119731 0.405948
vt 0.123492 0.403760
vt 0.124684 0.406502
vt 0.121589 0.408283
vt 0.146461 0.416844
vt 0.143537 0.417284
vt 0.268697 0.355429
vt 0.268697 0.361658
vt 0.263093 0.361658
vt 0.263093 0.355429
vt 0.268697 0.367887
vt 0.263093 0.367887
vt 0.268697 0.374115
vt 0.263093 0.374115
vt 0.268697 0.380344
vt 0.263093 0.380344
vt 0.268697 0.386573
vt 0.263093 0.386573
vt 0.268697 0.392802
vt 0.263093 0.392802
vt 0.268697 0.399030
vt 0.263093 0.399030
vt 0.268697 0.405259
vt 0.263093 0.405259
vt 0.268697 0.411488
vt 0.263093 0.411488
vt 0.268697 0.417717
vt 0.263093 0.417717
vt 0.268697 0.423945
vt 0.263093 0.423945
vt 0.268697 0.430174
vt 0.263093 0.430174
vt 0.268697 0.280684
vt 0.268697 0.286913
vt 0.263093 0.286913
vt 0.263093 0.280684
vt 0.268697 0.293141
vt 0.263093 0.293141
vt 0.268697 0.299370
vt 0.263093 0.299370
vt 0.268697 0.305599
vt 0.263093 0.305599
vt 0.268697 0.311828
vt 0.263093 0.311828
vt 0.268697 0.318056
vt 0.263093 0.318056
vt 0.268697 0.324285
vt 0.263093 0.324285
vt 0.268697 0.330514
vt 0.263093 0.330514
vt 0.268697 0.336743
vt 0.263093 0.336743
vt 0.268697 0.342971
vt 0.263093 0.342971
vt 0.268697 0.349200
vt 0.263093 0.349200
vt 0.337481 0.281226
vt 0.331302 0.284793
vt 0.324410 0.286640
vt 0.317274 0.286640
vt 0.310382 0.284793
vt 0.304203 0.281226
vt 0.299158 0.276180
vt 0.295590 0.270001
vt 0.293743 0.263109
vt 0.293743 0.255974
vt 0.295590 0.249082
vt 0.299158 0.242903
vt 0.304203 0.237857
vt 0.310382 0.234290
vt 0.317274 0.232443
vt 0.324409 0.232443
vt 0.331302 0.234290
vt 0.337481 0.237857
vt 0.342526 0.242903
vt 0.346094 0.249082
vt 0.347941 0.255974
vt 0.347941 0.263109
vt 0.346094 0.270001
vt 0.342526 0.276180
vt 0.618469 0.686048
vt 0.618469 0.715081
vt 0.615023 0.715081
vt 0.615023 0.686048
vt 0.647502 0.686048
vt 0.647502 0.715081
vt 0.456969 0.287536
vt 0.427936 0.287536
vt 0.427936 0.284091
vt 0.456969 0.284091
vt 0.456969 0.316569
vt 0.427936 0.316569
vt 0.471371 0.129691
vt 0.471371 0.158725
vt 0.467926 0.158725
vt 0.467926 0.129691
vt 0.500405 0.129691
vt 0.500405 0.158725
vt 0.524378 0.236338
vt 0.524378 0.198734
vt 0.527348 0.198734
vt 0.527348 0.219171
vt 0.527348 0.236338
vt 0.390140 0.323272
vt 0.390140 0.351427
vt 0.387170 0.351427
vt 0.387170 0.323272
vt 0.390140 0.426362
vt 0.390140 0.454516
vt 0.387170 0.454516
vt 0.387170 0.426362
vt 0.871432 0.421836
vt 0.871432 0.393682
vt 0.909036 0.393682
vt 0.909036 0.421836
vt 0.908391 0.429234
vt 0.906498 0.436129
vt 0.903488 0.442049
vt 0.899564 0.446592
vt 0.894995 0.449447
vt 0.890234 0.450421
vt 0.885474 0.449447
vt 0.880905 0.446592
vt 0.876981 0.442049
vt 0.873970 0.436129
vt 0.872078 0.429234
vt 0.465185 0.310077
vt 0.502789 0.310077
vt 0.502789 0.313047
vt 0.465185 0.313047
vt 0.386284 0.323272
vt 0.386284 0.351427
vt 0.383314 0.351427
vt 0.383314 0.323272
vt 0.386284 0.426361
vt 0.386284 0.454516
vt 0.383314 0.454516
vt 0.383314 0.426361
vt 0.465185 0.313933
vt 0.502789 0.313933
vt 0.502789 0.316903
vt 0.465185 0.316903
vt 0.991618 0.330388
vt 0.991618 0.358542
vt 0.988648 0.358542
vt 0.988648 0.330388
vt 0.991618 0.433477
vt 0.991618 0.461631
vt 0.988648 0.461631
vt 0.988648 0.433477
vt 0.530184 0.142563
vt 0.530184 0.104959
vt 0.533154 0.104959
vt 0.533154 0.142563
vt 0.935796 0.128655
vt 0.935796 0.156810
vt 0.932826 0.156810
vt 0.932826 0.128655
vt 0.935796 0.231744
vt 0.935796 0.259899
vt 0.932826 0.259899
vt 0.932826 0.231744
vt 0.980355 0.396009
vt 0.980355 0.391150
vt 0.983615 0.391150
vt 0.983615 0.396009
vt 0.980355 0.385762
vt 0.983615 0.385762
vt 0.980355 0.379759
vt 0.983615 0.379759
vt 0.980355 0.373118
vt 0.983615 0.373118
vt 0.980355 0.365968
vt 0.983615 0.365968
vt 0.980355 0.358542
vt 0.983615 0.358542
vt 0.980355 0.433476
vt 0.980355 0.426050
vt 0.983615 0.426050
vt 0.983615 0.433476
vt 0.980355 0.418901
vt 0.983615 0.418901
vt 0.980355 0.412259
vt 0.983615 0.412259
vt 0.980355 0.406256
vt 0.983615 0.406256
vt 0.980355 0.400868
vt 0.983615 0.400868
vt 0.871424 0.421827
vt 0.871424 0.393673
vt 0.909028 0.393673
vt 0.909028 0.421827
vt 0.908382 0.429226
vt 0.906490 0.436120
vt 0.903479 0.442040
vt 0.899555 0.446583
vt 0.894986 0.449438
vt 0.890226 0.450412
vt 0.885465 0.449438
vt 0.880896 0.446583
vt 0.876972 0.442040
vt 0.873962 0.436120
vt 0.872069 0.429226
vt 0.987762 0.396009
vt 0.987762 0.400868
vt 0.984501 0.400868
vt 0.984501 0.396009
vt 0.987762 0.406256
vt 0.984501 0.406256
vt 0.987762 0.412259
vt 0.984501 0.412259
vt 0.987762 0.418901
vt 0.984501 0.418901
vt 0.987762 0.426050
vt 0.984501 0.426050
vt 0.987762 0.433477
vt 0.984501 0.433477
vt 0.987762 0.358542
vt 0.987762 0.365968
vt 0.984501 0.365968
vt 0.984501 0.358542
vt 0.987762 0.373118
vt 0.984501 0.373118
vt 0.987762 0.379759
vt 0.984501 0.379759
vt 0.987762 0.385762
vt 0.984501 0.385762
vt 0.987761 0.391150
vt 0.984501 0.391150
vt 0.519906 0.002669
vt 0.519906 0.044368
vt 0.464265 0.042167
vt 0.464265 0.002669
vt 0.598561 0.471719
vt 0.560901 0.471719
vt 0.560969 0.458349
vt 0.598561 0.458349
vt 0.822902 0.386653
vt 0.822902 0.417329
vt 0.809055 0.420232
vt 0.809055 0.386653
vt 0.591722 0.457366
vt 0.591717 0.423466
vt 0.624799 0.423471
vt 0.662400 0.423477
vt 0.708652 0.423487
vt 0.746255 0.423494
vt 0.788523 0.457420
vt 0.178868 0.014371
vt 0.178868 0.007842
vt 0.274986 0.007842
vt 0.273227 0.014371
vt 0.591689 0.133486
vt 0.591689 0.120113
vt 0.788569 0.120113
vt 0.784965 0.133487
vt 0.591688 0.151522
vt 0.536030 0.151521
vt 0.536030 0.133486
vt 0.591705 0.337783
vt 0.591703 0.324407
vt 0.784962 0.324400
vt 0.788564 0.337773
vt 0.178868 0.086398
vt 0.178868 0.079869
vt 0.273227 0.079869
vt 0.274986 0.086398
vt 0.970872 0.386653
vt 0.970872 0.425227
vt 0.957025 0.423598
vt 0.957025 0.386653
vt 0.432377 0.279858
vt 0.432377 0.243019
vt 0.432377 0.198353
vt 0.438661 0.198353
vt 0.438661 0.279858
vt 0.598561 0.619212
vt 0.560077 0.614911
vt 0.560130 0.605842
vt 0.598561 0.605842
vt 0.598561 0.538780
vt 0.560516 0.538780
vt 0.271228 0.037465
vt 0.269795 0.037465
vt 0.271228 0.029573
vt 0.271228 0.064667
vt 0.269795 0.056826
vt 0.271228 0.056826
vt 0.784965 0.151522
vt 0.789381 0.133487
vt 0.789381 0.151522
vt 0.151696 0.079869
vt 0.151696 0.047120
vt 0.178868 0.047120
vt 0.151696 0.014371
vt 0.151696 0.086398
vt 0.294193 0.170906
vt 0.272047 0.095742
vt 0.275745 0.094634
vt 0.298944 0.170911
vt 0.536055 0.337762
vt 0.536045 0.324399
vt 0.775464 0.459063
vt 0.719656 0.471718
vt 0.719828 0.458349
vt 0.151696 0.007842
vt 0.536134 0.457354
vt 0.536125 0.423476
vt 0.556542 0.423471
vt 0.591701 0.324405
vt 0.784963 0.324399
vt 0.323081 0.042952
vt 0.323081 0.002669
vt 0.478925 0.816765
vt 0.558916 0.816765
vt 0.558277 0.927513
vt 0.478925 0.927513
vt 0.151696 0.182872
vt 0.178868 0.182872
vt 0.178868 0.236955
vt 0.151696 0.236955
vt 0.151696 0.109193
vt 0.178868 0.108601
vt 0.478925 0.665888
vt 0.559784 0.665888
vt 0.395135 0.457463
vt 0.395093 0.419920
vt 0.435212 0.423554
vt 0.472773 0.423522
vt 0.518977 0.423486
vt 0.254794 0.275196
vt 0.224007 0.275196
vt 0.224007 0.271224
vt 0.254794 0.271224
vt 0.208657 0.227640
vt 0.211583 0.227640
vt 0.211583 0.236955
vt 0.715702 0.779993
vt 0.694813 0.779725
vt 0.716412 0.724624
vt 0.256375 0.463216
vt 0.189477 0.463216
vt 0.189477 0.404116
vt 0.256375 0.404116
vt 0.464265 0.122305
vt 0.519906 0.101414
vt 0.519906 0.122305
vt 0.586899 0.101414
vt 0.586899 0.047017
vt 0.771338 0.780707
vt 0.772048 0.725338
vt 0.774694 0.519104
vt 0.719058 0.518391
vt 0.478925 0.605842
vt 0.991136 0.818718
vt 0.949345 0.818718
vt 0.949345 0.813021
vt 0.991136 0.813021
vt 0.082750 0.086398
vt 0.082750 0.109193
vt 0.717122 0.669255
vt 0.773047 0.647486
vt 0.772675 0.676517
vt 0.082750 0.182872
vt 0.082750 0.236955
vt 0.273227 0.029573
vt 0.798267 0.385356
vt 0.798267 0.389594
vt 0.791983 0.389594
vt 0.791983 0.385356
vt 0.925895 0.468158
vt 0.957025 0.506289
vt 0.854031 0.386653
vt 0.854031 0.414701
vt 0.273227 0.064667
vt 0.875176 0.514151
vt 0.876705 0.517843
vt 0.822902 0.506289
vt 0.104522 0.242213
vt 0.134618 0.242213
vt 0.134618 0.325250
vt 0.104522 0.325250
vt 0.400924 0.717154
vt 0.400924 0.810039
vt 0.396478 0.811925
vt 0.382508 0.779324
vt 0.382508 0.717154
vt 0.424161 0.279823
vt 0.424161 0.226366
vt 0.424161 0.198317
vt 0.430445 0.198317
vt 0.430445 0.279823
vt 0.903221 0.517843
vt 0.904751 0.514151
vt 0.643392 0.806984
vt 0.794269 0.806984
vt 0.794269 0.948168
vt 0.643392 0.948168
vt 0.411707 0.816765
vt 0.411707 0.665888
vt 0.082750 0.014371
vt 0.082750 0.007842
vt 0.395001 0.337982
vt 0.394980 0.324623
vt 0.082750 0.079869
vt 0.082750 0.047120
vt 0.696233 0.668987
vt 0.702194 0.634604
vt 0.905017 0.806984
vt 0.905017 0.948168
vt 0.847859 0.948168
vt 0.323081 0.122305
vt 0.338935 0.147888
vt 0.338935 0.176921
vt 0.323081 0.189523
vt 0.411707 0.927513
vt 0.857486 0.000443
vt 0.857486 0.055817
vt 0.831903 0.049478
vt 0.831903 0.020445
vt 0.929227 0.118579
vt 0.929227 0.259763
vt 0.862008 0.259763
vt 0.862008 0.118579
vt 0.245156 0.332847
vt 0.245157 0.278859
vt 0.256375 0.278859
vt 0.256375 0.345016
vt 0.214413 0.278859
vt 0.189477 0.282590
vt 0.189477 0.246411
vt 0.214413 0.332847
vt 0.189477 0.345016
vt 0.254794 0.217160
vt 0.224007 0.217160
vt 0.220035 0.271224
vt 0.220035 0.217160
vt 0.536101 0.105850
vt 0.566888 0.105850
vt 0.566888 0.109822
vt 0.536101 0.109822
vt 0.258767 0.217160
vt 0.258767 0.271224
vt 0.256220 0.824065
vt 0.397404 0.824065
vt 0.397404 0.867721
vt 0.256220 0.867721
vt 0.435269 0.665888
vt 0.435269 0.605842
vt 0.478925 0.538780
vt 0.435269 0.538780
vt 0.478925 0.471719
vt 0.435269 0.471719
vt 0.857202 0.603459
vt 0.857202 0.566399
vt 0.914131 0.566399
vt 0.914131 0.603459
vt 0.800274 0.603459
vt 0.800274 0.566399
vt 0.965105 0.566399
vt 0.965105 0.603459
vt 0.691191 0.678237
vt 0.691191 0.717558
vt 0.656499 0.717558
vt 0.656499 0.678237
vt 0.632817 0.597171
vt 0.672137 0.597171
vt 0.632817 0.620832
vt 0.646716 0.556420
vt 0.645434 0.556420
vt 0.645434 0.543305
vt 0.646716 0.543305
vt 0.859318 0.338357
vt 0.859318 0.303825
vt 0.862401 0.303825
vt 0.862401 0.338357
vt 0.788569 0.000444
vt 0.708546 0.034368
vt 0.662280 0.034367
vt 0.591689 0.000443
vt 0.591689 0.228944
vt 0.784965 0.228942
vt 0.536038 0.306369
vt 0.536029 0.228945
vt 0.591694 0.306366
vt 0.536043 0.324400
vt 0.784965 0.306363
vt 0.322413 0.198919
vt 0.346331 0.198919
vt 0.346331 0.223156
vt 0.322413 0.223156
vt 0.918462 0.729080
vt 0.918462 0.671774
vt 0.926435 0.667179
vt 0.926435 0.724485
vt 0.802368 0.789508
vt 0.916657 0.789508
vt 0.916657 0.798711
vt 0.802368 0.798711
vt 0.800563 0.731160
vt 0.800563 0.788465
vt 0.792589 0.793061
vt 0.792589 0.735754
vt 0.918462 0.788465
vt 0.918461 0.731159
vt 0.926435 0.735754
vt 0.926435 0.793061
vt 0.916657 0.670731
vt 0.802368 0.670731
vt 0.802368 0.661528
vt 0.916657 0.661528
vt 0.800563 0.671774
vt 0.800563 0.729080
vt 0.792589 0.724485
vt 0.792589 0.667179
vt 0.983615 0.461631
vt 0.980355 0.461631
vt 0.502860 0.317634
vt 0.502860 0.320894
vt 0.465256 0.320894
vt 0.465256 0.317634
vt 0.980355 0.330387
vt 0.983615 0.330387
vt 0.624666 0.034367
vt 0.591689 0.032946
vt 0.987762 0.461631
vt 0.984501 0.461631
vt 0.524049 0.105015
vt 0.527310 0.105015
vt 0.527310 0.142619
vt 0.524049 0.142619
vt 0.984501 0.330387
vt 0.987762 0.330387
vt 0.988648 0.365968
vt 0.991618 0.365968
vt 0.991618 0.373118
vt 0.988648 0.373118
vt 0.988648 0.418901
vt 0.991618 0.418901
vt 0.991618 0.426050
vt 0.988648 0.426050
vt 0.932826 0.171386
vt 0.935796 0.171386
vt 0.935796 0.178027
vt 0.932826 0.178027
vt 0.988648 0.379759
vt 0.991618 0.379759
vt 0.991618 0.385762
vt 0.988648 0.385762
vt 0.988648 0.391150
vt 0.991618 0.391150
vt 0.991618 0.396009
vt 0.988648 0.396009
vt 0.932826 0.194277
vt 0.935796 0.194277
vt 0.935796 0.199136
vt 0.932826 0.199136
vt 0.935796 0.164236
vt 0.932826 0.164236
vt 0.991618 0.400868
vt 0.988648 0.400868
vt 0.935796 0.204524
vt 0.932826 0.204524
vt 0.788536 0.418842
vt 0.988648 0.412259
vt 0.991618 0.412259
vt 0.932826 0.217169
vt 0.935796 0.217169
vt 0.935796 0.224318
vt 0.932826 0.224318
vt 0.935796 0.210527
vt 0.932826 0.210527
vt 0.988648 0.406256
vt 0.991618 0.406256
vt 0.932826 0.189418
vt 0.935796 0.189418
vt 0.935796 0.184030
vt 0.932826 0.184030
vt 0.387170 0.358853
vt 0.390140 0.358853
vt 0.390140 0.366003
vt 0.387170 0.366003
vt 0.387170 0.411786
vt 0.390140 0.411786
vt 0.390140 0.418935
vt 0.387170 0.418935
vt 0.383314 0.366003
vt 0.386284 0.366003
vt 0.386284 0.372644
vt 0.383314 0.372644
vt 0.387170 0.372644
vt 0.390140 0.372644
vt 0.390140 0.378647
vt 0.387170 0.378647
vt 0.387170 0.384035
vt 0.390140 0.384035
vt 0.390140 0.388894
vt 0.387170 0.388894
vt 0.383314 0.388894
vt 0.386284 0.388894
vt 0.386284 0.393753
vt 0.383314 0.393753
vt 0.386284 0.358853
vt 0.383314 0.358853
vt 0.390140 0.393753
vt 0.387170 0.393753
vt 0.387170 0.390563
vt 0.386284 0.399141
vt 0.383314 0.399141
vt 0.536531 0.367008
vt 0.533096 0.367740
vt 0.528476 0.370590
vt 0.524537 0.375138
vt 0.521516 0.381061
vt 0.519617 0.387957
vt 0.518966 0.395355
vt 0.472751 0.395396
vt 0.472102 0.388007
vt 0.470206 0.381123
vt 0.467194 0.375214
vt 0.463272 0.370684
vt 0.458704 0.367830
vt 0.453948 0.366856
vt 0.449191 0.367834
vt 0.444627 0.370692
vt 0.440711 0.375235
vt 0.437708 0.381152
vt 0.435822 0.388040
vt 0.435183 0.395431
vt 0.387170 0.405144
vt 0.390140 0.405144
vt 0.383314 0.411786
vt 0.386284 0.411786
vt 0.386284 0.418935
vt 0.383314 0.418935
vt 0.386284 0.405144
vt 0.383314 0.405144
vt 0.387170 0.399142
vt 0.390140 0.399142
vt 0.383314 0.384035
vt 0.386284 0.384035
vt 0.386284 0.378647
vt 0.383314 0.378647
vt 0.290902 0.097982
vt 0.316971 0.170833
vt 0.276374 0.248046
vt 0.291629 0.244482
vt 0.789381 0.228943
vt 0.789382 0.306363
vt 0.272047 0.246783
vt 0.789379 0.324400
vt 0.650947 0.686048
vt 0.650947 0.715081
vt 0.464266 0.189523
vt 0.452165 0.176921
vt 0.452165 0.147888
vt 0.423132 0.147888
vt 0.410067 0.147888
vt 0.381033 0.147888
vt 0.367968 0.147888
vt 0.460414 0.287536
vt 0.460414 0.316569
vt 0.424491 0.316569
vt 0.424491 0.287536
vt 0.618469 0.682603
vt 0.647502 0.682603
vt 0.471371 0.126246
vt 0.500405 0.126246
vt 0.500405 0.162170
vt 0.471371 0.162170
vt 0.503850 0.129691
vt 0.503850 0.158725
vt 0.790268 0.000443
vt 0.802870 0.020445
vt 0.802870 0.049478
vt 0.790268 0.057601
vt 0.456969 0.320014
vt 0.427936 0.320014
vt 0.647502 0.718526
vt 0.618469 0.718526
vt 0.615128 0.755085
vt 0.615128 0.726052
vt 0.617545 0.726052
vt 0.617545 0.755085
vt 0.683750 0.726052
vt 0.683750 0.755085
vt 0.681333 0.755085
vt 0.681333 0.726052
vt 0.652299 0.723634
vt 0.681333 0.723634
vt 0.652299 0.726052
vt 0.615651 0.765424
vt 0.670268 0.765424
vt 0.670268 0.794458
vt 0.615651 0.794458
vt 0.802870 0.062543
vt 0.831903 0.062543
vt 0.831903 0.091577
vt 0.857486 0.104642
vt 0.802870 0.104642
vt 0.802870 0.091577
vt 0.646578 0.755085
vt 0.646578 0.726052
vt 0.652299 0.755085
vt 0.681333 0.757502
vt 0.652299 0.757502
vt 0.775464 0.647517
vt 0.775092 0.676548
vt 0.646579 0.757502
vt 0.617545 0.757502
vt 0.670268 0.796875
vt 0.615651 0.796875
vt 0.615651 0.763007
vt 0.670268 0.763007
vt 0.617545 0.723634
vt 0.646578 0.723634
vt 0.649882 0.755085
vt 0.649882 0.726052
vt 0.672685 0.765424
vt 0.672685 0.794458
vt 0.648996 0.726052
vt 0.648996 0.755085
vt 0.784964 0.324399
vt 0.802870 0.133675
vt 0.790268 0.111191
vt 0.591697 0.324402
vt 0.536042 0.324402
vt 0.875176 0.506226
vt 0.857933 0.469814
vt 0.876667 0.502627
vt 0.878239 0.474788
vt 0.881982 0.497181
vt 0.879138 0.499364
vt 0.889963 0.475443
vt 0.889963 0.494880
vt 0.886001 0.495401
vt 0.901687 0.474788
vt 0.897618 0.496931
vt 0.893926 0.495401
vt 0.912613 0.472868
vt 0.903221 0.502534
vt 0.900788 0.499364
vt 0.921994 0.469814
vt 0.904751 0.506226
vt 0.903260 0.502627
vt 0.385787 0.815406
vt 0.373336 0.817595
vt 0.359975 0.818341
vt 0.359975 0.779324
vt 0.346614 0.817595
vt 0.337325 0.779324
vt 0.334164 0.815406
vt 0.323472 0.811925
vt 0.798267 0.454996
vt 0.791983 0.454996
vt 0.791983 0.445130
vt 0.798267 0.445130
vt 0.791983 0.434037
vt 0.798267 0.434037
vt 0.791983 0.422295
vt 0.798267 0.422295
vt 0.791983 0.410553
vt 0.798267 0.410553
vt 0.791983 0.399460
vt 0.798267 0.399460
vt 0.798267 0.459234
vt 0.791983 0.459234
vt 0.790268 0.262068
vt 0.857486 0.262068
vt 0.857486 0.133675
vt 0.631939 0.516062
vt 0.632522 0.470600
vt 0.629988 0.668137
vt 0.630430 0.633684
vt 0.416376 0.947090
vt 0.568464 0.947090
vt 0.568464 0.973856
vt 0.568464 0.979584
vt 0.416376 0.979584
vt 0.214413 0.246411
vt 0.948037 0.798259
vt 0.949017 0.695926
vt 0.949345 0.661661
vt 0.960517 0.661768
vt 0.949345 0.831568
vt 0.991136 0.831568
vt 0.991136 0.837445
vt 0.949345 0.837445
vt 0.991136 0.661768
vt 0.199389 0.108601
vt 0.199389 0.182872
vt 0.574373 0.966843
vt 0.574373 0.973856
vt 0.949345 0.824594
vt 0.991136 0.824594
vt 0.580282 0.959831
vt 0.586191 0.952819
vt 0.586191 0.959831
vt 0.991136 0.844419
vt 0.949345 0.844419
vt 0.580282 0.966843
vt 0.991136 0.857270
vt 0.949345 0.857269
vt 0.949345 0.850296
vt 0.991136 0.850296
vt 0.592100 0.947090
vt 0.592100 0.952819
vt 0.600030 0.470183
vt 0.626211 0.515988
vt 0.599447 0.515645
vt 0.949345 0.868843
vt 0.949345 0.863146
vt 0.991136 0.863146
vt 0.991136 0.868843
vt 0.178868 0.097058
vt 0.199389 0.097058
vt 0.703514 0.531711
vt 0.918019 0.989942
vt 0.918020 0.887040
vt 0.921415 0.887040
vt 0.921415 0.989942
vt 0.631750 0.530790
vt 0.993186 0.887040
vt 0.993186 0.989942
vt 0.944660 0.798227
vt 0.945640 0.695894
vt 0.993186 0.993337
vt 0.921415 0.993338
vt 0.921415 0.883644
vt 0.993186 0.883644
vt 0.273298 0.358186
vt 0.273298 0.326056
vt 0.273298 0.280969
vt 0.278975 0.280969
vt 0.278975 0.358186
vt 0.291871 0.283859
vt 0.291871 0.287874
vt 0.286194 0.287874
vt 0.286194 0.283859
vt 0.350418 0.427930
vt 0.328458 0.427930
vt 0.328458 0.365940
vt 0.350418 0.365940
vt 0.377778 0.363785
vt 0.377778 0.477262
vt 0.372347 0.479567
vt 0.354658 0.439738
vt 0.354658 0.363785
vt 0.284665 0.280969
vt 0.284665 0.326056
vt 0.284665 0.358186
vt 0.278988 0.358186
vt 0.278988 0.280969
vt 0.359285 0.483820
vt 0.344074 0.486493
vt 0.327751 0.487405
vt 0.327751 0.439738
vt 0.311428 0.486493
vt 0.299615 0.439737
vt 0.296217 0.483820
vt 0.283156 0.479567
vt 0.291871 0.349835
vt 0.286194 0.349835
vt 0.286194 0.340488
vt 0.291871 0.340488
vt 0.286194 0.329979
vt 0.291871 0.329979
vt 0.286194 0.318855
vt 0.291871 0.318855
vt 0.286194 0.307730
vt 0.291871 0.307730
vt 0.286194 0.297221
vt 0.291871 0.297221
vt 0.291871 0.353850
vt 0.286194 0.353850
vt 0.097537 0.246651
vt 0.097750 0.280083
vt 0.078774 0.291053
vt 0.078492 0.246772
vt 0.211583 0.182872
vt 0.211583 0.192546
vt 0.208657 0.192546
vt 0.169696 0.327801
vt 0.169696 0.279314
vt 0.134367 0.366883
vt 0.134363 0.365778
vt 0.165800 0.329454
vt 0.156465 0.332509
vt 0.145585 0.334441
vt 0.133898 0.335124
vt 0.111316 0.332656
vt 0.122208 0.334517
vt 0.098056 0.328033
vt 0.101962 0.329661
vt 0.079120 0.345368
vt 0.208657 0.198060
vt 0.207519 0.198060
vt 0.746161 0.034368
vt 0.788569 0.034033
vt 0.367968 0.176921
vt 0.381033 0.176921
vt 0.410067 0.176921
vt 0.423132 0.176921
vt 0.886642 0.525060
vt 0.889963 0.525498
vt 0.889963 0.544934
vt 0.897618 0.523447
vt 0.899858 0.521727
vt 0.893926 0.524976
vt 0.896582 0.523876
vt 0.883345 0.523876
vt 0.893285 0.525060
vt 0.880068 0.521727
vt 0.746161 0.062530
vt 0.624666 0.062530
vt 0.625311 0.069930
vt 0.627204 0.076826
vt 0.630216 0.082748
vt 0.634141 0.087292
vt 0.638711 0.090149
vt 0.643473 0.091123
vt 0.648234 0.090149
vt 0.652805 0.087292
vt 0.656730 0.082748
vt 0.659741 0.076826
vt 0.661634 0.069930
vt 0.662280 0.062530
vt 0.708546 0.062530
vt 0.709192 0.069930
vt 0.711085 0.076826
vt 0.714096 0.082748
vt 0.718021 0.087292
vt 0.722591 0.090149
vt 0.727354 0.091123
vt 0.732115 0.090149
vt 0.736686 0.087292
vt 0.740610 0.082748
vt 0.743622 0.076827
vt 0.745515 0.069930
vt 0.809055 0.506289
vt 0.854031 0.468158
vt 0.925895 0.423492
vt 0.925895 0.386653
vt 0.970871 0.506289
vt 0.709304 0.387935
vt 0.708657 0.395332
vt 0.662402 0.395326
vt 0.624797 0.395323
vt 0.556522 0.395334
vt 0.555861 0.387940
vt 0.553951 0.381052
vt 0.550922 0.375138
vt 0.546976 0.370604
vt 0.542350 0.367768
vt 0.537501 0.366810
vt 0.598561 0.816765
vt 0.598561 0.927513
vt 0.598561 0.665888
vt 0.478925 0.458349
vt 0.586899 0.002669
vt 0.169696 0.246411
vt 0.164870 0.242213
vt 0.164870 0.325250
vt 0.309475 0.701912
vt 0.309475 0.646167
vt 0.312473 0.646167
vt 0.312473 0.701912
vt 0.309475 0.742424
vt 0.309475 0.722220
vt 0.312473 0.722220
vt 0.312473 0.742424
vt 0.309475 0.798169
vt 0.312473 0.798169
vt 0.269795 0.047120
vt 0.337325 0.717154
vt 0.319026 0.810039
vt 0.319026 0.717154
vt 0.207519 0.210093
vt 0.299615 0.363785
vt 0.277724 0.477262
vt 0.277724 0.363785
vt 0.207519 0.222557
vt 0.302691 0.646296
vt 0.302691 0.701732
vt 0.300726 0.701732
vt 0.300726 0.646296
vt 0.302691 0.744030
vt 0.302691 0.799106
vt 0.300726 0.799106
vt 0.300726 0.744030
vt 0.302691 0.722509
vt 0.300726 0.722509
vt 0.305494 0.427930
vt 0.305494 0.365940
vt 0.208657 0.222557
vt 0.690299 0.543305
vt 0.678707 0.543305
vt 0.677425 0.543305
vt 0.662712 0.543305
vt 0.661430 0.543305
vt 0.633843 0.543305
vt 0.632713 0.542119
vt 0.691428 0.542119
vt 0.633843 0.587600
vt 0.645434 0.587600
vt 0.646716 0.587600
vt 0.661430 0.587600
vt 0.662712 0.587600
vt 0.677425 0.587600
vt 0.678707 0.587600
vt 0.690299 0.587600
vt 0.691428 0.588947
vt 0.632713 0.588947
vt 0.792985 0.338357
vt 0.820857 0.338357
vt 0.823940 0.338357
vt 0.897780 0.338357
vt 0.900863 0.338357
vt 0.928735 0.338357
vt 0.931452 0.341187
vt 0.790268 0.341187
vt 0.690299 0.571006
vt 0.690299 0.557890
vt 0.690299 0.556420
vt 0.691428 0.572191
vt 0.928735 0.265784
vt 0.900863 0.265784
vt 0.897780 0.265784
vt 0.862401 0.265784
vt 0.859318 0.265784
vt 0.823940 0.265784
vt 0.820857 0.265784
vt 0.792985 0.265784
vt 0.790268 0.262954
vt 0.931452 0.262954
vt 0.325270 0.948881
vt 0.328353 0.948881
vt 0.328353 0.983413
vt 0.325270 0.983413
vt 0.690299 0.573538
vt 0.678707 0.573538
vt 0.677425 0.573538
vt 0.662712 0.573538
vt 0.661430 0.573538
vt 0.646716 0.573538
vt 0.645434 0.573538
vt 0.633843 0.573538
vt 0.632713 0.572191
vt 0.394687 0.870959
vt 0.366815 0.870959
vt 0.363732 0.870959
vt 0.328353 0.870959
vt 0.325270 0.870959
vt 0.289892 0.870959
vt 0.286809 0.870959
vt 0.258937 0.870959
vt 0.792985 0.378238
vt 0.820857 0.378238
vt 0.823940 0.378238
vt 0.859318 0.378238
vt 0.862401 0.378238
vt 0.897780 0.378238
vt 0.900863 0.378238
vt 0.928735 0.378238
vt 0.931452 0.381476
vt 0.790268 0.381476
vt 0.928735 0.344425
vt 0.900863 0.344425
vt 0.897780 0.344425
vt 0.862401 0.344425
vt 0.859318 0.344425
vt 0.823940 0.344425
vt 0.820857 0.344425
vt 0.792985 0.344425
vt 0.394687 0.904772
vt 0.397404 0.908010
vt 0.258937 0.904772
vt 0.256220 0.908010
vt 0.432031 0.527356
vt 0.432031 0.474436
vt 0.432031 0.655525
vt 0.432031 0.608559
vt 0.956308 0.564093
vt 0.916438 0.541644
vt 0.914131 0.537699
vt 0.432031 0.594417
vt 0.432031 0.541497
vt 0.802580 0.564093
vt 0.847504 0.564093
vt 0.859509 0.564093
vt 0.904433 0.564093
vt 0.916438 0.564093
vt 0.400518 0.608559
vt 0.394980 0.605842
vt 0.859509 0.541444
vt 0.857202 0.537699
vt 0.400238 0.541497
vt 0.394980 0.538780
vt 0.400238 0.474436
vt 0.394980 0.471719
vt 0.802580 0.541444
vt 0.800274 0.537699
vt 0.258937 0.983413
vt 0.286809 0.983413
vt 0.289892 0.983413
vt 0.363732 0.983413
vt 0.366815 0.983413
vt 0.394687 0.983413
vt 0.397404 0.986243
vt 0.256220 0.986243
vt 0.633843 0.571006
vt 0.645434 0.571006
vt 0.646716 0.571006
vt 0.661430 0.571006
vt 0.662712 0.571006
vt 0.677425 0.571006
vt 0.678707 0.571006
vt 0.286809 0.904772
vt 0.289891 0.904772
vt 0.325270 0.904772
vt 0.328353 0.904772
vt 0.363732 0.904772
vt 0.366815 0.904772
vt 0.286809 0.948881
vt 0.289892 0.948881
vt 0.258937 0.910840
vt 0.258937 0.945372
vt 0.258937 0.948881
vt 0.862401 0.300316
vt 0.859318 0.300316
vt 0.823940 0.300316
vt 0.820857 0.300316
vt 0.678707 0.556420
vt 0.677425 0.556420
vt 0.633843 0.556420
vt 0.633843 0.557890
vt 0.363732 0.948881
vt 0.366815 0.948881
vt 0.897780 0.303825
vt 0.900863 0.303825
vt 0.394687 0.910840
vt 0.366815 0.910840
vt 0.363732 0.910840
vt 0.328353 0.910840
vt 0.325270 0.910840
vt 0.289892 0.910840
vt 0.286809 0.910840
vt 0.662712 0.556420
vt 0.661430 0.556420
vt 0.645434 0.557890
vt 0.646716 0.557890
vt 0.661430 0.557890
vt 0.662712 0.557890
vt 0.900863 0.300316
vt 0.897780 0.300316
vt 0.820857 0.303825
vt 0.823940 0.303825
vt 0.928735 0.303825
vt 0.928735 0.300316
vt 0.792985 0.300316
vt 0.792985 0.303825
vt 0.394687 0.948881
vt 0.394687 0.945372
vt 0.328353 0.945372
vt 0.325270 0.945372
vt 0.366815 0.945372
vt 0.363732 0.945372
vt 0.289892 0.945372
vt 0.286809 0.945372
vt 0.678707 0.557890
vt 0.677425 0.557890
vt 0.787406 0.567108
vt 0.787406 0.465495
vt 0.790679 0.465495
vt 0.790679 0.567108
vt 0.787388 0.465495
vt 0.787388 0.567108
vt 0.784115 0.567108
vt 0.784116 0.465495
vt 0.797118 0.522978
vt 0.797118 0.470958
vt 0.800391 0.470958
vt 0.800391 0.522978
vt 0.790696 0.568956
vt 0.790696 0.467342
vt 0.792611 0.465495
vt 0.792611 0.568956
vt 0.796408 0.470700
vt 0.796408 0.522721
vt 0.794561 0.524635
vt 0.794561 0.468785
vt 0.792629 0.567109
vt 0.792629 0.465495
vt 0.794543 0.465495
vt 0.794543 0.568956
vt 0.805050 0.784744
vt 0.828505 0.784744
vt 0.831537 0.784744
vt 0.857997 0.784744
vt 0.861028 0.784744
vt 0.887488 0.784744
vt 0.890520 0.784744
vt 0.913975 0.784744
vt 0.916657 0.787426
vt 0.802368 0.787426
vt 0.913975 0.675496
vt 0.890520 0.675496
vt 0.887488 0.675496
vt 0.861028 0.675496
vt 0.857996 0.675496
vt 0.831537 0.675496
vt 0.828505 0.675496
vt 0.805050 0.675496
vt 0.802368 0.672814
vt 0.916657 0.672814
vt 0.857996 0.727437
vt 0.857996 0.703201
vt 0.861028 0.703201
vt 0.861028 0.727437
vt 0.805050 0.727438
vt 0.828505 0.727437
vt 0.831537 0.727437
vt 0.887488 0.727437
vt 0.890520 0.727437
vt 0.913975 0.727437
vt 0.916657 0.730120
vt 0.802368 0.730120
vt 0.913975 0.732802
vt 0.890520 0.732802
vt 0.887488 0.732802
vt 0.861028 0.732802
vt 0.857996 0.732802
vt 0.831537 0.732802
vt 0.828505 0.732802
vt 0.805050 0.732802
vt 0.828505 0.760506
vt 0.831537 0.760506
vt 0.913975 0.703200
vt 0.913975 0.699733
vt 0.831537 0.699733
vt 0.828505 0.699733
vt 0.805050 0.757039
vt 0.805050 0.760506
vt 0.861028 0.757039
vt 0.857996 0.757039
vt 0.831537 0.757039
vt 0.828505 0.757039
vt 0.861028 0.699733
vt 0.857996 0.699733
vt 0.857996 0.760507
vt 0.861028 0.760506
vt 0.887488 0.760506
vt 0.890520 0.760507
vt 0.890520 0.757039
vt 0.887488 0.757039
vt 0.913975 0.760507
vt 0.913975 0.757039
vt 0.828505 0.703201
vt 0.831537 0.703201
vt 0.805050 0.699733
vt 0.805050 0.703200
vt 0.890520 0.699733
vt 0.887488 0.699733
vt 0.887488 0.703201
vt 0.890520 0.703200
vt 0.874654 0.510189
vt 0.874771 0.509304
vt 0.867314 0.472868
vt 0.900789 0.521014
vt 0.905156 0.509304
vt 0.897945 0.497181
vt 0.854031 0.416899
vt 0.745618 0.387940
vt 0.746262 0.395337
vt 0.625443 0.387928
vt 0.627336 0.381037
vt 0.743727 0.381046
vt 0.630346 0.375119
vt 0.634269 0.370578
vt 0.740718 0.375125
vt 0.736796 0.370583
vt 0.638839 0.367724
vt 0.643599 0.366751
vt 0.732227 0.367727
vt 0.727467 0.366753
vt 0.648361 0.367727
vt 0.722707 0.367728
vt 0.652929 0.370580
vt 0.718136 0.370582
vt 0.656853 0.375120
vt 0.714211 0.375123
vt 0.659864 0.381038
vt 0.711198 0.381042
vt 0.661756 0.387930
vt 0.124990 0.500237
vt 0.125380 0.496642
vt 0.130989 0.497224
vt 0.130635 0.500821
vt 0.110369 0.634879
vt 0.117413 0.570012
vt 0.123755 0.570648
vt 0.117359 0.635561
vt 0.130097 0.571224
vt 0.124346 0.636182
vt 0.136442 0.571742
vt 0.131333 0.636741
vt 0.142789 0.572200
vt 0.138321 0.637237
vt 0.149139 0.572599
vt 0.145311 0.637670
vt 0.155491 0.572936
vt 0.152303 0.638037
vt 0.161846 0.573213
vt 0.159298 0.638338
vt 0.168203 0.573429
vt 0.166294 0.638572
vt 0.174562 0.573582
vt 0.173293 0.638739
vt 0.180922 0.573674
vt 0.180293 0.638839
vt 0.187282 0.573704
vt 0.187293 0.638871
vt 0.193642 0.573672
vt 0.194292 0.638835
vt 0.200001 0.573578
vt 0.201291 0.638732
vt 0.206358 0.573422
vt 0.208288 0.638561
vt 0.212714 0.573205
vt 0.215282 0.638322
vt 0.219067 0.572926
vt 0.222273 0.638018
vt 0.225417 0.572586
vt 0.229261 0.637647
vt 0.231764 0.572186
vt 0.236246 0.637212
vt 0.238107 0.571727
vt 0.243228 0.636713
vt 0.244448 0.571208
vt 0.250208 0.636153
vt 0.250787 0.570632
vt 0.257187 0.635531
vt 0.293953 0.546047
vt 0.293953 0.541999
vt 0.382142 0.542000
vt 0.382142 0.546048
vt 0.257125 0.569998
vt 0.264170 0.634851
vt 0.119350 0.499597
vt 0.119776 0.496005
vt 0.335324 0.514491
vt 0.340928 0.514515
vt 0.340941 0.530136
vt 0.335186 0.530112
vt 0.363334 0.514077
vt 0.368930 0.513836
vt 0.369680 0.529409
vt 0.363942 0.529666
vt 0.391293 0.512377
vt 0.396885 0.511898
vt 0.398207 0.527397
vt 0.392528 0.527880
vt 0.296120 0.512850
vt 0.301718 0.513236
vt 0.300734 0.528809
vt 0.295018 0.528414
vt 0.324117 0.514281
vt 0.329720 0.514413
vt 0.329433 0.530031
vt 0.323682 0.529894
vt 0.352134 0.514402
vt 0.357735 0.514266
vt 0.358198 0.529868
vt 0.352448 0.530014
vt 0.380114 0.513202
vt 0.385704 0.512812
vt 0.386835 0.528330
vt 0.381128 0.528737
vt 0.284920 0.511937
vt 0.290522 0.512416
vt 0.289312 0.527978
vt 0.283616 0.527506
vt 0.312914 0.513861
vt 0.318515 0.514097
vt 0.317935 0.529702
vt 0.312194 0.529455
vt 0.273689 0.510846
vt 0.279310 0.511414
vt 0.277928 0.527005
vt 0.272244 0.526486
vt 0.346531 0.514486
vt 0.346695 0.530103
vt 0.374523 0.513544
vt 0.375409 0.529098
vt 0.402485 0.511377
vt 0.403874 0.526889
vt 0.307316 0.513574
vt 0.306460 0.529157
vt 0.408100 0.510816
vt 0.409524 0.526372
vt 0.110892 0.394114
vt 0.105131 0.399875
vt 0.092690 0.390328
vt 0.101346 0.381672
vt 0.101057 0.406930
vt 0.086569 0.400929
vt 0.098949 0.414800
vt 0.083401 0.412753
vt 0.098949 0.422947
vt 0.083401 0.424994
vt 0.101057 0.430817
vt 0.086569 0.436818
vt 0.105131 0.437873
vt 0.092690 0.447419
vt 0.110892 0.443634
vt 0.101346 0.456075
vt 0.117948 0.447708
vt 0.111947 0.462196
vt 0.125817 0.449816
vt 0.123771 0.465364
vt 0.133965 0.449816
vt 0.136012 0.465364
vt 0.141835 0.447708
vt 0.147836 0.462196
vt 0.148890 0.443634
vt 0.158437 0.456075
vt 0.154651 0.437873
vt 0.167093 0.447419
vt 0.158725 0.430817
vt 0.173213 0.436818
vt 0.160834 0.422947
vt 0.176381 0.424994
vt 0.160834 0.414800
vt 0.176381 0.412753
vt 0.158725 0.406930
vt 0.173213 0.400929
vt 0.154651 0.399874
vt 0.167093 0.390328
vt 0.148890 0.394113
vt 0.158437 0.381672
vt 0.141835 0.390040
vt 0.147836 0.375552
vt 0.133965 0.387931
vt 0.136012 0.372384
vt 0.125817 0.387931
vt 0.123771 0.372384
vt 0.117948 0.390040
vt 0.111947 0.375552
vt 0.304276 0.096821
vt 0.300172 0.096821
vt 0.296208 0.095759
vt 0.292654 0.093707
vt 0.289752 0.090805
vt 0.287700 0.087251
vt 0.286638 0.083286
vt 0.286638 0.079182
vt 0.287700 0.075218
vt 0.289752 0.071664
vt 0.292654 0.068762
vt 0.296208 0.066710
vt 0.300172 0.065648
vt 0.304276 0.065648
vt 0.308240 0.066710
vt 0.311794 0.068762
vt 0.314696 0.071664
vt 0.316748 0.075218
vt 0.317810 0.079182
vt 0.317810 0.083286
vt 0.316748 0.087251
vt 0.314696 0.090805
vt 0.311794 0.093707
vt 0.308240 0.095759
vt 0.293953 0.614862
vt 0.293953 0.610814
vt 0.382142 0.610814
vt 0.382142 0.614862
vt 0.293953 0.578431
vt 0.293953 0.574383
vt 0.382142 0.574383
vt 0.382142 0.578431
vt 0.293953 0.550095
vt 0.382142 0.550096
vt 0.293953 0.618910
vt 0.382142 0.618910
vt 0.293953 0.582479
vt 0.382142 0.582479
vt 0.293953 0.590575
vt 0.293953 0.586527
vt 0.382142 0.586527
vt 0.382142 0.590575
vt 0.293953 0.554143
vt 0.382142 0.554144
vt 0.293953 0.622958
vt 0.382142 0.622957
vt 0.293953 0.594623
vt 0.382142 0.594622
vt 0.293953 0.558191
vt 0.382142 0.558192
vt 0.293953 0.627006
vt 0.382142 0.627005
vt 0.293953 0.598671
vt 0.382142 0.598670
vt 0.293953 0.562239
vt 0.382142 0.562239
vt 0.293953 0.631054
vt 0.382142 0.631053
vt 0.293953 0.602719
vt 0.382142 0.602718
vt 0.293953 0.566287
vt 0.382142 0.566287
vt 0.293953 0.635102
vt 0.382142 0.635101
vt 0.293953 0.606766
vt 0.382142 0.606766
vt 0.293953 0.570335
vt 0.382142 0.570335
vt 0.293953 0.537951
vt 0.382142 0.537952
vt 0.095003 0.704618
vt 0.102700 0.639801
vt 0.109753 0.640548
vt 0.102710 0.705414
vt 0.103373 0.634136
vt 0.111070 0.569319
vt 0.249546 0.500235
vt 0.249156 0.496641
vt 0.254751 0.496005
vt 0.255177 0.499596
vt 0.124314 0.564974
vt 0.136284 0.501350
vt 0.130600 0.565547
vt 0.271387 0.779512
vt 0.264707 0.711776
vt 0.272447 0.711042
vt 0.279801 0.778730
vt 0.264147 0.706104
vt 0.257747 0.641204
vt 0.264786 0.640520
vt 0.271831 0.705374
vt 0.243901 0.500819
vt 0.243547 0.497223
vt 0.262985 0.780232
vt 0.256974 0.712450
vt 0.256471 0.706773
vt 0.250711 0.641829
vt 0.238252 0.501348
vt 0.237933 0.497749
vt 0.254588 0.780886
vt 0.249243 0.713060
vt 0.248796 0.707380
vt 0.243675 0.642393
vt 0.232599 0.501821
vt 0.232315 0.498220
vt 0.246190 0.781472
vt 0.241512 0.713604
vt 0.241120 0.707921
vt 0.236638 0.642895
vt 0.226942 0.502239
vt 0.226694 0.498636
vt 0.237790 0.781985
vt 0.233778 0.714081
vt 0.233442 0.708394
vt 0.229597 0.643334
vt 0.221282 0.502601
vt 0.221068 0.498996
vt 0.229387 0.782424
vt 0.226040 0.714487
vt 0.225760 0.708798
vt 0.222554 0.643707
vt 0.215618 0.502908
vt 0.215440 0.499301
vt 0.220979 0.782786
vt 0.218299 0.714823
vt 0.218074 0.709131
vt 0.215506 0.644014
vt 0.209952 0.503158
vt 0.209809 0.499550
vt 0.212567 0.783070
vt 0.210554 0.715085
vt 0.210385 0.709392
vt 0.208456 0.644254
vt 0.204283 0.503354
vt 0.204176 0.499744
vt 0.204152 0.783275
vt 0.202806 0.715274
vt 0.202693 0.709580
vt 0.201403 0.644426
vt 0.198613 0.503493
vt 0.198542 0.499883
vt 0.195735 0.783400
vt 0.195056 0.715389
vt 0.194999 0.709694
vt 0.194349 0.644531
vt 0.192942 0.503577
vt 0.192906 0.499966
vt 0.187316 0.783444
vt 0.187305 0.715430
vt 0.187304 0.709734
vt 0.187293 0.644567
vt 0.187270 0.503605
vt 0.187270 0.499994
vt 0.178897 0.783408
vt 0.179553 0.715395
vt 0.179608 0.709700
vt 0.180238 0.644535
vt 0.181599 0.503577
vt 0.181633 0.499966
vt 0.170477 0.783291
vt 0.171802 0.715286
vt 0.171913 0.709591
vt 0.173182 0.644434
vt 0.175927 0.503494
vt 0.175998 0.499883
vt 0.162059 0.783094
vt 0.164052 0.715103
vt 0.164219 0.709409
vt 0.166128 0.644266
vt 0.170257 0.503354
vt 0.170363 0.499745
vt 0.153643 0.782817
vt 0.156303 0.714846
vt 0.156526 0.709154
vt 0.159075 0.644030
vt 0.164588 0.503159
vt 0.164729 0.499551
vt 0.145229 0.782462
vt 0.148557 0.714517
vt 0.148836 0.708827
vt 0.152024 0.643727
vt 0.158921 0.502909
vt 0.159098 0.499301
vt 0.136817 0.782030
vt 0.140813 0.714115
vt 0.141148 0.708428
vt 0.144976 0.643357
vt 0.153257 0.502602
vt 0.153469 0.498997
vt 0.128407 0.781523
vt 0.133071 0.713643
vt 0.133462 0.707959
vt 0.137930 0.642922
vt 0.147596 0.502240
vt 0.147844 0.498636
vt 0.119998 0.780942
vt 0.125330 0.713103
vt 0.125777 0.707422
vt 0.130886 0.642422
vt 0.141938 0.501823
vt 0.142221 0.498221
vt 0.111586 0.780291
vt 0.117589 0.712495
vt 0.118092 0.706817
vt 0.123843 0.641859
vt 0.136603 0.497750
vt 0.103170 0.779571
vt 0.109845 0.711821
vt 0.110404 0.706148
vt 0.116800 0.641234
vt 0.094742 0.778785
vt 0.102094 0.711084
vt 0.280201 0.710248
vt 0.288236 0.777887
vt 0.271830 0.639778
vt 0.279528 0.704584
vt 0.263458 0.569307
vt 0.271157 0.634114
vt 0.397181 0.504340
vt 0.402304 0.503814
vt 0.402752 0.507584
vt 0.397591 0.508112
vt 0.392082 0.497640
vt 0.396732 0.497149
vt 0.397180 0.500919
vt 0.392492 0.501413
vt 0.386982 0.490426
vt 0.391160 0.489969
vt 0.391608 0.493739
vt 0.387392 0.494198
vt 0.392067 0.504825
vt 0.392439 0.508601
vt 0.387434 0.498093
vt 0.387806 0.501869
vt 0.382801 0.490845
vt 0.383174 0.494620
vt 0.386957 0.505271
vt 0.387292 0.509049
vt 0.382788 0.498507
vt 0.383123 0.502285
vt 0.378620 0.491226
vt 0.378955 0.495004
vt 0.381849 0.505675
vt 0.382146 0.509455
vt 0.378142 0.498880
vt 0.378440 0.502660
vt 0.374436 0.491569
vt 0.374734 0.495349
vt 0.376740 0.506035
vt 0.377000 0.509818
vt 0.373495 0.499212
vt 0.373756 0.502995
vt 0.370251 0.491872
vt 0.370512 0.495655
vt 0.371629 0.506350
vt 0.371853 0.510135
vt 0.368846 0.499501
vt 0.369070 0.503286
vt 0.366064 0.492137
vt 0.366288 0.495922
vt 0.366516 0.506619
vt 0.366702 0.510406
vt 0.364195 0.499748
vt 0.364382 0.503535
vt 0.361874 0.492361
vt 0.362061 0.496148
vt 0.361400 0.506841
vt 0.361550 0.510629
vt 0.359542 0.499951
vt 0.359691 0.503739
vt 0.357683 0.492545
vt 0.357832 0.496333
vt 0.356282 0.507014
vt 0.356395 0.510804
vt 0.354886 0.500109
vt 0.354998 0.503899
vt 0.353490 0.492689
vt 0.353602 0.496478
vt 0.351163 0.507139
vt 0.351238 0.510929
vt 0.350229 0.500223
vt 0.350304 0.504014
vt 0.349296 0.492791
vt 0.349371 0.496582
vt 0.346042 0.507215
vt 0.346079 0.511006
vt 0.345571 0.500292
vt 0.345609 0.504083
vt 0.345100 0.492853
vt 0.345138 0.496644
vt 0.340920 0.507242
vt 0.340920 0.511033
vt 0.340912 0.500316
vt 0.340913 0.504107
vt 0.340904 0.492875
vt 0.340905 0.496666
vt 0.335797 0.507219
vt 0.335761 0.511010
vt 0.336253 0.500295
vt 0.336216 0.504086
vt 0.336708 0.492855
vt 0.336672 0.496646
vt 0.330675 0.507147
vt 0.330601 0.510937
vt 0.331594 0.500228
vt 0.331520 0.504019
vt 0.332512 0.492794
vt 0.332439 0.496585
vt 0.325554 0.507026
vt 0.325443 0.510815
vt 0.326936 0.500117
vt 0.326825 0.503907
vt 0.328317 0.492692
vt 0.328206 0.496482
vt 0.320434 0.506856
vt 0.320285 0.510644
vt 0.322279 0.499961
vt 0.322130 0.503749
vt 0.324123 0.492550
vt 0.323975 0.496339
vt 0.315315 0.506638
vt 0.315130 0.510425
vt 0.317623 0.499761
vt 0.317437 0.503548
vt 0.319931 0.492367
vt 0.319745 0.496155
vt 0.310198 0.506372
vt 0.309975 0.510158
vt 0.312969 0.499516
vt 0.312746 0.503302
vt 0.315740 0.492144
vt 0.315517 0.495930
vt 0.305082 0.506060
vt 0.304822 0.509844
vt 0.308316 0.499229
vt 0.308056 0.503012
vt 0.311550 0.491881
vt 0.311290 0.495665
vt 0.299967 0.505703
vt 0.299670 0.509484
vt 0.303665 0.498898
vt 0.303368 0.502680
vt 0.307363 0.491578
vt 0.307066 0.495359
vt 0.294852 0.505300
vt 0.294517 0.509079
vt 0.299015 0.498526
vt 0.298680 0.502305
vt 0.303177 0.491236
vt 0.302843 0.495015
vt 0.289735 0.504855
vt 0.289363 0.508631
vt 0.294364 0.498113
vt 0.293992 0.501889
vt 0.298993 0.490855
vt 0.298621 0.494631
vt 0.284613 0.504367
vt 0.284204 0.508140
vt 0.289712 0.497659
vt 0.289302 0.501432
vt 0.294810 0.490435
vt 0.294400 0.494208
vt 0.279484 0.503836
vt 0.279036 0.507607
vt 0.285055 0.497164
vt 0.284607 0.500935
vt 0.290626 0.489976
vt 0.290178 0.493747
vt 0.086296 0.777932
vt 0.094330 0.710283
vt 0.136889 0.566061
vt 0.143180 0.566516
vt 0.149474 0.566911
vt 0.155770 0.567246
vt 0.162069 0.567521
vt 0.168370 0.567735
vt 0.174673 0.567888
vt 0.180977 0.567979
vt 0.187281 0.568008
vt 0.193585 0.567977
vt 0.199888 0.567884
vt 0.206190 0.567729
vt 0.212490 0.567513
vt 0.218787 0.567237
vt 0.225081 0.566900
vt 0.231372 0.566503
vt 0.237660 0.566047
vt 0.243945 0.565532
vt 0.250227 0.564959
vt 0.256509 0.564329
vt 0.262785 0.563643
vt 0.111743 0.563654
vt 0.118028 0.564343
vt 0.916390 0.068313
vt 0.916390 0.058846
vt 0.921149 0.059329
vt 0.921149 0.069289
vt 0.978096 0.059410
vt 0.978096 0.055737
vt 0.984351 0.053086
vt 0.984351 0.055998
vt 0.906694 0.073517
vt 0.906694 0.065317
vt 0.911642 0.066990
vt 0.911642 0.076427
vt 0.889993 0.063139
vt 0.889993 0.058494
vt 0.895802 0.061017
vt 0.895802 0.066796
vt 0.936169 0.082697
vt 0.936169 0.070134
vt 0.940948 0.069705
vt 0.940948 0.081853
vt 0.972056 0.063346
vt 0.972056 0.058638
vt 0.901354 0.070278
vt 0.901354 0.063302
vt 0.883929 0.059600
vt 0.883929 0.055924
vt 0.931003 0.082789
vt 0.931003 0.070201
vt 0.966309 0.067445
vt 0.966309 0.061451
vt 0.877678 0.056563
vt 0.877678 0.053641
vt 0.925946 0.082153
vt 0.925946 0.069918
vt 0.960915 0.071392
vt 0.960915 0.063953
vt 0.871369 0.054443
vt 0.871369 0.051939
vt 0.921149 0.080834
vt 0.955756 0.074943
vt 0.955756 0.066038
vt 0.865277 0.053155
vt 0.865277 0.050872
vt 0.916390 0.078898
vt 0.950671 0.077933
vt 0.950671 0.067682
vt 0.990662 0.053449
vt 0.990662 0.051038
vt 0.996797 0.049699
vt 0.996797 0.051868
vt 0.945760 0.080256
vt 0.945760 0.068895
vt 0.972056 0.053459
vt 0.972056 0.048058
vt 0.978096 0.047277
vt 0.978096 0.051632
vt 0.950671 0.058483
vt 0.955756 0.057639
vt 0.990662 0.048454
vt 0.996797 0.047487
vt 0.911642 0.058167
vt 0.945760 0.059092
vt 0.984351 0.049873
vt 0.906694 0.057275
vt 0.895802 0.054875
vt 0.901354 0.056153
vt 0.940948 0.059494
vt 0.889993 0.053403
vt 0.936169 0.059711
vt 0.883929 0.051841
vt 0.931003 0.059755
vt 0.966309 0.055128
vt 0.877678 0.050409
vt 0.925946 0.059628
vt 0.960915 0.056528
vt 0.871369 0.049295
vt 0.865277 0.048589
vt 0.950671 0.049888
vt 0.950671 0.041540
vt 0.955756 0.041761
vt 0.955756 0.049610
vt 0.883929 0.047515
vt 0.889993 0.048080
vt 0.931003 0.050296
vt 0.936169 0.050281
vt 0.966309 0.048716
vt 0.877678 0.046972
vt 0.925946 0.050256
vt 0.960915 0.049228
vt 0.871369 0.046566
vt 0.921149 0.050155
vt 0.865277 0.046297
vt 0.916390 0.049990
vt 0.990662 0.045754
vt 0.996797 0.045235
vt 0.911642 0.049750
vt 0.945760 0.050084
vt 0.984351 0.046461
vt 0.906694 0.049427
vt 0.895802 0.048588
vt 0.901354 0.049011
vt 0.940948 0.050212
vt 0.883929 0.043101
vt 0.883929 0.038722
vt 0.889993 0.037345
vt 0.889993 0.042681
vt 0.990662 0.042998
vt 0.996797 0.042958
vt 0.911642 0.041473
vt 0.916390 0.041333
vt 0.945760 0.041370
vt 0.984351 0.042965
vt 0.906694 0.041659
vt 0.895802 0.042265
vt 0.901354 0.041893
vt 0.940948 0.041251
vt 0.978096 0.042830
vt 0.936169 0.041181
vt 0.972056 0.042600
vt 0.931003 0.041157
vt 0.966309 0.042316
vt 0.877678 0.043459
vt 0.925946 0.041176
vt 0.960915 0.042025
vt 0.871369 0.043791
vt 0.921149 0.041234
vt 0.865277 0.044008
vt 0.950671 0.033136
vt 0.950671 0.024404
vt 0.955756 0.025964
vt 0.955756 0.033916
vt 0.931003 0.031773
vt 0.936169 0.031862
vt 0.966309 0.035995
vt 0.972056 0.037216
vt 0.877678 0.039995
vt 0.925946 0.031845
vt 0.960915 0.034876
vt 0.871369 0.041033
vt 0.921149 0.032080
vt 0.865277 0.041726
vt 0.916390 0.032481
vt 0.990662 0.040250
vt 0.996797 0.040672
vt 0.911642 0.033060
vt 0.945760 0.032537
vt 0.984351 0.039494
vt 0.906694 0.033817
vt 0.895802 0.035980
vt 0.901354 0.034771
vt 0.940948 0.032115
vt 0.978096 0.038434
vt 0.883929 0.034544
vt 0.883929 0.016405
vt 0.889993 0.014497
vt 0.889993 0.032192
vt 0.990662 0.037569
vt 0.996797 0.038386
vt 0.911642 0.024179
vt 0.916390 0.022951
vt 0.945760 0.023153
vt 0.984351 0.036154
vt 0.906694 0.025784
vt 0.895802 0.029849
vt 0.901354 0.027665
vt 0.940948 0.022231
vt 0.978096 0.034231
vt 0.936169 0.021654
vt 0.972056 0.032057
vt 0.931003 0.021432
vt 0.966309 0.029862
vt 0.877678 0.036694
vt 0.925946 0.021573
vt 0.960915 0.027801
vt 0.871369 0.038352
vt 0.921149 0.022079
vt 0.865277 0.039442
vt 0.931003 0.005572
vt 0.936169 0.005898
vt 0.966309 0.013147
vt 0.972056 0.014733
vt 0.877678 0.018245
vt 0.925946 0.005596
vt 0.960915 0.011566
vt 0.871369 0.019962
vt 0.921149 0.005980
vt 0.955756 0.010055
vt 0.865277 0.021553
vt 0.916390 0.006722
vt 0.950671 0.008677
vt 0.990662 0.018992
vt 0.996797 0.020243
vt 0.911642 0.007800
vt 0.945760 0.007491
vt 0.984351 0.017685
vt 0.906694 0.009179
vt 0.895802 0.012601
vt 0.901354 0.010802
vt 0.940948 0.006550
vt 0.978096 0.016261
vt 0.954674 0.106935
vt 0.956371 0.271861
vt 0.953569 0.273373
vt 0.951745 0.106946
vt 0.950504 0.275131
vt 0.948822 0.106958
vt 0.947189 0.276505
vt 0.945900 0.106972
vt 0.943674 0.276719
vt 0.942981 0.106987
vt 0.989979 0.107009
vt 0.988441 0.276790
vt 0.985139 0.276516
vt 0.987016 0.106990
vt 0.981820 0.275088
vt 0.984089 0.106974
vt 0.978696 0.273304
vt 0.981167 0.106959
vt 0.975768 0.271852
vt 0.978245 0.106946
vt 0.973064 0.270862
vt 0.975319 0.106935
vt 0.970641 0.270192
vt 0.972382 0.106926
vt 0.968350 0.269814
vt 0.969434 0.106919
vt 0.966106 0.269686
vt 0.966478 0.106916
vt 0.963845 0.269797
vt 0.963519 0.106916
vt 0.961508 0.270162
vt 0.960562 0.106919
vt 0.985092 0.276780
vt 0.981436 0.276090
vt 0.959034 0.270825
vt 0.957613 0.106926
vt 0.971470 0.074273
vt 0.977000 0.071983
vt 0.982986 0.071983
vt 0.988516 0.074273
vt 0.992749 0.078506
vt 0.995039 0.084036
vt 0.995039 0.090022
vt 0.992749 0.095552
vt 0.988516 0.099785
vt 0.982986 0.102076
vt 0.977000 0.102076
vt 0.971470 0.099785
vt 0.967237 0.095552
vt 0.964946 0.090022
vt 0.964946 0.084036
vt 0.967237 0.078506
vt 0.977926 0.275218
vt 0.981299 0.277159
vt 0.977663 0.277206
vt 0.970047 0.273887
vt 0.968020 0.273737
vt 0.959843 0.274136
vt 0.957273 0.274546
vt 0.947236 0.276777
vt 0.943744 0.276774
vt 0.974880 0.274572
vt 0.972317 0.274155
vt 0.964129 0.273742
vt 0.962086 0.273883
vt 0.954290 0.275254
vt 0.950855 0.276123
vt 0.966077 0.273694
vt 0.988538 0.276849
vt 0.966052 0.277329
vt 0.967917 0.277322
vt 0.967986 0.280939
vt 0.966018 0.280989
vt 0.962232 0.277317
vt 0.960070 0.277281
vt 0.974593 0.277265
vt 0.957555 0.277221
vt 0.954493 0.277203
vt 0.972058 0.277308
vt 0.950952 0.277174
vt 0.969880 0.277319
vt 0.947245 0.277051
vt 0.943813 0.276832
vt 0.988625 0.276905
vt 0.985083 0.277055
vt 0.964188 0.277331
vt 0.970049 0.280780
vt 0.972291 0.280478
vt 0.973115 0.283823
vt 0.970667 0.284586
vt 0.988693 0.276958
vt 0.985113 0.277335
vt 0.964059 0.280931
vt 0.981419 0.278234
vt 0.962023 0.280750
vt 0.977885 0.279201
vt 0.959808 0.280417
vt 0.974853 0.279965
vt 0.957281 0.279887
vt 0.954298 0.279165
vt 0.950800 0.278218
vt 0.947215 0.277319
vt 0.943866 0.276893
vt 0.958962 0.283689
vt 0.961361 0.284461
vt 0.959194 0.311331
vt 0.955797 0.311064
vt 0.950402 0.279202
vt 0.947148 0.277576
vt 0.968276 0.284985
vt 0.943905 0.276955
vt 0.965961 0.285091
vt 0.988786 0.277005
vt 0.985183 0.277611
vt 0.963673 0.284918
vt 0.981800 0.279250
vt 0.978619 0.281127
vt 0.975735 0.282688
vt 0.956399 0.282556
vt 0.953509 0.281050
vt 0.982852 0.310199
vt 0.979466 0.310624
vt 0.952400 0.310699
vt 0.948999 0.310253
vt 0.976102 0.310987
vt 0.945584 0.309741
vt 0.972738 0.311270
vt 0.942146 0.309185
vt 0.969365 0.311455
vt 0.938700 0.308616
vt 0.965982 0.311530
vt 0.993217 0.308765
vt 0.989722 0.309252
vt 0.962590 0.311489
vt 0.986278 0.309732
vt 0.661277 0.017266
vt 0.987675 0.017267
vt 0.987675 0.054460
vt 0.661276 0.054459
vt 0.987675 0.091652
vt 0.661276 0.091651
vt 0.987675 0.128845
vt 0.661276 0.128844
vt 0.987675 0.166038
vt 0.661276 0.166037
vt 0.987675 0.203230
vt 0.661276 0.203229
vt 0.987674 0.240423
vt 0.661276 0.240422
vt 0.987674 0.277615
vt 0.661276 0.277615
vt 0.987674 0.314808
vt 0.661276 0.314808
vt 0.987674 0.352001
vt 0.661276 0.352000
vt 0.987674 0.389193
vt 0.661276 0.389193
vt 0.987674 0.426386
vt 0.661276 0.426386
vt 0.987674 0.463578
vt 0.661276 0.463578
vt 0.987674 0.500771
vt 0.661276 0.500771
vt 0.987674 0.537964
vt 0.661276 0.537964
vt 0.987674 0.575156
vt 0.661276 0.575156
vt 0.987674 0.612349
vt 0.661276 0.612349
vt 0.987674 0.649541
vt 0.661276 0.649542
vt 0.987675 0.686734
vt 0.661276 0.686735
vt 0.987675 0.723927
vt 0.661276 0.723927
vt 0.987675 0.761119
vt 0.661276 0.761120
vt 0.987675 0.798312
vt 0.661276 0.798313
vt 0.987675 0.835505
vt 0.661276 0.835505
vt 0.393836 0.542349
vt 0.434749 0.546843
vt 0.434094 0.551620
vt 0.393603 0.546928
vt 0.987675 0.872697
vt 0.661276 0.872698
vt 0.987675 0.909890
vt 0.661276 0.909891
vt 0.422507 0.492966
vt 0.394435 0.473976
vt 0.521930 0.320645
vt 0.527259 0.325326
vt 0.192180 0.636767
vt 0.217170 0.608508
vt 0.234157 0.625764
vt 0.211801 0.650792
vt 0.214181 0.605336
vt 0.244342 0.581210
vt 0.246754 0.584861
vt 0.145599 0.777418
vt 0.146808 0.739548
vt 0.151067 0.740077
vt 0.149869 0.777207
vt 0.230429 0.938077
vt 0.202937 0.913092
vt 0.206041 0.910250
vt 0.232987 0.934757
vt 0.404410 0.979254
vt 0.367956 0.982435
vt 0.367922 0.978297
vt 0.403828 0.975134
vt 0.278321 0.562501
vt 0.315164 0.549709
vt 0.316247 0.554003
vt 0.280089 0.566528
vt 0.154549 0.702308
vt 0.168640 0.666821
vt 0.172497 0.668779
vt 0.158670 0.703567
vt 0.180061 0.883632
vt 0.162527 0.850541
vt 0.166442 0.848907
vt 0.183622 0.881357
vt 0.331453 0.980183
vt 0.295691 0.972014
vt 0.296976 0.968061
vt 0.332064 0.976086
vt 0.353922 0.543047
vt 0.354319 0.547510
vt 0.188704 0.634166
vt 0.478234 0.553693
vt 0.478082 0.558891
vt 0.150908 0.814786
vt 0.155062 0.813846
vt 0.261671 0.957889
vt 0.263616 0.954195
vt 0.440577 0.971889
vt 0.439711 0.967778
vt 0.478234 0.963561
vt 0.477854 0.959186
vt 0.173558 0.775514
vt 0.174785 0.742498
vt 0.298415 0.760412
vt 0.297943 0.771889
vt 0.399775 0.952110
vt 0.433201 0.944225
vt 0.470868 0.589884
vt 0.429946 0.578474
vt 0.203119 0.868290
vt 0.222932 0.894088
vt 0.194154 0.679180
vt 0.470818 0.931354
vt 0.392581 0.572654
vt 0.246794 0.916009
vt 0.181705 0.710060
vt 0.356962 0.572407
vt 0.273966 0.933444
vt 0.322752 0.577795
vt 0.303629 0.945936
vt 0.290389 0.588711
vt 0.334941 0.953217
vt 0.178016 0.808122
vt 0.260597 0.604858
vt 0.367143 0.955222
vt 0.187983 0.839354
vt 0.386086 0.831262
vt 0.375646 0.833798
vt 0.373868 0.820647
vt 0.382834 0.818673
vt 0.350161 0.703136
vt 0.338865 0.706987
vt 0.342899 0.831357
vt 0.353718 0.833961
vt 0.299448 0.783231
vt 0.328462 0.712618
vt 0.364746 0.834751
vt 0.302870 0.794104
vt 0.319227 0.719881
vt 0.308092 0.804186
vt 0.311414 0.728568
vt 0.397974 0.706238
vt 0.386519 0.702750
vt 0.314943 0.813185
vt 0.305237 0.738421
vt 0.395701 0.827350
vt 0.374288 0.701025
vt 0.323207 0.820845
vt 0.300866 0.749143
vt 0.362064 0.701145
vt 0.332623 0.826955
vt 0.331438 0.782450
vt 0.328893 0.772949
vt 0.328893 0.763114
vt 0.331438 0.753613
vt 0.336356 0.745096
vt 0.343311 0.738141
vt 0.351829 0.733223
vt 0.361329 0.730678
vt 0.371165 0.730678
vt 0.380665 0.733223
vt 0.389183 0.738141
vt 0.396137 0.745096
vt 0.401055 0.753613
vt 0.403601 0.763114
vt 0.403601 0.772949
vt 0.401055 0.782450
vt 0.396138 0.790968
vt 0.389183 0.797922
vt 0.380665 0.802840
vt 0.371165 0.805386
vt 0.361329 0.805386
vt 0.351829 0.802840
vt 0.343311 0.797922
vt 0.336356 0.790968
vt 0.394418 0.720634
vt 0.383526 0.717943
vt 0.319622 0.797043
vt 0.325038 0.804198
vt 0.322461 0.737091
vt 0.317530 0.744882
vt 0.391663 0.815817
vt 0.373115 0.716221
vt 0.331582 0.810293
vt 0.314032 0.753371
vt 0.363069 0.715960
vt 0.339056 0.815162
vt 0.312058 0.762301
vt 0.353445 0.717284
vt 0.347242 0.818676
vt 0.311654 0.771402
vt 0.344381 0.720175
vt 0.355913 0.820760
vt 0.312818 0.780401
vt 0.336064 0.724541
vt 0.364850 0.821397
vt 0.315505 0.789033
vt 0.328694 0.730240
vt 0.550656 0.336726
vt 0.544744 0.335045
vt 0.556333 0.316083
vt 0.560775 0.318624
vt 0.315653 0.369407
vt 0.305364 0.338407
vt 0.503529 0.289032
vt 0.505860 0.296198
vt 0.304913 0.210120
vt 0.314681 0.179507
vt 0.505000 0.251978
vt 0.503194 0.259222
vt 0.389808 0.075170
vt 0.416652 0.055901
vt 0.524970 0.221239
vt 0.519760 0.226378
vt 0.486789 0.519214
vt 0.453399 0.508194
vt 0.532917 0.329315
vt 0.538787 0.332566
vt 0.347879 0.426503
vt 0.329876 0.398928
vt 0.508927 0.303026
vt 0.512676 0.309428
vt 0.560542 0.526769
vt 0.522336 0.525580
vt 0.297021 0.274034
vt 0.298981 0.241781
vt 0.502010 0.266597
vt 0.501675 0.274093
vt 0.345348 0.122783
vt 0.365955 0.097610
vt 0.515073 0.232099
vt 0.510999 0.238328
vt 0.478113 0.028576
vt 0.512064 0.021337
vt 0.542585 0.210029
vt 0.536515 0.212995
vt 0.369473 0.451672
vt 0.517038 0.315325
vt 0.299130 0.306405
vt 0.502187 0.281605
vt 0.328199 0.150236
vt 0.507619 0.244983
vt 0.446194 0.040232
vt 0.530595 0.216754
vt 0.547705 0.018912
vt 0.548642 0.207931
vt 0.341577 0.466705
vt 0.346144 0.471271
vt 0.349372 0.476863
vt 0.351044 0.483101
vt 0.351044 0.489558
vt 0.349372 0.495796
vt 0.346144 0.501388
vt 0.341577 0.505955
vt 0.335985 0.509183
vt 0.329747 0.510855
vt 0.323290 0.510855
vt 0.317052 0.509183
vt 0.311460 0.505955
vt 0.306894 0.501388
vt 0.303665 0.495796
vt 0.301993 0.489558
vt 0.301993 0.483101
vt 0.303665 0.476863
vt 0.306894 0.471271
vt 0.311460 0.466705
vt 0.317052 0.463476
vt 0.323290 0.461804
vt 0.329747 0.461804
vt 0.335985 0.463476
vt 0.530684 0.255370
vt 0.528847 0.259707
vt 0.529909 0.287362
vt 0.531804 0.291811
vt 0.560775 0.227324
vt 0.555990 0.230318
vt 0.551965 0.313369
vt 0.533032 0.251180
vt 0.528518 0.282735
vt 0.547777 0.310432
vt 0.535869 0.247176
vt 0.527456 0.278066
vt 0.543846 0.307240
vt 0.539164 0.243382
vt 0.526941 0.273378
vt 0.540237 0.303777
vt 0.542881 0.239813
vt 0.526971 0.268721
vt 0.537000 0.300043
vt 0.546973 0.236466
vt 0.527539 0.264145
vt 0.534177 0.296047
vt 0.551373 0.233317
vt 0.600820 0.017339
vt 0.587643 0.017266
vt 0.588184 0.061014
vt 0.600358 0.060852
vt 0.588348 0.103041
vt 0.600506 0.102819
vt 0.588745 0.144378
vt 0.600740 0.144164
vt 0.589120 0.185105
vt 0.600941 0.184903
vt 0.589457 0.225237
vt 0.601107 0.225047
vt 0.589757 0.264784
vt 0.601236 0.264606
vt 0.590020 0.303754
vt 0.601332 0.303589
vt 0.590247 0.342156
vt 0.601394 0.342003
vt 0.590439 0.379999
vt 0.601424 0.379857
vt 0.590597 0.417289
vt 0.601422 0.417158
vt 0.590723 0.454036
vt 0.601390 0.453916
vt 0.590816 0.490247
vt 0.601327 0.490137
vt 0.590878 0.525929
vt 0.601236 0.525829
vt 0.590911 0.561091
vt 0.601117 0.561001
vt 0.590913 0.595739
vt 0.600971 0.595659
vt 0.590888 0.629882
vt 0.600799 0.629811
vt 0.590834 0.663526
vt 0.600601 0.663465
vt 0.590754 0.696678
vt 0.600378 0.696626
vt 0.590648 0.729347
vt 0.600132 0.729303
vt 0.590517 0.761538
vt 0.599862 0.761502
vt 0.590361 0.793258
vt 0.599569 0.793231
vt 0.590187 0.824520
vt 0.599253 0.824497
vt 0.589984 0.855392
vt 0.598872 0.855358
vt 0.589313 0.886883
vt 0.598866 0.887103
vt 0.569044 0.018414
vt 0.569949 0.061292
vt 0.582421 0.061044
vt 0.581640 0.018148
vt 0.570728 0.103322
vt 0.582799 0.103070
vt 0.571410 0.144634
vt 0.583281 0.144408
vt 0.572040 0.185341
vt 0.583737 0.185130
vt 0.572626 0.225455
vt 0.584153 0.225257
vt 0.573171 0.264985
vt 0.584530 0.264800
vt 0.573676 0.303939
vt 0.584869 0.303765
vt 0.574141 0.342325
vt 0.585171 0.342163
vt 0.574568 0.380152
vt 0.585437 0.380001
vt 0.574958 0.417427
vt 0.585668 0.417288
vt 0.575311 0.454159
vt 0.585865 0.454030
vt 0.575629 0.490355
vt 0.586030 0.490237
vt 0.575913 0.526023
vt 0.586162 0.525916
vt 0.576164 0.561171
vt 0.586263 0.561074
vt 0.576382 0.595807
vt 0.586334 0.595719
vt 0.576568 0.629936
vt 0.586375 0.629858
vt 0.576724 0.663568
vt 0.586388 0.663499
vt 0.576850 0.696708
vt 0.586372 0.696648
vt 0.576947 0.729365
vt 0.586330 0.729313
vt 0.577015 0.761544
vt 0.586262 0.761501
vt 0.577057 0.793254
vt 0.586168 0.793219
vt 0.577071 0.824500
vt 0.586053 0.824479
vt 0.577017 0.855304
vt 0.585948 0.855334
vt 0.576541 0.886071
vt 0.585302 0.886246
vt 0.605397 0.629859
vt 0.605638 0.595704
vt 0.606306 0.144162
vt 0.606153 0.102817
vt 0.606204 0.490171
vt 0.606339 0.453947
vt 0.603841 0.793293
vt 0.604197 0.761562
vt 0.606566 0.342022
vt 0.606581 0.303604
vt 0.605132 0.663516
vt 0.606427 0.184905
vt 0.606042 0.525868
vt 0.603463 0.824560
vt 0.606521 0.379880
vt 0.604843 0.696680
vt 0.606512 0.225054
vt 0.605853 0.561042
vt 0.603080 0.855384
vt 0.605993 0.060888
vt 0.606581 0.018178
vt 0.606444 0.417185
vt 0.604531 0.729360
vt 0.606563 0.264618
vt 0.603230 0.886530
vt 0.638784 0.017339
vt 0.625607 0.017266
vt 0.626148 0.061014
vt 0.638322 0.060852
vt 0.626312 0.103041
vt 0.638471 0.102820
vt 0.626709 0.144379
vt 0.638704 0.144165
vt 0.627084 0.185106
vt 0.638905 0.184903
vt 0.627421 0.225238
vt 0.639071 0.225048
vt 0.627721 0.264784
vt 0.639201 0.264607
vt 0.627984 0.303755
vt 0.639296 0.303589
vt 0.628211 0.342157
vt 0.639358 0.342003
vt 0.628403 0.379999
vt 0.639388 0.379857
vt 0.628561 0.417290
vt 0.639386 0.417159
vt 0.628687 0.454036
vt 0.639354 0.453916
vt 0.628780 0.490247
vt 0.639292 0.490137
vt 0.628842 0.525929
vt 0.639201 0.525830
vt 0.628875 0.561091
vt 0.639082 0.561001
vt 0.628877 0.595739
vt 0.638935 0.595659
vt 0.628852 0.629882
vt 0.638763 0.629812
vt 0.628798 0.663526
vt 0.638565 0.663465
vt 0.628718 0.696679
vt 0.638342 0.696626
vt 0.628611 0.729347
vt 0.638095 0.729303
vt 0.628480 0.761538
vt 0.637825 0.761502
vt 0.628324 0.793258
vt 0.637532 0.793231
vt 0.628149 0.824520
vt 0.637216 0.824497
vt 0.627947 0.855392
vt 0.636835 0.855358
vt 0.627275 0.886883
vt 0.636829 0.887103
vt 0.607008 0.018414
vt 0.607913 0.061292
vt 0.620385 0.061044
vt 0.619604 0.018148
vt 0.608692 0.103322
vt 0.620763 0.103071
vt 0.609374 0.144634
vt 0.621245 0.144409
vt 0.610004 0.185341
vt 0.621701 0.185131
vt 0.610590 0.225456
vt 0.622117 0.225258
vt 0.611135 0.264986
vt 0.622494 0.264800
vt 0.611640 0.303939
vt 0.622833 0.303766
vt 0.612105 0.342326
vt 0.623135 0.342164
vt 0.612532 0.380152
vt 0.623401 0.380002
vt 0.612922 0.417427
vt 0.623632 0.417288
vt 0.613275 0.454159
vt 0.623830 0.454031
vt 0.613593 0.490355
vt 0.623994 0.490238
vt 0.613877 0.526024
vt 0.624126 0.525916
vt 0.614128 0.561172
vt 0.624227 0.561074
vt 0.614346 0.595807
vt 0.624297 0.595719
vt 0.614532 0.629937
vt 0.624339 0.629858
vt 0.614688 0.663568
vt 0.624351 0.663499
vt 0.614813 0.696708
vt 0.624336 0.696648
vt 0.614910 0.729365
vt 0.624293 0.729313
vt 0.614978 0.761544
vt 0.624225 0.761501
vt 0.615020 0.793254
vt 0.624131 0.793219
vt 0.615034 0.824500
vt 0.624016 0.824479
vt 0.614979 0.855304
vt 0.623911 0.855334
vt 0.614504 0.886071
vt 0.623264 0.886246
vt 0.643361 0.629860
vt 0.643602 0.595704
vt 0.644271 0.144163
vt 0.644117 0.102818
vt 0.644168 0.490172
vt 0.644303 0.453947
vt 0.641804 0.793293
vt 0.642160 0.761562
vt 0.644530 0.342023
vt 0.644545 0.303605
vt 0.643096 0.663516
vt 0.644391 0.184906
vt 0.644006 0.525868
vt 0.641426 0.824560
vt 0.644485 0.379880
vt 0.642806 0.696680
vt 0.644476 0.225055
vt 0.643817 0.561043
vt 0.641043 0.855384
vt 0.643957 0.060889
vt 0.644545 0.018178
vt 0.644408 0.417186
vt 0.642494 0.729360
vt 0.644527 0.264618
vt 0.641192 0.886530
vt 0.563199 0.542756
vt 0.558854 0.542741
vt 0.558912 0.583963
vt 0.563028 0.583948
vt 0.558951 0.623703
vt 0.563058 0.623668
vt 0.559147 0.662742
vt 0.563183 0.662709
vt 0.559320 0.701100
vt 0.563286 0.701070
vt 0.559467 0.738789
vt 0.563364 0.738762
vt 0.559590 0.775822
vt 0.563418 0.775797
vt 0.559687 0.812209
vt 0.563449 0.812188
vt 0.559761 0.847963
vt 0.563458 0.847944
vt 0.559812 0.883094
vt 0.563444 0.883078
vt 0.559823 0.917630
vt 0.563370 0.917616
vt 0.559627 0.952794
vt 0.563337 0.952824
vt 0.521224 0.588857
vt 0.518866 0.589560
vt 0.518922 0.616226
vt 0.522974 0.616139
vt 0.518931 0.656020
vt 0.523070 0.655995
vt 0.518998 0.695400
vt 0.523069 0.695380
vt 0.519041 0.734098
vt 0.523041 0.734081
vt 0.519059 0.772121
vt 0.522989 0.772107
vt 0.519052 0.809482
vt 0.522914 0.809471
vt 0.519021 0.846191
vt 0.522816 0.846183
vt 0.518968 0.882261
vt 0.522697 0.882255
vt 0.518892 0.917702
vt 0.522556 0.917699
vt 0.518776 0.952543
vt 0.522354 0.952541
vt 0.518448 0.988015
vt 0.522191 0.988059
vt 0.548985 0.543539
vt 0.549308 0.583998
vt 0.553472 0.583961
vt 0.553186 0.543505
vt 0.549689 0.623769
vt 0.553704 0.623726
vt 0.550050 0.662801
vt 0.553993 0.662761
vt 0.550382 0.701152
vt 0.554256 0.701115
vt 0.550685 0.738835
vt 0.554492 0.738801
vt 0.550960 0.775862
vt 0.554700 0.775831
vt 0.551208 0.812244
vt 0.554883 0.812215
vt 0.551430 0.847992
vt 0.555041 0.847966
vt 0.551627 0.883117
vt 0.555175 0.883094
vt 0.551794 0.917635
vt 0.555312 0.917625
vt 0.551687 0.952136
vt 0.555136 0.952153
vt 0.518083 0.542741
vt 0.509400 0.615938
vt 0.513540 0.616118
vt 0.515580 0.587871
vt 0.509589 0.656050
vt 0.513637 0.656023
vt 0.509820 0.695428
vt 0.513798 0.695402
vt 0.510024 0.734120
vt 0.513932 0.734096
vt 0.510198 0.772137
vt 0.514039 0.772116
vt 0.510346 0.809492
vt 0.514119 0.809474
vt 0.510467 0.846195
vt 0.514175 0.846180
vt 0.510563 0.882260
vt 0.514206 0.882247
vt 0.510634 0.917695
vt 0.514213 0.917685
vt 0.510676 0.952518
vt 0.514225 0.952521
vt 0.510440 0.987322
vt 0.513919 0.987352
vt 0.528360 0.695387
vt 0.528457 0.655996
vt 0.568428 0.662698
vt 0.568392 0.623655
vt 0.527543 0.882277
vt 0.527748 0.846202
vt 0.568262 0.847949
vt 0.568338 0.812189
vt 0.528241 0.734091
vt 0.568439 0.701062
vt 0.527318 0.917723
vt 0.568165 0.883085
vt 0.528098 0.772121
vt 0.568428 0.738757
vt 0.528457 0.615847
vt 0.527082 0.952558
vt 0.568360 0.583959
vt 0.568659 0.543516
vt 0.568057 0.917616
vt 0.527934 0.809487
vt 0.568394 0.775796
vt 0.527078 0.987443
vt 0.568180 0.952195
vt 0.543098 0.542756
vt 0.538753 0.542741
vt 0.538811 0.583963
vt 0.542927 0.583948
vt 0.538850 0.623703
vt 0.542957 0.623669
vt 0.539046 0.662742
vt 0.543082 0.662709
vt 0.539219 0.701100
vt 0.543185 0.701070
vt 0.539366 0.738789
vt 0.543263 0.738762
vt 0.539489 0.775822
vt 0.543317 0.775797
vt 0.539586 0.812210
vt 0.543348 0.812188
vt 0.539660 0.847963
vt 0.543357 0.847944
vt 0.539711 0.883094
vt 0.543343 0.883078
vt 0.539722 0.917630
vt 0.543269 0.917616
vt 0.539526 0.952794
vt 0.543236 0.952824
vt 0.501739 0.588857
vt 0.499382 0.589560
vt 0.499438 0.616226
vt 0.503490 0.616139
vt 0.499447 0.656020
vt 0.503586 0.655996
vt 0.499514 0.695400
vt 0.503585 0.695381
vt 0.499557 0.734098
vt 0.503557 0.734081
vt 0.499574 0.772121
vt 0.503505 0.772107
vt 0.499568 0.809482
vt 0.503430 0.809471
vt 0.499537 0.846192
vt 0.503332 0.846183
vt 0.499484 0.882261
vt 0.503212 0.882255
vt 0.499408 0.917703
vt 0.503071 0.917699
vt 0.499291 0.952543
vt 0.502869 0.952542
vt 0.498964 0.988015
vt 0.502707 0.988059
vt 0.528884 0.543539
vt 0.529207 0.583998
vt 0.533371 0.583961
vt 0.533085 0.543505
vt 0.529588 0.623769
vt 0.533603 0.623726
vt 0.529949 0.662801
vt 0.533892 0.662761
vt 0.530281 0.701152
vt 0.534155 0.701115
vt 0.530584 0.738835
vt 0.534391 0.738801
vt 0.530859 0.775862
vt 0.534599 0.775831
vt 0.531107 0.812244
vt 0.534782 0.812215
vt 0.531329 0.847992
vt 0.534940 0.847966
vt 0.531525 0.883117
vt 0.535074 0.883094
vt 0.531693 0.917635
vt 0.535211 0.917625
vt 0.531586 0.952136
vt 0.535035 0.952153
vt 0.498599 0.542741
vt 0.489916 0.615938
vt 0.494056 0.616118
vt 0.496096 0.587871
vt 0.490105 0.656050
vt 0.494153 0.656023
vt 0.490336 0.695428
vt 0.494314 0.695402
vt 0.490539 0.734120
vt 0.494448 0.734096
vt 0.490714 0.772137
vt 0.494554 0.772116
vt 0.490862 0.809492
vt 0.494635 0.809474
vt 0.490983 0.846196
vt 0.494691 0.846180
vt 0.491079 0.882260
vt 0.494722 0.882247
vt 0.491150 0.917695
vt 0.494729 0.917685
vt 0.491192 0.952518
vt 0.494741 0.952521
vt 0.490956 0.987322
vt 0.494435 0.987352
vt 0.508876 0.695387
vt 0.508973 0.655996
vt 0.548326 0.662698
vt 0.548291 0.623655
vt 0.508058 0.882277
vt 0.508264 0.846202
vt 0.548161 0.847949
vt 0.548237 0.812189
vt 0.508756 0.734091
vt 0.548338 0.701062
vt 0.543715 0.956513
vt 0.548558 0.955884
vt 0.548079 0.952195
vt 0.507834 0.917723
vt 0.563816 0.956513
vt 0.568659 0.955884
vt 0.548064 0.883085
vt 0.508614 0.772121
vt 0.548327 0.738757
vt 0.508973 0.615847
vt 0.507598 0.952558
vt 0.548259 0.583959
vt 0.548558 0.543516
vt 0.547956 0.917616
vt 0.508449 0.809487
vt 0.548293 0.775796
vt 0.507594 0.987443
s 1
usemtl Silo
f 1/1/1 2/2/2 4/3/3 3/4/4
f 3/4/4 4/3/3 6/5/5 5/6/6
f 5/6/6 6/5/5 8/7/7 7/8/8
f 7/8/8 8/7/7 10/9/9 9/10/10
f 9/10/10 10/9/9 12/11/11 11/12/12
f 11/12/12 12/11/11 14/13/13 13/14/14
f 13/14/14 14/13/13 16/15/15 15/16/16
f 15/16/16 16/15/15 18/17/17 17/18/18
f 17/18/18 18/17/17 20/19/19 19/20/20
f 19/20/20 20/19/19 22/21/21 21/22/22
f 21/22/22 22/21/21 24/23/23 23/24/24
f 23/24/24 24/23/23 26/25/25 25/26/26
f 25/26/26 26/25/25 28/27/27 27/28/28
f 27/28/28 28/27/27 30/29/29 29/30/30
f 12/11/11 10/9/9 37/31/31 38/32/32
f 29/30/30 30/29/29 32/33/33 31/34/34
f 31/34/34 32/33/33 2/35/2 1/36/1
f 1/37/35 3/38/35 5/39/35 7/40/35 9/41/35 11/42/35 13/43/35 15/44/35 17/45/35 19/46/35 21/47/35 23/48/35 25/49/35 27/50/35 29/51/35 31/52/35
f 36/53/36 35/54/37 51/55/38 52/56/39
f 22/21/21 20/19/19 42/57/40 43/58/41
f 32/33/33 30/29/29 47/59/42 48/60/43
f 8/7/7 6/5/5 35/54/37 36/53/36
f 18/17/17 16/15/15 40/61/44 41/62/45
f 28/27/27 26/25/25 45/63/46 46/64/47
f 4/3/3 2/2/2 33/65/48 34/66/49
f 14/13/13 12/11/11 38/32/32 39/67/50
f 24/23/23 22/21/21 43/58/41 44/68/51
f 2/35/2 32/33/33 48/60/43 33/69/48
f 10/9/9 8/7/7 36/53/36 37/31/31
f 20/19/19 18/17/17 41/62/45 42/57/40
f 30/29/29 28/27/27 46/64/47 47/59/42
f 6/5/5 4/3/3 34/66/49 35/54/37
f 16/15/15 14/13/13 39/67/50 40/61/44
f 26/25/25 24/23/23 44/68/51 45/63/46
f 57/70/52 56/71/53 72/72/54 73/73/55
f 44/68/51 43/58/41 59/74/56 60/75/57
f 37/31/31 36/53/36 52/56/39 53/76/58
f 45/63/46 44/68/51 60/75/57 61/77/59
f 38/32/32 37/31/31 53/76/58 54/78/60
f 46/64/47 45/63/46 61/77/59 62/79/61
f 39/67/50 38/32/32 54/78/60 55/80/62
f 47/59/42 46/64/47 62/79/61 63/81/63
f 40/61/44 39/67/50 55/80/62 56/71/53
f 48/60/43 47/59/42 63/81/63 64/82/64
f 41/62/45 40/61/44 56/71/53 57/70/52
f 34/66/49 33/65/48 49/83/65 50/84/66
f 33/69/48 48/60/43 64/82/64 49/85/65
f 42/57/40 41/62/45 57/70/52 58/86/67
f 35/54/37 34/66/49 50/84/66 51/55/38
f 43/58/41 42/57/40 58/86/67 59/74/56
f 78/87/68 77/88/69 93/89/70 94/90/71
f 50/84/66 49/83/65 65/91/72 66/92/73
f 49/85/65 64/82/64 80/93/74 65/94/72
f 58/86/67 57/70/52 73/73/55 74/95/75
f 51/55/38 50/84/66 66/92/73 67/96/76
f 59/74/56 58/86/67 74/95/75 75/97/77
f 52/56/39 51/55/38 67/96/76 68/98/78
f 60/75/57 59/74/56 75/97/77 76/99/79
f 53/76/58 52/56/39 68/98/78 69/100/80
f 61/77/59 60/75/57 76/99/79 77/88/69
f 54/78/60 53/76/58 69/100/80 70/101/81
f 62/79/61 61/77/59 77/88/69 78/87/68
f 55/80/62 54/78/60 70/101/81 71/102/82
f 63/81/63 62/79/61 78/87/68 79/103/83
f 56/71/53 55/80/62 71/102/82 72/72/54
f 64/82/64 63/81/63 79/103/83 80/93/74
f 84/104/84 83/105/85 99/106/86 100/107/87
f 71/102/82 70/101/81 86/108/88 87/109/89
f 79/103/83 78/87/68 94/90/71 95/110/90
f 72/72/54 71/102/82 87/109/89 88/111/91
f 80/93/74 79/103/83 95/110/90 96/112/92
f 73/73/55 72/72/54 88/111/91 89/113/93
f 66/92/73 65/91/72 81/114/94 82/115/95
f 65/94/72 80/93/74 96/112/92 81/116/94
f 74/95/75 73/73/55 89/113/93 90/117/96
f 67/96/76 66/92/73 82/115/95 83/105/85
f 75/97/77 74/95/75 90/117/96 91/118/97
f 68/98/78 67/96/76 83/105/85 84/104/84
f 76/99/79 75/97/77 91/118/97 92/119/98
f 69/100/80 68/98/78 84/104/84 85/120/99
f 77/88/69 76/99/79 92/119/98 93/89/70
f 70/101/81 69/100/80 85/120/99 86/108/88
f 105/121/100 104/122/101 120/123/102 121/124/103
f 92/119/98 91/118/97 107/125/104 108/126/105
f 85/120/99 84/104/84 100/107/87 101/127/106
f 93/89/70 92/119/98 108/126/105 109/128/107
f 86/108/88 85/120/99 101/127/106 102/129/108
f 94/90/71 93/89/70 109/128/107 110/130/109
f 87/109/89 86/108/88 102/129/108 103/131/110
f 95/110/90 94/90/71 110/130/109 111/132/111
f 88/111/91 87/109/89 103/131/110 104/122/101
f 96/112/92 95/110/90 111/132/111 112/133/112
f 89/113/93 88/111/91 104/122/101 105/121/100
f 82/115/95 81/114/94 97/134/113 98/135/114
f 81/116/94 96/112/92 112/133/112 97/136/113
f 90/117/96 89/113/93 105/121/100 106/137/115
f 83/105/85 82/115/95 98/135/114 99/106/86
f 91/118/97 90/117/96 106/137/115 107/125/104
f 126/138/116 125/139/117 141/140/118 142/141/119
f 98/135/114 97/134/113 113/142/120 114/143/121
f 97/136/113 112/133/112 128/144/122 113/145/120
f 106/137/115 105/121/100 121/124/103 122/146/123
f 99/106/86 98/135/114 114/143/121 115/147/124
f 107/125/104 106/137/115 122/146/123 123/148/125
f 100/107/87 99/106/86 115/147/124 116/149/126
f 108/126/105 107/125/104 123/148/125 124/150/127
f 101/127/106 100/107/87 116/149/126 117/151/128
f 109/128/107 108/126/105 124/150/127 125/139/117
f 102/129/108 101/127/106 117/151/128 118/152/129
f 110/130/109 109/128/107 125/139/117 126/138/116
f 103/131/110 102/129/108 118/152/129 119/153/130
f 111/132/111 110/130/109 126/138/116 127/154/131
f 104/122/101 103/131/110 119/153/130 120/123/102
f 112/133/112 111/132/111 127/154/131 128/144/122
f 140/155/132 139/156/133 155/157/134 156/158/135
f 119/153/130 118/152/129 134/159/136 135/160/137
f 127/154/131 126/138/116 142/141/119 143/161/138
f 120/123/102 119/153/130 135/160/137 136/162/139
f 128/144/122 127/154/131 143/161/138 144/163/140
f 121/124/103 120/123/102 136/162/139 137/164/141
f 114/143/121 113/142/120 129/165/142 130/166/143
f 113/145/120 128/144/122 144/163/140 129/167/142
f 122/146/123 121/124/103 137/164/141 138/168/144
f 115/147/124 114/143/121 130/166/143 131/169/145
f 123/148/125 122/146/123 138/168/144 139/156/133
f 116/149/126 115/147/124 131/169/145 132/170/146
f 124/150/127 123/148/125 139/156/133 140/155/132
f 117/151/128 116/149/126 132/170/146 133/171/147
f 125/139/117 124/150/127 140/155/132 141/140/118
f 118/152/129 117/151/128 133/171/147 134/159/136
f 133/171/147 132/170/146 148/172/148 149/173/149
f 141/140/118 140/155/132 156/158/135 157/174/150
f 134/159/136 133/171/147 149/173/149 150/175/151
f 142/141/119 141/140/118 157/174/150 158/176/152
f 135/160/137 134/159/136 150/175/151 151/177/153
f 143/161/138 142/141/119 158/176/152 159/178/154
f 136/162/139 135/160/137 151/177/153 152/179/155
f 144/163/140 143/161/138 159/178/154 160/180/156
f 137/164/141 136/162/139 152/179/155 153/181/157
f 130/166/143 129/165/142 145/182/158 146/183/159
f 129/167/142 144/163/140 160/180/156 145/184/158
f 138/168/144 137/164/141 153/181/157 154/185/160
f 131/169/145 130/166/143 146/183/159 147/186/161
f 139/156/133 138/168/144 154/185/160 155/157/134
f 132/170/146 131/169/145 147/186/161 148/172/148
f 161/1/1 163/4/34 164/3/33 162/2/2
f 163/4/34 165/6/30 166/5/162 164/3/33
f 165/6/30 167/8/163 168/7/164 166/5/162
f 167/8/163 169/10/26 170/9/165 168/7/164
f 169/10/26 171/12/166 172/11/167 170/9/165
f 171/12/166 173/14/22 174/13/168 172/11/167
f 173/14/22 175/16/20 176/15/19 174/13/168
f 175/16/20 177/18/18 178/17/17 176/15/19
f 177/18/18 179/20/16 180/19/169 178/17/17
f 179/20/16 181/22/14 182/21/13 180/19/169
f 181/22/14 183/24/170 184/23/171 182/21/13
f 183/24/170 185/26/172 186/25/173 184/23/171
f 185/26/172 187/28/174 188/27/7 186/25/173
f 187/28/174 189/30/175 190/29/176 188/27/7
f 172/11/167 198/32/51 197/31/177 170/9/165
f 189/30/175 191/34/4 192/33/3 190/29/176
f 191/34/4 161/36/1 162/35/2 192/33/3
f 161/37/35 191/52/35 189/51/35 187/50/35 185/49/35 183/48/35 181/47/35 179/46/35 177/45/35 175/44/35 173/43/35 171/42/35 169/41/35 167/40/35 165/39/35 163/38/35
f 196/53/178 212/56/179 211/55/63 195/54/42
f 182/21/13 203/58/180 202/57/181 180/19/169
f 192/33/3 208/60/182 207/59/37 190/29/176
f 168/7/164 196/53/178 195/54/42 166/5/162
f 178/17/17 201/62/183 200/61/184 176/15/19
f 188/27/7 206/64/185 205/63/31 186/25/173
f 164/3/33 194/66/186 193/65/187 162/2/2
f 174/13/168 199/67/188 198/32/51 172/11/167
f 184/23/171 204/68/32 203/58/180 182/21/13
f 162/35/2 193/69/187 208/60/182 192/33/3
f 170/9/165 197/31/177 196/53/178 168/7/164
f 180/19/169 202/57/181 201/62/183 178/17/17
f 190/29/176 207/59/37 206/64/185 188/27/7
f 166/5/162 195/54/42 194/66/186 164/3/33
f 176/15/19 200/61/184 199/67/188 174/13/168
f 186/25/173 205/63/31 204/68/32 184/23/171
f 217/70/189 233/73/190 232/72/191 216/71/192
f 204/68/32 220/75/193 219/74/194 203/58/180
f 197/31/177 213/76/195 212/56/179 196/53/178
f 205/63/31 221/77/196 220/75/193 204/68/32
f 198/32/51 214/78/197 213/76/195 197/31/177
f 206/64/185 222/79/39 221/77/196 205/63/31
f 199/67/188 215/80/198 214/78/197 198/32/51
f 207/59/37 223/81/199 222/79/39 206/64/185
f 200/61/184 216/71/192 215/80/198 199/67/188
f 208/60/182 224/82/200 223/81/199 207/59/37
f 201/62/183 217/70/189 216/71/192 200/61/184
f 194/66/186 210/84/64 209/83/65 193/65/187
f 193/69/187 209/85/65 224/82/200 208/60/182
f 202/57/181 218/86/201 217/70/189 201/62/183
f 195/54/42 211/55/63 210/84/64 194/66/186
f 203/58/180 219/74/194 218/86/201 202/57/181
f 238/87/202 254/90/203 253/89/204 237/88/80
f 210/84/64 226/92/205 225/91/206 209/83/65
f 209/85/65 225/94/206 240/93/73 224/82/200
f 218/86/201 234/95/54 233/73/190 217/70/189
f 211/55/63 227/96/207 226/92/205 210/84/64
f 219/74/194 235/97/208 234/95/54 218/86/201
f 212/56/179 228/98/209 227/96/207 211/55/63
f 220/75/193 236/99/210 235/97/208 219/74/194
f 213/76/195 229/100/211 228/98/209 212/56/179
f 221/77/196 237/88/80 236/99/210 220/75/193
f 214/78/197 230/101/79 229/100/211 213/76/195
f 222/79/39 238/87/202 237/88/80 221/77/196
f 215/80/198 231/102/77 230/101/79 214/78/197
f 223/81/199 239/103/76 238/87/202 222/79/39
f 216/71/192 232/72/191 231/102/77 215/80/198
f 224/82/200 240/93/73 239/103/76 223/81/199
f 244/104/212 260/107/213 259/106/214 243/105/215
f 231/102/77 247/109/216 246/108/98 230/101/79
f 239/103/76 255/110/217 254/90/203 238/87/202
f 232/72/191 248/111/96 247/109/216 231/102/77
f 240/93/73 256/112/218 255/110/217 239/103/76
f 233/73/190 249/113/93 248/111/96 232/72/191
f 226/92/205 242/115/219 241/114/94 225/91/206
f 225/94/206 241/116/94 256/112/218 240/93/73
f 234/95/54 250/117/220 249/113/93 233/73/190
f 227/96/207 243/105/215 242/115/219 226/92/205
f 235/97/208 251/118/221 250/117/220 234/95/54
f 228/98/209 244/104/212 243/105/215 227/96/207
f 236/99/210 252/119/88 251/118/221 235/97/208
f 229/100/211 245/120/222 244/104/212 228/98/209
f 237/88/80 253/89/204 252/119/88 236/99/210
f 230/101/79 246/108/98 245/120/222 229/100/211
f 265/121/100 281/124/103 280/123/223 264/122/115
f 252/119/88 268/126/224 267/125/225 251/118/221
f 245/120/222 261/127/226 260/107/213 244/104/212
f 253/89/204 269/128/227 268/126/224 252/119/88
f 246/108/98 262/129/228 261/127/226 245/120/222
f 254/90/203 270/130/229 269/128/227 253/89/204
f 247/109/216 263/131/104 262/129/228 246/108/98
f 255/110/217 271/132/230 270/130/229 254/90/203
f 248/111/96 264/122/115 263/131/104 247/109/216
f 256/112/218 272/133/231 271/132/230 255/110/217
f 249/113/93 265/121/100 264/122/115 248/111/96
f 242/115/219 258/135/232 257/134/113 241/114/94
f 241/116/94 257/136/113 272/133/231 256/112/218
f 250/117/220 266/137/101 265/121/100 249/113/93
f 243/105/215 259/106/214 258/135/232 242/115/219
f 251/118/221 267/125/225 266/137/101 250/117/220
f 286/138/233 302/141/234 301/140/235 285/139/236
f 258/135/232 274/143/237 273/142/238 257/134/113
f 257/136/113 273/145/238 288/144/121 272/133/231
f 266/137/101 282/146/239 281/124/103 265/121/100
f 259/106/214 275/147/240 274/143/237 258/135/232
f 267/125/225 283/148/130 282/146/239 266/137/101
f 260/107/213 276/149/241 275/147/240 259/106/214
f 268/126/224 284/150/242 283/148/130 267/125/225
f 261/127/226 277/151/243 276/149/241 260/107/213
f 269/128/227 285/139/236 284/150/242 268/126/224
f 262/129/228 278/152/244 277/151/243 261/127/226
f 270/130/229 286/138/233 285/139/236 269/128/227
f 263/131/104 279/153/245 278/152/244 262/129/228
f 271/132/230 287/154/246 286/138/233 270/130/229
f 264/122/115 280/123/223 279/153/245 263/131/104
f 272/133/231 288/144/121 287/154/246 271/132/230
f 300/155/247 316/158/248 315/157/249 299/156/250
f 279/153/245 295/160/251 294/159/132 278/152/244
f 287/154/246 303/161/252 302/141/234 286/138/233
f 280/123/223 296/162/144 295/160/251 279/153/245
f 288/144/121 304/163/253 303/161/252 287/154/246
f 281/124/103 297/164/141 296/162/144 280/123/223
f 274/143/237 290/166/254 289/165/142 273/142/238
f 273/145/238 289/167/142 304/163/253 288/144/121
f 282/146/239 298/168/255 297/164/141 281/124/103
f 275/147/240 291/169/256 290/166/254 274/143/237
f 283/148/130 299/156/250 298/168/255 282/146/239
f 276/149/241 292/170/257 291/169/256 275/147/240
f 284/150/242 300/155/247 299/156/250 283/148/130
f 277/151/243 293/171/258 292/170/257 276/149/241
f 285/139/236 301/140/235 300/155/247 284/150/242
f 278/152/244 294/159/132 293/171/258 277/151/243
f 293/171/258 309/173/259 308/172/260 292/170/257
f 301/140/235 317/174/261 316/158/248 300/155/247
f 294/159/132 310/175/262 309/173/259 293/171/258
f 302/141/234 318/176/263 317/174/261 301/140/235
f 295/160/251 311/177/264 310/175/262 294/159/132
f 303/161/252 319/178/265 318/176/263 302/141/234
f 296/162/144 312/179/266 311/177/264 295/160/251
f 304/163/253 320/180/267 319/178/265 303/161/252
f 297/164/141 313/181/268 312/179/266 296/162/144
f 290/166/254 306/183/156 305/182/269 289/165/142
f 289/167/142 305/184/269 320/180/267 304/163/253
f 298/168/255 314/185/155 313/181/268 297/164/141
f 291/169/256 307/186/270 306/183/156 290/166/254
f 299/156/250 315/157/249 314/185/155 298/168/255
f 292/170/257 308/172/260 307/186/270 291/169/256
f 2318/869/271 2319/870/271 2321/871/271 2320/872/271
f 2320/872/272 2321/871/272 2325/873/272 2324/874/272
f 2324/875/273 2325/876/273 2323/877/273 2322/878/273
f 2322/878/274 2323/877/274 2319/870/274 2318/869/274
f 2320/872/35 2324/874/35 2322/879/35 2318/880/35
f 2326/869/351 2327/870/351 2329/871/351 2328/872/351
f 2328/872/352 2329/871/352 2333/873/352 2332/874/352
f 2332/875/353 2333/876/353 2331/877/353 2330/878/353
f 2330/878/354 2331/877/354 2327/870/354 2326/869/354
f 2328/872/35 2332/874/35 2330/879/35 2326/880/35
f 2334/869/272 2335/870/272 2337/871/272 2336/872/272
f 2336/872/273 2337/871/273 2341/873/273 2340/874/273
f 2340/875/274 2341/876/274 2339/877/274 2338/878/274
f 2338/878/271 2339/877/271 2335/870/271 2334/869/271
f 2336/872/35 2340/874/35 2338/879/35 2334/880/35
f 2342/869/352 2343/870/352 2345/871/352 2344/872/352
f 2344/872/353 2345/871/353 2349/873/353 2348/874/353
f 2348/875/354 2349/876/354 2347/877/354 2346/878/354
f 2346/878/351 2347/877/351 2343/870/351 2342/869/351
f 2344/872/35 2348/874/35 2346/879/35 2342/880/35
f 2350/869/273 2351/870/273 2353/871/273 2352/872/273
f 2352/872/274 2353/871/274 2357/873/274 2356/874/274
f 2356/875/271 2357/876/271 2355/877/271 2354/878/271
f 2354/878/272 2355/877/272 2351/870/272 2350/869/272
f 2352/872/35 2356/874/35 2354/879/35 2350/880/35
f 2358/869/353 2359/870/353 2361/871/353 2360/872/353
f 2360/872/354 2361/871/354 2365/873/354 2364/874/354
f 2364/875/351 2365/876/351 2363/877/351 2362/878/351
f 2362/878/352 2363/877/352 2359/870/352 2358/869/352
f 2360/872/35 2364/874/35 2362/879/35 2358/880/35
f 2366/869/274 2367/870/274 2369/871/274 2368/872/274
f 2368/872/271 2369/871/271 2373/873/271 2372/874/271
f 2372/875/272 2373/876/272 2371/877/272 2370/878/272
f 2370/878/273 2371/877/273 2367/870/273 2366/869/273
f 2368/872/35 2372/874/35 2370/879/35 2366/880/35
f 2374/869/354 2375/870/354 2377/871/354 2376/872/354
f 2376/872/351 2377/871/351 2381/873/351 2380/874/351
f 2380/875/352 2381/876/352 2379/877/352 2378/878/352
f 2378/878/353 2379/877/353 2375/870/353 2374/869/353
f 2376/872/35 2380/874/35 2378/879/35 2374/880/35
f 2382/881/355 2383/882/355 2385/883/355 2384/884/355
f 2384/884/356 2385/883/356 2389/885/356 2388/886/356
f 2388/887/357 2389/888/357 2387/889/357 2386/890/357
f 2386/890/358 2387/889/358 2383/882/358 2382/881/358
f 2384/884/359 2388/886/359 2386/891/359 2382/892/359
f 2389/885/360 2385/883/360 2383/893/360 2387/894/360
f 2390/881/361 2391/882/361 2393/883/361 2392/884/361
f 2392/884/362 2393/883/362 2397/885/362 2396/886/362
f 2396/887/363 2397/888/363 2395/889/363 2394/890/363
f 2394/890/364 2395/889/364 2391/882/364 2390/881/364
f 2392/884/365 2396/886/365 2394/891/365 2390/892/365
f 2397/885/366 2393/883/366 2391/893/366 2395/894/366
f 2398/881/367 2399/882/367 2401/883/367 2400/884/367
f 2400/884/368 2401/883/368 2405/885/368 2404/886/368
f 2404/887/369 2405/888/369 2403/889/369 2402/890/369
f 2402/890/370 2403/889/370 2399/882/370 2398/881/370
f 2400/884/371 2404/886/371 2402/891/371 2398/892/371
f 2405/885/372 2401/883/372 2399/893/372 2403/894/372
f 2406/881/373 2407/882/373 2409/883/373 2408/884/373
f 2408/884/374 2409/883/374 2413/885/374 2412/886/374
f 2412/887/375 2413/888/375 2411/889/375 2410/890/375
f 2410/890/376 2411/889/376 2407/882/376 2406/881/376
f 2408/884/377 2412/886/377 2410/891/377 2406/892/377
f 2413/885/378 2409/883/378 2407/893/378 2411/894/378
f 2414/881/379 2415/882/379 2417/883/379 2416/884/379
f 2416/884/380 2417/883/380 2421/885/380 2420/886/380
f 2420/887/381 2421/888/381 2419/889/381 2418/890/381
f 2418/890/382 2419/889/382 2415/882/382 2414/881/382
f 2416/884/383 2420/886/383 2418/891/383 2414/892/383
f 2421/885/384 2417/883/384 2415/893/384 2419/894/384
f 2422/881/385 2423/882/385 2425/883/385 2424/884/385
f 2424/884/386 2425/883/386 2429/885/386 2428/886/386
f 2428/887/387 2429/888/387 2427/889/387 2426/890/387
f 2426/890/388 2427/889/388 2423/882/388 2422/881/388
f 2424/884/389 2428/886/389 2426/891/389 2422/892/389
f 2429/885/390 2425/883/390 2423/893/390 2427/894/390
f 2430/881/391 2431/882/391 2433/883/391 2432/884/391
f 2432/884/392 2433/883/392 2437/885/392 2436/886/392
f 2436/887/393 2437/888/393 2435/889/393 2434/890/393
f 2434/890/394 2435/889/394 2431/882/394 2430/881/394
f 2432/884/395 2436/886/395 2434/891/395 2430/892/395
f 2437/885/396 2433/883/396 2431/893/396 2435/894/396
f 2438/881/397 2439/882/397 2441/883/397 2440/884/397
f 2440/884/398 2441/883/398 2445/885/398 2444/886/398
f 2444/887/399 2445/888/399 2443/889/399 2442/890/399
f 2442/890/400 2443/889/400 2439/882/400 2438/881/400
f 2440/884/401 2444/886/401 2442/891/401 2438/892/401
f 2445/885/402 2441/883/402 2439/893/402 2443/894/402
f 2446/881/403 2447/882/403 2449/883/403 2448/884/403
f 2448/884/404 2449/883/404 2453/885/404 2452/886/404
f 2452/887/405 2453/888/405 2451/889/405 2450/890/405
f 2450/890/406 2451/889/406 2447/882/406 2446/881/406
f 2448/884/407 2452/886/407 2450/891/407 2446/892/407
f 2453/885/408 2449/883/408 2447/893/408 2451/894/408
f 2454/881/409 2455/882/409 2457/883/409 2456/884/409
f 2456/884/410 2457/883/410 2461/885/410 2460/886/410
f 2460/887/411 2461/888/411 2459/889/411 2458/890/411
f 2458/890/412 2459/889/412 2455/882/412 2454/881/412
f 2456/884/413 2460/886/413 2458/891/413 2454/892/413
f 2461/885/414 2457/883/414 2455/893/414 2459/894/414
f 2462/881/415 2463/882/415 2465/883/415 2464/884/415
f 2464/884/416 2465/883/416 2469/885/416 2468/886/416
f 2468/887/417 2469/888/417 2467/889/417 2466/890/417
f 2466/890/418 2467/889/418 2463/882/418 2462/881/418
f 2464/884/419 2468/886/419 2466/891/419 2462/892/419
f 2469/885/420 2465/883/420 2463/893/420 2467/894/420
f 2470/881/421 2471/882/421 2473/883/421 2472/884/421
f 2472/884/422 2473/883/422 2477/885/422 2476/886/422
f 2476/887/423 2477/888/423 2475/889/423 2474/890/423
f 2474/890/424 2475/889/424 2471/882/424 2470/881/424
f 2472/884/425 2476/886/425 2474/891/425 2470/892/425
f 2477/885/426 2473/883/426 2471/893/426 2475/894/426
f 2478/881/427 2479/882/427 2481/883/427 2480/884/427
f 2480/884/428 2481/883/428 2485/885/428 2484/886/428
f 2484/887/429 2485/888/429 2483/889/429 2482/890/429
f 2482/890/430 2483/889/430 2479/882/430 2478/881/430
f 2480/884/431 2484/886/431 2482/891/431 2478/892/431
f 2485/885/432 2481/883/432 2479/893/432 2483/894/432
f 2486/881/433 2487/882/433 2489/883/433 2488/884/433
f 2488/884/434 2489/883/434 2493/885/434 2492/886/434
f 2492/887/435 2493/888/435 2491/889/435 2490/890/435
f 2490/890/436 2491/889/436 2487/882/436 2486/881/436
f 2488/884/437 2492/886/437 2490/891/437 2486/892/437
f 2493/885/438 2489/883/438 2487/893/438 2491/894/438
f 2494/881/439 2495/882/439 2497/883/439 2496/884/439
f 2496/884/440 2497/883/440 2501/885/440 2500/886/440
f 2500/887/441 2501/888/441 2499/889/441 2498/890/441
f 2498/890/442 2499/889/442 2495/882/442 2494/881/442
f 2496/884/443 2500/886/443 2498/891/443 2494/892/443
f 2501/885/444 2497/883/444 2495/893/444 2499/894/444
f 2502/881/445 2503/882/445 2505/883/445 2504/884/445
f 2504/884/446 2505/883/446 2509/885/446 2508/886/446
f 2508/887/447 2509/888/447 2507/889/447 2506/890/447
f 2506/890/448 2507/889/448 2503/882/448 2502/881/448
f 2504/884/449 2508/886/449 2506/891/449 2502/892/449
f 2509/885/450 2505/883/450 2503/893/450 2507/894/450
f 2510/895/271 2511/896/271 2513/897/271 2512/898/271
f 2512/899/272 2513/900/272 2517/901/272 2516/902/272
f 2516/903/273 2517/904/273 2515/905/273 2514/906/273
f 2514/906/274 2515/907/274 2511/908/274 2510/895/274
f 2512/898/35 2516/903/35 2514/906/35 2510/895/35
f 2517/901/278 2513/900/278 2511/908/278 2515/907/278
f 2518/895/271 2519/896/271 2521/897/271 2520/898/271
f 2520/899/272 2521/900/272 2525/901/272 2524/902/272
f 2524/903/273 2525/904/273 2523/905/273 2522/906/273
f 2522/906/274 2523/907/274 2519/908/274 2518/895/274
f 2520/898/35 2524/903/35 2522/906/35 2518/895/35
f 2525/901/278 2521/900/278 2519/908/278 2523/907/278
f 2526/895/271 2527/896/271 2529/897/271 2528/898/271
f 2528/899/272 2529/900/272 2533/901/272 2532/902/272
f 2532/903/273 2533/904/273 2531/905/273 2530/906/273
f 2530/906/274 2531/907/274 2527/908/274 2526/895/274
f 2528/898/35 2532/903/35 2530/906/35 2526/895/35
f 2533/901/278 2529/900/278 2527/908/278 2531/907/278
f 2534/895/271 2535/896/271 2537/897/271 2536/898/271
f 2536/899/272 2537/900/272 2541/901/272 2540/902/272
f 2540/903/273 2541/904/273 2539/905/273 2538/906/273
f 2538/906/274 2539/907/274 2535/908/274 2534/895/274
f 2536/898/35 2540/903/35 2538/906/35 2534/895/35
f 2541/901/278 2537/900/278 2535/908/278 2539/907/278
f 2542/895/271 2543/896/271 2545/897/271 2544/898/271
f 2544/899/272 2545/900/272 2549/901/272 2548/902/272
f 2548/903/273 2549/904/273 2547/905/273 2546/906/273
f 2546/906/274 2547/907/274 2543/908/274 2542/895/274
f 2544/898/35 2548/903/35 2546/906/35 2542/895/35
f 2549/901/278 2545/900/278 2543/908/278 2547/907/278
f 2550/895/271 2551/896/271 2553/897/271 2552/898/271
f 2552/899/272 2553/900/272 2557/901/272 2556/902/272
f 2556/903/273 2557/904/273 2555/905/273 2554/906/273
f 2554/906/274 2555/907/274 2551/908/274 2550/895/274
f 2552/898/35 2556/903/35 2554/906/35 2550/895/35
f 2557/901/278 2553/900/278 2551/908/278 2555/907/278
f 2558/895/271 2559/896/271 2561/897/271 2560/898/271
f 2560/899/272 2561/900/272 2565/901/272 2564/902/272
f 2564/903/273 2565/904/273 2563/905/273 2562/906/273
f 2562/906/274 2563/907/274 2559/908/274 2558/895/274
f 2560/898/35 2564/903/35 2562/906/35 2558/895/35
f 2565/901/278 2561/900/278 2559/908/278 2563/907/278
f 2566/895/271 2567/896/271 2569/897/271 2568/898/271
f 2568/899/272 2569/900/272 2573/901/272 2572/902/272
f 2572/903/273 2573/904/273 2571/905/273 2570/906/273
f 2570/906/274 2571/907/274 2567/908/274 2566/895/274
f 2568/898/35 2572/903/35 2570/906/35 2566/895/35
f 2573/901/278 2569/900/278 2567/908/278 2571/907/278
f 2574/895/271 2575/896/271 2577/897/271 2576/898/271
f 2576/899/272 2577/900/272 2581/901/272 2580/902/272
f 2580/903/273 2581/904/273 2579/905/273 2578/906/273
f 2578/906/274 2579/907/274 2575/908/274 2574/895/274
f 2576/898/35 2580/903/35 2578/906/35 2574/895/35
f 2581/901/278 2577/900/278 2575/908/278 2579/907/278
f 2582/895/271 2583/896/271 2585/897/271 2584/898/271
f 2584/899/272 2585/900/272 2589/901/272 2588/902/272
f 2588/903/273 2589/904/273 2587/905/273 2586/906/273
f 2586/906/274 2587/907/274 2583/908/274 2582/895/274
f 2584/898/35 2588/903/35 2586/906/35 2582/895/35
f 2589/901/278 2585/900/278 2583/908/278 2587/907/278
f 2590/895/271 2591/896/271 2593/897/271 2592/898/271
f 2592/899/272 2593/900/272 2597/901/272 2596/902/272
f 2596/903/273 2597/904/273 2595/905/273 2594/906/273
f 2594/906/274 2595/907/274 2591/908/274 2590/895/274
f 2592/898/35 2596/903/35 2594/906/35 2590/895/35
f 2597/901/278 2593/900/278 2591/908/278 2595/907/278
f 2598/895/271 2599/896/271 2601/897/271 2600/898/271
f 2600/899/272 2601/900/272 2605/901/272 2604/902/272
f 2604/903/273 2605/904/273 2603/905/273 2602/906/273
f 2602/906/274 2603/907/274 2599/908/274 2598/895/274
f 2600/898/35 2604/903/35 2602/906/35 2598/895/35
f 2605/901/278 2601/900/278 2599/908/278 2603/907/278
f 2606/895/271 2607/896/271 2609/897/271 2608/898/271
f 2608/899/272 2609/900/272 2613/901/272 2612/902/272
f 2612/903/273 2613/904/273 2611/905/273 2610/906/273
f 2610/906/274 2611/907/274 2607/908/274 2606/895/274
f 2608/898/35 2612/903/35 2610/906/35 2606/895/35
f 2613/901/278 2609/900/278 2607/908/278 2611/907/278
f 2614/895/271 2615/896/271 2617/897/271 2616/898/271
f 2616/899/272 2617/900/272 2621/901/272 2620/902/272
f 2620/903/273 2621/904/273 2619/905/273 2618/906/273
f 2618/906/274 2619/907/274 2615/908/274 2614/895/274
f 2616/898/35 2620/903/35 2618/906/35 2614/895/35
f 2621/901/278 2617/900/278 2615/908/278 2619/907/278
f 2622/895/271 2623/896/271 2625/897/271 2624/898/271
f 2624/899/272 2625/900/272 2629/901/272 2628/902/272
f 2628/903/273 2629/904/273 2627/905/273 2626/906/273
f 2626/906/274 2627/907/274 2623/908/274 2622/895/274
f 2624/898/35 2628/903/35 2626/906/35 2622/895/35
f 2629/901/278 2625/900/278 2623/908/278 2627/907/278
f 2630/895/271 2631/896/271 2633/897/271 2632/898/271
f 2632/899/272 2633/900/272 2637/901/272 2636/902/272
f 2636/903/273 2637/904/273 2635/905/273 2634/906/273
f 2634/906/274 2635/907/274 2631/908/274 2630/895/274
f 2632/898/35 2636/903/35 2634/906/35 2630/895/35
f 2637/901/278 2633/900/278 2631/908/278 2635/907/278
f 2638/895/271 2639/896/271 2641/897/271 2640/898/271
f 2640/899/272 2641/900/272 2645/901/272 2644/902/272
f 2644/903/273 2645/904/273 2643/905/273 2642/906/273
f 2642/906/274 2643/907/274 2639/908/274 2638/895/274
f 2640/898/35 2644/903/35 2642/906/35 2638/895/35
f 2645/901/278 2641/900/278 2639/908/278 2643/907/278
f 2646/895/271 2647/896/271 2649/897/271 2648/898/271
f 2648/899/272 2649/900/272 2653/901/272 2652/902/272
f 2652/903/273 2653/904/273 2651/905/273 2650/906/273
f 2650/906/274 2651/907/274 2647/908/274 2646/895/274
f 2648/898/35 2652/903/35 2650/906/35 2646/895/35
f 2653/901/278 2649/900/278 2647/908/278 2651/907/278
f 2654/895/271 2655/896/271 2657/897/271 2656/898/271
f 2656/899/272 2657/900/272 2661/901/272 2660/902/272
f 2660/903/273 2661/904/273 2659/905/273 2658/906/273
f 2658/906/274 2659/907/274 2655/908/274 2654/895/274
f 2656/898/35 2660/903/35 2658/906/35 2654/895/35
f 2661/901/278 2657/900/278 2655/908/278 2659/907/278
f 2662/895/271 2663/896/271 2665/897/271 2664/898/271
f 2664/899/272 2665/900/272 2669/901/272 2668/902/272
f 2668/903/273 2669/904/273 2667/905/273 2666/906/273
f 2666/906/274 2667/907/274 2663/908/274 2662/895/274
f 2664/898/35 2668/903/35 2666/906/35 2662/895/35
f 2669/901/278 2665/900/278 2663/908/278 2667/907/278
f 2670/895/271 2671/896/271 2673/897/271 2672/898/271
f 2672/899/272 2673/900/272 2677/901/272 2676/902/272
f 2676/903/273 2677/904/273 2675/905/273 2674/906/273
f 2674/906/274 2675/907/274 2671/908/274 2670/895/274
f 2672/898/35 2676/903/35 2674/906/35 2670/895/35
f 2677/901/278 2673/900/278 2671/908/278 2675/907/278
f 2678/895/271 2679/896/271 2681/897/271 2680/898/271
f 2680/899/272 2681/900/272 2685/901/272 2684/902/272
f 2684/903/273 2685/904/273 2683/905/273 2682/906/273
f 2682/906/274 2683/907/274 2679/908/274 2678/895/274
f 2680/898/35 2684/903/35 2682/906/35 2678/895/35
f 2685/901/278 2681/900/278 2679/908/278 2683/907/278
f 2686/895/271 2687/896/271 2689/897/271 2688/898/271
f 2688/899/272 2689/900/272 2693/901/272 2692/902/272
f 2692/903/273 2693/904/273 2691/905/273 2690/906/273
f 2690/906/274 2691/907/274 2687/908/274 2686/895/274
f 2688/898/35 2692/903/35 2690/906/35 2686/895/35
f 2693/901/278 2689/900/278 2687/908/278 2691/907/278
f 2694/895/271 2695/896/271 2697/897/271 2696/898/271
f 2696/899/272 2697/900/272 2701/901/272 2700/902/272
f 2700/903/273 2701/904/273 2699/905/273 2698/906/273
f 2698/906/274 2699/907/274 2695/908/274 2694/895/274
f 2696/898/35 2700/903/35 2698/906/35 2694/895/35
f 2701/901/278 2697/900/278 2695/908/278 2699/907/278
f 2702/895/271 2703/896/271 2705/897/271 2704/898/271
f 2704/899/272 2705/900/272 2709/901/272 2708/902/272
f 2708/903/273 2709/904/273 2707/905/273 2706/906/273
f 2706/906/274 2707/907/274 2703/908/274 2702/895/274
f 2704/898/35 2708/903/35 2706/906/35 2702/895/35
f 2709/901/278 2705/900/278 2703/908/278 2707/907/278
f 2710/895/271 2711/896/271 2713/897/271 2712/898/271
f 2712/899/272 2713/900/272 2717/901/272 2716/902/272
f 2716/903/273 2717/904/273 2715/905/273 2714/906/273
f 2714/906/274 2715/907/274 2711/908/274 2710/895/274
f 2712/898/35 2716/903/35 2714/906/35 2710/895/35
f 2717/901/278 2713/900/278 2711/908/278 2715/907/278
f 2718/895/271 2719/896/271 2721/897/271 2720/898/271
f 2720/899/272 2721/900/272 2725/901/272 2724/902/272
f 2724/903/273 2725/904/273 2723/905/273 2722/906/273
f 2722/906/274 2723/907/274 2719/908/274 2718/895/274
f 2720/898/35 2724/903/35 2722/906/35 2718/895/35
f 2725/901/278 2721/900/278 2719/908/278 2723/907/278
f 2726/895/271 2727/896/271 2729/897/271 2728/898/271
f 2728/899/272 2729/900/272 2733/901/272 2732/902/272
f 2732/903/273 2733/904/273 2731/905/273 2730/906/273
f 2730/906/274 2731/907/274 2727/908/274 2726/895/274
f 2728/898/35 2732/903/35 2730/906/35 2726/895/35
f 2733/901/278 2729/900/278 2727/908/278 2731/907/278
f 2734/895/271 2735/896/271 2737/897/271 2736/898/271
f 2736/899/272 2737/900/272 2741/901/272 2740/902/272
f 2740/903/273 2741/904/273 2739/905/273 2738/906/273
f 2738/906/274 2739/907/274 2735/908/274 2734/895/274
f 2736/898/35 2740/903/35 2738/906/35 2734/895/35
f 2741/901/278 2737/900/278 2735/908/278 2739/907/278
f 2742/895/271 2743/896/271 2745/897/271 2744/898/271
f 2744/899/272 2745/900/272 2749/901/272 2748/902/272
f 2748/903/273 2749/904/273 2747/905/273 2746/906/273
f 2746/906/274 2747/907/274 2743/908/274 2742/895/274
f 2744/898/35 2748/903/35 2746/906/35 2742/895/35
f 2749/901/278 2745/900/278 2743/908/278 2747/907/278
f 2750/895/271 2751/896/271 2753/897/271 2752/898/271
f 2752/899/272 2753/900/272 2757/901/272 2756/902/272
f 2756/903/273 2757/904/273 2755/905/273 2754/906/273
f 2754/906/274 2755/907/274 2751/908/274 2750/895/274
f 2752/898/35 2756/903/35 2754/906/35 2750/895/35
f 2757/901/278 2753/900/278 2751/908/278 2755/907/278
f 2758/895/271 2759/896/271 2761/897/271 2760/898/271
f 2760/899/272 2761/900/272 2765/901/272 2764/902/272
f 2764/903/273 2765/904/273 2763/905/273 2762/906/273
f 2762/906/274 2763/907/274 2759/908/274 2758/895/274
f 2760/898/35 2764/903/35 2762/906/35 2758/895/35
f 2765/901/278 2761/900/278 2759/908/278 2763/907/278
f 2766/895/271 2767/896/271 2769/897/271 2768/898/271
f 2768/899/272 2769/900/272 2773/901/272 2772/902/272
f 2772/903/273 2773/904/273 2771/905/273 2770/906/273
f 2770/906/274 2771/907/274 2767/908/274 2766/895/274
f 2768/898/35 2772/903/35 2770/906/35 2766/895/35
f 2773/901/278 2769/900/278 2767/908/278 2771/907/278
f 2774/895/271 2775/896/271 2777/897/271 2776/898/271
f 2776/899/272 2777/900/272 2781/901/272 2780/902/272
f 2780/903/273 2781/904/273 2779/905/273 2778/906/273
f 2778/906/274 2779/907/274 2775/908/274 2774/895/274
f 2776/898/35 2780/903/35 2778/906/35 2774/895/35
f 2781/901/278 2777/900/278 2775/908/278 2779/907/278
f 2782/895/271 2783/896/271 2785/897/271 2784/898/271
f 2784/899/272 2785/900/272 2789/901/272 2788/902/272
f 2788/903/273 2789/904/273 2787/905/273 2786/906/273
f 2786/906/274 2787/907/274 2783/908/274 2782/895/274
f 2784/898/35 2788/903/35 2786/906/35 2782/895/35
f 2789/901/278 2785/900/278 2783/908/278 2787/907/278
f 2790/895/271 2791/896/271 2793/897/271 2792/898/271
f 2792/899/272 2793/900/272 2797/901/272 2796/902/272
f 2796/903/273 2797/904/273 2795/905/273 2794/906/273
f 2794/906/274 2795/907/274 2791/908/274 2790/895/274
f 2792/898/35 2796/903/35 2794/906/35 2790/895/35
f 2797/901/278 2793/900/278 2791/908/278 2795/907/278
f 2798/895/271 2799/896/271 2801/897/271 2800/898/271
f 2800/899/272 2801/900/272 2805/901/272 2804/902/272
f 2804/903/273 2805/904/273 2803/905/273 2802/906/273
f 2802/906/274 2803/907/274 2799/908/274 2798/895/274
f 2800/898/35 2804/903/35 2802/906/35 2798/895/35
f 2805/901/278 2801/900/278 2799/908/278 2803/907/278
f 2806/895/271 2807/896/271 2809/897/271 2808/898/271
f 2808/899/272 2809/900/272 2813/901/272 2812/902/272
f 2812/903/273 2813/904/273 2811/905/273 2810/906/273
f 2810/906/274 2811/907/274 2807/908/274 2806/895/274
f 2808/898/35 2812/903/35 2810/906/35 2806/895/35
f 2813/901/278 2809/900/278 2807/908/278 2811/907/278
f 2814/909/451 2815/910/451 2817/911/451 2816/912/451
f 2816/912/452 2817/911/452 2821/913/452 2820/914/452
f 2820/915/453 2821/916/453 2819/917/453 2818/918/453
f 2818/918/454 2819/917/454 2815/910/454 2814/909/454
f 2821/916/278 2817/919/278 2815/920/278 2819/917/278
f 2822/909/455 2823/910/455 2825/911/455 2824/912/455
f 2824/912/456 2825/911/456 2829/913/456 2828/914/456
f 2828/915/457 2829/916/457 2827/917/457 2826/918/457
f 2826/918/458 2827/917/458 2823/910/458 2822/909/458
f 2829/916/278 2825/919/278 2823/920/278 2827/917/278
f 2830/909/459 2831/910/459 2833/911/459 2832/912/459
f 2832/912/460 2833/911/460 2837/913/460 2836/914/460
f 2836/915/461 2837/916/461 2835/917/461 2834/918/461
f 2834/918/462 2835/917/462 2831/910/462 2830/909/462
f 2837/916/278 2833/919/278 2831/920/278 2835/917/278
f 2838/909/463 2839/910/463 2841/911/463 2840/912/463
f 2840/912/464 2841/911/464 2845/913/464 2844/914/464
f 2844/915/465 2845/916/465 2843/917/465 2842/918/465
f 2842/918/466 2843/917/466 2839/910/466 2838/909/466
f 2845/916/278 2841/919/278 2839/920/278 2843/917/278
f 2846/909/467 2847/910/467 2849/911/467 2848/912/467
f 2848/912/468 2849/911/468 2853/913/468 2852/914/468
f 2852/915/469 2853/916/469 2851/917/469 2850/918/469
f 2850/918/470 2851/917/470 2847/910/470 2846/909/470
f 2853/916/278 2849/919/278 2847/920/278 2851/917/278
f 2854/909/471 2855/910/471 2857/911/471 2856/912/471
f 2856/912/472 2857/911/472 2861/913/472 2860/914/472
f 2860/915/473 2861/916/473 2859/917/473 2858/918/473
f 2858/918/451 2859/917/451 2855/910/451 2854/909/451
f 2861/916/278 2857/919/278 2855/920/278 2859/917/278
f 2862/909/474 2863/910/474 2865/911/474 2864/912/474
f 2864/912/475 2865/911/475 2869/913/475 2868/914/475
f 2868/915/476 2869/916/476 2867/917/476 2866/918/476
f 2866/918/477 2867/917/477 2863/910/477 2862/909/477
f 2869/916/278 2865/919/278 2863/920/278 2867/917/278
f 2870/909/456 2871/910/456 2873/911/456 2872/912/456
f 2872/912/478 2873/911/478 2877/913/478 2876/914/478
f 2876/915/479 2877/916/479 2875/917/479 2874/918/479
f 2874/918/480 2875/917/480 2871/910/480 2870/909/480
f 2877/916/278 2873/919/278 2871/920/278 2875/917/278
f 2878/909/481 2879/910/481 2881/911/481 2880/912/481
f 2880/912/482 2881/911/482 2885/913/482 2884/914/482
f 2884/915/483 2885/916/483 2883/917/483 2882/918/483
f 2882/918/484 2883/917/484 2879/910/484 2878/909/484
f 2885/916/278 2881/919/278 2879/920/278 2883/917/278
f 2886/909/464 2887/910/464 2889/911/464 2888/912/464
f 2888/912/465 2889/911/465 2893/913/465 2892/914/465
f 2892/915/485 2893/916/485 2891/917/485 2890/918/485
f 2890/918/486 2891/917/486 2887/910/486 2886/909/486
f 2893/916/278 2889/919/278 2887/920/278 2891/917/278
f 2894/909/468 2895/910/468 2897/911/468 2896/912/468
f 2896/912/487 2897/911/487 2901/913/487 2900/914/487
f 2900/915/488 2901/916/488 2899/917/488 2898/918/488
f 2898/918/467 2899/917/467 2895/910/467 2894/909/467
f 2901/916/278 2897/919/278 2895/920/278 2899/917/278
f 2902/909/472 2903/910/472 2905/911/472 2904/912/472
f 2904/912/473 2905/911/473 2909/913/473 2908/914/473
f 2908/915/451 2909/916/451 2907/917/451 2906/918/451
f 2906/918/489 2907/917/489 2903/910/489 2902/909/489
f 2909/916/278 2905/919/278 2903/920/278 2907/917/278
f 2910/909/490 2911/910/490 2913/911/490 2912/912/490
f 2912/912/476 2913/911/476 2917/913/476 2916/914/476
f 2916/915/477 2917/916/477 2915/917/477 2914/918/477
f 2914/918/474 2915/917/474 2911/910/474 2910/909/474
f 2917/916/278 2913/919/278 2911/920/278 2915/917/278
f 2918/909/491 2919/910/491 2921/911/491 2920/912/491
f 2920/912/492 2921/911/492 2925/913/492 2924/914/492
f 2924/915/493 2925/916/493 2923/917/493 2922/918/493
f 2922/918/456 2923/917/456 2919/910/456 2918/909/456
f 2925/916/278 2921/919/278 2919/920/278 2923/917/278
f 2926/909/461 2927/910/461 2929/911/461 2928/912/461
f 2928/912/462 2929/911/462 2933/913/462 2932/914/462
f 2932/915/494 2933/916/494 2931/917/494 2930/918/494
f 2930/918/495 2931/917/495 2927/910/495 2926/909/495
f 2933/916/278 2929/919/278 2927/920/278 2931/917/278
f 2934/909/496 2935/910/496 2937/911/496 2936/912/496
f 2936/912/497 2937/911/497 2941/913/497 2940/914/497
f 2940/915/486 2941/916/486 2939/917/486 2938/918/486
f 2938/918/464 2939/917/464 2935/910/464 2934/909/464
f 2941/916/278 2937/919/278 2935/920/278 2939/917/278
f 2942/909/469 2943/910/469 2945/911/469 2944/912/469
f 2944/912/470 2945/911/470 2949/913/470 2948/914/470
f 2948/915/467 2949/916/467 2947/917/467 2946/918/467
f 2946/918/498 2947/917/498 2943/910/498 2942/909/498
f 2949/916/278 2945/919/278 2943/920/278 2947/917/278
f 2950/909/499 2951/910/499 2953/911/499 2952/912/499
f 2952/912/500 2953/911/500 2957/913/500 2956/914/500
f 2956/915/471 2957/916/471 2955/917/471 2954/918/471
f 2954/918/501 2955/917/501 2951/910/501 2950/909/501
f 2957/916/278 2953/919/278 2951/920/278 2955/917/278
f 2958/909/476 2959/910/476 2961/911/476 2960/912/476
f 2960/912/477 2961/911/477 2965/913/477 2964/914/477
f 2964/915/474 2965/916/474 2963/917/474 2962/918/474
f 2962/918/475 2963/917/475 2959/910/475 2958/909/475
f 2965/916/278 2961/919/278 2959/920/278 2963/917/278
f 2966/909/458 2967/910/458 2969/911/458 2968/912/458
f 2968/912/455 2969/911/455 2973/913/455 2972/914/455
f 2972/915/456 2973/916/456 2971/917/456 2970/918/456
f 2970/918/457 2971/917/457 2967/910/457 2966/909/457
f 2973/916/278 2969/919/278 2967/920/278 2971/917/278
f 2974/909/462 2975/910/462 2977/911/462 2976/912/462
f 2976/912/502 2977/911/502 2981/913/502 2980/914/502
f 2980/915/495 2981/916/495 2979/917/495 2978/918/495
f 2978/918/461 2979/917/461 2975/910/461 2974/909/461
f 2981/916/278 2977/919/278 2975/920/278 2979/917/278
f 2982/909/485 2983/910/485 2985/911/485 2984/912/485
f 2984/912/486 2985/911/486 2989/913/486 2988/914/486
f 2988/915/503 2989/916/503 2987/917/503 2986/918/503
f 2986/918/504 2987/917/504 2983/910/504 2982/909/504
f 2989/916/278 2985/919/278 2983/920/278 2987/917/278
f 2990/909/470 2991/910/470 2993/911/470 2992/912/470
f 2992/912/467 2993/911/467 2997/913/467 2996/914/467
f 2996/915/505 2997/916/505 2995/917/505 2994/918/505
f 2994/918/487 2995/917/487 2991/910/487 2990/909/487
f 2997/916/278 2993/919/278 2991/920/278 2995/917/278
f 2998/869/272 2999/870/272 3001/871/272 3000/872/272
f 3000/872/273 3001/871/273 3005/873/273 3004/874/273
f 3004/875/274 3005/876/274 3003/877/274 3002/878/274
f 3002/878/271 3003/877/271 2999/870/271 2998/869/271
f 3000/872/35 3004/874/35 3002/879/35 2998/880/35
f 3006/869/352 3007/870/352 3009/871/352 3008/872/352
f 3008/872/353 3009/871/353 3013/873/353 3012/874/353
f 3012/875/354 3013/876/354 3011/877/354 3010/878/354
f 3010/878/351 3011/877/351 3007/870/351 3006/869/351
f 3008/872/35 3012/874/35 3010/879/35 3006/880/35
f 3014/869/273 3015/870/273 3017/871/273 3016/872/273
f 3016/872/274 3017/871/274 3021/873/274 3020/874/274
f 3020/875/271 3021/876/271 3019/877/271 3018/878/271
f 3018/878/272 3019/877/272 3015/870/272 3014/869/272
f 3016/872/35 3020/874/35 3018/879/35 3014/880/35
f 3022/869/353 3023/870/353 3025/871/353 3024/872/353
f 3024/872/354 3025/871/354 3029/873/354 3028/874/354
f 3028/875/351 3029/876/351 3027/877/351 3026/878/351
f 3026/878/352 3027/877/352 3023/870/352 3022/869/352
f 3024/872/35 3028/874/35 3026/879/35 3022/880/35
f 3030/869/274 3031/870/274 3033/871/274 3032/872/274
f 3032/872/271 3033/871/271 3037/873/271 3036/874/271
f 3036/875/272 3037/876/272 3035/877/272 3034/878/272
f 3034/878/273 3035/877/273 3031/870/273 3030/869/273
f 3032/872/35 3036/874/35 3034/879/35 3030/880/35
f 3038/869/354 3039/870/354 3041/871/354 3040/872/354
f 3040/872/351 3041/871/351 3045/873/351 3044/874/351
f 3044/875/352 3045/876/352 3043/877/352 3042/878/352
f 3042/878/353 3043/877/353 3039/870/353 3038/869/353
f 3040/872/35 3044/874/35 3042/879/35 3038/880/35
f 3046/869/271 3047/870/271 3049/871/271 3048/872/271
f 3048/872/272 3049/871/272 3053/873/272 3052/874/272
f 3052/875/273 3053/876/273 3051/877/273 3050/878/273
f 3050/878/274 3051/877/274 3047/870/274 3046/869/274
f 3048/872/35 3052/874/35 3050/879/35 3046/880/35
f 3054/869/351 3055/870/351 3057/871/351 3056/872/351
f 3056/872/352 3057/871/352 3061/873/352 3060/874/352
f 3060/875/353 3061/876/353 3059/877/353 3058/878/353
f 3058/878/354 3059/877/354 3055/870/354 3054/869/354
f 3056/872/35 3060/874/35 3058/879/35 3054/880/35
f 3062/881/506 3063/882/506 3065/883/506 3064/884/506
f 3064/884/380 3065/883/380 3069/885/380 3068/886/380
f 3068/887/381 3069/888/381 3067/889/381 3066/890/381
f 3066/890/382 3067/889/382 3063/882/382 3062/881/382
f 3064/884/383 3068/886/383 3066/891/383 3062/892/383
f 3069/885/384 3065/883/384 3063/893/384 3067/894/384
f 3070/881/385 3071/882/385 3073/883/385 3072/884/385
f 3072/884/386 3073/883/386 3077/885/386 3076/886/386
f 3076/887/507 3077/888/507 3075/889/507 3074/890/507
f 3074/890/388 3075/889/388 3071/882/388 3070/881/388
f 3072/884/508 3076/886/508 3074/891/508 3070/892/508
f 3077/885/509 3073/883/509 3071/893/509 3075/894/509
f 3078/881/510 3079/882/510 3081/883/510 3080/884/510
f 3080/884/392 3081/883/392 3085/885/392 3084/886/392
f 3084/887/393 3085/888/393 3083/889/393 3082/890/393
f 3082/890/394 3083/889/394 3079/882/394 3078/881/394
f 3080/884/395 3084/886/395 3082/891/395 3078/892/395
f 3085/885/396 3081/883/396 3079/893/396 3083/894/396
f 3086/881/397 3087/882/397 3089/883/397 3088/884/397
f 3088/884/398 3089/883/398 3093/885/398 3092/886/398
f 3092/887/399 3093/888/399 3091/889/399 3090/890/399
f 3090/890/400 3091/889/400 3087/882/400 3086/881/400
f 3088/884/511 3092/886/511 3090/891/511 3086/892/511
f 3093/885/402 3089/883/402 3087/893/402 3091/894/402
f 3094/881/403 3095/882/403 3097/883/403 3096/884/403
f 3096/884/404 3097/883/404 3101/885/404 3100/886/404
f 3100/887/512 3101/888/512 3099/889/512 3098/890/512
f 3098/890/406 3099/889/406 3095/882/406 3094/881/406
f 3096/884/513 3100/886/513 3098/891/513 3094/892/513
f 3101/885/408 3097/883/408 3095/893/408 3099/894/408
f 3102/881/514 3103/882/514 3105/883/514 3104/884/514
f 3104/884/410 3105/883/410 3109/885/410 3108/886/410
f 3108/887/515 3109/888/515 3107/889/515 3106/890/515
f 3106/890/516 3107/889/516 3103/882/516 3102/881/516
f 3104/884/517 3108/886/517 3106/891/517 3102/892/517
f 3109/885/414 3105/883/414 3103/893/414 3107/894/414
f 3110/881/518 3111/882/518 3113/883/518 3112/884/518
f 3112/884/416 3113/883/416 3117/885/416 3116/886/416
f 3116/887/519 3117/888/519 3115/889/519 3114/890/519
f 3114/890/418 3115/889/418 3111/882/418 3110/881/418
f 3112/884/520 3116/886/520 3114/891/520 3110/892/520
f 3117/885/521 3113/883/521 3111/893/521 3115/894/521
f 3118/881/421 3119/882/421 3121/883/421 3120/884/421
f 3120/884/522 3121/883/522 3125/885/522 3124/886/522
f 3124/887/523 3125/888/523 3123/889/523 3122/890/523
f 3122/890/424 3123/889/424 3119/882/424 3118/881/424
f 3120/884/524 3124/886/524 3122/891/524 3118/892/524
f 3125/885/426 3121/883/426 3119/893/426 3123/894/426
f 3126/881/525 3127/882/525 3129/883/525 3128/884/525
f 3128/884/428 3129/883/428 3133/885/428 3132/886/428
f 3132/887/526 3133/888/526 3131/889/526 3130/890/526
f 3130/890/430 3131/889/430 3127/882/430 3126/881/430
f 3128/884/431 3132/886/431 3130/891/431 3126/892/431
f 3133/885/432 3129/883/432 3127/893/432 3131/894/432
f 3134/881/527 3135/882/527 3137/883/527 3136/884/527
f 3136/884/434 3137/883/434 3141/885/434 3140/886/434
f 3140/887/528 3141/888/528 3139/889/528 3138/890/528
f 3138/890/436 3139/889/436 3135/882/436 3134/881/436
f 3136/884/529 3140/886/529 3138/891/529 3134/892/529
f 3141/885/438 3137/883/438 3135/893/438 3139/894/438
f 3142/881/530 3143/882/530 3145/883/530 3144/884/530
f 3144/884/440 3145/883/440 3149/885/440 3148/886/440
f 3148/887/531 3149/888/531 3147/889/531 3146/890/531
f 3146/890/442 3147/889/442 3143/882/442 3142/881/442
f 3144/884/532 3148/886/532 3146/891/532 3142/892/532
f 3149/885/444 3145/883/444 3143/893/444 3147/894/444
f 3150/881/445 3151/882/445 3153/883/445 3152/884/445
f 3152/884/446 3153/883/446 3157/885/446 3156/886/446
f 3156/887/533 3157/888/533 3155/889/533 3154/890/533
f 3154/890/448 3155/889/448 3151/882/448 3150/881/448
f 3152/884/449 3156/886/449 3154/891/449 3150/892/449
f 3157/885/450 3153/883/450 3151/893/450 3155/894/450
f 3158/881/534 3159/882/534 3161/883/534 3160/884/534
f 3160/884/356 3161/883/356 3165/885/356 3164/886/356
f 3164/887/357 3165/888/357 3163/889/357 3162/890/357
f 3162/890/535 3163/889/535 3159/882/535 3158/881/535
f 3160/884/536 3164/886/536 3162/891/536 3158/892/536
f 3165/885/360 3161/883/360 3159/893/360 3163/894/360
f 3166/881/537 3167/882/537 3169/883/537 3168/884/537
f 3168/884/362 3169/883/362 3173/885/362 3172/886/362
f 3172/887/538 3173/888/538 3171/889/538 3170/890/538
f 3170/890/539 3171/889/539 3167/882/539 3166/881/539
f 3168/884/540 3172/886/540 3170/891/540 3166/892/540
f 3173/885/366 3169/883/366 3167/893/366 3171/894/366
f 3174/881/541 3175/882/541 3177/883/541 3176/884/541
f 3176/884/368 3177/883/368 3181/885/368 3180/886/368
f 3180/887/542 3181/888/542 3179/889/542 3178/890/542
f 3178/890/370 3179/889/370 3175/882/370 3174/881/370
f 3176/884/371 3180/886/371 3178/891/371 3174/892/371
f 3181/885/372 3177/883/372 3175/893/372 3179/894/372
f 3182/881/543 3183/882/543 3185/883/543 3184/884/543
f 3184/884/544 3185/883/544 3189/885/544 3188/886/544
f 3188/887/375 3189/888/375 3187/889/375 3186/890/375
f 3186/890/376 3187/889/376 3183/882/376 3182/881/376
f 3184/884/377 3188/886/377 3186/891/377 3182/892/377
f 3189/885/545 3185/883/545 3183/893/545 3187/894/545
f 3190/895/272 3191/896/272 3193/897/272 3192/898/272
f 3192/899/273 3193/900/273 3197/901/273 3196/902/273
f 3196/903/274 3197/904/274 3195/905/274 3194/906/274
f 3194/906/271 3195/907/271 3191/908/271 3190/895/271
f 3192/898/35 3196/903/35 3194/906/35 3190/895/35
f 3197/901/278 3193/900/278 3191/908/278 3195/907/278
f 3198/895/272 3199/896/272 3201/897/272 3200/898/272
f 3200/899/273 3201/900/273 3205/901/273 3204/902/273
f 3204/903/274 3205/904/274 3203/905/274 3202/906/274
f 3202/906/271 3203/907/271 3199/908/271 3198/895/271
f 3200/898/35 3204/903/35 3202/906/35 3198/895/35
f 3205/901/278 3201/900/278 3199/908/278 3203/907/278
f 3206/895/272 3207/896/272 3209/897/272 3208/898/272
f 3208/899/273 3209/900/273 3213/901/273 3212/902/273
f 3212/903/274 3213/904/274 3211/905/274 3210/906/274
f 3210/906/271 3211/907/271 3207/908/271 3206/895/271
f 3208/898/35 3212/903/35 3210/906/35 3206/895/35
f 3213/901/278 3209/900/278 3207/908/278 3211/907/278
f 3214/895/272 3215/896/272 3217/897/272 3216/898/272
f 3216/899/273 3217/900/273 3221/901/273 3220/902/273
f 3220/903/274 3221/904/274 3219/905/274 3218/906/274
f 3218/906/271 3219/907/271 3215/908/271 3214/895/271
f 3216/898/35 3220/903/35 3218/906/35 3214/895/35
f 3221/901/278 3217/900/278 3215/908/278 3219/907/278
f 3222/895/272 3223/896/272 3225/897/272 3224/898/272
f 3224/899/273 3225/900/273 3229/901/273 3228/902/273
f 3228/903/274 3229/904/274 3227/905/274 3226/906/274
f 3226/906/271 3227/907/271 3223/908/271 3222/895/271
f 3224/898/35 3228/903/35 3226/906/35 3222/895/35
f 3229/901/278 3225/900/278 3223/908/278 3227/907/278
f 3230/895/272 3231/896/272 3233/897/272 3232/898/272
f 3232/899/273 3233/900/273 3237/901/273 3236/902/273
f 3236/903/274 3237/904/274 3235/905/274 3234/906/274
f 3234/906/271 3235/907/271 3231/908/271 3230/895/271
f 3232/898/35 3236/903/35 3234/906/35 3230/895/35
f 3237/901/278 3233/900/278 3231/908/278 3235/907/278
f 3238/895/272 3239/896/272 3241/897/272 3240/898/272
f 3240/899/273 3241/900/273 3245/901/273 3244/902/273
f 3244/903/274 3245/904/274 3243/905/274 3242/906/274
f 3242/906/271 3243/907/271 3239/908/271 3238/895/271
f 3240/898/35 3244/903/35 3242/906/35 3238/895/35
f 3245/901/278 3241/900/278 3239/908/278 3243/907/278
f 3246/895/272 3247/896/272 3249/897/272 3248/898/272
f 3248/899/273 3249/900/273 3253/901/273 3252/902/273
f 3252/903/274 3253/904/274 3251/905/274 3250/906/274
f 3250/906/271 3251/907/271 3247/908/271 3246/895/271
f 3248/898/35 3252/903/35 3250/906/35 3246/895/35
f 3253/901/278 3249/900/278 3247/908/278 3251/907/278
f 3254/895/272 3255/896/272 3257/897/272 3256/898/272
f 3256/899/273 3257/900/273 3261/901/273 3260/902/273
f 3260/903/274 3261/904/274 3259/905/274 3258/906/274
f 3258/906/271 3259/907/271 3255/908/271 3254/895/271
f 3256/898/35 3260/903/35 3258/906/35 3254/895/35
f 3261/901/278 3257/900/278 3255/908/278 3259/907/278
f 3262/895/272 3263/896/272 3265/897/272 3264/898/272
f 3264/899/273 3265/900/273 3269/901/273 3268/902/273
f 3268/903/274 3269/904/274 3267/905/274 3266/906/274
f 3266/906/271 3267/907/271 3263/908/271 3262/895/271
f 3264/898/35 3268/903/35 3266/906/35 3262/895/35
f 3269/901/278 3265/900/278 3263/908/278 3267/907/278
f 3270/895/272 3271/896/272 3273/897/272 3272/898/272
f 3272/899/273 3273/900/273 3277/901/273 3276/902/273
f 3276/903/274 3277/904/274 3275/905/274 3274/906/274
f 3274/906/271 3275/907/271 3271/908/271 3270/895/271
f 3272/898/35 3276/903/35 3274/906/35 3270/895/35
f 3277/901/278 3273/900/278 3271/908/278 3275/907/278
f 3278/895/272 3279/896/272 3281/897/272 3280/898/272
f 3280/899/273 3281/900/273 3285/901/273 3284/902/273
f 3284/903/274 3285/904/274 3283/905/274 3282/906/274
f 3282/906/271 3283/907/271 3279/908/271 3278/895/271
f 3280/898/35 3284/903/35 3282/906/35 3278/895/35
f 3285/901/278 3281/900/278 3279/908/278 3283/907/278
f 3286/895/272 3287/896/272 3289/897/272 3288/898/272
f 3288/899/273 3289/900/273 3293/901/273 3292/902/273
f 3292/903/274 3293/904/274 3291/905/274 3290/906/274
f 3290/906/271 3291/907/271 3287/908/271 3286/895/271
f 3288/898/35 3292/903/35 3290/906/35 3286/895/35
f 3293/901/278 3289/900/278 3287/908/278 3291/907/278
f 3294/895/272 3295/896/272 3297/897/272 3296/898/272
f 3296/899/273 3297/900/273 3301/901/273 3300/902/273
f 3300/903/274 3301/904/274 3299/905/274 3298/906/274
f 3298/906/271 3299/907/271 3295/908/271 3294/895/271
f 3296/898/35 3300/903/35 3298/906/35 3294/895/35
f 3301/901/278 3297/900/278 3295/908/278 3299/907/278
f 3302/895/272 3303/896/272 3305/897/272 3304/898/272
f 3304/899/273 3305/900/273 3309/901/273 3308/902/273
f 3308/903/274 3309/904/274 3307/905/274 3306/906/274
f 3306/906/271 3307/907/271 3303/908/271 3302/895/271
f 3304/898/35 3308/903/35 3306/906/35 3302/895/35
f 3309/901/278 3305/900/278 3303/908/278 3307/907/278
f 3310/895/272 3311/896/272 3313/897/272 3312/898/272
f 3312/899/273 3313/900/273 3317/901/273 3316/902/273
f 3316/903/274 3317/904/274 3315/905/274 3314/906/274
f 3314/906/271 3315/907/271 3311/908/271 3310/895/271
f 3312/898/35 3316/903/35 3314/906/35 3310/895/35
f 3317/901/278 3313/900/278 3311/908/278 3315/907/278
f 3318/895/272 3319/896/272 3321/897/272 3320/898/272
f 3320/899/273 3321/900/273 3325/901/273 3324/902/273
f 3324/903/274 3325/904/274 3323/905/274 3322/906/274
f 3322/906/271 3323/907/271 3319/908/271 3318/895/271
f 3320/898/35 3324/903/35 3322/906/35 3318/895/35
f 3325/901/278 3321/900/278 3319/908/278 3323/907/278
f 3326/895/272 3327/896/272 3329/897/272 3328/898/272
f 3328/899/273 3329/900/273 3333/901/273 3332/902/273
f 3332/903/274 3333/904/274 3331/905/274 3330/906/274
f 3330/906/271 3331/907/271 3327/908/271 3326/895/271
f 3328/898/35 3332/903/35 3330/906/35 3326/895/35
f 3333/901/278 3329/900/278 3327/908/278 3331/907/278
f 3334/895/272 3335/896/272 3337/897/272 3336/898/272
f 3336/899/273 3337/900/273 3341/901/273 3340/902/273
f 3340/903/274 3341/904/274 3339/905/274 3338/906/274
f 3338/906/271 3339/907/271 3335/908/271 3334/895/271
f 3336/898/35 3340/903/35 3338/906/35 3334/895/35
f 3341/901/278 3337/900/278 3335/908/278 3339/907/278
f 3342/895/272 3343/896/272 3345/897/272 3344/898/272
f 3344/899/273 3345/900/273 3349/901/273 3348/902/273
f 3348/903/274 3349/904/274 3347/905/274 3346/906/274
f 3346/906/271 3347/907/271 3343/908/271 3342/895/271
f 3344/898/35 3348/903/35 3346/906/35 3342/895/35
f 3349/901/278 3345/900/278 3343/908/278 3347/907/278
f 3350/895/272 3351/896/272 3353/897/272 3352/898/272
f 3352/899/273 3353/900/273 3357/901/273 3356/902/273
f 3356/903/274 3357/904/274 3355/905/274 3354/906/274
f 3354/906/271 3355/907/271 3351/908/271 3350/895/271
f 3352/898/35 3356/903/35 3354/906/35 3350/895/35
f 3357/901/278 3353/900/278 3351/908/278 3355/907/278
f 3358/895/272 3359/896/272 3361/897/272 3360/898/272
f 3360/899/273 3361/900/273 3365/901/273 3364/902/273
f 3364/903/274 3365/904/274 3363/905/274 3362/906/274
f 3362/906/271 3363/907/271 3359/908/271 3358/895/271
f 3360/898/35 3364/903/35 3362/906/35 3358/895/35
f 3365/901/278 3361/900/278 3359/908/278 3363/907/278
f 3366/895/272 3367/896/272 3369/897/272 3368/898/272
f 3368/899/273 3369/900/273 3373/901/273 3372/902/273
f 3372/903/274 3373/904/274 3371/905/274 3370/906/274
f 3370/906/271 3371/907/271 3367/908/271 3366/895/271
f 3368/898/35 3372/903/35 3370/906/35 3366/895/35
f 3373/901/278 3369/900/278 3367/908/278 3371/907/278
f 3374/895/272 3375/896/272 3377/897/272 3376/898/272
f 3376/899/273 3377/900/273 3381/901/273 3380/902/273
f 3380/903/274 3381/904/274 3379/905/274 3378/906/274
f 3378/906/271 3379/907/271 3375/908/271 3374/895/271
f 3376/898/35 3380/903/35 3378/906/35 3374/895/35
f 3381/901/278 3377/900/278 3375/908/278 3379/907/278
f 3382/895/272 3383/896/272 3385/897/272 3384/898/272
f 3384/899/273 3385/900/273 3389/901/273 3388/902/273
f 3388/903/274 3389/904/274 3387/905/274 3386/906/274
f 3386/906/271 3387/907/271 3383/908/271 3382/895/271
f 3384/898/35 3388/903/35 3386/906/35 3382/895/35
f 3389/901/278 3385/900/278 3383/908/278 3387/907/278
f 3390/895/272 3391/896/272 3393/897/272 3392/898/272
f 3392/899/273 3393/900/273 3397/901/273 3396/902/273
f 3396/903/274 3397/904/274 3395/905/274 3394/906/274
f 3394/906/271 3395/907/271 3391/908/271 3390/895/271
f 3392/898/35 3396/903/35 3394/906/35 3390/895/35
f 3397/901/278 3393/900/278 3391/908/278 3395/907/278
f 3398/895/272 3399/896/272 3401/897/272 3400/898/272
f 3400/899/273 3401/900/273 3405/901/273 3404/902/273
f 3404/903/274 3405/904/274 3403/905/274 3402/906/274
f 3402/906/271 3403/907/271 3399/908/271 3398/895/271
f 3400/898/35 3404/903/35 3402/906/35 3398/895/35
f 3405/901/278 3401/900/278 3399/908/278 3403/907/278
f 3406/895/272 3407/896/272 3409/897/272 3408/898/272
f 3408/899/273 3409/900/273 3413/901/273 3412/902/273
f 3412/903/274 3413/904/274 3411/905/274 3410/906/274
f 3410/906/271 3411/907/271 3407/908/271 3406/895/271
f 3408/898/35 3412/903/35 3410/906/35 3406/895/35
f 3413/901/278 3409/900/278 3407/908/278 3411/907/278
f 3414/895/272 3415/896/272 3417/897/272 3416/898/272
f 3416/899/273 3417/900/273 3421/901/273 3420/902/273
f 3420/903/274 3421/904/274 3419/905/274 3418/906/274
f 3418/906/271 3419/907/271 3415/908/271 3414/895/271
f 3416/898/35 3420/903/35 3418/906/35 3414/895/35
f 3421/901/278 3417/900/278 3415/908/278 3419/907/278
f 3422/895/272 3423/896/272 3425/897/272 3424/898/272
f 3424/899/273 3425/900/273 3429/901/273 3428/902/273
f 3428/903/274 3429/904/274 3427/905/274 3426/906/274
f 3426/906/271 3427/907/271 3423/908/271 3422/895/271
f 3424/898/35 3428/903/35 3426/906/35 3422/895/35
f 3429/901/278 3425/900/278 3423/908/278 3427/907/278
f 3430/895/272 3431/896/272 3433/897/272 3432/898/272
f 3432/899/273 3433/900/273 3437/901/273 3436/902/273
f 3436/903/274 3437/904/274 3435/905/274 3434/906/274
f 3434/906/271 3435/907/271 3431/908/271 3430/895/271
f 3432/898/35 3436/903/35 3434/906/35 3430/895/35
f 3437/901/278 3433/900/278 3431/908/278 3435/907/278
f 3438/895/272 3439/896/272 3441/897/272 3440/898/272
f 3440/899/273 3441/900/273 3445/901/273 3444/902/273
f 3444/903/274 3445/904/274 3443/905/274 3442/906/274
f 3442/906/271 3443/907/271 3439/908/271 3438/895/271
f 3440/898/35 3444/903/35 3442/906/35 3438/895/35
f 3445/901/278 3441/900/278 3439/908/278 3443/907/278
f 3446/895/272 3447/896/272 3449/897/272 3448/898/272
f 3448/899/273 3449/900/273 3453/901/273 3452/902/273
f 3452/903/274 3453/904/274 3451/905/274 3450/906/274
f 3450/906/271 3451/907/271 3447/908/271 3446/895/271
f 3448/898/35 3452/903/35 3450/906/35 3446/895/35
f 3453/901/278 3449/900/278 3447/908/278 3451/907/278
f 3454/895/272 3455/896/272 3457/897/272 3456/898/272
f 3456/899/273 3457/900/273 3461/901/273 3460/902/273
f 3460/903/274 3461/904/274 3459/905/274 3458/906/274
f 3458/906/271 3459/907/271 3455/908/271 3454/895/271
f 3456/898/35 3460/903/35 3458/906/35 3454/895/35
f 3461/901/278 3457/900/278 3455/908/278 3459/907/278
f 3462/895/272 3463/896/272 3465/897/272 3464/898/272
f 3464/899/273 3465/900/273 3469/901/273 3468/902/273
f 3468/903/274 3469/904/274 3467/905/274 3466/906/274
f 3466/906/271 3467/907/271 3463/908/271 3462/895/271
f 3464/898/35 3468/903/35 3466/906/35 3462/895/35
f 3469/901/278 3465/900/278 3463/908/278 3467/907/278
f 3470/895/272 3471/896/272 3473/897/272 3472/898/272
f 3472/899/273 3473/900/273 3477/901/273 3476/902/273
f 3476/903/274 3477/904/274 3475/905/274 3474/906/274
f 3474/906/271 3475/907/271 3471/908/271 3470/895/271
f 3472/898/35 3476/903/35 3474/906/35 3470/895/35
f 3477/901/278 3473/900/278 3471/908/278 3475/907/278
f 3478/895/272 3479/896/272 3481/897/272 3480/898/272
f 3480/899/273 3481/900/273 3485/901/273 3484/902/273
f 3484/903/274 3485/904/274 3483/905/274 3482/906/274
f 3482/906/271 3483/907/271 3479/908/271 3478/895/271
f 3480/898/35 3484/903/35 3482/906/35 3478/895/35
f 3485/901/278 3481/900/278 3479/908/278 3483/907/278
f 3486/895/272 3487/896/272 3489/897/272 3488/898/272
f 3488/899/273 3489/900/273 3493/901/273 3492/902/273
f 3492/903/274 3493/904/274 3491/905/274 3490/906/274
f 3490/906/271 3491/907/271 3487/908/271 3486/895/271
f 3488/898/35 3492/903/35 3490/906/35 3486/895/35
f 3493/901/278 3489/900/278 3487/908/278 3491/907/278
f 3494/909/546 3495/910/546 3497/911/546 3496/912/546
f 3496/912/547 3497/911/547 3501/913/547 3500/914/547
f 3500/915/473 3501/916/473 3499/917/473 3498/918/473
f 3498/918/548 3499/917/548 3495/910/548 3494/909/548
f 3501/916/278 3497/919/278 3495/920/278 3499/917/278
f 3502/909/456 3503/910/456 3505/911/456 3504/912/456
f 3504/912/491 3505/911/491 3509/913/491 3508/914/491
f 3508/915/458 3509/916/458 3507/917/458 3506/918/458
f 3506/918/455 3507/917/455 3503/910/455 3502/909/455
f 3509/916/278 3505/919/278 3503/920/278 3507/917/278
f 3510/909/495 3511/910/495 3513/911/495 3512/912/495
f 3512/912/549 3513/911/549 3517/913/549 3516/914/549
f 3516/915/462 3517/916/462 3515/917/462 3514/918/462
f 3514/918/550 3515/917/550 3511/910/550 3510/909/550
f 3517/916/278 3513/919/278 3511/920/278 3515/917/278
f 3518/909/551 3519/910/551 3521/911/551 3520/912/551
f 3520/912/552 3521/911/552 3525/913/552 3524/914/552
f 3524/915/497 3525/916/497 3523/917/497 3522/918/497
f 3522/918/553 3523/917/553 3519/910/553 3518/909/553
f 3525/916/278 3521/919/278 3519/920/278 3523/917/278
f 3526/909/468 3527/910/468 3529/911/468 3528/912/468
f 3528/912/554 3529/911/554 3533/913/554 3532/914/554
f 3532/915/470 3533/916/470 3531/917/470 3530/918/470
f 3530/918/467 3531/917/467 3527/910/467 3526/909/467
f 3533/916/278 3529/919/278 3527/920/278 3531/917/278
f 3534/909/555 3535/910/555 3537/911/555 3536/912/555
f 3536/912/499 3537/911/499 3541/913/499 3540/914/499
f 3540/915/548 3541/916/548 3539/917/548 3538/918/548
f 3538/918/489 3539/917/489 3535/910/489 3534/909/489
f 3541/916/278 3537/919/278 3535/920/278 3539/917/278
f 3542/909/475 3543/910/475 3545/911/475 3544/912/475
f 3544/912/476 3545/911/476 3549/913/476 3548/914/476
f 3548/915/477 3549/916/477 3547/917/477 3546/918/477
f 3546/918/556 3547/917/556 3543/910/556 3542/909/556
f 3549/916/278 3545/919/278 3543/920/278 3547/917/278
f 3550/909/491 3551/910/491 3553/911/491 3552/912/491
f 3552/912/479 3553/911/479 3557/913/479 3556/914/479
f 3556/915/455 3557/916/455 3555/917/455 3554/918/455
f 3554/918/557 3555/917/557 3551/910/557 3550/909/557
f 3557/916/278 3553/919/278 3551/920/278 3555/917/278
f 3558/909/461 3559/910/461 3561/911/461 3560/912/461
f 3560/912/462 3561/911/462 3565/913/462 3564/914/462
f 3564/915/502 3565/916/502 3563/917/502 3562/918/502
f 3562/918/495 3563/917/495 3559/910/495 3558/909/495
f 3565/916/278 3561/919/278 3559/920/278 3563/917/278
f 3566/909/465 3567/910/465 3569/911/465 3568/912/465
f 3568/912/485 3569/911/485 3573/913/485 3572/914/485
f 3572/915/486 3573/916/486 3571/917/486 3570/918/486
f 3570/918/558 3571/917/558 3567/910/558 3566/909/558
f 3573/916/278 3569/919/278 3567/920/278 3571/917/278
f 3574/909/559 3575/910/559 3577/911/559 3576/912/559
f 3576/912/560 3577/911/560 3581/913/560 3580/914/560
f 3580/915/561 3581/916/561 3579/917/561 3578/918/561
f 3578/918/505 3579/917/505 3575/910/505 3574/909/505
f 3581/916/278 3577/919/278 3575/920/278 3579/917/278
f 3582/909/562 3583/910/562 3585/911/562 3584/912/562
f 3584/912/548 3585/911/548 3589/913/548 3588/914/548
f 3588/915/546 3589/916/546 3587/917/546 3586/918/546
f 3586/918/563 3587/917/563 3583/910/563 3582/909/563
f 3589/916/278 3585/919/278 3583/920/278 3587/917/278
f 3590/909/476 3591/910/476 3593/911/476 3592/912/476
f 3592/912/477 3593/911/477 3597/913/477 3596/914/477
f 3596/915/564 3597/916/564 3595/917/564 3594/918/564
f 3594/918/565 3595/917/565 3591/910/565 3590/909/565
f 3597/916/278 3593/919/278 3591/920/278 3595/917/278
f 3598/909/458 3599/910/458 3601/911/458 3600/912/458
f 3600/912/455 3601/911/455 3605/913/455 3604/914/455
f 3604/915/566 3605/916/566 3603/917/566 3602/918/566
f 3602/918/491 3603/917/491 3599/910/491 3598/909/491
f 3605/916/278 3601/919/278 3599/920/278 3603/917/278
f 3606/909/567 3607/910/567 3609/911/567 3608/912/567
f 3608/912/502 3609/911/502 3613/913/502 3612/914/502
f 3612/915/460 3613/916/460 3611/917/460 3610/918/460
f 3610/918/461 3611/917/461 3607/910/461 3606/909/461
f 3613/916/278 3609/919/278 3607/920/278 3611/917/278
f 3614/909/485 3615/910/485 3617/911/485 3616/912/485
f 3616/912/486 3617/911/486 3621/913/486 3620/914/486
f 3620/915/551 3621/916/551 3619/917/551 3618/918/551
f 3618/918/465 3619/917/465 3615/910/465 3614/909/465
f 3621/916/278 3617/919/278 3615/920/278 3619/917/278
f 3622/909/488 3623/910/488 3625/911/488 3624/912/488
f 3624/912/467 3625/911/467 3629/913/467 3628/914/467
f 3628/915/468 3629/916/468 3627/917/468 3626/918/468
f 3626/918/469 3627/917/469 3623/910/469 3622/909/469
f 3629/916/278 3625/919/278 3623/920/278 3627/917/278
f 3630/909/548 3631/910/548 3633/911/548 3632/912/548
f 3632/912/471 3633/911/471 3637/913/471 3636/914/471
f 3636/915/563 3637/916/563 3635/917/563 3634/918/563
f 3634/918/499 3635/917/499 3631/910/499 3630/909/499
f 3637/916/278 3633/919/278 3631/920/278 3635/917/278
f 3638/909/477 3639/910/477 3641/911/477 3640/912/477
f 3640/912/564 3641/911/564 3645/913/564 3644/914/564
f 3644/915/490 3645/916/490 3643/917/490 3642/918/490
f 3642/918/476 3643/917/476 3639/910/476 3638/909/476
f 3645/916/278 3641/919/278 3639/920/278 3643/917/278
f 3646/909/455 3647/910/455 3649/911/455 3648/912/455
f 3648/912/456 3649/911/456 3653/913/456 3652/914/456
f 3652/915/568 3653/916/568 3651/917/568 3650/918/568
f 3650/918/458 3651/917/458 3647/910/458 3646/909/458
f 3653/916/278 3649/919/278 3647/920/278 3651/917/278
f 3654/909/494 3655/910/494 3657/911/494 3656/912/494
f 3656/912/495 3657/911/495 3661/913/495 3660/914/495
f 3660/915/461 3661/916/461 3659/917/461 3658/918/461
f 3658/918/483 3659/917/483 3655/910/483 3654/909/483
f 3661/916/278 3657/919/278 3655/920/278 3659/917/278
f 3662/909/553 3663/910/553 3665/911/553 3664/912/553
f 3664/912/551 3665/911/551 3669/913/551 3668/914/551
f 3668/915/465 3669/916/465 3667/917/465 3666/918/465
f 3666/918/497 3667/917/497 3663/910/497 3662/909/497
f 3669/916/278 3665/919/278 3663/920/278 3667/917/278
f 3670/909/569 3671/910/569 3673/911/569 3672/912/569
f 3672/912/468 3673/911/468 3677/913/468 3676/914/468
f 3676/915/469 3677/916/469 3675/917/469 3674/918/469
f 3674/918/570 3675/917/570 3671/910/570 3670/909/570
f 3677/916/278 3673/919/278 3671/920/278 3675/917/278
f 6954/3364/272 6957/3365/272 6956/3366/648 6955/3367/648
f 6955/3367/648 6956/3366/648 6959/3368/647 6958/3369/647
f 6958/3369/647 6959/3368/647 6961/3370/352 6960/3371/352
f 6960/3371/352 6961/3370/352 6963/3372/665 6962/3373/665
f 6962/3373/665 6963/3372/665 6965/3374/664 6964/3375/664
f 6964/3375/664 6965/3374/664 6967/3376/273 6966/3377/273
f 6966/3377/273 6967/3376/273 6969/3378/681 6968/3379/681
f 6968/3379/681 6969/3378/681 6971/3380/680 6970/3381/680
f 6970/3381/680 6971/3380/680 6973/3382/353 6972/3383/353
f 6972/3383/353 6973/3382/353 6975/3384/668 6974/3385/668
f 6974/3385/668 6975/3384/668 6977/3386/654 6976/3387/654
f 6976/3387/654 6977/3386/654 6979/3388/274 6978/3389/274
f 6978/3389/274 6979/3388/274 6981/3390/685 6980/3391/685
f 6980/3391/685 6981/3390/685 6983/3392/671 6982/3393/671
f 6982/3393/671 6983/3392/671 6985/3394/354 6984/3395/354
f 6984/3395/354 6985/3394/354 6987/3396/658 6986/3397/658
f 6986/3397/658 6987/3396/658 6989/3398/657 6988/3399/657
f 6988/3399/657 6989/3398/657 6991/3400/271 6990/3401/271
f 6990/3401/271 6991/3400/271 6993/3402/675 6992/3403/675
f 6992/3403/675 6993/3402/675 6995/3404/674 6994/3405/674
f 6994/3405/674 6995/3404/674 6997/3406/351 6996/3407/351
f 6996/3407/351 6997/3406/351 6999/3408/661 6998/3409/661
f 6391/3410/35 6389/3411/35 7002/3412/35 7004/3413/35
f 6998/3409/661 6999/3408/661 7001/3414/688 7000/3415/688
f 7000/3415/688 7001/3414/688 6957/3416/272 6954/3417/272
f 6394/3418/1073 6396/3419/1074 7103/3420/1074 7102/3421/1073
f 7010/3422/680 6441/3423/681 7033/3424/681 7034/3425/680
f 6401/3426/35 6399/3427/35 7008/3428/35 7009/3423/35
f 6411/3429/35 6409/3430/35 7013/3431/35 7014/3432/35
f 6421/3433/35 6419/3434/35 7018/3435/35 7019/3436/35
f 6431/3437/35 6429/3438/35 7023/3439/35 7024/3440/35
f 6397/3441/35 6395/3442/35 7006/3443/35 7007/3444/35
f 6407/3445/35 6405/3446/35 7011/3447/35 7012/3448/35
f 6417/3449/35 6415/3450/35 7016/3451/35 7017/3452/35
f 6427/3453/35 6425/3454/35 7021/3455/35 7022/3456/35
f 6393/3457/35 6391/3410/35 7004/3413/35 7005/3458/35
f 6403/3459/35 6401/3426/35 7009/3423/35 6442/3422/35
f 6389/3411/35 6387/3460/35 7003/3461/35 7002/3412/35
f 6413/3462/35 6411/3429/35 7014/3432/35 7015/3463/35
f 6423/3464/35 6421/3433/35 7019/3436/35 7020/3465/35
f 6433/3466/35 6431/3437/35 7024/3440/35 7025/3467/35
f 6399/3427/35 6397/3441/35 7007/3444/35 7008/3428/35
f 6409/3430/35 6407/3445/35 7012/3448/35 7013/3431/35
f 6419/3434/35 6417/3449/35 7017/3452/35 7018/3435/35
f 6429/3438/35 6427/3453/35 7022/3456/35 7023/3439/35
f 6395/3442/35 6393/3457/35 7005/3458/35 7006/3443/35
f 6405/3446/35 6403/3459/35 6442/3422/35 7011/3447/35
f 6415/3450/35 6413/3462/35 7015/3463/35 7016/3451/35
f 6425/3454/35 6423/3464/35 7020/3465/35 7021/3455/35
f 6387/3468/35 6433/3466/35 7025/3467/35 7003/3469/35
f 7038/3470/1075 6469/3471/1076 7061/3472/1076 7062/3473/1075
f 6457/3467/688 6456/3440/661 7048/3474/661 7049/3475/688
f 6434/3412/648 6435/3461/272 7027/3476/272 7026/3477/648
f 6450/3435/658 6449/3452/354 7041/3478/354 7042/3479/658
f 6443/3447/353 7010/3422/680 7034/3425/680 7035/3480/353
f 6435/3469/272 6457/3467/688 7049/3475/688 7027/3481/272
f 6436/3413/647 6434/3412/648 7026/3477/648 7028/3482/647
f 6451/3436/657 6450/3435/658 7042/3479/658 7043/3483/657
f 6444/3448/668 6443/3447/353 7035/3480/353 7036/3484/668
f 6437/3458/352 6436/3413/647 7028/3482/647 7029/3485/352
f 6452/3465/271 6451/3436/657 7043/3483/657 7044/3486/271
f 6445/3431/654 6444/3448/668 7036/3484/668 7037/3471/654
f 6438/3443/665 6437/3458/352 7029/3485/352 7030/3487/665
f 6453/3455/675 6452/3465/271 7044/3486/271 7045/3488/675
f 6446/3432/274 6445/3431/654 7037/3471/654 6470/3470/274
f 6439/3444/664 6438/3443/665 7030/3487/665 7031/3489/664
f 6454/3456/674 6453/3455/675 7045/3488/675 7046/3490/674
f 6447/3463/685 6446/3432/274 6470/3470/274 7039/3491/685
f 6440/3428/273 6439/3444/664 7031/3489/664 7032/3492/273
f 6455/3439/351 6454/3456/674 7046/3490/674 7047/3493/351
f 6448/3451/671 6447/3463/685 7039/3491/685 7040/3494/671
f 6441/3423/681 6440/3428/273 7032/3492/273 7033/3424/681
f 6456/3440/661 6455/3439/351 7047/3493/351 7048/3474/661
f 6449/3452/354 6448/3451/671 7040/3494/671 7041/3478/354
f 7073/3495/688 6504/3496/661 6528/3497/661 7097/3498/688
f 6463/3489/1077 6462/3487/1078 7054/3499/1078 7055/3500/1077
f 6478/3490/1079 6477/3488/1080 7069/3501/1080 7070/3502/1079
f 6471/3491/1081 7038/3470/1075 7062/3473/1075 7063/3503/1081
f 6464/3492/1082 6463/3489/1077 7055/3500/1077 7056/3504/1082
f 6479/3493/1083 6478/3490/1079 7070/3502/1079 7071/3505/1083
f 6472/3494/1084 6471/3491/1081 7063/3503/1081 7064/3506/1084
f 6465/3424/1085 6464/3492/1082 7056/3504/1082 7057/3507/1085
f 6480/3474/1086 6479/3493/1083 7071/3505/1083 7072/3496/1086
f 6473/3478/1087 6472/3494/1084 7064/3506/1084 7065/3508/1087
f 6466/3425/1088 6465/3424/1085 7057/3507/1085 7058/3509/1088
f 6481/3475/1089 6480/3474/1086 7072/3496/1086 6505/3495/1089
f 6458/3477/1090 6459/3476/1091 7051/3510/1091 7050/3511/1090
f 6474/3479/1092 6473/3478/1087 7065/3508/1087 7066/3512/1092
f 6467/3480/1093 6466/3425/1088 7058/3509/1088 7059/3513/1093
f 6459/3481/1091 6481/3475/1089 6505/3495/1089 7051/3514/1091
f 6460/3482/1094 6458/3477/1090 7050/3511/1090 7052/3515/1094
f 6475/3483/1095 6474/3479/1092 7066/3512/1092 7067/3516/1095
f 6468/3484/1096 6467/3480/1093 7059/3513/1093 7060/3517/1096
f 6461/3485/1097 6460/3482/1094 7052/3515/1094 7053/3518/1097
f 6476/3486/1098 6475/3483/1095 7067/3516/1095 7068/3519/1098
f 6469/3471/1076 6468/3484/1096 7060/3517/1096 7061/3472/1076
f 6462/3487/1078 6461/3485/1097 7053/3518/1097 7054/3499/1078
f 6477/3488/1080 6476/3486/1098 7068/3519/1098 7069/3501/1080
f 7074/3520/278 7075/3521/278 6529/3522/278 7096/3523/278 7095/3524/278 7094/3525/278 7093/3526/278 7092/3527/278 7091/3528/278 7090/3529/278 7089/3530/278 7088/3531/278 7087/3532/278 7086/3533/278 7085/3534/278 7084/3535/278 7083/3536/278 7082/3537/278 7081/3538/278 7080/3539/278 7079/3540/278 7078/3541/278 7077/3542/278 7076/3543/278
f 6482/3511/648 6483/3510/272 6507/3544/272 6506/3545/648
f 6498/3512/658 6497/3508/354 6521/3546/354 6522/3547/658
f 6491/3513/353 6490/3509/680 6514/3548/680 6515/3549/353
f 6483/3514/272 7073/3495/688 7097/3498/688 6507/3550/272
f 6484/3515/647 6482/3511/648 6506/3545/648 6508/3551/647
f 6499/3516/657 6498/3512/658 6522/3547/658 6523/3552/657
f 6492/3517/668 6491/3513/353 6515/3549/353 6516/3553/668
f 6485/3518/352 6484/3515/647 6508/3551/647 6509/3554/352
f 6500/3519/271 6499/3516/657 6523/3552/657 6524/3555/271
f 6493/3472/654 6492/3517/668 6516/3553/668 6517/3556/654
f 6486/3499/665 6485/3518/352 6509/3554/352 6510/3557/665
f 6501/3501/675 6500/3519/271 6524/3555/271 6525/3558/675
f 6494/3473/274 6493/3472/654 6517/3556/654 6518/3559/274
f 6487/3500/664 6486/3499/665 6510/3557/665 6511/3560/664
f 6502/3502/674 6501/3501/675 6525/3558/675 6526/3561/674
f 6495/3503/685 6494/3473/274 6518/3559/274 6519/3562/685
f 6488/3504/273 6487/3500/664 6511/3560/664 6512/3563/273
f 6503/3505/351 6502/3502/674 6526/3561/674 6527/3564/351
f 6496/3506/671 6495/3503/685 6519/3562/685 6520/3565/671
f 6489/3507/681 6488/3504/273 6512/3563/273 6513/3566/681
f 6504/3496/661 6503/3505/351 6527/3564/351 6528/3497/661
f 6497/3508/354 6496/3506/671 6520/3565/671 6521/3546/354
f 6490/3509/680 6489/3507/681 6513/3566/681 6514/3548/680
f 7098/3567/272 7099/3568/648 7123/3569/648 7122/3570/272
f 6404/3571/1099 6406/3572/1100 7108/3573/1100 7107/3574/1099
f 6414/3575/1101 6416/3576/1102 7113/3577/1102 7112/3578/1101
f 6424/3579/1103 6426/3580/1104 7118/3581/1104 7117/3582/1103
f 6390/3583/1105 6392/3584/1106 7101/3585/1106 7100/3586/1105
f 6400/3587/1107 6402/3588/1108 7106/3589/1108 7105/3590/1107
f 6386/3591/1109 6388/3592/1110 6531/3568/1110 6530/3567/1109
f 6410/3593/1111 6412/3594/1112 7111/3595/1112 7110/3596/1111
f 6420/3597/1113 6422/3598/1114 7116/3599/1114 7115/3600/1113
f 6430/3601/1115 6432/3602/1116 7121/3603/1116 7120/3604/1115
f 6396/3419/1074 6398/3605/1117 7104/3606/1117 7103/3420/1074
f 6406/3572/1100 6408/3607/1118 7109/3608/1118 7108/3573/1100
f 6416/3576/1102 6418/3609/1119 7114/3610/1119 7113/3577/1102
f 6426/3580/1104 6428/3611/1120 7119/3612/1120 7118/3581/1104
f 6392/3584/1106 6394/3418/1073 7102/3421/1073 7101/3585/1106
f 6402/3588/1108 6404/3571/1099 7107/3574/1099 7106/3589/1108
f 6412/3594/1112 6414/3575/1101 7112/3578/1101 7111/3595/1112
f 6422/3598/1114 6424/3579/1103 7117/3582/1103 7116/3599/1114
f 6432/3602/1116 6386/3613/1109 6530/3614/1109 7121/3603/1116
f 6388/3592/1110 6390/3583/1105 7100/3586/1105 6531/3568/1110
f 6398/3605/1117 6400/3587/1107 7105/3590/1107 7104/3606/1117
f 6408/3607/1118 6410/3593/1111 7110/3596/1111 7109/3608/1118
f 6418/3609/1119 6420/3597/1113 7115/3600/1113 7114/3610/1119
f 6428/3611/1120 6430/3601/1115 7120/3604/1115 7119/3612/1120
f 6554/3615/35 6555/3616/35 7124/3617/35 7125/3618/35 7126/3619/35 7127/3620/35 7128/3621/35 7129/3622/35 7130/3623/35 7131/3624/35 7132/3625/35 7133/3626/35 7134/3627/35 7135/3628/35 7136/3629/35 7137/3630/35 7138/3631/35 7139/3632/35 7140/3633/35 7141/3634/35 7142/3635/35 7143/3636/35 7144/3637/35 7145/3638/35
f 6545/3577/354 6546/3610/658 6570/3639/658 6569/3640/354
f 6538/3589/680 6539/3574/353 6563/3641/353 6562/3642/680
f 6553/3603/688 7098/3614/272 7122/3643/272 6577/3644/688
f 7099/3568/648 6532/3586/647 6556/3645/647 7123/3569/648
f 6546/3610/658 6547/3600/657 6571/3646/657 6570/3639/658
f 6539/3574/353 6540/3573/668 6564/3647/668 6563/3641/353
f 6532/3586/647 6533/3585/352 6557/3648/352 6556/3645/647
f 6547/3600/657 6548/3599/271 6572/3649/271 6571/3646/657
f 6540/3573/668 6541/3608/654 6565/3650/654 6564/3647/668
f 6533/3585/352 6534/3421/665 6558/3651/665 6557/3648/352
f 6548/3599/271 6549/3582/675 6573/3652/675 6572/3649/271
f 6541/3608/654 6542/3596/274 6566/3653/274 6565/3650/654
f 6534/3421/665 6535/3420/664 6559/3654/664 6558/3651/665
f 6549/3582/675 6550/3581/674 6574/3655/674 6573/3652/675
f 6542/3596/274 6543/3595/685 6567/3656/685 6566/3653/274
f 6535/3420/664 6536/3606/273 6560/3657/273 6559/3654/664
f 6550/3581/674 6551/3612/351 6575/3658/351 6574/3655/674
f 6543/3595/685 6544/3578/671 6568/3659/671 6567/3656/685
f 6536/3606/273 6537/3590/681 6561/3660/681 6560/3657/273
f 6551/3612/351 6552/3604/661 6576/3661/661 6575/3658/351
f 6544/3578/671 6545/3577/354 6569/3640/354 6568/3659/671
f 6537/3590/681 6538/3589/680 6562/3642/680 6561/3660/681
f 6552/3604/661 6553/3603/688 6577/3644/688 6576/3661/661
f 7146/3662/272 7149/3663/272 7148/3664/648 7147/3665/648
f 7147/3665/648 7148/3664/648 7151/3666/647 7150/3667/647
f 7150/3667/647 7151/3666/647 7153/3668/352 7152/3669/352
f 7152/3669/352 7153/3668/352 7155/3670/665 7154/3671/665
f 7154/3671/665 7155/3670/665 7157/3672/664 7156/3673/664
f 7156/3673/664 7157/3672/664 7159/3674/273 7158/3675/273
f 7158/3675/273 7159/3674/273 7161/3676/681 7160/3677/681
f 7160/3677/681 7161/3676/681 7163/3678/680 7162/3679/680
f 7162/3679/680 7163/3678/680 7165/3680/353 7164/3681/353
f 7164/3681/353 7165/3680/353 7167/3682/668 7166/3683/668
f 7166/3683/668 7167/3682/668 7169/3684/654 7168/3685/654
f 7168/3685/654 7169/3684/654 7171/3686/274 7170/3687/274
f 7170/3687/274 7171/3686/274 7173/3688/685 7172/3689/685
f 7172/3689/685 7173/3688/685 7175/3690/671 7174/3691/671
f 7174/3691/671 7175/3690/671 7177/3692/354 7176/3693/354
f 7176/3693/354 7177/3692/354 7179/3694/658 7178/3695/658
f 7178/3695/658 7179/3694/658 7181/3696/657 7180/3697/657
f 7180/3697/657 7181/3696/657 7183/3698/271 7182/3699/271
f 7182/3699/271 7183/3698/271 7185/3700/675 7184/3701/675
f 7184/3701/675 7185/3700/675 7187/3702/674 7186/3703/674
f 7186/3703/674 7187/3702/674 7189/3704/351 7188/3705/351
f 7188/3705/351 7189/3704/351 7191/3706/661 7190/3707/661
f 7190/3707/661 7191/3706/661 7193/3708/688 7192/3709/688
f 7192/3709/688 7193/3708/688 7149/3710/272 7146/3711/272
f 7194/3712/274 7195/3713/685 7196/3714/685 7197/3715/274
f 7195/3713/685 7198/3716/671 7199/3717/671 7196/3714/685
f 7198/3716/671 7200/3718/354 7201/3719/354 7199/3717/671
f 7200/3718/354 7202/3720/658 7203/3721/658 7201/3719/354
f 7202/3720/658 7204/3722/657 7205/3723/657 7203/3721/658
f 7204/3722/657 7206/3724/271 7207/3725/271 7205/3723/657
f 7206/3724/271 7208/3726/675 7209/3727/675 7207/3725/271
f 7208/3726/675 7210/3728/674 7211/3729/674 7209/3727/675
f 7210/3728/674 7212/3730/351 7213/3731/351 7211/3729/674
f 7212/3730/351 7214/3732/661 7215/3733/661 7213/3731/351
f 7214/3732/661 7216/3734/688 7217/3735/688 7215/3733/661
f 7216/3734/688 7218/3736/272 7219/3737/272 7217/3735/688
f 7218/3736/272 7220/3738/648 7221/3739/648 7219/3737/272
f 7220/3738/648 7222/3740/647 7223/3741/647 7221/3739/648
f 7222/3740/647 7224/3742/352 7225/3743/352 7223/3741/647
f 7224/3742/352 7226/3744/665 7227/3745/665 7225/3743/352
f 7226/3744/665 7228/3746/664 7229/3747/664 7227/3745/665
f 7228/3746/664 7230/3748/273 7231/3749/273 7229/3747/664
f 7230/3748/273 7232/3750/681 7233/3751/681 7231/3749/273
f 7232/3750/681 7234/3752/680 7235/3753/680 7233/3751/681
f 7234/3752/680 7236/3754/353 7237/3755/353 7235/3753/680
f 7236/3754/353 7238/3756/668 7239/3757/668 7237/3755/353
f 7238/3756/668 7240/3758/654 7241/3759/654 7239/3757/668
f 7240/3758/654 7194/3760/274 7197/3761/274 7241/3759/654
f 6610/3695/35 6658/3762/35 6656/3763/35 6608/3693/35
f 6591/3674/278 6639/3725/278 6641/3727/278 6593/3676/278
f 6609/3692/278 6657/3743/278 6659/3745/278 6611/3694/278
f 6584/3669/35 6632/3764/35 6630/3765/35 6582/3667/35
f 6602/3687/35 6650/3766/35 6648/3767/35 6600/3685/35
f 6620/3705/35 6668/3768/35 6666/3769/35 6618/3703/35
f 6583/3666/278 6631/3717/278 6633/3719/278 6585/3668/278
f 6601/3684/278 6649/3735/278 6651/3737/278 6603/3686/278
f 6619/3702/278 6667/3753/278 6669/3755/278 6621/3704/278
f 6594/3679/35 6642/3770/35 6640/3771/35 6592/3677/35
f 6612/3697/35 6660/3772/35 6658/3762/35 6610/3695/35
f 6593/3676/278 6641/3727/278 6643/3729/278 6595/3678/278
f 6611/3694/278 6659/3745/278 6661/3747/278 6613/3696/278
f 6586/3671/35 6634/3773/35 6632/3764/35 6584/3669/35
f 6604/3689/35 6652/3774/35 6650/3766/35 6602/3687/35
f 6622/3707/35 6670/3775/35 6668/3768/35 6620/3705/35
f 6585/3668/278 6633/3719/278 6635/3721/278 6587/3670/278
f 6603/3686/278 6651/3737/278 6653/3739/278 6605/3688/278
f 6621/3704/278 6669/3755/278 6671/3757/278 6623/3706/278
f 6596/3681/35 6644/3776/35 6642/3770/35 6594/3679/35
f 6614/3699/35 6662/3777/35 6660/3772/35 6612/3697/35
f 6595/3678/278 6643/3729/278 6645/3731/278 6597/3680/278
f 6613/3696/278 6661/3747/278 6663/3749/278 6615/3698/278
f 6588/3673/35 6636/3778/35 6634/3773/35 6586/3671/35
f 6606/3691/35 6654/3779/35 6652/3774/35 6604/3689/35
f 6624/3709/35 6672/3780/35 6670/3775/35 6622/3707/35
f 6580/3665/35 6627/3781/35 6626/3782/35 6578/3662/35
f 6587/3670/278 6635/3721/278 6637/3723/278 6589/3672/278
f 6605/3688/278 6653/3739/278 6655/3741/278 6607/3690/278
f 6623/3706/278 6671/3757/278 6673/3759/278 6625/3708/278
f 6579/3663/278 6629/3715/278 6628/3714/278 6581/3664/278
f 6598/3683/35 6646/3783/35 6644/3776/35 6596/3681/35
f 6616/3701/35 6664/3784/35 6662/3777/35 6614/3699/35
f 6597/3680/278 6645/3731/278 6647/3733/278 6599/3682/278
f 6615/3698/278 6663/3749/278 6665/3751/278 6617/3700/278
f 6590/3675/35 6638/3785/35 6636/3778/35 6588/3673/35
f 6608/3693/35 6656/3763/35 6654/3779/35 6606/3691/35
f 6578/3711/35 6626/3786/35 6672/3780/35 6624/3709/35
f 6589/3672/278 6637/3723/278 6639/3725/278 6591/3674/278
f 6607/3690/278 6655/3741/278 6657/3743/278 6609/3692/278
f 6625/3708/278 6673/3759/278 6629/3761/278 6579/3710/278
f 6582/3667/35 6630/3765/35 6627/3781/35 6580/3665/35
f 6600/3685/35 6648/3767/35 6646/3783/35 6598/3683/35
f 6618/3703/35 6666/3769/35 6664/3784/35 6616/3701/35
f 6581/3664/278 6628/3714/278 6631/3717/278 6583/3666/278
f 6599/3682/278 6647/3733/278 6649/3735/278 6601/3684/278
f 6617/3700/278 6665/3751/278 6667/3753/278 6619/3702/278
f 6592/3677/35 6640/3771/35 6638/3785/35 6590/3675/35
f 7242/3787/272 7245/3788/272 7244/3789/648 7243/3790/648
f 7243/3790/648 7244/3789/648 7247/3791/647 7246/3792/647
f 7246/3792/647 7247/3791/647 7249/3793/352 7248/3794/352
f 7248/3794/352 7249/3793/352 7251/3795/665 7250/3796/665
f 7250/3796/665 7251/3795/665 7253/3797/664 7252/3798/664
f 7252/3798/664 7253/3797/664 7255/3799/273 7254/3800/273
f 7254/3800/273 7255/3799/273 7257/3801/681 7256/3802/681
f 7256/3802/681 7257/3801/681 7259/3803/680 7258/3804/680
f 7258/3804/680 7259/3803/680 7261/3805/353 7260/3806/353
f 7260/3806/353 7261/3805/353 7263/3807/668 7262/3808/668
f 7262/3808/668 7263/3807/668 7265/3809/654 7264/3810/654
f 7264/3810/654 7265/3809/654 7267/3811/274 7266/3812/274
f 7266/3812/274 7267/3811/274 7269/3813/685 7268/3814/685
f 7268/3814/685 7269/3813/685 7271/3815/671 7270/3816/671
f 7270/3816/671 7271/3815/671 7273/3817/354 7272/3818/354
f 7272/3818/354 7273/3817/354 7275/3819/658 7274/3820/658
f 7274/3820/658 7275/3819/658 7277/3821/657 7276/3822/657
f 7276/3822/657 7277/3821/657 7279/3823/271 7278/3824/271
f 7278/3824/271 7279/3823/271 7281/3825/675 7280/3826/675
f 7280/3826/675 7281/3825/675 7283/3827/674 7282/3828/674
f 7282/3828/674 7283/3827/674 7285/3829/351 7284/3830/351
f 7284/3830/351 7285/3829/351 7287/3831/661 7286/3832/661
f 7286/3832/661 7287/3831/661 7289/3833/688 7288/3834/688
f 7288/3834/688 7289/3833/688 7245/3835/272 7242/3836/272
f 7290/3837/274 7291/3838/685 7292/3839/685 7293/3840/274
f 7291/3838/685 7294/3841/671 7295/3842/671 7292/3839/685
f 7294/3841/671 7296/3843/354 7297/3844/354 7295/3842/671
f 7296/3843/354 7298/3845/658 7299/3846/658 7297/3844/354
f 7298/3845/658 7300/3847/657 7301/3848/657 7299/3846/658
f 7300/3847/657 7302/3849/271 7303/3850/271 7301/3848/657
f 7302/3849/271 7304/3851/675 7305/3852/675 7303/3850/271
f 7304/3851/675 7306/3853/674 7307/3854/674 7305/3852/675
f 7306/3853/674 7308/3855/351 7309/3856/351 7307/3854/674
f 7308/3855/351 7310/3857/661 7311/3858/661 7309/3856/351
f 7310/3857/661 7312/3859/688 7313/3860/688 7311/3858/661
f 7312/3859/688 7314/3861/272 7315/3862/272 7313/3860/688
f 7314/3861/272 7316/3863/648 7317/3864/648 7315/3862/272
f 7316/3863/648 7318/3865/647 7319/3866/647 7317/3864/648
f 7318/3865/647 7320/3867/352 7321/3868/352 7319/3866/647
f 7320/3867/352 7322/3869/665 7323/3870/665 7321/3868/352
f 7322/3869/665 7324/3871/664 7325/3872/664 7323/3870/665
f 7324/3871/664 7326/3873/273 7327/3874/273 7325/3872/664
f 7326/3873/273 7328/3875/681 7329/3876/681 7327/3874/273
f 7328/3875/681 7330/3877/680 7331/3878/680 7329/3876/681
f 7330/3877/680 7332/3879/353 7333/3880/353 7331/3878/680
f 7332/3879/353 7334/3881/668 7335/3882/668 7333/3880/353
f 7334/3881/668 7336/3883/654 7337/3884/654 7335/3882/668
f 7336/3883/654 7290/3885/274 7293/3886/274 7337/3884/654
f 6706/3820/35 6754/3887/35 6752/3888/35 6704/3818/35
f 6687/3799/278 6735/3850/278 6737/3852/278 6689/3801/278
f 6705/3817/278 6753/3868/278 6755/3870/278 6707/3819/278
f 6680/3794/35 6728/3889/35 6726/3890/35 6678/3792/35
f 6698/3812/35 6746/3891/35 6744/3892/35 6696/3810/35
f 6716/3830/35 6764/3893/35 6762/3894/35 6714/3828/35
f 6679/3791/278 6727/3842/278 6729/3844/278 6681/3793/278
f 6697/3809/278 6745/3860/278 6747/3862/278 6699/3811/278
f 6715/3827/278 6763/3878/278 6765/3880/278 6717/3829/278
f 6690/3804/35 6738/3895/35 6736/3896/35 6688/3802/35
f 6708/3822/35 6756/3897/35 6754/3887/35 6706/3820/35
f 6689/3801/278 6737/3852/278 6739/3854/278 6691/3803/278
f 6707/3819/278 6755/3870/278 6757/3872/278 6709/3821/278
f 6682/3796/35 6730/3898/35 6728/3889/35 6680/3794/35
f 6700/3814/35 6748/3899/35 6746/3891/35 6698/3812/35
f 6718/3832/35 6766/3900/35 6764/3893/35 6716/3830/35
f 6681/3793/278 6729/3844/278 6731/3846/278 6683/3795/278
f 6699/3811/278 6747/3862/278 6749/3864/278 6701/3813/278
f 6717/3829/278 6765/3880/278 6767/3882/278 6719/3831/278
f 6692/3806/35 6740/3901/35 6738/3895/35 6690/3804/35
f 6710/3824/35 6758/3902/35 6756/3897/35 6708/3822/35
f 6691/3803/278 6739/3854/278 6741/3856/278 6693/3805/278
f 6709/3821/278 6757/3872/278 6759/3874/278 6711/3823/278
f 6684/3798/35 6732/3903/35 6730/3898/35 6682/3796/35
f 6702/3816/35 6750/3904/35 6748/3899/35 6700/3814/35
f 6720/3834/35 6768/3905/35 6766/3900/35 6718/3832/35
f 6676/3790/35 6723/3906/35 6722/3907/35 6674/3787/35
f 6683/3795/278 6731/3846/278 6733/3848/278 6685/3797/278
f 6701/3813/278 6749/3864/278 6751/3866/278 6703/3815/278
f 6719/3831/278 6767/3882/278 6769/3884/278 6721/3833/278
f 6675/3788/278 6725/3840/278 6724/3839/278 6677/3789/278
f 6694/3808/35 6742/3908/35 6740/3901/35 6692/3806/35
f 6712/3826/35 6760/3909/35 6758/3902/35 6710/3824/35
f 6693/3805/278 6741/3856/278 6743/3858/278 6695/3807/278
f 6711/3823/278 6759/3874/278 6761/3876/278 6713/3825/278
f 6686/3800/35 6734/3910/35 6732/3903/35 6684/3798/35
f 6704/3818/35 6752/3888/35 6750/3904/35 6702/3816/35
f 6674/3836/35 6722/3911/35 6768/3905/35 6720/3834/35
f 6685/3797/278 6733/3848/278 6735/3850/278 6687/3799/278
f 6703/3815/278 6751/3866/278 6753/3868/278 6705/3817/278
f 6721/3833/278 6769/3884/278 6725/3886/278 6675/3835/278
f 6678/3792/35 6726/3890/35 6723/3906/35 6676/3790/35
f 6696/3810/35 6744/3892/35 6742/3908/35 6694/3808/35
f 6714/3828/35 6762/3894/35 6760/3909/35 6712/3826/35
f 6677/3789/278 6724/3839/278 6727/3842/278 6679/3791/278
f 6695/3807/278 6743/3858/278 6745/3860/278 6697/3809/278
f 6713/3825/278 6761/3876/278 6763/3878/278 6715/3827/278
f 6688/3802/35 6736/3896/35 6734/3910/35 6686/3800/35
f 7338/3912/272 7341/3913/272 7340/3914/648 7339/3915/648
f 7339/3915/648 7340/3914/648 7343/3916/647 7342/3917/647
f 7342/3917/647 7343/3916/647 7345/3918/352 7344/3919/352
f 7344/3919/352 7345/3918/352 7347/3920/665 7346/3921/665
f 7346/3921/665 7347/3920/665 7349/3922/664 7348/3923/664
f 7348/3923/664 7349/3922/664 7351/3924/273 7350/3925/273
f 7350/3925/273 7351/3924/273 7353/3926/681 7352/3927/681
f 7352/3927/681 7353/3926/681 7355/3928/680 7354/3929/680
f 7354/3929/680 7355/3928/680 7357/3930/353 7356/3931/353
f 7356/3931/353 7357/3930/353 7359/3932/668 7358/3933/668
f 7358/3933/668 7359/3932/668 7362/3934/987 7360/3935/987
f 7366/3936/990 7364/3937/990 7369/3938/671 7368/3939/671
f 7368/3939/671 7369/3938/671 7371/3940/354 7370/3941/354
f 7370/3941/354 7371/3940/354 7373/3942/658 7372/3943/658
f 7372/3943/658 7373/3942/658 7375/3944/657 7374/3945/657
f 7374/3945/657 7375/3944/657 7377/3946/271 7376/3947/271
f 7376/3947/271 7377/3946/271 7379/3948/675 7378/3949/675
f 7378/3949/675 7379/3948/675 7381/3950/674 7380/3951/674
f 7380/3951/674 7381/3950/674 7383/3952/351 7382/3953/351
f 7382/3953/351 7383/3952/351 7385/3954/661 7384/3955/661
f 7384/3955/661 7385/3954/661 7387/3956/688 7386/3957/688
f 7386/3957/688 7387/3956/688 7341/3958/272 7338/3959/272
f 7388/3960/274 7389/3961/685 7390/3962/685 7391/3963/274
f 7389/3961/685 7392/3964/671 7393/3965/671 7390/3962/685
f 7392/3964/671 7394/3966/354 7395/3967/354 7393/3965/671
f 7394/3966/354 7396/3968/658 7397/3969/658 7395/3967/354
f 7396/3968/658 7398/3970/657 7399/3971/657 7397/3969/658
f 7398/3970/657 7400/3972/271 7401/3973/271 7399/3971/657
f 7400/3972/271 7402/3974/675 7403/3975/675 7401/3973/271
f 7402/3974/675 7404/3976/674 7405/3977/674 7403/3975/675
f 7404/3976/674 7406/3978/351 7407/3979/351 7405/3977/674
f 7406/3978/351 7408/3980/661 7409/3981/661 7407/3979/351
f 7408/3980/661 7410/3982/1001 7412/3983/1001 7409/3981/661
f 7416/3984/978 7418/3985/647 7419/3986/647 7414/3987/978
f 7418/3985/647 7420/3988/352 7421/3989/352 7419/3986/647
f 7420/3988/352 7422/3990/665 7423/3991/665 7421/3989/352
f 7422/3990/665 7424/3992/664 7425/3993/664 7423/3991/665
f 7424/3992/664 7426/3994/273 7427/3995/273 7425/3993/664
f 7426/3994/273 7428/3996/681 7429/3997/681 7427/3995/273
f 7428/3996/681 7430/3998/680 7431/3999/680 7429/3997/681
f 7430/3998/680 7432/4000/353 7433/4001/353 7431/3999/680
f 7432/4000/353 7434/4002/668 7435/4003/668 7433/4001/353
f 7434/4002/668 7436/4004/654 7437/4005/654 7435/4003/668
f 7436/4004/654 7388/4006/274 7391/4007/274 7437/4005/654
f 6800/3943/35 6846/4008/35 6844/4009/35 6798/3941/35
f 6783/3924/278 6829/3973/278 6831/3975/278 6785/3926/278
f 6799/3940/278 6845/3989/278 6847/3991/278 6801/3942/278
f 6776/3919/35 6822/4010/35 6820/4011/35 6774/3917/35
f 6810/3953/35 6856/4012/35 6854/4013/35 6808/3951/35
f 6775/3916/278 6821/3965/278 6823/3967/278 6777/3918/278
f 6809/3950/278 6855/3999/278 6857/4001/278 6811/3952/278
f 6786/3929/35 6832/4014/35 6830/4015/35 6784/3927/35
f 6802/3945/35 6848/4016/35 6846/4008/35 6800/3943/35
f 6785/3926/278 6831/3975/278 6833/3977/278 6787/3928/278
f 6801/3942/278 6847/3991/278 6849/3993/278 6803/3944/278
f 6778/3921/35 6824/4017/35 6822/4010/35 6776/3919/35
f 6812/3955/35 6858/4018/35 6856/4012/35 6810/3953/35
f 6777/3918/278 6823/3967/278 6825/3969/278 6779/3920/278
f 6811/3952/278 6857/4001/278 6859/4003/278 6813/3954/278
f 6788/3931/35 6834/4019/35 6832/4014/35 6786/3929/35
f 6804/3947/35 6850/4020/35 6848/4016/35 6802/3945/35
f 6787/3928/278 6833/3977/278 6835/3979/278 6789/3930/278
f 6803/3944/278 6849/3993/278 6851/3995/278 6805/3946/278
f 6780/3923/35 6826/4021/35 6824/4017/35 6778/3921/35
f 6796/3939/35 6842/4022/35 7417/3984/35 7367/3936/35
f 6814/3957/35 6860/4023/35 6858/4018/35 6812/3955/35
f 6772/3915/35 6817/4024/35 6816/4025/35 6770/3912/35
f 6779/3920/278 6825/3969/278 6827/3971/278 6781/3922/278
f 7365/3937/278 7415/3987/278 6843/3986/278 6797/3938/278
f 6813/3954/278 6859/4003/278 6861/4005/278 6815/3956/278
f 6771/3913/278 6819/3963/278 6818/3962/278 6773/3914/278
f 6790/3933/35 6836/4026/35 6834/4019/35 6788/3931/35
f 6806/3949/35 6852/4027/35 6850/4020/35 6804/3947/35
f 6789/3930/278 6835/3979/278 6837/3981/278 6791/3932/278
f 6805/3946/278 6851/3995/278 6853/3997/278 6807/3948/278
f 6782/3925/35 6828/4028/35 6826/4021/35 6780/3923/35
f 6798/3941/35 6844/4009/35 6842/4022/35 6796/3939/35
f 6770/3959/35 6816/4029/35 6860/4023/35 6814/3957/35
f 6781/3922/278 6827/3971/278 6829/3973/278 6783/3924/278
f 6797/3938/278 6843/3986/278 6845/3989/278 6799/3940/278
f 6815/3956/278 6861/4005/278 6819/4007/278 6771/3958/278
f 6774/3917/35 6820/4011/35 6817/4024/35 6772/3915/35
f 7361/3935/35 7411/4030/35 6836/4026/35 6790/3933/35
f 6808/3951/35 6854/4013/35 6852/4027/35 6806/3949/35
f 6773/3914/278 6818/3962/278 6821/3965/278 6775/3916/278
f 6791/3932/278 6837/3981/278 7413/3983/278 7363/3934/278
f 6807/3948/278 6853/3997/278 6855/3999/278 6809/3950/278
f 6784/3927/35 6830/4015/35 6828/4028/35 6782/3925/35
f 7438/4031/272 7441/4032/272 7440/4033/648 7439/4034/648
f 7439/4034/648 7440/4033/648 7443/4035/647 7442/4036/647
f 7442/4036/647 7443/4035/647 7445/4037/352 7444/4038/352
f 7444/4038/352 7445/4037/352 7447/4039/665 7446/4040/665
f 7446/4040/665 7447/4039/665 7449/4041/664 7448/4042/664
f 7448/4042/664 7449/4041/664 7451/4043/273 7450/4044/273
f 7450/4044/273 7451/4043/273 7453/4045/681 7452/4046/681
f 7452/4046/681 7453/4045/681 7455/4047/680 7454/4048/680
f 7454/4048/680 7455/4047/680 7457/4049/353 7456/4050/353
f 7456/4050/353 7457/4049/353 7459/4051/668 7458/4052/668
f 7458/4052/668 7459/4051/668 7462/4053/987 7460/4054/987
f 7466/4055/990 7464/4056/990 7469/4057/671 7468/4058/671
f 7468/4058/671 7469/4057/671 7471/4059/354 7470/4060/354
f 7470/4060/354 7471/4059/354 7473/4061/658 7472/4062/658
f 7472/4062/658 7473/4061/658 7475/4063/657 7474/4064/657
f 7474/4064/657 7475/4063/657 7477/4065/271 7476/4066/271
f 7476/4066/271 7477/4065/271 7479/4067/675 7478/4068/675
f 7478/4068/675 7479/4067/675 7481/4069/674 7480/4070/674
f 7480/4070/674 7481/4069/674 7483/4071/351 7482/4072/351
f 7482/4072/351 7483/4071/351 7485/4073/661 7484/4074/661
f 7484/4074/661 7485/4073/661 7487/4075/688 7486/4076/688
f 7486/4076/688 7487/4075/688 7441/4077/272 7438/4078/272
f 7488/4079/274 7489/4080/685 7490/4081/685 7491/4082/274
f 7489/4080/685 7492/4083/671 7493/4084/671 7490/4081/685
f 7492/4083/671 7494/4085/354 7495/4086/354 7493/4084/671
f 7494/4085/354 7496/4087/658 7497/4088/658 7495/4086/354
f 7496/4087/658 7498/4089/657 7499/4090/657 7497/4088/658
f 7498/4089/657 7500/4091/271 7501/4092/271 7499/4090/657
f 7500/4091/271 7502/4093/675 7503/4094/675 7501/4092/271
f 7502/4093/675 7504/4095/674 7505/4096/674 7503/4094/675
f 7504/4095/674 7506/4097/351 7507/4098/351 7505/4096/674
f 7506/4097/351 7508/4099/661 7509/4100/661 7507/4098/351
f 7508/4099/661 7510/4101/1001 7512/4102/1001 7509/4100/661
f 7516/4103/978 7518/4104/647 7519/4105/647 7514/4106/978
f 7518/4104/647 7520/4107/352 7521/4108/352 7519/4105/647
f 7520/4107/352 7522/4109/665 7523/4110/665 7521/4108/352
f 7522/4109/665 7524/4111/664 7525/4112/664 7523/4110/665
f 7524/4111/664 7526/4113/273 7527/4114/273 7525/4112/664
f 7526/4113/273 7528/4115/681 7529/4116/681 7527/4114/273
f 7528/4115/681 7530/4117/680 7531/4118/680 7529/4116/681
f 7530/4117/680 7532/4119/353 7533/4120/353 7531/4118/680
f 7532/4119/353 7534/4121/668 7535/4122/668 7533/4120/353
f 7534/4121/668 7536/4123/654 7537/4124/654 7535/4122/668
f 7536/4123/654 7488/4125/274 7491/4126/274 7537/4124/654
f 6892/4062/35 6938/4127/35 6936/4128/35 6890/4060/35
f 6875/4043/278 6921/4092/278 6923/4094/278 6877/4045/278
f 6891/4059/278 6937/4108/278 6939/4110/278 6893/4061/278
f 6868/4038/35 6914/4129/35 6912/4130/35 6866/4036/35
f 6794/3936/681 6840/3984/681 6841/3987/681 6795/3937/681
f 6902/4072/35 6948/4131/35 6946/4132/35 6900/4070/35
f 6867/4035/278 6913/4084/278 6915/4086/278 6869/4037/278
f 7467/4055/681 7517/4103/681 7515/4106/681 7465/4056/681
f 6901/4069/278 6947/4118/278 6949/4120/278 6903/4071/278
f 6878/4048/35 6924/4133/35 6922/4134/35 6876/4046/35
f 6894/4064/35 6940/4135/35 6938/4127/35 6892/4062/35
f 6877/4045/278 6923/4094/278 6925/4096/278 6879/4047/278
f 6893/4061/278 6939/4110/278 6941/4112/278 6895/4063/278
f 6870/4040/35 6916/4136/35 6914/4129/35 6868/4038/35
f 7461/4054/657 7463/4137/657 7513/4138/657 7511/4139/657
f 6904/4074/35 6950/4140/35 6948/4131/35 6902/4072/35
f 6869/4037/278 6915/4086/278 6917/4088/278 6871/4039/278
f 6792/3935/657 6793/4141/657 6839/4142/657 6838/4030/657
f 6903/4071/278 6949/4120/278 6951/4122/278 6905/4073/278
f 6880/4050/35 6926/4143/35 6924/4133/35 6878/4048/35
f 6896/4066/35 6942/4144/35 6940/4135/35 6894/4064/35
f 6879/4047/278 6925/4096/278 6927/4098/278 6881/4049/278
f 6895/4063/278 6941/4112/278 6943/4114/278 6897/4065/278
f 6872/4042/35 6918/4145/35 6916/4136/35 6870/4040/35
f 6888/4058/35 6934/4146/35 6932/4103/35 6886/4055/35
f 6906/4076/35 6952/4147/35 6950/4140/35 6904/4074/35
f 6864/4034/35 6909/4148/35 6908/4149/35 6862/4031/35
f 6871/4039/278 6917/4088/278 6919/4090/278 6873/4041/278
f 6887/4056/278 6933/4106/278 6935/4105/278 6889/4057/278
f 6905/4073/278 6951/4122/278 6953/4124/278 6907/4075/278
f 6863/4032/278 6911/4082/278 6910/4081/278 6865/4033/278
f 6882/4052/35 6928/4150/35 6926/4143/35 6880/4050/35
f 6898/4068/35 6944/4151/35 6942/4144/35 6896/4066/35
f 6881/4049/278 6927/4098/278 6929/4100/278 6883/4051/278
f 6897/4065/278 6943/4114/278 6945/4116/278 6899/4067/278
f 6874/4044/35 6920/4152/35 6918/4145/35 6872/4042/35
f 6890/4060/35 6936/4128/35 6934/4146/35 6888/4058/35
f 6862/4078/35 6908/4153/35 6952/4147/35 6906/4076/35
f 6873/4041/278 6919/4090/278 6921/4092/278 6875/4043/278
f 6889/4057/278 6935/4105/278 6937/4108/278 6891/4059/278
f 6907/4075/278 6953/4124/278 6911/4126/278 6863/4077/278
f 6866/4036/35 6912/4130/35 6909/4148/35 6864/4034/35
f 6884/4054/35 6930/4139/35 6928/4150/35 6882/4052/35
f 6900/4070/35 6946/4132/35 6944/4151/35 6898/4068/35
f 6865/4033/278 6910/4081/278 6913/4084/278 6867/4035/278
f 6883/4051/278 6929/4100/278 6931/4102/278 6885/4053/278
f 6899/4067/278 6945/4116/278 6947/4118/278 6901/4069/278
f 6876/4046/35 6922/4134/35 6920/4152/35 6874/4044/35
f 7538/1/300 7539/2/1121 7541/3/1122 7540/4/1123
f 7540/4/1123 7541/3/1122 7543/5/1124 7542/6/1125
f 7542/6/1125 7543/5/1124 7545/7/1126 7544/8/1127
f 7544/8/1127 7545/7/1126 7547/9/1128 7546/10/1129
f 7546/10/1129 7547/9/1128 7549/11/1130 7548/12/1131
f 7548/12/1131 7549/11/1130 7551/13/1132 7550/14/1133
f 7550/14/1133 7551/13/1132 7553/15/1134 7552/16/1135
f 7552/16/1135 7553/15/1134 7555/17/1136 7554/18/301
f 7554/18/301 7555/17/1136 7557/19/1137 7556/20/1138
f 7556/20/1138 7557/19/1137 7559/21/1139 7558/22/1140
f 7558/22/1140 7559/21/1139 7561/23/1141 7560/24/1142
f 7560/24/1142 7561/23/1141 7563/25/1143 7562/26/1144
f 7562/26/1144 7563/25/1143 7565/27/1145 7564/28/1146
f 7564/28/1146 7565/27/1145 7567/29/1147 7566/30/1148
f 7549/11/1130 7547/9/1128 7574/31/1149 7575/32/1150
f 7566/30/1148 7567/29/1147 7569/33/1151 7568/34/1152
f 7568/34/1152 7569/33/1151 7539/35/1121 7538/36/300
f 7538/37/35 7540/38/35 7542/39/35 7544/40/35 7546/41/35 7548/42/35 7550/43/35 7552/44/35 7554/45/35 7556/46/35 7558/47/35 7560/48/35 7562/49/35 7564/50/35 7566/51/35 7568/52/35
f 7573/53/1153 7572/54/1154 7588/55/1155 7589/56/1156
f 7559/21/1139 7557/19/1137 7579/57/1157 7580/58/1158
f 7569/33/1151 7567/29/1147 7584/59/1159 7585/60/1160
f 7545/7/1126 7543/5/1124 7572/54/1154 7573/53/1153
f 7555/17/1136 7553/15/1134 7577/61/1161 7578/62/1162
f 7565/27/1145 7563/25/1143 7582/63/1163 7583/64/1164
f 7541/3/1122 7539/2/1121 7570/65/1165 7571/66/1166
f 7551/13/1132 7549/11/1130 7575/32/1150 7576/67/1167
f 7561/23/1141 7559/21/1139 7580/58/1158 7581/68/1168
f 7539/35/1121 7569/33/1151 7585/60/1160 7570/69/1165
f 7547/9/1128 7545/7/1126 7573/53/1153 7574/31/1149
f 7557/19/1137 7555/17/1136 7578/62/1162 7579/57/1157
f 7567/29/1147 7565/27/1145 7583/64/1164 7584/59/1159
f 7543/5/1124 7541/3/1122 7571/66/1166 7572/54/1154
f 7553/15/1134 7551/13/1132 7576/67/1167 7577/61/1161
f 7563/25/1143 7561/23/1141 7581/68/1168 7582/63/1163
f 7594/70/1169 7593/71/1170 7609/72/1171 7610/73/1172
f 7581/68/1168 7580/58/1158 7596/74/1173 7597/75/1174
f 7574/31/1149 7573/53/1153 7589/56/1156 7590/76/1175
f 7582/63/1163 7581/68/1168 7597/75/1174 7598/77/1176
f 7575/32/1150 7574/31/1149 7590/76/1175 7591/78/1177
f 7583/64/1164 7582/63/1163 7598/77/1176 7599/79/1178
f 7576/67/1167 7575/32/1150 7591/78/1177 7592/80/1179
f 7584/59/1159 7583/64/1164 7599/79/1178 7600/81/1180
f 7577/61/1161 7576/67/1167 7592/80/1179 7593/71/1170
f 7585/60/1160 7584/59/1159 7600/81/1180 7601/82/1181
f 7578/62/1162 7577/61/1161 7593/71/1170 7594/70/1169
f 7571/66/1166 7570/65/1165 7586/83/1182 7587/84/1183
f 7570/69/1165 7585/60/1160 7601/82/1181 7586/85/1182
f 7579/57/1157 7578/62/1162 7594/70/1169 7595/86/1184
f 7572/54/1154 7571/66/1166 7587/84/1183 7588/55/1155
f 7580/58/1158 7579/57/1157 7595/86/1184 7596/74/1173
f 7615/87/1185 7614/88/1186 7630/89/1187 7631/90/1188
f 7587/84/1183 7586/83/1182 7602/91/1189 7603/92/1190
f 7586/85/1182 7601/82/1181 7617/93/1191 7602/94/1189
f 7595/86/1184 7594/70/1169 7610/73/1172 7611/95/1192
f 7588/55/1155 7587/84/1183 7603/92/1190 7604/96/1193
f 7596/74/1173 7595/86/1184 7611/95/1192 7612/97/1194
f 7589/56/1156 7588/55/1155 7604/96/1193 7605/98/1195
f 7597/75/1174 7596/74/1173 7612/97/1194 7613/99/1196
f 7590/76/1175 7589/56/1156 7605/98/1195 7606/100/1197
f 7598/77/1176 7597/75/1174 7613/99/1196 7614/88/1186
f 7591/78/1177 7590/76/1175 7606/100/1197 7607/101/1198
f 7599/79/1178 7598/77/1176 7614/88/1186 7615/87/1185
f 7592/80/1179 7591/78/1177 7607/101/1198 7608/102/1199
f 7600/81/1180 7599/79/1178 7615/87/1185 7616/103/1200
f 7593/71/1170 7592/80/1179 7608/102/1199 7609/72/1171
f 7601/82/1181 7600/81/1180 7616/103/1200 7617/93/1191
f 7621/104/1201 7620/105/1202 7636/106/1203 7637/107/1204
f 7608/102/1199 7607/101/1198 7623/108/1205 7624/109/1206
f 7616/103/1200 7615/87/1185 7631/90/1188 7632/110/1207
f 7609/72/1171 7608/102/1199 7624/109/1206 7625/111/1208
f 7617/93/1191 7616/103/1200 7632/110/1207 7633/112/1209
f 7610/73/1172 7609/72/1171 7625/111/1208 7626/113/1210
f 7603/92/1190 7602/91/1189 7618/114/1211 7619/115/1212
f 7602/94/1189 7617/93/1191 7633/112/1209 7618/116/1211
f 7611/95/1192 7610/73/1172 7626/113/1210 7627/117/1213
f 7604/96/1193 7603/92/1190 7619/115/1212 7620/105/1202
f 7612/97/1194 7611/95/1192 7627/117/1213 7628/118/1214
f 7605/98/1195 7604/96/1193 7620/105/1202 7621/104/1201
f 7613/99/1196 7612/97/1194 7628/118/1214 7629/119/1215
f 7606/100/1197 7605/98/1195 7621/104/1201 7622/120/1216
f 7614/88/1186 7613/99/1196 7629/119/1215 7630/89/1187
f 7607/101/1198 7606/100/1197 7622/120/1216 7623/108/1205
f 7642/121/1217 7641/122/1218 7657/123/1219 7658/124/1220
f 7629/119/1215 7628/118/1214 7644/125/1221 7645/126/1222
f 7622/120/1216 7621/104/1201 7637/107/1204 7638/127/1223
f 7630/89/1187 7629/119/1215 7645/126/1222 7646/128/1224
f 7623/108/1205 7622/120/1216 7638/127/1223 7639/129/1225
f 7631/90/1188 7630/89/1187 7646/128/1224 7647/130/1226
f 7624/109/1206 7623/108/1205 7639/129/1225 7640/131/1227
f 7632/110/1207 7631/90/1188 7647/130/1226 7648/132/1228
f 7625/111/1208 7624/109/1206 7640/131/1227 7641/122/1218
f 7633/112/1209 7632/110/1207 7648/132/1228 7649/133/1229
f 7626/113/1210 7625/111/1208 7641/122/1218 7642/121/1217
f 7619/115/1212 7618/114/1211 7634/134/1230 7635/135/1231
f 7618/116/1211 7633/112/1209 7649/133/1229 7634/136/1230
f 7627/117/1213 7626/113/1210 7642/121/1217 7643/137/1232
f 7620/105/1202 7619/115/1212 7635/135/1231 7636/106/1203
f 7628/118/1214 7627/117/1213 7643/137/1232 7644/125/1221
f 7663/138/1233 7662/139/1234 7678/140/1235 7679/141/1236
f 7635/135/1231 7634/134/1230 7650/142/1237 7651/143/1238
f 7634/136/1230 7649/133/1229 7665/144/1239 7650/145/1237
f 7643/137/1232 7642/121/1217 7658/124/1220 7659/146/1240
f 7636/106/1203 7635/135/1231 7651/143/1238 7652/147/1241
f 7644/125/1221 7643/137/1232 7659/146/1240 7660/148/1242
f 7637/107/1204 7636/106/1203 7652/147/1241 7653/149/1243
f 7645/126/1222 7644/125/1221 7660/148/1242 7661/150/1244
f 7638/127/1223 7637/107/1204 7653/149/1243 7654/151/1245
f 7646/128/1224 7645/126/1222 7661/150/1244 7662/139/1234
f 7639/129/1225 7638/127/1223 7654/151/1245 7655/152/1246
f 7647/130/1226 7646/128/1224 7662/139/1234 7663/138/1233
f 7640/131/1227 7639/129/1225 7655/152/1246 7656/153/1247
f 7648/132/1228 7647/130/1226 7663/138/1233 7664/154/1248
f 7641/122/1218 7640/131/1227 7656/153/1247 7657/123/1219
f 7649/133/1229 7648/132/1228 7664/154/1248 7665/144/1239
f 7677/155/1249 7676/156/1250 7692/157/1251 7693/158/1252
f 7656/153/1247 7655/152/1246 7671/159/1253 7672/160/1254
f 7664/154/1248 7663/138/1233 7679/141/1236 7680/161/1255
f 7657/123/1219 7656/153/1247 7672/160/1254 7673/162/1256
f 7665/144/1239 7664/154/1248 7680/161/1255 7681/163/1257
f 7658/124/1220 7657/123/1219 7673/162/1256 7674/164/1258
f 7651/143/1238 7650/142/1237 7666/165/1259 7667/166/1260
f 7650/145/1237 7665/144/1239 7681/163/1257 7666/167/1259
f 7659/146/1240 7658/124/1220 7674/164/1258 7675/168/1261
f 7652/147/1241 7651/143/1238 7667/166/1260 7668/169/1262
f 7660/148/1242 7659/146/1240 7675/168/1261 7676/156/1250
f 7653/149/1243 7652/147/1241 7668/169/1262 7669/170/1263
f 7661/150/1244 7660/148/1242 7676/156/1250 7677/155/1249
f 7654/151/1245 7653/149/1243 7669/170/1263 7670/171/1264
f 7662/139/1234 7661/150/1244 7677/155/1249 7678/140/1235
f 7655/152/1246 7654/151/1245 7670/171/1264 7671/159/1253
f 7670/171/1264 7669/170/1263 7685/172/1265 7686/173/1266
f 7678/140/1235 7677/155/1249 7693/158/1252 7694/174/1267
f 7671/159/1253 7670/171/1264 7686/173/1266 7687/175/1268
f 7679/141/1236 7678/140/1235 7694/174/1267 7695/176/1269
f 7672/160/1254 7671/159/1253 7687/175/1268 7688/177/1270
f 7680/161/1255 7679/141/1236 7695/176/1269 7696/178/1271
f 7673/162/1256 7672/160/1254 7688/177/1270 7689/179/1272
f 7681/163/1257 7680/161/1255 7696/178/1271 7697/180/1273
f 7674/164/1258 7673/162/1256 7689/179/1272 7690/181/1274
f 7667/166/1260 7666/165/1259 7682/182/1275 7683/183/1276
f 7666/167/1259 7681/163/1257 7697/180/1273 7682/184/1275
f 7675/168/1261 7674/164/1258 7690/181/1274 7691/185/1277
f 7668/169/1262 7667/166/1260 7683/183/1276 7684/186/1278
f 7676/156/1250 7675/168/1261 7691/185/1277 7692/157/1251
f 7669/170/1263 7668/169/1262 7684/186/1278 7685/172/1265
f 7698/1/300 7700/4/1279 7701/3/1151 7699/2/1121
f 7700/4/1279 7702/6/1148 7703/5/1280 7701/3/1151
f 7702/6/1148 7704/8/1146 7705/7/1281 7703/5/1280
f 7704/8/1146 7706/10/1144 7707/9/1282 7705/7/1281
f 7706/10/1144 7708/12/1142 7709/11/1283 7707/9/1282
f 7708/12/1142 7710/14/1140 7711/13/1139 7709/11/1283
f 7710/14/1140 7712/16/1284 7713/15/1285 7711/13/1139
f 7712/16/1284 7714/18/301 7715/17/1136 7713/15/1285
f 7714/18/301 7716/20/1135 7717/19/1286 7715/17/1136
f 7716/20/1135 7718/22/1133 7719/21/1132 7717/19/1286
f 7718/22/1133 7720/24/1131 7721/23/1130 7719/21/1132
f 7720/24/1131 7722/26/1129 7723/25/1287 7721/23/1130
f 7722/26/1129 7724/28/1288 7725/27/1126 7723/25/1287
f 7724/28/1288 7726/30/1289 7727/29/1290 7725/27/1126
f 7709/11/1283 7735/32/1168 7734/31/1291 7707/9/1282
f 7726/30/1289 7728/34/1292 7729/33/1293 7727/29/1290
f 7728/34/1292 7698/36/300 7699/35/1121 7729/33/1293
f 7698/37/35 7728/52/35 7726/51/35 7724/50/35 7722/49/35 7720/48/35 7718/47/35 7716/46/35 7714/45/35 7712/44/35 7710/43/35 7708/42/35 7706/41/35 7704/40/35 7702/39/35 7700/38/35
f 7733/53/1294 7749/56/1295 7748/55/1296 7732/54/1297
f 7719/21/1132 7740/58/1298 7739/57/1161 7717/19/1286
f 7729/33/1293 7745/60/1166 7744/59/1299 7727/29/1290
f 7705/7/1281 7733/53/1294 7732/54/1297 7703/5/1280
f 7715/17/1136 7738/62/1162 7737/61/1157 7713/15/1285
f 7725/27/1126 7743/64/1300 7742/63/1301 7723/25/1287
f 7701/3/1151 7731/66/1160 7730/65/1165 7699/2/1121
f 7711/13/1139 7736/67/1302 7735/32/1168 7709/11/1283
f 7721/23/1130 7741/68/1150 7740/58/1298 7719/21/1132
f 7699/35/1121 7730/69/1165 7745/60/1166 7729/33/1293
f 7707/9/1282 7734/31/1291 7733/53/1294 7705/7/1281
f 7717/19/1286 7739/57/1161 7738/62/1162 7715/17/1136
f 7727/29/1290 7744/59/1299 7743/64/1300 7725/27/1126
f 7703/5/1280 7732/54/1297 7731/66/1160 7701/3/1151
f 7713/15/1285 7737/61/1157 7736/67/1302 7711/13/1139
f 7723/25/1287 7742/63/1301 7741/68/1150 7721/23/1130
f 7754/70/1303 7770/73/1172 7769/72/1304 7753/71/1305
f 7741/68/1150 7757/75/1306 7756/74/1179 7740/58/1298
f 7734/31/1291 7750/76/1307 7749/56/1295 7733/53/1294
f 7742/63/1301 7758/77/1308 7757/75/1306 7741/68/1150
f 7735/32/1168 7751/78/1309 7750/76/1307 7734/31/1291
f 7743/64/1300 7759/79/1156 7758/77/1308 7742/63/1301
f 7736/67/1302 7752/80/1173 7751/78/1309 7735/32/1168
f 7744/59/1299 7760/81/1310 7759/79/1156 7743/64/1300
f 7737/61/1157 7753/71/1305 7752/80/1173 7736/67/1302
f 7745/60/1166 7761/82/1311 7760/81/1310 7744/59/1299
f 7738/62/1162 7754/70/1303 7753/71/1305 7737/61/1157
f 7731/66/1160 7747/84/1312 7746/83/1182 7730/65/1165
f 7730/69/1165 7746/85/1182 7761/82/1311 7745/60/1166
f 7739/57/1161 7755/86/1313 7754/70/1303 7738/62/1162
f 7732/54/1297 7748/55/1296 7747/84/1312 7731/66/1160
f 7740/58/1298 7756/74/1179 7755/86/1313 7739/57/1161
f 7775/87/1195 7791/90/1201 7790/89/1314 7774/88/1315
f 7747/84/1312 7763/92/1316 7762/91/1189 7746/83/1182
f 7746/85/1182 7762/94/1189 7777/93/1317 7761/82/1311
f 7755/86/1313 7771/95/1171 7770/73/1172 7754/70/1303
f 7748/55/1296 7764/96/1200 7763/92/1316 7747/84/1312
f 7756/74/1179 7772/97/1199 7771/95/1171 7755/86/1313
f 7749/56/1295 7765/98/1185 7764/96/1200 7748/55/1296
f 7757/75/1306 7773/99/1198 7772/97/1199 7756/74/1179
f 7750/76/1307 7766/100/1318 7765/98/1185 7749/56/1295
f 7758/77/1308 7774/88/1315 7773/99/1198 7757/75/1306
f 7751/78/1309 7767/101/1196 7766/100/1318 7750/76/1307
f 7759/79/1156 7775/87/1195 7774/88/1315 7758/77/1308
f 7752/80/1173 7768/102/1194 7767/101/1196 7751/78/1309
f 7760/81/1310 7776/103/1319 7775/87/1195 7759/79/1156
f 7753/71/1305 7769/72/1304 7768/102/1194 7752/80/1173
f 7761/82/1311 7777/93/1317 7776/103/1319 7760/81/1310
f 7781/104/1188 7797/107/1320 7796/106/1321 7780/105/1322
f 7768/102/1194 7784/109/1323 7783/108/1215 7767/101/1196
f 7776/103/1319 7792/110/1324 7791/90/1201 7775/87/1195
f 7769/72/1304 7785/111/1213 7784/109/1323 7768/102/1194
f 7777/93/1317 7793/112/1325 7792/110/1324 7776/103/1319
f 7770/73/1172 7786/113/1210 7785/111/1213 7769/72/1304
f 7763/92/1316 7779/115/1326 7778/114/1211 7762/91/1189
f 7762/94/1189 7778/116/1211 7793/112/1325 7777/93/1317
f 7771/95/1171 7787/117/1208 7786/113/1210 7770/73/1172
f 7764/96/1200 7780/105/1322 7779/115/1326 7763/92/1316
f 7772/97/1199 7788/118/1327 7787/117/1208 7771/95/1171
f 7765/98/1185 7781/104/1188 7780/105/1322 7764/96/1200
f 7773/99/1198 7789/119/1205 7788/118/1327 7772/97/1199
f 7766/100/1318 7782/120/1328 7781/104/1188 7765/98/1185
f 7774/88/1315 7790/89/1314 7789/119/1205 7773/99/1198
f 7767/101/1196 7783/108/1215 7782/120/1328 7766/100/1318
f 7802/121/1217 7818/124/1220 7817/123/1240 7801/122/1232
f 7789/119/1205 7805/126/1329 7804/125/1227 7788/118/1327
f 7782/120/1328 7798/127/1224 7797/107/1320 7781/104/1188
f 7790/89/1314 7806/128/1330 7805/126/1329 7789/119/1205
f 7783/108/1215 7799/129/1331 7798/127/1224 7782/120/1328
f 7791/90/1201 7807/130/1332 7806/128/1330 7790/89/1314
f 7784/109/1323 7800/131/1333 7799/129/1331 7783/108/1215
f 7792/110/1324 7808/132/1334 7807/130/1332 7791/90/1201
f 7785/111/1213 7801/122/1232 7800/131/1333 7784/109/1323
f 7793/112/1325 7809/133/1335 7808/132/1334 7792/110/1324
f 7786/113/1210 7802/121/1217 7801/122/1232 7785/111/1213
f 7779/115/1326 7795/135/1336 7794/134/1230 7778/114/1211
f 7778/116/1211 7794/136/1230 7809/133/1335 7793/112/1325
f 7787/117/1208 7803/137/1218 7802/121/1217 7786/113/1210
f 7780/105/1322 7796/106/1321 7795/135/1336 7779/115/1326
f 7788/118/1327 7804/125/1227 7803/137/1218 7787/117/1208
f 7823/138/1337 7839/141/1338 7838/140/1339 7822/139/1340
f 7795/135/1336 7811/143/1239 7810/142/1237 7794/134/1230
f 7794/136/1230 7810/145/1237 7825/144/1341 7809/133/1335
f 7803/137/1218 7819/146/1219 7818/124/1220 7802/121/1217
f 7796/106/1321 7812/147/1342 7811/143/1239 7795/135/1336
f 7804/125/1227 7820/148/1343 7819/146/1219 7803/137/1218
f 7797/107/1320 7813/149/1233 7812/147/1342 7796/106/1321
f 7805/126/1329 7821/150/1246 7820/148/1343 7804/125/1227
f 7798/127/1224 7814/151/1344 7813/149/1233 7797/107/1320
f 7806/128/1330 7822/139/1340 7821/150/1246 7805/126/1329
f 7799/129/1331 7815/152/1244 7814/151/1344 7798/127/1224
f 7807/130/1332 7823/138/1337 7822/139/1340 7806/128/1330
f 7800/131/1333 7816/153/1242 7815/152/1244 7799/129/1331
f 7808/132/1334 7824/154/1345 7823/138/1337 7807/130/1332
f 7801/122/1232 7817/123/1240 7816/153/1242 7800/131/1333
f 7809/133/1335 7825/144/1341 7824/154/1345 7808/132/1334
f 7837/155/1253 7853/158/1268 7852/157/1346 7836/156/1347
f 7816/153/1242 7832/160/1348 7831/159/1249 7815/152/1244
f 7824/154/1345 7840/161/1349 7839/141/1338 7823/138/1337
f 7817/123/1240 7833/162/1261 7832/160/1348 7816/153/1242
f 7825/144/1341 7841/163/1350 7840/161/1349 7824/154/1345
f 7818/124/1220 7834/164/1258 7833/162/1261 7817/123/1240
f 7811/143/1239 7827/166/1351 7826/165/1259 7810/142/1237
f 7810/145/1237 7826/167/1259 7841/163/1350 7825/144/1341
f 7819/146/1219 7835/168/1352 7834/164/1258 7818/124/1220
f 7812/147/1342 7828/169/1353 7827/166/1351 7811/143/1239
f 7820/148/1343 7836/156/1347 7835/168/1352 7819/146/1219
f 7813/149/1233 7829/170/1354 7828/169/1353 7812/147/1342
f 7821/150/1246 7837/155/1253 7836/156/1347 7820/148/1343
f 7814/151/1344 7830/171/1355 7829/170/1354 7813/149/1233
f 7822/139/1340 7838/140/1339 7837/155/1253 7821/150/1246
f 7815/152/1244 7831/159/1249 7830/171/1355 7814/151/1344
f 7830/171/1355 7846/173/1356 7845/172/1357 7829/170/1354
f 7838/140/1339 7854/174/1358 7853/158/1268 7837/155/1253
f 7831/159/1249 7847/175/1252 7846/173/1356 7830/171/1355
f 7839/141/1338 7855/176/1359 7854/174/1358 7838/140/1339
f 7832/160/1348 7848/177/1360 7847/175/1252 7831/159/1249
f 7840/161/1349 7856/178/1361 7855/176/1359 7839/141/1338
f 7833/162/1261 7849/179/1277 7848/177/1360 7832/160/1348
f 7841/163/1350 7857/180/1362 7856/178/1361 7840/161/1349
f 7834/164/1258 7850/181/1274 7849/179/1277 7833/162/1261
f 7827/166/1351 7843/183/1363 7842/182/1275 7826/165/1259
f 7826/167/1259 7842/184/1275 7857/180/1362 7841/163/1350
f 7835/168/1352 7851/185/1272 7850/181/1274 7834/164/1258
f 7828/169/1353 7844/186/1364 7843/183/1363 7827/166/1351
f 7836/156/1347 7852/157/1346 7851/185/1272 7835/168/1352
f 7829/170/1354 7845/172/1357 7844/186/1364 7828/169/1353
f 8426/3364/273 8429/3365/273 8428/3366/681 8427/3367/681
f 8427/3367/681 8428/3366/681 8431/3368/680 8430/3369/680
f 8430/3369/680 8431/3368/680 8433/3370/353 8432/3371/353
f 8432/3371/353 8433/3370/353 8435/3372/668 8434/3373/668
f 8434/3373/668 8435/3372/668 8437/3374/654 8436/3375/654
f 8436/3375/654 8437/3374/654 8439/3376/274 8438/3377/274
f 8438/3377/274 8439/3376/274 8441/3378/685 8440/3379/685
f 8440/3379/685 8441/3378/685 8443/3380/671 8442/3381/671
f 8442/3381/671 8443/3380/671 8445/3382/354 8444/3383/354
f 8444/3383/354 8445/3382/354 8447/3384/658 8446/3385/658
f 8446/3385/658 8447/3384/658 8449/3386/657 8448/3387/657
f 8448/3387/657 8449/3386/657 8451/3388/271 8450/3389/271
f 8450/3389/271 8451/3388/271 8453/3390/675 8452/3391/675
f 8452/3391/675 8453/3390/675 8455/3392/674 8454/3393/674
f 8454/3393/674 8455/3392/674 8457/3394/351 8456/3395/351
f 8456/3395/351 8457/3394/351 8459/3396/661 8458/3397/661
f 8458/3397/661 8459/3396/661 8461/3398/688 8460/3399/688
f 8460/3399/688 8461/3398/688 8463/3400/272 8462/3401/272
f 8462/3401/272 8463/3400/272 8465/3402/648 8464/3403/648
f 8464/3403/648 8465/3402/648 8467/3404/647 8466/3405/647
f 8466/3405/647 8467/3404/647 8469/3406/352 8468/3407/352
f 8468/3407/352 8469/3406/352 8471/3408/665 8470/3409/665
f 7863/3410/35 7861/3411/35 8474/3412/35 8476/3413/35
f 8470/3409/665 8471/3408/665 8473/3414/664 8472/3415/664
f 8472/3415/664 8473/3414/664 8429/3416/273 8426/3417/273
f 7866/3418/1100 7868/3419/1118 8575/3420/1118 8574/3421/1100
f 8482/3422/671 7913/3423/685 8505/3424/685 8506/3425/671
f 7873/3426/35 7871/3427/35 8480/3428/35 8481/3423/35
f 7883/3429/35 7881/3430/35 8485/3431/35 8486/3432/35
f 7893/3433/35 7891/3434/35 8490/3435/35 8491/3436/35
f 7903/3437/35 7901/3438/35 8495/3439/35 8496/3440/35
f 7869/3441/35 7867/3442/35 8478/3443/35 8479/3444/35
f 7879/3445/35 7877/3446/35 8483/3447/35 8484/3448/35
f 7889/3449/35 7887/3450/35 8488/3451/35 8489/3452/35
f 7899/3453/35 7897/3454/35 8493/3455/35 8494/3456/35
f 7865/3457/35 7863/3410/35 8476/3413/35 8477/3458/35
f 7875/3459/35 7873/3426/35 8481/3423/35 7914/3422/35
f 7861/3411/35 7859/3460/35 8475/3461/35 8474/3412/35
f 7885/3462/35 7883/3429/35 8486/3432/35 8487/3463/35
f 7895/3464/35 7893/3433/35 8491/3436/35 8492/3465/35
f 7905/3466/35 7903/3437/35 8496/3440/35 8497/3467/35
f 7871/3427/35 7869/3441/35 8479/3444/35 8480/3428/35
f 7881/3430/35 7879/3445/35 8484/3448/35 8485/3431/35
f 7891/3434/35 7889/3449/35 8489/3452/35 8490/3435/35
f 7901/3438/35 7899/3453/35 8494/3456/35 8495/3439/35
f 7867/3442/35 7865/3457/35 8477/3458/35 8478/3443/35
f 7877/3446/35 7875/3459/35 7914/3422/35 8483/3447/35
f 7887/3450/35 7885/3462/35 8487/3463/35 8488/3451/35
f 7897/3454/35 7895/3464/35 8492/3465/35 8493/3455/35
f 7859/3468/35 7905/3466/35 8497/3467/35 8475/3469/35
f 8510/3470/1098 7941/3471/1095 8533/3472/1095 8534/3473/1098
f 7929/3467/664 7928/3440/665 8520/3474/665 8521/3475/664
f 7906/3412/681 7907/3461/273 8499/3476/273 8498/3477/681
f 7922/3435/661 7921/3452/351 8513/3478/351 8514/3479/661
f 7915/3447/354 8482/3422/671 8506/3425/671 8507/3480/354
f 7907/3469/273 7929/3467/664 8521/3475/664 8499/3481/273
f 7908/3413/680 7906/3412/681 8498/3477/681 8500/3482/680
f 7923/3436/688 7922/3435/661 8514/3479/661 8515/3483/688
f 7916/3448/658 7915/3447/354 8507/3480/354 8508/3484/658
f 7909/3458/353 7908/3413/680 8500/3482/680 8501/3485/353
f 7924/3465/272 7923/3436/688 8515/3483/688 8516/3486/272
f 7917/3431/657 7916/3448/658 8508/3484/658 8509/3471/657
f 7910/3443/668 7909/3458/353 8501/3485/353 8502/3487/668
f 7925/3455/648 7924/3465/272 8516/3486/272 8517/3488/648
f 7918/3432/271 7917/3431/657 8509/3471/657 7942/3470/271
f 7911/3444/654 7910/3443/668 8502/3487/668 8503/3489/654
f 7926/3456/647 7925/3455/648 8517/3488/648 8518/3490/647
f 7919/3463/675 7918/3432/271 7942/3470/271 8511/3491/675
f 7912/3428/274 7911/3444/654 8503/3489/654 8504/3492/274
f 7927/3439/352 7926/3456/647 8518/3490/647 8519/3493/352
f 7920/3451/674 7919/3463/675 8511/3491/675 8512/3494/674
f 7913/3423/685 7912/3428/274 8504/3492/274 8505/3424/685
f 7928/3440/665 7927/3439/352 8519/3493/352 8520/3474/665
f 7921/3452/351 7920/3451/674 8512/3494/674 8513/3478/351
f 8545/3495/664 7976/3496/665 8000/3497/665 8569/3498/664
f 7935/3489/1076 7934/3487/1096 8526/3499/1096 8527/3500/1076
f 7950/3490/1094 7949/3488/1090 8541/3501/1090 8542/3502/1094
f 7943/3491/1080 8510/3470/1098 8534/3473/1098 8535/3503/1080
f 7936/3492/1075 7935/3489/1076 8527/3500/1076 8528/3504/1075
f 7951/3493/1097 7950/3490/1094 8542/3502/1094 8543/3505/1097
f 7944/3494/1079 7943/3491/1080 8535/3503/1080 8536/3506/1079
f 7937/3424/1081 7936/3492/1075 8528/3504/1075 8529/3507/1081
f 7952/3474/1078 7951/3493/1097 8543/3505/1097 8544/3496/1078
f 7945/3478/1083 7944/3494/1079 8536/3506/1079 8537/3508/1083
f 7938/3425/1084 7937/3424/1081 8529/3507/1081 8530/3509/1084
f 7953/3475/1077 7952/3474/1078 8544/3496/1078 7977/3495/1077
f 7930/3477/1085 7931/3476/1082 8523/3510/1082 8522/3511/1085
f 7946/3479/1086 7945/3478/1083 8537/3508/1083 8538/3512/1086
f 7939/3480/1087 7938/3425/1084 8530/3509/1084 8531/3513/1087
f 7931/3481/1082 7953/3475/1077 7977/3495/1077 8523/3514/1082
f 7932/3482/1088 7930/3477/1085 8522/3511/1085 8524/3515/1088
f 7947/3483/1089 7946/3479/1086 8538/3512/1086 8539/3516/1089
f 7940/3484/1092 7939/3480/1087 8531/3513/1087 8532/3517/1092
f 7933/3485/1093 7932/3482/1088 8524/3515/1088 8525/3518/1093
f 7948/3486/1091 7947/3483/1089 8539/3516/1089 8540/3519/1091
f 7941/3471/1095 7940/3484/1092 8532/3517/1092 8533/3472/1095
f 7934/3487/1096 7933/3485/1093 8525/3518/1093 8526/3499/1096
f 7949/3488/1090 7948/3486/1091 8540/3519/1091 8541/3501/1090
f 8546/3520/278 8547/3521/278 8001/3522/278 8568/3523/278 8567/3524/278 8566/3525/278 8565/3526/278 8564/3527/278 8563/3528/278 8562/3529/278 8561/3530/278 8560/3531/278 8559/3532/278 8558/3533/278 8557/3534/278 8556/3535/278 8555/3536/278 8554/3537/278 8553/3538/278 8552/3539/278 8551/3540/278 8550/3541/278 8549/3542/278 8548/3543/278
f 7954/3511/681 7955/3510/273 7979/3544/273 7978/3545/681
f 7970/3512/661 7969/3508/351 7993/3546/351 7994/3547/661
f 7963/3513/354 7962/3509/671 7986/3548/671 7987/3549/354
f 7955/3514/273 8545/3495/664 8569/3498/664 7979/3550/273
f 7956/3515/680 7954/3511/681 7978/3545/681 7980/3551/680
f 7971/3516/688 7970/3512/661 7994/3547/661 7995/3552/688
f 7964/3517/658 7963/3513/354 7987/3549/354 7988/3553/658
f 7957/3518/353 7956/3515/680 7980/3551/680 7981/3554/353
f 7972/3519/272 7971/3516/688 7995/3552/688 7996/3555/272
f 7965/3472/657 7964/3517/658 7988/3553/658 7989/3556/657
f 7958/3499/668 7957/3518/353 7981/3554/353 7982/3557/668
f 7973/3501/648 7972/3519/272 7996/3555/272 7997/3558/648
f 7966/3473/271 7965/3472/657 7989/3556/657 7990/3559/271
f 7959/3500/654 7958/3499/668 7982/3557/668 7983/3560/654
f 7974/3502/647 7973/3501/648 7997/3558/648 7998/3561/647
f 7967/3503/675 7966/3473/271 7990/3559/271 7991/3562/675
f 7960/3504/274 7959/3500/654 7983/3560/654 7984/3563/274
f 7975/3505/352 7974/3502/647 7998/3561/647 7999/3564/352
f 7968/3506/674 7967/3503/675 7991/3562/675 7992/3565/674
f 7961/3507/685 7960/3504/274 7984/3563/274 7985/3566/685
f 7976/3496/665 7975/3505/352 7999/3564/352 8000/3497/665
f 7969/3508/351 7968/3506/674 7992/3565/674 7993/3546/351
f 7962/3509/671 7961/3507/685 7985/3566/685 7986/3548/671
f 8570/3567/273 8571/3568/681 8595/3569/681 8594/3570/273
f 7876/3571/1102 7878/3572/1119 8580/3573/1119 8579/3574/1102
f 7886/3575/1104 7888/3576/1120 8585/3577/1120 8584/3578/1104
f 7896/3579/1110 7898/3580/1105 8590/3581/1105 8589/3582/1110
f 7862/3583/1108 7864/3584/1099 8573/3585/1099 8572/3586/1108
f 7872/3587/1112 7874/3588/1101 8578/3589/1101 8577/3590/1112
f 7858/3591/1117 7860/3592/1107 8003/3568/1107 8002/3567/1117
f 7882/3593/1114 7884/3594/1103 8583/3595/1103 8582/3596/1114
f 7892/3597/1116 7894/3598/1109 8588/3599/1109 8587/3600/1116
f 7902/3601/1073 7904/3602/1074 8593/3603/1074 8592/3604/1073
f 7868/3419/1118 7870/3605/1111 8576/3606/1111 8575/3420/1118
f 7878/3572/1119 7880/3607/1113 8581/3608/1113 8580/3573/1119
f 7888/3576/1120 7890/3609/1115 8586/3610/1115 8585/3577/1120
f 7898/3580/1105 7900/3611/1106 8591/3612/1106 8590/3581/1105
f 7864/3584/1099 7866/3418/1100 8574/3421/1100 8573/3585/1099
f 7874/3588/1101 7876/3571/1102 8579/3574/1102 8578/3589/1101
f 7884/3594/1103 7886/3575/1104 8584/3578/1104 8583/3595/1103
f 7894/3598/1109 7896/3579/1110 8589/3582/1110 8588/3599/1109
f 7904/3602/1074 7858/3613/1117 8002/3614/1117 8593/3603/1074
f 7860/3592/1107 7862/3583/1108 8572/3586/1108 8003/3568/1107
f 7870/3605/1111 7872/3587/1112 8577/3590/1112 8576/3606/1111
f 7880/3607/1113 7882/3593/1114 8582/3596/1114 8581/3608/1113
f 7890/3609/1115 7892/3597/1116 8587/3600/1116 8586/3610/1115
f 7900/3611/1106 7902/3601/1073 8592/3604/1073 8591/3612/1106
f 8026/3615/35 8027/3616/35 8596/3617/35 8597/3618/35 8598/3619/35 8599/3620/35 8600/3621/35 8601/3622/35 8602/3623/35 8603/3624/35 8604/3625/35 8605/3626/35 8606/3627/35 8607/3628/35 8608/3629/35 8609/3630/35 8610/3631/35 8611/3632/35 8612/3633/35 8613/3634/35 8614/3635/35 8615/3636/35 8616/3637/35 8617/3638/35
f 8017/3577/351 8018/3610/661 8042/3639/661 8041/3640/351
f 8010/3589/671 8011/3574/354 8035/3641/354 8034/3642/671
f 8025/3603/664 8570/3614/273 8594/3643/273 8049/3644/664
f 8571/3568/681 8004/3586/680 8028/3645/680 8595/3569/681
f 8018/3610/661 8019/3600/688 8043/3646/688 8042/3639/661
f 8011/3574/354 8012/3573/658 8036/3647/658 8035/3641/354
f 8004/3586/680 8005/3585/353 8029/3648/353 8028/3645/680
f 8019/3600/688 8020/3599/272 8044/3649/272 8043/3646/688
f 8012/3573/658 8013/3608/657 8037/3650/657 8036/3647/658
f 8005/3585/353 8006/3421/668 8030/3651/668 8029/3648/353
f 8020/3599/272 8021/3582/648 8045/3652/648 8044/3649/272
f 8013/3608/657 8014/3596/271 8038/3653/271 8037/3650/657
f 8006/3421/668 8007/3420/654 8031/3654/654 8030/3651/668
f 8021/3582/648 8022/3581/647 8046/3655/647 8045/3652/648
f 8014/3596/271 8015/3595/675 8039/3656/675 8038/3653/271
f 8007/3420/654 8008/3606/274 8032/3657/274 8031/3654/654
f 8022/3581/647 8023/3612/352 8047/3658/352 8046/3655/647
f 8015/3595/675 8016/3578/674 8040/3659/674 8039/3656/675
f 8008/3606/274 8009/3590/685 8033/3660/685 8032/3657/274
f 8023/3612/352 8024/3604/665 8048/3661/665 8047/3658/352
f 8016/3578/674 8017/3577/351 8041/3640/351 8040/3659/674
f 8009/3590/685 8010/3589/671 8034/3642/671 8033/3660/685
f 8024/3604/665 8025/3603/664 8049/3644/664 8048/3661/665
f 8618/3662/273 8621/3663/273 8620/3664/681 8619/3665/681
f 8619/3665/681 8620/3664/681 8623/3666/680 8622/3667/680
f 8622/3667/680 8623/3666/680 8625/3668/353 8624/3669/353
f 8624/3669/353 8625/3668/353 8627/3670/668 8626/3671/668
f 8626/3671/668 8627/3670/668 8629/3672/654 8628/3673/654
f 8628/3673/654 8629/3672/654 8631/3674/274 8630/3675/274
f 8630/3675/274 8631/3674/274 8633/3676/685 8632/3677/685
f 8632/3677/685 8633/3676/685 8635/3678/671 8634/3679/671
f 8634/3679/671 8635/3678/671 8637/3680/354 8636/3681/354
f 8636/3681/354 8637/3680/354 8639/3682/658 8638/3683/658
f 8638/3683/658 8639/3682/658 8641/3684/657 8640/3685/657
f 8640/3685/657 8641/3684/657 8643/3686/271 8642/3687/271
f 8642/3687/271 8643/3686/271 8645/3688/675 8644/3689/675
f 8644/3689/675 8645/3688/675 8647/3690/674 8646/3691/674
f 8646/3691/674 8647/3690/674 8649/3692/351 8648/3693/351
f 8648/3693/351 8649/3692/351 8651/3694/661 8650/3695/661
f 8650/3695/661 8651/3694/661 8653/3696/688 8652/3697/688
f 8652/3697/688 8653/3696/688 8655/3698/272 8654/3699/272
f 8654/3699/272 8655/3698/272 8657/3700/648 8656/3701/648
f 8656/3701/648 8657/3700/648 8659/3702/647 8658/3703/647
f 8658/3703/647 8659/3702/647 8661/3704/352 8660/3705/352
f 8660/3705/352 8661/3704/352 8663/3706/665 8662/3707/665
f 8662/3707/665 8663/3706/665 8665/3708/664 8664/3709/664
f 8664/3709/664 8665/3708/664 8621/3710/273 8618/3711/273
f 8666/3712/271 8667/3713/675 8668/3714/675 8669/3715/271
f 8667/3713/675 8670/3716/674 8671/3717/674 8668/3714/675
f 8670/3716/674 8672/3718/351 8673/3719/351 8671/3717/674
f 8672/3718/351 8674/3720/661 8675/3721/661 8673/3719/351
f 8674/3720/661 8676/3722/688 8677/3723/688 8675/3721/661
f 8676/3722/688 8678/3724/272 8679/3725/272 8677/3723/688
f 8678/3724/272 8680/3726/648 8681/3727/648 8679/3725/272
f 8680/3726/648 8682/3728/647 8683/3729/647 8681/3727/648
f 8682/3728/647 8684/3730/352 8685/3731/352 8683/3729/647
f 8684/3730/352 8686/3732/665 8687/3733/665 8685/3731/352
f 8686/3732/665 8688/3734/664 8689/3735/664 8687/3733/665
f 8688/3734/664 8690/3736/273 8691/3737/273 8689/3735/664
f 8690/3736/273 8692/3738/681 8693/3739/681 8691/3737/273
f 8692/3738/681 8694/3740/680 8695/3741/680 8693/3739/681
f 8694/3740/680 8696/3742/353 8697/3743/353 8695/3741/680
f 8696/3742/353 8698/3744/668 8699/3745/668 8697/3743/353
f 8698/3744/668 8700/3746/654 8701/3747/654 8699/3745/668
f 8700/3746/654 8702/3748/274 8703/3749/274 8701/3747/654
f 8702/3748/274 8704/3750/685 8705/3751/685 8703/3749/274
f 8704/3750/685 8706/3752/671 8707/3753/671 8705/3751/685
f 8706/3752/671 8708/3754/354 8709/3755/354 8707/3753/671
f 8708/3754/354 8710/3756/658 8711/3757/658 8709/3755/354
f 8710/3756/658 8712/3758/657 8713/3759/657 8711/3757/658
f 8712/3758/657 8666/3760/271 8669/3761/271 8713/3759/657
f 8082/3695/35 8130/3762/35 8128/3763/35 8080/3693/35
f 8063/3674/278 8111/3725/278 8113/3727/278 8065/3676/278
f 8081/3692/278 8129/3743/278 8131/3745/278 8083/3694/278
f 8056/3669/35 8104/3764/35 8102/3765/35 8054/3667/35
f 8074/3687/35 8122/3766/35 8120/3767/35 8072/3685/35
f 8092/3705/35 8140/3768/35 8138/3769/35 8090/3703/35
f 8055/3666/278 8103/3717/278 8105/3719/278 8057/3668/278
f 8073/3684/278 8121/3735/278 8123/3737/278 8075/3686/278
f 8091/3702/278 8139/3753/278 8141/3755/278 8093/3704/278
f 8066/3679/35 8114/3770/35 8112/3771/35 8064/3677/35
f 8084/3697/35 8132/3772/35 8130/3762/35 8082/3695/35
f 8065/3676/278 8113/3727/278 8115/3729/278 8067/3678/278
f 8083/3694/278 8131/3745/278 8133/3747/278 8085/3696/278
f 8058/3671/35 8106/3773/35 8104/3764/35 8056/3669/35
f 8076/3689/35 8124/3774/35 8122/3766/35 8074/3687/35
f 8094/3707/35 8142/3775/35 8140/3768/35 8092/3705/35
f 8057/3668/278 8105/3719/278 8107/3721/278 8059/3670/278
f 8075/3686/278 8123/3737/278 8125/3739/278 8077/3688/278
f 8093/3704/278 8141/3755/278 8143/3757/278 8095/3706/278
f 8068/3681/35 8116/3776/35 8114/3770/35 8066/3679/35
f 8086/3699/35 8134/3777/35 8132/3772/35 8084/3697/35
f 8067/3678/278 8115/3729/278 8117/3731/278 8069/3680/278
f 8085/3696/278 8133/3747/278 8135/3749/278 8087/3698/278
f 8060/3673/35 8108/3778/35 8106/3773/35 8058/3671/35
f 8078/3691/35 8126/3779/35 8124/3774/35 8076/3689/35
f 8096/3709/35 8144/3780/35 8142/3775/35 8094/3707/35
f 8052/3665/35 8099/3781/35 8098/3782/35 8050/3662/35
f 8059/3670/278 8107/3721/278 8109/3723/278 8061/3672/278
f 8077/3688/278 8125/3739/278 8127/3741/278 8079/3690/278
f 8095/3706/278 8143/3757/278 8145/3759/278 8097/3708/278
f 8051/3663/278 8101/3715/278 8100/3714/278 8053/3664/278
f 8070/3683/35 8118/3783/35 8116/3776/35 8068/3681/35
f 8088/3701/35 8136/3784/35 8134/3777/35 8086/3699/35
f 8069/3680/278 8117/3731/278 8119/3733/278 8071/3682/278
f 8087/3698/278 8135/3749/278 8137/3751/278 8089/3700/278
f 8062/3675/35 8110/3785/35 8108/3778/35 8060/3673/35
f 8080/3693/35 8128/3763/35 8126/3779/35 8078/3691/35
f 8050/3711/35 8098/3786/35 8144/3780/35 8096/3709/35
f 8061/3672/278 8109/3723/278 8111/3725/278 8063/3674/278
f 8079/3690/278 8127/3741/278 8129/3743/278 8081/3692/278
f 8097/3708/278 8145/3759/278 8101/3761/278 8051/3710/278
f 8054/3667/35 8102/3765/35 8099/3781/35 8052/3665/35
f 8072/3685/35 8120/3767/35 8118/3783/35 8070/3683/35
f 8090/3703/35 8138/3769/35 8136/3784/35 8088/3701/35
f 8053/3664/278 8100/3714/278 8103/3717/278 8055/3666/278
f 8071/3682/278 8119/3733/278 8121/3735/278 8073/3684/278
f 8089/3700/278 8137/3751/278 8139/3753/278 8091/3702/278
f 8064/3677/35 8112/3771/35 8110/3785/35 8062/3675/35
f 8714/3787/273 8717/3788/273 8716/3789/681 8715/3790/681
f 8715/3790/681 8716/3789/681 8719/3791/680 8718/3792/680
f 8718/3792/680 8719/3791/680 8721/3793/353 8720/3794/353
f 8720/3794/353 8721/3793/353 8723/3795/668 8722/3796/668
f 8722/3796/668 8723/3795/668 8725/3797/654 8724/3798/654
f 8724/3798/654 8725/3797/654 8727/3799/274 8726/3800/274
f 8726/3800/274 8727/3799/274 8729/3801/685 8728/3802/685
f 8728/3802/685 8729/3801/685 8731/3803/671 8730/3804/671
f 8730/3804/671 8731/3803/671 8733/3805/354 8732/3806/354
f 8732/3806/354 8733/3805/354 8735/3807/658 8734/3808/658
f 8734/3808/658 8735/3807/658 8737/3809/657 8736/3810/657
f 8736/3810/657 8737/3809/657 8739/3811/271 8738/3812/271
f 8738/3812/271 8739/3811/271 8741/3813/675 8740/3814/675
f 8740/3814/675 8741/3813/675 8743/3815/674 8742/3816/674
f 8742/3816/674 8743/3815/674 8745/3817/351 8744/3818/351
f 8744/3818/351 8745/3817/351 8747/3819/661 8746/3820/661
f 8746/3820/661 8747/3819/661 8749/3821/688 8748/3822/688
f 8748/3822/688 8749/3821/688 8751/3823/272 8750/3824/272
f 8750/3824/272 8751/3823/272 8753/3825/648 8752/3826/648
f 8752/3826/648 8753/3825/648 8755/3827/647 8754/3828/647
f 8754/3828/647 8755/3827/647 8757/3829/352 8756/3830/352
f 8756/3830/352 8757/3829/352 8759/3831/665 8758/3832/665
f 8758/3832/665 8759/3831/665 8761/3833/664 8760/3834/664
f 8760/3834/664 8761/3833/664 8717/3835/273 8714/3836/273
f 8762/3837/271 8763/3838/675 8764/3839/675 8765/3840/271
f 8763/3838/675 8766/3841/674 8767/3842/674 8764/3839/675
f 8766/3841/674 8768/3843/351 8769/3844/351 8767/3842/674
f 8768/3843/351 8770/3845/661 8771/3846/661 8769/3844/351
f 8770/3845/661 8772/3847/688 8773/3848/688 8771/3846/661
f 8772/3847/688 8774/3849/272 8775/3850/272 8773/3848/688
f 8774/3849/272 8776/3851/648 8777/3852/648 8775/3850/272
f 8776/3851/648 8778/3853/647 8779/3854/647 8777/3852/648
f 8778/3853/647 8780/3855/352 8781/3856/352 8779/3854/647
f 8780/3855/352 8782/3857/665 8783/3858/665 8781/3856/352
f 8782/3857/665 8784/3859/664 8785/3860/664 8783/3858/665
f 8784/3859/664 8786/3861/273 8787/3862/273 8785/3860/664
f 8786/3861/273 8788/3863/681 8789/3864/681 8787/3862/273
f 8788/3863/681 8790/3865/680 8791/3866/680 8789/3864/681
f 8790/3865/680 8792/3867/353 8793/3868/353 8791/3866/680
f 8792/3867/353 8794/3869/668 8795/3870/668 8793/3868/353
f 8794/3869/668 8796/3871/654 8797/3872/654 8795/3870/668
f 8796/3871/654 8798/3873/274 8799/3874/274 8797/3872/654
f 8798/3873/274 8800/3875/685 8801/3876/685 8799/3874/274
f 8800/3875/685 8802/3877/671 8803/3878/671 8801/3876/685
f 8802/3877/671 8804/3879/354 8805/3880/354 8803/3878/671
f 8804/3879/354 8806/3881/658 8807/3882/658 8805/3880/354
f 8806/3881/658 8808/3883/657 8809/3884/657 8807/3882/658
f 8808/3883/657 8762/3885/271 8765/3886/271 8809/3884/657
f 8178/3820/35 8226/3887/35 8224/3888/35 8176/3818/35
f 8159/3799/278 8207/3850/278 8209/3852/278 8161/3801/278
f 8177/3817/278 8225/3868/278 8227/3870/278 8179/3819/278
f 8152/3794/35 8200/3889/35 8198/3890/35 8150/3792/35
f 8170/3812/35 8218/3891/35 8216/3892/35 8168/3810/35
f 8188/3830/35 8236/3893/35 8234/3894/35 8186/3828/35
f 8151/3791/278 8199/3842/278 8201/3844/278 8153/3793/278
f 8169/3809/278 8217/3860/278 8219/3862/278 8171/3811/278
f 8187/3827/278 8235/3878/278 8237/3880/278 8189/3829/278
f 8162/3804/35 8210/3895/35 8208/3896/35 8160/3802/35
f 8180/3822/35 8228/3897/35 8226/3887/35 8178/3820/35
f 8161/3801/278 8209/3852/278 8211/3854/278 8163/3803/278
f 8179/3819/278 8227/3870/278 8229/3872/278 8181/3821/278
f 8154/3796/35 8202/3898/35 8200/3889/35 8152/3794/35
f 8172/3814/35 8220/3899/35 8218/3891/35 8170/3812/35
f 8190/3832/35 8238/3900/35 8236/3893/35 8188/3830/35
f 8153/3793/278 8201/3844/278 8203/3846/278 8155/3795/278
f 8171/3811/278 8219/3862/278 8221/3864/278 8173/3813/278
f 8189/3829/278 8237/3880/278 8239/3882/278 8191/3831/278
f 8164/3806/35 8212/3901/35 8210/3895/35 8162/3804/35
f 8182/3824/35 8230/3902/35 8228/3897/35 8180/3822/35
f 8163/3803/278 8211/3854/278 8213/3856/278 8165/3805/278
f 8181/3821/278 8229/3872/278 8231/3874/278 8183/3823/278
f 8156/3798/35 8204/3903/35 8202/3898/35 8154/3796/35
f 8174/3816/35 8222/3904/35 8220/3899/35 8172/3814/35
f 8192/3834/35 8240/3905/35 8238/3900/35 8190/3832/35
f 8148/3790/35 8195/3906/35 8194/3907/35 8146/3787/35
f 8155/3795/278 8203/3846/278 8205/3848/278 8157/3797/278
f 8173/3813/278 8221/3864/278 8223/3866/278 8175/3815/278
f 8191/3831/278 8239/3882/278 8241/3884/278 8193/3833/278
f 8147/3788/278 8197/3840/278 8196/3839/278 8149/3789/278
f 8166/3808/35 8214/3908/35 8212/3901/35 8164/3806/35
f 8184/3826/35 8232/3909/35 8230/3902/35 8182/3824/35
f 8165/3805/278 8213/3856/278 8215/3858/278 8167/3807/278
f 8183/3823/278 8231/3874/278 8233/3876/278 8185/3825/278
f 8158/3800/35 8206/3910/35 8204/3903/35 8156/3798/35
f 8176/3818/35 8224/3888/35 8222/3904/35 8174/3816/35
f 8146/3836/35 8194/3911/35 8240/3905/35 8192/3834/35
f 8157/3797/278 8205/3848/278 8207/3850/278 8159/3799/278
f 8175/3815/278 8223/3866/278 8225/3868/278 8177/3817/278
f 8193/3833/278 8241/3884/278 8197/3886/278 8147/3835/278
f 8150/3792/35 8198/3890/35 8195/3906/35 8148/3790/35
f 8168/3810/35 8216/3892/35 8214/3908/35 8166/3808/35
f 8186/3828/35 8234/3894/35 8232/3909/35 8184/3826/35
f 8149/3789/278 8196/3839/278 8199/3842/278 8151/3791/278
f 8167/3807/278 8215/3858/278 8217/3860/278 8169/3809/278
f 8185/3825/278 8233/3876/278 8235/3878/278 8187/3827/278
f 8160/3802/35 8208/3896/35 8206/3910/35 8158/3800/35
f 8810/3912/273 8813/3913/273 8812/3914/681 8811/3915/681
f 8811/3915/681 8812/3914/681 8815/3916/680 8814/3917/680
f 8814/3917/680 8815/3916/680 8817/3918/353 8816/3919/353
f 8816/3919/353 8817/3918/353 8819/3920/668 8818/3921/668
f 8818/3921/668 8819/3920/668 8821/3922/654 8820/3923/654
f 8820/3923/654 8821/3922/654 8823/3924/274 8822/3925/274
f 8822/3925/274 8823/3924/274 8825/3926/685 8824/3927/685
f 8824/3927/685 8825/3926/685 8827/3928/671 8826/3929/671
f 8826/3929/671 8827/3928/671 8829/3930/354 8828/3931/354
f 8828/3931/354 8829/3930/354 8831/3932/658 8830/3933/658
f 8830/3933/658 8831/3932/658 8834/3934/993 8832/3935/993
f 8838/3936/996 8836/3937/996 8841/3938/674 8840/3939/674
f 8840/3939/674 8841/3938/674 8843/3940/351 8842/3941/351
f 8842/3941/351 8843/3940/351 8845/3942/661 8844/3943/661
f 8844/3943/661 8845/3942/661 8847/3944/688 8846/3945/688
f 8846/3945/688 8847/3944/688 8849/3946/272 8848/3947/272
f 8848/3947/272 8849/3946/272 8851/3948/648 8850/3949/648
f 8850/3949/648 8851/3948/648 8853/3950/647 8852/3951/647
f 8852/3951/647 8853/3950/647 8855/3952/352 8854/3953/352
f 8854/3953/352 8855/3952/352 8857/3954/665 8856/3955/665
f 8856/3955/665 8857/3954/665 8859/3956/664 8858/3957/664
f 8858/3957/664 8859/3956/664 8813/3958/273 8810/3959/273
f 8860/3960/271 8861/3961/675 8862/3962/675 8863/3963/271
f 8861/3961/675 8864/3964/674 8865/3965/674 8862/3962/675
f 8864/3964/674 8866/3966/351 8867/3967/351 8865/3965/674
f 8866/3966/351 8868/3968/661 8869/3969/661 8867/3967/351
f 8868/3968/661 8870/3970/688 8871/3971/688 8869/3969/661
f 8870/3970/688 8872/3972/272 8873/3973/272 8871/3971/688
f 8872/3972/272 8874/3974/648 8875/3975/648 8873/3973/272
f 8874/3974/648 8876/3976/647 8877/3977/647 8875/3975/648
f 8876/3976/647 8878/3978/352 8879/3979/352 8877/3977/647
f 8878/3978/352 8880/3980/665 8881/3981/665 8879/3979/352
f 8880/3980/665 8882/3982/981 8884/3983/981 8881/3981/665
f 8888/3984/984 8890/3985/680 8891/3986/680 8886/3987/984
f 8890/3985/680 8892/3988/353 8893/3989/353 8891/3986/680
f 8892/3988/353 8894/3990/668 8895/3991/668 8893/3989/353
f 8894/3990/668 8896/3992/654 8897/3993/654 8895/3991/668
f 8896/3992/654 8898/3994/274 8899/3995/274 8897/3993/654
f 8898/3994/274 8900/3996/685 8901/3997/685 8899/3995/274
f 8900/3996/685 8902/3998/671 8903/3999/671 8901/3997/685
f 8902/3998/671 8904/4000/354 8905/4001/354 8903/3999/671
f 8904/4000/354 8906/4002/658 8907/4003/658 8905/4001/354
f 8906/4002/658 8908/4004/657 8909/4005/657 8907/4003/658
f 8908/4004/657 8860/4006/271 8863/4007/271 8909/4005/657
f 8272/3943/35 8318/4008/35 8316/4009/35 8270/3941/35
f 8255/3924/278 8301/3973/278 8303/3975/278 8257/3926/278
f 8271/3940/278 8317/3989/278 8319/3991/278 8273/3942/278
f 8248/3919/35 8294/4010/35 8292/4011/35 8246/3917/35
f 8282/3953/35 8328/4012/35 8326/4013/35 8280/3951/35
f 8247/3916/278 8293/3965/278 8295/3967/278 8249/3918/278
f 8281/3950/278 8327/3999/278 8329/4001/278 8283/3952/278
f 8258/3929/35 8304/4014/35 8302/4015/35 8256/3927/35
f 8274/3945/35 8320/4016/35 8318/4008/35 8272/3943/35
f 8257/3926/278 8303/3975/278 8305/3977/278 8259/3928/278
f 8273/3942/278 8319/3991/278 8321/3993/278 8275/3944/278
f 8250/3921/35 8296/4017/35 8294/4010/35 8248/3919/35
f 8284/3955/35 8330/4018/35 8328/4012/35 8282/3953/35
f 8249/3918/278 8295/3967/278 8297/3969/278 8251/3920/278
f 8283/3952/278 8329/4001/278 8331/4003/278 8285/3954/278
f 8260/3931/35 8306/4019/35 8304/4014/35 8258/3929/35
f 8276/3947/35 8322/4020/35 8320/4016/35 8274/3945/35
f 8259/3928/278 8305/3977/278 8307/3979/278 8261/3930/278
f 8275/3944/278 8321/3993/278 8323/3995/278 8277/3946/278
f 8252/3923/35 8298/4021/35 8296/4017/35 8250/3921/35
f 8268/3939/35 8314/4022/35 8889/3984/35 8839/3936/35
f 8286/3957/35 8332/4023/35 8330/4018/35 8284/3955/35
f 8244/3915/35 8289/4024/35 8288/4025/35 8242/3912/35
f 8251/3920/278 8297/3969/278 8299/3971/278 8253/3922/278
f 8837/3937/278 8887/3987/278 8315/3986/278 8269/3938/278
f 8285/3954/278 8331/4003/278 8333/4005/278 8287/3956/278
f 8243/3913/278 8291/3963/278 8290/3962/278 8245/3914/278
f 8262/3933/35 8308/4026/35 8306/4019/35 8260/3931/35
f 8278/3949/35 8324/4027/35 8322/4020/35 8276/3947/35
f 8261/3930/278 8307/3979/278 8309/3981/278 8263/3932/278
f 8277/3946/278 8323/3995/278 8325/3997/278 8279/3948/278
f 8254/3925/35 8300/4028/35 8298/4021/35 8252/3923/35
f 8270/3941/35 8316/4009/35 8314/4022/35 8268/3939/35
f 8242/3959/35 8288/4029/35 8332/4023/35 8286/3957/35
f 8253/3922/278 8299/3971/278 8301/3973/278 8255/3924/278
f 8269/3938/278 8315/3986/278 8317/3989/278 8271/3940/278
f 8287/3956/278 8333/4005/278 8291/4007/278 8243/3958/278
f 8246/3917/35 8292/4011/35 8289/4024/35 8244/3915/35
f 8833/3935/35 8883/4030/35 8308/4026/35 8262/3933/35
f 8280/3951/35 8326/4013/35 8324/4027/35 8278/3949/35
f 8245/3914/278 8290/3962/278 8293/3965/278 8247/3916/278
f 8263/3932/278 8309/3981/278 8885/3983/278 8835/3934/278
f 8279/3948/278 8325/3997/278 8327/3999/278 8281/3950/278
f 8256/3927/35 8302/4015/35 8300/4028/35 8254/3925/35
f 8910/4031/273 8913/4032/273 8912/4033/681 8911/4034/681
f 8911/4034/681 8912/4033/681 8915/4035/680 8914/4036/680
f 8914/4036/680 8915/4035/680 8917/4037/353 8916/4038/353
f 8916/4038/353 8917/4037/353 8919/4039/668 8918/4040/668
f 8918/4040/668 8919/4039/668 8921/4041/654 8920/4042/654
f 8920/4042/654 8921/4041/654 8923/4043/274 8922/4044/274
f 8922/4044/274 8923/4043/274 8925/4045/685 8924/4046/685
f 8924/4046/685 8925/4045/685 8927/4047/671 8926/4048/671
f 8926/4048/671 8927/4047/671 8929/4049/354 8928/4050/354
f 8928/4050/354 8929/4049/354 8931/4051/658 8930/4052/658
f 8930/4052/658 8931/4051/658 8934/4053/993 8932/4054/993
f 8938/4055/996 8936/4056/996 8941/4057/674 8940/4058/674
f 8940/4058/674 8941/4057/674 8943/4059/351 8942/4060/351
f 8942/4060/351 8943/4059/351 8945/4061/661 8944/4062/661
f 8944/4062/661 8945/4061/661 8947/4063/688 8946/4064/688
f 8946/4064/688 8947/4063/688 8949/4065/272 8948/4066/272
f 8948/4066/272 8949/4065/272 8951/4067/648 8950/4068/648
f 8950/4068/648 8951/4067/648 8953/4069/647 8952/4070/647
f 8952/4070/647 8953/4069/647 8955/4071/352 8954/4072/352
f 8954/4072/352 8955/4071/352 8957/4073/665 8956/4074/665
f 8956/4074/665 8957/4073/665 8959/4075/664 8958/4076/664
f 8958/4076/664 8959/4075/664 8913/4077/273 8910/4078/273
f 8960/4079/271 8961/4080/675 8962/4081/675 8963/4082/271
f 8961/4080/675 8964/4083/674 8965/4084/674 8962/4081/675
f 8964/4083/674 8966/4085/351 8967/4086/351 8965/4084/674
f 8966/4085/351 8968/4087/661 8969/4088/661 8967/4086/351
f 8968/4087/661 8970/4089/688 8971/4090/688 8969/4088/661
f 8970/4089/688 8972/4091/272 8973/4092/272 8971/4090/688
f 8972/4091/272 8974/4093/648 8975/4094/648 8973/4092/272
f 8974/4093/648 8976/4095/647 8977/4096/647 8975/4094/648
f 8976/4095/647 8978/4097/352 8979/4098/352 8977/4096/647
f 8978/4097/352 8980/4099/665 8981/4100/665 8979/4098/352
f 8980/4099/665 8982/4101/981 8984/4102/981 8981/4100/665
f 8988/4103/984 8990/4104/680 8991/4105/680 8986/4106/984
f 8990/4104/680 8992/4107/353 8993/4108/353 8991/4105/680
f 8992/4107/353 8994/4109/668 8995/4110/668 8993/4108/353
f 8994/4109/668 8996/4111/654 8997/4112/654 8995/4110/668
f 8996/4111/654 8998/4113/274 8999/4114/274 8997/4112/654
f 8998/4113/274 9000/4115/685 9001/4116/685 8999/4114/274
f 9000/4115/685 9002/4117/671 9003/4118/671 9001/4116/685
f 9002/4117/671 9004/4119/354 9005/4120/354 9003/4118/671
f 9004/4119/354 9006/4121/658 9007/4122/658 9005/4120/354
f 9006/4121/658 9008/4123/657 9009/4124/657 9007/4122/658
f 9008/4123/657 8960/4125/271 8963/4126/271 9009/4124/657
f 8364/4062/35 8410/4127/35 8408/4128/35 8362/4060/35
f 8347/4043/278 8393/4092/278 8395/4094/278 8349/4045/278
f 8363/4059/278 8409/4108/278 8411/4110/278 8365/4061/278
f 8340/4038/35 8386/4129/35 8384/4130/35 8338/4036/35
f 8266/3936/1365 8312/3984/1365 8313/3987/1365 8267/3937/1365
f 8374/4072/35 8420/4131/35 8418/4132/35 8372/4070/35
f 8339/4035/278 8385/4084/278 8387/4086/278 8341/4037/278
f 8939/4055/1365 8989/4103/1365 8987/4106/1365 8937/4056/1365
f 8373/4069/278 8419/4118/278 8421/4120/278 8375/4071/278
f 8350/4048/35 8396/4133/35 8394/4134/35 8348/4046/35
f 8366/4064/35 8412/4135/35 8410/4127/35 8364/4062/35
f 8349/4045/278 8395/4094/278 8397/4096/278 8351/4047/278
f 8365/4061/278 8411/4110/278 8413/4112/278 8367/4063/278
f 8342/4040/35 8388/4136/35 8386/4129/35 8340/4038/35
f 8933/4054/1366 8935/4137/1366 8985/4138/1366 8983/4139/1366
f 8376/4074/35 8422/4140/35 8420/4131/35 8374/4072/35
f 8341/4037/278 8387/4086/278 8389/4088/278 8343/4039/278
f 8264/3935/1366 8265/4141/1366 8311/4142/1366 8310/4030/1366
f 8375/4071/278 8421/4120/278 8423/4122/278 8377/4073/278
f 8352/4050/35 8398/4143/35 8396/4133/35 8350/4048/35
f 8368/4066/35 8414/4144/35 8412/4135/35 8366/4064/35
f 8351/4047/278 8397/4096/278 8399/4098/278 8353/4049/278
f 8367/4063/278 8413/4112/278 8415/4114/278 8369/4065/278
f 8344/4042/35 8390/4145/35 8388/4136/35 8342/4040/35
f 8360/4058/35 8406/4146/35 8404/4103/35 8358/4055/35
f 8378/4076/35 8424/4147/35 8422/4140/35 8376/4074/35
f 8336/4034/35 8381/4148/35 8380/4149/35 8334/4031/35
f 8343/4039/278 8389/4088/278 8391/4090/278 8345/4041/278
f 8359/4056/278 8405/4106/278 8407/4105/278 8361/4057/278
f 8377/4073/278 8423/4122/278 8425/4124/278 8379/4075/278
f 8335/4032/278 8383/4082/278 8382/4081/278 8337/4033/278
f 8354/4052/35 8400/4150/35 8398/4143/35 8352/4050/35
f 8370/4068/35 8416/4151/35 8414/4144/35 8368/4066/35
f 8353/4049/278 8399/4098/278 8401/4100/278 8355/4051/278
f 8369/4065/278 8415/4114/278 8417/4116/278 8371/4067/278
f 8346/4044/35 8392/4152/35 8390/4145/35 8344/4042/35
f 8362/4060/35 8408/4128/35 8406/4146/35 8360/4058/35
f 8334/4078/35 8380/4153/35 8424/4147/35 8378/4076/35
f 8345/4041/278 8391/4090/278 8393/4092/278 8347/4043/278
f 8361/4057/278 8407/4105/278 8409/4108/278 8363/4059/278
f 8379/4075/278 8425/4124/278 8383/4126/278 8335/4077/278
f 8338/4036/35 8384/4130/35 8381/4148/35 8336/4034/35
f 8356/4054/35 8402/4139/35 8400/4150/35 8354/4052/35
f 8372/4070/35 8418/4132/35 8416/4151/35 8370/4068/35
f 8337/4033/278 8382/4081/278 8385/4084/278 8339/4035/278
f 8355/4051/278 8401/4100/278 8403/4102/278 8357/4053/278
f 8371/4067/278 8417/4116/278 8419/4118/278 8373/4069/278
f 8348/4046/35 8394/4134/35 8392/4152/35 8346/4044/35
usemtl Factory
f 321/187/271 322/188/271 324/189/271 323/190/271
f 323/191/272 324/192/272 328/193/272 327/194/272
f 327/194/273 328/193/273 326/195/273 325/196/273
f 325/196/274 326/195/274 322/188/274 321/187/274
f 323/197/35 327/198/35 325/199/35 321/200/35
f 334/201/275 330/202/275 373/203/275 376/204/275
f 329/205/273 331/190/273 332/189/273 330/206/273
f 331/191/272 335/194/272 336/193/272 332/192/272
f 335/194/271 333/196/271 334/195/271 336/193/271
f 333/196/274 329/205/274 330/206/274 334/195/274
f 331/200/35 329/197/35 333/198/35 335/199/35
f 326/201/276 328/202/276 371/203/276 372/204/276
f 337/207/273 338/208/273 340/209/273 339/210/273
f 339/210/274 340/209/274 344/211/274 343/212/274
f 343/212/271 344/211/271 342/213/271 341/214/271
f 341/214/272 342/213/272 338/215/272 337/216/272
f 339/198/35 343/199/35 341/200/35 337/197/35
f 368/217/274 365/204/274 361/218/274 364/219/274
f 345/220/273 346/221/273 348/222/273 347/223/273
f 347/223/274 348/222/274 352/224/274 351/225/274
f 351/225/271 352/224/271 350/226/271 349/227/271
f 349/228/272 350/229/272 346/221/272 345/220/272
f 347/198/35 351/199/35 349/200/35 345/197/35
f 346/202/277 350/230/277 384/231/277 381/203/277
f 357/204/274 360/203/274 356/232/274 353/218/274
f 358/217/271 357/204/271 353/218/271 354/219/271
f 354/233/278 353/234/278 356/235/278 355/236/278
f 385/237/279 387/201/279 357/204/279 358/217/279
f 409/238/277 385/237/277 358/217/277 359/239/277
f 342/237/279 344/201/279 379/204/279 380/217/279
f 365/204/273 366/203/273 362/232/273 361/218/273
f 366/203/272 367/231/272 363/240/272 362/232/272
f 367/239/271 368/217/271 364/219/271 363/241/271
f 362/242/278 363/243/278 364/244/278 361/245/278
f 389/202/277 413/230/277 367/231/277 366/203/277
f 330/202/276 332/230/276 374/231/276 373/203/276
f 383/217/274 382/204/274 406/218/274 407/219/274
f 415/237/275 391/201/275 365/204/275 368/217/275
f 374/239/272 375/217/272 399/219/272 398/241/272
f 382/204/273 381/203/273 405/232/273 406/218/273
f 360/203/273 359/231/273 355/240/273 356/232/273
f 373/203/273 374/231/273 398/240/273 397/232/273
f 340/202/276 338/230/276 377/231/276 378/203/276
f 352/237/275 348/201/275 382/204/275 383/217/275
f 359/239/272 358/217/272 354/219/272 355/241/272
f 413/238/280 415/237/280 368/217/280 367/239/280
f 324/238/280 322/237/280 369/217/280 370/239/280
f 332/238/277 336/237/277 375/217/277 374/239/277
f 338/238/277 342/237/277 380/217/277 377/239/277
f 411/202/276 409/230/276 359/231/276 360/203/276
f 391/201/276 389/202/276 366/203/276 365/204/276
f 322/237/275 326/201/275 372/204/275 369/217/275
f 344/201/275 340/202/275 378/203/275 379/204/275
f 350/238/279 352/237/279 383/217/279 384/239/279
f 410/200/35 412/197/35 388/198/35 386/199/35
f 328/202/277 324/230/277 370/231/277 371/203/277
f 336/237/279 334/201/279 376/204/279 375/217/279
f 348/201/281 346/202/281 381/203/281 382/204/281
f 388/246/274 412/247/274 411/248/274 387/249/274
f 414/197/35 390/198/35 392/199/35 416/200/35
f 395/242/278 394/243/278 393/244/278 396/245/278
f 399/250/278 400/251/278 397/252/278 398/253/278
f 403/254/278 402/255/278 401/256/278 404/257/278
f 407/258/278 406/259/278 405/260/278 408/261/278
f 386/262/271 388/246/271 387/249/271 385/263/271
f 392/264/274 391/265/274 415/266/274 416/267/274
f 375/217/271 376/204/271 400/218/271 399/219/271
f 390/268/273 389/269/273 391/265/273 392/264/273
f 384/239/271 383/217/271 407/219/271 408/241/271
f 376/204/274 373/203/274 397/232/274 400/218/274
f 414/270/272 413/271/272 389/269/272 390/268/272
f 370/239/271 369/217/271 393/219/271 394/241/271
f 381/203/272 384/231/272 408/240/272 405/232/272
f 378/203/273 377/231/273 401/240/273 402/232/273
f 416/267/271 415/266/271 413/272/271 414/273/271
f 371/203/272 370/231/272 394/240/272 395/232/272
f 410/274/272 386/262/272 385/263/272 409/275/272
f 379/204/274 378/203/274 402/232/274 403/218/274
f 372/204/273 371/203/273 395/232/273 396/218/273
f 412/247/273 410/276/273 409/277/273 411/248/273
f 380/217/271 379/204/271 403/218/271 404/219/271
f 369/217/274 372/204/274 396/218/274 393/219/274
f 387/201/282 411/202/282 360/203/282 357/204/282
f 377/239/272 380/217/272 404/219/272 401/241/272
f 417/278/271 418/279/271 420/280/271 419/281/271
f 419/282/272 420/283/272 424/284/272 423/285/272
f 423/285/273 424/284/273 422/286/273 421/287/273
f 421/287/274 422/286/274 418/279/274 417/278/274
f 419/197/35 423/198/35 421/199/35 417/200/35
f 422/288/281 424/289/281 427/290/281 428/291/281
f 420/292/279 418/293/279 425/294/279 426/295/279
f 418/293/282 422/288/282 428/291/282 425/294/282
f 424/289/277 420/296/277 426/297/277 427/290/277
f 431/298/278 430/299/278 429/300/278 432/301/278
f 426/295/271 425/294/271 429/302/271 430/303/271
f 427/290/272 426/297/272 430/304/272 431/305/272
f 428/291/273 427/290/273 431/305/273 432/306/273
f 425/294/274 428/291/274 432/306/274 429/302/274
f 433/307/271 434/308/271 436/309/271 435/310/271
f 439/311/273 440/312/273 438/313/273 437/314/273
f 437/315/274 438/316/274 434/317/274 433/307/274
f 435/310/35 439/318/35 437/315/35 433/307/35
f 440/312/278 436/309/278 434/308/278 438/313/278
f 441/307/271 442/308/271 444/309/271 443/310/271
f 447/311/273 448/312/273 446/313/273 445/314/273
f 445/315/274 446/316/274 442/317/274 441/307/274
f 443/310/35 447/318/35 445/315/35 441/307/35
f 448/312/278 444/309/278 442/308/278 446/313/278
f 449/307/271 450/308/271 452/309/271 451/310/271
f 455/311/273 456/312/273 454/313/273 453/314/273
f 453/315/274 454/316/274 450/317/274 449/307/274
f 451/310/35 455/318/35 453/315/35 449/307/35
f 456/312/278 452/309/278 450/308/278 454/313/278
f 457/307/271 458/308/271 460/309/271 459/310/271
f 463/311/273 464/312/273 462/313/273 461/314/273
f 461/315/274 462/316/274 458/317/274 457/307/274
f 459/310/35 463/318/35 461/315/35 457/307/35
f 464/312/278 460/309/278 458/308/278 462/313/278
f 465/307/271 466/308/271 468/309/271 467/310/271
f 471/311/273 472/312/273 470/313/273 469/314/273
f 469/315/274 470/316/274 466/317/274 465/307/274
f 467/310/35 471/318/35 469/315/35 465/307/35
f 472/312/278 468/309/278 466/308/278 470/313/278
f 473/307/271 474/308/271 476/309/271 475/310/271
f 479/311/273 480/312/273 478/313/273 477/314/273
f 477/315/274 478/316/274 474/317/274 473/307/274
f 475/310/35 479/318/35 477/315/35 473/307/35
f 480/312/278 476/309/278 474/308/278 478/313/278
f 481/307/271 482/308/271 484/309/271 483/310/271
f 487/311/273 488/312/273 486/313/273 485/314/273
f 485/315/274 486/316/274 482/317/274 481/307/274
f 483/310/35 487/318/35 485/315/35 481/307/35
f 488/312/278 484/309/278 482/308/278 486/313/278
f 489/307/271 490/308/271 492/309/271 491/310/271
f 495/311/273 496/312/273 494/313/273 493/314/273
f 493/315/274 494/316/274 490/317/274 489/307/274
f 491/310/35 495/318/35 493/315/35 489/307/35
f 496/312/278 492/309/278 490/308/278 494/313/278
f 497/307/271 498/308/271 500/309/271 499/310/271
f 503/311/273 504/312/273 502/313/273 501/314/273
f 501/315/274 502/316/274 498/317/274 497/307/274
f 499/310/35 503/318/35 501/315/35 497/307/35
f 504/312/278 500/309/278 498/308/278 502/313/278
f 505/307/271 506/308/271 508/309/271 507/310/271
f 511/311/273 512/312/273 510/313/273 509/314/273
f 509/315/274 510/316/274 506/317/274 505/307/274
f 507/310/35 511/318/35 509/315/35 505/307/35
f 512/312/278 508/309/278 506/308/278 510/313/278
f 513/307/271 514/308/271 516/309/271 515/310/271
f 519/311/273 520/312/273 518/313/273 517/314/273
f 517/315/274 518/316/274 514/317/274 513/307/274
f 515/310/35 519/318/35 517/315/35 513/307/35
f 520/312/278 516/309/278 514/308/278 518/313/278
f 521/307/271 522/308/271 524/309/271 523/310/271
f 527/311/273 528/312/273 526/313/273 525/314/273
f 525/315/274 526/316/274 522/317/274 521/307/274
f 523/310/35 527/318/35 525/315/35 521/307/35
f 528/312/278 524/309/278 522/308/278 526/313/278
f 529/319/271 530/320/271 532/321/271 531/322/271
f 535/323/273 536/324/273 534/325/273 533/326/273
f 533/327/274 534/328/274 530/329/274 529/330/274
f 531/322/35 535/323/35 533/326/35 529/319/35
f 536/331/278 532/332/278 530/329/278 534/328/278
f 537/333/271 538/334/271 540/335/271 539/336/271
f 539/336/272 540/335/272 544/337/272 543/338/272
f 543/339/273 544/340/273 542/341/273 541/342/273
f 541/342/274 542/341/274 538/334/274 537/333/274
f 538/334/283 545/343/283 546/344/283 540/335/283
f 540/335/272 546/344/272 548/345/272 544/337/272
f 544/340/284 548/346/284 547/347/284 542/341/284
f 542/341/274 547/347/274 545/343/274 538/334/274
f 546/344/285 545/343/285 549/348/285 550/349/285
f 545/343/274 547/347/274 551/350/274 549/348/274
f 548/345/272 546/344/272 550/349/272 552/351/272
f 547/347/286 548/346/286 552/352/286 551/350/286
f 550/349/287 549/348/287 553/353/287 555/354/287
f 551/350/288 552/352/288 556/355/288 554/356/288
f 552/351/272 550/349/272 555/354/272 556/357/272
f 549/348/274 551/350/274 554/356/274 553/353/274
f 553/353/289 554/356/289 558/358/289 557/359/289
f 556/357/290 555/354/290 559/360/290 560/361/290
f 554/356/288 556/355/288 560/362/291 558/358/292
f 555/354/287 553/353/287 557/359/293 559/360/294
f 564/363/295 561/364/296 565/365/278 568/366/278
f 559/360/294 557/359/293 561/364/296 564/363/295
f 560/361/274 559/360/274 564/363/274 563/367/274
f 558/358/292 560/362/291 563/368/297 562/369/298
f 557/359/272 558/358/272 562/369/272 561/364/272
f 561/364/290 562/369/290 566/370/290 565/365/290
f 562/369/298 563/368/297 567/371/35 566/370/35
f 563/367/299 564/363/299 568/366/299 567/372/299
f 568/366/278 565/365/278 571/373/278 569/374/278
f 570/375/273 569/376/273 571/377/273 572/378/273
f 565/365/274 566/370/274 572/378/274 571/373/274
f 567/372/272 568/366/272 569/374/272 570/379/272
f 566/370/35 567/371/35 570/375/35 572/378/35
f 573/380/271 574/381/271 576/382/271 575/383/271
f 575/383/300 576/382/300 580/384/300 579/385/300
f 579/386/273 580/387/273 578/388/273 577/389/273
f 577/389/301 578/388/301 574/381/301 573/380/301
f 581/388/271 582/389/271 584/386/271 583/387/271
f 583/384/272 584/385/272 588/383/272 587/382/272
f 587/382/273 588/383/273 586/380/273 585/381/273
f 585/381/274 586/380/274 582/389/274 581/388/274
f 589/390/271 590/391/271 592/392/271 591/393/271
f 591/393/272 592/392/272 596/394/272 595/395/272
f 595/396/273 596/397/273 594/398/273 593/399/273
f 593/399/274 594/398/274 590/391/274 589/390/274
f 597/390/271 598/391/271 600/392/271 599/393/271
f 599/393/272 600/392/272 604/394/272 603/395/272
f 603/396/273 604/397/273 602/398/273 601/399/273
f 601/399/274 602/398/274 598/391/274 597/390/274
f 605/390/271 606/391/271 608/392/271 607/393/271
f 607/393/272 608/392/272 612/394/272 611/395/272
f 611/396/273 612/397/273 610/398/273 609/399/273
f 609/399/274 610/398/274 606/391/274 605/390/274
f 613/390/271 614/391/271 616/392/271 615/393/271
f 615/393/272 616/392/272 620/394/272 619/395/272
f 619/396/273 620/397/273 618/398/273 617/399/273
f 617/399/274 618/398/274 614/391/274 613/390/274
f 621/390/271 622/391/271 624/392/271 623/393/271
f 623/393/272 624/392/272 628/394/272 627/395/272
f 627/396/273 628/397/273 626/398/273 625/399/273
f 625/399/274 626/398/274 622/391/274 621/390/274
f 749/400/278 748/401/278 691/402/278 689/403/278
f 682/404/274 637/405/274 641/406/274 690/407/274
f 648/408/273 645/409/273 644/410/273 649/411/273
f 637/412/271 682/413/271 684/414/271 636/415/271
f 643/416/302 650/417/302 695/418/302 692/419/302
f 649/420/274 652/421/274 651/422/274 648/423/274
f 639/424/274 642/425/274 641/406/274 638/426/274
f 662/427/274 667/428/274 723/429/274 720/430/274
f 681/431/273 650/432/273 643/433/273 687/434/273
f 683/435/35 655/436/35 657/437/35 685/438/35
f 760/439/271 640/440/271 633/441/271 761/442/271
f 689/443/274 647/444/274 651/422/274 630/445/274
f 680/446/274 656/447/274 659/448/274 688/449/274
f 655/450/274 683/451/274 690/452/274 659/448/274
f 640/453/274 642/425/274 639/424/274
f 641/406/274 637/405/274 638/426/274
f 694/454/274 699/455/274 666/456/274 663/457/274
f 700/458/303 703/459/303 669/460/303 673/461/303
f 650/462/274 652/421/274 649/420/274
f 651/422/274 647/444/274 648/423/274
f 667/428/304 665/463/304 717/464/304 723/429/304
f 638/465/271 635/466/271 634/467/271 639/468/271
f 650/417/274 649/469/274 698/470/274 695/418/274
f 648/471/274 647/472/274 705/473/274 702/474/274
f 703/459/274 704/475/274 670/476/274 669/460/274
f 719/477/302 721/478/302 637/479/302 636/480/302
f 710/481/305 715/482/305 633/483/305 640/484/305
f 661/485/302 662/427/302 720/430/302 718/486/302
f 647/472/305 646/487/305 706/488/305 705/473/305
f 672/489/303 668/490/303 708/491/303 713/492/303
f 671/493/305 675/494/305 714/495/305 711/496/305
f 673/497/271 669/498/271 666/499/271 664/500/271
f 663/501/274 662/502/274 729/503/274 730/504/274
f 659/448/274 656/447/274 655/450/274
f 667/428/274 662/427/274 663/457/274 666/456/274
f 678/505/35 679/506/35 653/507/35 654/508/35
f 731/509/274 728/510/274 655/436/274 656/511/274
f 671/493/274 668/490/274 669/460/274 670/476/274
f 668/512/273 672/513/273 665/514/273 667/515/273
f 750/516/274 678/517/274 654/518/274 755/519/274
f 650/462/274 681/520/274 688/521/274 652/421/274
f 669/498/274 668/512/274 667/515/274 666/499/274
f 662/502/306 661/522/306 725/523/306 729/503/306
f 754/524/274 755/519/274 654/518/274
f 751/525/278 750/516/278 755/519/278 753/526/278
f 649/469/307 644/527/307 697/528/307 698/470/307
f 699/455/307 696/529/307 664/530/307 666/456/307
f 693/531/302 694/454/302 663/457/302 660/532/302
f 668/490/274 671/493/274 711/496/274 708/491/274
f 676/533/274 756/534/274 754/524/274 654/518/274
f 704/475/305 707/535/305 674/536/305 670/476/305
f 645/537/303 648/471/303 702/474/303 701/538/303
f 677/539/35 676/540/35 654/508/35 653/507/35
f 709/541/274 710/481/274 640/484/274 639/542/274
f 712/543/303 709/541/303 639/542/303 634/544/303
f 676/540/35 677/539/35 632/545/35 631/546/35
f 721/478/274 722/547/274 638/548/274 637/479/274
f 722/547/304 716/549/304 635/550/304 638/548/304
f 728/510/308 724/551/308 657/437/308 655/436/308
f 660/552/309 663/501/309 730/504/309 726/553/309
f 727/554/310 731/509/310 656/511/310 658/555/310
f 757/556/274 676/533/274 631/557/274 760/558/274
f 640/453/274 760/559/274 631/560/274 642/425/274
f 736/561/274 737/562/274 680/563/274 681/564/274
f 690/407/274 683/565/274 682/404/274
f 688/521/274 681/520/274 680/566/274
f 699/455/274 694/454/274 695/418/274 698/470/274
f 758/567/278 757/556/278 760/558/278 761/568/278
f 731/569/311 727/570/311 733/571/311 737/572/311
f 678/517/274 749/400/274 689/403/274 630/573/274
f 703/574/273 700/575/273 696/576/273 699/577/273
f 704/475/274 703/459/274 702/474/274 705/473/274
f 710/578/274 711/579/274 756/580/274 757/581/274
f 757/556/274 756/534/274 676/533/274
f 711/579/271 714/582/271 759/583/271 756/580/271
f 710/481/274 709/541/274 708/491/274 711/496/274
f 715/584/273 710/578/273 757/581/273 758/585/273
f 740/586/312 745/587/312 721/588/312 719/589/312
f 723/590/271 717/591/271 713/592/271 708/593/271
f 722/547/274 721/478/274 720/430/274 723/429/274
f 729/594/313 725/595/313 747/596/314 742/597/315
f 675/598/273 671/599/273 754/600/273 752/601/273
f 728/510/274 731/509/274 730/504/274 729/503/274
f 656/511/35 680/602/35 686/603/35 658/555/35
f 728/604/274 729/594/274 742/597/274 744/605/274
f 730/606/274 731/569/274 737/572/274 738/607/274
f 724/608/316 728/604/316 744/605/316 741/609/316
f 743/610/317 746/611/318 718/612/319 720/613/319
f 741/614/320 744/615/320 683/616/320 685/617/320
f 745/587/274 743/610/274 720/613/274 721/588/274
f 671/599/274 670/618/274 755/619/274 754/600/274
f 739/620/274 736/621/274 695/622/274 694/623/274
f 734/624/321 739/620/322 694/623/323 693/625/323
f 726/626/324 730/606/324 738/607/325 735/627/326
f 736/621/327 732/628/327 692/629/327 695/622/327
f 739/620/322 734/624/321 735/627/326 738/607/325
f 745/630/328 740/631/328 684/632/328 682/633/328
f 743/610/274 745/587/274 744/605/274 742/597/274
f 670/618/271 674/634/271 753/635/271 755/619/271
f 732/636/329 736/561/329 681/564/329 687/637/329
f 736/621/274 739/620/274 738/607/274 737/572/274
f 705/638/271 706/639/271 748/640/271 749/641/271
f 746/611/318 743/610/317 742/597/315 747/596/314
f 707/642/273 704/643/273 750/644/273 751/645/273
f 744/615/274 745/630/274 682/633/274 683/616/274
f 737/562/330 733/646/330 686/647/330 680/563/330
f 704/643/274 705/638/274 749/641/274 750/644/274
f 716/648/273 722/649/273 709/650/273 712/651/273
f 722/649/274 723/590/274 708/593/274 709/650/274
f 701/652/271 702/653/271 698/654/271 697/655/271
f 702/653/274 703/574/274 699/577/274 698/654/274
f 647/656/273 689/657/273 691/658/273 646/659/273
f 756/534/278 759/660/278 752/661/278 754/524/278
f 750/516/274 749/400/274 678/517/274
f 679/506/35 678/505/35 630/662/35 629/663/35
f 762/664/271 763/665/271 765/666/271 764/667/271
f 764/667/272 765/666/272 769/668/272 768/669/272
f 768/670/273 769/671/273 767/672/273 766/673/273
f 766/673/274 767/672/274 763/665/274 762/664/274
f 770/664/271 771/665/271 773/666/271 772/667/271
f 772/667/272 773/666/272 777/668/272 776/669/272
f 776/670/273 777/671/273 775/672/273 774/673/273
f 774/673/274 775/672/274 771/665/274 770/664/274
f 778/664/271 779/665/271 781/666/271 780/667/271
f 780/667/272 781/666/272 785/668/272 784/669/272
f 784/670/273 785/671/273 783/672/273 782/673/273
f 782/673/274 783/672/274 779/665/274 778/664/274
f 786/664/271 787/665/271 789/666/271 788/667/271
f 788/667/272 789/666/272 793/668/272 792/669/272
f 792/670/273 793/671/273 791/672/273 790/673/273
f 790/673/274 791/672/274 787/665/274 786/664/274
f 794/664/271 795/665/271 797/666/271 796/667/271
f 796/667/272 797/666/272 801/668/272 800/669/272
f 800/670/273 801/671/273 799/672/273 798/673/273
f 798/673/274 799/672/274 795/665/274 794/664/274
f 802/390/274 803/391/274 805/392/274 804/393/274
f 804/393/271 805/392/271 809/394/271 808/395/271
f 808/396/272 809/397/272 807/398/272 806/399/272
f 806/399/273 807/398/273 803/391/273 802/390/273
f 810/390/274 811/391/274 813/392/274 812/393/274
f 812/393/271 813/392/271 817/394/271 816/395/271
f 816/396/272 817/397/272 815/398/272 814/399/272
f 814/399/273 815/398/273 811/391/273 810/390/273
f 818/390/274 819/391/274 821/392/274 820/393/274
f 820/393/271 821/392/271 825/394/271 824/395/271
f 824/396/272 825/397/272 823/398/272 822/399/272
f 822/399/273 823/398/273 819/391/273 818/390/273
f 826/390/274 827/391/274 829/392/274 828/393/274
f 828/393/271 829/392/271 833/394/271 832/395/271
f 832/396/272 833/397/272 831/398/272 830/399/272
f 830/399/273 831/398/273 827/391/273 826/390/273
f 834/390/274 835/391/274 837/392/274 836/393/274
f 836/393/271 837/392/271 841/394/271 840/395/271
f 840/396/272 841/397/272 839/398/272 838/399/272
f 838/399/273 839/398/273 835/391/273 834/390/273
f 842/390/274 843/391/274 845/392/274 844/393/274
f 844/393/271 845/392/271 849/394/271 848/395/271
f 848/396/272 849/397/272 847/398/272 846/399/272
f 846/399/273 847/398/273 843/391/273 842/390/273
f 850/390/274 851/391/274 853/392/274 852/393/274
f 852/393/271 853/392/271 857/394/271 856/395/271
f 856/396/272 857/397/272 855/398/272 854/399/272
f 854/399/273 855/398/273 851/391/273 850/390/273
f 858/390/272 859/391/272 861/392/272 860/393/272
f 860/393/273 861/392/273 865/394/273 864/395/273
f 864/396/274 865/397/274 863/398/274 862/399/274
f 862/399/271 863/398/271 859/391/271 858/390/271
f 866/390/272 867/391/272 869/392/272 868/393/272
f 868/393/273 869/392/273 873/394/273 872/395/273
f 872/396/274 873/397/274 871/398/274 870/399/274
f 870/399/271 871/398/271 867/391/271 866/390/271
f 874/390/272 875/391/272 877/392/272 876/393/272
f 876/393/273 877/392/273 881/394/273 880/395/273
f 880/396/274 881/397/274 879/398/274 878/399/274
f 878/399/271 879/398/271 875/391/271 874/390/271
f 882/390/272 883/391/272 885/392/272 884/393/272
f 884/393/273 885/392/273 889/394/273 888/395/273
f 888/396/274 889/397/274 887/398/274 886/399/274
f 886/399/271 887/398/271 883/391/271 882/390/271
f 890/390/272 891/391/272 893/392/272 892/393/272
f 892/393/273 893/392/273 897/394/273 896/395/273
f 896/396/274 897/397/274 895/398/274 894/399/274
f 894/399/271 895/398/271 891/391/271 890/390/271
f 898/390/272 899/391/272 901/392/272 900/393/272
f 900/393/273 901/392/273 905/394/273 904/395/273
f 904/396/274 905/397/274 903/398/274 902/399/274
f 902/399/271 903/398/271 899/391/271 898/390/271
f 906/390/272 907/391/272 909/392/272 908/393/272
f 908/393/273 909/392/273 913/394/273 912/395/273
f 912/396/274 913/397/274 911/398/274 910/399/274
f 910/399/271 911/398/271 907/391/271 906/390/271
f 917/674/278 915/675/278 918/676/278 921/677/278
f 915/675/290 914/678/290 919/679/290 918/676/290
f 914/678/35 916/680/35 920/681/35 919/679/35
f 916/682/299 917/674/299 921/677/299 920/683/299
f 921/677/278 918/676/278 924/684/278 922/685/278
f 918/676/274 919/679/274 925/686/274 924/684/274
f 920/683/272 921/677/272 922/685/272 923/687/272
f 919/679/35 920/681/35 923/688/35 925/686/35
f 926/390/271 927/391/271 929/392/271 928/393/271
f 928/393/272 929/392/272 933/394/272 932/395/272
f 932/396/273 933/397/273 931/398/273 930/399/273
f 930/399/274 931/398/274 927/391/274 926/390/274
f 934/390/271 935/391/271 937/392/271 936/393/271
f 936/393/272 937/392/272 941/394/272 940/395/272
f 940/396/273 941/397/273 939/398/273 938/399/273
f 938/399/274 939/398/274 935/391/274 934/390/274
f 942/390/272 943/391/272 945/392/272 944/393/272
f 944/393/273 945/392/273 949/394/273 948/395/273
f 948/396/274 949/397/274 947/398/274 946/399/274
f 946/399/271 947/398/271 943/391/271 942/390/271
f 950/390/272 951/391/272 953/392/272 952/393/272
f 952/393/273 953/392/273 957/394/273 956/395/273
f 956/396/274 957/397/274 955/398/274 954/399/274
f 954/399/271 955/398/271 951/391/271 950/390/271
f 958/390/272 959/391/272 961/392/272 960/393/272
f 960/393/273 961/392/273 965/394/273 964/395/273
f 964/396/274 965/397/274 963/398/274 962/399/274
f 962/399/271 963/398/271 959/391/271 958/390/271
f 966/390/272 967/391/272 969/392/272 968/393/272
f 968/393/273 969/392/273 973/394/273 972/395/273
f 972/396/274 973/397/274 971/398/274 970/399/274
f 970/399/271 971/398/271 967/391/271 966/390/271
f 974/390/272 975/391/272 977/392/272 976/393/272
f 976/393/273 977/392/273 981/394/273 980/395/273
f 980/396/274 981/397/274 979/398/274 978/399/274
f 978/399/271 979/398/271 975/391/271 974/390/271
f 982/390/272 983/391/272 985/392/272 984/393/272
f 984/393/273 985/392/273 989/394/273 988/395/273
f 988/396/274 989/397/274 987/398/274 986/399/274
f 986/399/271 987/398/271 983/391/271 982/390/271
f 990/390/272 991/391/272 993/392/272 992/393/272
f 992/393/273 993/392/273 997/394/273 996/395/273
f 996/396/274 997/397/274 995/398/274 994/399/274
f 994/399/271 995/398/271 991/391/271 990/390/271
f 998/390/272 999/391/272 1001/392/272 1000/393/272
f 1000/393/273 1001/392/273 1005/394/273 1004/395/273
f 1004/396/274 1005/397/274 1003/398/274 1002/399/274
f 1002/399/271 1003/398/271 999/391/271 998/390/271
f 1006/390/272 1007/391/272 1009/392/272 1008/393/272
f 1008/393/273 1009/392/273 1013/394/273 1012/395/273
f 1012/396/274 1013/397/274 1011/398/274 1010/399/274
f 1010/399/271 1011/398/271 1007/391/271 1006/390/271
f 1295/689/273 1297/690/273 1322/691/273 1106/692/273
f 1246/693/273 1090/694/273 1292/695/273 1100/696/273
f 1261/697/273 1277/698/273 1064/699/273 1035/700/273
f 1033/701/331 1085/702/332 1245/703/332 1026/704/331
f 1255/705/273 1256/706/273 1037/707/273 1036/708/273
f 1256/706/273 1257/709/273 1038/710/273 1037/707/273
f 1300/711/333 1025/712/334 1018/713/334 1302/714/333
f 1030/715/335 1299/716/336 1298/717/336 1029/718/335
f 1257/709/273 1303/719/273 1078/720/273 1038/710/273
f 1280/721/274 1264/722/274 1266/723/274 1282/724/274
f 1263/725/272 1279/726/272 1278/698/272 1262/697/272
f 1294/727/337 1031/728/338 1028/729/338 1296/730/337
f 1287/718/273 1297/717/273 1080/731/273 1040/732/273
f 1258/729/273 1259/733/273 1042/734/273 1041/735/273
f 1259/733/273 1260/704/273 1043/736/273 1042/734/273
f 1286/713/273 1283/737/273 1062/738/273 1039/739/273
f 1274/740/339 1030/715/335 1029/718/335 1276/741/339
f 1275/741/273 1287/718/273 1040/732/273 1065/742/273
f 1295/730/273 1258/729/273 1041/735/273 1081/743/273
f 1031/728/338 1032/744/340 1027/733/340 1028/729/338
f 1032/744/340 1033/701/331 1026/704/331 1027/733/340
f 1260/704/273 1244/703/273 1086/745/273 1043/736/273
f 1248/746/273 1255/705/273 1036/708/273 1087/747/273
f 1022/748/341 1023/749/342 1020/706/342 1021/705/341
f 1023/749/342 1024/750/343 1019/709/343 1020/706/342
f 1301/714/273 1286/713/273 1039/739/273 1079/751/273
f 1281/724/273 1265/723/273 1034/752/273 1063/753/273
f 1015/754/278 1052/755/278 1268/756/278 1014/757/278
f 1253/758/273 1269/759/273 1068/760/273 1067/761/273
f 1053/762/278 1017/763/278 1016/764/278 1251/765/278
f 1050/765/273 1261/764/273 1035/766/273 1048/767/273
f 1265/757/273 1267/756/273 1049/768/273 1034/769/273
f 1272/770/274 1250/771/274 1252/772/274 1254/773/274
f 1050/765/273 1048/767/273 1049/768/273 1267/756/273
f 1050/771/273 1267/774/273 1269/775/273 1253/772/273
f 1051/774/272 1273/776/272 1271/777/272 1270/775/272
f 1281/724/273 1063/753/273 1062/738/273 1283/737/273
f 1064/699/273 1277/698/273 1275/741/273 1065/742/273
f 1060/778/278 1059/779/278 1321/780/278 1122/781/278
f 1284/782/278 1285/783/278 1117/784/278 1114/785/278
f 1025/712/334 1057/786/344 1054/737/344 1018/713/334
f 1066/787/278 1288/761/278 1289/760/278 1069/788/278
f 1291/789/278 1116/790/278 1069/788/278 1289/760/278
f 1275/779/273 1277/791/273 1127/792/273 1320/780/273
f 1123/793/278 1313/794/278 1288/761/278 1066/787/278
f 1056/795/35 1055/796/35 1332/797/35 1118/798/35
f 1301/714/273 1079/751/273 1078/720/273 1303/719/273
f 1295/730/273 1081/743/273 1080/731/273 1297/717/273
f 1281/796/273 1283/782/273 1317/785/273 1112/797/273
f 1024/750/343 1305/799/345 1304/719/345 1019/709/343
f 1107/800/273 1314/801/273 1091/802/273 1242/803/273
f 1086/745/273 1244/703/273 1248/746/273 1087/747/273
f 1242/804/273 1246/805/273 1248/806/273 1244/807/273
f 1084/808/346 1022/748/341 1021/705/341 1249/746/346
f 1089/809/278 1247/693/278 1326/696/278 1098/810/278
f 1094/805/272 1310/811/272 1306/812/272 1083/806/272
f 1099/813/278 1327/814/278 1070/815/278 1073/816/278
f 1092/817/35 1308/694/35 1309/802/35 1093/818/35
f 1090/694/273 1246/693/273 1242/803/273 1091/802/273
f 1311/819/274 1243/804/274 1082/807/274 1307/820/274
f 1319/821/35 1096/822/35 1072/823/35 1071/824/35
f 1101/814/273 1102/821/273 1301/824/273 1303/815/273
f 1076/825/278 1075/689/278 1328/692/278 1104/826/278
f 1105/827/278 1329/800/278 1095/803/278 1088/828/278
f 1315/801/35 1108/829/35 1093/818/35 1309/802/35
f 1074/690/35 1077/830/35 1109/831/35 1323/691/35
f 1113/832/273 1290/789/273 1068/760/273 1269/759/273
f 1119/833/35 1333/832/35 1044/759/35 1047/834/35
f 1058/791/35 1061/835/35 1121/836/35 1337/792/35
f 1336/837/35 1120/838/35 1046/839/35 1045/758/35
f 1316/840/272 1335/841/272 1324/842/272 1318/843/272
f 1312/794/273 1126/837/273 1253/758/273 1067/761/273
f 1290/844/273 1317/840/273 1102/843/273 1292/845/273
f 1327/814/278 1099/813/278 1098/810/278 1326/696/278
f 1102/821/273 1101/814/273 1100/696/273 1292/695/273
f 1329/800/278 1105/827/278 1104/826/278 1328/692/278
f 1320/846/273 1312/847/273 1314/848/273 1322/849/273
f 1314/801/273 1107/800/273 1106/692/273 1322/691/273
f 1333/832/35 1119/833/35 1118/798/35 1332/797/35
f 1290/789/273 1113/832/273 1112/797/273 1317/785/273
f 1334/850/274 1115/844/274 1293/845/274 1325/851/274
f 1120/838/35 1336/837/35 1337/792/35 1121/836/35
f 1126/837/273 1312/794/273 1320/780/273 1127/792/273
f 1339/852/274 1125/846/274 1111/849/274 1331/853/274
f 1308/694/35 1092/817/35 1097/854/35 1103/695/35
f 1124/847/272 1338/855/272 1330/856/272 1110/848/272
f 1393/689/273 1395/690/273 1420/691/273 1220/692/273
f 1344/693/273 1204/694/273 1390/695/273 1214/696/273
f 1359/697/273 1375/698/273 1178/699/273 1149/700/273
f 1147/701/331 1199/702/332 1343/703/332 1140/704/331
f 1353/705/273 1354/706/273 1151/707/273 1150/708/273
f 1354/706/273 1355/709/273 1152/710/273 1151/707/273
f 1398/711/333 1139/712/347 1132/713/347 1400/714/333
f 1144/715/348 1397/716/336 1396/717/336 1143/718/348
f 1355/709/273 1401/719/273 1192/720/273 1152/710/273
f 1378/721/274 1362/722/274 1364/723/274 1380/724/274
f 1361/725/272 1377/726/272 1376/698/272 1360/697/272
f 1392/727/337 1145/728/338 1142/729/338 1394/730/337
f 1385/718/273 1395/717/273 1194/731/273 1154/732/273
f 1356/729/273 1357/733/273 1156/734/273 1155/735/273
f 1357/733/273 1358/704/273 1157/736/273 1156/734/273
f 1384/713/273 1381/737/273 1176/738/273 1153/739/273
f 1372/740/339 1144/715/348 1143/718/348 1374/741/339
f 1373/741/273 1385/718/273 1154/732/273 1179/742/273
f 1393/730/273 1356/729/273 1155/735/273 1195/743/273
f 1145/728/338 1146/744/340 1141/733/340 1142/729/338
f 1146/744/340 1147/701/331 1140/704/331 1141/733/340
f 1358/704/273 1342/703/273 1200/745/273 1157/736/273
f 1346/746/273 1353/705/273 1150/708/273 1201/747/273
f 1136/748/341 1137/749/342 1134/706/342 1135/705/341
f 1137/749/342 1138/750/349 1133/709/349 1134/706/342
f 1399/714/273 1384/713/273 1153/739/273 1193/751/273
f 1379/724/273 1363/723/273 1148/752/273 1177/753/273
f 1129/754/278 1166/755/278 1366/756/278 1128/757/278
f 1351/758/273 1367/759/273 1182/760/273 1181/761/273
f 1167/762/278 1131/763/278 1130/764/278 1349/765/278
f 1164/765/273 1359/764/273 1149/766/273 1162/767/273
f 1363/757/273 1365/756/273 1163/768/273 1148/769/273
f 1370/770/274 1348/771/274 1350/772/274 1352/773/274
f 1164/765/273 1162/767/273 1163/768/273 1365/756/273
f 1164/771/273 1365/774/273 1367/775/273 1351/772/273
f 1165/774/272 1371/776/272 1369/777/272 1368/775/272
f 1379/724/273 1177/753/273 1176/738/273 1381/737/273
f 1178/699/273 1375/698/273 1373/741/273 1179/742/273
f 1174/778/278 1173/779/278 1419/780/278 1236/781/278
f 1382/782/278 1383/783/278 1231/784/278 1228/785/278
f 1139/712/347 1171/786/344 1168/737/344 1132/713/347
f 1180/787/278 1386/761/278 1387/760/278 1183/788/278
f 1389/789/278 1230/790/278 1183/788/278 1387/760/278
f 1373/779/273 1375/791/273 1241/792/273 1418/780/273
f 1237/793/278 1411/794/278 1386/761/278 1180/787/278
f 1170/795/35 1169/796/35 1430/797/35 1232/798/35
f 1399/714/273 1193/751/273 1192/720/273 1401/719/273
f 1393/730/273 1195/743/273 1194/731/273 1395/717/273
f 1379/796/273 1381/782/273 1415/785/273 1226/797/273
f 1138/750/349 1403/799/345 1402/719/345 1133/709/349
f 1221/800/273 1412/801/273 1205/802/273 1340/803/273
f 1200/745/273 1342/703/273 1346/746/273 1201/747/273
f 1340/804/273 1344/805/273 1346/806/273 1342/807/273
f 1198/808/346 1136/748/341 1135/705/341 1347/746/346
f 1203/809/278 1345/693/278 1424/696/278 1212/810/278
f 1208/805/272 1408/811/272 1404/812/272 1197/806/272
f 1213/813/278 1425/814/278 1184/815/278 1187/816/278
f 1206/817/35 1406/694/35 1407/802/35 1207/818/35
f 1204/694/273 1344/693/273 1340/803/273 1205/802/273
f 1409/819/274 1341/804/274 1196/807/274 1405/820/274
f 1417/821/35 1210/822/35 1186/823/35 1185/824/35
f 1215/814/273 1216/821/273 1399/824/273 1401/815/273
f 1190/825/278 1189/689/278 1426/692/278 1218/826/278
f 1219/827/278 1427/800/278 1209/803/278 1202/828/278
f 1413/801/35 1222/829/35 1207/818/35 1407/802/35
f 1188/690/35 1191/830/35 1223/831/35 1421/691/35
f 1227/832/273 1388/789/273 1182/760/273 1367/759/273
f 1233/833/35 1431/832/35 1158/759/35 1161/834/35
f 1172/791/35 1175/835/35 1235/836/35 1435/792/35
f 1434/837/35 1234/838/35 1160/839/35 1159/758/35
f 1414/840/272 1433/841/272 1422/842/272 1416/843/272
f 1410/794/273 1240/837/273 1351/758/273 1181/761/273
f 1388/844/273 1415/840/273 1216/843/273 1390/845/273
f 1425/814/278 1213/813/278 1212/810/278 1424/696/278
f 1216/821/273 1215/814/273 1214/696/273 1390/695/273
f 1427/800/278 1219/827/278 1218/826/278 1426/692/278
f 1418/846/273 1410/847/273 1412/848/273 1420/849/273
f 1412/801/273 1221/800/273 1220/692/273 1420/691/273
f 1431/832/35 1233/833/35 1232/798/35 1430/797/35
f 1388/789/273 1227/832/273 1226/797/273 1415/785/273
f 1432/850/274 1229/844/274 1391/845/274 1423/851/274
f 1234/838/35 1434/837/35 1435/792/35 1235/836/35
f 1240/837/273 1410/794/273 1418/780/273 1241/792/273
f 1437/852/274 1239/846/274 1225/849/274 1429/853/274
f 1406/694/35 1206/817/35 1211/854/35 1217/695/35
f 1238/847/272 1436/855/272 1428/856/272 1224/848/272
f 1719/689/271 1721/690/271 1746/691/271 1530/692/271
f 1670/693/271 1514/694/271 1716/695/271 1524/696/271
f 1685/697/271 1701/698/271 1488/699/271 1459/700/271
f 1457/701/341 1509/702/346 1669/703/346 1450/704/341
f 1679/705/271 1680/706/271 1461/707/271 1460/708/271
f 1680/706/271 1681/709/271 1462/710/271 1461/707/271
f 1724/711/336 1449/712/348 1442/713/348 1726/714/336
f 1454/715/347 1723/716/333 1722/717/333 1453/718/347
f 1681/709/271 1727/719/271 1502/720/271 1462/710/271
f 1704/721/272 1688/722/272 1690/723/272 1706/724/272
f 1687/725/274 1703/726/274 1702/698/274 1686/697/274
f 1718/727/345 1455/728/349 1452/729/349 1720/730/345
f 1711/718/271 1721/717/271 1504/731/271 1464/732/271
f 1682/729/271 1683/733/271 1466/734/271 1465/735/271
f 1683/733/271 1684/704/271 1467/736/271 1466/734/271
f 1710/713/271 1707/737/271 1486/738/271 1463/739/271
f 1698/740/344 1454/715/347 1453/718/347 1700/741/344
f 1699/741/271 1711/718/271 1464/732/271 1489/742/271
f 1719/730/271 1682/729/271 1465/735/271 1505/743/271
f 1455/728/349 1456/744/342 1451/733/342 1452/729/349
f 1456/744/342 1457/701/341 1450/704/341 1451/733/342
f 1684/704/271 1668/703/271 1510/745/271 1467/736/271
f 1672/746/271 1679/705/271 1460/708/271 1511/747/271
f 1446/748/331 1447/749/340 1444/706/340 1445/705/331
f 1447/749/340 1448/750/338 1443/709/338 1444/706/340
f 1725/714/271 1710/713/271 1463/739/271 1503/751/271
f 1705/724/271 1689/723/271 1458/752/271 1487/753/271
f 1439/754/278 1476/755/278 1692/756/278 1438/757/278
f 1677/758/271 1693/759/271 1492/760/271 1491/761/271
f 1477/762/278 1441/763/278 1440/764/278 1675/765/278
f 1474/765/271 1685/764/271 1459/766/271 1472/767/271
f 1689/757/271 1691/756/271 1473/768/271 1458/769/271
f 1696/770/272 1674/771/272 1676/772/272 1678/773/272
f 1474/765/271 1472/767/271 1473/768/271 1691/756/271
f 1474/771/271 1691/774/271 1693/775/271 1677/772/271
f 1475/774/274 1697/776/274 1695/777/274 1694/775/274
f 1705/724/271 1487/753/271 1486/738/271 1707/737/271
f 1488/699/271 1701/698/271 1699/741/271 1489/742/271
f 1484/778/278 1483/779/278 1745/780/278 1546/781/278
f 1708/782/278 1709/783/278 1541/784/278 1538/785/278
f 1449/712/348 1481/786/339 1478/737/339 1442/713/348
f 1490/787/278 1712/761/278 1713/760/278 1493/788/278
f 1715/789/278 1540/790/278 1493/788/278 1713/760/278
f 1699/779/271 1701/791/271 1551/792/271 1744/780/271
f 1547/793/278 1737/794/278 1712/761/278 1490/787/278
f 1480/795/35 1479/796/35 1756/797/35 1542/798/35
f 1725/714/271 1503/751/271 1502/720/271 1727/719/271
f 1719/730/271 1505/743/271 1504/731/271 1721/717/271
f 1705/796/271 1707/782/271 1741/785/271 1536/797/271
f 1448/750/338 1729/799/337 1728/719/337 1443/709/338
f 1531/800/271 1738/801/271 1515/802/271 1666/803/271
f 1510/745/271 1668/703/271 1672/746/271 1511/747/271
f 1666/804/271 1670/805/271 1672/806/271 1668/807/271
f 1508/808/332 1446/748/331 1445/705/331 1673/746/332
f 1513/809/278 1671/693/278 1750/696/278 1522/810/278
f 1518/805/274 1734/811/274 1730/812/274 1507/806/274
f 1523/813/278 1751/814/278 1494/815/278 1497/816/278
f 1516/817/35 1732/694/35 1733/802/35 1517/818/35
f 1514/694/271 1670/693/271 1666/803/271 1515/802/271
f 1735/819/272 1667/804/272 1506/807/272 1731/820/272
f 1743/821/35 1520/822/35 1496/823/35 1495/824/35
f 1525/814/271 1526/821/271 1725/824/271 1727/815/271
f 1500/825/278 1499/689/278 1752/692/278 1528/826/278
f 1529/827/278 1753/800/278 1519/803/278 1512/828/278
f 1739/801/35 1532/829/35 1517/818/35 1733/802/35
f 1498/690/35 1501/830/35 1533/831/35 1747/691/35
f 1537/832/271 1714/789/271 1492/760/271 1693/759/271
f 1543/833/35 1757/832/35 1468/759/35 1471/834/35
f 1482/791/35 1485/835/35 1545/836/35 1761/792/35
f 1760/837/35 1544/838/35 1470/839/35 1469/758/35
f 1740/840/274 1759/841/274 1748/842/274 1742/843/274
f 1736/794/271 1550/837/271 1677/758/271 1491/761/271
f 1714/844/271 1741/840/271 1526/843/271 1716/845/271
f 1751/814/278 1523/813/278 1522/810/278 1750/696/278
f 1526/821/271 1525/814/271 1524/696/271 1716/695/271
f 1753/800/278 1529/827/278 1528/826/278 1752/692/278
f 1744/846/271 1736/847/271 1738/848/271 1746/849/271
f 1738/801/271 1531/800/271 1530/692/271 1746/691/271
f 1757/832/35 1543/833/35 1542/798/35 1756/797/35
f 1714/789/271 1537/832/271 1536/797/271 1741/785/271
f 1758/850/272 1539/844/272 1717/845/272 1749/851/272
f 1544/838/35 1760/837/35 1761/792/35 1545/836/35
f 1550/837/271 1736/794/271 1744/780/271 1551/792/271
f 1763/852/272 1549/846/272 1535/849/272 1755/853/272
f 1732/694/35 1516/817/35 1521/854/35 1527/695/35
f 1548/847/274 1762/855/274 1754/856/274 1534/848/274
f 1817/689/271 1819/690/271 1844/691/271 1644/692/271
f 1768/693/271 1628/694/271 1814/695/271 1638/696/271
f 1783/697/271 1799/698/271 1602/699/271 1573/700/271
f 1571/701/341 1623/702/346 1767/703/346 1564/704/341
f 1777/705/271 1778/706/271 1575/707/271 1574/708/271
f 1778/706/271 1779/709/271 1576/710/271 1575/707/271
f 1822/711/336 1563/712/348 1556/713/348 1824/714/336
f 1568/715/347 1821/716/333 1820/717/333 1567/718/347
f 1779/709/271 1825/719/271 1616/720/271 1576/710/271
f 1802/721/272 1786/722/272 1788/723/272 1804/724/272
f 1785/725/274 1801/726/274 1800/698/274 1784/697/274
f 1816/727/345 1569/728/343 1566/729/343 1818/730/345
f 1809/718/271 1819/717/271 1618/731/271 1578/732/271
f 1780/729/271 1781/733/271 1580/734/271 1579/735/271
f 1781/733/271 1782/704/271 1581/736/271 1580/734/271
f 1808/713/271 1805/737/271 1600/738/271 1577/739/271
f 1796/740/344 1568/715/347 1567/718/347 1798/741/344
f 1797/741/271 1809/718/271 1578/732/271 1603/742/271
f 1817/730/271 1780/729/271 1579/735/271 1619/743/271
f 1569/728/343 1570/744/342 1565/733/342 1566/729/343
f 1570/744/342 1571/701/341 1564/704/341 1565/733/342
f 1782/704/271 1766/703/271 1624/745/271 1581/736/271
f 1770/746/271 1777/705/271 1574/708/271 1625/747/271
f 1560/748/331 1561/749/340 1558/706/340 1559/705/331
f 1561/749/340 1562/750/350 1557/709/350 1558/706/340
f 1823/714/271 1808/713/271 1577/739/271 1617/751/271
f 1803/724/271 1787/723/271 1572/752/271 1601/753/271
f 1553/754/278 1590/755/278 1790/756/278 1552/757/278
f 1775/758/271 1791/759/271 1606/760/271 1605/761/271
f 1591/762/278 1555/763/278 1554/764/278 1773/765/278
f 1588/765/271 1783/764/271 1573/766/271 1586/767/271
f 1787/757/271 1789/756/271 1587/768/271 1572/769/271
f 1794/770/272 1772/771/272 1774/772/272 1776/773/272
f 1588/765/271 1586/767/271 1587/768/271 1789/756/271
f 1588/771/271 1789/774/271 1791/775/271 1775/772/271
f 1589/774/274 1795/776/274 1793/777/274 1792/775/274
f 1803/724/271 1601/753/271 1600/738/271 1805/737/271
f 1602/699/271 1799/698/271 1797/741/271 1603/742/271
f 1598/778/278 1597/779/278 1843/780/278 1660/781/278
f 1806/782/278 1807/783/278 1655/784/278 1652/785/278
f 1563/712/348 1595/786/339 1592/737/339 1556/713/348
f 1604/787/278 1810/761/278 1811/760/278 1607/788/278
f 1813/789/278 1654/790/278 1607/788/278 1811/760/278
f 1797/779/271 1799/791/271 1665/792/271 1842/780/271
f 1661/793/278 1835/794/278 1810/761/278 1604/787/278
f 1594/795/35 1593/796/35 1854/797/35 1656/798/35
f 1823/714/271 1617/751/271 1616/720/271 1825/719/271
f 1817/730/271 1619/743/271 1618/731/271 1819/717/271
f 1803/796/271 1805/782/271 1839/785/271 1650/797/271
f 1562/750/350 1827/799/337 1826/719/337 1557/709/350
f 1645/800/271 1836/801/271 1629/802/271 1764/803/271
f 1624/745/271 1766/703/271 1770/746/271 1625/747/271
f 1764/804/271 1768/805/271 1770/806/271 1766/807/271
f 1622/808/332 1560/748/331 1559/705/331 1771/746/332
f 1627/809/278 1769/693/278 1848/696/278 1636/810/278
f 1632/805/274 1832/811/274 1828/812/274 1621/806/274
f 1637/813/278 1849/814/278 1608/815/278 1611/816/278
f 1630/817/35 1830/694/35 1831/802/35 1631/818/35
f 1628/694/271 1768/693/271 1764/803/271 1629/802/271
f 1833/819/272 1765/804/272 1620/807/272 1829/820/272
f 1841/821/35 1634/822/35 1610/823/35 1609/824/35
f 1639/814/271 1640/821/271 1823/824/271 1825/815/271
f 1614/825/278 1613/689/278 1850/692/278 1642/826/278
f 1643/827/278 1851/800/278 1633/803/278 1626/828/278
f 1837/801/35 1646/829/35 1631/818/35 1831/802/35
f 1612/690/35 1615/830/35 1647/831/35 1845/691/35
f 1651/832/271 1812/789/271 1606/760/271 1791/759/271
f 1657/833/35 1855/832/35 1582/759/35 1585/834/35
f 1596/791/35 1599/835/35 1659/836/35 1859/792/35
f 1858/837/35 1658/838/35 1584/839/35 1583/758/35
f 1838/840/274 1857/841/274 1846/842/274 1840/843/274
f 1834/794/271 1664/837/271 1775/758/271 1605/761/271
f 1812/844/271 1839/840/271 1640/843/271 1814/845/271
f 1849/814/278 1637/813/278 1636/810/278 1848/696/278
f 1640/821/271 1639/814/271 1638/696/271 1814/695/271
f 1851/800/278 1643/827/278 1642/826/278 1850/692/278
f 1842/846/271 1834/847/271 1836/848/271 1844/849/271
f 1836/801/271 1645/800/271 1644/692/271 1844/691/271
f 1855/832/35 1657/833/35 1656/798/35 1854/797/35
f 1812/789/271 1651/832/271 1650/797/271 1839/785/271
f 1856/850/272 1653/844/272 1815/845/272 1847/851/272
f 1658/838/35 1858/837/35 1859/792/35 1659/836/35
f 1664/837/271 1834/794/271 1842/780/271 1665/792/271
f 1861/852/272 1663/846/272 1649/849/272 1853/853/272
f 1830/694/35 1630/817/35 1635/854/35 1641/695/35
f 1662/847/274 1860/855/274 1852/856/274 1648/848/274
f 2143/689/273 2145/690/273 2170/691/273 1954/692/273
f 2094/693/273 1938/694/273 2140/695/273 1948/696/273
f 2109/697/273 2125/698/273 1912/699/273 1883/700/273
f 1881/701/331 1933/702/332 2093/703/332 1874/704/331
f 2103/705/273 2104/706/273 1885/707/273 1884/708/273
f 2104/706/273 2105/709/273 1886/710/273 1885/707/273
f 2148/711/333 1873/712/347 1866/713/347 2150/714/333
f 1878/715/348 2147/716/336 2146/717/336 1877/718/348
f 2105/709/273 2151/719/273 1926/720/273 1886/710/273
f 2128/721/274 2112/722/274 2114/723/274 2130/724/274
f 2111/725/272 2127/726/272 2126/698/272 2110/697/272
f 2142/727/337 1879/728/338 1876/729/338 2144/730/337
f 2135/718/273 2145/717/273 1928/731/273 1888/732/273
f 2106/729/273 2107/733/273 1890/734/273 1889/735/273
f 2107/733/273 2108/704/273 1891/736/273 1890/734/273
f 2134/713/273 2131/737/273 1910/738/273 1887/739/273
f 2122/740/339 1878/715/348 1877/718/348 2124/741/339
f 2123/741/273 2135/718/273 1888/732/273 1913/742/273
f 2143/730/273 2106/729/273 1889/735/273 1929/743/273
f 1879/728/338 1880/744/340 1875/733/340 1876/729/338
f 1880/744/340 1881/701/331 1874/704/331 1875/733/340
f 2108/704/273 2092/703/273 1934/745/273 1891/736/273
f 2096/746/273 2103/705/273 1884/708/273 1935/747/273
f 1870/748/341 1871/749/342 1868/706/342 1869/705/341
f 1871/749/342 1872/750/349 1867/709/349 1868/706/342
f 2149/714/273 2134/713/273 1887/739/273 1927/751/273
f 2129/724/273 2113/723/273 1882/752/273 1911/753/273
f 1863/754/278 1900/755/278 2116/756/278 1862/757/278
f 2101/758/273 2117/759/273 1916/760/273 1915/761/273
f 1901/762/278 1865/763/278 1864/764/278 2099/765/278
f 1898/765/273 2109/764/273 1883/766/273 1896/767/273
f 2113/757/273 2115/756/273 1897/768/273 1882/769/273
f 2120/770/274 2098/771/274 2100/772/274 2102/773/274
f 1898/765/273 1896/767/273 1897/768/273 2115/756/273
f 1898/771/273 2115/774/273 2117/775/273 2101/772/273
f 1899/774/272 2121/776/272 2119/777/272 2118/775/272
f 2129/724/273 1911/753/273 1910/738/273 2131/737/273
f 1912/699/273 2125/698/273 2123/741/273 1913/742/273
f 1908/778/278 1907/779/278 2169/780/278 1970/781/278
f 2132/782/278 2133/783/278 1965/784/278 1962/785/278
f 1873/712/347 1905/786/344 1902/737/344 1866/713/347
f 1914/787/278 2136/761/278 2137/760/278 1917/788/278
f 2139/789/278 1964/790/278 1917/788/278 2137/760/278
f 2123/779/273 2125/791/273 1975/792/273 2168/780/273
f 1971/793/278 2161/794/278 2136/761/278 1914/787/278
f 1904/795/35 1903/796/35 2180/797/35 1966/798/35
f 2149/714/273 1927/751/273 1926/720/273 2151/719/273
f 2143/730/273 1929/743/273 1928/731/273 2145/717/273
f 2129/796/273 2131/782/273 2165/785/273 1960/797/273
f 1872/750/349 2153/799/345 2152/719/345 1867/709/349
f 1955/800/273 2162/801/273 1939/802/273 2090/803/273
f 1934/745/273 2092/703/273 2096/746/273 1935/747/273
f 2090/804/273 2094/805/273 2096/806/273 2092/807/273
f 1932/808/346 1870/748/341 1869/705/341 2097/746/346
f 1937/809/278 2095/693/278 2174/696/278 1946/810/278
f 1942/805/272 2158/811/272 2154/812/272 1931/806/272
f 1947/813/278 2175/814/278 1918/815/278 1921/816/278
f 1940/817/35 2156/694/35 2157/802/35 1941/818/35
f 1938/694/273 2094/693/273 2090/803/273 1939/802/273
f 2159/819/274 2091/804/274 1930/807/274 2155/820/274
f 2167/821/35 1944/822/35 1920/823/35 1919/824/35
f 1949/814/273 1950/821/273 2149/824/273 2151/815/273
f 1924/825/278 1923/689/278 2176/692/278 1952/826/278
f 1953/827/278 2177/800/278 1943/803/278 1936/828/278
f 2163/801/35 1956/829/35 1941/818/35 2157/802/35
f 1922/690/35 1925/830/35 1957/831/35 2171/691/35
f 1961/832/273 2138/789/273 1916/760/273 2117/759/273
f 1967/833/35 2181/832/35 1892/759/35 1895/834/35
f 1906/791/35 1909/835/35 1969/836/35 2185/792/35
f 2184/837/35 1968/838/35 1894/839/35 1893/758/35
f 2164/840/272 2183/841/272 2172/842/272 2166/843/272
f 2160/794/273 1974/837/273 2101/758/273 1915/761/273
f 2138/844/273 2165/840/273 1950/843/273 2140/845/273
f 2175/814/278 1947/813/278 1946/810/278 2174/696/278
f 1950/821/273 1949/814/273 1948/696/273 2140/695/273
f 2177/800/278 1953/827/278 1952/826/278 2176/692/278
f 2168/846/273 2160/847/273 2162/848/273 2170/849/273
f 2162/801/273 1955/800/273 1954/692/273 2170/691/273
f 2181/832/35 1967/833/35 1966/798/35 2180/797/35
f 2138/789/273 1961/832/273 1960/797/273 2165/785/273
f 2182/850/274 1963/844/274 2141/845/274 2173/851/274
f 1968/838/35 2184/837/35 2185/792/35 1969/836/35
f 1974/837/273 2160/794/273 2168/780/273 1975/792/273
f 2187/852/274 1973/846/274 1959/849/274 2179/853/274
f 2156/694/35 1940/817/35 1945/854/35 1951/695/35
f 1972/847/272 2186/855/272 2178/856/272 1958/848/272
f 2241/689/273 2243/690/273 2268/691/273 2068/692/273
f 2192/693/273 2052/694/273 2238/695/273 2062/696/273
f 2207/697/273 2223/698/273 2026/699/273 1997/700/273
f 1995/701/331 2047/702/332 2191/703/332 1988/704/331
f 2201/705/273 2202/706/273 1999/707/273 1998/708/273
f 2202/706/273 2203/709/273 2000/710/273 1999/707/273
f 2246/711/333 1987/712/334 1980/713/334 2248/714/333
f 1992/715/348 2245/716/336 2244/717/336 1991/718/348
f 2203/709/273 2249/719/273 2040/720/273 2000/710/273
f 2226/721/274 2210/722/274 2212/723/274 2228/724/274
f 2209/725/272 2225/726/272 2224/698/272 2208/697/272
f 2240/727/337 1993/728/338 1990/729/338 2242/730/337
f 2233/718/273 2243/717/273 2042/731/273 2002/732/273
f 2204/729/273 2205/733/273 2004/734/273 2003/735/273
f 2205/733/273 2206/704/273 2005/736/273 2004/734/273
f 2232/713/273 2229/737/273 2024/738/273 2001/739/273
f 2220/740/339 1992/715/348 1991/718/348 2222/741/339
f 2221/741/273 2233/718/273 2002/732/273 2027/742/273
f 2241/730/273 2204/729/273 2003/735/273 2043/743/273
f 1993/728/338 1994/744/340 1989/733/340 1990/729/338
f 1994/744/340 1995/701/331 1988/704/331 1989/733/340
f 2206/704/273 2190/703/273 2048/745/273 2005/736/273
f 2194/746/273 2201/705/273 1998/708/273 2049/747/273
f 1984/748/341 1985/749/342 1982/706/342 1983/705/341
f 1985/749/342 1986/750/343 1981/709/343 1982/706/342
f 2247/714/273 2232/713/273 2001/739/273 2041/751/273
f 2227/724/273 2211/723/273 1996/752/273 2025/753/273
f 1977/754/278 2014/755/278 2214/756/278 1976/757/278
f 2199/758/273 2215/759/273 2030/760/273 2029/761/273
f 2015/762/278 1979/763/278 1978/764/278 2197/765/278
f 2012/765/273 2207/764/273 1997/766/273 2010/767/273
f 2211/757/273 2213/756/273 2011/768/273 1996/769/273
f 2218/770/274 2196/771/274 2198/772/274 2200/773/274
f 2012/765/273 2010/767/273 2011/768/273 2213/756/273
f 2012/771/273 2213/774/273 2215/775/273 2199/772/273
f 2013/774/272 2219/776/272 2217/777/272 2216/775/272
f 2227/724/273 2025/753/273 2024/738/273 2229/737/273
f 2026/699/273 2223/698/273 2221/741/273 2027/742/273
f 2022/778/278 2021/779/278 2267/780/278 2084/781/278
f 2230/782/278 2231/783/278 2079/784/278 2076/785/278
f 1987/712/334 2019/786/344 2016/737/344 1980/713/334
f 2028/787/278 2234/761/278 2235/760/278 2031/788/278
f 2237/789/278 2078/790/278 2031/788/278 2235/760/278
f 2221/779/273 2223/791/273 2089/792/273 2266/780/273
f 2085/793/278 2259/794/278 2234/761/278 2028/787/278
f 2018/795/35 2017/796/35 2278/797/35 2080/798/35
f 2247/714/273 2041/751/273 2040/720/273 2249/719/273
f 2241/730/273 2043/743/273 2042/731/273 2243/717/273
f 2227/796/273 2229/782/273 2263/785/273 2074/797/273
f 1986/750/343 2251/799/345 2250/719/345 1981/709/343
f 2069/800/273 2260/801/273 2053/802/273 2188/803/273
f 2048/745/273 2190/703/273 2194/746/273 2049/747/273
f 2188/804/273 2192/805/273 2194/806/273 2190/807/273
f 2046/808/346 1984/748/341 1983/705/341 2195/746/346
f 2051/809/278 2193/693/278 2272/696/278 2060/810/278
f 2056/805/272 2256/811/272 2252/812/272 2045/806/272
f 2061/813/278 2273/814/278 2032/815/278 2035/816/278
f 2054/817/35 2254/694/35 2255/802/35 2055/818/35
f 2052/694/273 2192/693/273 2188/803/273 2053/802/273
f 2257/819/274 2189/804/274 2044/807/274 2253/820/274
f 2265/821/35 2058/822/35 2034/823/35 2033/824/35
f 2063/814/273 2064/821/273 2247/824/273 2249/815/273
f 2038/825/278 2037/689/278 2274/692/278 2066/826/278
f 2067/827/278 2275/800/278 2057/803/278 2050/828/278
f 2261/801/35 2070/829/35 2055/818/35 2255/802/35
f 2036/690/35 2039/830/35 2071/831/35 2269/691/35
f 2075/832/273 2236/789/273 2030/760/273 2215/759/273
f 2081/833/35 2279/832/35 2006/759/35 2009/834/35
f 2020/791/35 2023/835/35 2083/836/35 2283/792/35
f 2282/837/35 2082/838/35 2008/839/35 2007/758/35
f 2262/840/272 2281/841/272 2270/842/272 2264/843/272
f 2258/794/273 2088/837/273 2199/758/273 2029/761/273
f 2236/844/273 2263/840/273 2064/843/273 2238/845/273
f 2273/814/278 2061/813/278 2060/810/278 2272/696/278
f 2064/821/273 2063/814/273 2062/696/273 2238/695/273
f 2275/800/278 2067/827/278 2066/826/278 2274/692/278
f 2266/846/273 2258/847/273 2260/848/273 2268/849/273
f 2260/801/273 2069/800/273 2068/692/273 2268/691/273
f 2279/832/35 2081/833/35 2080/798/35 2278/797/35
f 2236/789/273 2075/832/273 2074/797/273 2263/785/273
f 2280/850/274 2077/844/274 2239/845/274 2271/851/274
f 2082/838/35 2282/837/35 2283/792/35 2083/836/35
f 2088/837/273 2258/794/273 2266/780/273 2089/792/273
f 2285/852/274 2087/846/274 2073/849/274 2277/853/274
f 2254/694/35 2054/817/35 2059/854/35 2065/695/35
f 2086/847/272 2284/855/272 2276/856/272 2072/848/272
f 2286/857/271 2287/858/271 2289/859/271 2288/860/271
f 2288/860/272 2289/859/272 2293/861/272 2292/862/272
f 2292/862/273 2293/861/273 2291/863/273 2290/864/273
f 2290/864/274 2291/863/274 2287/865/274 2286/866/274
f 2293/861/278 2289/867/278 2287/868/278 2291/863/278
f 2294/857/273 2295/858/273 2297/859/273 2296/860/273
f 2296/860/274 2297/859/274 2301/861/274 2300/862/274
f 2300/862/271 2301/861/271 2299/863/271 2298/864/271
f 2298/864/272 2299/863/272 2295/865/272 2294/866/272
f 2301/861/278 2297/867/278 2295/868/278 2299/863/278
f 2302/857/271 2303/858/271 2305/859/271 2304/860/271
f 2304/860/272 2305/859/272 2309/861/272 2308/862/272
f 2308/862/273 2309/861/273 2307/863/273 2306/864/273
f 2306/864/274 2307/863/274 2303/865/274 2302/866/274
f 2309/861/278 2305/867/278 2303/868/278 2307/863/278
f 2310/857/273 2311/858/273 2313/859/273 2312/860/273
f 2312/860/274 2313/859/274 2317/861/274 2316/862/274
f 2316/862/271 2317/861/271 2315/863/271 2314/864/271
f 2314/864/272 2315/863/272 2311/865/272 2310/866/272
f 2317/861/278 2313/867/278 2311/868/278 2315/863/278
f 3798/921/278 3797/922/278 3740/923/278 3738/924/278
f 3731/404/274 3686/405/274 3690/406/274 3739/407/274
f 3697/408/273 3694/409/273 3693/410/273 3698/411/273
f 3686/412/271 3731/413/271 3733/414/271 3685/415/271
f 3692/416/302 3699/417/302 3744/418/302 3741/419/302
f 3698/420/274 3701/421/274 3700/422/274 3697/423/274
f 3688/424/274 3691/425/274 3690/406/274 3687/426/274
f 3711/427/274 3716/428/274 3772/429/274 3769/430/274
f 3730/431/273 3699/432/273 3692/433/273 3736/434/273
f 3732/435/35 3704/436/35 3706/437/35 3734/438/35
f 3809/439/271 3689/440/271 3682/441/271 3810/442/271
f 3738/443/274 3696/444/274 3700/422/274 3679/445/274
f 3729/446/274 3705/447/274 3708/448/274 3737/449/274
f 3704/450/274 3732/451/274 3739/452/274 3708/448/274
f 3689/453/274 3691/425/274 3688/424/274
f 3690/406/274 3686/405/274 3687/426/274
f 3743/454/274 3748/455/274 3715/456/274 3712/457/274
f 3749/458/303 3752/459/303 3718/460/303 3722/461/303
f 3699/462/274 3701/421/274 3698/420/274
f 3700/422/274 3696/444/274 3697/423/274
f 3716/428/307 3714/463/307 3766/464/307 3772/429/307
f 3687/465/271 3684/466/271 3683/467/271 3688/468/271
f 3699/417/274 3698/469/274 3747/470/274 3744/418/274
f 3697/471/274 3696/472/274 3754/473/274 3751/474/274
f 3752/459/274 3753/475/274 3719/476/274 3718/460/274
f 3768/477/302 3770/478/302 3686/479/302 3685/480/302
f 3759/481/305 3764/482/305 3682/483/305 3689/484/305
f 3710/485/302 3711/427/302 3769/430/302 3767/486/302
f 3696/472/305 3695/487/305 3755/488/305 3754/473/305
f 3721/489/303 3717/490/303 3757/491/303 3762/492/303
f 3720/493/305 3724/494/305 3763/495/305 3760/496/305
f 3722/497/271 3718/498/271 3715/499/271 3713/500/271
f 3712/501/274 3711/502/274 3778/503/274 3779/504/274
f 3708/448/274 3705/447/274 3704/450/274
f 3716/428/274 3711/427/274 3712/457/274 3715/456/274
f 3727/505/35 3728/506/35 3702/507/35 3703/508/35
f 3780/509/274 3777/510/274 3704/436/274 3705/511/274
f 3720/493/274 3717/490/274 3718/460/274 3719/476/274
f 3717/512/273 3721/513/273 3714/514/273 3716/515/273
f 3799/925/274 3727/926/274 3703/927/274 3804/928/274
f 3699/462/274 3730/520/274 3737/521/274 3701/421/274
f 3718/498/274 3717/512/274 3716/515/274 3715/499/274
f 3711/502/306 3710/522/306 3774/523/306 3778/503/306
f 3803/929/274 3804/928/274 3703/927/274
f 3800/930/278 3799/925/278 3804/928/278 3802/931/278
f 3698/469/307 3693/527/307 3746/528/307 3747/470/307
f 3748/455/307 3745/529/307 3713/530/307 3715/456/307
f 3742/531/302 3743/454/302 3712/457/302 3709/532/302
f 3717/490/274 3720/493/274 3760/496/274 3757/491/274
f 3725/932/274 3805/933/274 3803/929/274 3703/927/274
f 3753/475/305 3756/535/305 3723/536/305 3719/476/305
f 3694/537/303 3697/471/303 3751/474/303 3750/538/303
f 3726/539/35 3725/540/35 3703/508/35 3702/507/35
f 3758/541/274 3759/481/274 3689/484/274 3688/542/274
f 3761/543/303 3758/541/303 3688/542/303 3683/544/303
f 3725/540/35 3726/539/35 3681/545/35 3680/546/35
f 3770/478/274 3771/547/274 3687/548/274 3686/479/274
f 3771/547/304 3765/549/304 3684/550/304 3687/548/304
f 3777/510/308 3773/551/308 3706/437/308 3704/436/308
f 3709/552/309 3712/501/309 3779/504/309 3775/553/309
f 3776/554/310 3780/509/310 3705/511/310 3707/555/310
f 3806/934/274 3725/932/274 3680/935/274 3809/936/274
f 3689/453/274 3809/559/274 3680/560/274 3691/425/274
f 3785/561/274 3786/562/274 3729/563/274 3730/564/274
f 3739/407/274 3732/565/274 3731/404/274
f 3737/521/274 3730/520/274 3729/566/274
f 3748/455/274 3743/454/274 3744/418/274 3747/470/274
f 3807/937/278 3806/934/278 3809/936/278 3810/938/278
f 3780/569/311 3776/570/311 3782/571/311 3786/572/311
f 3727/926/274 3798/921/274 3738/924/274 3679/939/274
f 3752/574/273 3749/575/273 3745/576/273 3748/577/273
f 3753/475/274 3752/459/274 3751/474/274 3754/473/274
f 3759/578/274 3760/579/274 3805/580/274 3806/581/274
f 3806/934/274 3805/933/274 3725/932/274
f 3760/579/271 3763/582/271 3808/583/271 3805/580/271
f 3759/481/274 3758/541/274 3757/491/274 3760/496/274
f 3764/584/273 3759/578/273 3806/581/273 3807/585/273
f 3789/586/312 3794/587/312 3770/588/312 3768/589/312
f 3772/590/271 3766/591/271 3762/592/271 3757/593/271
f 3771/547/274 3770/478/274 3769/430/274 3772/429/274
f 3778/594/313 3774/595/313 3796/596/314 3791/597/315
f 3724/598/273 3720/599/273 3803/600/273 3801/601/273
f 3777/510/274 3780/509/274 3779/504/274 3778/503/274
f 3705/511/35 3729/602/35 3735/603/35 3707/555/35
f 3777/604/274 3778/594/274 3791/597/274 3793/605/274
f 3779/606/274 3780/569/274 3786/572/274 3787/607/274
f 3773/608/316 3777/604/316 3793/605/316 3790/609/316
f 3792/610/317 3795/611/318 3767/612/319 3769/613/319
f 3790/614/320 3793/615/320 3732/616/320 3734/617/320
f 3794/587/274 3792/610/274 3769/613/274 3770/588/274
f 3720/599/274 3719/618/274 3804/619/274 3803/600/274
f 3788/620/274 3785/621/274 3744/622/274 3743/623/274
f 3783/624/321 3788/620/322 3743/623/323 3742/625/323
f 3775/626/324 3779/606/324 3787/607/325 3784/627/326
f 3785/621/327 3781/628/327 3741/629/327 3744/622/327
f 3788/620/322 3783/624/321 3784/627/326 3787/607/325
f 3794/630/328 3789/631/328 3733/632/328 3731/633/328
f 3792/610/274 3794/587/274 3793/605/274 3791/597/274
f 3719/618/271 3723/634/271 3802/635/271 3804/619/271
f 3781/636/329 3785/561/329 3730/564/329 3736/637/329
f 3785/621/274 3788/620/274 3787/607/274 3786/572/274
f 3754/638/271 3755/639/271 3797/640/271 3798/641/271
f 3795/611/318 3792/610/317 3791/597/315 3796/596/314
f 3756/642/273 3753/643/273 3799/644/273 3800/645/273
f 3793/615/274 3794/630/274 3731/633/274 3732/616/274
f 3786/562/330 3782/646/330 3735/647/330 3729/563/330
f 3753/643/274 3754/638/274 3798/641/274 3799/644/274
f 3765/648/273 3771/649/273 3758/650/273 3761/651/273
f 3771/649/274 3772/590/274 3757/593/274 3758/650/274
f 3750/652/271 3751/653/271 3747/654/271 3746/655/271
f 3751/653/274 3752/574/274 3748/577/274 3747/654/274
f 3696/656/273 3738/657/273 3740/658/273 3695/659/273
f 3805/933/278 3808/940/278 3801/941/278 3803/929/278
f 3799/925/274 3798/921/274 3727/926/274
f 3728/506/35 3727/505/35 3679/662/35 3678/663/35
f 3979/942/271 3980/943/271 3982/944/271 3981/945/271
f 3985/946/273 3986/947/273 3984/948/273 3983/949/273
f 3983/949/274 3984/948/274 3980/943/274 3979/942/274
f 3987/942/571 3988/943/571 3990/944/571 3989/945/571
f 3993/946/572 3994/947/572 3992/948/572 3991/949/572
f 3991/949/274 3992/948/274 3988/943/274 3987/942/274
f 3995/942/573 3996/943/573 3998/944/573 3997/945/573
f 4001/946/574 4002/947/574 4000/948/574 3999/949/574
f 3999/949/274 4000/948/274 3996/943/274 3995/942/274
f 4003/942/35 4004/943/35 4006/944/35 4005/945/35
f 4009/946/278 4010/947/278 4008/948/278 4007/949/278
f 4007/949/274 4008/948/274 4004/943/274 4003/942/274
f 4011/942/575 4012/943/575 4014/944/575 4013/945/575
f 4017/946/576 4018/947/576 4016/948/576 4015/949/576
f 4015/949/274 4016/948/274 4012/943/274 4011/942/274
f 4019/942/577 4020/943/577 4022/944/577 4021/945/577
f 4025/946/578 4026/947/578 4024/948/578 4023/949/578
f 4023/949/274 4024/948/274 4020/943/274 4019/942/274
f 3811/950/35 3812/951/579 3836/952/579 3835/953/35
f 3812/951/579 3813/954/573 3838/955/573 3836/952/579
f 3813/954/573 3814/956/580 3841/957/580 3838/955/573
f 3814/956/580 3815/958/571 3840/959/571 3841/957/580
f 3815/958/571 3816/960/581 3843/961/581 3840/959/571
f 3816/960/581 3817/962/271 3845/963/271 3843/961/581
f 3817/962/271 3818/964/582 3847/965/582 3845/963/271
f 3818/964/582 3819/966/576 3849/967/576 3847/965/582
f 3819/966/576 3820/968/583 3850/969/583 3849/967/576
f 3820/968/583 3821/970/577 3851/971/577 3850/969/583
f 3821/970/577 3822/972/584 3852/973/584 3851/971/577
f 3822/972/584 3823/974/278 3853/975/278 3852/973/584
f 3823/976/278 3824/977/585 3854/978/585 3853/979/278
f 3824/977/585 3825/980/574 3855/981/574 3854/978/585
f 3825/980/574 3826/982/586 3856/983/586 3855/981/574
f 3826/982/586 3827/984/572 3858/985/572 3856/983/586
f 3827/984/572 3828/986/587 3857/987/587 3858/985/572
f 3828/986/587 3829/988/273 3848/989/273 3857/987/587
f 3829/988/273 3830/990/588 3846/991/588 3848/989/273
f 3830/990/588 3831/992/575 3844/993/575 3846/991/588
f 3831/992/575 3832/994/589 3842/995/589 3844/993/575
f 3832/994/589 3833/996/578 3839/997/578 3842/995/589
f 3833/996/578 3834/998/590 3837/999/590 3839/997/578
f 3834/998/590 3811/950/35 3835/953/35 3837/999/590
f 3850/1000/274 3851/1001/274 3875/1002/274 3874/1003/274
f 3845/1004/274 3847/1005/274 3871/1006/274 3869/1007/274
f 3857/1008/274 3848/1009/274 3872/1010/274 3881/1011/274
f 3856/1012/274 3858/1013/274 3882/1014/274 3880/1015/274
f 3835/1016/274 3836/1017/274 3860/1018/274 3859/1019/274
f 3849/1020/274 3850/1000/274 3874/1003/274 3873/1021/274
f 3840/1022/274 3843/1023/274 3867/1024/274 3864/1025/274
f 3837/1026/274 3835/1016/274 3859/1019/274 3861/1027/274
f 3844/1028/274 3842/1029/274 3866/1030/274 3868/1031/274
f 3855/1032/274 3856/1012/274 3880/1015/274 3879/1033/274
f 3838/1034/274 3841/1035/274 3865/1036/274 3862/1037/274
f 3851/1001/274 3852/1038/274 3876/1039/274 3875/1002/274
f 3843/1023/274 3845/1004/274 3869/1007/274 3867/1024/274
f 3858/1013/274 3857/1008/274 3881/1011/274 3882/1014/274
f 3836/1017/274 3838/1034/274 3862/1037/274 3860/1018/274
f 3852/1038/274 3853/1040/274 3877/1041/274 3876/1039/274
f 3846/1042/274 3844/1028/274 3868/1031/274 3870/1043/274
f 3853/1040/274 3854/1044/274 3878/1045/274 3877/1041/274
f 3848/1009/274 3846/1042/274 3870/1043/274 3872/1010/274
f 3841/1035/274 3840/1022/274 3864/1025/274 3865/1036/274
f 3854/1044/274 3855/1032/274 3879/1033/274 3878/1045/274
f 3847/1005/274 3849/1020/274 3873/1021/274 3871/1006/274
f 3842/1029/274 3839/1046/274 3863/1047/274 3866/1030/274
f 3839/1046/274 3837/1026/274 3861/1027/274 3863/1047/274
f 3883/1048/35 3884/1049/579 3908/1050/579 3907/1051/35
f 3884/1049/579 3885/1052/573 3910/1053/573 3908/1050/579
f 3885/1052/573 3886/1054/580 3913/1055/580 3910/1053/573
f 3886/1054/580 3887/1056/571 3912/1057/571 3913/1055/580
f 3887/1056/571 3888/1058/581 3915/1059/581 3912/1057/571
f 3888/1058/581 3889/1060/271 3917/1061/271 3915/1059/581
f 3889/1060/271 3890/1062/582 3919/1063/582 3917/1061/271
f 3890/1062/582 3891/1064/576 3921/1065/576 3919/1063/582
f 3891/1064/576 3892/1066/583 3922/1067/583 3921/1065/576
f 3892/1066/583 3893/1068/577 3923/1069/577 3922/1067/583
f 3893/1068/577 3894/1070/584 3924/1071/584 3923/1069/577
f 3894/1070/584 3895/1072/278 3925/1073/278 3924/1071/584
f 3895/1074/278 3896/1075/585 3926/1076/585 3925/1077/278
f 3896/1075/585 3897/1078/574 3927/1079/574 3926/1076/585
f 3897/1078/574 3898/1080/586 3928/1081/586 3927/1079/574
f 3898/1080/586 3899/1082/572 3930/1083/572 3928/1081/586
f 3899/1082/572 3900/1084/587 3929/1085/587 3930/1083/572
f 3900/1084/587 3901/1086/273 3920/1087/273 3929/1085/587
f 3901/1086/273 3902/1088/588 3918/1089/588 3920/1087/273
f 3902/1088/588 3903/1090/575 3916/1091/575 3918/1089/588
f 3903/1090/575 3904/1092/589 3914/1093/589 3916/1091/575
f 3904/1092/589 3905/1094/578 3911/1095/578 3914/1093/589
f 3905/1094/578 3906/1096/590 3909/1097/590 3911/1095/578
f 3906/1096/590 3883/1048/35 3907/1051/35 3909/1097/590
f 3922/1098/274 3923/1099/274 3947/1100/274 3946/1101/274
f 3917/1102/274 3919/1103/274 3943/1104/274 3941/1105/274
f 3929/1106/274 3920/1107/274 3944/1108/274 3953/1109/274
f 3928/1110/274 3930/1111/274 3954/1112/274 3952/1113/274
f 3907/1114/274 3908/1115/274 3932/1116/274 3931/1117/274
f 3921/1118/274 3922/1098/274 3946/1101/274 3945/1119/274
f 3912/1120/274 3915/1121/274 3939/1122/274 3936/1123/274
f 3909/1124/274 3907/1114/274 3931/1117/274 3933/1125/274
f 3916/1126/274 3914/1127/274 3938/1128/274 3940/1129/274
f 3927/1130/274 3928/1110/274 3952/1113/274 3951/1131/274
f 3910/1132/274 3913/1133/274 3937/1134/274 3934/1135/274
f 3923/1099/274 3924/1136/274 3948/1137/274 3947/1100/274
f 3915/1121/274 3917/1102/274 3941/1105/274 3939/1122/274
f 3930/1111/274 3929/1106/274 3953/1109/274 3954/1112/274
f 3908/1115/274 3910/1132/274 3934/1135/274 3932/1116/274
f 3924/1136/274 3925/1138/274 3949/1139/274 3948/1137/274
f 3918/1140/274 3916/1126/274 3940/1129/274 3942/1141/274
f 3925/1138/274 3926/1142/274 3950/1143/274 3949/1139/274
f 3920/1107/274 3918/1140/274 3942/1141/274 3944/1108/274
f 3913/1133/274 3912/1120/274 3936/1123/274 3937/1134/274
f 3926/1142/274 3927/1130/274 3951/1131/274 3950/1143/274
f 3919/1103/274 3921/1118/274 3945/1119/274 3943/1104/274
f 3914/1127/274 3911/1144/274 3935/1145/274 3938/1128/274
f 3911/1144/274 3909/1124/274 3933/1125/274 3935/1145/274
f 3936/1146/572 3939/1147/587 3963/1148/587 3960/1149/572
f 3954/1150/571 3953/1151/581 3977/1152/581 3978/1153/571
f 3931/1154/278 3932/1155/585 3956/1156/585 3955/1157/278
f 3947/1158/578 3948/1159/590 3972/1160/590 3971/1161/578
f 3940/1162/576 3938/1163/583 3962/1164/583 3964/1165/576
f 3938/1163/583 3935/1166/577 3959/1167/577 3962/1164/583
f 3933/1168/584 3931/1154/278 3955/1157/278 3957/1169/584
f 3948/1159/590 3949/1170/35 3973/1171/35 3972/1160/590
f 3939/1147/587 3941/1172/273 3965/1173/273 3963/1148/587
f 3934/1174/574 3937/1175/586 3961/1176/586 3958/1177/574
f 3949/1170/35 3950/1178/579 3974/1179/579 3973/1171/35
f 3942/1180/582 3940/1162/576 3964/1165/576 3966/1181/582
f 3932/1155/585 3934/1174/574 3958/1177/574 3956/1156/585
f 3950/1178/579 3951/1182/573 3975/1183/573 3974/1179/579
f 3944/1184/271 3942/1180/582 3966/1181/582 3968/1185/271
f 3937/1175/586 3936/1146/572 3960/1149/572 3961/1176/586
f 3946/1186/589 3947/1158/578 3971/1161/578 3970/1187/589
f 3943/1188/588 3945/1189/575 3969/1190/575 3967/1191/588
f 3935/1166/577 3933/1168/584 3957/1169/584 3959/1167/577
f 3952/1192/580 3954/1150/571 3978/1153/571 3976/1193/580
f 3941/1172/273 3943/1188/588 3967/1191/588 3965/1173/273
f 3953/1151/581 3944/1184/271 3968/1185/271 3977/1152/581
f 3951/1182/573 3952/1192/580 3976/1193/580 3975/1183/573
f 3945/1189/575 3946/1186/589 3970/1187/589 3969/1190/575
f 4027/1194/35 4028/1195/579 4488/1196/579 4487/1197/35
f 4028/1195/579 4029/1198/573 4490/1199/573 4488/1196/579
f 4029/1198/573 4030/1200/580 4493/1201/580 4490/1199/573
f 4030/1200/580 4031/1202/571 4492/1203/571 4493/1201/580
f 4031/1202/571 4032/1204/581 4495/1205/581 4492/1203/571
f 4032/1204/581 4033/1206/271 4497/1207/271 4495/1205/581
f 4033/1206/271 4034/1208/582 4499/1209/582 4497/1207/271
f 4034/1208/582 4035/1210/576 4501/1211/576 4499/1209/582
f 4035/1210/576 4036/1212/583 4502/1213/583 4501/1211/576
f 4036/1212/583 4037/1214/577 4503/1215/577 4502/1213/583
f 4037/1214/577 4038/1216/584 4504/1217/584 4503/1215/577
f 4038/1216/584 4039/1218/278 4505/1219/278 4504/1217/584
f 4039/1220/278 4040/1221/585 4506/1222/585 4505/1223/278
f 4040/1221/585 4041/1224/574 4507/1225/574 4506/1222/585
f 4041/1224/574 4042/1226/586 4508/1227/586 4507/1225/574
f 4042/1226/586 4043/1228/572 4510/1229/572 4508/1227/586
f 4043/1228/572 4044/1230/587 4509/1231/587 4510/1229/572
f 4044/1230/587 4045/1232/273 4500/1233/273 4509/1231/587
f 4045/1232/273 4046/1234/588 4498/1235/588 4500/1233/273
f 4046/1234/588 4047/1236/575 4496/1237/575 4498/1235/588
f 4047/1236/575 4048/1238/589 4494/1239/589 4496/1237/575
f 4048/1238/589 4049/1240/578 4491/1241/578 4494/1239/589
f 4049/1240/578 4050/1242/590 4489/1243/590 4491/1241/578
f 4050/1242/590 4027/1194/35 4487/1197/35 4489/1243/590
f 4027/1244/274 4050/1245/274 4049/1246/274 4048/1247/274 4047/1248/274 4046/1249/274 4045/1250/274 4044/1251/274 4043/1252/274 4042/1253/274 4041/1254/274 4040/1255/274 4039/1256/274 4038/1257/274 4037/1258/274 4036/1259/274 4035/1260/274 4034/1261/274 4033/1262/274 4032/1263/274 4031/1264/274 4030/1265/274 4029/1266/274 4028/1267/274
f 4051/1268/274 4052/1269/274 4395/1270/274 4388/1271/274
f 4053/1272/271 4054/1273/271 4052/1269/271 4051/1268/271
f 4055/1274/274 4056/1275/274 4384/1276/274 4385/1277/274
f 4057/1278/271 4058/1279/271 4056/1275/271 4055/1274/271
f 4059/1280/274 4060/1281/274 4393/1282/274 4391/1283/274
f 4061/1284/271 4062/1285/271 4060/1281/271 4059/1280/271
f 4064/1286/278 4063/1287/278 4361/1288/278 4363/1289/278 4362/1290/278
f 4063/1291/272 4065/1292/591 4358/1293/591 4361/1294/272
f 4072/1295/592 4064/1296/274 4362/1297/274 4357/1298/592
f 4065/1299/273 4063/1300/273 4064/1301/273 4072/1302/273 4077/1303/273 4076/1304/273 4075/1305/273 4074/1306/273 4073/1307/273 4066/1308/273 4071/1309/273 4070/1310/273 4069/1311/273 4068/1312/273 4067/1313/273
f 4079/1314/278 4078/1315/278 4360/1316/278 4359/1317/278
f 4078/1318/272 4080/1319/591 4356/1320/591 4360/1321/272
f 4087/1322/592 4079/1323/274 4359/1324/274 4355/1325/592
f 4080/1299/273 4078/1300/273 4079/1301/273 4087/1302/273 4092/1303/273 4091/1304/273 4090/1305/273 4089/1306/273 4088/1307/273 4081/1308/273 4086/1309/273 4085/1310/273 4084/1311/273 4083/1312/273 4082/1313/273
f 4094/1326/278 4093/1327/278 4330/1328/278 4331/1329/278
f 4093/1330/272 4095/1331/591 4327/1332/591 4330/1333/272
f 4102/1334/592 4094/1335/274 4331/1336/274 4326/1337/592
f 4095/1299/273 4093/1300/273 4094/1301/273 4102/1302/273 4107/1303/273 4106/1304/273 4105/1305/273 4104/1306/273 4103/1307/273 4096/1308/273 4101/1309/273 4100/1310/273 4099/1311/273 4098/1312/273 4097/1313/273
f 4109/1338/278 4108/1339/278 4329/1340/278 4328/1341/278
f 4108/1342/272 4110/1343/591 4325/1344/591 4329/1345/272
f 4117/1346/592 4109/1347/274 4328/1348/274 4324/1349/592
f 4110/1299/273 4108/1300/273 4109/1301/273 4117/1302/273 4122/1303/273 4121/1304/273 4120/1305/273 4119/1306/273 4118/1307/273 4111/1308/273 4116/1309/273 4115/1310/273 4114/1311/273 4113/1312/273 4112/1313/273
f 4132/1299/271 4124/1300/271 4123/1301/271 4126/1302/271 4131/1303/271 4130/1304/271 4129/1305/271 4128/1306/271 4127/1307/271 4125/1308/271 4137/1309/271 4136/1310/271 4135/1311/271 4134/1312/271 4133/1313/271
f 4125/1350/35 4127/1351/593 4276/1352/593 4274/1353/35
f 4127/1351/593 4128/1354/340 4282/1355/340 4276/1352/593
f 4128/1354/340 4129/1356/338 4286/1357/338 4282/1355/340
f 4129/1356/338 4130/1358/594 4287/1359/594 4286/1357/338
f 4130/1358/594 4131/1360/348 4293/1361/348 4287/1359/594
f 4131/1360/348 4126/1362/591 4297/1363/591 4293/1361/348
f 4132/1364/592 4133/1365/334 4292/1366/334 4296/1367/592
f 4133/1365/334 4134/1368/595 4288/1369/595 4292/1366/334
f 4134/1368/595 4135/1370/349 4280/1371/349 4288/1369/595
f 4135/1370/349 4136/1372/342 4281/1373/342 4280/1371/349
f 4136/1372/342 4137/1374/596 4275/1375/596 4281/1373/342
f 4137/1374/596 4125/1350/35 4274/1353/35 4275/1375/596
f 4147/1376/271 4139/1377/271 4138/1378/271 4141/1379/271 4146/1380/271 4145/1381/271 4144/1382/271 4143/1383/271 4142/1384/271 4140/1385/271 4152/1386/271 4151/1387/271 4150/1388/271 4149/1389/271 4148/1390/271
f 4140/1391/35 4142/1392/593 4277/1393/593 4272/1394/35
f 4142/1392/593 4143/1395/340 4278/1396/340 4277/1393/593
f 4143/1395/340 4144/1397/338 4284/1398/338 4278/1396/340
f 4144/1397/338 4145/1399/594 4285/1400/594 4284/1398/338
f 4145/1399/594 4146/1401/348 4291/1402/348 4285/1400/594
f 4146/1401/348 4141/1403/591 4295/1404/591 4291/1402/348
f 4147/1405/592 4148/1406/347 4290/1407/347 4294/1408/592
f 4148/1406/347 4149/1409/595 4289/1410/595 4290/1407/347
f 4149/1409/595 4150/1411/349 4283/1412/349 4289/1410/595
f 4150/1411/349 4151/1413/342 4279/1414/342 4283/1412/349
f 4151/1413/342 4152/1415/596 4273/1416/596 4279/1414/342
f 4152/1415/596 4140/1391/35 4272/1394/35 4273/1416/596
f 4182/1417/271 4527/1418/271 4526/1419/271 4216/1420/271
f 4161/1421/272 4519/1422/272 4520/1423/272 4159/1424/272
f 4206/1425/597 4513/1426/597 4511/1427/598 4153/1428/598
f 4172/1429/273 4517/1430/273 4328/1431/273 4329/1432/273 4331/1433/273 4330/1434/273 4157/1435/273
f 4177/1436/35 4172/1437/35 4157/1438/35 4202/1439/35
f 4175/1440/278 4171/1441/278 4154/1442/278 4204/1443/278
f 4175/1440/271 4252/1444/271 4254/1445/271 4198/1446/271
f 4173/1447/278 4174/1448/278 4205/1449/278 4158/1450/278
f 4170/1451/35 4176/1452/35 4206/1453/35 4153/1454/35
f 4157/1455/599 4515/1456/599 4516/1457/600 4202/1458/600
f 4165/1459/271 4514/1460/271 4166/1461/271 4209/1462/271 4207/1463/271
f 4155/1464/272 4518/1465/272 4524/1466/272 4162/1467/272
f 4168/1468/272 4525/1469/272 4519/1422/272 4161/1421/272
f 4162/1467/272 4524/1466/272 4525/1469/272 4168/1468/272
f 4540/1470/35 4542/1471/35 4177/1436/35 4207/1472/35
f 4210/1473/35 4176/1452/35 4537/1474/35 4539/1475/35
f 4256/1476/271 4204/1443/271 4365/1477/271 4368/1478/271
f 4199/1479/35 4214/1480/35 4178/1481/35 4176/1452/35
f 4214/1480/35 4213/1482/35 4177/1436/35 4178/1481/35
f 4200/1483/35 4199/1479/35 4176/1452/35 4170/1451/35
f 4203/1484/601 4205/1485/601 4366/1486/601 4364/1487/601
f 4211/1488/278 4212/1489/278 4174/1448/278 4173/1447/278
f 4198/1490/278 4171/1491/278 4175/1492/278
f 4213/1482/35 4201/1493/35 4172/1437/35 4177/1436/35
f 4201/1494/273 4363/1495/273 4361/1496/273 4517/1430/273 4172/1429/273
f 4205/1449/602 4174/1448/602 4406/1497/602 4407/1498/272
f 4216/1420/271 4526/1419/271 4522/1499/271 4181/1500/271
f 4196/1501/272 4523/1502/272 4522/1503/272 4193/1504/272
f 4217/1505/35 4227/1506/35 4182/1507/35 4216/1508/35
f 4219/1509/35 4183/1510/35 4227/1506/35 4217/1505/35
f 4180/1511/272 4521/1512/272 4523/1502/272 4196/1501/272
f 4159/1513/273 4520/1514/273 4359/1515/273 4360/1516/273 4362/1517/273 4363/1495/273 4201/1494/273
f 4191/1518/35 4190/1519/35 4232/1520/35 4230/1521/35
f 4466/1522/35 4187/1523/35 4482/1524/35 4182/1507/35
f 4194/1525/274 4192/1526/274 4235/1527/274
f 4192/1528/603 4481/1529/603 4485/1530/603 4235/1531/603
f 4215/1532/271 4192/1533/271 4194/1534/271
f 4481/1535/271 4192/1533/271 4527/1418/271 4528/1536/271
f 4215/1537/278 4194/1525/278 4235/1527/278 4236/1538/278
f 4198/1490/278 4220/1539/278 4184/1540/278 4171/1491/278
f 4200/1483/35 4170/1451/35 4183/1510/35 4219/1509/35
f 4156/1541/272 4518/1465/272 4521/1512/272 4180/1511/272
f 4438/1542/273 4437/1543/273 4430/1544/273 4436/1545/273
f 4155/1546/35 4200/1483/35 4219/1509/35 4179/1547/35
f 4197/1548/278 4184/1540/278 4373/1549/278 4221/1550/278
f 4186/1551/35 4217/1505/35 4216/1508/35 4181/1552/35
f 4179/1547/35 4219/1509/35 4217/1505/35 4186/1551/35
f 4165/1553/35 4207/1472/35 4177/1436/35 4202/1439/35
f 4166/1554/604 4417/1555/605 4423/1556/605 4209/1557/604
f 4166/1558/274 4516/1457/600 4205/1559/606
f 4164/1560/274 4512/1561/274 4513/1426/597 4206/1425/597
f 4210/1473/35 4164/1562/35 4206/1453/35 4176/1452/35
f 4498/1563/274 4496/1564/274 4204/1565/607
f 4536/1566/274 4538/1567/274 4535/1568/274 4542/1569/274
f 4207/1570/274 4209/1571/274 4423/1572/274 4534/1573/274 4540/1574/274
f 4167/1575/273 4512/1576/273 4164/1577/273 4210/1578/273 4208/1579/273
f 4205/1559/606 4492/1580/274 4495/1581/274
f 4184/1540/278 4220/1539/278 4373/1549/278
f 4195/1582/278 4218/1583/278 4223/1584/278 4222/1585/278
f 4180/1511/272 4196/1501/272 4218/1586/272 4195/1587/272
f 4161/1588/35 4159/1589/35 4201/1493/35 4213/1482/35
f 4160/1590/278 4163/1591/278 4212/1489/278 4211/1488/278
f 4155/1546/35 4162/1592/35 4199/1479/35 4200/1483/35
f 4168/1593/35 4161/1588/35 4213/1482/35 4214/1480/35
f 4162/1592/35 4168/1593/35 4214/1480/35 4199/1479/35
f 4226/1594/274 4455/1595/274 4197/1548/274
f 4225/1596/278 4224/1597/278 4410/1598/278 4223/1584/278 4218/1583/278
f 4193/1599/271 4388/1600/271 4395/1601/271 4225/1602/271
f 4196/1501/272 4193/1504/272 4225/1603/272 4218/1586/272
f 4215/1604/274 4236/1605/274 4381/1606/274 4382/1607/274
f 4220/1608/273 4180/1609/273 4195/1610/273 4222/1611/273
f 4191/1612/273 4185/1613/273 4431/1614/273 4226/1615/273
f 4188/1616/273 4530/1617/273 4483/1618/273
f 4190/1619/273 4191/1612/273 4226/1615/273 4484/1620/273
f 4231/1621/273 4230/1521/273 4232/1520/273 4233/1622/273
f 4190/1623/272 4188/1624/272 4233/1622/272 4232/1520/272
f 4188/1625/278 4185/1626/278 4231/1627/278 4233/1628/278
f 4185/1629/274 4191/1630/274 4230/1521/274 4231/1621/274
f 4212/1631/273 4163/1632/273 4578/1633/273 4586/1634/273
f 4180/1511/272 4584/1635/272 4582/1636/272 4156/1541/272
f 4169/1637/272 4156/1541/272 4582/1636/272 4579/1638/272
f 4163/1639/272 4169/1637/272 4579/1638/272 4578/1640/272
f 4234/1641/274 4587/1642/274 4590/1643/274 4198/1644/274
f 4212/1645/274 4586/1646/274 4587/1642/274 4234/1641/274
f 4198/1644/274 4590/1643/274 4585/1647/274 4220/1648/274
f 4197/1548/274 4235/1527/274 4226/1594/274
f 4235/1531/608 4485/1530/608 4484/1620/608 4226/1615/608
f 4236/1538/278 4235/1527/278 4197/1548/278 4221/1550/278
f 4633/1649/273 4640/1650/273 4643/1651/273 4636/1652/273
f 4571/1653/272 4573/1654/272 4575/1655/272
f 4583/1653/272 4241/1654/272 4567/1655/272
f 4244/1654/274 4572/1653/274 4566/1655/274
f 4645/1649/273 4652/1650/273 4655/1651/273 4648/1652/273
f 4670/1656/609 4678/1657/609 4629/1658/609 4628/1659/609
f 4667/1651/273 4660/1652/273 4657/1649/273 4664/1650/273
f 4591/1654/274 4570/1653/274 4574/1655/274
f 4612/1660/610 4691/1661/610 4696/1662/610 4613/1663/610
f 4568/1653/272 4580/1654/272 4576/1655/272
f 4588/1654/274 4569/1653/274 4577/1655/274
f 4153/1664/271 4301/1665/271 4299/1666/271 4170/1667/271
f 4253/1668/611 4252/1444/611 4256/1476/611 4255/1669/611
f 4258/1670/612 4259/1671/612 4253/1668/612 4251/1672/612
f 4259/1671/611 4254/1445/611 4252/1444/611 4253/1668/611
f 4174/1448/602 4212/1489/602 4405/1673/602 4406/1497/602
f 4251/1672/612 4253/1668/612 4255/1669/612 4257/1674/612
f 4777/1675/611 4796/1676/611 4764/1677/611 4761/1678/611
f 4804/1679/274 4805/1680/274 4270/1681/274 4271/1682/274
f 4806/1683/273 4807/1684/273 4269/1685/273 4266/1686/273
f 4808/1687/272 4806/1688/272 4266/1689/272 4268/1690/272
f 4807/1691/274 4804/1692/274 4271/1693/274 4269/1694/274
f 4805/1695/271 4809/1696/271 4267/1697/271 4270/1698/271
f 4809/1699/272 4808/1700/272 4268/1701/272 4267/1702/272
f 4212/1489/602 4258/1670/278 4405/1673/602
f 4301/1703/274 4124/1704/274 4132/1364/592 4296/1367/592
f 4299/1705/278 4138/1706/278 4139/1707/278 4298/1708/278
f 4297/1363/591 4126/1362/591 4123/1709/272 4300/1710/272
f 4170/1667/271 4298/1711/271 4432/1712/271
f 4295/1404/591 4141/1403/591 4138/1713/272 4299/1714/272
f 4300/1715/278 4123/1716/278 4124/1717/278 4301/1718/278
f 4298/1719/274 4139/1720/274 4147/1405/592 4294/1408/592
f 4323/1721/348 4097/1722/348 4098/1723/594 4317/1724/594
f 4318/1725/595 4106/1726/595 4107/1727/347 4322/1728/347
f 4322/1728/347 4107/1727/347 4102/1334/592 4326/1337/592
f 4315/1729/594 4113/1730/594 4114/1731/338 4314/1732/338
f 4316/1733/338 4099/1734/338 4100/1735/340 4312/1736/340
f 4317/1724/594 4098/1723/594 4099/1734/338 4316/1733/338
f 4306/1737/593 4101/1738/593 4096/1739/35 4304/1740/35
f 4302/1741/35 4111/1742/35 4118/1743/596 4303/1744/596
f 4325/1344/591 4110/1343/591 4112/1745/335 4321/1746/335
f 4304/1740/35 4096/1739/35 4103/1747/596 4305/1748/596
f 4303/1744/596 4118/1743/596 4119/1749/342 4309/1750/342
f 4157/1435/273 4330/1434/273 4515/1751/273
f 4310/1752/343 4105/1753/343 4106/1726/595 4318/1725/595
f 4319/1754/595 4121/1755/595 4122/1756/347 4320/1757/347
f 4321/1746/335 4112/1745/335 4113/1730/594 4315/1729/594
f 4309/1750/342 4119/1749/342 4120/1758/349 4313/1759/349
f 4311/1760/342 4104/1761/342 4105/1753/343 4310/1752/343
f 4307/1762/593 4116/1763/593 4111/1742/35 4302/1741/35
f 4312/1736/340 4100/1735/340 4101/1738/593 4306/1737/593
f 4314/1732/338 4114/1731/338 4115/1764/340 4308/1765/340
f 4327/1332/591 4095/1331/591 4097/1722/348 4323/1721/348
f 4313/1759/349 4120/1758/349 4121/1755/595 4319/1754/595
f 4305/1748/596 4103/1747/596 4104/1761/342 4311/1760/342
f 4308/1765/340 4115/1764/340 4116/1763/593 4307/1762/593
f 4320/1757/347 4122/1756/347 4117/1346/592 4324/1349/592
f 4354/1766/348 4067/1767/348 4068/1768/594 4348/1769/594
f 4349/1770/595 4076/1771/595 4077/1772/347 4353/1773/347
f 4353/1773/347 4077/1772/347 4072/1295/592 4357/1298/592
f 4346/1774/594 4083/1775/594 4084/1776/338 4345/1777/338
f 4347/1778/338 4069/1779/338 4070/1780/340 4343/1781/340
f 4348/1769/594 4068/1768/594 4069/1779/338 4347/1778/338
f 4337/1782/593 4071/1783/593 4066/1784/35 4335/1785/35
f 4332/1786/35 4081/1787/35 4088/1788/596 4333/1789/596
f 4356/1320/591 4080/1319/591 4082/1790/348 4352/1791/348
f 4335/1785/35 4066/1784/35 4073/1792/596 4336/1793/596 4334/1794/613
f 4333/1789/596 4088/1788/596 4089/1795/342 4340/1796/342
f 4334/1797/273 4336/1798/273 4342/1799/273 4341/1800/273 4349/1801/273 4353/1802/273 4357/1803/273 4362/1517/273 4360/1516/273 4356/1804/273 4352/1805/273 4346/1806/273 4345/1807/273 4339/1808/273 4338/1809/273 4332/1810/273 4333/1811/273 4340/1812/273 4344/1813/273 4350/1814/273 4351/1815/273 4355/1816/273 4160/1590/273 4211/1488/273
f 4341/1817/343 4075/1818/343 4076/1771/595 4349/1770/595
f 4350/1819/595 4091/1820/595 4092/1821/347 4351/1822/347
f 4352/1791/348 4082/1790/348 4083/1775/594 4346/1774/594
f 4340/1796/342 4089/1795/342 4090/1823/343 4344/1824/343
f 4342/1825/342 4074/1826/342 4075/1818/343 4341/1817/343
f 4338/1827/593 4086/1828/593 4081/1787/35 4332/1786/35
f 4343/1781/340 4070/1780/340 4071/1783/593 4337/1782/593
f 4345/1777/338 4084/1776/338 4085/1829/340 4339/1830/340
f 4358/1293/591 4065/1292/591 4067/1767/348 4354/1766/348
f 4344/1824/343 4090/1823/343 4091/1820/595 4350/1819/595
f 4336/1793/596 4073/1792/596 4074/1826/342 4342/1825/342
f 4339/1830/340 4085/1829/340 4086/1828/593 4338/1827/593
f 4351/1822/347 4092/1821/347 4087/1322/592 4355/1325/592
f 4364/1487/274 4366/1486/274 4367/1831/274 4369/1832/274
f 4365/1833/274 4364/1487/274 4369/1832/274 4368/1834/274
f 4257/1674/612 4255/1669/612 4369/1835/612 4367/1836/612
f 4204/1837/614 4203/1484/614 4364/1487/614 4365/1833/614
f 4205/1449/273 4257/1674/273 4367/1836/273 4366/1838/273
f 4255/1669/611 4256/1476/611 4368/1478/611 4369/1835/611
f 4389/1839/272 4390/1840/272 4054/1273/272 4053/1272/272
f 4224/1841/271 4392/1842/271 4394/1843/271 4391/1844/271 4386/1845/271 4385/1846/271 4389/1847/271 4388/1600/271 4193/1599/271 4215/1532/271
f 4385/1848/278 4386/1849/278 4057/1278/278 4055/1274/278
f 4383/1850/35 4384/1851/35 4056/1275/35 4058/1279/35
f 4388/1852/278 4389/1853/278 4053/1272/278 4051/1268/278
f 4391/1854/278 4394/1855/278 4061/1284/278 4059/1280/278
f 4392/1856/35 4393/1857/35 4060/1281/35 4062/1285/35
f 4394/1858/272 4392/1859/272 4062/1285/272 4061/1284/272
f 4224/1860/274 4380/1861/274 4379/1862/274 4410/1863/274
f 4386/1864/272 4383/1865/272 4058/1279/272 4057/1278/272
f 4390/1866/35 4395/1867/35 4052/1269/35 4054/1273/35
f 4378/1868/273 4377/1869/273 4400/1870/273 4399/1871/273
f 4380/1872/273 4382/1873/273 4403/1874/273 4401/1875/273
f 4379/1876/35 4380/1877/35 4401/1875/35 4402/1878/35
f 4374/1879/274 4387/1880/274 4396/1881/274 4371/1882/274
f 4378/1883/274 4379/1862/274 4381/1606/274 4377/1884/274
f 4376/1885/274 4221/1886/274 4370/1887/274 4375/1888/274
f 4382/1607/274 4380/1861/274 4224/1860/274 4215/1604/274
f 4381/1606/274 4236/1605/274 4377/1884/274
f 4397/1889/274 4399/1871/274 4400/1870/274 4398/1890/274
f 4401/1875/274 4403/1874/274 4404/1891/274 4402/1878/274
f 4382/1892/278 4381/1893/278 4404/1891/278 4403/1874/278
f 4221/1550/278 4373/1549/278 4374/1894/278 4371/1895/278
f 4375/1896/35 4378/1897/35 4399/1871/35 4397/1889/35
f 4370/1898/273 4221/1899/273 4371/1882/273 4396/1881/273
f 4373/1900/271 4372/1901/271 4387/1880/271 4374/1879/271
f 4377/1902/278 4376/1903/278 4398/1890/278 4400/1870/278
f 4381/1904/271 4379/1905/271 4402/1878/271 4404/1891/271
f 4372/1906/35 4370/1907/35 4396/1881/35 4387/1880/35
f 4376/1908/271 4375/1909/271 4397/1889/271 4398/1890/271
f 4409/1440/602 4408/1443/272 4414/1443/602 4415/1440/602
f 4257/1674/278 4407/1498/272 4413/1910/602
f 4252/1444/278 4409/1440/602 4415/1440/602
f 4378/1883/274 4410/1863/274 4379/1862/274
f 4372/1911/274 4223/1912/274 4370/1887/274
f 4175/1440/602 4204/1443/602 4408/1443/272 4409/1440/602
f 4257/1674/278 4205/1449/602 4407/1498/272
f 4252/1444/278 4175/1440/602 4409/1440/602
f 4204/1443/602 4256/1476/278 4408/1443/272
f 4414/1443/271 4256/1476/271 4252/1444/271 4415/1440/271
f 4412/1913/273 4411/1914/273 4258/1670/273 4251/1672/273
f 4413/1910/273 4412/1913/273 4251/1672/273 4257/1674/273
f 4405/1673/602 4258/1670/278 4411/1914/602
f 4408/1443/272 4256/1476/278 4414/1443/602
f 4410/1863/274 4378/1883/274 4375/1888/274 4223/1912/274
f 4223/1912/274 4375/1888/274 4370/1887/274
f 4377/1884/274 4236/1605/274 4221/1886/274 4376/1885/274
f 4406/1497/602 4405/1673/602 4411/1914/602 4412/1913/602
f 4407/1498/272 4406/1497/602 4412/1913/602 4413/1910/602
f 4509/1915/274 4416/1916/274 4510/1917/274
f 4419/1918/274 4507/1919/274 4508/1920/274
f 4420/1921/274 4505/1922/274 4506/1923/274
f 4421/1924/274 4503/1925/274 4504/1926/274
f 4422/1927/274 4501/1928/274 4502/1929/274
f 4417/1930/274 4499/1931/274 4501/1932/274
f 4423/1572/274 4425/1933/274 4534/1573/274
f 4425/1933/274 4426/1934/274 4534/1573/274
f 4426/1934/274 4427/1935/274 4533/1936/274 4534/1573/274
f 4427/1935/274 4428/1937/274 4532/1938/274 4533/1936/274
f 4428/1937/274 4429/1939/274 4532/1938/274
f 4429/1939/274 4424/1940/274 4532/1938/274
f 4416/1941/615 4424/1942/615 4429/1943/616 4418/1944/616
f 4418/1944/616 4429/1943/616 4428/1945/617 4419/1946/617
f 4419/1946/617 4428/1945/617 4427/1947/35 4420/1948/35
f 4420/1948/35 4427/1947/35 4426/1949/618 4421/1950/618
f 4421/1950/618 4426/1949/618 4425/1951/619 4422/1952/619
f 4422/1952/619 4425/1951/619 4423/1556/605 4417/1555/605
f 4416/1941/615 4167/1953/620 4208/1954/620 4424/1942/615
f 4222/1955/274 4223/1912/274 4372/1911/274
f 4220/1956/274 4222/1955/274 4372/1911/274 4373/1957/274
f 4430/1958/274 4432/1959/274 4171/1491/274 4184/1540/274
f 4431/1960/274 4457/1961/274 4455/1595/274 4226/1594/274
f 4433/1962/274 4434/1963/274 4438/1964/274 4436/1965/274 4435/1966/274
f 4433/1967/273 4188/1616/273 4483/1618/273
f 4430/1544/278 4456/1968/278 4457/1969/278 4431/1970/278 4185/1971/278
f 4440/1972/278 4439/1973/278 4445/1974/278 4446/1975/278
f 4430/1544/278 4185/1971/278 4435/1976/278 4436/1545/278
f 4227/1506/35 4183/1510/35 4434/1977/35 4433/1978/35
f 4438/1964/274 4434/1963/274 4439/1979/274 4441/1980/274
f 4439/1973/273 4440/1972/273 4442/1981/273 4441/1982/273
f 4437/1543/278 4438/1542/278 4441/1982/278 4442/1981/278
f 4443/1983/274 4434/1963/274 4448/1984/274 4447/1985/274
f 4443/1986/273 4444/1987/273 4446/1975/273 4445/1974/273
f 4439/1979/274 4434/1963/274 4443/1983/274 4445/1988/274
f 4448/1989/273 4450/1990/273 4449/1991/273 4447/1992/273
f 4448/1984/274 4434/1963/274 4451/1993/274 4453/1994/274
f 4170/1995/274 4432/1959/274 4430/1958/274 4437/1996/274 4183/1997/274
f 4444/1987/278 4443/1986/278 4447/1992/278 4449/1991/278
f 4452/1998/273 4454/1999/273 4453/2000/273 4451/2001/273
f 4450/1990/278 4448/1989/278 4453/2000/278 4454/1999/278
f 4434/1977/35 4183/1510/35 4452/2002/35 4451/2003/35
f 4197/1548/274 4455/1595/274 4458/2004/274 4184/1540/274
f 4458/2005/35 4455/2006/35 4461/2007/35 4462/2008/35
f 4458/2004/274 4456/2009/274 4430/1958/274 4184/1540/274
f 4461/2007/274 4460/2010/274 4459/2011/274 4462/2008/274
f 4457/1969/278 4456/1968/278 4459/2012/278 4460/2013/278
f 4456/2014/271 4458/2015/271 4462/2008/271 4459/2011/271
f 4455/2016/273 4457/2017/273 4460/2010/273 4461/2007/273
f 4229/2018/271 4531/2019/271 4228/2020/271 4465/2021/271 4463/2022/271
f 4228/2023/604 4468/2024/605 4474/2025/605 4465/2026/604
f 4553/2027/274 4547/2028/274 4548/2029/274 4552/2030/274
f 4463/2031/274 4465/2032/274 4474/2033/274 4543/2034/274 4551/2035/274
f 4189/2036/273 4529/2037/273 4187/2038/273 4466/2039/273 4464/2040/273
f 4474/2033/274 4476/2041/274 4543/2034/274
f 4476/2041/274 4477/2042/274 4543/2034/274
f 4477/2042/274 4478/2043/274 4550/2044/274 4543/2034/274
f 4478/2043/274 4479/2045/274 4545/2046/274 4550/2044/274
f 4479/2045/274 4480/2047/274 4545/2046/274
f 4480/2047/274 4475/2048/274 4545/2046/274
f 4467/2049/615 4475/2050/615 4480/2051/616 4469/2052/616
f 4469/2052/616 4480/2051/616 4479/2053/617 4470/2054/617
f 4470/2054/617 4479/2053/617 4478/2055/35 4471/2056/35
f 4471/2056/35 4478/2055/35 4477/2057/618 4472/2058/618
f 4472/2058/618 4477/2057/618 4476/2059/619 4473/2060/619
f 4473/2060/619 4476/2059/619 4474/2025/605 4468/2024/605
f 4467/2049/615 4189/2061/620 4464/2062/620 4475/2050/615
f 4187/2063/274 4529/2064/274 4528/2065/274 4482/2066/274
f 4483/2067/35 4229/2068/35 4463/2069/35 4433/1978/35
f 4228/2070/274 4531/2071/274 4530/1617/274 4484/1620/274
f 4485/2072/274 4486/2073/274 4468/2074/274 4228/2070/274 4484/1620/274
f 4468/2074/274 4486/2073/274 4473/2075/274
f 4473/2075/274 4486/2073/274 4472/2076/274
f 4472/2076/274 4486/2073/274 4471/2077/274
f 4469/2078/274 4470/2079/274 4486/2073/274
f 4470/2079/274 4471/2077/274 4486/2073/274
f 4463/2069/35 4227/1506/35 4433/1978/35
f 4189/2080/274 4467/2081/274 4486/2073/274 4485/2072/274 4481/2082/274
f 4486/2073/274 4467/2081/274 4469/2078/274
f 4227/1506/35 4463/2069/35 4551/2083/35 4552/2084/35
f 4301/1665/271 4153/1664/271 4300/2085/271
f 4300/2085/271 4153/1664/271 4511/2086/271
f 4170/1667/271 4299/1666/271 4298/1711/271
f 4225/1602/271 4395/1601/271 4390/2087/271 4389/1847/271 4385/1846/271 4384/2088/271 4383/2089/271 4386/1845/271 4391/1844/271 4393/2090/271 4392/1842/271 4224/1841/271
f 4489/2091/274 4487/2092/274 4203/2093/274
f 4490/2094/274 4493/2095/274 4203/2093/274
f 4488/2096/274 4490/2097/274 4203/2093/274
f 4491/2098/274 4489/2091/274 4203/2093/274
f 4487/2092/274 4488/2099/274 4203/2093/274
f 4494/2100/274 4491/2098/274 4203/2093/274
f 4511/2086/271 4154/1442/271 4297/2101/271 4300/2085/271
f 4432/1712/271 4298/1711/271 4294/2102/271 4290/2103/271 4289/2104/271 4283/2105/271 4279/2106/271 4273/2107/271 4272/2108/271 4277/2109/271 4278/2110/271 4284/2111/271 4285/2112/271 4291/2113/271 4295/2114/271 4299/1666/271 4301/1665/271 4296/2115/271 4292/2116/271 4288/2117/271 4280/2118/271 4281/2119/271 4275/2120/271 4274/2121/271 4276/2122/271 4282/2123/271 4286/2124/271 4287/2125/271 4293/2126/271 4297/2101/271 4154/1442/271 4171/1441/271
f 4511/1427/598 4513/1426/597 4204/1565/607 4154/2127/598
f 4513/1426/597 4167/2128/274 4204/1565/607
f 4516/1457/600 4514/2129/274 4165/2130/274 4202/1458/600
f 4516/1457/600 4515/1456/599 4158/2131/599 4205/1559/606
f 4322/2132/273 4326/2133/273 4325/2134/273
f 4517/1430/273 4324/2135/273 4328/1431/273
f 4517/1430/273 4361/1496/273 4358/2136/273 4354/2137/273 4348/2138/273 4347/2139/273 4343/2140/273 4337/2141/273 4335/2142/273 4334/1797/273 4211/1488/273 4173/1447/273
f 4522/1503/272 4523/1502/272 4186/2143/272 4181/2144/272
f 4523/1502/272 4521/1512/272 4179/2145/272 4186/2143/272
f 4521/1512/272 4518/1465/272 4155/1464/272 4179/2145/272
f 4359/1515/273 4520/1514/273 4160/1590/273 4355/1816/273
f 4524/1466/272 4518/1465/272 4156/1541/272
f 4520/1423/272 4519/1422/272 4163/1639/272 4160/2146/272
f 4519/1422/272 4525/1469/272 4169/1637/272 4163/1639/272
f 4525/1469/272 4524/1466/272 4156/1541/272 4169/1637/272
f 4528/1536/271 4527/1418/271 4182/1417/271 4482/2147/271
f 4526/1419/271 4527/1418/271 4192/1533/271 4215/1532/271
f 4522/1499/271 4526/1419/271 4215/1532/271 4193/1599/271
f 4528/2065/274 4529/2064/274 4189/2080/274 4481/2082/274
f 4530/1617/273 4188/1616/273 4190/1619/273 4484/1620/273
f 4530/1617/274 4531/2071/274 4229/2148/274 4483/1618/274
f 4538/1567/274 4541/2149/274 4537/2150/274 4535/1568/274
f 4532/2151/273 4539/2152/273 4537/2153/273 4541/2154/273
f 4534/2155/35 4533/2156/35 4538/2157/35 4536/2158/35
f 4540/2159/271 4534/2155/271 4536/2158/271 4542/2160/271
f 4533/2156/35 4532/2151/35 4541/2154/35 4538/2157/35
f 4535/2161/35 4537/1474/35 4176/1452/35 4178/1481/35
f 4539/2162/274 4532/1938/274 4424/1940/274 4208/2163/274 4210/2164/274
f 4535/2161/35 4178/1481/35 4177/1436/35 4542/1471/35
f 4552/2084/35 4548/2165/35 4227/1506/35
f 4546/2166/274 4545/2046/274 4475/2048/274 4464/2167/274 4466/2168/274
f 4227/1506/35 4548/2165/35 4549/2169/35 4182/1507/35
f 4551/2170/271 4543/2171/271 4553/2172/271 4552/2173/271
f 4545/2174/273 4546/2175/273 4549/2176/273 4544/2177/273
f 4550/2178/35 4545/2174/35 4544/2177/35 4547/2179/35
f 4547/2028/274 4544/2180/274 4549/2181/274 4548/2029/274
f 4543/2171/35 4550/2178/35 4547/2179/35 4553/2172/35
f 4182/1507/35 4549/2169/35 4546/2182/35 4466/1522/35
f 4558/2183/609 4626/2184/609 4627/2185/609 4630/2186/609 4631/2187/609 4628/1659/609 4629/1658/609 4557/2188/609 4584/2189/609 4585/2190/609
f 4561/2191/273 4638/2192/273 4639/2193/273 4642/2194/273 4643/2195/273 4640/2196/273 4641/2197/273 4560/2198/273 4590/2199/273 4582/2200/273
f 4678/1650/609 4682/1651/609 4557/1652/609 4629/1649/609
f 4247/2201/610 4608/2202/610 4609/2203/610 4612/1660/610 4613/1663/610 4610/2204/610 4611/2205/610 4248/2206/610 4592/2207/610 4593/2208/610
f 4246/2209/609 4676/2210/609 4677/2211/609 4558/2183/609 4585/2190/609 4581/2212/609
f 4242/2213/610 4614/2214/610 4615/2215/610 4618/2216/610 4619/2217/610 4616/2218/610 4617/2219/610 4237/2220/610 4582/2221/610 4590/2222/610
f 4242/1649/610 4689/1650/610 4692/1651/610 4614/1652/610
f 4685/1652/610 4686/1649/610 4608/1650/610 4247/1651/610
f 4704/2223/610 4715/2224/610 4607/2225/610 4606/2226/610
f 4605/1651/610 4712/1652/610 4706/1649/610 4240/1650/610
f 4617/1649/610 4687/1650/610 4684/1651/610 4237/1652/610
f 4554/2227/273 4632/2228/273 4633/2229/273 4636/2230/273 4637/2231/273 4634/2232/273 4635/2233/273 4555/2234/273 4589/2235/273 4581/2212/273
f 4239/2236/273 4656/2237/273 4657/2238/273 4660/2239/273 4661/2240/273 4658/2241/273 4659/2242/273 4243/2243/273 4586/1634/273 4578/1633/273
f 4663/1651/273 4658/1652/273 4661/1649/273 4666/1650/273
f 4559/2244/273 4650/2245/273 4651/2246/273 4654/2247/273 4655/2248/273 4652/2249/273 4653/2250/273 4556/2251/273 4587/2252/273 4579/2253/273
f 4555/2234/273 4561/2191/273 4582/2200/273 4589/2235/273
f 4560/2198/273 4554/2227/273 4581/2212/273 4590/2199/273
f 4562/2254/273 4644/2255/273 4645/2256/273 4648/2257/273 4649/2258/273 4646/2259/273 4647/2260/273 4563/2261/273 4593/2208/273 4592/2207/273
f 4563/2261/273 4559/2244/273 4579/2253/273 4593/2208/273
f 4556/2251/273 4562/2254/273 4592/2207/273 4587/2252/273
f 4564/2262/273 4239/2236/273 4578/1633/273 4594/2263/273
f 4243/2243/273 4565/2264/273 4595/2265/273 4586/1634/273
f 4580/2266/272 4568/2267/272 4578/1640/272 4579/1638/272
f 4241/2268/272 4583/2269/272 4582/1636/272 4584/1635/272
f 4244/2270/274 4566/2271/274 4581/2272/274 4585/1647/274
f 4573/2273/272 4571/2274/272 4579/1638/272 4582/1636/272
f 4569/2275/274 4588/2276/274 4587/1642/274 4586/1646/274
f 4570/2277/274 4591/2278/274 4590/1643/274 4587/1642/274
f 4572/2279/274 4244/2270/274 4585/1647/274 4590/1643/274
f 4583/2269/272 4567/2280/272 4589/2281/272 4582/1636/272
f 4566/2271/274 4572/2279/274 4590/1643/274 4581/2272/274
f 4591/2278/274 4574/2282/274 4592/2283/274 4590/1643/274
f 4571/2274/272 4575/2284/272 4593/2285/272 4579/1638/272
f 4574/2282/274 4570/2277/274 4587/1642/274 4592/2283/274
f 4567/2280/272 4241/2268/272 4584/1635/272 4589/2281/272
f 4568/2267/272 4576/2286/272 4594/2287/272 4578/1640/272
f 4577/2288/274 4569/2275/274 4586/1646/274 4595/2289/274
f 4588/2276/274 4577/2288/274 4595/2289/274 4587/1642/274
f 4576/2286/272 4580/2266/272 4579/1638/272 4594/2287/272
f 4575/2284/272 4573/2273/272 4582/1636/272 4593/2285/272
f 4245/2290/610 4602/2291/610 4603/2292/610 4606/2226/610 4607/2225/610 4604/2293/610 4605/2294/610 4240/2295/610 4579/2296/610 4587/2297/610
f 4701/1650/610 4710/1651/610 4250/1652/610 4599/1649/610
f 4238/2298/609 4620/2299/609 4621/2300/609 4624/2301/609 4625/2302/609 4622/2303/609 4623/2304/609 4246/2209/609 4581/2212/609 4589/2235/609
f 4637/1649/273 4642/1650/273 4639/1651/273 4634/1652/273
f 4649/1649/273 4654/1650/273 4651/1651/273 4646/1652/273
f 4565/2264/273 4662/2305/273 4663/2306/273 4666/2307/273 4667/2308/273 4664/2309/273 4665/2310/273 4564/2262/273 4594/2263/273 4595/2265/273
f 4602/2291/610 4700/2311/610 4708/2312/610 4603/2292/610
f 4250/2313/610 4710/2314/610 4711/2315/610 4245/2290/610 4587/2297/610 4595/2265/610
f 4697/2316/610 4690/2317/610 4619/2217/610 4618/2216/610
f 4694/2318/610 4687/2319/610 4617/2219/610 4616/2218/610
f 4626/2184/609 4669/2320/609 4674/2321/609 4627/2185/609
f 4557/2188/609 4682/2322/609 4683/2323/609 4238/2298/609 4589/2235/609 4584/2189/609
f 4560/1650/273 4641/1651/273 4632/1652/273 4554/1649/273
f 4635/1649/273 4638/1650/273 4561/1651/273 4555/1652/273
f 4556/1650/273 4653/1651/273 4644/1652/273 4562/1649/273
f 4647/1649/273 4650/1650/273 4559/1651/273 4563/1652/273
f 4243/1652/273 4659/1649/273 4662/1650/273 4565/1651/273
f 4665/1651/273 4656/1652/273 4239/1649/273 4564/1650/273
f 4702/2324/610 4712/2325/610 4605/2294/610 4604/2293/610
f 4703/1650/610 4714/1651/610 4600/1652/610 4597/1649/610
f 4603/1651/610 4708/1652/610 4704/1649/610 4606/1650/610
f 4607/1651/610 4715/1652/610 4702/1649/610 4604/1650/610
f 4696/1652/610 4698/1649/610 4610/1650/610 4613/1651/610
f 4698/2326/610 4693/2327/610 4611/2205/610 4610/2204/610
f 4693/1652/610 4688/1649/610 4248/1650/610 4611/1651/610
f 4671/1652/609 4681/1649/609 4624/1650/609 4621/1651/609
f 4627/1649/609 4674/1650/609 4673/1651/609 4630/1652/609
f 4631/1649/609 4680/1650/609 4670/1651/609 4628/1652/609
f 4632/2228/273 4641/2197/273 4640/2196/273 4633/2229/273
f 4642/2194/273 4637/2231/273 4636/2230/273 4643/2195/273
f 4638/2192/273 4635/2233/273 4634/2232/273 4639/2193/273
f 4644/2255/273 4653/2250/273 4652/2249/273 4645/2256/273
f 4654/2247/273 4649/2258/273 4648/2257/273 4655/2248/273
f 4650/2245/273 4647/2260/273 4646/2259/273 4651/2246/273
f 4662/2305/273 4659/2242/273 4658/2241/273 4663/2306/273
f 4660/2239/273 4667/2308/273 4666/2307/273 4661/2240/273
f 4656/2237/273 4665/2310/273 4664/2309/273 4657/2238/273
f 4249/2328/610 4596/2329/610 4597/2330/610 4600/2331/610 4601/2332/610 4598/2333/610 4599/2334/610 4250/2313/610 4595/2265/610 4594/2263/610
f 4623/1651/609 4668/1652/609 4676/1649/609 4246/1650/609
f 4673/2335/609 4680/2336/609 4631/2187/609 4630/2186/609
f 4238/1651/609 4683/1652/609 4679/1649/609 4620/1650/609
f 4677/1650/609 4669/1651/609 4626/1652/609 4558/1649/609
f 4672/1652/609 4675/1649/609 4622/1650/609 4625/1651/609
f 4620/2299/609 4679/2337/609 4671/2338/609 4621/2300/609
f 4624/2301/609 4681/2339/609 4672/2340/609 4625/2302/609
f 4614/2214/610 4692/2341/610 4699/2342/610 4615/2215/610
f 4608/2202/610 4686/2343/610 4695/2344/610 4609/2203/610
f 4615/1649/610 4699/1650/610 4697/1651/610 4618/1652/610
f 4248/2206/610 4688/2345/610 4689/2346/610 4242/2213/610 4590/2222/610 4592/2207/610
f 4619/1649/610 4690/1650/610 4694/1651/610 4616/1652/610
f 4237/2220/610 4684/2347/610 4685/2348/610 4247/2201/610 4593/2208/610 4582/2221/610
f 4695/1652/610 4691/1649/610 4612/1650/610 4609/1651/610
f 4707/1650/610 4713/1651/610 4596/1652/610 4249/1649/610
f 4240/2295/610 4706/2349/610 4707/2350/610 4249/2328/610 4594/2263/610 4579/2296/610
f 4705/1650/610 4709/1651/610 4598/1652/610 4601/1649/610
f 4600/2331/610 4714/2351/610 4705/2352/610 4601/2332/610
f 4596/2329/610 4713/2353/610 4703/2354/610 4597/2330/610
f 4245/1651/610 4711/1652/610 4700/1649/610 4602/1650/610
f 4709/2355/610 4701/2356/610 4599/2334/610 4598/2333/610
f 4669/2320/609 4677/2211/609 4676/2210/609 4668/2357/609
f 4673/2335/609 4674/2321/609 4675/2358/609 4672/2340/609
f 4682/2322/609 4678/1657/609 4679/2337/609 4683/2323/609
f 4674/2321/609 4669/2320/609 4668/2357/609 4675/2358/609
f 4678/1657/609 4670/1656/609 4671/2338/609 4679/2337/609
f 4670/1656/609 4680/2336/609 4681/2339/609 4671/2338/609
f 4680/2336/609 4673/2335/609 4672/2340/609 4681/2339/609
f 4699/2342/610 4692/2341/610 4693/2327/610 4698/2326/610
f 4687/2319/610 4694/2318/610 4695/2344/610 4686/2343/610
f 4697/2316/610 4699/2342/610 4698/2326/610 4696/1662/610
f 4692/2341/610 4689/2346/610 4688/2345/610 4693/2327/610
f 4694/2318/610 4690/2317/610 4691/1661/610 4695/2344/610
f 4684/2347/610 4687/2319/610 4686/2343/610 4685/2348/610
f 4690/2317/610 4697/2316/610 4696/1662/610 4691/1661/610
f 4715/2224/610 4704/2223/610 4705/2352/610 4714/2351/610
f 4706/2349/610 4712/2325/610 4713/2353/610 4707/2350/610
f 4712/2325/610 4702/2324/610 4703/2354/610 4713/2353/610
f 4704/2223/610 4708/2312/610 4709/2355/610 4705/2352/610
f 4702/2324/610 4715/2224/610 4714/2351/610 4703/2354/610
f 4708/2312/610 4700/2311/610 4701/2356/610 4709/2355/610
f 4700/2311/610 4711/2315/610 4710/2314/610 4701/2356/610
f 4675/2358/609 4668/2357/609 4623/2304/609 4622/2303/609
f 4717/2359/273 4716/2360/273 4718/2361/273 4723/2362/273
f 4720/2363/271 4719/2364/271 4722/2365/271 4721/2366/271
f 4719/2367/35 4717/2368/35 4723/2369/35 4722/2370/35
f 4716/2371/274 4717/2372/274 4725/2373/274 4724/2374/274
f 4717/2375/274 4719/2376/274 4726/2377/274 4725/2378/274
f 4719/2379/274 4720/2380/274 4727/2381/274 4726/2382/274
f 4729/2359/272 4728/2360/272 4730/2361/272 4735/2362/272
f 4732/2363/274 4731/2364/274 4734/2365/274 4733/2366/274
f 4731/2367/35 4729/2368/35 4735/2369/35 4734/2370/35
f 4728/2371/273 4729/2372/273 4737/2373/273 4736/2374/273
f 4729/2375/273 4731/2376/273 4738/2377/273 4737/2378/273
f 4731/2379/273 4732/2380/273 4739/2381/273 4738/2382/273
f 4751/1678/612 4795/1675/612 4790/1676/612 4263/1677/612
f 4260/2383/612 4748/2384/612 4749/2385/612 4752/2386/612 4753/2387/612 4750/2388/612 4751/2389/612 4263/2390/612 4742/2391/612 4741/2392/612
f 4264/2393/611 4766/2394/611 4767/2395/611 4770/2396/611 4771/2397/611 4768/2398/611 4769/2399/611 4261/2400/611 4744/2401/611 4746/2402/611
f 4764/2403/611 4796/2404/611 4803/2405/611 4765/2406/611
f 4740/2407/611 4760/2408/611 4761/2409/611 4764/2403/611 4765/2406/611 4762/2410/611 4763/2411/611 4743/2412/611 4747/2413/611 4745/2414/611
f 4773/1677/611 4799/1678/611 4766/1675/611 4264/1676/611
f 4791/1677/612 4794/1678/612 4754/1675/612 4265/1676/612
f 4793/1675/612 4781/1676/612 4752/1677/612 4749/1678/612
f 4265/2415/612 4754/2416/612 4755/2417/612 4758/2418/612 4759/2419/612 4756/2420/612 4757/2421/612 4262/2422/612 4745/2414/612 4747/2413/612
f 4748/2384/612 4783/2423/612 4793/2424/612 4749/2385/612
f 4743/2412/611 4772/2425/611 4773/2426/611 4264/2393/611 4746/2402/611 4747/2413/611
f 4776/2427/611 4774/2428/611 4769/2399/611 4768/2398/611
f 4788/1675/612 4784/1676/612 4750/1677/612 4753/1678/612
f 4262/2422/612 4786/2429/612 4787/2430/612 4260/2383/612 4741/2392/612 4745/2414/612
f 4789/2431/612 4780/2432/612 4759/2419/612 4758/2418/612
f 4792/2433/612 4782/2434/612 4757/2421/612 4756/2420/612
f 4767/1676/611 4778/1677/611 4802/1678/611 4770/1675/611
f 4802/2435/611 4797/2436/611 4771/2397/611 4770/2396/611
f 4740/1678/611 4801/1675/611 4775/1676/611 4760/1677/611
f 4752/2386/612 4781/2437/612 4788/2438/612 4753/2387/612
f 4782/1677/612 4786/1678/612 4262/1675/612 4757/1676/612
f 4784/2439/612 4795/2440/612 4751/2389/612 4750/2388/612
f 4754/2416/612 4794/2441/612 4785/2442/612 4755/2417/612
f 4759/1676/612 4780/1677/612 4792/1678/612 4756/1675/612
f 4260/1678/612 4787/1675/612 4783/1676/612 4748/1677/612
f 4263/2390/612 4790/2443/612 4791/2444/612 4265/2415/612 4747/2413/612 4742/2391/612
f 4755/1676/612 4785/1677/612 4789/1678/612 4758/1675/612
f 4760/2408/611 4775/2445/611 4777/2446/611 4761/2409/611
f 4261/2400/611 4800/2447/611 4801/2448/611 4740/2407/611 4745/2414/611 4744/2401/611
f 4766/2394/611 4799/2449/611 4778/2450/611 4767/2395/611
f 4771/1676/611 4797/1677/611 4776/1678/611 4768/1675/611
f 4774/1677/611 4800/1678/611 4261/1675/611 4769/1676/611
f 4803/1675/611 4779/1676/611 4762/1677/611 4765/1678/611
f 4779/2451/611 4798/2452/611 4763/2411/611 4762/2410/611
f 4785/2442/612 4794/2441/612 4795/2440/612 4784/2439/612
f 4786/2429/612 4782/2434/612 4783/2423/612 4787/2430/612
f 4789/2431/612 4785/2442/612 4784/2439/612 4788/2438/612
f 4782/2434/612 4792/2433/612 4793/2424/612 4783/2423/612
f 4794/2441/612 4791/2444/612 4790/2443/612 4795/2440/612
f 4792/2433/612 4780/2432/612 4781/2437/612 4793/2424/612
f 4780/2432/612 4789/2431/612 4788/2438/612 4781/2437/612
f 4799/2449/611 4773/2426/611 4772/2425/611 4798/2452/611
f 4797/2436/611 4802/2435/611 4803/2405/611 4796/2404/611
f 4802/2435/611 4778/2450/611 4779/2451/611 4803/2405/611
f 4800/2447/611 4774/2428/611 4775/2445/611 4801/2448/611
f 4774/2428/611 4776/2427/611 4777/2446/611 4775/2445/611
f 4778/2450/611 4799/2449/611 4798/2452/611 4779/2451/611
f 4776/2427/611 4797/2436/611 4796/2404/611 4777/2446/611
f 4763/1678/611 4798/1675/611 4772/1676/611 4743/1677/611
f 4744/2401/272 4745/2414/272 4808/1700/272 4809/1699/272
f 4746/2402/271 4744/2401/271 4809/1696/271 4805/1695/271
f 4742/2391/274 4747/2413/274 4804/1692/274 4807/1691/274
f 4745/2414/272 4741/2392/272 4806/1688/272 4808/1687/272
f 4741/2392/273 4742/2391/273 4807/1684/273 4806/1683/273
f 4747/2413/274 4746/2402/274 4805/1680/274 4804/1679/274
f 4204/1565/607 4167/2128/274 4416/1916/274
f 4416/1916/274 4500/2453/274 4204/1565/607
f 4500/2453/274 4498/1563/274 4204/1565/607
f 4496/1564/274 4494/2100/274 4204/1565/607
f 4494/2100/274 4203/2093/274 4204/1565/607
f 4500/2454/274 4416/1916/274 4509/1915/274
f 4416/1916/274 4418/2455/274 4510/1917/274
f 4166/1558/274 4514/2129/274 4516/1457/600
f 4205/1559/606 4203/2093/274 4493/2456/274
f 4205/1559/606 4493/2456/274 4492/1580/274
f 4417/1930/274 4166/1558/274 4205/1559/606
f 4495/1581/274 4497/2457/274 4205/1559/606
f 4497/2457/274 4417/1930/274 4205/1559/606
f 4510/1917/274 4418/2455/274 4508/1920/274
f 4418/2455/274 4419/1918/274 4508/1920/274
f 4507/1919/274 4419/1918/274 4506/1923/274
f 4419/1918/274 4420/1921/274 4506/1923/274
f 4505/1922/274 4420/1921/274 4504/1926/274
f 4420/1921/274 4421/1924/274 4504/1926/274
f 4503/2458/274 4421/1924/274 4502/1929/274
f 4421/1924/274 4422/1927/274 4502/1929/274
f 4501/1932/274 4422/1927/274 4417/1930/274
f 4417/1930/274 4497/2457/274 4499/1931/274
f 4513/1426/597 4512/2459/274 4167/2128/274
f 4158/1450/273 4515/1751/273 4323/2460/273
f 4515/1751/273 4330/1434/273 4327/2461/273
f 4515/1751/273 4327/2461/273 4323/2460/273
f 4320/2462/273 4324/2135/273 4173/1447/273
f 4319/2463/273 4320/2462/273 4173/1447/273
f 4158/1450/273 4323/2460/273 4317/2464/273
f 4313/2465/273 4319/2463/273 4173/1447/273
f 4309/2466/273 4313/2465/273 4173/1447/273
f 4158/1450/273 4317/2464/273 4316/2467/273
f 4158/1450/273 4316/2467/273 4312/2468/273
f 4303/2469/273 4309/2466/273 4173/1447/273
f 4302/2470/273 4303/2469/273 4173/1447/273
f 4158/1450/273 4312/2468/273 4306/2471/273
f 4158/1450/273 4306/2471/273 4304/2472/273
f 4302/2470/273 4173/1447/273 4307/2473/273
f 4173/1447/273 4158/1450/273 4305/2474/273
f 4307/2473/273 4173/1447/273 4305/2474/273
f 4158/1450/273 4304/2472/273 4305/2474/273
f 4308/2475/273 4307/2473/273 4311/2476/273
f 4307/2473/273 4305/2474/273 4311/2476/273
f 4314/2477/273 4308/2475/273 4311/2476/273
f 4314/2477/273 4311/2476/273 4310/2478/273
f 4315/2479/273 4314/2477/273 4310/2478/273
f 4315/2479/273 4310/2478/273 4318/2480/273
f 4321/2481/273 4315/2479/273 4322/2132/273
f 4315/2479/273 4318/2480/273 4322/2132/273
f 4331/1433/273 4329/1432/273 4325/2134/273
f 4325/2134/273 4321/2481/273 4322/2132/273
f 4326/2133/273 4331/1433/273 4325/2134/273
f 4517/1430/273 4173/1447/273 4324/2135/273
f 4951/2482/621 5674/2483/622 5676/2484/623 4950/2485/624
f 4963/2486/625 4960/2487/625 4966/2488/626 4969/2489/626
f 4969/2489/626 4966/2488/626 4972/2490/627 4975/2491/627
f 4975/2491/627 4972/2490/627 4978/2492/628 4981/2493/628
f 4981/2493/628 4978/2492/628 4984/2494/629 4987/2495/629
f 4987/2495/629 4984/2494/629 4990/2496/630 4993/2497/630
f 4993/2497/630 4990/2496/630 4996/2498/631 4999/2499/631
f 4999/2499/631 4996/2498/631 5002/2500/632 5005/2501/632
f 5005/2501/632 5002/2500/632 5008/2502/633 5011/2503/633
f 5011/2503/633 5008/2502/633 5014/2504/634 5017/2505/634
f 5017/2505/634 5014/2504/634 5020/2506/635 5023/2507/635
f 5023/2507/635 5020/2506/635 5026/2508/636 5029/2509/636
f 5029/2509/636 5026/2508/636 5032/2510/637 5035/2511/637
f 5035/2511/637 5032/2510/637 5038/2512/638 5041/2513/638
f 5041/2513/638 5038/2512/638 5044/2514/639 5047/2515/639
f 5047/2515/639 5044/2514/639 5050/2516/640 5053/2517/640
f 5053/2517/640 5050/2516/640 5056/2518/641 5059/2519/641
f 5059/2519/641 5056/2518/641 5062/2520/642 5065/2521/642
f 5065/2521/642 5062/2520/642 5068/2522/643 5071/2523/643
f 5071/2523/643 5068/2522/643 5074/2524/644 5077/2525/644
f 5077/2525/644 5074/2524/644 5080/2526/645 5083/2527/645
f 5083/2527/645 5080/2526/645 5086/2528/646 5089/2529/646
f 5712/2530/647 4837/2531/648 4919/2532/648 5736/2533/647
f 5089/2529/646 5086/2528/646 5092/2534/649 5095/2535/649
f 4952/2536/650 5675/2537/651 5674/2483/622 4951/2482/621
f 4832/2538/652 4834/2539/653 4870/2540/274 4869/2541/654
f 4842/2542/655 4844/2543/656 4875/2544/657 4874/2545/658
f 4852/2546/659 4854/2547/660 4880/2548/661 4879/2549/351
f 4818/2550/662 4820/2551/663 4863/2552/664 4862/2553/665
f 4828/2554/666 4830/2555/667 4868/2556/668 4867/2557/353
f 4838/2558/669 4840/2559/670 4873/2560/354 4872/2561/671
f 4848/2562/672 4850/2563/673 4878/2564/674 4877/2565/675
f 4814/2566/676 4816/2567/677 4861/2568/352 4860/2569/647
f 4824/2570/678 4826/2571/679 4866/2572/680 4865/2573/681
f 4810/2574/682 4812/2575/683 4859/2576/648 4858/2577/272
f 4834/2539/653 4836/2578/684 4871/2579/685 4870/2540/274
f 4844/2543/656 4846/2580/686 4876/2581/271 4875/2544/657
f 4854/2547/660 4856/2582/687 4881/2583/688 4880/2548/661
f 4820/2551/663 4822/2584/689 4864/2585/273 4863/2552/664
f 4830/2555/667 4832/2538/652 4869/2541/654 4868/2556/668
f 4840/2559/670 4842/2542/655 4874/2545/658 4873/2560/354
f 4850/2563/673 4852/2546/659 4879/2549/351 4878/2564/674
f 4816/2567/677 4818/2550/662 4862/2553/665 4861/2568/352
f 4826/2571/679 4828/2554/666 4867/2557/353 4866/2572/680
f 4836/2578/684 4838/2558/669 4872/2561/671 4871/2579/685
f 4846/2580/686 4848/2562/672 4877/2565/675 4876/2581/271
f 4856/2582/687 4810/2586/682 4858/2587/272 4881/2583/688
f 4812/2575/683 4814/2566/676 4860/2569/647 4859/2576/648
f 4822/2584/689 4824/2570/678 4865/2573/681 4864/2585/273
f 5699/2588/690 5698/2589/691 4882/2590/691 4883/2591/690
f 5698/2589/691 5700/2592/692 4884/2593/692 4882/2590/691
f 5700/2592/692 5701/2594/693 5677/2595/693 4884/2593/692
f 5701/2594/693 5702/2596/694 5678/2597/694 5677/2595/693
f 5702/2596/694 5703/2598/695 5679/2599/695 5678/2597/694
f 5703/2598/695 5704/2600/696 5680/2601/696 5679/2599/695
f 5704/2600/696 5705/2602/697 5681/2603/697 5680/2601/696
f 5705/2602/697 5706/2604/698 5682/2605/698 5681/2603/697
f 5706/2604/698 5707/2606/699 5683/2607/699 5682/2605/698
f 5707/2606/699 5708/2608/700 5684/2609/700 5683/2607/699
f 5708/2608/700 5709/2610/701 5685/2611/701 5684/2609/700
f 5709/2610/701 5710/2612/702 5686/2613/702 5685/2611/701
f 5710/2612/702 5711/2614/703 5687/2615/703 5686/2613/702
f 5711/2614/703 4839/2616/704 5688/2617/704 5687/2615/703
f 4839/2616/704 5713/2618/705 5689/2619/705 5688/2617/704
f 5713/2618/705 5714/2620/706 5690/2621/706 5689/2619/705
f 5714/2620/706 5715/2622/707 5691/2623/707 5690/2621/706
f 5715/2622/707 5716/2624/708 5692/2625/708 5691/2623/707
f 5716/2624/708 5717/2626/709 5693/2627/709 5692/2625/708
f 5717/2626/709 5718/2628/710 5694/2629/710 5693/2627/709
f 5718/2628/710 5719/2630/711 5695/2631/711 5694/2629/710
f 5719/2630/711 5720/2632/712 5696/2633/712 5695/2631/711
f 5720/2632/712 5721/2634/713 5697/2635/713 5696/2633/712
f 5721/2634/713 5699/2588/690 4883/2591/690 5697/2635/713
f 5722/2636/278 5723/2637/278 5745/2638/278 5744/2639/278 5743/2640/278 5742/2641/278 5741/2642/278 5740/2643/278 5739/2644/278 5738/2645/278 5737/2646/278 4920/2647/278 5735/2648/278 5734/2649/278 5733/2650/278 5732/2651/278 5731/2652/278 5730/2653/278 5729/2654/278 5728/2655/278 5727/2656/278 5726/2657/278 5725/2658/278 5724/2659/278
f 4825/2660/675 4823/2661/271 4912/2662/271 4913/2663/675
f 4855/2664/668 4853/2665/353 4927/2666/353 4928/2667/668
f 4841/2668/352 5712/2530/647 5736/2533/647 4921/2669/352
f 4827/2670/674 4825/2660/675 4913/2663/675 4914/2671/674
f 4857/2672/654 4855/2664/668 4928/2667/668 4929/2673/654
f 4813/2674/685 4811/2675/274 4907/2676/274 4906/2677/685
f 4843/2678/665 4841/2668/352 4921/2669/352 4922/2679/665
f 4829/2680/351 4827/2670/674 4914/2671/674 4915/2681/351
f 4811/2675/274 4857/2672/654 4929/2673/654 4907/2676/274
f 4815/2682/671 4813/2674/685 4906/2677/685 4908/2683/671
f 4845/2684/664 4843/2678/665 4922/2679/665 4923/2685/664
f 4831/2686/661 4829/2680/351 4915/2681/351 4916/2687/661
f 4817/2688/354 4815/2682/671 4908/2683/671 4909/2689/354
f 4847/2690/273 4845/2684/664 4923/2685/664 4924/2691/273
f 4833/2692/688 4831/2686/661 4916/2687/661 4917/2693/688
f 4819/2694/658 4817/2688/354 4909/2689/354 4910/2695/658
f 4849/2696/681 4847/2690/273 4924/2691/273 4925/2697/681
f 4835/2698/272 4833/2692/688 4917/2693/688 4918/2699/272
f 4821/2700/657 4819/2694/658 4910/2695/658 4911/2701/657
f 4851/2702/680 4849/2696/681 4925/2697/681 4926/2703/680
f 4837/2531/648 4835/2704/272 4918/2705/272 4919/2532/648
f 4823/2661/271 4821/2700/657 4911/2701/657 4912/2662/271
f 4853/2665/353 4851/2702/680 4926/2703/680 4927/2666/353
f 4954/2706/714 4957/2707/714 4962/2708/625 4965/2709/625
f 4956/2710/714 4959/2711/714 4960/2487/625 4963/2486/625
f 4953/2712/715 4905/2713/716 5675/2714/651 4952/2715/650
f 4967/2716/626 4950/2485/624 4949/2717/717 4973/2718/627
f 4854/2719/660 5090/2720/646 5096/2721/649 4856/2722/687
f 5091/2723/646 5088/2724/646 5094/2725/649 5097/2726/649
f 4930/2727/718 4904/2728/719 4905/2713/716 4953/2712/715
f 4852/2729/659 5084/2730/645 5090/2720/646 4854/2719/660
f 5085/2731/645 5082/2732/645 5088/2724/646 5091/2723/646
f 4931/2733/720 4903/2734/721 4904/2728/719 4930/2727/718
f 4850/2735/673 5078/2736/644 5084/2730/645 4852/2729/659
f 5079/2737/644 5076/2738/644 5082/2732/645 5085/2731/645
f 4932/2739/722 4902/2740/723 4903/2734/721 4931/2733/720
f 4848/2741/672 5072/2742/643 5078/2736/644 4850/2735/673
f 5073/2743/643 5070/2744/643 5076/2738/644 5079/2737/644
f 4933/2745/724 4901/2746/725 4902/2740/723 4932/2739/722
f 4846/2747/686 5066/2748/642 5072/2742/643 4848/2741/672
f 5067/2749/642 5064/2750/642 5070/2744/643 5073/2743/643
f 4934/2751/726 4900/2752/727 4901/2746/725 4933/2745/724
f 4844/2753/656 5060/2754/641 5066/2748/642 4846/2747/686
f 5061/2755/641 5058/2756/641 5064/2750/642 5067/2749/642
f 4935/2757/728 4899/2758/729 4900/2752/727 4934/2751/726
f 4842/2759/655 5054/2760/640 5060/2754/641 4844/2753/656
f 5055/2761/640 5052/2762/640 5058/2756/641 5061/2755/641
f 4936/2763/730 4898/2764/731 4899/2758/729 4935/2757/728
f 4840/2765/670 5048/2766/639 5054/2760/640 4842/2759/655
f 5049/2767/639 5046/2768/639 5052/2762/640 5055/2761/640
f 4937/2769/732 4897/2770/733 4898/2764/731 4936/2763/730
f 4838/2771/669 5042/2772/638 5048/2766/639 4840/2765/670
f 5043/2773/638 5040/2774/638 5046/2768/639 5049/2767/639
f 4938/2775/734 4896/2776/735 4897/2770/733 4937/2769/732
f 4836/2777/684 5036/2778/637 5042/2772/638 4838/2771/669
f 5037/2779/637 5034/2780/637 5040/2774/638 5043/2773/638
f 4939/2781/736 4895/2782/737 4896/2776/735 4938/2775/734
f 4834/2783/653 5030/2784/636 5036/2778/637 4836/2777/684
f 5031/2785/636 5028/2786/636 5034/2780/637 5037/2779/637
f 4940/2787/738 4894/2788/739 4895/2782/737 4939/2781/736
f 4832/2789/652 5024/2790/635 5030/2784/636 4834/2783/653
f 5025/2791/635 5022/2792/635 5028/2786/636 5031/2785/636
f 4941/2793/740 4893/2794/741 4894/2788/739 4940/2787/738
f 4830/2795/667 5018/2796/634 5024/2790/635 4832/2789/652
f 5019/2797/634 5016/2798/634 5022/2792/635 5025/2791/635
f 4942/2799/742 4892/2800/743 4893/2794/741 4941/2793/740
f 4828/2801/666 5012/2802/633 5018/2796/634 4830/2795/667
f 5013/2803/633 5010/2804/633 5016/2798/634 5019/2797/634
f 4943/2805/744 4891/2806/745 4892/2800/743 4942/2799/742
f 4826/2807/679 5006/2808/632 5012/2802/633 4828/2801/666
f 5007/2809/632 5004/2810/632 5010/2804/633 5013/2803/633
f 4944/2811/746 4890/2812/747 4891/2806/745 4943/2805/744
f 4824/2813/678 5000/2814/631 5006/2808/632 4826/2807/679
f 5001/2815/631 4998/2816/631 5004/2810/632 5007/2809/632
f 4945/2817/748 4889/2818/749 4890/2812/747 4944/2811/746
f 4822/2819/689 4994/2820/630 5000/2814/631 4824/2813/678
f 4995/2821/630 4992/2822/630 4998/2816/631 5001/2815/631
f 4946/2823/750 4888/2824/751 4889/2818/749 4945/2817/748
f 4820/2825/663 4988/2826/629 4994/2820/630 4822/2819/689
f 4989/2827/629 4986/2828/629 4992/2822/630 4995/2821/630
f 4947/2829/752 4887/2830/753 4888/2824/751 4946/2823/750
f 4818/2831/662 4982/2832/628 4988/2826/629 4820/2825/663
f 4983/2833/628 4980/2834/628 4986/2828/629 4989/2827/629
f 4948/2835/754 4886/2836/755 4887/2830/753 4947/2829/752
f 4816/2837/677 4976/2838/627 4982/2832/628 4818/2831/662
f 4977/2839/627 4974/2840/627 4980/2834/628 4983/2833/628
f 4949/2717/717 4885/2841/756 4886/2836/755 4948/2835/754
f 4814/2842/676 4970/2843/757 4976/2838/627 4816/2837/677
f 4971/2844/626 4968/2845/626 4974/2840/627 4977/2839/627
f 4950/2485/624 5676/2484/623 4885/2841/756 4949/2717/717
f 4812/2846/683 4964/2847/625 4970/2843/757 4814/2842/676
f 4965/2709/625 4962/2708/625 4968/2845/626 4971/2844/626
f 4856/2722/687 5096/2721/649 4955/2848/714 4810/2849/682
f 5097/2726/649 5094/2725/649 4957/2850/714 4954/2851/714
f 5095/2535/649 5092/2534/649 4959/2852/714 4956/2853/714
f 5097/2854/649 4954/2855/714 4955/2856/714 5096/2857/649
f 5095/2858/649 4956/2859/714 4957/2860/714 5094/2861/649
f 5093/2862/649 4958/2863/714 4959/2864/714 5092/2865/649
f 5091/2866/646 5097/2854/649 5096/2857/649 5090/2867/646
f 5089/2868/646 5095/2858/649 5094/2861/649 5088/2869/646
f 5087/2870/646 5093/2862/649 5092/2865/649 5086/2871/646
f 5085/2872/645 5091/2866/646 5090/2867/646 5084/2873/645
f 5083/2874/645 5089/2868/646 5088/2869/646 5082/2875/645
f 5081/2876/645 5087/2870/646 5086/2871/646 5080/2877/645
f 5079/2878/644 5085/2872/645 5084/2873/645 5078/2879/644
f 5077/2880/644 5083/2874/645 5082/2875/645 5076/2881/644
f 5075/2882/644 5081/2876/645 5080/2877/645 5074/2883/644
f 5073/2884/643 5079/2878/644 5078/2879/644 5072/2885/643
f 5071/2886/643 5077/2880/644 5076/2881/644 5070/2887/643
f 5069/2888/643 5075/2882/644 5074/2883/644 5068/2889/643
f 5067/2890/642 5073/2884/643 5072/2885/643 5066/2891/642
f 5065/2892/642 5071/2886/643 5070/2887/643 5064/2893/642
f 5063/2894/642 5069/2888/643 5068/2889/643 5062/2895/642
f 5061/2896/641 5067/2890/642 5066/2891/642 5060/2897/641
f 5059/2898/641 5065/2892/642 5064/2893/642 5058/2899/641
f 5057/2900/641 5063/2894/642 5062/2895/642 5056/2901/641
f 5055/2902/640 5061/2896/641 5060/2897/641 5054/2903/640
f 5053/2904/640 5059/2898/641 5058/2899/641 5052/2905/640
f 5051/2906/640 5057/2900/641 5056/2901/641 5050/2907/640
f 5049/2908/639 5055/2902/640 5054/2903/640 5048/2909/639
f 5047/2910/639 5053/2904/640 5052/2905/640 5046/2911/639
f 5045/2912/639 5051/2906/640 5050/2907/640 5044/2913/639
f 5043/2914/638 5049/2908/639 5048/2909/639 5042/2915/638
f 5041/2916/638 5047/2910/639 5046/2911/639 5040/2917/638
f 5039/2918/638 5045/2912/639 5044/2913/639 5038/2919/638
f 5037/2920/637 5043/2914/638 5042/2915/638 5036/2921/637
f 5035/2922/637 5041/2916/638 5040/2917/638 5034/2923/637
f 5033/2924/637 5039/2918/638 5038/2919/638 5032/2925/637
f 5031/2926/636 5037/2920/637 5036/2921/637 5030/2927/636
f 5029/2928/636 5035/2922/637 5034/2923/637 5028/2929/636
f 5027/2930/636 5033/2924/637 5032/2925/637 5026/2931/636
f 5025/2932/635 5031/2926/636 5030/2927/636 5024/2933/635
f 5023/2934/635 5029/2928/636 5028/2929/636 5022/2935/635
f 5021/2936/635 5027/2930/636 5026/2931/636 5020/2937/635
f 5019/2938/634 5025/2932/635 5024/2933/635 5018/2939/634
f 5017/2940/634 5023/2934/635 5022/2935/635 5016/2941/634
f 5015/2942/634 5021/2936/635 5020/2937/635 5014/2943/634
f 5013/2944/633 5019/2938/634 5018/2939/634 5012/2945/633
f 5011/2946/633 5017/2940/634 5016/2941/634 5010/2947/633
f 5009/2948/633 5015/2942/634 5014/2943/634 5008/2949/633
f 5007/2950/632 5013/2944/633 5012/2945/633 5006/2951/632
f 5005/2952/632 5011/2946/633 5010/2947/633 5004/2953/632
f 5003/2954/632 5009/2948/633 5008/2949/633 5002/2955/632
f 5001/2956/631 5007/2950/632 5006/2951/632 5000/2957/631
f 4999/2958/631 5005/2952/632 5004/2953/632 4998/2959/631
f 4997/2960/631 5003/2954/632 5002/2955/632 4996/2961/631
f 4995/2962/630 5001/2956/631 5000/2957/631 4994/2963/630
f 4993/2964/630 4999/2958/631 4998/2959/631 4992/2965/630
f 4991/2966/630 4997/2960/631 4996/2961/631 4990/2967/630
f 4989/2968/629 4995/2962/630 4994/2963/630 4988/2969/629
f 4987/2970/629 4993/2964/630 4992/2965/630 4986/2971/629
f 4985/2972/629 4991/2966/630 4990/2967/630 4984/2973/629
f 4983/2974/628 4989/2968/629 4988/2969/629 4982/2975/628
f 4981/2976/628 4987/2970/629 4986/2971/629 4980/2977/628
f 4979/2978/628 4985/2972/629 4984/2973/629 4978/2979/628
f 4977/2980/627 4983/2974/628 4982/2975/628 4976/2981/627
f 4975/2982/627 4981/2976/628 4980/2977/628 4974/2983/627
f 4973/2984/627 4979/2978/628 4978/2979/628 4972/2985/627
f 4971/2986/626 4977/2980/627 4976/2981/627 4970/2987/757
f 4969/2988/626 4975/2982/627 4974/2983/627 4968/2989/626
f 4967/2990/626 4973/2984/627 4972/2985/627 4966/2991/626
f 4965/2992/625 4971/2986/626 4970/2987/757 4964/2993/625
f 4963/2994/625 4969/2988/626 4968/2989/626 4962/2995/625
f 4961/2996/625 4967/2990/626 4966/2991/626 4960/2997/625
f 4954/2998/714 4965/2992/625 4964/2993/625 4955/2999/714
f 4956/3000/714 4963/2994/625 4962/2995/625 4957/3001/714
f 4958/3002/714 4961/2996/625 4960/2997/625 4959/3003/714
f 4810/3004/682 4955/3005/714 4964/2847/625 4812/2846/683
f 4973/2718/627 4949/2717/717 4948/2835/754 4979/3006/628
f 4979/3006/628 4948/2835/754 4947/2829/752 4985/3007/629
f 4985/3007/629 4947/2829/752 4946/2823/750 4991/3008/630
f 4991/3008/630 4946/2823/750 4945/2817/748 4997/3009/631
f 4997/3009/631 4945/2817/748 4944/2811/746 5003/3010/632
f 5003/3010/632 4944/2811/746 4943/2805/744 5009/3011/633
f 5009/3011/633 4943/2805/744 4942/2799/742 5015/3012/634
f 5015/3012/634 4942/2799/742 4941/2793/740 5021/3013/635
f 5021/3013/635 4941/2793/740 4940/2787/738 5027/3014/636
f 5027/3014/636 4940/2787/738 4939/2781/736 5033/3015/637
f 5033/3015/637 4939/2781/736 4938/2775/734 5039/3016/638
f 5039/3016/638 4938/2775/734 4937/2769/732 5045/3017/639
f 5045/3017/639 4937/2769/732 4936/2763/730 5051/3018/640
f 5051/3018/640 4936/2763/730 4935/2757/728 5057/3019/641
f 5057/3019/641 4935/2757/728 4934/2751/726 5063/3020/642
f 5063/3020/642 4934/2751/726 4933/2745/724 5069/3021/643
f 5069/3021/643 4933/2745/724 4932/2739/722 5075/3022/644
f 5075/3022/644 4932/2739/722 4931/2733/720 5081/3023/645
f 5081/3023/645 4931/2733/720 4930/2727/718 5087/3024/646
f 5087/3024/646 4930/2727/718 4953/2712/715 5093/3025/649
f 5093/3025/649 4953/2712/715 4952/2715/650 4958/3026/714
f 4958/3027/714 4952/2536/650 4951/2482/621 4961/3028/625
f 4961/3028/625 4951/2482/621 4950/2485/624 4967/2716/626
f 5239/2482/621 5746/2483/622 5748/2484/623 5238/2485/758
f 5251/2486/625 5248/2487/625 5254/2488/626 5257/2489/626
f 5257/2489/626 5254/2488/626 5260/2490/627 5263/2491/627
f 5263/2491/627 5260/2490/627 5266/2492/628 5269/2493/628
f 5269/2493/628 5266/2492/628 5272/2494/629 5275/2495/629
f 5275/2495/629 5272/2494/629 5278/2496/630 5281/2497/630
f 5281/2497/630 5278/2496/630 5284/2498/631 5287/2499/631
f 5287/2499/631 5284/2498/631 5290/2500/632 5293/2501/632
f 5293/2501/632 5290/2500/632 5296/2502/633 5299/2503/633
f 5299/2503/633 5296/2502/633 5302/2504/634 5305/2505/634
f 5305/2505/634 5302/2504/634 5308/2506/635 5311/2507/635
f 5311/2507/635 5308/2506/635 5314/2508/636 5317/2509/636
f 5317/2509/636 5314/2508/636 5320/2510/637 5323/2511/637
f 5323/2511/637 5320/2510/637 5326/2512/638 5329/2513/638
f 5329/2513/638 5326/2512/638 5332/2514/639 5335/2515/639
f 5335/2515/639 5332/2514/639 5338/2516/640 5341/2517/640
f 5341/2517/640 5338/2516/640 5344/2518/641 5347/2519/641
f 5347/2519/641 5344/2518/641 5350/2520/642 5353/2521/642
f 5353/2521/642 5350/2520/642 5356/2522/643 5359/2523/643
f 5359/2523/643 5356/2522/643 5362/2524/644 5365/2525/644
f 5365/2525/644 5362/2524/644 5368/2526/645 5371/2527/645
f 5371/2527/645 5368/2526/645 5374/2528/646 5377/2529/646
f 5784/2530/647 5125/2531/648 5207/2532/648 5808/2533/647
f 5377/2529/646 5374/2528/646 5380/2534/649 5383/2535/649
f 5240/2536/650 5747/2537/651 5746/2483/622 5239/2482/621
f 5120/2538/652 5122/2539/653 5158/2540/274 5157/2541/654
f 5130/2542/655 5132/2543/656 5163/2544/657 5162/2545/658
f 5140/2546/659 5142/2547/660 5168/2548/661 5167/2549/351
f 5106/2550/662 5108/2551/663 5151/2552/664 5150/2553/665
f 5116/2554/666 5118/2555/667 5156/2556/668 5155/2557/353
f 5126/2558/669 5128/2559/670 5161/2560/354 5160/2561/671
f 5136/2562/759 5138/2563/673 5166/2564/674 5165/2565/675
f 5102/2566/676 5104/2567/677 5149/2568/352 5148/2569/647
f 5112/2570/678 5114/2571/679 5154/2572/680 5153/2573/681
f 5098/2574/682 5100/2575/683 5147/2576/648 5146/2577/272
f 5122/2539/653 5124/2578/684 5159/2579/685 5158/2540/274
f 5132/2543/656 5134/2580/686 5164/2581/271 5163/2544/657
f 5142/2547/660 5144/2582/687 5169/2583/688 5168/2548/661
f 5108/2551/663 5110/2584/689 5152/2585/273 5151/2552/664
f 5118/2555/667 5120/2538/652 5157/2541/654 5156/2556/668
f 5128/2559/670 5130/2542/655 5162/2545/658 5161/2560/354
f 5138/2563/673 5140/2546/659 5167/2549/351 5166/2564/674
f 5104/2567/677 5106/2550/662 5150/2553/665 5149/2568/352
f 5114/2571/679 5116/2554/666 5155/2557/353 5154/2572/680
f 5124/2578/684 5126/2558/669 5160/2561/671 5159/2579/685
f 5134/2580/686 5136/2562/759 5165/2565/675 5164/2581/271
f 5144/2582/687 5098/2586/682 5146/2587/272 5169/2583/688
f 5100/2575/683 5102/2566/676 5148/2569/647 5147/2576/648
f 5110/2584/689 5112/2570/678 5153/2573/681 5152/2585/273
f 5771/2588/690 5770/2589/691 5170/2590/691 5171/2591/690
f 5770/2589/691 5772/2592/692 5172/2593/692 5170/2590/691
f 5772/2592/692 5773/2594/693 5749/2595/693 5172/2593/692
f 5773/2594/693 5774/2596/694 5750/2597/694 5749/2595/693
f 5774/2596/694 5775/2598/695 5751/2599/695 5750/2597/694
f 5775/2598/695 5776/2600/696 5752/2601/696 5751/2599/695
f 5776/2600/696 5777/2602/697 5753/2603/697 5752/2601/696
f 5777/2602/697 5778/2604/698 5754/2605/698 5753/2603/697
f 5778/2604/698 5779/2606/699 5755/2607/699 5754/2605/698
f 5779/2606/699 5780/2608/700 5756/2609/700 5755/2607/699
f 5780/2608/700 5781/2610/701 5757/2611/701 5756/2609/700
f 5781/2610/701 5782/2612/702 5758/2613/702 5757/2611/701
f 5782/2612/702 5783/2614/703 5759/2615/703 5758/2613/702
f 5783/2614/703 5127/2616/704 5760/2617/704 5759/2615/703
f 5127/2616/704 5785/2618/705 5761/2619/705 5760/2617/704
f 5785/2618/705 5786/2620/706 5762/2621/706 5761/2619/705
f 5786/2620/706 5787/2622/707 5763/2623/707 5762/2621/706
f 5787/2622/707 5788/2624/708 5764/2625/708 5763/2623/707
f 5788/2624/708 5789/2626/709 5765/2627/709 5764/2625/708
f 5789/2626/709 5790/2628/710 5766/2629/710 5765/2627/709
f 5790/2628/710 5791/2630/711 5767/2631/711 5766/2629/710
f 5791/2630/711 5792/2632/712 5768/2633/712 5767/2631/711
f 5792/2632/712 5793/2634/713 5769/2635/713 5768/2633/712
f 5793/2634/713 5771/2588/690 5171/2591/690 5769/2635/713
f 5794/2636/278 5795/2637/278 5817/2638/278 5816/2639/278 5815/2640/278 5814/2641/278 5813/2642/278 5812/2643/278 5811/2644/278 5810/2645/278 5809/2646/278 5208/2647/278 5807/2648/278 5806/2649/278 5805/2650/278 5804/2651/278 5803/2652/278 5802/2653/278 5801/2654/278 5800/2655/278 5799/2656/278 5798/2657/278 5797/2658/278 5796/2659/278
f 5113/2660/675 5111/2661/271 5200/2662/271 5201/2663/675
f 5143/2664/668 5141/2665/353 5215/2666/353 5216/2667/668
f 5129/2668/352 5784/2530/647 5808/2533/647 5209/2669/352
f 5115/2670/674 5113/2660/675 5201/2663/675 5202/2671/674
f 5145/2672/654 5143/2664/668 5216/2667/668 5217/2673/654
f 5101/2674/685 5099/2675/274 5195/2676/274 5194/2677/685
f 5131/2678/665 5129/2668/352 5209/2669/352 5210/2679/665
f 5117/2680/351 5115/2670/674 5202/2671/674 5203/2681/351
f 5099/2675/274 5145/2672/654 5217/2673/654 5195/2676/274
f 5103/2682/671 5101/2674/685 5194/2677/685 5196/2683/671
f 5133/2684/664 5131/2678/665 5210/2679/665 5211/2685/664
f 5119/2686/661 5117/2680/351 5203/2681/351 5204/2687/661
f 5105/2688/354 5103/2682/671 5196/2683/671 5197/2689/354
f 5135/2690/273 5133/2684/664 5211/2685/664 5212/2691/273
f 5121/2692/688 5119/2686/661 5204/2687/661 5205/2693/688
f 5107/2694/658 5105/2688/354 5197/2689/354 5198/2695/658
f 5137/2696/681 5135/2690/273 5212/2691/273 5213/2697/681
f 5123/2698/272 5121/2692/688 5205/2693/688 5206/2699/272
f 5109/2700/657 5107/2694/658 5198/2695/658 5199/2701/657
f 5139/2702/680 5137/2696/681 5213/2697/681 5214/2703/680
f 5125/2531/648 5123/2704/272 5206/2705/272 5207/2532/648
f 5111/2661/271 5109/2700/657 5199/2701/657 5200/2662/271
f 5141/2665/353 5139/2702/680 5214/2703/680 5215/2666/353
f 5242/2706/714 5245/2707/714 5250/2708/625 5253/2709/625
f 5244/2710/714 5247/2711/714 5248/2487/625 5251/2486/625
f 5241/2712/715 5193/2713/716 5747/2714/651 5240/2715/650
f 5255/2716/626 5238/2485/758 5237/2717/760 5261/2718/627
f 5142/2719/660 5378/2720/646 5384/2721/649 5144/2722/687
f 5379/2723/646 5376/2724/646 5382/2725/649 5385/2726/649
f 5218/2727/718 5192/2728/719 5193/2713/716 5241/2712/715
f 5140/2729/659 5372/2730/645 5378/2720/646 5142/2719/660
f 5373/2731/645 5370/2732/645 5376/2724/646 5379/2723/646
f 5219/2733/720 5191/2734/721 5192/2728/719 5218/2727/718
f 5138/2735/673 5366/2736/644 5372/2730/645 5140/2729/659
f 5367/2737/644 5364/2738/644 5370/2732/645 5373/2731/645
f 5220/2739/722 5190/2740/723 5191/2734/721 5219/2733/720
f 5136/2741/759 5360/2742/643 5366/2736/644 5138/2735/673
f 5361/2743/643 5358/2744/643 5364/2738/644 5367/2737/644
f 5221/2745/724 5189/2746/761 5190/2740/723 5220/2739/722
f 5134/2747/686 5354/2748/642 5360/2742/643 5136/2741/759
f 5355/2749/642 5352/2750/642 5358/2744/643 5361/2743/643
f 5222/2751/762 5188/2752/763 5189/2746/761 5221/2745/724
f 5132/2753/656 5348/2754/641 5354/2748/642 5134/2747/686
f 5349/2755/641 5346/2756/641 5352/2750/642 5355/2749/642
f 5223/2757/728 5187/2758/764 5188/2752/763 5222/2751/762
f 5130/2759/655 5342/2760/640 5348/2754/641 5132/2753/656
f 5343/2761/640 5340/2762/640 5346/2756/641 5349/2755/641
f 5224/2763/730 5186/2764/731 5187/2758/764 5223/2757/728
f 5128/2765/670 5336/2766/639 5342/2760/640 5130/2759/655
f 5337/2767/639 5334/2768/639 5340/2762/640 5343/2761/640
f 5225/2769/732 5185/2770/733 5186/2764/731 5224/2763/730
f 5126/2771/669 5330/2772/638 5336/2766/639 5128/2765/670
f 5331/2773/638 5328/2774/638 5334/2768/639 5337/2767/639
f 5226/2775/734 5184/2776/765 5185/2770/733 5225/2769/732
f 5124/2777/684 5324/2778/637 5330/2772/638 5126/2771/669
f 5325/2779/637 5322/2780/637 5328/2774/638 5331/2773/638
f 5227/2781/736 5183/2782/737 5184/2776/765 5226/2775/734
f 5122/2783/653 5318/2784/636 5324/2778/637 5124/2777/684
f 5319/2785/636 5316/2786/636 5322/2780/637 5325/2779/637
f 5228/2787/738 5182/2788/739 5183/2782/737 5227/2781/736
f 5120/2789/652 5312/2790/635 5318/2784/636 5122/2783/653
f 5313/2791/635 5310/2792/635 5316/2786/636 5319/2785/636
f 5229/2793/740 5181/2794/741 5182/2788/739 5228/2787/738
f 5118/2795/667 5306/2796/634 5312/2790/635 5120/2789/652
f 5307/2797/634 5304/2798/634 5310/2792/635 5313/2791/635
f 5230/2799/742 5180/2800/743 5181/2794/741 5229/2793/740
f 5116/2801/666 5300/2802/633 5306/2796/634 5118/2795/667
f 5301/2803/633 5298/2804/633 5304/2798/634 5307/2797/634
f 5231/2805/744 5179/2806/745 5180/2800/743 5230/2799/742
f 5114/2807/679 5294/2808/632 5300/2802/633 5116/2801/666
f 5295/2809/632 5292/2810/632 5298/2804/633 5301/2803/633
f 5232/2811/766 5178/2812/747 5179/2806/745 5231/2805/744
f 5112/2813/678 5288/2814/631 5294/2808/632 5114/2807/679
f 5289/2815/631 5286/2816/631 5292/2810/632 5295/2809/632
f 5233/2817/767 5177/2818/749 5178/2812/747 5232/2811/766
f 5110/2819/689 5282/2820/630 5288/2814/631 5112/2813/678
f 5283/2821/630 5280/2822/630 5286/2816/631 5289/2815/631
f 5234/2823/768 5176/2824/751 5177/2818/749 5233/2817/767
f 5108/2825/663 5276/2826/629 5282/2820/630 5110/2819/689
f 5277/2827/629 5274/2828/629 5280/2822/630 5283/2821/630
f 5235/2829/769 5175/2830/770 5176/2824/751 5234/2823/768
f 5106/2831/662 5270/2832/628 5276/2826/629 5108/2825/663
f 5271/2833/628 5268/2834/628 5274/2828/629 5277/2827/629
f 5236/2835/771 5174/2836/755 5175/2830/770 5235/2829/769
f 5104/2837/677 5264/2838/627 5270/2832/628 5106/2831/662
f 5265/2839/627 5262/2840/627 5268/2834/628 5271/2833/628
f 5237/2717/760 5173/2841/756 5174/2836/755 5236/2835/771
f 5102/2842/676 5258/2843/626 5264/2838/627 5104/2837/677
f 5259/2844/626 5256/2845/626 5262/2840/627 5265/2839/627
f 5238/2485/758 5748/2484/623 5173/2841/756 5237/2717/760
f 5100/2846/683 5252/2847/625 5258/2843/626 5102/2842/676
f 5253/2709/625 5250/2708/625 5256/2845/626 5259/2844/626
f 5144/2722/687 5384/2721/649 5243/2848/714 5098/2849/682
f 5385/2726/649 5382/2725/649 5245/2850/714 5242/2851/714
f 5383/2535/649 5380/2534/649 5247/2852/714 5244/2853/714
f 5385/2854/649 5242/2855/714 5243/2856/714 5384/2857/649
f 5383/2858/649 5244/2859/714 5245/2860/714 5382/2861/649
f 5381/2862/649 5246/2863/714 5247/2864/714 5380/2865/649
f 5379/2866/646 5385/2854/649 5384/2857/649 5378/2867/646
f 5377/2868/646 5383/2858/649 5382/2861/649 5376/2869/646
f 5375/2870/646 5381/2862/649 5380/2865/649 5374/2871/646
f 5373/2872/645 5379/2866/646 5378/2867/646 5372/2873/645
f 5371/2874/645 5377/2868/646 5376/2869/646 5370/2875/645
f 5369/2876/645 5375/2870/646 5374/2871/646 5368/2877/645
f 5367/2878/644 5373/2872/645 5372/2873/645 5366/2879/644
f 5365/2880/644 5371/2874/645 5370/2875/645 5364/2881/644
f 5363/2882/644 5369/2876/645 5368/2877/645 5362/2883/644
f 5361/2884/643 5367/2878/644 5366/2879/644 5360/2885/643
f 5359/2886/643 5365/2880/644 5364/2881/644 5358/2887/643
f 5357/2888/643 5363/2882/644 5362/2883/644 5356/2889/643
f 5355/2890/642 5361/2884/643 5360/2885/643 5354/2891/642
f 5353/2892/642 5359/2886/643 5358/2887/643 5352/2893/642
f 5351/2894/642 5357/2888/643 5356/2889/643 5350/2895/642
f 5349/2896/641 5355/2890/642 5354/2891/642 5348/2897/641
f 5347/2898/641 5353/2892/642 5352/2893/642 5346/2899/641
f 5345/2900/641 5351/2894/642 5350/2895/642 5344/2901/641
f 5343/2902/640 5349/2896/641 5348/2897/641 5342/2903/640
f 5341/2904/640 5347/2898/641 5346/2899/641 5340/2905/640
f 5339/2906/640 5345/2900/641 5344/2901/641 5338/2907/640
f 5337/2908/639 5343/2902/640 5342/2903/640 5336/2909/639
f 5335/2910/639 5341/2904/640 5340/2905/640 5334/2911/639
f 5333/2912/639 5339/2906/640 5338/2907/640 5332/2913/639
f 5331/2914/638 5337/2908/639 5336/2909/639 5330/2915/638
f 5329/2916/638 5335/2910/639 5334/2911/639 5328/2917/638
f 5327/2918/638 5333/2912/639 5332/2913/639 5326/2919/638
f 5325/2920/637 5331/2914/638 5330/2915/638 5324/2921/637
f 5323/2922/637 5329/2916/638 5328/2917/638 5322/2923/637
f 5321/2924/637 5327/2918/638 5326/2919/638 5320/2925/637
f 5319/2926/636 5325/2920/637 5324/2921/637 5318/2927/636
f 5317/2928/636 5323/2922/637 5322/2923/637 5316/2929/636
f 5315/2930/636 5321/2924/637 5320/2925/637 5314/2931/636
f 5313/2932/635 5319/2926/636 5318/2927/636 5312/2933/635
f 5311/2934/635 5317/2928/636 5316/2929/636 5310/2935/635
f 5309/2936/635 5315/2930/636 5314/2931/636 5308/2937/635
f 5307/2938/634 5313/2932/635 5312/2933/635 5306/2939/634
f 5305/2940/634 5311/2934/635 5310/2935/635 5304/2941/634
f 5303/2942/634 5309/2936/635 5308/2937/635 5302/2943/634
f 5301/2944/633 5307/2938/634 5306/2939/634 5300/2945/633
f 5299/2946/633 5305/2940/634 5304/2941/634 5298/2947/633
f 5297/2948/633 5303/2942/634 5302/2943/634 5296/2949/633
f 5295/2950/632 5301/2944/633 5300/2945/633 5294/2951/632
f 5293/2952/632 5299/2946/633 5298/2947/633 5292/2953/632
f 5291/2954/632 5297/2948/633 5296/2949/633 5290/2955/632
f 5289/2956/631 5295/2950/632 5294/2951/632 5288/2957/631
f 5287/2958/631 5293/2952/632 5292/2953/632 5286/2959/631
f 5285/2960/631 5291/2954/632 5290/2955/632 5284/2961/631
f 5283/2962/630 5289/2956/631 5288/2957/631 5282/2963/630
f 5281/2964/630 5287/2958/631 5286/2959/631 5280/2965/630
f 5279/2966/630 5285/2960/631 5284/2961/631 5278/2967/630
f 5277/2968/629 5283/2962/630 5282/2963/630 5276/2969/629
f 5275/2970/629 5281/2964/630 5280/2965/630 5274/2971/629
f 5273/2972/629 5279/2966/630 5278/2967/630 5272/2973/629
f 5271/2974/628 5277/2968/629 5276/2969/629 5270/2975/628
f 5269/2976/628 5275/2970/629 5274/2971/629 5268/2977/628
f 5267/2978/628 5273/2972/629 5272/2973/629 5266/2979/628
f 5265/2980/627 5271/2974/628 5270/2975/628 5264/2981/627
f 5263/2982/627 5269/2976/628 5268/2977/628 5262/2983/627
f 5261/2984/627 5267/2978/628 5266/2979/628 5260/2985/627
f 5259/2986/626 5265/2980/627 5264/2981/627 5258/2987/626
f 5257/2988/626 5263/2982/627 5262/2983/627 5256/2989/626
f 5255/2990/626 5261/2984/627 5260/2985/627 5254/2991/626
f 5253/2992/625 5259/2986/626 5258/2987/626 5252/2993/625
f 5251/2994/625 5257/2988/626 5256/2989/626 5250/2995/625
f 5249/2996/625 5255/2990/626 5254/2991/626 5248/2997/625
f 5242/2998/714 5253/2992/625 5252/2993/625 5243/2999/714
f 5244/3000/714 5251/2994/625 5250/2995/625 5245/3001/714
f 5246/3002/714 5249/2996/625 5248/2997/625 5247/3003/714
f 5098/3004/682 5243/3005/714 5252/2847/625 5100/2846/683
f 5261/2718/627 5237/2717/760 5236/2835/771 5267/3006/628
f 5267/3006/628 5236/2835/771 5235/2829/769 5273/3007/629
f 5273/3007/629 5235/2829/769 5234/2823/768 5279/3008/630
f 5279/3008/630 5234/2823/768 5233/2817/767 5285/3009/631
f 5285/3009/631 5233/2817/767 5232/2811/766 5291/3010/632
f 5291/3010/632 5232/2811/766 5231/2805/744 5297/3011/633
f 5297/3011/633 5231/2805/744 5230/2799/742 5303/3012/634
f 5303/3012/634 5230/2799/742 5229/2793/740 5309/3013/635
f 5309/3013/635 5229/2793/740 5228/2787/738 5315/3014/636
f 5315/3014/636 5228/2787/738 5227/2781/736 5321/3015/637
f 5321/3015/637 5227/2781/736 5226/2775/734 5327/3016/638
f 5327/3016/638 5226/2775/734 5225/2769/732 5333/3017/639
f 5333/3017/639 5225/2769/732 5224/2763/730 5339/3018/640
f 5339/3018/640 5224/2763/730 5223/2757/728 5345/3019/641
f 5345/3019/641 5223/2757/728 5222/2751/762 5351/3020/642
f 5351/3020/642 5222/2751/762 5221/2745/724 5357/3021/643
f 5357/3021/643 5221/2745/724 5220/2739/722 5363/3022/644
f 5363/3022/644 5220/2739/722 5219/2733/720 5369/3023/645
f 5369/3023/645 5219/2733/720 5218/2727/718 5375/3024/646
f 5375/3024/646 5218/2727/718 5241/2712/715 5381/3025/649
f 5381/3025/649 5241/2712/715 5240/2715/650 5246/3026/714
f 5246/3027/714 5240/2536/650 5239/2482/621 5249/3028/625
f 5249/3028/625 5239/2482/621 5238/2485/758 5255/2716/626
f 5527/2482/621 5818/2483/622 5820/2484/623 5526/2485/624
f 5539/2486/625 5536/2487/625 5542/2488/626 5545/2489/626
f 5545/2489/626 5542/2488/626 5548/2490/627 5551/2491/627
f 5551/2491/627 5548/2490/627 5554/2492/628 5557/2493/628
f 5557/2493/628 5554/2492/628 5560/2494/629 5563/2495/629
f 5563/2495/629 5560/2494/629 5566/2496/630 5569/2497/630
f 5569/2497/630 5566/2496/630 5572/2498/631 5575/2499/631
f 5575/2499/631 5572/2498/631 5578/2500/632 5581/2501/632
f 5581/2501/632 5578/2500/632 5584/2502/633 5587/2503/633
f 5587/2503/633 5584/2502/633 5590/2504/634 5593/2505/634
f 5593/2505/634 5590/2504/634 5596/2506/635 5599/2507/635
f 5599/2507/635 5596/2506/635 5602/2508/636 5605/2509/636
f 5605/2509/636 5602/2508/636 5608/2510/637 5611/2511/637
f 5611/2511/637 5608/2510/637 5614/2512/638 5617/2513/638
f 5617/2513/638 5614/2512/638 5620/2514/639 5623/2515/639
f 5623/2515/639 5620/2514/639 5626/2516/640 5629/2517/640
f 5629/2517/640 5626/2516/640 5632/2518/641 5635/2519/641
f 5635/2519/641 5632/2518/641 5638/2520/642 5641/2521/642
f 5641/2521/642 5638/2520/642 5644/2522/643 5647/2523/643
f 5647/2523/643 5644/2522/643 5650/2524/644 5653/2525/644
f 5653/2525/644 5650/2524/644 5656/2526/645 5659/2527/645
f 5659/2527/645 5656/2526/645 5662/2528/646 5665/2529/646
f 5856/2530/647 5413/2531/648 5495/2532/648 5880/2533/647
f 5665/2529/646 5662/2528/646 5668/2534/649 5671/2535/649
f 5528/2536/650 5819/2537/651 5818/2483/622 5527/2482/621
f 5408/2538/652 5410/2539/653 5446/2540/274 5445/2541/654
f 5418/2542/655 5420/2543/656 5451/2544/657 5450/2545/658
f 5428/2546/659 5430/2547/660 5456/2548/661 5455/2549/351
f 5394/2550/662 5396/2551/663 5439/2552/664 5438/2553/665
f 5404/2554/666 5406/2555/667 5444/2556/668 5443/2557/353
f 5414/2558/669 5416/2559/670 5449/2560/354 5448/2561/671
f 5424/2562/672 5426/2563/673 5454/2564/674 5453/2565/675
f 5390/2566/676 5392/2567/677 5437/2568/352 5436/2569/647
f 5400/2570/678 5402/2571/679 5442/2572/680 5441/2573/681
f 5386/2574/682 5388/2575/683 5435/2576/648 5434/2577/272
f 5410/2539/653 5412/2578/684 5447/2579/685 5446/2540/274
f 5420/2543/656 5422/2580/686 5452/2581/271 5451/2544/657
f 5430/2547/660 5432/2582/687 5457/2583/688 5456/2548/661
f 5396/2551/663 5398/2584/689 5440/2585/273 5439/2552/664
f 5406/2555/667 5408/2538/652 5445/2541/654 5444/2556/668
f 5416/2559/670 5418/2542/655 5450/2545/658 5449/2560/354
f 5426/2563/673 5428/2546/659 5455/2549/351 5454/2564/674
f 5392/2567/677 5394/2550/662 5438/2553/665 5437/2568/352
f 5402/2571/679 5404/2554/666 5443/2557/353 5442/2572/680
f 5412/2578/684 5414/2558/669 5448/2561/671 5447/2579/685
f 5422/2580/686 5424/2562/672 5453/2565/675 5452/2581/271
f 5432/2582/687 5386/2586/682 5434/2587/272 5457/2583/688
f 5388/2575/683 5390/2566/676 5436/2569/647 5435/2576/648
f 5398/2584/689 5400/2570/678 5441/2573/681 5440/2585/273
f 5843/2588/772 5842/2589/691 5458/2590/691 5459/2591/772
f 5842/2589/691 5844/2592/692 5460/2593/692 5458/2590/691
f 5844/2592/692 5845/2594/693 5821/2595/693 5460/2593/692
f 5845/2594/693 5846/2596/694 5822/2597/694 5821/2595/693
f 5846/2596/694 5847/2598/695 5823/2599/695 5822/2597/694
f 5847/2598/695 5848/2600/696 5824/2601/696 5823/2599/695
f 5848/2600/696 5849/2602/697 5825/2603/697 5824/2601/696
f 5849/2602/697 5850/2604/698 5826/2605/698 5825/2603/697
f 5850/2604/698 5851/2606/699 5827/2607/699 5826/2605/698
f 5851/2606/699 5852/2608/700 5828/2609/700 5827/2607/699
f 5852/2608/700 5853/2610/701 5829/2611/701 5828/2609/700
f 5853/2610/701 5854/2612/702 5830/2613/702 5829/2611/701
f 5854/2612/702 5855/2614/703 5831/2615/703 5830/2613/702
f 5855/2614/703 5415/2616/704 5832/2617/704 5831/2615/703
f 5415/2616/704 5857/2618/705 5833/2619/705 5832/2617/704
f 5857/2618/705 5858/2620/706 5834/2621/706 5833/2619/705
f 5858/2620/706 5859/2622/707 5835/2623/707 5834/2621/706
f 5859/2622/707 5860/2624/708 5836/2625/708 5835/2623/707
f 5860/2624/708 5861/2626/709 5837/2627/709 5836/2625/708
f 5861/2626/709 5862/2628/710 5838/2629/710 5837/2627/709
f 5862/2628/710 5863/2630/711 5839/2631/711 5838/2629/710
f 5863/2630/711 5864/2632/712 5840/2633/712 5839/2631/711
f 5864/2632/712 5865/2634/713 5841/2635/713 5840/2633/712
f 5865/2634/713 5843/2588/772 5459/2591/772 5841/2635/713
f 5866/2636/278 5867/2637/278 5889/2638/278 5888/2639/278 5887/2640/278 5886/2641/278 5885/2642/278 5884/2643/278 5883/2644/278 5882/2645/278 5881/2646/278 5496/2647/278 5879/2648/278 5878/2649/278 5877/2650/278 5876/2651/278 5875/2652/278 5874/2653/278 5873/2654/278 5872/2655/278 5871/2656/278 5870/2657/278 5869/2658/278 5868/2659/278
f 5401/2660/675 5399/2661/271 5488/2662/271 5489/2663/675
f 5431/2664/668 5429/2665/353 5503/2666/353 5504/2667/668
f 5417/2668/352 5856/2530/647 5880/2533/647 5497/2669/352
f 5403/2670/674 5401/2660/675 5489/2663/675 5490/2671/674
f 5433/2672/654 5431/2664/668 5504/2667/668 5505/2673/654
f 5389/2674/685 5387/2675/274 5483/2676/274 5482/2677/685
f 5419/2678/665 5417/2668/352 5497/2669/352 5498/2679/665
f 5405/2680/351 5403/2670/674 5490/2671/674 5491/2681/351
f 5387/2675/274 5433/2672/654 5505/2673/654 5483/2676/274
f 5391/2682/671 5389/2674/685 5482/2677/685 5484/2683/671
f 5421/2684/664 5419/2678/665 5498/2679/665 5499/2685/664
f 5407/2686/661 5405/2680/351 5491/2681/351 5492/2687/661
f 5393/2688/354 5391/2682/671 5484/2683/671 5485/2689/354
f 5423/2690/273 5421/2684/664 5499/2685/664 5500/2691/273
f 5409/2692/688 5407/2686/661 5492/2687/661 5493/2693/688
f 5395/2694/658 5393/2688/354 5485/2689/354 5486/2695/658
f 5425/2696/681 5423/2690/273 5500/2691/273 5501/2697/681
f 5411/2698/272 5409/2692/688 5493/2693/688 5494/2699/272
f 5397/2700/657 5395/2694/658 5486/2695/658 5487/2701/657
f 5427/2702/680 5425/2696/681 5501/2697/681 5502/2703/680
f 5413/2531/648 5411/2704/272 5494/2705/272 5495/2532/648
f 5399/2661/271 5397/2700/657 5487/2701/657 5488/2662/271
f 5429/2665/353 5427/2702/680 5502/2703/680 5503/2666/353
f 5530/2706/714 5533/2707/714 5538/2708/625 5541/2709/625
f 5532/2710/714 5535/2711/714 5536/2487/625 5539/2486/625
f 5529/2712/715 5481/2713/716 5819/2714/651 5528/2715/650
f 5543/2716/626 5526/2485/624 5525/2717/760 5549/2718/627
f 5430/2719/660 5666/2720/646 5672/2721/649 5432/2722/687
f 5667/2723/646 5664/2724/646 5670/2725/649 5673/2726/649
f 5506/2727/773 5480/2728/719 5481/2713/716 5529/2712/715
f 5428/2729/659 5660/2730/645 5666/2720/646 5430/2719/660
f 5661/2731/645 5658/2732/645 5664/2724/646 5667/2723/646
f 5507/2733/720 5479/2734/774 5480/2728/719 5506/2727/773
f 5426/2735/673 5654/2736/644 5660/2730/645 5428/2729/659
f 5655/2737/644 5652/2738/644 5658/2732/645 5661/2731/645
f 5508/2739/722 5478/2740/775 5479/2734/774 5507/2733/720
f 5424/2741/672 5648/2742/643 5654/2736/644 5426/2735/673
f 5649/2743/643 5646/2744/643 5652/2738/644 5655/2737/644
f 5509/2745/724 5477/2746/725 5478/2740/775 5508/2739/722
f 5422/2747/686 5642/2748/642 5648/2742/643 5424/2741/672
f 5643/2749/642 5640/2750/642 5646/2744/643 5649/2743/643
f 5510/2751/726 5476/2752/776 5477/2746/725 5509/2745/724
f 5420/2753/656 5636/2754/641 5642/2748/642 5422/2747/686
f 5637/2755/641 5634/2756/641 5640/2750/642 5643/2749/642
f 5511/2757/728 5475/2758/729 5476/2752/776 5510/2751/726
f 5418/2759/655 5630/2760/640 5636/2754/641 5420/2753/656
f 5631/2761/640 5628/2762/640 5634/2756/641 5637/2755/641
f 5512/2763/730 5474/2764/777 5475/2758/729 5511/2757/728
f 5416/2765/670 5624/2766/639 5630/2760/640 5418/2759/655
f 5625/2767/639 5622/2768/639 5628/2762/640 5631/2761/640
f 5513/2769/732 5473/2770/733 5474/2764/777 5512/2763/730
f 5414/2771/669 5618/2772/638 5624/2766/639 5416/2765/670
f 5619/2773/638 5616/2774/638 5622/2768/639 5625/2767/639
f 5514/2775/734 5472/2776/735 5473/2770/733 5513/2769/732
f 5412/2777/684 5612/2778/637 5618/2772/638 5414/2771/669
f 5613/2779/637 5610/2780/637 5616/2774/638 5619/2773/638
f 5515/2781/736 5471/2782/737 5472/2776/735 5514/2775/734
f 5410/2783/653 5606/2784/636 5612/2778/637 5412/2777/684
f 5607/2785/636 5604/2786/636 5610/2780/637 5613/2779/637
f 5516/2787/738 5470/2788/739 5471/2782/737 5515/2781/736
f 5408/2789/652 5600/2790/635 5606/2784/636 5410/2783/653
f 5601/2791/635 5598/2792/635 5604/2786/636 5607/2785/636
f 5517/2793/778 5469/2794/741 5470/2788/739 5516/2787/738
f 5406/2795/667 5594/2796/634 5600/2790/635 5408/2789/652
f 5595/2797/634 5592/2798/634 5598/2792/635 5601/2791/635
f 5518/2799/779 5468/2800/743 5469/2794/741 5517/2793/778
f 5404/2801/666 5588/2802/633 5594/2796/634 5406/2795/667
f 5589/2803/633 5586/2804/633 5592/2798/634 5595/2797/634
f 5519/2805/744 5467/2806/745 5468/2800/743 5518/2799/779
f 5402/2807/679 5582/2808/632 5588/2802/633 5404/2801/666
f 5583/2809/632 5580/2810/632 5586/2804/633 5589/2803/633
f 5520/2811/766 5466/2812/747 5467/2806/745 5519/2805/744
f 5400/2813/678 5576/2814/631 5582/2808/632 5402/2807/679
f 5577/2815/631 5574/2816/631 5580/2810/632 5583/2809/632
f 5521/2817/748 5465/2818/780 5466/2812/747 5520/2811/766
f 5398/2819/689 5570/2820/630 5576/2814/631 5400/2813/678
f 5571/2821/630 5568/2822/630 5574/2816/631 5577/2815/631
f 5522/2823/750 5464/2824/781 5465/2818/780 5521/2817/748
f 5396/2825/663 5564/2826/629 5570/2820/630 5398/2819/689
f 5565/2827/629 5562/2828/629 5568/2822/630 5571/2821/630
f 5523/2829/752 5463/2830/753 5464/2824/781 5522/2823/750
f 5394/2831/662 5558/2832/628 5564/2826/629 5396/2825/663
f 5559/2833/628 5556/2834/628 5562/2828/629 5565/2827/629
f 5524/2835/754 5462/2836/755 5463/2830/753 5523/2829/752
f 5392/2837/677 5552/2838/627 5558/2832/628 5394/2831/662
f 5553/2839/627 5550/2840/627 5556/2834/628 5559/2833/628
f 5525/2717/760 5461/2841/756 5462/2836/755 5524/2835/754
f 5390/2842/676 5546/2843/626 5552/2838/627 5392/2837/677
f 5547/2844/626 5544/2845/626 5550/2840/627 5553/2839/627
f 5526/2485/624 5820/2484/623 5461/2841/756 5525/2717/760
f 5388/2846/683 5540/2847/625 5546/2843/626 5390/2842/676
f 5541/2709/625 5538/2708/625 5544/2845/626 5547/2844/626
f 5432/2722/687 5672/2721/649 5531/2848/714 5386/2849/682
f 5673/2726/649 5670/2725/649 5533/2850/714 5530/2851/714
f 5671/2535/649 5668/2534/649 5535/2852/714 5532/2853/714
f 5673/2854/649 5530/2855/714 5531/2856/714 5672/2857/649
f 5671/2858/649 5532/2859/714 5533/2860/714 5670/2861/649
f 5669/2862/649 5534/2863/714 5535/2864/714 5668/2865/649
f 5667/2866/646 5673/2854/649 5672/2857/649 5666/2867/646
f 5665/2868/646 5671/2858/649 5670/2861/649 5664/2869/646
f 5663/2870/646 5669/2862/649 5668/2865/649 5662/2871/646
f 5661/2872/645 5667/2866/646 5666/2867/646 5660/2873/645
f 5659/2874/645 5665/2868/646 5664/2869/646 5658/2875/645
f 5657/2876/645 5663/2870/646 5662/2871/646 5656/2877/645
f 5655/2878/644 5661/2872/645 5660/2873/645 5654/2879/644
f 5653/2880/644 5659/2874/645 5658/2875/645 5652/2881/644
f 5651/2882/644 5657/2876/645 5656/2877/645 5650/2883/644
f 5649/2884/643 5655/2878/644 5654/2879/644 5648/2885/643
f 5647/2886/643 5653/2880/644 5652/2881/644 5646/2887/643
f 5645/2888/643 5651/2882/644 5650/2883/644 5644/2889/643
f 5643/2890/642 5649/2884/643 5648/2885/643 5642/2891/642
f 5641/2892/642 5647/2886/643 5646/2887/643 5640/2893/642
f 5639/2894/642 5645/2888/643 5644/2889/643 5638/2895/642
f 5637/2896/641 5643/2890/642 5642/2891/642 5636/2897/641
f 5635/2898/641 5641/2892/642 5640/2893/642 5634/2899/641
f 5633/2900/641 5639/2894/642 5638/2895/642 5632/2901/641
f 5631/2902/640 5637/2896/641 5636/2897/641 5630/2903/640
f 5629/2904/640 5635/2898/641 5634/2899/641 5628/2905/640
f 5627/2906/640 5633/2900/641 5632/2901/641 5626/2907/640
f 5625/2908/639 5631/2902/640 5630/2903/640 5624/2909/639
f 5623/2910/639 5629/2904/640 5628/2905/640 5622/2911/639
f 5621/2912/639 5627/2906/640 5626/2907/640 5620/2913/639
f 5619/2914/638 5625/2908/639 5624/2909/639 5618/2915/638
f 5617/2916/638 5623/2910/639 5622/2911/639 5616/2917/638
f 5615/2918/638 5621/2912/639 5620/2913/639 5614/2919/638
f 5613/2920/637 5619/2914/638 5618/2915/638 5612/2921/637
f 5611/2922/637 5617/2916/638 5616/2917/638 5610/2923/637
f 5609/2924/637 5615/2918/638 5614/2919/638 5608/2925/637
f 5607/2926/636 5613/2920/637 5612/2921/637 5606/2927/636
f 5605/2928/636 5611/2922/637 5610/2923/637 5604/2929/636
f 5603/2930/636 5609/2924/637 5608/2925/637 5602/2931/636
f 5601/2932/635 5607/2926/636 5606/2927/636 5600/2933/635
f 5599/2934/635 5605/2928/636 5604/2929/636 5598/2935/635
f 5597/2936/635 5603/2930/636 5602/2931/636 5596/2937/635
f 5595/2938/634 5601/2932/635 5600/2933/635 5594/2939/634
f 5593/2940/634 5599/2934/635 5598/2935/635 5592/2941/634
f 5591/2942/634 5597/2936/635 5596/2937/635 5590/2943/634
f 5589/2944/633 5595/2938/634 5594/2939/634 5588/2945/633
f 5587/2946/633 5593/2940/634 5592/2941/634 5586/2947/633
f 5585/2948/633 5591/2942/634 5590/2943/634 5584/2949/633
f 5583/2950/632 5589/2944/633 5588/2945/633 5582/2951/632
f 5581/2952/632 5587/2946/633 5586/2947/633 5580/2953/632
f 5579/2954/632 5585/2948/633 5584/2949/633 5578/2955/632
f 5577/2956/631 5583/2950/632 5582/2951/632 5576/2957/631
f 5575/2958/631 5581/2952/632 5580/2953/632 5574/2959/631
f 5573/2960/631 5579/2954/632 5578/2955/632 5572/2961/631
f 5571/2962/630 5577/2956/631 5576/2957/631 5570/2963/630
f 5569/2964/630 5575/2958/631 5574/2959/631 5568/2965/630
f 5567/2966/630 5573/2960/631 5572/2961/631 5566/2967/630
f 5565/2968/629 5571/2962/630 5570/2963/630 5564/2969/629
f 5563/2970/629 5569/2964/630 5568/2965/630 5562/2971/629
f 5561/2972/629 5567/2966/630 5566/2967/630 5560/2973/629
f 5559/2974/628 5565/2968/629 5564/2969/629 5558/2975/628
f 5557/2976/628 5563/2970/629 5562/2971/629 5556/2977/628
f 5555/2978/628 5561/2972/629 5560/2973/629 5554/2979/628
f 5553/2980/627 5559/2974/628 5558/2975/628 5552/2981/627
f 5551/2982/627 5557/2976/628 5556/2977/628 5550/2983/627
f 5549/2984/627 5555/2978/628 5554/2979/628 5548/2985/627
f 5547/2986/626 5553/2980/627 5552/2981/627 5546/2987/626
f 5545/2988/626 5551/2982/627 5550/2983/627 5544/2989/626
f 5543/2990/626 5549/2984/627 5548/2985/627 5542/2991/626
f 5541/2992/625 5547/2986/626 5546/2987/626 5540/2993/625
f 5539/2994/625 5545/2988/626 5544/2989/626 5538/2995/625
f 5537/2996/625 5543/2990/626 5542/2991/626 5536/2997/625
f 5530/2998/714 5541/2992/625 5540/2993/625 5531/2999/714
f 5532/3000/714 5539/2994/625 5538/2995/625 5533/3001/714
f 5534/3002/714 5537/2996/625 5536/2997/625 5535/3003/714
f 5386/3004/682 5531/3005/714 5540/2847/625 5388/2846/683
f 5549/2718/627 5525/2717/760 5524/2835/754 5555/3006/628
f 5555/3006/628 5524/2835/754 5523/2829/752 5561/3007/629
f 5561/3007/629 5523/2829/752 5522/2823/750 5567/3008/630
f 5567/3008/630 5522/2823/750 5521/2817/748 5573/3009/631
f 5573/3009/631 5521/2817/748 5520/2811/766 5579/3010/632
f 5579/3010/632 5520/2811/766 5519/2805/744 5585/3011/633
f 5585/3011/633 5519/2805/744 5518/2799/779 5591/3012/634
f 5591/3012/634 5518/2799/779 5517/2793/778 5597/3013/635
f 5597/3013/635 5517/2793/778 5516/2787/738 5603/3014/636
f 5603/3014/636 5516/2787/738 5515/2781/736 5609/3015/637
f 5609/3015/637 5515/2781/736 5514/2775/734 5615/3016/638
f 5615/3016/638 5514/2775/734 5513/2769/732 5621/3017/639
f 5621/3017/639 5513/2769/732 5512/2763/730 5627/3018/640
f 5627/3018/640 5512/2763/730 5511/2757/728 5633/3019/641
f 5633/3019/641 5511/2757/728 5510/2751/726 5639/3020/642
f 5639/3020/642 5510/2751/726 5509/2745/724 5645/3021/643
f 5645/3021/643 5509/2745/724 5508/2739/722 5651/3022/644
f 5651/3022/644 5508/2739/722 5507/2733/720 5657/3023/645
f 5657/3023/645 5507/2733/720 5506/2727/773 5663/3024/646
f 5663/3024/646 5506/2727/773 5529/2712/715 5669/3025/649
f 5669/3025/649 5529/2712/715 5528/2715/650 5534/3026/714
f 5534/3027/714 5528/2536/650 5527/2482/621 5537/3028/625
f 5537/3028/625 5527/2482/621 5526/2485/624 5543/2716/626
f 5935/3029/782 5959/3030/783 5958/3031/784 5934/3032/785
f 5899/3033/786 5923/3034/787 5922/3035/788 5898/3036/789
f 5913/3037/790 5937/3038/791 5936/3039/792 5912/3040/793
f 5892/3041/794 5916/3042/795 5915/3043/796 5891/3044/797
f 5907/3045/798 5931/3046/799 5930/3047/800 5906/3048/801
f 5900/3049/802 5924/3050/803 5923/3034/787 5899/3033/786
f 5890/3051/804 5914/3052/805 5937/3038/791 5913/3037/790
f 5893/3053/806 5917/3054/807 5916/3042/795 5892/3041/794
f 5908/3055/808 5932/3056/809 5931/3046/799 5907/3045/798
f 5901/3057/810 5925/3058/811 5924/3050/803 5900/3049/802
f 5894/3059/812 5918/3060/813 5917/3054/807 5893/3053/806
f 5909/3061/814 5933/3062/815 5932/3056/809 5908/3055/808
f 5902/3063/816 5926/3064/817 5925/3058/811 5901/3057/810
f 5895/3065/818 5919/3066/819 5918/3060/813 5894/3059/812
f 5910/3067/820 5934/3032/785 5933/3062/815 5909/3061/814
f 5903/3068/821 5927/3069/822 5926/3064/817 5902/3063/816
f 5896/3070/823 5920/3071/824 5919/3066/819 5895/3065/818
f 5911/3072/825 5935/3029/782 5934/3032/785 5910/3067/820
f 5904/3073/826 5928/3074/827 5927/3069/822 5903/3068/821
f 5897/3075/828 5921/3076/829 5920/3077/824 5896/3078/823
f 5912/3040/793 5936/3039/792 5935/3029/782 5911/3072/825
f 5905/3079/830 5929/3080/831 5928/3074/827 5904/3073/826
f 5898/3036/789 5922/3035/788 5921/3076/829 5897/3075/828
f 5891/3044/797 5915/3043/796 5914/3052/805 5890/3051/804
f 5906/3048/801 5930/3047/800 5929/3080/831 5905/3079/830
f 5948/3081/832 5972/3082/833 5971/3083/834 5947/3084/835
f 5928/3074/827 5952/3085/836 5951/3086/837 5927/3069/822
f 5921/3076/829 5945/3087/838 5944/3088/839 5920/3077/824
f 5936/3039/792 5960/3089/840 5959/3030/783 5935/3029/782
f 5929/3080/831 5953/3090/841 5952/3085/836 5928/3074/827
f 5922/3035/788 5946/3091/842 5945/3087/838 5921/3076/829
f 5937/3038/791 5961/3092/843 5960/3089/840 5936/3039/792
f 5915/3043/796 5939/3093/844 5938/3094/845 5914/3052/805
f 5930/3047/800 5954/3095/846 5953/3090/841 5929/3080/831
f 5923/3034/787 5947/3084/835 5946/3091/842 5922/3035/788
f 5914/3052/805 5938/3094/845 5961/3092/843 5937/3038/791
f 5916/3042/795 5940/3096/847 5939/3093/844 5915/3043/796
f 5931/3046/799 5955/3097/848 5954/3095/846 5930/3047/800
f 5924/3050/803 5948/3081/832 5947/3084/835 5923/3034/787
f 5917/3054/807 5941/3098/849 5940/3096/847 5916/3042/795
f 5932/3056/809 5956/3099/850 5955/3097/848 5931/3046/799
f 5925/3058/811 5949/3100/851 5948/3081/832 5924/3050/803
f 5918/3060/813 5942/3101/852 5941/3098/849 5917/3054/807
f 5933/3062/815 5957/3102/853 5956/3099/850 5932/3056/809
f 5926/3064/817 5950/3103/854 5949/3100/851 5925/3058/811
f 5919/3066/819 5943/3104/855 5942/3101/852 5918/3060/813
f 5934/3032/785 5958/3031/784 5957/3102/853 5933/3062/815
f 5927/3069/822 5951/3086/837 5950/3103/854 5926/3064/817
f 5920/3071/824 5944/3105/839 5943/3104/855 5919/3066/819
f 5976/3106/856 6000/3107/857 5999/3108/858 5975/3109/859
f 5941/3098/849 5965/3110/860 5964/3111/861 5940/3096/847
f 5956/3099/850 5980/3112/862 5979/3113/863 5955/3097/848
f 5949/3100/851 5973/3114/864 5972/3082/833 5948/3081/832
f 5942/3101/852 5966/3115/865 5965/3110/860 5941/3098/849
f 5957/3102/853 5981/3116/866 5980/3112/862 5956/3099/850
f 5950/3103/854 5974/3117/867 5973/3114/864 5949/3100/851
f 5943/3104/855 5967/3118/868 5966/3115/865 5942/3101/852
f 5958/3031/784 5982/3119/869 5981/3116/866 5957/3102/853
f 5951/3086/837 5975/3109/859 5974/3117/867 5950/3103/854
f 5944/3105/839 5968/3120/870 5967/3118/868 5943/3104/855
f 5959/3030/783 5983/3121/871 5982/3119/869 5958/3031/784
f 5952/3085/836 5976/3106/856 5975/3109/859 5951/3086/837
f 5945/3087/838 5969/3122/872 5968/3123/870 5944/3088/839
f 5960/3089/840 5984/3124/873 5983/3121/871 5959/3030/783
f 5953/3090/841 5977/3125/874 5976/3106/856 5952/3085/836
f 5946/3091/842 5970/3126/875 5969/3122/872 5945/3087/838
f 5961/3092/843 5985/3127/876 5984/3124/873 5960/3089/840
f 5939/3093/844 5963/3128/877 5962/3129/878 5938/3094/845
f 5954/3095/846 5978/3130/879 5977/3125/874 5953/3090/841
f 5947/3084/835 5971/3083/834 5970/3126/875 5946/3091/842
f 5938/3094/845 5962/3129/878 5985/3127/876 5961/3092/843
f 5940/3096/847 5964/3111/861 5963/3128/877 5939/3093/844
f 5955/3097/848 5979/3113/863 5978/3130/879 5954/3095/846
f 5989/3131/880 6013/3132/881 6012/3133/882 5988/3134/883
f 5969/3122/872 5993/3135/884 5992/3136/885 5968/3123/870
f 5984/3124/873 6008/3137/886 6007/3138/887 5983/3121/871
f 5977/3125/874 6001/3139/888 6000/3107/857 5976/3106/856
f 5970/3126/875 5994/3140/889 5993/3135/884 5969/3122/872
f 5985/3127/876 6009/3141/890 6008/3137/886 5984/3124/873
f 5963/3128/877 5987/3142/891 5986/3143/892 5962/3129/878
f 5978/3130/879 6002/3144/893 6001/3139/888 5977/3125/874
f 5971/3083/834 5995/3145/894 5994/3140/889 5970/3126/875
f 5962/3129/878 5986/3143/892 6009/3141/890 5985/3127/876
f 5964/3111/861 5988/3134/883 5987/3142/891 5963/3128/877
f 5979/3113/863 6003/3146/895 6002/3144/893 5978/3130/879
f 5972/3082/833 5996/3147/896 5995/3145/894 5971/3083/834
f 5965/3110/860 5989/3131/880 5988/3134/883 5964/3111/861
f 5980/3112/862 6004/3148/897 6003/3146/895 5979/3113/863
f 5973/3114/864 5997/3149/898 5996/3147/896 5972/3082/833
f 5966/3115/865 5990/3150/899 5989/3131/880 5965/3110/860
f 5981/3116/866 6005/3151/900 6004/3148/897 5980/3112/862
f 5974/3117/867 5998/3152/901 5997/3149/898 5973/3114/864
f 5967/3118/868 5991/3153/902 5990/3150/899 5966/3115/865
f 5982/3119/869 6006/3154/903 6005/3151/900 5981/3116/866
f 5975/3109/859 5999/3108/858 5998/3152/901 5974/3117/867
f 5968/3120/870 5992/3155/885 5991/3153/902 5967/3118/868
f 5983/3121/871 6007/3138/887 6006/3154/903 5982/3119/869
f 6024/3156/904 6048/3157/905 6047/3158/906 6023/3159/907
f 6004/3148/897 6028/3160/908 6027/3161/909 6003/3146/895
f 5997/3149/898 6021/3162/910 6020/3163/911 5996/3147/896
f 5990/3150/899 6014/3164/912 6013/3132/881 5989/3131/880
f 6005/3151/900 6029/3165/913 6028/3160/908 6004/3148/897
f 5998/3152/901 6022/3166/914 6021/3162/910 5997/3149/898
f 5991/3153/902 6015/3167/915 6014/3164/912 5990/3150/899
f 6006/3154/903 6030/3168/916 6029/3165/913 6005/3151/900
f 5999/3108/858 6023/3159/907 6022/3166/914 5998/3152/901
f 5992/3155/885 6016/3169/917 6015/3167/915 5991/3153/902
f 6007/3138/887 6031/3170/918 6030/3168/916 6006/3154/903
f 6000/3107/857 6024/3156/904 6023/3159/907 5999/3108/858
f 5993/3135/884 6017/3171/919 6016/3172/917 5992/3136/885
f 6008/3137/886 6032/3173/920 6031/3170/918 6007/3138/887
f 6001/3139/888 6025/3174/921 6024/3156/904 6000/3107/857
f 5994/3140/889 6018/3175/922 6017/3171/919 5993/3135/884
f 6009/3141/890 6033/3176/923 6032/3173/920 6008/3137/886
f 5987/3142/891 6011/3177/924 6010/3178/925 5986/3143/892
f 6002/3144/893 6026/3179/926 6025/3174/921 6001/3139/888
f 5995/3145/894 6019/3180/927 6018/3175/922 5994/3140/889
f 5986/3143/892 6010/3178/925 6033/3176/923 6009/3141/890
f 5988/3134/883 6012/3133/882 6011/3177/924 5987/3142/891
f 6003/3146/895 6027/3161/909 6026/3179/926 6002/3144/893
f 5996/3147/896 6020/3163/911 6019/3180/927 5995/3145/894
f 6037/3181/928 6061/3182/351 6060/3183/674 6036/3184/929
f 6017/3171/919 6041/3185/930 6040/3186/931 6016/3172/917
f 6032/3173/920 6056/3187/932 6055/3188/933 6031/3170/918
f 6025/3174/921 6049/3189/934 6048/3157/905 6024/3156/904
f 6018/3175/922 6042/3190/935 6041/3185/930 6017/3171/919
f 6033/3176/923 6057/3191/936 6056/3187/932 6032/3173/920
f 6011/3177/924 6035/3192/937 6034/3193/938 6010/3178/925
f 6026/3179/926 6050/3194/939 6049/3189/934 6025/3174/921
f 6019/3180/927 6043/3195/940 6042/3190/935 6018/3175/922
f 6010/3178/925 6034/3193/938 6057/3191/936 6033/3176/923
f 6012/3133/882 6036/3184/929 6035/3192/937 6011/3177/924
f 6027/3161/909 6051/3196/941 6050/3194/939 6026/3179/926
f 6020/3163/911 6044/3197/942 6043/3195/940 6019/3180/927
f 6013/3132/881 6037/3181/928 6036/3184/929 6012/3133/882
f 6028/3160/908 6052/3198/943 6051/3196/941 6027/3161/909
f 6021/3162/910 6045/3199/944 6044/3197/942 6020/3163/911
f 6014/3164/912 6038/3200/945 6037/3181/928 6013/3132/881
f 6029/3165/913 6053/3201/946 6052/3198/943 6028/3160/908
f 6022/3166/914 6046/3202/947 6045/3199/944 6021/3162/910
f 6015/3167/915 6039/3203/948 6038/3200/945 6014/3164/912
f 6030/3168/916 6054/3204/949 6053/3201/946 6029/3165/913
f 6023/3159/907 6047/3158/906 6046/3202/947 6022/3166/914
f 6016/3169/917 6040/3205/931 6039/3203/948 6015/3167/915
f 6031/3170/918 6055/3188/933 6054/3204/949 6030/3168/916
f 6052/3198/943 6076/3206/274 6075/3207/654 6051/3196/941
f 6045/3199/944 6069/3208/664 6068/3209/665 6044/3197/942
f 6038/3200/945 6062/3210/661 6061/3182/351 6037/3181/928
f 6053/3201/946 6077/3211/685 6076/3206/274 6052/3198/943
f 6046/3202/947 6070/3212/273 6069/3208/664 6045/3199/944
f 6039/3203/948 6063/3213/688 6062/3210/661 6038/3200/945
f 6054/3204/949 6078/3214/671 6077/3211/685 6053/3201/946
f 6047/3158/906 6071/3215/681 6070/3212/273 6046/3202/947
f 6040/3205/931 6064/3216/272 6063/3213/688 6039/3203/948
f 6055/3188/933 6079/3217/354 6078/3214/671 6054/3204/949
f 6048/3157/905 6072/3218/680 6071/3215/681 6047/3158/906
f 6041/3185/930 6065/3219/648 6064/3220/272 6040/3186/931
f 6056/3187/932 6080/3221/658 6079/3217/354 6055/3188/933
f 6049/3189/934 6073/3222/353 6072/3218/680 6048/3157/905
f 6042/3190/935 6066/3223/647 6065/3219/648 6041/3185/930
f 6057/3191/936 6081/3224/950 6080/3221/658 6056/3187/932
f 6035/3192/937 6059/3225/951 6058/3226/271 6034/3193/938
f 6050/3194/939 6074/3227/668 6073/3222/353 6049/3189/934
f 6043/3195/940 6067/3228/352 6066/3223/647 6042/3190/935
f 6034/3193/938 6058/3226/271 6081/3224/950 6057/3191/936
f 6036/3184/929 6060/3183/674 6059/3225/951 6035/3192/937
f 6051/3196/941 6075/3207/654 6074/3227/668 6050/3194/939
f 6044/3197/942 6068/3209/665 6067/3228/352 6043/3195/940
f 6127/3029/782 6151/3030/783 6150/3031/784 6126/3032/785
f 6091/3033/786 6115/3034/787 6114/3035/952 6090/3036/789
f 6105/3037/953 6129/3038/954 6128/3039/955 6104/3040/793
f 6084/3041/794 6108/3042/795 6107/3043/956 6083/3044/797
f 6099/3045/798 6123/3046/799 6122/3047/800 6098/3048/801
f 6092/3049/802 6116/3050/803 6115/3034/787 6091/3033/786
f 6082/3051/804 6106/3052/805 6129/3038/954 6105/3037/953
f 6085/3053/957 6109/3054/807 6108/3042/795 6084/3041/794
f 6100/3055/808 6124/3056/809 6123/3046/799 6099/3045/798
f 6093/3057/810 6117/3058/811 6116/3050/803 6092/3049/802
f 6086/3059/812 6110/3060/813 6109/3054/807 6085/3053/957
f 6101/3061/814 6125/3062/958 6124/3056/809 6100/3055/808
f 6094/3063/816 6118/3064/817 6117/3058/811 6093/3057/810
f 6087/3065/818 6111/3066/819 6110/3060/813 6086/3059/812
f 6102/3067/820 6126/3032/785 6125/3062/958 6101/3061/814
f 6095/3068/821 6119/3069/822 6118/3064/817 6094/3063/816
f 6088/3070/823 6112/3071/824 6111/3066/819 6087/3065/818
f 6103/3072/959 6127/3029/782 6126/3032/785 6102/3067/820
f 6096/3073/826 6120/3074/827 6119/3069/822 6095/3068/821
f 6089/3075/828 6113/3076/829 6112/3077/824 6088/3078/823
f 6104/3040/793 6128/3039/955 6127/3029/782 6103/3072/959
f 6097/3079/830 6121/3080/831 6120/3074/827 6096/3073/826
f 6090/3036/789 6114/3035/952 6113/3076/829 6089/3075/828
f 6083/3044/797 6107/3043/956 6106/3052/805 6082/3051/804
f 6098/3048/801 6122/3047/800 6121/3080/831 6097/3079/830
f 6140/3081/832 6164/3082/833 6163/3083/834 6139/3084/835
f 6120/3074/827 6144/3085/836 6143/3086/837 6119/3069/822
f 6113/3076/829 6137/3087/838 6136/3088/839 6112/3077/824
f 6128/3039/955 6152/3089/840 6151/3030/783 6127/3029/782
f 6121/3080/831 6145/3090/841 6144/3085/836 6120/3074/827
f 6114/3035/952 6138/3091/960 6137/3087/838 6113/3076/829
f 6129/3038/954 6153/3092/843 6152/3089/840 6128/3039/955
f 6107/3043/956 6131/3093/844 6130/3094/845 6106/3052/805
f 6122/3047/800 6146/3095/846 6145/3090/841 6121/3080/831
f 6115/3034/787 6139/3084/835 6138/3091/960 6114/3035/952
f 6106/3052/805 6130/3094/845 6153/3092/843 6129/3038/954
f 6108/3042/795 6132/3096/847 6131/3093/844 6107/3043/956
f 6123/3046/799 6147/3097/961 6146/3095/846 6122/3047/800
f 6116/3050/803 6140/3081/832 6139/3084/835 6115/3034/787
f 6109/3054/807 6133/3098/849 6132/3096/847 6108/3042/795
f 6124/3056/809 6148/3099/850 6147/3097/961 6123/3046/799
f 6117/3058/811 6141/3100/851 6140/3081/832 6116/3050/803
f 6110/3060/813 6134/3101/852 6133/3098/849 6109/3054/807
f 6125/3062/958 6149/3102/853 6148/3099/850 6124/3056/809
f 6118/3064/817 6142/3103/854 6141/3100/851 6117/3058/811
f 6111/3066/819 6135/3104/855 6134/3101/852 6110/3060/813
f 6126/3032/785 6150/3031/784 6149/3102/853 6125/3062/958
f 6119/3069/822 6143/3086/837 6142/3103/854 6118/3064/817
f 6112/3071/824 6136/3105/839 6135/3104/855 6111/3066/819
f 6168/3106/856 6192/3107/857 6191/3108/962 6167/3109/859
f 6133/3098/849 6157/3110/860 6156/3111/861 6132/3096/847
f 6148/3099/850 6172/3112/862 6171/3113/863 6147/3097/961
f 6141/3100/851 6165/3114/864 6164/3082/833 6140/3081/832
f 6134/3101/852 6158/3115/865 6157/3110/860 6133/3098/849
f 6149/3102/853 6173/3116/866 6172/3112/862 6148/3099/850
f 6142/3103/854 6166/3117/867 6165/3114/864 6141/3100/851
f 6135/3104/855 6159/3118/868 6158/3115/865 6134/3101/852
f 6150/3031/784 6174/3119/869 6173/3116/866 6149/3102/853
f 6143/3086/837 6167/3109/859 6166/3117/867 6142/3103/854
f 6136/3105/839 6160/3120/870 6159/3118/868 6135/3104/855
f 6151/3030/783 6175/3121/871 6174/3119/869 6150/3031/784
f 6144/3085/836 6168/3106/856 6167/3109/859 6143/3086/837
f 6137/3087/838 6161/3122/872 6160/3123/870 6136/3088/839
f 6152/3089/840 6176/3124/963 6175/3121/871 6151/3030/783
f 6145/3090/841 6169/3125/874 6168/3106/856 6144/3085/836
f 6138/3091/960 6162/3126/964 6161/3122/872 6137/3087/838
f 6153/3092/843 6177/3127/965 6176/3124/963 6152/3089/840
f 6131/3093/844 6155/3128/877 6154/3129/878 6130/3094/845
f 6146/3095/846 6170/3130/966 6169/3125/874 6145/3090/841
f 6139/3084/835 6163/3083/834 6162/3126/964 6138/3091/960
f 6130/3094/845 6154/3129/878 6177/3127/965 6153/3092/843
f 6132/3096/847 6156/3111/861 6155/3128/877 6131/3093/844
f 6147/3097/961 6171/3113/863 6170/3130/966 6146/3095/846
f 6181/3131/880 6205/3132/881 6204/3133/882 6180/3134/883
f 6161/3122/872 6185/3135/884 6184/3136/885 6160/3123/870
f 6176/3124/963 6200/3137/886 6199/3138/887 6175/3121/871
f 6169/3125/874 6193/3139/888 6192/3107/857 6168/3106/856
f 6162/3126/964 6186/3140/889 6185/3135/884 6161/3122/872
f 6177/3127/965 6201/3141/890 6200/3137/886 6176/3124/963
f 6155/3128/877 6179/3142/891 6178/3143/892 6154/3129/878
f 6170/3130/966 6194/3144/967 6193/3139/888 6169/3125/874
f 6163/3083/834 6187/3145/894 6186/3140/889 6162/3126/964
f 6154/3129/878 6178/3143/892 6201/3141/890 6177/3127/965
f 6156/3111/861 6180/3134/883 6179/3142/891 6155/3128/877
f 6171/3113/863 6195/3146/895 6194/3144/967 6170/3130/966
f 6164/3082/833 6188/3147/896 6187/3145/894 6163/3083/834
f 6157/3110/860 6181/3131/880 6180/3134/883 6156/3111/861
f 6172/3112/862 6196/3148/897 6195/3146/895 6171/3113/863
f 6165/3114/864 6189/3149/898 6188/3147/896 6164/3082/833
f 6158/3115/865 6182/3150/899 6181/3131/880 6157/3110/860
f 6173/3116/866 6197/3151/968 6196/3148/897 6172/3112/862
f 6166/3117/867 6190/3152/901 6189/3149/898 6165/3114/864
f 6159/3118/868 6183/3153/902 6182/3150/899 6158/3115/865
f 6174/3119/869 6198/3154/903 6197/3151/968 6173/3116/866
f 6167/3109/859 6191/3108/962 6190/3152/901 6166/3117/867
f 6160/3120/870 6184/3155/885 6183/3153/902 6159/3118/868
f 6175/3121/871 6199/3138/887 6198/3154/903 6174/3119/869
f 6216/3156/904 6240/3157/905 6239/3158/906 6215/3159/907
f 6196/3148/897 6220/3160/908 6219/3161/969 6195/3146/895
f 6189/3149/898 6213/3162/910 6212/3163/911 6188/3147/896
f 6182/3150/899 6206/3164/912 6205/3132/881 6181/3131/880
f 6197/3151/968 6221/3165/970 6220/3160/908 6196/3148/897
f 6190/3152/901 6214/3166/914 6213/3162/910 6189/3149/898
f 6183/3153/902 6207/3167/915 6206/3164/912 6182/3150/899
f 6198/3154/903 6222/3168/916 6221/3165/970 6197/3151/968
f 6191/3108/962 6215/3159/907 6214/3166/914 6190/3152/901
f 6184/3155/885 6208/3169/917 6207/3167/915 6183/3153/902
f 6199/3138/887 6223/3170/918 6222/3168/916 6198/3154/903
f 6192/3107/857 6216/3156/904 6215/3159/907 6191/3108/962
f 6185/3135/884 6209/3171/919 6208/3172/917 6184/3136/885
f 6200/3137/886 6224/3173/971 6223/3170/918 6199/3138/887
f 6193/3139/888 6217/3174/921 6216/3156/904 6192/3107/857
f 6186/3140/889 6210/3175/922 6209/3171/919 6185/3135/884
f 6201/3141/890 6225/3176/972 6224/3173/971 6200/3137/886
f 6179/3142/891 6203/3177/973 6202/3178/925 6178/3143/892
f 6194/3144/967 6218/3179/974 6217/3174/921 6193/3139/888
f 6187/3145/894 6211/3180/927 6210/3175/922 6186/3140/889
f 6178/3143/892 6202/3178/925 6225/3176/972 6201/3141/890
f 6180/3134/883 6204/3133/882 6203/3177/973 6179/3142/891
f 6195/3146/895 6219/3161/969 6218/3179/974 6194/3144/967
f 6188/3147/896 6212/3163/911 6211/3180/927 6187/3145/894
f 6229/3181/928 6253/3182/351 6252/3183/674 6228/3184/929
f 6209/3171/919 6233/3185/930 6232/3186/931 6208/3172/917
f 6224/3173/971 6248/3187/975 6247/3188/933 6223/3170/918
f 6217/3174/921 6241/3189/934 6240/3157/905 6216/3156/904
f 6210/3175/922 6234/3190/935 6233/3185/930 6209/3171/919
f 6225/3176/972 6249/3191/936 6248/3187/975 6224/3173/971
f 6203/3177/973 6227/3192/937 6226/3193/938 6202/3178/925
f 6218/3179/974 6242/3194/939 6241/3189/934 6217/3174/921
f 6211/3180/927 6235/3195/940 6234/3190/935 6210/3175/922
f 6202/3178/925 6226/3193/938 6249/3191/936 6225/3176/972
f 6204/3133/882 6228/3184/929 6227/3192/937 6203/3177/973
f 6219/3161/969 6243/3196/941 6242/3194/939 6218/3179/974
f 6212/3163/911 6236/3197/942 6235/3195/940 6211/3180/927
f 6205/3132/881 6229/3181/928 6228/3184/929 6204/3133/882
f 6220/3160/908 6244/3198/943 6243/3196/941 6219/3161/969
f 6213/3162/910 6237/3199/944 6236/3197/942 6212/3163/911
f 6206/3164/912 6230/3200/945 6229/3181/928 6205/3132/881
f 6221/3165/970 6245/3201/946 6244/3198/943 6220/3160/908
f 6214/3166/914 6238/3202/947 6237/3199/944 6213/3162/910
f 6207/3167/915 6231/3203/948 6230/3200/945 6206/3164/912
f 6222/3168/916 6246/3204/949 6245/3201/946 6221/3165/970
f 6215/3159/907 6239/3158/906 6238/3202/947 6214/3166/914
f 6208/3169/917 6232/3205/931 6231/3203/948 6207/3167/915
f 6223/3170/918 6247/3188/933 6246/3204/949 6222/3168/916
f 6244/3198/943 6268/3206/274 6267/3207/654 6243/3196/941
f 6237/3199/944 6261/3208/664 6260/3209/665 6236/3197/942
f 6230/3200/945 6254/3210/661 6253/3182/351 6229/3181/928
f 6245/3201/946 6269/3211/685 6268/3206/274 6244/3198/943
f 6238/3202/947 6262/3212/273 6261/3208/664 6237/3199/944
f 6231/3203/948 6255/3213/688 6254/3210/661 6230/3200/945
f 6246/3204/949 6270/3214/671 6269/3211/685 6245/3201/946
f 6239/3158/906 6263/3215/681 6262/3212/273 6238/3202/947
f 6232/3205/931 6256/3216/272 6255/3213/688 6231/3203/948
f 6247/3188/933 6271/3217/354 6270/3214/671 6246/3204/949
f 6240/3157/905 6264/3218/680 6263/3215/681 6239/3158/906
f 6233/3185/930 6257/3219/648 6256/3220/272 6232/3186/931
f 6248/3187/975 6272/3221/658 6271/3217/354 6247/3188/933
f 6241/3189/934 6265/3222/353 6264/3218/680 6240/3157/905
f 6234/3190/935 6258/3223/647 6257/3219/648 6233/3185/930
f 6249/3191/936 6273/3224/657 6272/3221/658 6248/3187/975
f 6227/3192/937 6251/3225/675 6250/3226/271 6226/3193/938
f 6242/3194/939 6266/3227/668 6265/3222/353 6241/3189/934
f 6235/3195/940 6259/3228/352 6258/3223/647 6234/3190/935
f 6226/3193/938 6250/3226/271 6273/3224/657 6249/3191/936
f 6228/3184/929 6252/3183/674 6251/3225/675 6227/3192/937
f 6243/3196/941 6267/3207/654 6266/3227/668 6242/3194/939
f 6236/3197/942 6260/3209/665 6259/3228/352 6235/3195/940
f 6274/3229/272 6275/3230/976 6277/3231/977 6276/3232/978
f 6276/3232/978 6277/3231/977 6279/3233/979 6278/3234/352
f 6278/3234/352 6279/3233/979 6281/3235/980 6280/3236/981
f 6280/3236/981 6281/3235/980 6283/3237/982 6282/3238/273
f 6282/3239/273 6283/3240/982 6285/3241/983 6284/3242/984
f 6284/3242/984 6285/3241/983 6287/3243/985 6286/3244/353
f 6286/3244/353 6287/3243/985 6289/3245/986 6288/3246/987
f 6288/3246/987 6289/3245/986 6291/3247/988 6290/3248/274
f 6290/3248/274 6291/3247/988 6293/3249/989 6292/3250/990
f 6292/3250/990 6293/3249/989 6295/3251/991 6294/3252/354
f 6294/3252/354 6295/3251/991 6297/3253/992 6296/3254/993
f 6296/3254/993 6297/3253/992 6299/3255/994 6298/3256/271
f 6298/3256/271 6299/3255/994 6301/3257/995 6300/3258/996
f 6300/3258/996 6301/3257/995 6303/3259/997 6302/3260/351
f 6287/3243/985 6285/3241/983 6311/3261/998 6312/3262/999
f 6302/3260/351 6303/3259/997 6305/3263/1000 6304/3264/1001
f 6304/3264/1001 6305/3263/1000 6275/3230/976 6274/3229/272
f 6274/3265/35 6276/3266/35 6278/3267/35 6280/3268/35 6282/3269/35 6284/3270/35 6286/3271/35 6288/3272/35 6290/3273/35 6292/3274/35 6294/3275/35 6296/3276/35 6298/3277/35 6300/3278/35 6302/3279/35 6304/3280/35
f 6313/3281/1002 6312/3262/999 6328/3282/1003 6329/3283/1004
f 6297/3253/992 6295/3251/991 6316/3284/1005 6317/3285/1006
f 6275/3230/976 6305/3263/1000 6321/3286/1007 6306/3287/1008
f 6283/3237/982 6281/3235/980 6309/3288/1009 6310/3289/1010
f 6293/3249/989 6291/3247/988 6314/3290/1011 6315/3291/1012
f 6303/3259/997 6301/3257/995 6319/3292/1013 6320/3293/1014
f 6279/3233/979 6277/3231/977 6307/3294/1015 6308/3295/1016
f 6289/3245/986 6287/3243/985 6312/3262/999 6313/3281/1002
f 6299/3255/994 6297/3253/992 6317/3285/1006 6318/3296/1017
f 6285/3241/983 6283/3240/982 6310/3297/1010 6311/3261/998
f 6295/3251/991 6293/3249/989 6315/3291/1012 6316/3284/1005
f 6305/3263/1000 6303/3259/997 6320/3293/1014 6321/3286/1007
f 6281/3235/980 6279/3233/979 6308/3295/1016 6309/3288/1009
f 6291/3247/988 6289/3245/986 6313/3281/1002 6314/3290/1011
f 6277/3231/977 6275/3230/976 6306/3287/1008 6307/3294/1015
f 6301/3257/995 6299/3255/994 6318/3296/1017 6319/3292/1013
f 6334/3298/583 6333/3299/1018 6349/3300/1019 6350/3301/1020
f 6321/3286/1007 6320/3293/1014 6336/3302/1021 6337/3303/1022
f 6314/3290/1011 6313/3281/1002 6329/3283/1004 6330/3304/1023
f 6307/3294/1015 6306/3287/1008 6322/3305/1024 6323/3306/1025
f 6306/3287/1008 6321/3286/1007 6337/3303/1022 6322/3305/1024
f 6315/3291/1012 6314/3290/1011 6330/3304/1023 6331/3307/1026
f 6308/3295/1016 6307/3294/1015 6323/3306/1025 6324/3308/1027
f 6316/3284/1005 6315/3291/1012 6331/3307/1026 6332/3309/1028
f 6309/3288/1009 6308/3295/1016 6324/3308/1027 6325/3310/1029
f 6317/3285/1006 6316/3284/1005 6332/3309/1028 6333/3299/1018
f 6310/3289/1010 6309/3288/1009 6325/3310/1029 6326/3311/1030
f 6318/3296/1017 6317/3285/1006 6333/3299/1018 6334/3298/583
f 6311/3261/998 6310/3297/1010 6326/3312/1030 6327/3313/1031
f 6319/3292/1013 6318/3296/1017 6334/3298/583 6335/3314/1032
f 6312/3262/999 6311/3261/998 6327/3313/1031 6328/3282/1003
f 6320/3293/1014 6319/3292/1013 6335/3314/1032 6336/3302/1021
f 6348/3315/1033 6347/3316/1034 6363/3317/1035 6364/3318/1036
f 6327/3313/1031 6326/3312/1030 6342/3319/1037 6343/3320/1038
f 6335/3314/1032 6334/3298/583 6350/3301/1020 6351/3321/1039
f 6328/3282/1003 6327/3313/1031 6343/3320/1038 6344/3322/1040
f 6336/3302/1021 6335/3314/1032 6351/3321/1039 6352/3323/1041
f 6329/3283/1004 6328/3282/1003 6344/3322/1040 6345/3324/1042
f 6337/3303/1022 6336/3302/1021 6352/3323/1041 6353/3325/1043
f 6330/3304/1023 6329/3283/1004 6345/3324/1042 6346/3326/1044
f 6323/3306/1025 6322/3305/1024 6338/3327/1045 6339/3328/1046
f 6322/3305/1024 6337/3303/1022 6353/3325/1043 6338/3327/1045
f 6331/3307/1026 6330/3304/1023 6346/3326/1044 6347/3316/1034
f 6324/3308/1027 6323/3306/1025 6339/3328/1046 6340/3329/1047
f 6332/3309/1028 6331/3307/1026 6347/3316/1034 6348/3315/1033
f 6325/3310/1029 6324/3308/1027 6340/3329/1047 6341/3330/1048
f 6333/3299/1018 6332/3309/1028 6348/3315/1033 6349/3300/1019
f 6326/3311/1030 6325/3310/1029 6341/3330/1048 6342/3331/1037
f 6369/3332/1049 6368/3333/1050 6384/3334/1051 6385/3335/1052
f 6341/3330/1048 6340/3329/1047 6356/3336/1053 6357/3337/1054
f 6349/3300/1019 6348/3315/1033 6364/3318/1036 6365/3338/1055
f 6342/3331/1037 6341/3330/1048 6357/3337/1054 6358/3339/1056
f 6350/3301/1020 6349/3300/1019 6365/3338/1055 6366/3340/1057
f 6343/3320/1038 6342/3319/1037 6358/3341/1056 6359/3342/1058
f 6351/3321/1039 6350/3301/1020 6366/3340/1057 6367/3343/1059
f 6344/3322/1040 6343/3320/1038 6359/3342/1058 6360/3344/1060
f 6352/3323/1041 6351/3321/1039 6367/3343/1059 6368/3333/1050
f 6345/3324/1042 6344/3322/1040 6360/3344/1060 6361/3345/1061
f 6353/3325/1043 6352/3323/1041 6368/3333/1050 6369/3332/1049
f 6346/3326/1044 6345/3324/1042 6361/3345/1061 6362/3346/1062
f 6339/3328/1046 6338/3327/1045 6354/3347/1063 6355/3348/1064
f 6338/3327/1045 6353/3325/1043 6369/3332/1049 6354/3347/1063
f 6347/3316/1034 6346/3326/1044 6362/3346/1062 6363/3317/1035
f 6340/3329/1047 6339/3328/1046 6355/3348/1064 6356/3336/1053
f 6362/3346/1062 6361/3345/1061 6377/3349/1065 6378/3350/274
f 6355/3348/1064 6354/3347/1063 6371/3351/272 6370/3352/1066
f 6354/3347/1063 6369/3332/1049 6385/3335/1052 6371/3351/272
f 6363/3317/1035 6362/3346/1062 6378/3350/274 6379/3353/1067
f 6356/3336/1053 6355/3348/1064 6370/3352/1066 6372/3354/870
f 6364/3318/1036 6363/3317/1035 6379/3353/1067 6380/3355/862
f 6357/3337/1054 6356/3336/1053 6372/3354/870 6373/3356/1068
f 6365/3338/1055 6364/3318/1036 6380/3355/862 6381/3357/1069
f 6358/3339/1056 6357/3337/1054 6373/3356/1068 6374/3358/35
f 6366/3340/1057 6365/3338/1055 6381/3357/1069 6382/3359/278
f 6359/3342/1058 6358/3341/1056 6374/3360/35 6375/3361/1070
f 6367/3343/1059 6366/3340/1057 6382/3359/278 6383/3362/1071
f 6360/3344/1060 6359/3342/1058 6375/3361/1070 6376/3363/1072
f 6368/3333/1050 6367/3343/1059 6383/3362/1071 6384/3334/1051
f 6361/3345/1061 6360/3344/1060 6376/3363/1072 6377/3349/1065
