# Blender 5.1.2
# www.blender.org
mtllib gym.mtl
o Gym_1269.012
v -0.270709 0.513422 0.176158
v -0.270709 0.513422 0.170729
v -0.269406 0.513536 0.172037
v -0.269406 0.513536 0.174851
v -0.271653 0.524215 0.176158
v -0.271653 0.524215 0.170729
v -0.270351 0.524329 0.174851
v -0.270351 0.524329 0.172037
v -0.258838 0.514461 0.176158
v -0.260141 0.514347 0.174851
v -0.259782 0.525253 0.176158
v -0.261085 0.525139 0.174851
v -0.258838 0.514461 0.165466
v -0.260141 0.514347 0.166050
v -0.259782 0.525253 0.165466
v -0.261085 0.525139 0.166050
v -0.259541 0.514399 0.164832
v -0.260376 0.514326 0.165837
v -0.260485 0.525192 0.164832
v -0.261320 0.525119 0.165837
v -0.260104 0.514350 0.164396
v -0.260866 0.514283 0.165457
v -0.261048 0.525143 0.164396
v -0.261810 0.525076 0.165457
v -0.260720 0.514296 0.163979
v -0.261416 0.514235 0.165086
v -0.261664 0.525089 0.163979
v -0.262360 0.525028 0.165086
v -0.261391 0.514237 0.163582
v -0.262024 0.514182 0.164725
v -0.262335 0.525030 0.163582
v -0.262968 0.524975 0.164725
v -0.262115 0.514174 0.163202
v -0.262691 0.514123 0.164376
v -0.263060 0.524967 0.163202
v -0.263635 0.524916 0.164376
v -0.262895 0.514106 0.162840
v -0.263417 0.514060 0.164038
v -0.263840 0.524898 0.162840
v -0.264362 0.524853 0.164038
v -0.263730 0.514033 0.162494
v -0.264200 0.513991 0.163714
v -0.264674 0.524825 0.162494
v -0.265145 0.524784 0.163714
v -0.264599 0.513957 0.162179
v -0.265010 0.513921 0.163421
v -0.265543 0.524749 0.162179
v -0.265954 0.524713 0.163421
v -0.265474 0.513880 0.161912
v -0.265820 0.513850 0.163173
v -0.266418 0.524673 0.161912
v -0.266764 0.524642 0.163173
v -0.266352 0.513803 0.161693
v -0.266632 0.513779 0.162971
v -0.267296 0.524596 0.161693
v -0.267576 0.524571 0.162971
v -0.267235 0.513726 0.161523
v -0.267446 0.513707 0.162813
v -0.268179 0.524519 0.161523
v -0.268390 0.524500 0.162813
v -0.268120 0.513648 0.161401
v -0.268262 0.513636 0.162701
v -0.269065 0.524441 0.161401
v -0.269206 0.524429 0.162701
v -0.269010 0.513571 0.161328
v -0.269081 0.513564 0.162634
v -0.269954 0.524363 0.161328
v -0.270025 0.524357 0.162634
v -0.269905 0.513492 0.161303
v -0.269902 0.513493 0.162611
v -0.270849 0.524285 0.161303
v -0.270846 0.524285 0.162611
v -0.271015 0.513395 0.161338
v -0.270934 0.513402 0.162643
v -0.271960 0.524188 0.161338
v -0.271878 0.524195 0.162643
v -0.272090 0.513301 0.161440
v -0.271922 0.513316 0.162738
v -0.273034 0.524094 0.161440
v -0.272866 0.524109 0.162738
v -0.273127 0.513210 0.161613
v -0.272868 0.513233 0.162895
v -0.274071 0.524003 0.161613
v -0.273813 0.524026 0.162895
v -0.274125 0.513123 0.161854
v -0.273772 0.513154 0.163114
v -0.275070 0.523916 0.161854
v -0.274716 0.523947 0.163114
v -0.275086 0.513039 0.162166
v -0.274636 0.513078 0.163394
v -0.276030 0.523832 0.162166
v -0.275580 0.523871 0.163394
v -0.276005 0.512959 0.162548
v -0.275458 0.513006 0.163736
v -0.276950 0.523751 0.162548
v -0.276403 0.523799 0.163736
v -0.276885 0.512882 0.163001
v -0.276242 0.512938 0.164140
v -0.277829 0.523674 0.163001
v -0.277187 0.523731 0.164140
v -0.277715 0.512809 0.163519
v -0.276979 0.512873 0.164599
v -0.278659 0.523602 0.163519
v -0.277923 0.523666 0.164599
v -0.278486 0.512742 0.164100
v -0.277658 0.512814 0.165111
v -0.279430 0.523534 0.164100
v -0.278602 0.523607 0.165111
v -0.279196 0.512679 0.164741
v -0.278282 0.512759 0.165674
v -0.280140 0.523472 0.164741
v -0.279226 0.523552 0.165674
v -0.279846 0.512623 0.165443
v -0.278851 0.512710 0.166290
v -0.280790 0.523415 0.165443
v -0.279796 0.523502 0.166290
v -0.280433 0.512571 0.166205
v -0.279368 0.512664 0.166960
v -0.281378 0.523364 0.166205
v -0.280313 0.523457 0.166960
v -0.280958 0.512525 0.167024
v -0.279833 0.512624 0.167685
v -0.281903 0.523318 0.167024
v -0.280777 0.523417 0.167685
v -0.281420 0.512485 0.167899
v -0.280245 0.512588 0.168468
v -0.282364 0.523278 0.167899
v -0.281189 0.523380 0.168468
v -0.281816 0.512450 0.168809
v -0.280606 0.512556 0.169294
v -0.282760 0.523243 0.168809
v -0.281550 0.523349 0.169294
v -0.282152 0.512421 0.169738
v -0.280913 0.512529 0.170143
v -0.283096 0.523214 0.169738
v -0.281857 0.523322 0.170143
v -0.282426 0.512397 0.170691
v -0.281163 0.512507 0.171012
v -0.283370 0.523190 0.170691
v -0.282107 0.523300 0.171012
v -0.282639 0.512378 0.171664
v -0.281358 0.512490 0.171904
v -0.283583 0.523171 0.171664
v -0.282302 0.523283 0.171904
v -0.282790 0.512365 0.172659
v -0.281497 0.512478 0.172817
v -0.283735 0.523158 0.172659
v -0.282442 0.523271 0.172817
v -0.282882 0.512357 0.173674
v -0.281581 0.512471 0.173752
v -0.283826 0.523150 0.173674
v -0.282525 0.523264 0.173752
v -0.282912 0.512354 0.174711
v -0.281609 0.512468 0.174710
v -0.283856 0.523147 0.174711
v -0.282553 0.523261 0.174710
v -0.282878 0.512357 0.175827
v -0.281578 0.512471 0.175746
v -0.283822 0.523150 0.175827
v -0.282522 0.523264 0.175746
v -0.282776 0.512366 0.176911
v -0.281484 0.512479 0.176745
v -0.283721 0.523159 0.176911
v -0.282429 0.523272 0.176745
v -0.282607 0.512381 0.177962
v -0.281328 0.512493 0.177707
v -0.283551 0.523174 0.177962
v -0.282272 0.523286 0.177707
v -0.282368 0.512402 0.178979
v -0.281111 0.512512 0.178633
v -0.283312 0.523195 0.178979
v -0.282055 0.523305 0.178633
v -0.282061 0.512429 0.179962
v -0.280833 0.512536 0.179524
v -0.283005 0.523222 0.179962
v -0.281777 0.523329 0.179524
v -0.281685 0.512462 0.180911
v -0.280493 0.512566 0.180380
v -0.282629 0.523255 0.180911
v -0.281437 0.523359 0.180380
v -0.281239 0.512501 0.181824
v -0.280092 0.512601 0.181202
v -0.282184 0.523293 0.181824
v -0.281036 0.523394 0.181202
v -0.280725 0.512546 0.182693
v -0.279633 0.512641 0.181977
v -0.281669 0.523338 0.182693
v -0.280578 0.523434 0.181977
v -0.280145 0.512596 0.183504
v -0.279120 0.512686 0.182696
v -0.281090 0.523389 0.183504
v -0.280065 0.523479 0.182696
v -0.279501 0.512653 0.184257
v -0.278552 0.512736 0.183360
v -0.280445 0.523446 0.184257
v -0.279496 0.523529 0.183360
v -0.278793 0.512715 0.184949
v -0.277926 0.512791 0.183972
v -0.279737 0.523508 0.184949
v -0.278870 0.523583 0.183972
v -0.278022 0.512782 0.185580
v -0.277242 0.512850 0.184531
v -0.278966 0.523575 0.185580
v -0.278186 0.523643 0.184531
v -0.277188 0.512855 0.186150
v -0.276499 0.512915 0.185039
v -0.278132 0.523648 0.186150
v -0.277444 0.523708 0.185039
v -0.276294 0.512933 0.186658
v -0.275697 0.512986 0.185494
v -0.277238 0.523726 0.186658
v -0.276642 0.523778 0.185494
v -0.275553 0.512998 0.187004
v -0.275052 0.513042 0.185796
v -0.276497 0.523791 0.187004
v -0.275996 0.523835 0.185796
v -0.274765 0.513067 0.187296
v -0.274362 0.513102 0.186052
v -0.275709 0.523860 0.187296
v -0.275306 0.523895 0.186052
v -0.273932 0.513140 0.187533
v -0.273621 0.513167 0.186263
v -0.274876 0.523933 0.187533
v -0.274566 0.523960 0.186263
v -0.273056 0.513217 0.187716
v -0.272831 0.513236 0.186428
v -0.274000 0.524009 0.187716
v -0.273776 0.524029 0.186428
v -0.272135 0.513297 0.187847
v -0.271992 0.513310 0.186546
v -0.273079 0.524090 0.187847
v -0.272936 0.524103 0.186546
v -0.271171 0.513382 0.187924
v -0.271102 0.513388 0.186618
v -0.272115 0.524174 0.187924
v -0.272046 0.524180 0.186618
v -0.270161 0.513470 0.187950
v -0.270165 0.513470 0.186642
v -0.271105 0.524263 0.187950
v -0.271109 0.524262 0.186642
v -0.268865 0.513583 0.187910
v -0.268949 0.513576 0.186604
v -0.269809 0.524376 0.187910
v -0.269893 0.524369 0.186604
v -0.267643 0.513690 0.187788
v -0.267823 0.513674 0.186492
v -0.268587 0.524483 0.187788
v -0.268767 0.524467 0.186492
v -0.266497 0.513791 0.187583
v -0.266781 0.513766 0.186306
v -0.267441 0.524583 0.187583
v -0.267726 0.524558 0.186306
v -0.265427 0.513884 0.187293
v -0.265826 0.513849 0.186047
v -0.266371 0.524677 0.187293
v -0.266770 0.524642 0.186047
v -0.264433 0.513971 0.186918
v -0.264957 0.513925 0.185719
v -0.265378 0.524764 0.186918
v -0.265902 0.524718 0.185719
v -0.263518 0.514051 0.186455
v -0.264171 0.513994 0.185322
v -0.264462 0.524844 0.186455
v -0.265116 0.524787 0.185322
v -0.262687 0.514124 0.185906
v -0.263464 0.514056 0.184854
v -0.263631 0.524917 0.185906
v -0.264408 0.524849 0.184854
v -0.261941 0.514189 0.185283
v -0.262827 0.514112 0.184322
v -0.262885 0.524982 0.185283
v -0.263771 0.524904 0.184322
v -0.261276 0.514247 0.184596
v -0.262258 0.514161 0.183735
v -0.262220 0.525040 0.184596
v -0.263202 0.524954 0.183735
v -0.260689 0.514299 0.183844
v -0.261758 0.514205 0.183094
v -0.261633 0.525091 0.183844
v -0.262702 0.524998 0.183094
v -0.260184 0.514343 0.183028
v -0.261325 0.514243 0.182396
v -0.261128 0.525136 0.183028
v -0.262270 0.525036 0.182396
v -0.259759 0.514380 0.182152
v -0.260960 0.514275 0.181640
v -0.260704 0.525173 0.182152
v -0.261904 0.525068 0.181640
v -0.259418 0.514410 0.181216
v -0.260661 0.514301 0.180823
v -0.260362 0.525203 0.181216
v -0.261605 0.525094 0.180823
v -0.258985 0.514448 0.179571
v -0.260602 0.514306 0.180597
v -0.259930 0.525240 0.179571
v -0.261546 0.525099 0.180597
v -0.265098 0.513913 0.178420
v -0.264221 0.513990 0.179915
v -0.266042 0.524706 0.178420
v -0.265166 0.524782 0.179915
v -0.265434 0.513884 0.179434
v -0.264216 0.513990 0.179902
v -0.266378 0.524676 0.179434
v -0.265161 0.524783 0.179902
v -0.265614 0.513868 0.179848
v -0.264443 0.513970 0.180425
v -0.266558 0.524661 0.179848
v -0.265388 0.524763 0.180425
v -0.265824 0.513849 0.180232
v -0.264713 0.513947 0.180918
v -0.266768 0.524642 0.180232
v -0.265658 0.524739 0.180918
v -0.266065 0.513828 0.180586
v -0.265026 0.513919 0.181377
v -0.267009 0.524621 0.180586
v -0.265970 0.524712 0.181377
v -0.266338 0.513804 0.180913
v -0.265382 0.513888 0.181803
v -0.267282 0.524597 0.180913
v -0.266326 0.524681 0.181803
v -0.266644 0.513778 0.181213
v -0.265779 0.513853 0.182192
v -0.267588 0.524570 0.181213
v -0.266724 0.524646 0.182192
v -0.266984 0.513748 0.181487
v -0.266217 0.513815 0.182546
v -0.267928 0.524541 0.181487
v -0.267161 0.524608 0.182546
v -0.267350 0.513716 0.181728
v -0.266693 0.513773 0.182858
v -0.268295 0.524509 0.181728
v -0.267637 0.524566 0.182858
v -0.267743 0.513681 0.181932
v -0.267201 0.513729 0.183123
v -0.268687 0.524474 0.181932
v -0.268145 0.524522 0.183123
v -0.268164 0.513645 0.182101
v -0.267739 0.513682 0.183338
v -0.269108 0.524437 0.182101
v -0.268683 0.524475 0.183338
v -0.268614 0.513605 0.182233
v -0.268305 0.513632 0.183504
v -0.269559 0.524398 0.182233
v -0.269249 0.524425 0.183504
v -0.269097 0.513563 0.182328
v -0.268896 0.513581 0.183622
v -0.270041 0.524356 0.182328
v -0.269841 0.524373 0.183622
v -0.269611 0.513518 0.182387
v -0.269514 0.513527 0.183691
v -0.270555 0.524311 0.182387
v -0.270458 0.524319 0.183691
v -0.270154 0.513471 0.182406
v -0.270161 0.513470 0.183715
v -0.271098 0.524263 0.182406
v -0.271105 0.524263 0.183715
v -0.270990 0.513397 0.182367
v -0.271117 0.513386 0.183670
v -0.271935 0.524190 0.182367
v -0.272061 0.524179 0.183670
v -0.271764 0.513330 0.182251
v -0.272027 0.513307 0.183534
v -0.272709 0.524122 0.182251
v -0.272972 0.524099 0.183534
v -0.272480 0.513267 0.182061
v -0.272889 0.513231 0.183305
v -0.273424 0.524060 0.182061
v -0.273833 0.524024 0.183305
v -0.273139 0.513209 0.181797
v -0.273698 0.513160 0.182982
v -0.274083 0.524002 0.181797
v -0.274642 0.523953 0.182982
v -0.273747 0.513156 0.181460
v -0.274450 0.513095 0.182564
v -0.274691 0.523949 0.181460
v -0.275394 0.523887 0.182564
v -0.274307 0.513107 0.181049
v -0.275144 0.513034 0.182054
v -0.275251 0.523900 0.181049
v -0.276088 0.523827 0.182054
v -0.274818 0.513063 0.180561
v -0.275776 0.512979 0.181451
v -0.275762 0.523855 0.180561
v -0.276720 0.523771 0.181451
v -0.275269 0.513023 0.180002
v -0.276337 0.512930 0.180756
v -0.276213 0.523816 0.180002
v -0.277281 0.523722 0.180756
v -0.275653 0.512989 0.179366
v -0.276809 0.512888 0.179974
v -0.276597 0.523782 0.179366
v -0.277753 0.523681 0.179974
v -0.275971 0.512962 0.178649
v -0.277192 0.512855 0.179112
v -0.276916 0.523754 0.178649
v -0.278136 0.523648 0.179112
v -0.276222 0.512940 0.177846
v -0.277486 0.512829 0.178174
v -0.277167 0.523732 0.177846
v -0.278430 0.523622 0.178174
v -0.276405 0.512924 0.176955
v -0.277693 0.512811 0.177161
v -0.277349 0.523716 0.176955
v -0.278637 0.523604 0.177161
v -0.276515 0.512914 0.175976
v -0.277815 0.512800 0.176073
v -0.277460 0.523707 0.175976
v -0.278760 0.523593 0.176073
v -0.276553 0.512911 0.174910
v -0.277856 0.512797 0.174911
v -0.277497 0.523703 0.174910
v -0.278800 0.523589 0.174911
v -0.276515 0.512914 0.173755
v -0.277815 0.512800 0.173664
v -0.277460 0.523707 0.173755
v -0.278760 0.523593 0.173664
v -0.276402 0.512924 0.172695
v -0.277691 0.512811 0.172501
v -0.277346 0.523717 0.172695
v -0.278635 0.523604 0.172501
v -0.276215 0.512940 0.171731
v -0.277482 0.512829 0.171419
v -0.277160 0.523733 0.171731
v -0.278426 0.523622 0.171419
v -0.275957 0.512963 0.170862
v -0.277186 0.512855 0.170420
v -0.276902 0.523756 0.170862
v -0.278130 0.523648 0.170420
v -0.275632 0.512991 0.170088
v -0.276800 0.512889 0.169504
v -0.276576 0.523784 0.170088
v -0.277745 0.523682 0.169504
v -0.275239 0.513026 0.169405
v -0.276323 0.512931 0.168675
v -0.276183 0.523818 0.169405
v -0.277267 0.523724 0.168675
v -0.274777 0.513066 0.168806
v -0.275756 0.512980 0.167939
v -0.275721 0.523859 0.168806
v -0.276700 0.523773 0.167939
v -0.274258 0.513111 0.168286
v -0.275120 0.513036 0.167303
v -0.275202 0.523904 0.168286
v -0.276064 0.523829 0.167303
v -0.273695 0.513161 0.167847
v -0.274428 0.513097 0.166763
v -0.274639 0.523953 0.167847
v -0.275373 0.523889 0.166763
v -0.273090 0.513214 0.167489
v -0.273680 0.513162 0.166320
v -0.274035 0.524006 0.167489
v -0.274624 0.523955 0.166320
v -0.272442 0.513270 0.167211
v -0.272878 0.513232 0.165976
v -0.273386 0.524063 0.167211
v -0.273822 0.524025 0.165976
v -0.271744 0.513331 0.167010
v -0.272027 0.513307 0.165732
v -0.272688 0.524124 0.167010
v -0.272972 0.524099 0.165732
v -0.270993 0.513397 0.166889
v -0.271131 0.513385 0.165587
v -0.271938 0.524190 0.166889
v -0.272075 0.524178 0.165587
v -0.270182 0.513468 0.166847
v -0.270196 0.513467 0.165539
v -0.271126 0.524261 0.166847
v -0.271141 0.524260 0.165539
v -0.269782 0.513503 0.166859
v -0.269709 0.513509 0.165553
v -0.270726 0.524296 0.166859
v -0.270654 0.524302 0.165553
v -0.269373 0.513539 0.166893
v -0.269229 0.513551 0.165593
v -0.270317 0.524332 0.166893
v -0.270173 0.524344 0.165593
v -0.268963 0.513575 0.166950
v -0.268749 0.513593 0.165660
v -0.269907 0.524368 0.166950
v -0.269693 0.524386 0.165660
v -0.268553 0.513611 0.167030
v -0.268270 0.513635 0.165754
v -0.269497 0.524403 0.167030
v -0.269214 0.524428 0.165754
v -0.268140 0.513647 0.167134
v -0.267792 0.513677 0.165874
v -0.269085 0.524440 0.167134
v -0.268736 0.524470 0.165874
v -0.267726 0.513683 0.167261
v -0.267314 0.513719 0.166020
v -0.268670 0.524476 0.167261
v -0.268259 0.524512 0.166020
v -0.267308 0.513720 0.167413
v -0.266840 0.513760 0.166192
v -0.268252 0.524512 0.167413
v -0.267785 0.524553 0.166192
v -0.266894 0.513756 0.167582
v -0.266380 0.513801 0.166381
v -0.267838 0.524549 0.167582
v -0.267324 0.524594 0.166381
v -0.266497 0.513791 0.167762
v -0.265939 0.513839 0.166581
v -0.267441 0.524583 0.167762
v -0.266883 0.524632 0.166581
v -0.266119 0.513824 0.167951
v -0.265514 0.513876 0.166792
v -0.267063 0.524616 0.167951
v -0.266459 0.524669 0.166792
v -0.265759 0.513855 0.168149
v -0.265109 0.513912 0.167016
v -0.266704 0.524648 0.168149
v -0.266053 0.524705 0.167016
v -0.265418 0.513885 0.168356
v -0.264719 0.513946 0.167252
v -0.266362 0.524678 0.168356
v -0.265664 0.524739 0.167252
v -0.265096 0.513913 0.168572
v -0.264349 0.513978 0.167501
v -0.266040 0.524706 0.168572
v -0.265293 0.524771 0.167501
v -0.265044 0.513918 0.168610
v -0.263742 0.514032 0.167948
v -0.265988 0.524710 0.168610
v -0.264686 0.524824 0.167948
v -0.265044 0.513918 0.170729
v -0.263742 0.514032 0.172037
v -0.265988 0.524710 0.170729
v -0.264686 0.524824 0.172037
v -0.249230 0.515301 0.172521
v -0.249230 0.515301 0.161762
v -0.247928 0.515415 0.163069
v -0.247928 0.515415 0.172900
v -0.250174 0.526094 0.172521
v -0.250174 0.526094 0.161762
v -0.248872 0.526208 0.172900
v -0.248872 0.526208 0.163069
v -0.258675 0.514475 0.187530
v -0.256312 0.514682 0.186223
v -0.259620 0.525268 0.187530
v -0.257256 0.525474 0.186223
v -0.251329 0.515118 0.187530
v -0.252072 0.515053 0.186223
v -0.252273 0.525910 0.187530
v -0.253016 0.525845 0.186223
v -0.246008 0.515583 0.178478
v -0.245997 0.515584 0.175886
v -0.246952 0.526376 0.178478
v -0.246941 0.526377 0.175886
v -0.240793 0.516039 0.187530
v -0.240041 0.516105 0.186223
v -0.241737 0.526832 0.187530
v -0.240985 0.526898 0.186223
v -0.233580 0.516670 0.187530
v -0.235940 0.516464 0.186223
v -0.234525 0.527463 0.187530
v -0.236885 0.527257 0.186223
v -0.243023 0.515844 0.172488
v -0.244326 0.515730 0.172866
v -0.243967 0.526637 0.172488
v -0.245271 0.526523 0.172866
v -0.243023 0.515844 0.161762
v -0.244326 0.515730 0.163069
v -0.243967 0.526637 0.161762
v -0.245271 0.526523 0.163069
v -0.232960 0.516725 0.187530
v -0.232960 0.516725 0.161762
v -0.231657 0.516839 0.163069
v -0.231657 0.516839 0.186223
v -0.233904 0.527517 0.187530
v -0.233904 0.527517 0.161762
v -0.232601 0.527631 0.186223
v -0.232601 0.527631 0.163069
v -0.224436 0.517470 0.187530
v -0.225438 0.517383 0.186223
v -0.225380 0.528263 0.187530
v -0.226383 0.528175 0.186223
v -0.220547 0.517811 0.172766
v -0.220538 0.517811 0.167615
v -0.221491 0.528603 0.172766
v -0.221482 0.528604 0.167615
v -0.216715 0.518146 0.187530
v -0.215709 0.518234 0.186223
v -0.217659 0.528939 0.187530
v -0.216653 0.529027 0.186223
v -0.208163 0.518894 0.187530
v -0.209465 0.518780 0.186223
v -0.209108 0.529687 0.187530
v -0.210410 0.529573 0.186223
v -0.208163 0.518894 0.161762
v -0.209465 0.518780 0.163069
v -0.209108 0.529687 0.161762
v -0.210410 0.529573 0.163069
v -0.214027 0.518381 0.161762
v -0.212726 0.518495 0.163069
v -0.214971 0.529174 0.161762
v -0.213670 0.529288 0.163069
v -0.214041 0.518380 0.176383
v -0.212750 0.518493 0.186957
v -0.214985 0.529173 0.176383
v -0.213694 0.529286 0.186957
v -0.217685 0.518061 0.161762
v -0.218701 0.517972 0.163069
v -0.218629 0.528854 0.161762
v -0.219645 0.528765 0.163069
v -0.223454 0.517556 0.161762
v -0.222437 0.517645 0.163069
v -0.224398 0.528349 0.161762
v -0.223381 0.528438 0.163069
v -0.227081 0.517239 0.176366
v -0.228373 0.517126 0.186975
v -0.228025 0.528032 0.176366
v -0.229317 0.527919 0.186975
v -0.227096 0.517238 0.161762
v -0.228397 0.517124 0.163069
v -0.228040 0.528030 0.161762
v -0.229341 0.527917 0.163069
v -0.311438 0.510997 0.132521
v -0.312058 0.518079 0.132521
v -0.174045 0.530153 0.132521
v -0.173425 0.523072 0.132521
v -0.311438 0.510997 0.197299
v -0.173425 0.523072 0.197299
v -0.174045 0.530153 0.197299
v -0.312058 0.518079 0.197299
v -0.112733 0.721289 0.011765
v -0.260369 0.708373 0.011765
v -0.115722 0.721028 0.011765
v -0.405017 0.695718 0.011765
v -0.408005 0.695457 0.011765
v -0.101841 0.596797 0.011765
v -0.249478 0.583881 0.011765
v -0.104830 0.596536 0.011765
v -0.394125 0.571226 0.011765
v -0.397114 0.570964 0.011765
v -0.090688 0.469316 0.011765
v -0.238586 0.459388 0.011765
v -0.093938 0.472043 0.011765
v -0.383233 0.446733 0.011765
v -0.386483 0.449460 0.011765
v -0.238324 0.456400 0.011765
v -0.379983 0.444006 0.011765
v -0.384428 0.483225 0.009086
v -0.403465 0.700810 0.009086
v -0.118134 0.725773 0.009086
v -0.099098 0.508188 0.009086
v -0.384428 0.483225 0.020851
v -0.099098 0.508188 0.020851
v -0.118134 0.725773 0.020851
v -0.403465 0.700810 0.020851
v -0.187159 0.460290 0.008803
v -0.186969 0.458125 0.008803
v -0.211871 0.455946 0.008803
v -0.212061 0.458111 0.008803
v -0.162257 0.462468 0.008803
v -0.162068 0.460304 0.008803
v -0.137355 0.464647 0.008803
v -0.137166 0.462482 0.008803
v -0.112453 0.466826 0.008803
v -0.112264 0.464661 0.008803
v -0.187348 0.462454 0.008803
v -0.212250 0.460276 0.008803
v -0.162446 0.464633 0.008803
v -0.137544 0.466812 0.008803
v -0.112643 0.468990 0.008803
v -0.187538 0.464619 0.008803
v -0.212439 0.462440 0.008803
v -0.162636 0.466798 0.008803
v -0.137734 0.468976 0.008803
v -0.112832 0.471155 0.008803
v -0.187727 0.466784 0.008803
v -0.212629 0.464605 0.008803
v -0.162825 0.468962 0.008803
v -0.137923 0.471141 0.008803
v -0.113021 0.473320 0.008803
v -0.187159 0.460290 0.015451
v -0.212061 0.458111 0.015451
v -0.211871 0.455946 0.015451
v -0.186969 0.458125 0.015451
v -0.162257 0.462468 0.015451
v -0.162068 0.460304 0.015451
v -0.137355 0.464647 0.015451
v -0.137166 0.462482 0.015451
v -0.112453 0.466826 0.015451
v -0.112264 0.464661 0.015451
v -0.187348 0.462454 0.015451
v -0.212250 0.460276 0.015451
v -0.162446 0.464633 0.015451
v -0.137544 0.466812 0.015451
v -0.112643 0.468990 0.015451
v -0.187538 0.464619 0.015451
v -0.212439 0.462440 0.015451
v -0.162636 0.466798 0.015451
v -0.137734 0.468976 0.015451
v -0.112832 0.471155 0.015451
v -0.187727 0.466784 0.015451
v -0.212629 0.464605 0.015451
v -0.162825 0.468962 0.015451
v -0.137923 0.471141 0.015451
v -0.113021 0.473320 0.015451
v -0.335880 0.447278 0.008803
v -0.335690 0.445114 0.008803
v -0.360592 0.442935 0.008803
v -0.360782 0.445100 0.008803
v -0.310978 0.449457 0.008803
v -0.310788 0.447292 0.008803
v -0.286076 0.451636 0.008803
v -0.285887 0.449471 0.008803
v -0.261174 0.453814 0.008803
v -0.260985 0.451649 0.008803
v -0.336069 0.449443 0.008803
v -0.360971 0.447264 0.008803
v -0.311167 0.451622 0.008803
v -0.286265 0.453800 0.008803
v -0.261363 0.455979 0.008803
v -0.336258 0.451608 0.008803
v -0.361160 0.449429 0.008803
v -0.311357 0.453786 0.008803
v -0.286455 0.455965 0.008803
v -0.261553 0.458144 0.008803
v -0.336448 0.453772 0.008803
v -0.361350 0.451594 0.008803
v -0.311546 0.455951 0.008803
v -0.286644 0.458130 0.008803
v -0.261742 0.460308 0.008803
v -0.335880 0.447278 0.015451
v -0.360782 0.445100 0.015451
v -0.360592 0.442935 0.015451
v -0.335690 0.445114 0.015451
v -0.310978 0.449457 0.015451
v -0.310788 0.447292 0.015451
v -0.286076 0.451636 0.015451
v -0.285887 0.449471 0.015451
v -0.261174 0.453814 0.015451
v -0.260985 0.451649 0.015451
v -0.336069 0.449443 0.015451
v -0.360971 0.447264 0.015451
v -0.311167 0.451622 0.015451
v -0.286265 0.453800 0.015451
v -0.261363 0.455979 0.015451
v -0.336258 0.451608 0.015451
v -0.361160 0.449429 0.015451
v -0.311357 0.453786 0.015451
v -0.286455 0.455965 0.015451
v -0.261553 0.458144 0.015451
v -0.336448 0.453772 0.015451
v -0.361350 0.451594 0.015451
v -0.311546 0.455951 0.015451
v -0.286644 0.458130 0.015451
v -0.261742 0.460308 0.015451
v -0.405819 0.618724 0.008803
v -0.403654 0.618914 0.008803
v -0.401475 0.594012 0.008803
v -0.403640 0.593822 0.008803
v -0.407998 0.643626 0.008803
v -0.405832 0.643815 0.008803
v -0.410177 0.668528 0.008803
v -0.408011 0.668717 0.008803
v -0.412355 0.693430 0.008803
v -0.410189 0.693619 0.008803
v -0.407984 0.618535 0.008803
v -0.405805 0.593633 0.008803
v -0.410163 0.643437 0.008803
v -0.412341 0.668338 0.008803
v -0.414520 0.693240 0.008803
v -0.410149 0.618345 0.008803
v -0.407970 0.593443 0.008803
v -0.412327 0.643247 0.008803
v -0.414506 0.668149 0.008803
v -0.416685 0.693051 0.008803
v -0.412313 0.618156 0.008803
v -0.410135 0.593254 0.008803
v -0.414492 0.643058 0.008803
v -0.416671 0.667960 0.008803
v -0.418849 0.692862 0.008803
v -0.405819 0.618724 0.015451
v -0.403640 0.593822 0.015451
v -0.401475 0.594012 0.015451
v -0.403654 0.618914 0.015451
v -0.407998 0.643626 0.015451
v -0.405832 0.643815 0.015451
v -0.410177 0.668528 0.015451
v -0.408011 0.668717 0.015451
v -0.412355 0.693430 0.015451
v -0.410189 0.693619 0.015451
v -0.407984 0.618535 0.015451
v -0.405805 0.593633 0.015451
v -0.410163 0.643437 0.015451
v -0.412341 0.668338 0.015451
v -0.414520 0.693240 0.015451
v -0.410149 0.618345 0.015451
v -0.407970 0.593443 0.015451
v -0.412327 0.643247 0.015451
v -0.414506 0.668149 0.015451
v -0.416685 0.693051 0.015451
v -0.412313 0.618156 0.015451
v -0.410135 0.593254 0.015451
v -0.414492 0.643058 0.015451
v -0.416671 0.667960 0.015451
v -0.418849 0.692862 0.015451
v -0.392807 0.470003 0.008803
v -0.390642 0.470193 0.008803
v -0.388464 0.445291 0.008803
v -0.390628 0.445101 0.008803
v -0.394986 0.494905 0.008803
v -0.392821 0.495095 0.008803
v -0.397164 0.519807 0.008803
v -0.394999 0.519996 0.008803
v -0.399343 0.544709 0.008803
v -0.397178 0.544898 0.008803
v -0.394973 0.469814 0.008803
v -0.392794 0.444912 0.008803
v -0.397151 0.494716 0.008803
v -0.399330 0.519617 0.008803
v -0.401509 0.544519 0.008803
v -0.397137 0.469624 0.008803
v -0.394959 0.444722 0.008803
v -0.399316 0.494526 0.008803
v -0.401495 0.519428 0.008803
v -0.403673 0.544330 0.008803
v -0.399302 0.469435 0.008803
v -0.397123 0.444533 0.008803
v -0.401481 0.494337 0.008803
v -0.403659 0.519239 0.008803
v -0.405838 0.544141 0.008803
v -0.392807 0.470003 0.015451
v -0.390628 0.445101 0.015451
v -0.388464 0.445291 0.015451
v -0.390642 0.470193 0.015451
v -0.394986 0.494905 0.015451
v -0.392821 0.495095 0.015451
v -0.397164 0.519807 0.015451
v -0.394999 0.519996 0.015451
v -0.399343 0.544709 0.015451
v -0.397178 0.544898 0.015451
v -0.394973 0.469814 0.015451
v -0.392794 0.444912 0.015451
v -0.397151 0.494716 0.015451
v -0.399330 0.519617 0.015451
v -0.401509 0.544519 0.015451
v -0.397137 0.469624 0.015451
v -0.394959 0.444722 0.015451
v -0.399316 0.494526 0.015451
v -0.401495 0.519428 0.015451
v -0.403673 0.544330 0.015451
v -0.399302 0.469435 0.015451
v -0.397123 0.444533 0.015451
v -0.401481 0.494337 0.015451
v -0.403659 0.519239 0.015451
v -0.405838 0.544141 0.015451
v -0.098382 0.645621 0.008803
v -0.096217 0.645811 0.008803
v -0.094038 0.620909 0.008803
v -0.096203 0.620719 0.008803
v -0.100560 0.670523 0.008803
v -0.098396 0.670713 0.008803
v -0.102739 0.695425 0.008803
v -0.100574 0.695614 0.008803
v -0.104918 0.720327 0.008803
v -0.102753 0.720516 0.008803
v -0.100546 0.645432 0.008803
v -0.098368 0.620530 0.008803
v -0.102725 0.670334 0.008803
v -0.104904 0.695236 0.008803
v -0.107082 0.720138 0.008803
v -0.102711 0.645243 0.008803
v -0.100532 0.620341 0.008803
v -0.104890 0.670144 0.008803
v -0.107068 0.695046 0.008803
v -0.109247 0.719948 0.008803
v -0.104876 0.645053 0.008803
v -0.102697 0.620151 0.008803
v -0.107054 0.669955 0.008803
v -0.109233 0.694857 0.008803
v -0.111412 0.719759 0.008803
v -0.098382 0.645621 0.015451
v -0.096203 0.620719 0.015451
v -0.094038 0.620909 0.015451
v -0.096217 0.645811 0.015451
v -0.100560 0.670523 0.015451
v -0.098396 0.670713 0.015451
v -0.102739 0.695425 0.015451
v -0.100574 0.695614 0.015451
v -0.104918 0.720327 0.015451
v -0.102753 0.720516 0.015451
v -0.100546 0.645432 0.015451
v -0.098368 0.620530 0.015451
v -0.102725 0.670334 0.015451
v -0.104904 0.695236 0.015451
v -0.107082 0.720138 0.015451
v -0.102711 0.645243 0.015451
v -0.100532 0.620341 0.015451
v -0.104890 0.670144 0.015451
v -0.107068 0.695046 0.015451
v -0.109247 0.719948 0.015451
v -0.104876 0.645053 0.015451
v -0.102697 0.620151 0.015451
v -0.107054 0.669955 0.015451
v -0.109233 0.694857 0.015451
v -0.111412 0.719759 0.015451
v -0.358937 0.710822 0.008803
v -0.358747 0.708656 0.008803
v -0.383649 0.706477 0.008803
v -0.383839 0.708643 0.008803
v -0.334035 0.713000 0.008803
v -0.333845 0.710835 0.008803
v -0.309133 0.715179 0.008803
v -0.308943 0.713013 0.008803
v -0.284231 0.717358 0.008803
v -0.284042 0.715192 0.008803
v -0.359126 0.712986 0.008803
v -0.384028 0.710808 0.008803
v -0.334224 0.715165 0.008803
v -0.309322 0.717344 0.008803
v -0.284420 0.719522 0.008803
v -0.359316 0.715151 0.008803
v -0.384217 0.712972 0.008803
v -0.334414 0.717330 0.008803
v -0.309512 0.719508 0.008803
v -0.284610 0.721687 0.008803
v -0.359505 0.717316 0.008803
v -0.384407 0.715137 0.008803
v -0.334603 0.719494 0.008803
v -0.309701 0.721673 0.008803
v -0.284799 0.723852 0.008803
v -0.358937 0.710822 0.015451
v -0.383839 0.708643 0.015451
v -0.383649 0.706477 0.015451
v -0.358747 0.708656 0.015451
v -0.334035 0.713000 0.015451
v -0.333845 0.710835 0.015451
v -0.309133 0.715179 0.015451
v -0.308943 0.713013 0.015451
v -0.284231 0.717358 0.015451
v -0.284042 0.715192 0.015451
v -0.359126 0.712986 0.015451
v -0.384028 0.710808 0.015451
v -0.334224 0.715165 0.015451
v -0.309322 0.717344 0.015451
v -0.284420 0.719522 0.015451
v -0.359316 0.715151 0.015451
v -0.384217 0.712972 0.015451
v -0.334414 0.717330 0.015451
v -0.309512 0.719508 0.015451
v -0.284610 0.721687 0.015451
v -0.359505 0.717316 0.015451
v -0.384407 0.715137 0.015451
v -0.334603 0.719494 0.015451
v -0.309701 0.721673 0.015451
v -0.284799 0.723852 0.015451
v -0.085370 0.496900 0.008803
v -0.083206 0.497090 0.008803
v -0.081027 0.472188 0.008803
v -0.083192 0.471999 0.008803
v -0.087549 0.521802 0.008803
v -0.085384 0.521992 0.008803
v -0.089728 0.546704 0.008803
v -0.087563 0.546894 0.008803
v -0.091906 0.571606 0.008803
v -0.089741 0.571795 0.008803
v -0.087535 0.496711 0.008803
v -0.085356 0.471809 0.008803
v -0.089714 0.521613 0.008803
v -0.091892 0.546515 0.008803
v -0.094071 0.571417 0.008803
v -0.089700 0.496522 0.008803
v -0.087521 0.471620 0.008803
v -0.091878 0.521424 0.008803
v -0.094057 0.546325 0.008803
v -0.096236 0.571227 0.008803
v -0.091864 0.496332 0.008803
v -0.089686 0.471430 0.008803
v -0.094043 0.521234 0.008803
v -0.096222 0.546136 0.008803
v -0.098400 0.571038 0.008803
v -0.085370 0.496900 0.015451
v -0.083192 0.471999 0.015451
v -0.081027 0.472188 0.015451
v -0.083206 0.497090 0.015451
v -0.087549 0.521802 0.015451
v -0.085384 0.521992 0.015451
v -0.089728 0.546704 0.015451
v -0.087563 0.546894 0.015451
v -0.091906 0.571606 0.015451
v -0.089741 0.571795 0.015451
v -0.087535 0.496711 0.015451
v -0.085356 0.471809 0.015451
v -0.089714 0.521613 0.015451
v -0.091892 0.546515 0.015451
v -0.094071 0.571417 0.015451
v -0.089700 0.496522 0.015451
v -0.087521 0.471620 0.015451
v -0.091878 0.521424 0.015451
v -0.094057 0.546325 0.015451
v -0.096236 0.571227 0.015451
v -0.091864 0.496332 0.015451
v -0.089686 0.471430 0.015451
v -0.094043 0.521234 0.015451
v -0.096222 0.546136 0.015451
v -0.098400 0.571038 0.015451
v -0.210216 0.723833 0.008803
v -0.210026 0.721667 0.008803
v -0.234928 0.719489 0.008803
v -0.235118 0.721654 0.008803
v -0.185314 0.726012 0.008803
v -0.185124 0.723846 0.008803
v -0.160412 0.728190 0.008803
v -0.160223 0.726025 0.008803
v -0.135510 0.730369 0.008803
v -0.135321 0.728203 0.008803
v -0.210405 0.725998 0.008803
v -0.235307 0.723819 0.008803
v -0.185503 0.728176 0.008803
v -0.160601 0.730355 0.008803
v -0.135700 0.732534 0.008803
v -0.210595 0.728162 0.008803
v -0.235496 0.725984 0.008803
v -0.185693 0.730341 0.008803
v -0.160791 0.732520 0.008803
v -0.135889 0.734698 0.008803
v -0.210784 0.730327 0.008803
v -0.235686 0.728149 0.008803
v -0.185882 0.732506 0.008803
v -0.160980 0.734684 0.008803
v -0.136078 0.736863 0.008803
v -0.210216 0.723833 0.015451
v -0.235118 0.721654 0.015451
v -0.234928 0.719489 0.015451
v -0.210026 0.721667 0.015451
v -0.185314 0.726012 0.015451
v -0.185124 0.723846 0.015451
v -0.160412 0.728190 0.015451
v -0.160223 0.726025 0.015451
v -0.135510 0.730369 0.015451
v -0.135321 0.728203 0.015451
v -0.210405 0.725998 0.015451
v -0.235307 0.723819 0.015451
v -0.185503 0.728176 0.015451
v -0.160601 0.730355 0.015451
v -0.135700 0.732534 0.015451
v -0.210595 0.728162 0.015451
v -0.235496 0.725984 0.015451
v -0.185693 0.730341 0.015451
v -0.160791 0.732520 0.015451
v -0.135889 0.734698 0.015451
v -0.210784 0.730327 0.015451
v -0.235686 0.728149 0.015451
v -0.185882 0.732506 0.015451
v -0.160980 0.734684 0.015451
v -0.136078 0.736863 0.015451
v -0.063551 0.462282 0.008803
v -0.063623 0.463105 0.008803
v -0.063695 0.463928 0.008803
v -0.063623 0.463105 0.015451
v -0.063551 0.462282 0.015451
v -0.063695 0.463928 0.015451
v -0.383206 0.429191 0.008803
v -0.382383 0.429263 0.008803
v -0.384029 0.429119 0.008803
v -0.384852 0.429047 0.008803
v -0.385674 0.428975 0.008803
v -0.383206 0.429191 0.015451
v -0.382383 0.429263 0.015451
v -0.384029 0.429119 0.015451
v -0.384852 0.429047 0.015451
v -0.385674 0.428975 0.015451
v -0.366854 0.499232 0.018833
v -0.383378 0.688097 0.018833
v -0.135709 0.709765 0.018833
v -0.119186 0.520901 0.018833
v -0.337361 0.502720 0.126773
v -0.153845 0.524533 0.127063
v -0.169211 0.700170 0.127063
v -0.353727 0.689784 0.126772
v -0.135709 0.709765 0.045972
v -0.383378 0.688097 0.045972
v -0.383378 0.688097 0.114579
v -0.135709 0.709765 0.114579
v -0.373732 0.577857 0.045972
v -0.373732 0.577857 0.114579
v -0.376499 0.609472 0.114579
v -0.376499 0.609472 0.045972
v -0.208875 0.513054 0.045972
v -0.208875 0.513054 0.114579
v -0.277165 0.507079 0.114579
v -0.277165 0.507079 0.045972
v -0.128830 0.631140 0.045972
v -0.128830 0.631140 0.114579
v -0.126064 0.599525 0.114579
v -0.126064 0.599525 0.045972
v -0.148910 0.694034 0.152767
v -0.367645 0.674896 0.152767
v -0.353653 0.514965 0.152767
v -0.134918 0.534102 0.152767
v -0.109997 0.733175 0.121590
v -0.409639 0.706959 0.121590
v -0.388006 0.691981 0.152767
v -0.131825 0.714394 0.152767
v -0.389441 0.476097 0.121590
v -0.370738 0.494603 0.152768
v -0.089799 0.502312 0.121590
v -0.114557 0.517016 0.152768
v -0.114540 0.727761 0.121590
v -0.404225 0.702417 0.121590
v -0.384898 0.481510 0.121590
v -0.095212 0.506855 0.121590
v -0.366854 0.499232 0.114579
v -0.366854 0.499232 0.045972
v -0.119186 0.520901 0.114579
v -0.119186 0.520901 0.045972
v -0.277453 0.510364 0.045972
v -0.277453 0.510364 0.114579
v -0.364735 0.501759 0.114579
v -0.364735 0.501759 0.045972
v -0.209162 0.516338 0.114579
v -0.209162 0.516338 0.045972
v -0.121712 0.523020 0.045972
v -0.121712 0.523020 0.114579
v -0.373214 0.609760 0.045972
v -0.373214 0.609760 0.114579
v -0.380093 0.688384 0.114579
v -0.380093 0.688384 0.045972
v -0.370448 0.578144 0.114579
v -0.370448 0.578144 0.045972
v -0.129349 0.599238 0.045972
v -0.129349 0.599238 0.114579
v -0.132115 0.630853 0.114579
v -0.132115 0.630853 0.045972
v -0.138994 0.709478 0.045972
v -0.138994 0.709478 0.114579
v -0.272630 0.504552 0.020388
v -0.273153 0.510538 0.020388
v -0.214114 0.515703 0.020388
v -0.213590 0.509717 0.020388
v -0.272630 0.504552 0.114848
v -0.213590 0.509717 0.114848
v -0.214114 0.515703 0.114848
v -0.273153 0.510538 0.114848
v -0.214114 0.515703 0.067618
v -0.273153 0.510538 0.067618
v -0.272630 0.504552 0.067618
v -0.267400 0.506226 0.062262
v -0.267400 0.506226 0.025744
v -0.219031 0.510458 0.025744
v -0.219031 0.510458 0.062262
v -0.213590 0.509717 0.067618
v -0.267400 0.506226 0.072974
v -0.219031 0.510458 0.072974
v -0.219031 0.510458 0.109492
v -0.267400 0.506226 0.109492
v -0.267294 0.505019 0.109492
v -0.218926 0.509250 0.109492
v -0.267294 0.505019 0.072974
v -0.218926 0.509250 0.072974
v -0.218926 0.509250 0.025744
v -0.267294 0.505019 0.025744
v -0.218926 0.509250 0.062262
v -0.267294 0.505019 0.062262
v -0.218982 0.508449 0.073046
v -0.218982 0.508449 0.061960
v -0.214755 0.508819 0.061960
v -0.214755 0.508819 0.073046
v -0.219580 0.515279 0.073046
v -0.215353 0.515649 0.073046
v -0.215353 0.515649 0.061960
v -0.219580 0.515279 0.061960
v -0.367645 0.674896 0.152767
v -0.148910 0.694034 0.152767
v -0.135709 0.709765 0.152767
v -0.383378 0.688097 0.152767
v -0.353653 0.514965 0.152767
v -0.366854 0.499232 0.152768
v -0.131825 0.714394 0.152767
v -0.388006 0.691981 0.152767
v -0.370738 0.494603 0.152768
v -0.134918 0.534102 0.152767
v -0.353653 0.514965 0.152767
v -0.366854 0.499232 0.152768
v -0.119186 0.520901 0.152768
v -0.370738 0.494603 0.152768
v -0.114557 0.517016 0.152768
v -0.148910 0.694034 0.152767
v -0.134918 0.534102 0.152767
v -0.119186 0.520901 0.152768
v -0.135709 0.709765 0.152767
v -0.114557 0.517016 0.152768
v -0.131825 0.714394 0.152767
v -0.366854 0.499232 0.018833
v -0.383378 0.688097 0.018833
v -0.135709 0.709765 0.018833
v -0.119186 0.520901 0.018833
v -0.135709 0.709765 0.045972
v -0.383378 0.688097 0.045972
v -0.383378 0.688097 0.114579
v -0.135709 0.709765 0.114579
v -0.373732 0.577857 0.045972
v -0.373732 0.577857 0.114579
v -0.376499 0.609472 0.114579
v -0.376499 0.609472 0.045972
v -0.208875 0.513054 0.045972
v -0.208875 0.513054 0.114579
v -0.277165 0.507079 0.114579
v -0.277165 0.507079 0.045972
v -0.128830 0.631140 0.045972
v -0.128830 0.631140 0.114579
v -0.126064 0.599525 0.114579
v -0.126064 0.599525 0.045972
v -0.114540 0.727761 0.121590
v -0.404225 0.702417 0.121590
v -0.384898 0.481510 0.121590
v -0.095212 0.506855 0.121590
v -0.366854 0.499232 0.114579
v -0.366854 0.499232 0.045972
v -0.119186 0.520901 0.114579
v -0.119186 0.520901 0.045972
v -0.109997 0.733175 0.121590
v -0.409639 0.706959 0.121590
v -0.114540 0.727761 0.121590
v -0.404225 0.702417 0.121590
v -0.389441 0.476097 0.121590
v -0.089799 0.502312 0.121590
v -0.384898 0.481510 0.121590
v -0.095212 0.506855 0.121590
v -0.277453 0.510364 0.045972
v -0.277453 0.510364 0.114579
v -0.364735 0.501759 0.114579
v -0.364735 0.501759 0.045972
v -0.209162 0.516338 0.114579
v -0.209162 0.516338 0.045972
v -0.121712 0.523020 0.045972
v -0.121712 0.523020 0.114579
v -0.373214 0.609760 0.045972
v -0.373214 0.609760 0.114579
v -0.380093 0.688384 0.114579
v -0.380093 0.688384 0.045972
v -0.370448 0.578144 0.114579
v -0.370448 0.578144 0.045972
v -0.129349 0.599238 0.045972
v -0.129349 0.599238 0.114579
v -0.132115 0.630853 0.114579
v -0.132115 0.630853 0.045972
v -0.138994 0.709478 0.045972
v -0.138994 0.709478 0.114579
v -0.267400 0.506226 0.062262
v -0.267400 0.506226 0.025744
v -0.219031 0.510458 0.025744
v -0.219031 0.510458 0.062262
v -0.267400 0.506226 0.072974
v -0.219031 0.510458 0.072974
v -0.219031 0.510458 0.109492
v -0.267400 0.506226 0.109492
v -0.277479 0.482178 0.036129
v -0.279186 0.480411 0.036129
v -0.296337 0.486789 0.030951
v -0.295697 0.483900 0.030951
v -0.276288 0.484328 0.036129
v -0.294331 0.481276 0.030951
v -0.275694 0.486712 0.036129
v -0.292331 0.479094 0.030951
v -0.275737 0.489168 0.036129
v -0.289836 0.477504 0.030951
v -0.276414 0.491530 0.036129
v -0.287014 0.476615 0.030951
v -0.277680 0.493637 0.036129
v -0.284058 0.476485 0.030951
v -0.279447 0.495344 0.036129
v -0.281169 0.477126 0.030951
v -0.281597 0.496535 0.036129
v -0.278545 0.478492 0.030951
v -0.283981 0.497129 0.036129
v -0.276363 0.480491 0.030951
v -0.286438 0.497086 0.036129
v -0.274773 0.482987 0.030951
v -0.288800 0.496409 0.036129
v -0.273883 0.485808 0.030951
v -0.290906 0.495143 0.036129
v -0.273754 0.488765 0.030951
v -0.292613 0.493375 0.036129
v -0.274394 0.491653 0.030951
v -0.293804 0.491226 0.036129
v -0.275761 0.494278 0.030951
v -0.294398 0.488842 0.036129
v -0.277760 0.496460 0.030951
v -0.294355 0.486385 0.036129
v -0.280256 0.498049 0.030951
v -0.293678 0.484023 0.036129
v -0.283077 0.498939 0.030951
v -0.292411 0.481917 0.036129
v -0.286034 0.499069 0.030951
v -0.290644 0.480210 0.036129
v -0.288922 0.498428 0.030951
v -0.288495 0.479019 0.036129
v -0.291547 0.497062 0.030951
v -0.286111 0.478424 0.036129
v -0.293728 0.495063 0.030951
v -0.283654 0.478468 0.036129
v -0.295318 0.492567 0.030951
v -0.281292 0.479145 0.036129
v -0.296208 0.489744 0.030951
v -0.292084 0.485215 0.041308
v -0.292508 0.487124 0.041308
v -0.291182 0.483481 0.041308
v -0.289861 0.482038 0.041308
v -0.288211 0.480988 0.041308
v -0.286347 0.480399 0.041308
v -0.284393 0.480314 0.041308
v -0.282484 0.480737 0.041308
v -0.280749 0.481641 0.041308
v -0.279307 0.482962 0.041308
v -0.278257 0.484611 0.041308
v -0.277668 0.486476 0.041308
v -0.277583 0.488430 0.041308
v -0.278006 0.490339 0.041308
v -0.278910 0.492073 0.041308
v -0.280231 0.493515 0.041308
v -0.281880 0.494566 0.041308
v -0.283745 0.495153 0.041308
v -0.285699 0.495239 0.041308
v -0.287608 0.494815 0.041308
v -0.289342 0.493913 0.041308
v -0.290784 0.492592 0.041308
v -0.291835 0.490942 0.041308
v -0.292422 0.489078 0.041308
v -0.280569 0.484464 0.046486
v -0.281579 0.483418 0.046486
v -0.279864 0.485736 0.046486
v -0.279513 0.487147 0.046486
v -0.279538 0.488600 0.046486
v -0.279939 0.489997 0.046486
v -0.280688 0.491244 0.046486
v -0.281733 0.492254 0.046486
v -0.283005 0.492958 0.046486
v -0.284416 0.493310 0.046486
v -0.285869 0.493284 0.046486
v -0.287266 0.492884 0.046486
v -0.288513 0.492135 0.046486
v -0.289523 0.491089 0.046486
v -0.290228 0.489818 0.046486
v -0.290579 0.488407 0.046486
v -0.290553 0.486953 0.046486
v -0.290153 0.485556 0.046486
v -0.289404 0.484310 0.046486
v -0.288358 0.483300 0.046486
v -0.287086 0.482595 0.046486
v -0.285676 0.482244 0.046486
v -0.284222 0.482269 0.046486
v -0.282825 0.482670 0.046486
v -0.288472 0.486529 0.051664
v -0.288679 0.487459 0.051664
v -0.288033 0.485685 0.051664
v -0.287390 0.484983 0.051664
v -0.286587 0.484472 0.051664
v -0.285679 0.484185 0.051664
v -0.284728 0.484144 0.051664
v -0.283798 0.484350 0.051664
v -0.282954 0.484790 0.051664
v -0.282252 0.485432 0.051664
v -0.281741 0.486235 0.051664
v -0.281454 0.487143 0.051664
v -0.281413 0.488095 0.051664
v -0.281619 0.489024 0.051664
v -0.282059 0.489868 0.051664
v -0.282702 0.490571 0.051664
v -0.283504 0.491082 0.051664
v -0.284413 0.491369 0.051664
v -0.285364 0.491410 0.051664
v -0.286293 0.491204 0.051664
v -0.287137 0.490764 0.051664
v -0.287840 0.490121 0.051664
v -0.288351 0.489318 0.051664
v -0.288637 0.488410 0.051664
v -0.283659 0.486751 0.056842
v -0.283972 0.486427 0.056842
v -0.283441 0.487144 0.056842
v -0.283331 0.487582 0.056842
v -0.283340 0.488032 0.056842
v -0.283464 0.488465 0.056842
v -0.283695 0.488851 0.056842
v -0.284020 0.489164 0.056842
v -0.284413 0.489382 0.056842
v -0.284851 0.489491 0.056842
v -0.285301 0.489483 0.056842
v -0.285733 0.489359 0.056842
v -0.286120 0.489127 0.056842
v -0.286433 0.488803 0.056842
v -0.286651 0.488409 0.056842
v -0.286759 0.487972 0.056842
v -0.286752 0.487521 0.056842
v -0.286628 0.487088 0.056842
v -0.286395 0.486703 0.056842
v -0.286072 0.486390 0.056842
v -0.285677 0.486172 0.056842
v -0.285241 0.486063 0.056842
v -0.284790 0.486071 0.056842
v -0.284357 0.486195 0.056842
v -0.287064 0.487600 0.030951
v -0.286950 0.487084 0.030951
v -0.287041 0.488128 0.030951
v -0.286882 0.488633 0.030951
v -0.286597 0.489080 0.030951
v -0.286208 0.489436 0.030951
v -0.285738 0.489681 0.030951
v -0.285223 0.489795 0.030951
v -0.284693 0.489772 0.030951
v -0.284190 0.489612 0.030951
v -0.283743 0.489329 0.030951
v -0.283386 0.488939 0.030951
v -0.283142 0.488469 0.030951
v -0.283028 0.487953 0.030951
v -0.283051 0.487425 0.030951
v -0.283209 0.486921 0.030951
v -0.283494 0.486475 0.030951
v -0.283884 0.486118 0.030951
v -0.284352 0.485873 0.030951
v -0.284869 0.485759 0.030951
v -0.285397 0.485782 0.030951
v -0.285902 0.485941 0.030951
v -0.286348 0.486225 0.030951
v -0.286705 0.486615 0.030951
v -0.190638 0.489776 0.036129
v -0.192345 0.488008 0.036129
v -0.209496 0.494387 0.030951
v -0.208856 0.491497 0.030951
v -0.189447 0.491926 0.036129
v -0.207489 0.488873 0.030951
v -0.188852 0.494310 0.036129
v -0.205491 0.486691 0.030951
v -0.188896 0.496766 0.036129
v -0.202995 0.485102 0.030951
v -0.189573 0.499128 0.036129
v -0.200173 0.484212 0.030951
v -0.190839 0.501235 0.036129
v -0.197217 0.484083 0.030951
v -0.192607 0.502941 0.036129
v -0.194329 0.484724 0.030951
v -0.194756 0.504132 0.036129
v -0.191704 0.486090 0.030951
v -0.197140 0.504727 0.036129
v -0.189523 0.488088 0.030951
v -0.199597 0.504683 0.036129
v -0.187932 0.490585 0.030951
v -0.201959 0.504006 0.036129
v -0.187043 0.493406 0.030951
v -0.204065 0.502741 0.036129
v -0.186914 0.496362 0.030951
v -0.205771 0.500973 0.036129
v -0.187554 0.499251 0.030951
v -0.206963 0.498823 0.036129
v -0.188920 0.501875 0.030951
v -0.207557 0.496439 0.036129
v -0.190920 0.504057 0.030951
v -0.207514 0.493983 0.036129
v -0.193415 0.505647 0.030951
v -0.206836 0.491621 0.036129
v -0.196237 0.506536 0.030951
v -0.205571 0.489514 0.036129
v -0.199193 0.506666 0.030951
v -0.203803 0.487808 0.036129
v -0.202082 0.506025 0.030951
v -0.201653 0.486617 0.036129
v -0.204706 0.504659 0.030951
v -0.199270 0.486022 0.036129
v -0.206888 0.502660 0.030951
v -0.196813 0.486065 0.036129
v -0.208477 0.500164 0.030951
v -0.194451 0.486743 0.036129
v -0.209368 0.497343 0.030951
v -0.205244 0.492812 0.041308
v -0.205667 0.494722 0.041308
v -0.204341 0.491078 0.041308
v -0.203020 0.489636 0.041308
v -0.201371 0.488586 0.041308
v -0.199506 0.487997 0.041308
v -0.197552 0.487912 0.041308
v -0.195643 0.488335 0.041308
v -0.193909 0.489239 0.041308
v -0.192466 0.490559 0.041308
v -0.191416 0.492209 0.041308
v -0.190828 0.494073 0.041308
v -0.190742 0.496027 0.041308
v -0.191166 0.497937 0.041308
v -0.192069 0.499672 0.041308
v -0.193389 0.501113 0.041308
v -0.195039 0.502163 0.041308
v -0.196905 0.502751 0.041308
v -0.198858 0.502837 0.041308
v -0.200767 0.502413 0.041308
v -0.202502 0.501510 0.041308
v -0.203943 0.500190 0.041308
v -0.204993 0.498541 0.041308
v -0.205582 0.496675 0.041308
v -0.193728 0.492062 0.046486
v -0.194738 0.491016 0.046486
v -0.193023 0.493333 0.046486
v -0.192672 0.494744 0.046486
v -0.192697 0.496198 0.046486
v -0.193098 0.497595 0.046486
v -0.193846 0.498842 0.046486
v -0.194892 0.499851 0.046486
v -0.196163 0.500556 0.046486
v -0.197574 0.500907 0.046486
v -0.199029 0.500882 0.046486
v -0.200425 0.500481 0.046486
v -0.201672 0.499733 0.046486
v -0.202681 0.498687 0.046486
v -0.203386 0.497416 0.046486
v -0.203738 0.496005 0.046486
v -0.203713 0.494551 0.046486
v -0.203312 0.493154 0.046486
v -0.202563 0.491907 0.046486
v -0.201517 0.490898 0.046486
v -0.200246 0.490193 0.046486
v -0.198835 0.489841 0.046486
v -0.197382 0.489867 0.046486
v -0.195984 0.490268 0.046486
v -0.201632 0.494127 0.051664
v -0.201838 0.495057 0.051664
v -0.201193 0.493282 0.051664
v -0.200549 0.492580 0.051664
v -0.199746 0.492069 0.051664
v -0.198838 0.491783 0.051664
v -0.197887 0.491741 0.051664
v -0.196957 0.491947 0.051664
v -0.196113 0.492387 0.051664
v -0.195411 0.493030 0.051664
v -0.194900 0.493833 0.051664
v -0.194614 0.494741 0.051664
v -0.194572 0.495692 0.051664
v -0.194778 0.496622 0.051664
v -0.195218 0.497466 0.051664
v -0.195860 0.498168 0.051664
v -0.196664 0.498679 0.051664
v -0.197571 0.498966 0.051664
v -0.198523 0.499008 0.051664
v -0.199452 0.498802 0.051664
v -0.200297 0.498361 0.051664
v -0.200999 0.497719 0.051664
v -0.201511 0.496915 0.051664
v -0.201797 0.496008 0.051664
v -0.196818 0.494348 0.056842
v -0.197131 0.494025 0.056842
v -0.196599 0.494742 0.056842
v -0.196491 0.495179 0.056842
v -0.196498 0.495629 0.056842
v -0.196623 0.496063 0.056842
v -0.196855 0.496448 0.056842
v -0.197179 0.496761 0.056842
v -0.197573 0.496980 0.056842
v -0.198009 0.497089 0.056842
v -0.198460 0.497081 0.056842
v -0.198893 0.496956 0.056842
v -0.199279 0.496725 0.056842
v -0.199591 0.496401 0.056842
v -0.199810 0.496007 0.056842
v -0.199919 0.495570 0.056842
v -0.199911 0.495120 0.056842
v -0.199787 0.494686 0.056842
v -0.199555 0.494301 0.056842
v -0.199231 0.493988 0.056842
v -0.198837 0.493769 0.056842
v -0.198400 0.493661 0.056842
v -0.197950 0.493668 0.056842
v -0.197517 0.493792 0.056842
v -0.200223 0.495198 0.030951
v -0.200109 0.494682 0.030951
v -0.200200 0.495726 0.030951
v -0.200040 0.496231 0.030951
v -0.199757 0.496677 0.030951
v -0.199367 0.497034 0.030951
v -0.198897 0.497278 0.030951
v -0.198381 0.497393 0.030951
v -0.197853 0.497370 0.030951
v -0.197348 0.497210 0.030951
v -0.196903 0.496927 0.030951
v -0.196546 0.496536 0.030951
v -0.196301 0.496067 0.030951
v -0.196186 0.495551 0.030951
v -0.196209 0.495023 0.030951
v -0.196369 0.494518 0.030951
v -0.196653 0.494073 0.030951
v -0.197043 0.493715 0.030951
v -0.197512 0.493471 0.030951
v -0.198028 0.493356 0.030951
v -0.198556 0.493379 0.030951
v -0.199061 0.493539 0.030951
v -0.199507 0.493823 0.030951
v -0.199864 0.494212 0.030951
v -0.286705 0.486615 0.016354
v -0.286950 0.487084 0.016354
v -0.287064 0.487600 0.016354
v -0.285902 0.485941 0.016354
v -0.283884 0.486118 0.016354
v -0.284190 0.489612 0.016354
v -0.286208 0.489436 0.016354
v -0.286882 0.488633 0.016354
v -0.287041 0.488128 0.016354
v -0.286597 0.489080 0.016354
v -0.285223 0.489795 0.016354
v -0.285738 0.489681 0.016354
v -0.284693 0.489772 0.016354
v -0.283028 0.487953 0.016354
v -0.283386 0.488939 0.016354
v -0.283743 0.489329 0.016354
v -0.283142 0.488469 0.016354
v -0.283209 0.486921 0.016354
v -0.283051 0.487425 0.016354
v -0.283494 0.486475 0.016354
v -0.284869 0.485759 0.016354
v -0.284352 0.485873 0.016354
v -0.285397 0.485782 0.016354
v -0.286348 0.486225 0.016354
v -0.287064 0.487600 0.030951
v -0.286950 0.487084 0.030951
v -0.287041 0.488128 0.030951
v -0.286882 0.488633 0.030951
v -0.286597 0.489080 0.030951
v -0.286208 0.489436 0.030951
v -0.285738 0.489681 0.030951
v -0.285223 0.489795 0.030951
v -0.284693 0.489772 0.030951
v -0.284190 0.489612 0.030951
v -0.283743 0.489329 0.030951
v -0.283386 0.488939 0.030951
v -0.283142 0.488469 0.030951
v -0.283028 0.487953 0.030951
v -0.283051 0.487425 0.030951
v -0.283209 0.486921 0.030951
v -0.283494 0.486475 0.030951
v -0.283884 0.486118 0.030951
v -0.284352 0.485873 0.030951
v -0.284869 0.485759 0.030951
v -0.285397 0.485782 0.030951
v -0.285902 0.485941 0.030951
v -0.286348 0.486225 0.030951
v -0.286705 0.486615 0.030951
v -0.199864 0.494212 0.016354
v -0.200109 0.494682 0.016354
v -0.200223 0.495198 0.016354
v -0.199061 0.493539 0.016354
v -0.197043 0.493715 0.016354
v -0.197348 0.497210 0.016354
v -0.199367 0.497034 0.016354
v -0.200040 0.496231 0.016354
v -0.200200 0.495726 0.016354
v -0.199757 0.496677 0.016354
v -0.198381 0.497393 0.016354
v -0.198897 0.497278 0.016354
v -0.197853 0.497370 0.016354
v -0.196186 0.495551 0.016354
v -0.196546 0.496536 0.016354
v -0.196903 0.496927 0.016354
v -0.196301 0.496067 0.016354
v -0.196369 0.494518 0.016354
v -0.196209 0.495023 0.016354
v -0.196653 0.494073 0.016354
v -0.198028 0.493356 0.016354
v -0.197512 0.493471 0.016354
v -0.198556 0.493379 0.016354
v -0.199507 0.493823 0.016354
v -0.200223 0.495198 0.030951
v -0.200109 0.494682 0.030951
v -0.200200 0.495726 0.030951
v -0.200040 0.496231 0.030951
v -0.199757 0.496677 0.030951
v -0.199367 0.497034 0.030951
v -0.198897 0.497278 0.030951
v -0.198381 0.497393 0.030951
v -0.197853 0.497370 0.030951
v -0.197348 0.497210 0.030951
v -0.196903 0.496927 0.030951
v -0.196546 0.496536 0.030951
v -0.196301 0.496067 0.030951
v -0.196186 0.495551 0.030951
v -0.196209 0.495023 0.030951
v -0.196369 0.494518 0.030951
v -0.196653 0.494073 0.030951
v -0.197043 0.493715 0.030951
v -0.197512 0.493471 0.030951
v -0.198028 0.493356 0.030951
v -0.198556 0.493379 0.030951
v -0.199061 0.493539 0.030951
v -0.199507 0.493823 0.030951
v -0.199864 0.494212 0.030951
v -0.292133 0.484291 0.018560
v -0.292835 0.486912 0.018560
v -0.290424 0.487123 0.009472
v -0.289940 0.485314 0.009472
v -0.290577 0.482069 0.018560
v -0.288866 0.483780 0.009472
v -0.288354 0.480513 0.018560
v -0.287332 0.482706 0.009472
v -0.285734 0.479811 0.018560
v -0.285524 0.482221 0.009472
v -0.283033 0.480047 0.018560
v -0.283659 0.482384 0.009472
v -0.280573 0.481194 0.018560
v -0.281961 0.483176 0.009472
v -0.278655 0.483112 0.018560
v -0.280638 0.484500 0.009472
v -0.277509 0.485570 0.018560
v -0.279846 0.486197 0.009472
v -0.277273 0.488273 0.018560
v -0.279683 0.488062 0.009472
v -0.277975 0.490893 0.018560
v -0.280168 0.489871 0.009472
v -0.279530 0.493115 0.018560
v -0.281242 0.491404 0.009472
v -0.281752 0.494671 0.018560
v -0.282775 0.492479 0.009472
v -0.284373 0.495373 0.018560
v -0.284584 0.492963 0.009472
v -0.287075 0.495137 0.018560
v -0.286449 0.492800 0.009472
v -0.289534 0.493990 0.018560
v -0.288146 0.492009 0.009472
v -0.291452 0.492072 0.018560
v -0.289470 0.490684 0.009472
v -0.292599 0.489614 0.018560
v -0.290261 0.488988 0.009472
v -0.292133 0.484291 0.027648
v -0.292835 0.486912 0.027648
v -0.290577 0.482069 0.027648
v -0.288354 0.480513 0.027648
v -0.285734 0.479811 0.027648
v -0.283033 0.480047 0.027648
v -0.280573 0.481194 0.027648
v -0.278655 0.483112 0.027648
v -0.277509 0.485570 0.027648
v -0.277273 0.488273 0.027648
v -0.277975 0.490893 0.027648
v -0.279530 0.493115 0.027648
v -0.281752 0.494671 0.027648
v -0.284373 0.495373 0.027648
v -0.287075 0.495137 0.027648
v -0.289534 0.493990 0.027648
v -0.291452 0.492072 0.027648
v -0.292599 0.489614 0.027648
v -0.288822 0.492973 0.022488
v -0.290435 0.491360 0.022488
v -0.291399 0.489292 0.022488
v -0.287831 0.481639 0.022488
v -0.291008 0.484816 0.022488
v -0.291598 0.487020 0.022488
v -0.289699 0.482947 0.022488
v -0.279672 0.483824 0.022488
v -0.283353 0.481247 0.022488
v -0.285627 0.481048 0.022488
v -0.281286 0.482211 0.022488
v -0.280408 0.492237 0.022488
v -0.278509 0.488165 0.022488
v -0.278709 0.485892 0.022488
v -0.279100 0.490368 0.022488
v -0.284481 0.494136 0.022488
v -0.282277 0.493546 0.022488
v -0.286754 0.493937 0.022488
v -0.291008 0.484816 0.027648
v -0.291598 0.487020 0.027648
v -0.289699 0.482947 0.027648
v -0.287831 0.481639 0.027648
v -0.285627 0.481048 0.027648
v -0.283353 0.481247 0.027648
v -0.281286 0.482211 0.027648
v -0.279672 0.483824 0.027648
v -0.278709 0.485892 0.027648
v -0.278509 0.488165 0.027648
v -0.279100 0.490368 0.027648
v -0.280408 0.492237 0.027648
v -0.282277 0.493546 0.027648
v -0.284481 0.494136 0.027648
v -0.286754 0.493937 0.027648
v -0.288822 0.492973 0.027648
v -0.290435 0.491360 0.027648
v -0.291399 0.489292 0.027648
v -0.205292 0.491889 0.018560
v -0.205994 0.494509 0.018560
v -0.203584 0.494720 0.009472
v -0.203100 0.492911 0.009472
v -0.203736 0.489667 0.018560
v -0.202025 0.491377 0.009472
v -0.201514 0.488110 0.018560
v -0.200491 0.490304 0.009472
v -0.198894 0.487408 0.018560
v -0.198682 0.489819 0.009472
v -0.196191 0.487645 0.018560
v -0.196817 0.489982 0.009472
v -0.193733 0.488791 0.018560
v -0.195121 0.490774 0.009472
v -0.191815 0.490710 0.018560
v -0.193796 0.492097 0.009472
v -0.190669 0.493168 0.018560
v -0.193005 0.493795 0.009472
v -0.190431 0.495871 0.018560
v -0.192842 0.495660 0.009472
v -0.191134 0.498491 0.018560
v -0.193327 0.497469 0.009472
v -0.192690 0.500712 0.018560
v -0.194400 0.499002 0.009472
v -0.194912 0.502269 0.018560
v -0.195935 0.500076 0.009472
v -0.197532 0.502971 0.018560
v -0.197743 0.500560 0.009472
v -0.200235 0.502735 0.018560
v -0.199608 0.500397 0.009472
v -0.202693 0.501588 0.018560
v -0.201305 0.499606 0.009472
v -0.204611 0.499669 0.018560
v -0.202629 0.498282 0.009472
v -0.205757 0.497211 0.018560
v -0.203421 0.496585 0.009472
v -0.205292 0.491889 0.027648
v -0.205994 0.494509 0.027648
v -0.203736 0.489667 0.027648
v -0.201514 0.488110 0.027648
v -0.198894 0.487408 0.027648
v -0.196191 0.487645 0.027648
v -0.193733 0.488791 0.027648
v -0.191815 0.490710 0.027648
v -0.190669 0.493168 0.027648
v -0.190431 0.495871 0.027648
v -0.191134 0.498491 0.027648
v -0.192690 0.500712 0.027648
v -0.194912 0.502269 0.027648
v -0.197532 0.502971 0.027648
v -0.200235 0.502735 0.027648
v -0.202693 0.501588 0.027648
v -0.204611 0.499669 0.027648
v -0.205757 0.497211 0.027648
v -0.201981 0.500571 0.022488
v -0.203594 0.498957 0.022488
v -0.204558 0.496890 0.022488
v -0.200989 0.489236 0.022488
v -0.204166 0.492414 0.022488
v -0.204758 0.494617 0.022488
v -0.202858 0.490544 0.022488
v -0.192832 0.491422 0.022488
v -0.196512 0.488844 0.022488
v -0.198785 0.488645 0.022488
v -0.194445 0.489809 0.022488
v -0.193568 0.499835 0.022488
v -0.191669 0.495763 0.022488
v -0.191867 0.493490 0.022488
v -0.192259 0.497966 0.022488
v -0.197640 0.501734 0.022488
v -0.195437 0.501144 0.022488
v -0.199913 0.501535 0.022488
v -0.204166 0.492414 0.027648
v -0.204758 0.494617 0.027648
v -0.202858 0.490544 0.027648
v -0.200989 0.489236 0.027648
v -0.198785 0.488645 0.027648
v -0.196512 0.488844 0.027648
v -0.194445 0.489809 0.027648
v -0.192832 0.491422 0.027648
v -0.191867 0.493490 0.027648
v -0.191669 0.495763 0.027648
v -0.192259 0.497966 0.027648
v -0.193568 0.499835 0.027648
v -0.195437 0.501144 0.027648
v -0.197640 0.501734 0.027648
v -0.199913 0.501535 0.027648
v -0.201981 0.500571 0.027648
v -0.203594 0.498957 0.027648
v -0.204558 0.496890 0.027648
vn 0.0872 -0.9962 -0.0000
vn -0.9962 -0.0872 -0.0000
vn -0.0872 0.9962 -0.0000
vn 0.9962 0.0872 -0.0000
vn 0.0871 -0.9962 -0.0000
vn -0.0000 -0.0000 1.0000
vn -0.0000 -0.0000 -1.0000
vn -0.0872 0.9962 0.0001
vn 0.6379 0.0558 -0.7681
vn 0.6656 0.0582 -0.7440
vn -0.6379 -0.0558 0.7681
vn -0.6654 -0.0582 0.7442
vn 0.5832 0.0510 -0.8107
vn -0.5832 -0.0510 0.8107
vn 0.5317 0.0465 -0.8457
vn 0.5316 0.0465 -0.8457
vn -0.5313 -0.0465 0.8459
vn 0.4837 0.0423 -0.8742
vn -0.4836 -0.0423 0.8743
vn 0.4399 0.0385 -0.8972
vn -0.4397 -0.0385 0.8973
vn 0.3992 0.0349 -0.9162
vn -0.0871 0.9962 -0.0000
vn -0.3994 -0.0349 0.9161
vn 0.3594 0.0314 -0.9327
vn -0.3588 -0.0314 0.9329
vn 0.3143 0.0275 -0.9489
vn -0.3143 -0.0275 0.9489
vn 0.2650 0.0232 -0.9640
vn -0.2652 -0.0232 0.9639
vn 0.2140 0.0187 -0.9767
vn -0.2145 -0.0188 0.9765
vn 0.1616 0.0141 -0.9867
vn -0.1615 -0.0141 0.9868
vn 0.1083 0.0095 -0.9941
vn -0.1080 -0.0094 0.9941
vn 0.0872 -0.9962 0.0001
vn 0.0545 0.0048 -0.9985
vn -0.0544 -0.0048 0.9985
vn -0.0018 -0.0002 -1.0000
vn 0.0018 0.0002 1.0000
vn -0.0625 -0.0055 -0.9980
vn 0.0629 0.0055 0.9980
vn -0.1286 -0.0113 -0.9916
vn 0.1288 0.0113 0.9916
vn -0.1983 -0.0173 -0.9800
vn 0.1983 0.0173 0.9800
vn -0.2704 -0.0237 -0.9625
vn 0.2702 0.0236 0.9625
vn -0.3441 -0.0301 -0.9384
vn 0.3439 0.0301 0.9385
vn -0.4182 -0.0366 -0.9076
vn 0.4184 0.0366 0.9075
vn -0.4911 -0.0430 -0.8700
vn 0.4907 0.0429 0.8703
vn -0.5626 -0.0492 -0.8253
vn 0.5624 0.0492 0.8254
vn -0.6326 -0.0553 -0.7725
vn 0.6325 0.0553 0.7726
vn -0.6987 -0.0611 -0.7128
vn 0.6985 0.0611 0.7130
vn -0.7596 -0.0665 -0.6470
vn 0.7595 0.0665 0.6471
vn -0.8135 -0.0712 -0.5772
vn 0.8136 0.0712 0.5771
vn -0.8599 -0.0752 -0.5049
vn 0.8601 0.0752 0.5045
vn -0.8972 -0.0785 -0.4345
vn 0.8971 0.0785 0.4347
vn -0.9251 -0.0809 -0.3710
vn 0.9251 0.0809 0.3710
vn -0.9473 -0.0829 -0.3093
vn 0.9473 0.0829 0.3094
vn 0.0871 -0.9962 -0.0001
vn -0.9655 -0.0845 -0.2462
vn 0.9655 0.0845 0.2462
vn -0.9794 -0.0857 -0.1830
vn 0.9793 0.0857 0.1832
vn -0.9889 -0.0865 -0.1207
vn 0.9889 0.0865 0.1206
vn -0.9944 -0.0870 -0.0596
vn 0.9944 0.0870 0.0594
vn -0.9962 -0.0872 0.0004
vn 0.9962 0.0872 -0.0004
vn -0.9943 -0.0870 0.0621
vn 0.9943 0.0870 -0.0618
vn -0.9881 -0.0864 0.1272
vn 0.9881 0.0864 -0.1270
vn -0.9771 -0.0855 0.1948
vn 0.9771 0.0855 -0.1948
vn -0.9607 -0.0841 0.2645
vn 0.9608 0.0841 -0.2642
vn -0.9387 -0.0821 0.3348
vn 0.9387 0.0821 -0.3347
vn -0.9108 -0.0797 0.4052
vn 0.9106 0.0797 -0.4054
vn -0.8764 -0.0767 0.4755
vn 0.8763 0.0767 -0.4757
vn -0.8339 -0.0730 0.5470
vn 0.8340 0.0730 -0.5469
vn 0.0871 -0.9962 0.0001
vn -0.7832 -0.0685 0.6180
vn 0.7834 0.0685 -0.6178
vn -0.7259 -0.0635 0.6848
vn 0.7260 0.0635 -0.6848
vn -0.6628 -0.0580 0.7466
vn 0.6627 0.0580 -0.7467
vn -0.5957 -0.0521 0.8015
vn 0.5955 0.0521 -0.8017
vn -0.5263 -0.0460 0.8491
vn 0.5262 0.0460 -0.8491
vn -0.4559 -0.0399 0.8892
vn 0.4558 0.0399 -0.8892
vn -0.3829 -0.0335 0.9232
vn 0.3828 0.0335 -0.9232
vn -0.3086 -0.0270 0.9508
vn 0.3086 0.0270 -0.9508
vn -0.2377 -0.0208 0.9711
vn 0.2377 0.0208 -0.9711
vn -0.1714 -0.0150 0.9851
vn 0.1711 0.0150 -0.9851
vn -0.1095 -0.0096 0.9939
vn 0.1091 0.0095 -0.9940
vn -0.0523 -0.0046 0.9986
vn 0.0528 0.0046 -0.9986
vn 0.0025 0.0002 1.0000
vn -0.0871 0.9962 0.0001
vn -0.0028 -0.0002 -1.0000
vn 0.0647 0.0057 0.9979
vn -0.0650 -0.0057 -0.9979
vn 0.1368 0.0120 0.9905
vn -0.1365 -0.0119 -0.9906
vn 0.2174 0.0190 0.9759
vn -0.2170 -0.0190 -0.9760
vn 0.3056 0.0267 0.9518
vn -0.3056 -0.0267 -0.9518
vn 0.4000 0.0350 0.9158
vn -0.3998 -0.0350 -0.9159
vn 0.4988 0.0436 0.8656
vn -0.0871 0.9962 -0.0001
vn -0.4989 -0.0436 -0.8656
vn 0.5933 0.0519 0.8033
vn -0.0872 0.9962 -0.0001
vn -0.5935 -0.0519 -0.8032
vn 0.6762 0.0592 0.7343
vn -0.6764 -0.0592 -0.7342
vn 0.7503 0.0656 0.6578
vn -0.7503 -0.0656 -0.6579
vn 0.8164 0.0714 0.5730
vn -0.8163 -0.0714 -0.5732
vn 0.0872 -0.9962 -0.0001
vn 0.8722 0.0763 0.4832
vn -0.8723 -0.0763 -0.4830
vn 0.9168 0.0802 0.3912
vn -0.9168 -0.0802 -0.3912
vn 0.9503 0.0831 0.2999
vn -0.9503 -0.0831 -0.3001
vn 0.9632 0.0843 0.2551
vn -0.9632 -0.0843 -0.2553
vn 0.1837 0.0161 -0.9829
vn -0.1838 -0.0161 0.9828
vn -0.0864 0.9963 -0.0000
vn -0.9302 -0.0814 -0.3579
vn -0.9451 -0.0827 -0.3160
vn 0.0875 -0.9962 0.0001
vn -0.9451 -0.0828 -0.3160
vn -0.9452 -0.0826 -0.3160
vn -0.8941 -0.0782 -0.4409
vn 0.8940 0.0782 0.4411
vn 0.9135 0.0799 0.3990
vn -0.8485 -0.0742 -0.5240
vn 0.8486 0.0742 0.5238
vn -0.7936 -0.0694 -0.6045
vn 0.7938 0.0695 0.6042
vn -0.7305 -0.0639 -0.6799
vn 0.7304 0.0639 0.6800
vn -0.6609 -0.0578 -0.7483
vn 0.6611 0.0578 0.7481
vn -0.5859 -0.0513 -0.8087
vn 0.5856 0.0512 0.8090
vn -0.5026 -0.0440 -0.8634
vn 0.5026 0.0440 0.8634
vn -0.4143 -0.0362 -0.9094
vn 0.4141 0.0362 0.9095
vn -0.3248 -0.0284 -0.9454
vn 0.3243 0.0284 0.9455
vn -0.2365 -0.0207 -0.9714
vn 0.2364 0.0207 0.9714
vn -0.1526 -0.0134 -0.9882
vn 0.1523 0.0133 0.9882
vn -0.0735 -0.0064 -0.9973
vn 0.0735 0.0064 0.9973
vn 0.0058 0.0005 -1.0000
vn -0.0054 -0.0005 1.0000
vn 0.0964 0.0084 -0.9953
vn -0.0968 -0.0085 0.9953
vn 0.2013 0.0176 -0.9794
vn -0.2011 -0.0176 0.9794
vn 0.3125 0.0273 -0.9495
vn -0.3121 -0.0273 0.9496
vn 0.4262 0.0373 -0.9039
vn -0.4259 -0.0373 0.9040
vn 0.5365 0.0469 -0.8426
vn -0.5367 -0.0470 0.8424
vn 0.6387 0.0559 -0.7674
vn -0.6387 -0.0559 0.7674
vn 0.7318 0.0640 -0.6785
vn -0.7316 -0.0640 0.6787
vn 0.8150 0.0713 -0.5751
vn -0.8149 -0.0713 0.5752
vn 0.8827 0.0772 -0.4636
vn -0.8827 -0.0772 0.4636
vn 0.9317 0.0815 -0.3541
vn -0.9317 -0.0815 0.3540
vn 0.9644 0.0844 -0.2506
vn -0.9643 -0.0844 0.2509
vn 0.9838 0.0861 -0.1571
vn -0.9839 -0.0861 0.1569
vn 0.9934 0.0869 -0.0742
vn -0.9935 -0.0869 0.0739
vn 0.9962 0.0872 -0.0014
vn -0.9962 -0.0872 0.0009
vn 0.9938 0.0869 0.0699
vn -0.9938 -0.0869 -0.0699
vn 0.9851 0.0862 0.1488
vn -0.9851 -0.0862 -0.1488
vn 0.9676 0.0847 0.2379
vn -0.9676 -0.0847 -0.2381
vn 0.9376 0.0820 0.3379
vn -0.9377 -0.0820 -0.3376
vn 0.8920 0.0780 0.4453
vn -0.8918 -0.0780 -0.4456
vn 0.8271 0.0724 0.5573
vn -0.8272 -0.0724 -0.5572
vn 0.7471 0.0654 0.6614
vn -0.7470 -0.0654 -0.6616
vn 0.6587 0.0576 0.7502
vn -0.6585 -0.0576 -0.7504
vn 0.5598 0.0490 0.8272
vn -0.5597 -0.0490 -0.8273
vn 0.4496 0.0393 0.8924
vn -0.4497 -0.0393 -0.8923
vn 0.3336 0.0292 0.9423
vn -0.3332 -0.0292 -0.9424
vn 0.2167 0.0190 0.9761
vn -0.2164 -0.0189 -0.9761
vn -0.2165 -0.0189 -0.9761
vn 0.1048 0.0092 0.9945
vn -0.1048 -0.0092 -0.9944
vn 0.0114 0.0010 0.9999
vn -0.0112 -0.0010 -0.9999
vn -0.0560 -0.0049 0.9984
vn 0.0555 0.0049 -0.9984
vn -0.1099 -0.0096 0.9939
vn 0.1101 0.0096 -0.9939
vn -0.1634 -0.0143 0.9865
vn 0.1638 0.0143 -0.9864
vn -0.2161 -0.0189 0.9762
vn 0.2164 0.0189 -0.9761
vn -0.2669 -0.0233 0.9634
vn 0.2661 0.0233 -0.9637
vn -0.3150 -0.0276 0.9487
vn 0.3146 0.0275 -0.9488
vn -0.3574 -0.0313 0.9334
vn 0.3579 0.0313 -0.9332
vn -0.3934 -0.0344 0.9187
vn 0.3936 0.0344 -0.9186
vn -0.4268 -0.0373 0.9036
vn 0.4272 0.0374 -0.9034
vn -0.4619 -0.0404 0.8860
vn 0.4618 0.0404 -0.8861
vn -0.4975 -0.0435 0.8663
vn 0.4976 0.0435 -0.8663
vn -0.5340 -0.0467 0.8442
vn 0.5341 0.0467 -0.8441
vn -0.5717 -0.0500 0.8189
vn 0.5715 0.0500 -0.8191
vn -0.5900 -0.0516 0.8058
vn 0.5902 0.0516 -0.8056
vn -0.8422 -0.0737 -0.5341
vn 0.8422 0.0737 0.5341
vn 0.8580 0.0751 0.5082
vn -0.8580 -0.0751 -0.5081
vn -0.8624 -0.0754 0.5006
vn 0.8623 0.0754 -0.5007
vn 0.8428 0.0737 -0.5331
vn -0.8428 -0.0737 0.5332
vn 0.9631 0.0843 0.2556
vn -0.9631 -0.0843 -0.2556
vn -0.9640 -0.0843 0.2521
vn 0.9640 0.0843 -0.2521
vn -0.9962 -0.0872 -0.0010
vn 0.9962 0.0872 0.0010
vn 0.9664 0.0845 -0.2427
vn -0.9664 -0.0846 0.2426
vn -0.9666 -0.0846 -0.2419
vn 0.9666 0.0846 0.2419
vn 0.9962 0.0872 -0.0010
vn -0.9962 -0.0872 0.0010
vn 0.9962 0.0871 -0.0000
vn -0.9962 -0.0871 -0.0000
vn -0.0330 -0.0029 0.9995
vn 0.0793 -0.9068 -0.4140
vn 0.0715 -0.9358 -0.3452
vn 0.8656 0.0757 -0.4949
vn -0.0819 0.9366 -0.3407
vn -0.0869 0.9078 -0.4104
vn -0.8926 -0.0780 -0.4441
vn -0.8926 -0.0783 -0.4441
vn -0.8926 -0.0781 -0.4441
vn -0.8926 -0.0779 -0.4441
vn -0.0767 0.8769 0.4745
vn -0.8355 -0.0731 0.5446
vn 0.0767 -0.8769 0.4745
vn 0.7970 0.0697 0.6000
vn -0.0000 0.0001 1.0000
vn -0.0657 0.7509 -0.6571
vn -0.0652 0.7449 -0.6640
vn -0.0348 0.3981 -0.9167
vn -0.3367 -0.0295 -0.9411
vn -0.3368 -0.0295 -0.9411
vn 0.0348 -0.3981 -0.9167
vn 0.2945 0.0258 -0.9553
vn 0.0981 -0.9952 -0.0000
vn 0.0762 -0.9971 -0.0000
vn -0.9972 -0.0746 -0.0000
vn 0.9950 0.0997 -0.0000
vn 0.8063 -0.5900 -0.0422
vn 0.6261 -0.7786 -0.0423
vn -0.2849 -0.0241 0.9582
vn -0.2689 -0.0969 0.9583
vn 0.9315 -0.3612 -0.0423
vn -0.2347 -0.1634 0.9582
vn 0.9933 -0.1078 -0.0422
vn -0.1844 -0.2185 0.9583
vn 0.9873 0.1528 -0.0424
vn -0.1216 -0.2587 0.9583
vn 0.9141 0.4032 -0.0423
vn -0.0505 -0.2814 0.9583
vn 0.7786 0.6261 -0.0423
vn 0.0241 -0.2849 0.9583
vn 0.5900 0.8063 -0.0422
vn 0.0970 -0.2690 0.9583
vn 0.3613 0.9315 -0.0424
vn 0.1632 -0.2348 0.9582
vn 0.1079 0.9933 -0.0423
vn 0.2183 -0.1845 0.9583
vn -0.1528 0.9873 -0.0424
vn 0.2587 -0.1216 0.9583
vn -0.4033 0.9141 -0.0423
vn 0.2814 -0.0505 0.9583
vn -0.6261 0.7786 -0.0423
vn 0.2849 0.0240 0.9582
vn -0.8063 0.5900 -0.0422
vn 0.2689 0.0968 0.9583
vn -0.9315 0.3613 -0.0423
vn 0.2347 0.1632 0.9583
vn -0.9933 0.1079 -0.0424
vn 0.1844 0.2184 0.9583
vn -0.9874 -0.1528 -0.0424
vn 0.1216 0.2588 0.9583
vn -0.9141 -0.4033 -0.0423
vn 0.0505 0.2814 0.9583
vn -0.7786 -0.6261 -0.0424
vn -0.0241 0.2849 0.9582
vn -0.5900 -0.8063 -0.0423
vn -0.0970 0.2689 0.9583
vn -0.3613 -0.9315 -0.0424
vn -0.1632 0.2348 0.9582
vn -0.1079 -0.9933 -0.0424
vn -0.2184 0.1844 0.9583
vn 0.1530 -0.9873 -0.0423
vn -0.2586 0.1216 0.9583
vn 0.4033 -0.9141 -0.0423
vn -0.2813 0.0505 0.9583
vn -0.9419 -0.3360 -0.0035
vn -0.9967 -0.0808 -0.0037
vn -0.8228 -0.5683 -0.0035
vn -0.6478 -0.7618 -0.0035
vn -0.4285 -0.9035 -0.0036
vn -0.1801 -0.9836 -0.0035
vn 0.0807 -0.9967 -0.0036
vn 0.3360 -0.9418 -0.0037
vn 0.5683 -0.8228 -0.0036
vn 0.7618 -0.6478 -0.0036
vn 0.9035 -0.4285 -0.0035
vn 0.9837 -0.1799 -0.0037
vn 0.9967 0.0807 -0.0035
vn 0.9419 0.3360 -0.0037
vn 0.8228 0.5683 -0.0036
vn 0.6478 0.7618 -0.0035
vn 0.4284 0.9036 -0.0037
vn 0.1800 0.9837 -0.0036
vn -0.0807 0.9967 -0.0037
vn -0.3360 0.9419 -0.0037
vn -0.5682 0.8229 -0.0036
vn -0.7619 0.6477 -0.0035
vn -0.9036 0.4284 -0.0036
vn -0.9837 0.1800 -0.0036
vn 0.8036 -0.5901 -0.0778
vn 0.6234 -0.7780 -0.0778
vn 0.9290 -0.3619 -0.0777
vn 0.9910 -0.1092 -0.0777
vn 0.9855 0.1510 -0.0776
vn 0.9128 0.4009 -0.0777
vn 0.7780 0.6235 -0.0777
vn 0.5901 0.8036 -0.0778
vn 0.3619 0.9290 -0.0777
vn 0.1092 0.9910 -0.0777
vn -0.1510 0.9855 -0.0776
vn -0.4008 0.9128 -0.0777
vn -0.6235 0.7780 -0.0778
vn -0.8036 0.5900 -0.0777
vn -0.9290 0.3619 -0.0776
vn -0.9910 0.1090 -0.0776
vn -0.9855 -0.1509 -0.0777
vn -0.9128 -0.4008 -0.0777
vn -0.7779 -0.6235 -0.0776
vn -0.5901 -0.8036 -0.0777
vn -0.3620 -0.9289 -0.0777
vn -0.1092 -0.9910 -0.0777
vn 0.1510 -0.9855 -0.0776
vn 0.4008 -0.9129 -0.0777
vn -0.6214 -0.1217 0.7740
vn -0.6821 -0.6922 -0.2356
vn -0.5685 -0.2777 0.7744
vn -0.4773 -0.4151 0.7745
vn -0.3536 -0.5253 0.7739
vn -0.2056 -0.5979 0.7748
vn -0.0435 -0.6315 0.7741
vn 0.1214 -0.6212 0.7742
vn 0.2782 -0.5689 0.7739
vn 0.4145 -0.4774 0.7747
vn 0.5248 -0.3534 0.7744
vn 0.5991 -0.2051 0.7740
vn 0.6315 -0.0436 0.7742
vn 0.6211 0.1211 0.7743
vn 0.5688 0.2778 0.7742
vn 0.4773 0.4146 0.7748
vn 0.3537 0.5244 0.7745
vn 0.2048 0.5993 0.7739
vn 0.0435 0.6315 0.7742
vn -0.1207 0.6211 0.7744
vn -0.2776 0.5685 0.7744
vn -0.4160 0.4771 0.7741
vn -0.5250 0.3538 0.7741
vn -0.5982 0.2057 0.7745
vn 0.6345 -0.4662 -0.6165
vn 0.4923 -0.6144 -0.6166
vn 0.0289 0.1834 0.9826
vn 0.4899 -0.6803 0.5452
vn 0.7334 -0.2860 -0.6167
vn 0.6493 -0.5298 0.5456
vn 0.7826 -0.0864 -0.6164
vn 0.7647 -0.3430 0.5455
vn 0.7783 0.1190 -0.6166
vn 0.8278 -0.1346 0.5447
vn 0.7210 0.3164 -0.6165
vn 0.8336 0.0849 0.5458
vn 0.6145 0.4923 -0.6165
vn 0.7837 0.2972 0.5454
vn 0.4661 0.6344 -0.6167
vn 0.6797 0.4903 0.5456
vn 0.2859 0.7334 -0.6167
vn 0.5301 0.6495 0.5451
vn 0.0864 0.7825 -0.6166
vn 0.3429 0.7649 0.5454
vn -0.1191 0.7783 -0.6165
vn 0.1345 0.8274 0.5453
vn -0.3165 0.7208 -0.6166
vn -0.0841 0.8337 0.5458
vn -0.4922 0.6144 -0.6167
vn -0.2975 0.7839 0.5450
vn -0.6346 0.4660 -0.6166
vn -0.4906 0.6795 0.5455
vn -0.7335 0.2859 -0.6167
vn -0.6495 0.5304 0.5449
vn -0.7825 0.0864 -0.6167
vn -0.7646 0.3429 0.5456
vn -0.7782 -0.1193 -0.6166
vn -0.8278 0.1338 0.5449
vn -0.7209 -0.3166 -0.6165
vn -0.8336 -0.0837 0.5459
vn -0.6145 -0.4922 -0.6165
vn -0.7838 -0.2971 0.5454
vn -0.4662 -0.6344 -0.6166
vn -0.6793 -0.4909 0.5454
vn -0.2860 -0.7336 -0.6165
vn -0.5303 -0.6495 0.5449
vn -0.0865 -0.7826 -0.6165
vn -0.3435 -0.7640 0.5462
vn 0.1190 -0.7782 -0.6167
vn -0.1337 -0.8280 0.5445
vn 0.3164 -0.7209 -0.6166
vn 0.0843 -0.8340 0.5454
vn -0.0001 -0.0000 1.0000
vn 0.0001 -0.0000 1.0000
vn 0.8063 -0.5900 -0.0423
vn -0.2850 -0.0241 0.9582
vn -0.2689 -0.0970 0.9583
vn -0.2347 -0.1632 0.9583
vn 0.9933 -0.1079 -0.0423
vn -0.1845 -0.2184 0.9583
vn 0.9873 0.1529 -0.0423
vn -0.1216 -0.2588 0.9583
vn 0.9141 0.4032 -0.0424
vn 0.0241 -0.2849 0.9582
vn 0.5900 0.8063 -0.0424
vn 0.0970 -0.2689 0.9583
vn 0.1633 -0.2348 0.9582
vn 0.1078 0.9933 -0.0423
vn -0.1529 0.9873 -0.0424
vn -0.4032 0.9141 -0.0423
vn -0.6260 0.7786 -0.0423
vn 0.2849 0.0241 0.9582
vn -0.8063 0.5900 -0.0423
vn 0.2690 0.0970 0.9583
vn -0.9316 0.3612 -0.0422
vn 0.2347 0.1634 0.9582
vn -0.9932 0.1080 -0.0424
vn 0.1844 0.2185 0.9583
vn -0.9873 -0.1529 -0.0423
vn 0.1216 0.2587 0.9583
vn 0.0505 0.2813 0.9583
vn -0.7786 -0.6261 -0.0423
vn -0.5900 -0.8063 -0.0422
vn -0.0969 0.2689 0.9583
vn -0.3612 -0.9315 -0.0424
vn -0.1632 0.2348 0.9583
vn -0.1080 -0.9933 -0.0424
vn -0.2184 0.1845 0.9583
vn 0.1528 -0.9873 -0.0423
vn -0.2587 0.1216 0.9583
vn -0.2814 0.0505 0.9583
vn -0.9419 -0.3359 -0.0036
vn -0.8228 -0.5683 -0.0036
vn -0.6477 -0.7619 -0.0036
vn -0.1799 -0.9837 -0.0036
vn 0.3359 -0.9419 -0.0035
vn 0.5683 -0.8228 -0.0035
vn 0.7618 -0.6478 -0.0035
vn 0.9036 -0.4285 -0.0035
vn 0.9837 -0.1800 -0.0036
vn 0.9967 0.0807 -0.0036
vn 0.9419 0.3359 -0.0037
vn 0.8228 0.5683 -0.0035
vn 0.6477 0.7618 -0.0036
vn 0.4284 0.9036 -0.0036
vn 0.1801 0.9836 -0.0035
vn -0.0807 0.9967 -0.0035
vn -0.3360 0.9419 -0.0036
vn -0.5684 0.8228 -0.0036
vn -0.7619 0.6477 -0.0036
vn -0.9837 0.1800 -0.0037
vn 0.8036 -0.5900 -0.0777
vn 0.9910 -0.1093 -0.0778
vn 0.9855 0.1509 -0.0777
vn 0.9128 0.4009 -0.0776
vn 0.7780 0.6234 -0.0778
vn 0.5900 0.8037 -0.0776
vn 0.1091 0.9910 -0.0777
vn -0.1509 0.9855 -0.0777
vn -0.4010 0.9128 -0.0777
vn -0.6235 0.7780 -0.0777
vn -0.9289 0.3620 -0.0777
vn -0.9910 0.1092 -0.0777
vn -0.9855 -0.1509 -0.0778
vn -0.9129 -0.4008 -0.0777
vn -0.7780 -0.6234 -0.0777
vn -0.5902 -0.8035 -0.0777
vn -0.3619 -0.9290 -0.0778
vn -0.1091 -0.9910 -0.0776
vn 0.4007 -0.9129 -0.0778
vn -0.6210 -0.1214 0.7744
vn -0.6825 -0.6919 -0.2355
vn -0.5686 -0.2782 0.7742
vn -0.4776 -0.4151 0.7743
vn -0.3536 -0.5248 0.7743
vn -0.2051 -0.5991 0.7739
vn -0.0436 -0.6315 0.7742
vn 0.1211 -0.6212 0.7743
vn 0.2778 -0.5687 0.7742
vn 0.4147 -0.4773 0.7748
vn 0.5245 -0.3539 0.7744
vn 0.5993 -0.2050 0.7738
vn 0.6314 -0.0434 0.7743
vn 0.6214 0.1212 0.7741
vn 0.5684 0.2773 0.7746
vn 0.4771 0.4155 0.7745
vn 0.3537 0.5254 0.7739
vn 0.2057 0.5979 0.7747
vn 0.0435 0.6316 0.7741
vn -0.1215 0.6212 0.7742
vn -0.2782 0.5688 0.7740
vn -0.4150 0.4771 0.7747
vn -0.5254 0.3533 0.7740
vn -0.5985 0.2057 0.7743
vn 0.6344 -0.4662 -0.6166
vn 0.0285 0.1832 0.9827
vn 0.4897 -0.6800 0.5457
vn 0.7335 -0.2860 -0.6166
vn 0.6492 -0.5297 0.5459
vn 0.7825 -0.0864 -0.6166
vn 0.7649 -0.3433 0.5451
vn 0.7782 0.1191 -0.6166
vn 0.8277 -0.1340 0.5450
vn 0.7208 0.3165 -0.6167
vn 0.8338 0.0842 0.5456
vn 0.6145 0.4922 -0.6166
vn 0.7837 0.2971 0.5454
vn 0.4660 0.6345 -0.6166
vn 0.6795 0.4907 0.5455
vn 0.2859 0.7334 -0.6168
vn 0.5303 0.6496 0.5448
vn 0.3430 0.7644 0.5459
vn -0.1193 0.7782 -0.6165
vn 0.1332 0.8278 0.5449
vn -0.3165 0.7209 -0.6165
vn -0.0836 0.8342 0.5451
vn -0.4923 0.6144 -0.6166
vn -0.2973 0.7833 0.5460
vn -0.6345 0.4661 -0.6166
vn -0.4903 0.6801 0.5451
vn -0.6495 0.5300 0.5452
vn -0.7826 0.0864 -0.6165
vn -0.7642 0.3434 0.5459
vn -0.7782 -0.1191 -0.6167
vn -0.8278 0.1345 0.5447
vn -0.7209 -0.3165 -0.6166
vn -0.8336 -0.0850 0.5458
vn -0.6144 -0.4922 -0.6166
vn -0.7837 -0.2972 0.5454
vn -0.4661 -0.6344 -0.6166
vn -0.6797 -0.4902 0.5456
vn -0.2859 -0.7334 -0.6168
vn -0.5302 -0.6493 0.5452
vn -0.0864 -0.7826 -0.6166
vn -0.3435 -0.7644 0.5456
vn 0.1192 -0.7782 -0.6166
vn -0.1345 -0.8273 0.5454
vn 0.3165 -0.7210 -0.6164
vn 0.0850 -0.8340 0.5451
vn -0.9763 -0.2164 -0.0000
vn -0.9990 0.0437 -0.0000
vn -0.9537 0.3006 -0.0000
vn -0.8433 0.5375 -0.0000
vn -0.6757 0.7372 -0.0000
vn -0.4618 0.8870 -0.0000
vn -0.2165 0.9763 -0.0000
vn 0.0437 0.9990 -0.0000
vn 0.3008 0.9537 -0.0000
vn 0.5374 0.8433 -0.0000
vn 0.7373 0.6756 -0.0000
vn 0.8870 0.4617 -0.0000
vn 0.9763 0.2164 -0.0000
vn 0.9990 -0.0436 -0.0000
vn 0.9537 -0.3007 -0.0000
vn 0.8434 -0.5372 -0.0000
vn 0.6758 -0.7371 -0.0000
vn 0.4618 -0.8870 -0.0000
vn 0.2162 -0.9763 -0.0000
vn -0.0436 -0.9990 -0.0000
vn -0.3007 -0.9537 -0.0000
vn -0.5372 -0.8435 -0.0000
vn -0.7372 -0.6757 -0.0000
vn -0.8871 -0.4615 -0.0000
vn 0.0001 -0.0000 -1.0000
vn -0.0000 -0.0003 -1.0000
vn -0.9763 -0.2165 -0.0000
vn -0.9990 0.0436 -0.0000
vn -0.9537 0.3009 -0.0000
vn -0.8436 0.5370 -0.0000
vn -0.4619 0.8869 -0.0000
vn 0.0436 0.9990 -0.0000
vn 0.5370 0.8436 -0.0000
vn 0.8871 0.4616 -0.0000
vn 0.9763 0.2165 -0.0000
vn 0.9990 -0.0437 -0.0000
vn 0.9537 -0.3009 -0.0000
vn 0.8434 -0.5373 -0.0000
vn 0.6755 -0.7374 -0.0000
vn 0.4620 -0.8869 -0.0000
vn 0.2165 -0.9763 -0.0000
vn -0.3009 -0.9536 -0.0000
vn -0.5377 -0.8432 -0.0000
vn -0.8869 -0.4620 -0.0000
vn -0.8988 -0.4192 -0.1279
vn -0.9880 -0.0864 -0.1279
vn -0.9627 -0.0842 -0.2573
vn -0.8758 -0.4084 -0.2573
vn -0.7012 -0.7014 -0.1279
vn -0.6832 -0.6834 -0.2573
vn -0.4192 -0.8988 -0.1279
vn -0.4081 -0.8759 -0.2573
vn -0.0865 -0.9880 -0.1279
vn -0.0843 -0.9626 -0.2573
vn 0.2567 -0.9580 -0.1279
vn 0.2501 -0.9334 -0.2573
vn 0.5689 -0.8124 -0.1279
vn 0.5543 -0.7916 -0.2573
vn 0.8125 -0.5688 -0.1279
vn 0.7916 -0.5542 -0.2573
vn 0.9580 -0.2566 -0.1279
vn 0.9334 -0.2500 -0.2573
vn 0.9880 0.0865 -0.1279
vn 0.9627 0.0842 -0.2573
vn 0.8989 0.4191 -0.1279
vn 0.8758 0.4084 -0.2573
vn 0.7014 0.7012 -0.1279
vn 0.6834 0.6832 -0.2573
vn 0.4192 0.8989 -0.1279
vn 0.4084 0.8758 -0.2573
vn 0.0864 0.9880 -0.1279
vn 0.0842 0.9627 -0.2573
vn -0.2567 0.9580 -0.1279
vn -0.2501 0.9334 -0.2573
vn -0.5689 0.8124 -0.1279
vn -0.5543 0.7916 -0.2573
vn -0.8124 0.5689 -0.1279
vn -0.7916 0.5543 -0.2572
vn -0.9580 0.2568 -0.1279
vn -0.9334 0.2502 -0.2573
vn -0.9063 -0.4227 -0.0000
vn -0.7071 -0.7072 -0.0000
vn -0.4227 -0.9063 -0.0000
vn -0.0872 -0.9962 -0.0000
vn 0.2588 -0.9659 -0.0000
vn 0.5736 -0.8191 -0.0000
vn 0.8192 -0.5735 -0.0000
vn 0.9659 -0.2588 -0.0000
vn 0.9063 0.4226 -0.0000
vn 0.7072 0.7071 -0.0000
vn 0.4226 0.9063 -0.0000
vn 0.0871 0.9962 -0.0000
vn -0.2589 0.9659 -0.0000
vn -0.5737 0.8191 -0.0000
vn -0.8191 0.5736 -0.0000
vn -0.9659 0.2590 -0.0000
vn 0.9660 0.2587 -0.0000
vn 0.8191 0.5736 -0.0000
vn 0.5736 0.8191 -0.0000
vn 0.2591 0.9659 -0.0000
vn -0.4226 0.9063 -0.0000
vn -0.7069 0.7073 -0.0000
vn -0.9063 0.4226 -0.0000
vn -0.9962 0.0872 -0.0000
vn -0.9659 -0.2589 -0.0000
vn -0.8191 -0.5736 -0.0000
vn -0.5736 -0.8191 -0.0000
vn -0.2587 -0.9660 -0.0000
vn 0.4225 -0.9064 -0.0000
vn 0.7074 -0.7069 -0.0000
vn 0.9063 -0.4227 -0.0000
vn 0.9962 -0.0871 -0.0000
vn -0.8989 -0.4191 -0.1279
vn -0.9627 -0.0842 -0.2572
vn -0.7013 -0.7013 -0.1279
vn -0.6833 -0.6833 -0.2573
vn -0.4192 -0.8988 -0.1280
vn -0.4085 -0.8758 -0.2573
vn 0.2568 -0.9580 -0.1279
vn 0.2502 -0.9334 -0.2573
vn 0.8124 -0.5688 -0.1279
vn 0.7916 -0.5543 -0.2573
vn 0.9580 -0.2568 -0.1279
vn 0.9334 -0.2501 -0.2572
vn 0.8988 0.4193 -0.1279
vn 0.8758 0.4085 -0.2572
vn 0.7013 0.7013 -0.1279
vn 0.6833 0.6833 -0.2572
vn 0.4192 0.8988 -0.1279
vn 0.0865 0.9880 -0.1279
vn -0.5543 0.7915 -0.2573
vn -0.8124 0.5688 -0.1279
vn -0.7916 0.5543 -0.2573
vn -0.9580 0.2567 -0.1279
vn -0.9334 0.2502 -0.2572
vn -0.9063 -0.4226 -0.0000
vn -0.7072 -0.7070 -0.0000
vn 0.2589 -0.9659 -0.0000
vn 0.9659 -0.2589 -0.0000
vn 0.9062 0.4228 -0.0000
vn 0.7072 0.7070 -0.0000
vn 0.4227 0.9063 -0.0000
vn 0.0872 0.9962 -0.0000
vn -0.8192 0.5735 -0.0000
vn -0.9659 0.2588 -0.0000
vn 0.9659 0.2588 -0.0000
vn 0.5738 0.8190 -0.0000
vn -0.7072 0.7070 -0.0000
vn -0.9063 0.4227 -0.0000
vn -0.9962 0.0871 -0.0000
vn -0.9659 -0.2588 -0.0000
vn -0.2588 -0.9659 -0.0000
vn 0.7072 -0.7070 -0.0000
vn 0.9063 -0.4226 -0.0000
vn 0.9962 -0.0872 -0.0000
vt 0.000000 0.000000
vt 1.000000 0.000000
vt 1.000000 1.000000
vt 0.000000 1.000000
vt 0.500000 0.500000
vt 0.250000 0.500000
vt 0.250000 0.250000
vt 0.500000 0.250000
vt 0.750000 0.500000
vt 0.750000 0.250000
vt 0.500000 0.750000
vt 0.250000 0.750000
vt 0.750000 0.750000
vt 0.750000 0.000000
vt 1.000000 0.250000
vt 0.500000 0.000000
vt 0.250000 0.000000
vt 0.000000 0.250000
vt 1.000000 0.500000
vt 0.000000 0.500000
vt 1.000000 0.750000
vt 0.000000 0.750000
vt 0.750000 1.000000
vt 0.500000 1.000000
vt 0.250000 1.000000
vt 0.000000 0.870000
vt 1.000000 0.870000
vt 0.583700 0.704000
vt 1.000000 0.704000
vt 0.583700 0.166000
vt 1.000000 0.166000
vt 0.362100 0.166000
vt 0.000000 0.166000
vt 0.362100 0.704000
vt 0.000000 0.704000
vt 0.637900 0.704000
vt 0.637900 0.166000
vt 0.416300 0.166000
vt 0.416300 0.704000
vt 0.791700 0.200000
vt 0.750000 0.200000
vt 0.791700 0.000000
vt 0.833300 0.200000
vt 0.833300 0.000000
vt 0.875000 0.200000
vt 0.875000 0.000000
vt 0.916700 0.200000
vt 0.916700 0.000000
vt 0.958300 0.200000
vt 0.958300 0.000000
vt 1.000000 0.200000
vt 1.041700 0.200000
vt 1.041700 0.000000
vt 0.083300 0.200000
vt 0.041700 0.200000
vt 0.041700 0.000000
vt 0.083300 0.000000
vt 0.125000 0.200000
vt 0.125000 0.000000
vt 0.166700 0.200000
vt 0.166700 0.000000
vt 0.208300 0.200000
vt 0.208300 0.000000
vt 0.250000 0.200000
vt 0.291700 0.200000
vt 0.291700 0.000000
vt 0.333300 0.200000
vt 0.333300 0.000000
vt 0.375000 0.200000
vt 0.375000 0.000000
vt 0.416700 0.200000
vt 0.416700 0.000000
vt 0.458300 0.200000
vt 0.458300 0.000000
vt 0.500000 0.200000
vt 0.541700 0.200000
vt 0.541700 0.000000
vt 0.583300 0.200000
vt 0.583300 0.000000
vt 0.625000 0.200000
vt 0.625000 0.000000
vt 0.666700 0.200000
vt 0.666700 0.000000
vt 0.708300 0.200000
vt 0.708300 0.000000
vt 0.791700 0.400000
vt 0.750000 0.400000
vt 0.833300 0.400000
vt 0.875000 0.400000
vt 0.916700 0.400000
vt 0.958300 0.400000
vt 1.000000 0.400000
vt 1.041700 0.400000
vt 0.083300 0.400000
vt 0.041700 0.400000
vt 0.125000 0.400000
vt 0.166700 0.400000
vt 0.208300 0.400000
vt 0.250000 0.400000
vt 0.291700 0.400000
vt 0.333300 0.400000
vt 0.375000 0.400000
vt 0.416700 0.400000
vt 0.458300 0.400000
vt 0.500000 0.400000
vt 0.541700 0.400000
vt 0.583300 0.400000
vt 0.625000 0.400000
vt 0.666700 0.400000
vt 0.708300 0.400000
vt 0.791700 0.600000
vt 0.750000 0.600000
vt 0.833300 0.600000
vt 0.875000 0.600000
vt 0.916700 0.600000
vt 0.958300 0.600000
vt 1.000000 0.600000
vt 1.041700 0.600000
vt 0.083300 0.600000
vt 0.041700 0.600000
vt 0.125000 0.600000
vt 0.166700 0.600000
vt 0.208300 0.600000
vt 0.250000 0.600000
vt 0.291700 0.600000
vt 0.333300 0.600000
vt 0.375000 0.600000
vt 0.416700 0.600000
vt 0.458300 0.600000
vt 0.500000 0.600000
vt 0.541700 0.600000
vt 0.583300 0.600000
vt 0.625000 0.600000
vt 0.666700 0.600000
vt 0.708300 0.600000
vt 0.791700 0.800000
vt 0.750000 0.800000
vt 0.833300 0.800000
vt 0.875000 0.800000
vt 0.916700 0.800000
vt 0.958300 0.800000
vt 1.000000 0.800000
vt 1.041700 0.800000
vt 0.083300 0.800000
vt 0.041700 0.800000
vt 0.125000 0.800000
vt 0.166700 0.800000
vt 0.208300 0.800000
vt 0.250000 0.800000
vt 0.291700 0.800000
vt 0.333300 0.800000
vt 0.375000 0.800000
vt 0.416700 0.800000
vt 0.458300 0.800000
vt 0.500000 0.800000
vt 0.541700 0.800000
vt 0.583300 0.800000
vt 0.625000 0.800000
vt 0.666700 0.800000
vt 0.708300 0.800000
vt 0.791700 1.000000
vt 0.833300 1.000000
vt 0.875000 1.000000
vt 0.916700 1.000000
vt 0.958300 1.000000
vt 1.041700 1.000000
vt 0.083300 1.000000
vt 0.041700 1.000000
vt 0.125000 1.000000
vt 0.166700 1.000000
vt 0.208300 1.000000
vt 0.291700 1.000000
vt 0.333300 1.000000
vt 0.375000 1.000000
vt 0.416700 1.000000
vt 0.458300 1.000000
vt 0.541700 1.000000
vt 0.583300 1.000000
vt 0.625000 1.000000
vt 0.666700 1.000000
vt 0.708300 1.000000
vt 0.553800 0.553800
vt 0.538100 0.565900
vt 0.519700 0.573500
vt 0.573500 0.519700
vt 0.553800 0.446200
vt 0.426500 0.480300
vt 0.446200 0.553800
vt 0.480300 0.573500
vt 0.500000 0.576100
vt 0.461900 0.565900
vt 0.426500 0.519700
vt 0.434100 0.538100
vt 0.423900 0.500000
vt 0.480300 0.426500
vt 0.446200 0.446200
vt 0.434100 0.461900
vt 0.461900 0.434100
vt 0.519700 0.426500
vt 0.500000 0.423900
vt 0.538100 0.434100
vt 0.573500 0.480300
vt 0.565900 0.461900
vt 0.576100 0.500000
vt 0.565900 0.538100
vt 0.370600 0.983000
vt 0.629400 0.983000
vt 0.750000 0.933000
vt 0.853600 0.853600
vt 0.933000 0.750000
vt 0.983000 0.629400
vt 0.983000 0.370600
vt 0.933000 0.250000
vt 0.853600 0.146400
vt 0.750000 0.067000
vt 0.629400 0.017000
vt 0.370600 0.017000
vt 0.250000 0.067000
vt 0.146400 0.146400
vt 0.067000 0.250000
vt 0.017000 0.370600
vt 0.017000 0.629400
vt 0.067000 0.750000
vt 0.146400 0.853600
vt 0.250000 0.933000
vt 0.805600 0.500000
vt 0.805600 0.000000
vt 0.861100 0.500000
vt 0.861100 0.000000
vt 0.916700 0.500000
vt 0.972200 0.500000
vt 0.972200 0.000000
vt 1.027800 0.500000
vt 1.027800 0.000000
vt 0.083300 0.500000
vt 0.027800 0.500000
vt 0.027800 0.000000
vt 0.138900 0.500000
vt 0.138900 0.000000
vt 0.194400 0.500000
vt 0.194400 0.000000
vt 0.305600 0.500000
vt 0.305600 0.000000
vt 0.361100 0.500000
vt 0.361100 0.000000
vt 0.416700 0.500000
vt 0.472200 0.500000
vt 0.472200 0.000000
vt 0.527800 0.500000
vt 0.527800 0.000000
vt 0.583300 0.500000
vt 0.638900 0.500000
vt 0.638900 0.000000
vt 0.694400 0.500000
vt 0.694400 0.000000
vt 0.805600 1.000000
vt 0.861100 1.000000
vt 0.972200 1.000000
vt 1.027800 1.000000
vt 0.027800 1.000000
vt 0.138900 1.000000
vt 0.194400 1.000000
vt 0.305600 1.000000
vt 0.361100 1.000000
vt 0.472200 1.000000
vt 0.527800 1.000000
vt 0.638900 1.000000
vt 0.694400 1.000000
vt 0.178600 0.883000
vt 0.329000 0.969800
vt 0.992400 0.586800
vt 0.821400 0.883000
vt 0.671000 0.969800
vt 0.671000 0.030200
vt 0.992400 0.413200
vt 0.821400 0.117000
vt 0.329000 0.030200
vt 0.178600 0.117000
vt 0.007600 0.586800
vt 0.007600 0.413200
s 1
usemtl 15___Default.001
f 1/1/1 2/1/1 3/1/1 4/1/1
f 5/1/2 6/1/2 2/1/2 1/1/2
f 7/1/3 8/1/3 6/1/3 5/1/3
f 4/1/4 3/1/4 8/1/4 7/1/4
f 9/1/5 1/1/1 4/1/1 10/1/5
f 11/1/6 5/1/6 1/1/6 9/1/6
f 12/1/3 7/1/3 5/1/3 11/1/3
f 10/1/7 4/1/7 7/1/7 12/1/7
f 13/1/1 9/1/5 10/1/5 14/1/1
f 15/1/4 11/1/4 9/1/4 13/1/4
f 16/1/8 12/1/3 11/1/3 15/1/8
f 14/1/2 10/1/2 12/1/2 16/1/2
f 17/1/1 13/1/1 14/1/1 18/1/1
f 19/1/9 15/1/10 13/1/10 17/1/9
f 20/1/8 16/1/8 15/1/8 19/1/8
f 18/1/11 14/1/12 16/1/12 20/1/11
f 21/1/1 17/1/1 18/1/1 22/1/1
f 23/1/13 19/1/9 17/1/9 21/1/13
f 24/1/3 20/1/8 19/1/8 23/1/3
f 22/1/14 18/1/11 20/1/11 24/1/14
f 25/1/1 21/1/1 22/1/1 26/1/1
f 27/1/15 23/1/13 21/1/13 25/1/16
f 28/1/3 24/1/3 23/1/3 27/1/3
f 26/1/17 22/1/14 24/1/14 28/1/17
f 29/1/1 25/1/1 26/1/1 30/1/1
f 31/1/18 27/1/15 25/1/16 29/1/18
f 32/1/3 28/1/3 27/1/3 31/1/3
f 30/1/19 26/1/17 28/1/17 32/1/19
f 33/1/5 29/1/1 30/1/1 34/1/5
f 35/1/20 31/1/18 29/1/18 33/1/20
f 36/1/3 32/1/3 31/1/3 35/1/3
f 34/1/21 30/1/19 32/1/19 36/1/21
f 37/1/1 33/1/5 34/1/5 38/1/1
f 39/1/22 35/1/20 33/1/20 37/1/22
f 40/1/23 36/1/3 35/1/3 39/1/23
f 38/1/24 34/1/21 36/1/21 40/1/24
f 41/1/1 37/1/1 38/1/1 42/1/1
f 43/1/25 39/1/22 37/1/22 41/1/25
f 44/1/23 40/1/23 39/1/23 43/1/23
f 42/1/26 38/1/24 40/1/24 44/1/26
f 45/1/1 41/1/1 42/1/1 46/1/1
f 47/1/27 43/1/25 41/1/25 45/1/27
f 48/1/3 44/1/23 43/1/23 47/1/3
f 46/1/28 42/1/26 44/1/26 48/1/28
f 49/1/5 45/1/1 46/1/1 50/1/5
f 51/1/29 47/1/27 45/1/27 49/1/29
f 52/1/3 48/1/3 47/1/3 51/1/3
f 50/1/30 46/1/28 48/1/28 52/1/30
f 53/1/5 49/1/5 50/1/5 54/1/5
f 55/1/31 51/1/29 49/1/29 53/1/31
f 56/1/23 52/1/3 51/1/3 55/1/23
f 54/1/32 50/1/30 52/1/30 56/1/32
f 57/1/1 53/1/5 54/1/5 58/1/1
f 59/1/33 55/1/31 53/1/31 57/1/33
f 60/1/3 56/1/23 55/1/23 59/1/3
f 58/1/34 54/1/32 56/1/32 60/1/34
f 61/1/5 57/1/1 58/1/1 62/1/5
f 63/1/35 59/1/33 57/1/33 61/1/35
f 64/1/3 60/1/3 59/1/3 63/1/3
f 62/1/36 58/1/34 60/1/34 64/1/36
f 65/1/37 61/1/5 62/1/5 66/1/37
f 67/1/38 63/1/35 61/1/35 65/1/38
f 68/1/3 64/1/3 63/1/3 67/1/3
f 66/1/39 62/1/36 64/1/36 68/1/39
f 69/1/37 65/1/37 66/1/37 70/1/37
f 71/1/40 67/1/38 65/1/38 69/1/40
f 72/1/23 68/1/3 67/1/3 71/1/23
f 70/1/41 66/1/39 68/1/39 72/1/41
f 73/1/1 69/1/37 70/1/37 74/1/1
f 75/1/42 71/1/40 69/1/40 73/1/42
f 76/1/23 72/1/23 71/1/23 75/1/23
f 74/1/43 70/1/41 72/1/41 76/1/43
f 77/1/1 73/1/1 74/1/1 78/1/1
f 79/1/44 75/1/42 73/1/42 77/1/44
f 80/1/3 76/1/23 75/1/23 79/1/3
f 78/1/45 74/1/43 76/1/43 80/1/45
f 81/1/5 77/1/1 78/1/1 82/1/5
f 83/1/46 79/1/44 77/1/44 81/1/46
f 84/1/23 80/1/3 79/1/3 83/1/23
f 82/1/47 78/1/45 80/1/45 84/1/47
f 85/1/1 81/1/5 82/1/5 86/1/1
f 87/1/48 83/1/46 81/1/46 85/1/48
f 88/1/3 84/1/23 83/1/23 87/1/3
f 86/1/49 82/1/47 84/1/47 88/1/49
f 89/1/1 85/1/1 86/1/1 90/1/1
f 91/1/50 87/1/48 85/1/48 89/1/50
f 92/1/3 88/1/3 87/1/3 91/1/3
f 90/1/51 86/1/49 88/1/49 92/1/51
f 93/1/5 89/1/1 90/1/1 94/1/5
f 95/1/52 91/1/50 89/1/50 93/1/52
f 96/1/3 92/1/3 91/1/3 95/1/3
f 94/1/53 90/1/51 92/1/51 96/1/53
f 97/1/1 93/1/5 94/1/5 98/1/1
f 99/1/54 95/1/52 93/1/52 97/1/54
f 100/1/3 96/1/3 95/1/3 99/1/3
f 98/1/55 94/1/53 96/1/53 100/1/55
f 101/1/1 97/1/1 98/1/1 102/1/1
f 103/1/56 99/1/54 97/1/54 101/1/56
f 104/1/3 100/1/3 99/1/3 103/1/3
f 102/1/57 98/1/55 100/1/55 104/1/57
f 105/1/1 101/1/1 102/1/1 106/1/1
f 107/1/58 103/1/56 101/1/56 105/1/58
f 108/1/3 104/1/3 103/1/3 107/1/3
f 106/1/59 102/1/57 104/1/57 108/1/59
f 109/1/1 105/1/1 106/1/1 110/1/1
f 111/1/60 107/1/58 105/1/58 109/1/60
f 112/1/23 108/1/3 107/1/3 111/1/23
f 110/1/61 106/1/59 108/1/59 112/1/61
f 113/1/5 109/1/1 110/1/1 114/1/5
f 115/1/62 111/1/60 109/1/60 113/1/62
f 116/1/23 112/1/23 111/1/23 115/1/23
f 114/1/63 110/1/61 112/1/61 116/1/63
f 117/1/1 113/1/5 114/1/5 118/1/1
f 119/1/64 115/1/62 113/1/62 117/1/64
f 120/1/3 116/1/23 115/1/23 119/1/3
f 118/1/65 114/1/63 116/1/63 120/1/65
f 121/1/1 117/1/1 118/1/1 122/1/1
f 123/1/66 119/1/64 117/1/64 121/1/66
f 124/1/3 120/1/3 119/1/3 123/1/3
f 122/1/67 118/1/65 120/1/65 124/1/67
f 125/1/1 121/1/1 122/1/1 126/1/1
f 127/1/68 123/1/66 121/1/66 125/1/68
f 128/1/3 124/1/3 123/1/3 127/1/3
f 126/1/69 122/1/67 124/1/67 128/1/69
f 129/1/37 125/1/1 126/1/1 130/1/37
f 131/1/70 127/1/68 125/1/68 129/1/70
f 132/1/3 128/1/3 127/1/3 131/1/3
f 130/1/71 126/1/69 128/1/69 132/1/71
f 133/1/1 129/1/37 130/1/37 134/1/1
f 135/1/72 131/1/70 129/1/70 133/1/72
f 136/1/3 132/1/3 131/1/3 135/1/3
f 134/1/73 130/1/71 132/1/71 136/1/73
f 137/1/74 133/1/1 134/1/1 138/1/74
f 139/1/75 135/1/72 133/1/72 137/1/75
f 140/1/3 136/1/3 135/1/3 139/1/3
f 138/1/76 134/1/73 136/1/73 140/1/76
f 141/1/74 137/1/74 138/1/74 142/1/74
f 143/1/77 139/1/75 137/1/75 141/1/77
f 144/1/3 140/1/3 139/1/3 143/1/3
f 142/1/78 138/1/76 140/1/76 144/1/78
f 145/1/1 141/1/74 142/1/74 146/1/1
f 147/1/79 143/1/77 141/1/77 145/1/79
f 148/1/3 144/1/3 143/1/3 147/1/3
f 146/1/80 142/1/78 144/1/78 148/1/80
f 149/1/1 145/1/1 146/1/1 150/1/1
f 151/1/81 147/1/79 145/1/79 149/1/81
f 152/1/23 148/1/3 147/1/3 151/1/23
f 150/1/82 146/1/80 148/1/80 152/1/82
f 153/1/1 149/1/1 150/1/1 154/1/1
f 155/1/83 151/1/81 149/1/81 153/1/83
f 156/1/23 152/1/23 151/1/23 155/1/23
f 154/1/84 150/1/82 152/1/82 156/1/84
f 157/1/5 153/1/1 154/1/1 158/1/5
f 159/1/85 155/1/83 153/1/83 157/1/85
f 160/1/3 156/1/23 155/1/23 159/1/3
f 158/1/86 154/1/84 156/1/84 160/1/86
f 161/1/5 157/1/5 158/1/5 162/1/5
f 163/1/87 159/1/85 157/1/85 161/1/87
f 164/1/3 160/1/3 159/1/3 163/1/3
f 162/1/88 158/1/86 160/1/86 164/1/88
f 165/1/1 161/1/5 162/1/5 166/1/1
f 167/1/89 163/1/87 161/1/87 165/1/89
f 168/1/3 164/1/3 163/1/3 167/1/3
f 166/1/90 162/1/88 164/1/88 168/1/90
f 169/1/1 165/1/1 166/1/1 170/1/1
f 171/1/91 167/1/89 165/1/89 169/1/91
f 172/1/3 168/1/3 167/1/3 171/1/3
f 170/1/92 166/1/90 168/1/90 172/1/92
f 173/1/1 169/1/1 170/1/1 174/1/1
f 175/1/93 171/1/91 169/1/91 173/1/93
f 176/1/23 172/1/3 171/1/3 175/1/23
f 174/1/94 170/1/92 172/1/92 176/1/94
f 177/1/5 173/1/1 174/1/1 178/1/5
f 179/1/95 175/1/93 173/1/93 177/1/95
f 180/1/23 176/1/23 175/1/23 179/1/23
f 178/1/96 174/1/94 176/1/94 180/1/96
f 181/1/1 177/1/5 178/1/5 182/1/1
f 183/1/97 179/1/95 177/1/95 181/1/97
f 184/1/3 180/1/23 179/1/23 183/1/3
f 182/1/98 178/1/96 180/1/96 184/1/98
f 185/1/5 181/1/1 182/1/1 186/1/5
f 187/1/99 183/1/97 181/1/97 185/1/99
f 188/1/3 184/1/3 183/1/3 187/1/3
f 186/1/100 182/1/98 184/1/98 188/1/100
f 189/1/101 185/1/5 186/1/5 190/1/101
f 191/1/102 187/1/99 185/1/99 189/1/102
f 192/1/3 188/1/3 187/1/3 191/1/3
f 190/1/103 186/1/100 188/1/100 192/1/103
f 193/1/5 189/1/101 190/1/101 194/1/5
f 195/1/104 191/1/102 189/1/102 193/1/104
f 196/1/3 192/1/3 191/1/3 195/1/3
f 194/1/105 190/1/103 192/1/103 196/1/105
f 197/1/5 193/1/5 194/1/5 198/1/5
f 199/1/106 195/1/104 193/1/104 197/1/106
f 200/1/3 196/1/3 195/1/3 199/1/3
f 198/1/107 194/1/105 196/1/105 200/1/107
f 201/1/1 197/1/5 198/1/5 202/1/1
f 203/1/108 199/1/106 197/1/106 201/1/108
f 204/1/3 200/1/3 199/1/3 203/1/3
f 202/1/109 198/1/107 200/1/107 204/1/109
f 205/1/1 201/1/1 202/1/1 206/1/1
f 207/1/110 203/1/108 201/1/108 205/1/110
f 208/1/23 204/1/3 203/1/3 207/1/23
f 206/1/111 202/1/109 204/1/109 208/1/111
f 209/1/5 205/1/1 206/1/1 210/1/5
f 211/1/112 207/1/110 205/1/110 209/1/112
f 212/1/3 208/1/23 207/1/23 211/1/3
f 210/1/113 206/1/111 208/1/111 212/1/113
f 213/1/5 209/1/5 210/1/5 214/1/5
f 215/1/114 211/1/112 209/1/112 213/1/114
f 216/1/3 212/1/3 211/1/3 215/1/3
f 214/1/115 210/1/113 212/1/113 216/1/115
f 217/1/1 213/1/5 214/1/5 218/1/1
f 219/1/116 215/1/114 213/1/114 217/1/116
f 220/1/3 216/1/3 215/1/3 219/1/3
f 218/1/117 214/1/115 216/1/115 220/1/117
f 221/1/5 217/1/1 218/1/1 222/1/5
f 223/1/118 219/1/116 217/1/116 221/1/118
f 224/1/3 220/1/3 219/1/3 223/1/3
f 222/1/119 218/1/117 220/1/117 224/1/119
f 225/1/5 221/1/5 222/1/5 226/1/5
f 227/1/120 223/1/118 221/1/118 225/1/120
f 228/1/8 224/1/3 223/1/3 227/1/8
f 226/1/121 222/1/119 224/1/119 228/1/121
f 229/1/1 225/1/5 226/1/5 230/1/1
f 231/1/122 227/1/120 225/1/120 229/1/122
f 232/1/3 228/1/8 227/1/8 231/1/3
f 230/1/123 226/1/121 228/1/121 232/1/123
f 233/1/1 229/1/1 230/1/1 234/1/1
f 235/1/124 231/1/122 229/1/122 233/1/124
f 236/1/3 232/1/3 231/1/3 235/1/3
f 234/1/125 230/1/123 232/1/123 236/1/125
f 237/1/1 233/1/1 234/1/1 238/1/1
f 239/1/126 235/1/124 233/1/124 237/1/126
f 240/1/127 236/1/3 235/1/3 239/1/127
f 238/1/128 234/1/125 236/1/125 240/1/128
f 241/1/1 237/1/1 238/1/1 242/1/1
f 243/1/129 239/1/126 237/1/126 241/1/129
f 244/1/23 240/1/127 239/1/127 243/1/23
f 242/1/130 238/1/128 240/1/128 244/1/130
f 245/1/1 241/1/1 242/1/1 246/1/1
f 247/1/131 243/1/129 241/1/129 245/1/131
f 248/1/23 244/1/23 243/1/23 247/1/23
f 246/1/132 242/1/130 244/1/130 248/1/132
f 249/1/1 245/1/1 246/1/1 250/1/1
f 251/1/133 247/1/131 245/1/131 249/1/133
f 252/1/3 248/1/23 247/1/23 251/1/3
f 250/1/134 246/1/132 248/1/132 252/1/134
f 253/1/1 249/1/1 250/1/1 254/1/1
f 255/1/135 251/1/133 249/1/133 253/1/135
f 256/1/3 252/1/3 251/1/3 255/1/3
f 254/1/136 250/1/134 252/1/134 256/1/136
f 257/1/5 253/1/1 254/1/1 258/1/5
f 259/1/137 255/1/135 253/1/135 257/1/137
f 260/1/3 256/1/3 255/1/3 259/1/3
f 258/1/138 254/1/136 256/1/136 260/1/138
f 261/1/1 257/1/5 258/1/5 262/1/1
f 263/1/139 259/1/137 257/1/137 261/1/139
f 264/1/140 260/1/3 259/1/3 263/1/140
f 262/1/141 258/1/138 260/1/138 264/1/141
f 265/1/5 261/1/1 262/1/1 266/1/5
f 267/1/142 263/1/139 261/1/139 265/1/142
f 268/1/143 264/1/140 263/1/140 267/1/143
f 266/1/144 262/1/141 264/1/141 268/1/144
f 269/1/5 265/1/5 266/1/5 270/1/5
f 271/1/145 267/1/142 265/1/142 269/1/145
f 272/1/3 268/1/143 267/1/143 271/1/3
f 270/1/146 266/1/144 268/1/144 272/1/146
f 273/1/1 269/1/5 270/1/5 274/1/1
f 275/1/147 271/1/145 269/1/145 273/1/147
f 276/1/3 272/1/3 271/1/3 275/1/3
f 274/1/148 270/1/146 272/1/146 276/1/148
f 277/1/1 273/1/1 274/1/1 278/1/1
f 279/1/149 275/1/147 273/1/147 277/1/149
f 280/1/3 276/1/3 275/1/3 279/1/3
f 278/1/150 274/1/148 276/1/148 280/1/150
f 281/1/151 277/1/1 278/1/1 282/1/151
f 283/1/152 279/1/149 277/1/149 281/1/152
f 284/1/3 280/1/3 279/1/3 283/1/3
f 282/1/153 278/1/150 280/1/150 284/1/153
f 285/1/1 281/1/151 282/1/151 286/1/1
f 287/1/154 283/1/152 281/1/152 285/1/154
f 288/1/23 284/1/3 283/1/3 287/1/23
f 286/1/155 282/1/153 284/1/153 288/1/155
f 289/1/5 285/1/1 286/1/1 290/1/5
f 291/1/156 287/1/154 285/1/154 289/1/156
f 292/1/3 288/1/23 287/1/23 291/1/3
f 290/1/157 286/1/155 288/1/155 292/1/157
f 293/1/151 289/1/5 290/1/5 294/1/151
f 295/1/158 291/1/156 289/1/156 293/1/158
f 296/1/143 292/1/3 291/1/3 295/1/143
f 294/1/159 290/1/157 292/1/157 296/1/159
f 297/1/5 293/1/151 294/1/151 298/1/5
f 299/1/160 295/1/160 293/1/160 297/1/160
f 300/1/23 296/1/143 295/1/143 299/1/23
f 298/1/161 294/1/161 296/1/161 300/1/161
f 301/1/1 297/1/5 298/1/5 302/1/162
f 303/1/163 299/1/164 297/1/164 301/1/163
f 304/1/165 300/1/23 299/1/23 303/1/23
f 302/1/166 298/1/164 300/1/164 304/1/167
f 305/1/1 301/1/1 302/1/162 306/1/1
f 307/1/168 303/1/163 301/1/163 305/1/168
f 308/1/3 304/1/165 303/1/23 307/1/3
f 306/1/169 302/1/170 304/1/170 308/1/169
f 309/1/5 305/1/1 306/1/1 310/1/5
f 311/1/171 307/1/168 305/1/168 309/1/171
f 312/1/3 308/1/3 307/1/3 311/1/3
f 310/1/172 306/1/169 308/1/169 312/1/172
f 313/1/1 309/1/5 310/1/5 314/1/1
f 315/1/173 311/1/171 309/1/171 313/1/173
f 316/1/3 312/1/3 311/1/3 315/1/3
f 314/1/174 310/1/172 312/1/172 316/1/174
f 317/1/1 313/1/1 314/1/1 318/1/1
f 319/1/175 315/1/173 313/1/173 317/1/175
f 320/1/3 316/1/3 315/1/3 319/1/3
f 318/1/176 314/1/174 316/1/174 320/1/176
f 321/1/1 317/1/1 318/1/1 322/1/1
f 323/1/177 319/1/175 317/1/175 321/1/177
f 324/1/3 320/1/3 319/1/3 323/1/3
f 322/1/178 318/1/176 320/1/176 324/1/178
f 325/1/5 321/1/1 322/1/1 326/1/5
f 327/1/179 323/1/177 321/1/177 325/1/179
f 328/1/3 324/1/3 323/1/3 327/1/3
f 326/1/180 322/1/178 324/1/178 328/1/180
f 329/1/1 325/1/5 326/1/5 330/1/1
f 331/1/181 327/1/179 325/1/179 329/1/181
f 332/1/23 328/1/3 327/1/3 331/1/23
f 330/1/182 326/1/180 328/1/180 332/1/182
f 333/1/1 329/1/1 330/1/1 334/1/1
f 335/1/183 331/1/181 329/1/181 333/1/183
f 336/1/23 332/1/23 331/1/23 335/1/23
f 334/1/184 330/1/182 332/1/182 336/1/184
f 337/1/5 333/1/1 334/1/1 338/1/5
f 339/1/185 335/1/183 333/1/183 337/1/185
f 340/1/3 336/1/23 335/1/23 339/1/3
f 338/1/186 334/1/184 336/1/184 340/1/186
f 341/1/1 337/1/5 338/1/5 342/1/1
f 343/1/187 339/1/185 337/1/185 341/1/187
f 344/1/8 340/1/3 339/1/3 343/1/8
f 342/1/188 338/1/186 340/1/186 344/1/188
f 345/1/5 341/1/1 342/1/1 346/1/5
f 347/1/189 343/1/187 341/1/187 345/1/189
f 348/1/3 344/1/8 343/1/8 347/1/3
f 346/1/190 342/1/188 344/1/188 348/1/190
f 349/1/1 345/1/5 346/1/5 350/1/1
f 351/1/191 347/1/189 345/1/189 349/1/191
f 352/1/3 348/1/3 347/1/3 351/1/3
f 350/1/192 346/1/190 348/1/190 352/1/192
f 353/1/1 349/1/1 350/1/1 354/1/1
f 355/1/193 351/1/191 349/1/191 353/1/193
f 356/1/23 352/1/3 351/1/3 355/1/23
f 354/1/194 350/1/192 352/1/192 356/1/194
f 357/1/1 353/1/1 354/1/1 358/1/1
f 359/1/195 355/1/193 353/1/193 357/1/195
f 360/1/3 356/1/23 355/1/23 359/1/3
f 358/1/196 354/1/194 356/1/194 360/1/196
f 361/1/5 357/1/1 358/1/1 362/1/5
f 363/1/197 359/1/195 357/1/195 361/1/197
f 364/1/3 360/1/3 359/1/3 363/1/3
f 362/1/198 358/1/196 360/1/196 364/1/198
f 365/1/5 361/1/5 362/1/5 366/1/5
f 367/1/199 363/1/197 361/1/197 365/1/199
f 368/1/3 364/1/3 363/1/3 367/1/3
f 366/1/200 362/1/198 364/1/198 368/1/200
f 369/1/1 365/1/5 366/1/5 370/1/1
f 371/1/201 367/1/199 365/1/199 369/1/201
f 372/1/23 368/1/3 367/1/3 371/1/23
f 370/1/202 366/1/200 368/1/200 372/1/202
f 373/1/5 369/1/1 370/1/1 374/1/5
f 375/1/203 371/1/201 369/1/201 373/1/203
f 376/1/23 372/1/23 371/1/23 375/1/23
f 374/1/204 370/1/202 372/1/202 376/1/204
f 377/1/74 373/1/5 374/1/5 378/1/74
f 379/1/205 375/1/203 373/1/203 377/1/205
f 380/1/3 376/1/23 375/1/23 379/1/3
f 378/1/206 374/1/204 376/1/204 380/1/206
f 381/1/1 377/1/74 378/1/74 382/1/1
f 383/1/207 379/1/205 377/1/205 381/1/207
f 384/1/23 380/1/3 379/1/3 383/1/23
f 382/1/208 378/1/206 380/1/206 384/1/208
f 385/1/5 381/1/1 382/1/1 386/1/5
f 387/1/209 383/1/207 381/1/207 385/1/209
f 388/1/23 384/1/23 383/1/23 387/1/23
f 386/1/210 382/1/208 384/1/208 388/1/210
f 389/1/5 385/1/5 386/1/5 390/1/5
f 391/1/211 387/1/209 385/1/209 389/1/211
f 392/1/3 388/1/23 387/1/23 391/1/3
f 390/1/212 386/1/210 388/1/210 392/1/212
f 393/1/5 389/1/5 390/1/5 394/1/5
f 395/1/213 391/1/211 389/1/211 393/1/213
f 396/1/23 392/1/3 391/1/3 395/1/23
f 394/1/214 390/1/212 392/1/212 396/1/214
f 397/1/5 393/1/5 394/1/5 398/1/5
f 399/1/215 395/1/213 393/1/213 397/1/215
f 400/1/3 396/1/23 395/1/23 399/1/3
f 398/1/216 394/1/214 396/1/214 400/1/216
f 401/1/5 397/1/5 398/1/5 402/1/5
f 403/1/217 399/1/215 397/1/215 401/1/217
f 404/1/3 400/1/3 399/1/3 403/1/3
f 402/1/218 398/1/216 400/1/216 404/1/218
f 405/1/5 401/1/5 402/1/5 406/1/5
f 407/1/219 403/1/217 401/1/217 405/1/219
f 408/1/23 404/1/3 403/1/3 407/1/23
f 406/1/220 402/1/218 404/1/218 408/1/220
f 409/1/5 405/1/5 406/1/5 410/1/5
f 411/1/221 407/1/219 405/1/219 409/1/221
f 412/1/23 408/1/23 407/1/23 411/1/23
f 410/1/222 406/1/220 408/1/220 412/1/222
f 413/1/5 409/1/5 410/1/5 414/1/5
f 415/1/223 411/1/221 409/1/221 413/1/223
f 416/1/23 412/1/23 411/1/23 415/1/23
f 414/1/224 410/1/222 412/1/222 416/1/224
f 417/1/5 413/1/5 414/1/5 418/1/5
f 419/1/225 415/1/223 413/1/223 417/1/225
f 420/1/3 416/1/23 415/1/23 419/1/3
f 418/1/226 414/1/224 416/1/224 420/1/226
f 421/1/5 417/1/5 418/1/5 422/1/5
f 423/1/227 419/1/225 417/1/225 421/1/227
f 424/1/3 420/1/3 419/1/3 423/1/3
f 422/1/228 418/1/226 420/1/226 424/1/228
f 425/1/5 421/1/5 422/1/5 426/1/5
f 427/1/229 423/1/227 421/1/227 425/1/229
f 428/1/8 424/1/3 423/1/3 427/1/8
f 426/1/230 422/1/228 424/1/228 428/1/230
f 429/1/1 425/1/5 426/1/5 430/1/1
f 431/1/231 427/1/229 425/1/229 429/1/231
f 432/1/23 428/1/8 427/1/8 431/1/23
f 430/1/232 426/1/230 428/1/230 432/1/232
f 433/1/1 429/1/1 430/1/1 434/1/1
f 435/1/233 431/1/231 429/1/231 433/1/233
f 436/1/140 432/1/23 431/1/23 435/1/140
f 434/1/234 430/1/232 432/1/232 436/1/234
f 437/1/1 433/1/1 434/1/1 438/1/1
f 439/1/235 435/1/233 433/1/233 437/1/235
f 440/1/23 436/1/140 435/1/140 439/1/23
f 438/1/236 434/1/234 436/1/234 440/1/236
f 441/1/1 437/1/1 438/1/1 442/1/1
f 443/1/237 439/1/235 437/1/235 441/1/237
f 444/1/8 440/1/23 439/1/23 443/1/8
f 442/1/238 438/1/236 440/1/236 444/1/238
f 445/1/1 441/1/1 442/1/1 446/1/1
f 447/1/239 443/1/237 441/1/237 445/1/239
f 448/1/8 444/1/8 443/1/8 447/1/8
f 446/1/240 442/1/238 444/1/238 448/1/240
f 449/1/1 445/1/1 446/1/1 450/1/1
f 451/1/241 447/1/239 445/1/239 449/1/241
f 452/1/3 448/1/8 447/1/8 451/1/3
f 450/1/242 446/1/240 448/1/240 452/1/242
f 453/1/1 449/1/1 450/1/1 454/1/1
f 455/1/243 451/1/241 449/1/241 453/1/243
f 456/1/3 452/1/3 451/1/3 455/1/3
f 454/1/244 450/1/242 452/1/242 456/1/244
f 457/1/5 453/1/1 454/1/1 458/1/5
f 459/1/245 455/1/243 453/1/243 457/1/245
f 460/1/3 456/1/3 455/1/3 459/1/3
f 458/1/246 454/1/244 456/1/244 460/1/247
f 461/1/1 457/1/5 458/1/5 462/1/1
f 463/1/248 459/1/245 457/1/245 461/1/248
f 464/1/3 460/1/3 459/1/3 463/1/3
f 462/1/249 458/1/246 460/1/247 464/1/249
f 465/1/1 461/1/1 462/1/1 466/1/1
f 467/1/250 463/1/248 461/1/248 465/1/250
f 468/1/3 464/1/3 463/1/3 467/1/3
f 466/1/251 462/1/249 464/1/249 468/1/251
f 469/1/5 465/1/1 466/1/1 470/1/5
f 471/1/252 467/1/250 465/1/250 469/1/252
f 472/1/23 468/1/3 467/1/3 471/1/23
f 470/1/253 466/1/251 468/1/251 472/1/253
f 473/1/5 469/1/5 470/1/5 474/1/5
f 475/1/254 471/1/252 469/1/252 473/1/254
f 476/1/23 472/1/23 471/1/23 475/1/23
f 474/1/255 470/1/253 472/1/253 476/1/255
f 477/1/1 473/1/5 474/1/5 478/1/1
f 479/1/256 475/1/254 473/1/254 477/1/256
f 480/1/23 476/1/23 475/1/23 479/1/23
f 478/1/257 474/1/255 476/1/255 480/1/257
f 481/1/1 477/1/1 478/1/1 482/1/1
f 483/1/258 479/1/256 477/1/256 481/1/258
f 484/1/3 480/1/23 479/1/23 483/1/3
f 482/1/259 478/1/257 480/1/257 484/1/259
f 485/1/5 481/1/1 482/1/1 486/1/5
f 487/1/260 483/1/258 481/1/258 485/1/260
f 488/1/3 484/1/3 483/1/3 487/1/3
f 486/1/261 482/1/259 484/1/259 488/1/261
f 489/1/5 485/1/5 486/1/5 490/1/5
f 491/1/262 487/1/260 485/1/260 489/1/262
f 492/1/23 488/1/3 487/1/3 491/1/23
f 490/1/263 486/1/261 488/1/261 492/1/263
f 493/1/1 489/1/5 490/1/5 494/1/1
f 495/1/264 491/1/262 489/1/262 493/1/264
f 496/1/3 492/1/23 491/1/23 495/1/3
f 494/1/265 490/1/263 492/1/263 496/1/265
f 497/1/1 493/1/1 494/1/1 498/1/1
f 499/1/266 495/1/264 493/1/264 497/1/266
f 500/1/23 496/1/3 495/1/3 499/1/23
f 498/1/267 494/1/265 496/1/265 500/1/267
f 501/1/5 497/1/1 498/1/1 502/1/5
f 503/1/268 499/1/266 497/1/266 501/1/268
f 504/1/3 500/1/23 499/1/23 503/1/3
f 502/1/269 498/1/267 500/1/267 504/1/269
f 505/1/1 501/1/5 502/1/5 506/1/1
f 507/1/270 503/1/268 501/1/268 505/1/270
f 508/1/3 504/1/3 503/1/3 507/1/3
f 506/1/271 502/1/269 504/1/269 508/1/271
f 509/1/5 505/1/1 506/1/1 510/1/5
f 511/1/272 507/1/270 505/1/270 509/1/272
f 512/1/23 508/1/3 507/1/3 511/1/23
f 510/1/273 506/1/271 508/1/271 512/1/273
f 513/1/5 509/1/5 510/1/5 514/1/5
f 515/1/274 511/1/272 509/1/272 513/1/274
f 516/1/3 512/1/23 511/1/23 515/1/3
f 514/1/275 510/1/273 512/1/273 516/1/275
f 517/1/1 513/1/5 514/1/5 518/1/1
f 519/1/276 515/1/274 513/1/274 517/1/276
f 520/1/127 516/1/3 515/1/3 519/1/127
f 518/1/277 514/1/275 516/1/275 520/1/277
f 521/1/1 517/1/1 518/1/1 522/1/1
f 523/1/278 519/1/276 517/1/276 521/1/278
f 524/1/23 520/1/127 519/1/127 523/1/23
f 522/1/279 518/1/277 520/1/277 524/1/279
f 525/1/1 521/1/1 522/1/1 526/1/1
f 527/1/2 523/1/2 521/1/2 525/1/2
f 528/1/3 524/1/23 523/1/23 527/1/3
f 526/1/4 522/1/4 524/1/4 528/1/4
f 2/1/1 525/1/1 526/1/1 3/1/1
f 6/1/7 527/1/7 525/1/7 2/1/7
f 8/1/3 528/1/3 527/1/3 6/1/3
f 3/1/6 526/1/6 528/1/6 8/1/6
f 529/1/1 530/1/1 531/1/1 532/1/1
f 533/1/2 534/1/2 530/1/2 529/1/2
f 535/1/3 536/1/3 534/1/3 533/1/3
f 532/1/4 531/1/4 536/1/4 535/1/4
f 537/1/1 529/1/1 532/1/1 538/1/1
f 539/1/280 533/1/280 529/1/280 537/1/280
f 540/1/3 535/1/3 533/1/3 539/1/3
f 538/1/281 532/1/281 535/1/281 540/1/281
f 541/1/1 537/1/1 538/1/1 542/1/1
f 543/1/6 539/1/6 537/1/6 541/1/6
f 544/1/3 540/1/3 539/1/3 543/1/3
f 542/1/7 538/1/7 540/1/7 544/1/7
f 545/1/1 541/1/1 542/1/1 546/1/1
f 547/1/282 543/1/282 541/1/282 545/1/282
f 548/1/23 544/1/3 543/1/3 547/1/23
f 546/1/283 542/1/283 544/1/283 548/1/283
f 549/1/1 545/1/1 546/1/1 550/1/1
f 551/1/284 547/1/284 545/1/284 549/1/284
f 552/1/3 548/1/23 547/1/23 551/1/3
f 550/1/285 546/1/285 548/1/285 552/1/285
f 553/1/1 549/1/1 550/1/1 554/1/1
f 555/1/6 551/1/6 549/1/6 553/1/6
f 556/1/3 552/1/3 551/1/3 555/1/3
f 554/1/7 550/1/7 552/1/7 556/1/7
f 557/1/5 553/1/1 554/1/1 558/1/5
f 559/1/286 555/1/286 553/1/286 557/1/286
f 560/1/3 556/1/3 555/1/3 559/1/3
f 558/1/287 554/1/287 556/1/287 560/1/287
f 561/1/1 557/1/5 558/1/5 562/1/1
f 563/1/4 559/1/4 557/1/4 561/1/4
f 564/1/3 560/1/3 559/1/3 563/1/3
f 562/1/2 558/1/2 560/1/2 564/1/2
f 530/1/1 561/1/1 562/1/1 531/1/1
f 534/1/7 563/1/7 561/1/7 530/1/7
f 536/1/3 564/1/3 563/1/3 534/1/3
f 531/1/6 562/1/6 564/1/6 536/1/6
f 565/1/5 566/1/5 567/1/5 568/1/5
f 569/1/2 570/1/2 566/1/2 565/1/2
f 571/1/3 572/1/3 570/1/3 569/1/3
f 568/1/4 567/1/4 572/1/4 571/1/4
f 573/1/1 565/1/5 568/1/5 574/1/1
f 575/1/6 569/1/6 565/1/6 573/1/6
f 576/1/8 571/1/3 569/1/3 575/1/8
f 574/1/7 568/1/7 571/1/7 576/1/7
f 577/1/1 573/1/1 574/1/1 578/1/1
f 579/1/288 575/1/288 573/1/288 577/1/288
f 580/1/3 576/1/8 575/1/8 579/1/3
f 578/1/289 574/1/289 576/1/289 580/1/289
f 581/1/1 577/1/1 578/1/1 582/1/1
f 583/1/290 579/1/290 577/1/290 581/1/290
f 584/1/3 580/1/3 579/1/3 583/1/3
f 582/1/291 578/1/291 580/1/291 584/1/291
f 585/1/1 581/1/1 582/1/1 586/1/1
f 587/1/6 583/1/6 581/1/6 585/1/6
f 588/1/3 584/1/3 583/1/3 587/1/3
f 586/1/7 582/1/7 584/1/7 588/1/7
f 589/1/1 585/1/1 586/1/1 590/1/1
f 591/1/4 587/1/4 585/1/4 589/1/4
f 592/1/3 588/1/3 587/1/3 591/1/3
f 590/1/2 586/1/2 588/1/2 592/1/2
f 593/1/1 589/1/1 590/1/1 594/1/1
f 595/1/7 591/1/7 589/1/7 593/1/7
f 596/1/3 592/1/3 591/1/3 595/1/3
f 594/1/6 590/1/6 592/1/6 596/1/6
f 597/1/1 593/1/1 594/1/1 598/1/1
f 599/1/292 595/1/292 593/1/292 597/1/292
f 600/1/3 596/1/3 595/1/3 599/1/3
f 598/1/293 594/1/293 596/1/293 600/1/293
f 601/1/1 597/1/1 598/1/1 602/1/1
f 603/1/294 599/1/294 597/1/294 601/1/294
f 604/1/3 600/1/3 599/1/3 603/1/3
f 602/1/295 598/1/295 600/1/295 604/1/295
f 605/1/1 601/1/1 602/1/1 606/1/1
f 607/1/7 603/1/7 601/1/7 605/1/7
f 608/1/3 604/1/3 603/1/3 607/1/3
f 606/1/6 602/1/6 604/1/6 608/1/6
f 609/1/5 605/1/1 606/1/1 610/1/5
f 611/1/296 607/1/296 605/1/296 609/1/296
f 612/1/3 608/1/3 607/1/3 611/1/3
f 610/1/297 606/1/297 608/1/297 612/1/297
f 613/1/5 609/1/5 610/1/5 614/1/5
f 615/1/298 611/1/298 609/1/298 613/1/298
f 616/1/3 612/1/3 611/1/3 615/1/3
f 614/1/299 610/1/299 612/1/299 616/1/299
f 566/1/5 613/1/5 614/1/5 567/1/5
f 570/1/7 615/1/7 613/1/7 566/1/7
f 572/1/3 616/1/3 615/1/3 570/1/3
f 567/1/6 614/1/6 616/1/6 572/1/6
usemtl wire_184155229.001
f 617/2/7 618/3/7 619/4/7 620/1/7
f 621/1/6 622/2/6 623/3/6 624/4/6
f 617/1/1 620/2/1 622/3/1 621/4/1
f 620/1/4 619/2/4 623/3/4 622/4/4
f 619/1/3 618/2/3 624/3/3 623/4/3
f 618/1/2 617/2/2 621/3/2 624/4/2
usemtl 13___Default.001
f 631/5/6 632/6/6 627/7/6 626/8/6
f 633/9/6 631/5/6 626/8/6 628/10/6
f 636/11/6 637/12/6 632/6/6 631/5/6
f 638/13/6 636/11/6 631/5/6 633/9/6
f 630/6/6 625/7/6 627/7/6 632/6/6
f 635/12/6 630/6/6 632/6/6 637/12/6
f 640/11/6 635/12/6 637/12/6 636/11/6
f 641/13/6 640/11/6 636/11/6 638/13/6
f 634/9/6 639/13/6 638/13/6 633/9/6
f 629/10/6 634/9/6 633/9/6 628/10/6
usemtl 14___Default.001
f 642/4/7 643/1/7 644/2/7 645/3/7
f 646/3/6 647/4/6 648/1/6 649/2/6
f 649/3/3 648/4/3 644/1/3 643/2/3
f 646/3/2 649/4/2 643/1/2 642/2/2
f 647/3/1 646/4/1 642/1/1 645/2/1
f 648/3/4 647/4/4 645/1/4 644/2/4
f 650/10/7 651/14/7 652/2/7 653/15/7
f 654/8/7 655/16/7 651/14/7 650/10/7
f 656/7/7 657/17/7 655/16/7 654/8/7
f 658/18/7 659/1/7 657/17/7 656/7/7
f 660/9/7 650/10/7 653/15/7 661/19/7
f 662/5/7 654/8/7 650/10/7 660/9/7
f 663/6/7 656/7/7 654/8/7 662/5/7
f 664/20/7 658/18/7 656/7/7 663/6/7
f 665/13/7 660/9/7 661/19/7 666/21/7
f 667/11/7 662/5/7 660/9/7 665/13/7
f 668/12/7 663/6/7 662/5/7 667/11/7
f 669/22/7 664/20/7 663/6/7 668/12/7
f 670/23/7 665/13/7 666/21/7 671/3/7
f 672/24/7 667/11/7 665/13/7 670/23/7
f 673/25/7 668/12/7 667/11/7 672/24/7
f 674/4/7 669/22/7 668/12/7 673/25/7
f 675/7/6 676/18/6 677/1/6 678/17/6
f 679/8/6 675/7/6 678/17/6 680/16/6
f 681/10/6 679/8/6 680/16/6 682/14/6
f 683/15/6 681/10/6 682/14/6 684/2/6
f 685/6/6 686/20/6 676/18/6 675/7/6
f 687/5/6 685/6/6 675/7/6 679/8/6
f 688/9/6 687/5/6 679/8/6 681/10/6
f 689/19/6 688/9/6 681/10/6 683/15/6
f 690/12/6 691/22/6 686/20/6 685/6/6
f 692/11/6 690/12/6 685/6/6 687/5/6
f 693/13/6 692/11/6 687/5/6 688/9/6
f 694/21/6 693/13/6 688/9/6 689/19/6
f 695/25/6 696/4/6 691/22/6 690/12/6
f 697/24/6 695/25/6 690/12/6 692/11/6
f 698/23/6 697/24/6 692/11/6 693/13/6
f 699/3/6 698/23/6 693/13/6 694/21/6
f 678/25/1 677/4/1 652/1/1 651/17/1
f 680/24/1 678/25/1 651/17/1 655/16/1
f 682/23/1 680/24/1 655/16/1 657/14/1
f 684/3/1 682/23/1 657/14/1 659/2/1
f 683/25/4 684/4/4 659/1/4 658/17/4
f 689/24/4 683/25/4 658/17/4 664/16/4
f 694/23/4 689/24/4 664/16/4 669/14/4
f 699/3/4 694/23/4 669/14/4 674/2/4
f 698/25/3 699/4/3 674/1/3 673/17/3
f 697/24/3 698/25/3 673/17/3 672/16/3
f 695/23/3 697/24/3 672/16/3 670/14/3
f 696/3/3 695/23/3 670/14/3 671/2/3
f 691/25/2 696/4/2 671/1/2 666/17/2
f 686/24/2 691/25/2 666/17/2 661/16/2
f 676/23/2 686/24/2 661/16/2 653/14/2
f 677/3/2 676/23/2 653/14/2 652/2/2
f 700/10/7 701/14/7 702/2/7 703/15/7
f 704/8/7 705/16/7 701/14/7 700/10/7
f 706/7/7 707/17/7 705/16/7 704/8/7
f 708/18/7 709/1/7 707/17/7 706/7/7
f 710/9/7 700/10/7 703/15/7 711/19/7
f 712/5/7 704/8/7 700/10/7 710/9/7
f 713/6/7 706/7/7 704/8/7 712/5/7
f 714/20/7 708/18/7 706/7/7 713/6/7
f 715/13/7 710/9/7 711/19/7 716/21/7
f 717/11/7 712/5/7 710/9/7 715/13/7
f 718/12/7 713/6/7 712/5/7 717/11/7
f 719/22/7 714/20/7 713/6/7 718/12/7
f 720/23/7 715/13/7 716/21/7 721/3/7
f 722/24/7 717/11/7 715/13/7 720/23/7
f 723/25/7 718/12/7 717/11/7 722/24/7
f 724/4/7 719/22/7 718/12/7 723/25/7
f 725/7/6 726/18/6 727/1/6 728/17/6
f 729/8/6 725/7/6 728/17/6 730/16/6
f 731/10/6 729/8/6 730/16/6 732/14/6
f 733/15/6 731/10/6 732/14/6 734/2/6
f 735/6/6 736/20/6 726/18/6 725/7/6
f 737/5/6 735/6/6 725/7/6 729/8/6
f 738/9/6 737/5/6 729/8/6 731/10/6
f 739/19/6 738/9/6 731/10/6 733/15/6
f 740/12/6 741/22/6 736/20/6 735/6/6
f 742/11/6 740/12/6 735/6/6 737/5/6
f 743/13/6 742/11/6 737/5/6 738/9/6
f 744/21/6 743/13/6 738/9/6 739/19/6
f 745/25/6 746/4/6 741/22/6 740/12/6
f 747/24/6 745/25/6 740/12/6 742/11/6
f 748/23/6 747/24/6 742/11/6 743/13/6
f 749/3/6 748/23/6 743/13/6 744/21/6
f 728/25/1 727/4/1 702/1/1 701/17/1
f 730/24/1 728/25/1 701/17/1 705/16/1
f 732/23/1 730/24/1 705/16/1 707/14/1
f 734/3/1 732/23/1 707/14/1 709/2/1
f 733/25/4 734/4/300 709/1/300 708/17/4
f 739/24/4 733/25/4 708/17/4 714/16/4
f 744/23/4 739/24/4 714/16/4 719/14/4
f 749/3/4 744/23/4 719/14/4 724/2/4
f 748/25/3 749/4/3 724/1/3 723/17/3
f 747/24/3 748/25/3 723/17/3 722/16/3
f 745/23/3 747/24/3 722/16/3 720/14/3
f 746/3/3 745/23/3 720/14/3 721/2/3
f 741/25/2 746/4/2 721/1/2 716/17/2
f 736/24/2 741/25/2 716/17/2 711/16/2
f 726/23/301 736/24/2 711/16/2 703/14/301
f 727/3/301 726/23/301 703/14/301 702/2/301
f 750/10/7 751/14/7 752/2/7 753/15/7
f 754/8/7 755/16/7 751/14/7 750/10/7
f 756/7/7 757/17/7 755/16/7 754/8/7
f 758/18/7 759/1/7 757/17/7 756/7/7
f 760/9/7 750/10/7 753/15/7 761/19/7
f 762/5/7 754/8/7 750/10/7 760/9/7
f 763/6/7 756/7/7 754/8/7 762/5/7
f 764/20/7 758/18/7 756/7/7 763/6/7
f 765/13/7 760/9/7 761/19/7 766/21/7
f 767/11/7 762/5/7 760/9/7 765/13/7
f 768/12/7 763/6/7 762/5/7 767/11/7
f 769/22/7 764/20/7 763/6/7 768/12/7
f 770/23/7 765/13/7 766/21/7 771/3/7
f 772/24/7 767/11/7 765/13/7 770/23/7
f 773/25/7 768/12/7 767/11/7 772/24/7
f 774/4/7 769/22/7 768/12/7 773/25/7
f 775/7/6 776/18/6 777/1/6 778/17/6
f 779/8/6 775/7/6 778/17/6 780/16/6
f 781/10/6 779/8/6 780/16/6 782/14/6
f 783/15/6 781/10/6 782/14/6 784/2/6
f 785/6/6 786/20/6 776/18/6 775/7/6
f 787/5/6 785/6/6 775/7/6 779/8/6
f 788/9/6 787/5/6 779/8/6 781/10/6
f 789/19/6 788/9/6 781/10/6 783/15/6
f 790/12/6 791/22/6 786/20/6 785/6/6
f 792/11/6 790/12/6 785/6/6 787/5/6
f 793/13/6 792/11/6 787/5/6 788/9/6
f 794/21/6 793/13/6 788/9/6 789/19/6
f 795/25/6 796/4/6 791/22/6 790/12/6
f 797/24/6 795/25/6 790/12/6 792/11/6
f 798/23/6 797/24/6 792/11/6 793/13/6
f 799/3/6 798/23/6 793/13/6 794/21/6
f 778/25/4 777/4/4 752/1/4 751/17/4
f 780/24/4 778/25/4 751/17/4 755/16/4
f 782/23/4 780/24/4 755/16/4 757/14/4
f 784/3/4 782/23/4 757/14/4 759/2/4
f 783/25/3 784/4/23 759/1/23 758/17/3
f 789/24/3 783/25/3 758/17/3 764/16/3
f 794/23/23 789/24/3 764/16/3 769/14/23
f 799/3/23 794/23/23 769/14/23 774/2/23
f 798/25/2 799/4/2 774/1/2 773/17/2
f 797/24/2 798/25/2 773/17/2 772/16/2
f 795/23/2 797/24/2 772/16/2 770/14/2
f 796/3/2 795/23/2 770/14/2 771/2/2
f 791/25/1 796/4/1 771/1/1 766/17/1
f 786/24/1 791/25/1 766/17/1 761/16/1
f 776/23/1 786/24/1 761/16/1 753/14/1
f 777/3/1 776/23/1 753/14/1 752/2/1
f 800/10/7 801/14/7 802/2/7 803/15/7
f 804/8/7 805/16/7 801/14/7 800/10/7
f 806/7/7 807/17/7 805/16/7 804/8/7
f 808/18/7 809/1/7 807/17/7 806/7/7
f 810/9/7 800/10/7 803/15/7 811/19/7
f 812/5/7 804/8/7 800/10/7 810/9/7
f 813/6/7 806/7/7 804/8/7 812/5/7
f 814/20/7 808/18/7 806/7/7 813/6/7
f 815/13/7 810/9/7 811/19/7 816/21/7
f 817/11/7 812/5/7 810/9/7 815/13/7
f 818/12/7 813/6/7 812/5/7 817/11/7
f 819/22/7 814/20/7 813/6/7 818/12/7
f 820/23/7 815/13/7 816/21/7 821/3/7
f 822/24/7 817/11/7 815/13/7 820/23/7
f 823/25/7 818/12/7 817/11/7 822/24/7
f 824/4/7 819/22/7 818/12/7 823/25/7
f 825/7/6 826/18/6 827/1/6 828/17/6
f 829/8/6 825/7/6 828/17/6 830/16/6
f 831/10/6 829/8/6 830/16/6 832/14/6
f 833/15/6 831/10/6 832/14/6 834/2/6
f 835/6/6 836/20/6 826/18/6 825/7/6
f 837/5/6 835/6/6 825/7/6 829/8/6
f 838/9/6 837/5/6 829/8/6 831/10/6
f 839/19/6 838/9/6 831/10/6 833/15/6
f 840/12/6 841/22/6 836/20/6 835/6/6
f 842/11/6 840/12/6 835/6/6 837/5/6
f 843/13/6 842/11/6 837/5/6 838/9/6
f 844/21/6 843/13/6 838/9/6 839/19/6
f 845/25/6 846/4/6 841/22/6 840/12/6
f 847/24/6 845/25/6 840/12/6 842/11/6
f 848/23/6 847/24/6 842/11/6 843/13/6
f 849/3/6 848/23/6 843/13/6 844/21/6
f 828/25/4 827/4/4 802/1/4 801/17/4
f 830/24/4 828/25/4 801/17/4 805/16/4
f 832/23/4 830/24/4 805/16/4 807/14/4
f 834/3/4 832/23/4 807/14/4 809/2/4
f 833/25/3 834/4/3 809/1/3 808/17/3
f 839/24/3 833/25/3 808/17/3 814/16/3
f 844/23/3 839/24/3 814/16/3 819/14/3
f 849/3/3 844/23/3 819/14/3 824/2/3
f 848/25/2 849/4/2 824/1/2 823/17/2
f 847/24/2 848/25/2 823/17/2 822/16/2
f 845/23/2 847/24/2 822/16/2 820/14/2
f 846/3/2 845/23/2 820/14/2 821/2/2
f 841/25/1 846/4/5 821/1/5 816/17/1
f 836/24/1 841/25/1 816/17/1 811/16/1
f 826/23/1 836/24/1 811/16/1 803/14/1
f 827/3/1 826/23/1 803/14/1 802/2/1
f 850/10/7 851/14/7 852/2/7 853/15/7
f 854/8/7 855/16/7 851/14/7 850/10/7
f 856/7/7 857/17/7 855/16/7 854/8/7
f 858/18/7 859/1/7 857/17/7 856/7/7
f 860/9/7 850/10/7 853/15/7 861/19/7
f 862/5/7 854/8/7 850/10/7 860/9/7
f 863/6/7 856/7/7 854/8/7 862/5/7
f 864/20/7 858/18/7 856/7/7 863/6/7
f 865/13/7 860/9/7 861/19/7 866/21/7
f 867/11/7 862/5/7 860/9/7 865/13/7
f 868/12/7 863/6/7 862/5/7 867/11/7
f 869/22/7 864/20/7 863/6/7 868/12/7
f 870/23/7 865/13/7 866/21/7 871/3/7
f 872/24/7 867/11/7 865/13/7 870/23/7
f 873/25/7 868/12/7 867/11/7 872/24/7
f 874/4/7 869/22/7 868/12/7 873/25/7
f 875/7/6 876/18/6 877/1/6 878/17/6
f 879/8/6 875/7/6 878/17/6 880/16/6
f 881/10/6 879/8/6 880/16/6 882/14/6
f 883/15/6 881/10/6 882/14/6 884/2/6
f 885/6/6 886/20/6 876/18/6 875/7/6
f 887/5/6 885/6/6 875/7/6 879/8/6
f 888/9/6 887/5/6 879/8/6 881/10/6
f 889/19/6 888/9/6 881/10/6 883/15/6
f 890/12/6 891/22/6 886/20/6 885/6/6
f 892/11/6 890/12/6 885/6/6 887/5/6
f 893/13/6 892/11/6 887/5/6 888/9/6
f 894/21/6 893/13/6 888/9/6 889/19/6
f 895/25/6 896/4/6 891/22/6 890/12/6
f 897/24/6 895/25/6 890/12/6 892/11/6
f 898/23/6 897/24/6 892/11/6 893/13/6
f 899/3/6 898/23/6 893/13/6 894/21/6
f 878/25/4 877/4/4 852/1/4 851/17/4
f 880/24/4 878/25/4 851/17/4 855/16/4
f 882/23/4 880/24/4 855/16/4 857/14/4
f 884/3/4 882/23/4 857/14/4 859/2/4
f 883/25/23 884/4/23 859/1/23 858/17/23
f 889/24/3 883/25/23 858/17/23 864/16/3
f 894/23/3 889/24/3 864/16/3 869/14/3
f 899/3/23 894/23/3 869/14/3 874/2/23
f 898/25/2 899/4/2 874/1/2 873/17/2
f 897/24/2 898/25/2 873/17/2 872/16/2
f 895/23/2 897/24/2 872/16/2 870/14/2
f 896/3/2 895/23/2 870/14/2 871/2/2
f 891/25/1 896/4/5 871/1/5 866/17/1
f 886/24/1 891/25/1 866/17/1 861/16/1
f 876/23/1 886/24/1 861/16/1 853/14/1
f 877/3/1 876/23/1 853/14/1 852/2/1
f 900/10/7 901/14/7 902/2/7 903/15/7
f 904/8/7 905/16/7 901/14/7 900/10/7
f 906/7/7 907/17/7 905/16/7 904/8/7
f 908/18/7 909/1/7 907/17/7 906/7/7
f 910/9/7 900/10/7 903/15/7 911/19/7
f 912/5/7 904/8/7 900/10/7 910/9/7
f 913/6/7 906/7/7 904/8/7 912/5/7
f 914/20/7 908/18/7 906/7/7 913/6/7
f 915/13/7 910/9/7 911/19/7 916/21/7
f 917/11/7 912/5/7 910/9/7 915/13/7
f 918/12/7 913/6/7 912/5/7 917/11/7
f 919/22/7 914/20/7 913/6/7 918/12/7
f 920/23/7 915/13/7 916/21/7 921/3/7
f 922/24/7 917/11/7 915/13/7 920/23/7
f 923/25/7 918/12/7 917/11/7 922/24/7
f 924/4/7 919/22/7 918/12/7 923/25/7
f 925/7/6 926/18/6 927/1/6 928/17/6
f 929/8/6 925/7/6 928/17/6 930/16/6
f 931/10/6 929/8/6 930/16/6 932/14/6
f 933/15/6 931/10/6 932/14/6 934/2/6
f 935/6/6 936/20/6 926/18/6 925/7/6
f 937/5/6 935/6/6 925/7/6 929/8/6
f 938/9/6 937/5/6 929/8/6 931/10/6
f 939/19/6 938/9/6 931/10/6 933/15/6
f 940/12/6 941/22/6 936/20/6 935/6/6
f 942/11/6 940/12/6 935/6/6 937/5/6
f 943/13/6 942/11/6 937/5/6 938/9/6
f 944/21/6 943/13/6 938/9/6 939/19/6
f 945/25/6 946/4/6 941/22/6 940/12/6
f 947/24/6 945/25/6 940/12/6 942/11/6
f 948/23/6 947/24/6 942/11/6 943/13/6
f 949/3/6 948/23/6 943/13/6 944/21/6
f 928/25/1 927/4/1 902/1/1 901/17/1
f 930/24/1 928/25/1 901/17/1 905/16/1
f 932/23/1 930/24/1 905/16/1 907/14/1
f 934/3/1 932/23/1 907/14/1 909/2/1
f 933/25/4 934/4/4 909/1/4 908/17/4
f 939/24/4 933/25/4 908/17/4 914/16/4
f 944/23/4 939/24/4 914/16/4 919/14/4
f 949/3/4 944/23/4 919/14/4 924/2/4
f 948/25/3 949/4/3 924/1/3 923/17/3
f 947/24/3 948/25/3 923/17/3 922/16/3
f 945/23/3 947/24/3 922/16/3 920/14/3
f 946/3/3 945/23/3 920/14/3 921/2/3
f 941/25/2 946/4/301 921/1/301 916/17/2
f 936/24/2 941/25/2 916/17/2 911/16/2
f 926/23/2 936/24/2 911/16/2 903/14/2
f 927/3/2 926/23/2 903/14/2 902/2/2
f 950/10/7 951/14/7 952/2/7 953/15/7
f 954/8/7 955/16/7 951/14/7 950/10/7
f 956/7/7 957/17/7 955/16/7 954/8/7
f 958/18/7 959/1/7 957/17/7 956/7/7
f 960/9/7 950/10/7 953/15/7 961/19/7
f 962/5/7 954/8/7 950/10/7 960/9/7
f 963/6/7 956/7/7 954/8/7 962/5/7
f 964/20/7 958/18/7 956/7/7 963/6/7
f 965/13/7 960/9/7 961/19/7 966/21/7
f 967/11/7 962/5/7 960/9/7 965/13/7
f 968/12/7 963/6/7 962/5/7 967/11/7
f 969/22/7 964/20/7 963/6/7 968/12/7
f 970/23/7 965/13/7 966/21/7 971/3/7
f 972/24/7 967/11/7 965/13/7 970/23/7
f 973/25/7 968/12/7 967/11/7 972/24/7
f 974/4/7 969/22/7 968/12/7 973/25/7
f 975/7/6 976/18/6 977/1/6 978/17/6
f 979/8/6 975/7/6 978/17/6 980/16/6
f 981/10/6 979/8/6 980/16/6 982/14/6
f 983/15/6 981/10/6 982/14/6 984/2/6
f 985/6/6 986/20/6 976/18/6 975/7/6
f 987/5/6 985/6/6 975/7/6 979/8/6
f 988/9/6 987/5/6 979/8/6 981/10/6
f 989/19/6 988/9/6 981/10/6 983/15/6
f 990/12/6 991/22/6 986/20/6 985/6/6
f 992/11/6 990/12/6 985/6/6 987/5/6
f 993/13/6 992/11/6 987/5/6 988/9/6
f 994/21/6 993/13/6 988/9/6 989/19/6
f 995/25/6 996/4/6 991/22/6 990/12/6
f 997/24/6 995/25/6 990/12/6 992/11/6
f 998/23/6 997/24/6 992/11/6 993/13/6
f 999/3/6 998/23/6 993/13/6 994/21/6
f 978/25/4 977/4/4 952/1/4 951/17/4
f 980/24/4 978/25/4 951/17/4 955/16/4
f 982/23/4 980/24/4 955/16/4 957/14/4
f 984/3/4 982/23/4 957/14/4 959/2/4
f 983/25/3 984/4/3 959/1/3 958/17/3
f 989/24/3 983/25/3 958/17/3 964/16/3
f 994/23/3 989/24/3 964/16/3 969/14/3
f 999/3/23 994/23/3 969/14/3 974/2/23
f 998/25/2 999/4/2 974/1/2 973/17/2
f 997/24/2 998/25/2 973/17/2 972/16/2
f 995/23/2 997/24/2 972/16/2 970/14/2
f 996/3/2 995/23/2 970/14/2 971/2/2
f 991/25/1 996/4/1 971/1/1 966/17/1
f 986/24/1 991/25/1 966/17/1 961/16/1
f 976/23/1 986/24/1 961/16/1 953/14/1
f 977/3/1 976/23/1 953/14/1 952/2/1
f 1000/10/7 1001/14/7 1002/2/7 1003/15/7
f 1004/8/7 1005/16/7 1001/14/7 1000/10/7
f 1006/7/7 1007/17/7 1005/16/7 1004/8/7
f 1008/18/7 1009/1/7 1007/17/7 1006/7/7
f 1010/9/7 1000/10/7 1003/15/7 1011/19/7
f 1012/5/7 1004/8/7 1000/10/7 1010/9/7
f 1013/6/7 1006/7/7 1004/8/7 1012/5/7
f 1014/20/7 1008/18/7 1006/7/7 1013/6/7
f 1015/13/7 1010/9/7 1011/19/7 1016/21/7
f 1017/11/7 1012/5/7 1010/9/7 1015/13/7
f 1018/12/7 1013/6/7 1012/5/7 1017/11/7
f 1019/22/7 1014/20/7 1013/6/7 1018/12/7
f 1020/23/7 1015/13/7 1016/21/7 1021/3/7
f 1022/24/7 1017/11/7 1015/13/7 1020/23/7
f 1023/25/7 1018/12/7 1017/11/7 1022/24/7
f 1024/4/7 1019/22/7 1018/12/7 1023/25/7
f 1025/7/6 1026/18/6 1027/1/6 1028/17/6
f 1029/8/6 1025/7/6 1028/17/6 1030/16/6
f 1031/10/6 1029/8/6 1030/16/6 1032/14/6
f 1033/15/6 1031/10/6 1032/14/6 1034/2/6
f 1035/6/6 1036/20/6 1026/18/6 1025/7/6
f 1037/5/6 1035/6/6 1025/7/6 1029/8/6
f 1038/9/6 1037/5/6 1029/8/6 1031/10/6
f 1039/19/6 1038/9/6 1031/10/6 1033/15/6
f 1040/12/6 1041/22/6 1036/20/6 1035/6/6
f 1042/11/6 1040/12/6 1035/6/6 1037/5/6
f 1043/13/6 1042/11/6 1037/5/6 1038/9/6
f 1044/21/6 1043/13/6 1038/9/6 1039/19/6
f 1045/25/6 1046/4/6 1041/22/6 1040/12/6
f 1047/24/6 1045/25/6 1040/12/6 1042/11/6
f 1048/23/6 1047/24/6 1042/11/6 1043/13/6
f 1049/3/6 1048/23/6 1043/13/6 1044/21/6
f 1028/25/1 1027/4/1 1002/1/1 1001/17/1
f 1030/24/1 1028/25/1 1001/17/1 1005/16/1
f 1032/23/1 1030/24/1 1005/16/1 1007/14/1
f 1034/3/1 1032/23/1 1007/14/1 1009/2/1
f 1033/25/4 1034/4/4 1009/1/4 1008/17/4
f 1039/24/4 1033/25/4 1008/17/4 1014/16/4
f 1044/23/4 1039/24/4 1014/16/4 1019/14/4
f 1049/3/300 1044/23/4 1019/14/4 1024/2/300
f 1048/25/3 1049/4/3 1024/1/3 1023/17/3
f 1047/24/3 1048/25/3 1023/17/3 1022/16/3
f 1045/23/3 1047/24/3 1022/16/3 1020/14/3
f 1046/3/3 1045/23/3 1020/14/3 1021/2/3
f 1041/25/2 1046/4/2 1021/1/2 1016/17/2
f 1036/24/2 1041/25/2 1016/17/2 1011/16/2
f 1026/23/2 1036/24/2 1011/16/2 1003/14/2
f 1027/3/2 1026/23/2 1003/14/2 1002/2/2
f 1053/23/2 1055/24/2 1052/16/2 1051/14/2
f 1054/3/2 1053/23/2 1051/14/2 1050/2/2
f 1061/25/3 1062/4/23 1057/1/23 1056/17/3
f 1063/24/3 1061/25/3 1056/17/3 1058/16/3
f 1064/23/3 1063/24/3 1058/16/3 1059/14/3
f 1065/3/3 1064/23/3 1059/14/3 1060/2/3
usemtl Material__26.001
f 1066/4/7 1067/1/7 1068/2/7 1069/3/7
usemtl 07___Default.001
f 1070/3/302 1071/4/302 1072/1/302 1073/2/302
f 1073/2/303 1072/1/304 1090/1/303 1091/2/303
f 1070/3/305 1073/2/305 1091/2/305 1092/3/305
f 1071/4/306 1070/3/307 1092/3/306 1093/4/306
f 1072/1/308 1071/4/309 1093/4/310 1090/1/311
f 1094/26/312 1095/27/312 1096/3/312 1097/4/312
f 1095/26/313 1098/27/313 1099/3/313 1096/4/313
f 1098/26/314 1100/27/314 1101/3/314 1099/4/314
f 1100/26/315 1094/27/315 1097/3/315 1101/4/315
f 1098/27/7 1095/26/7 1103/26/7 1104/27/7
f 1094/27/7 1100/26/7 1105/26/7 1102/27/7
f 1122/28/7 1112/29/7 1106/29/7 1079/28/7
f 1123/30/1 1122/28/1 1079/28/1 1078/30/1
f 1113/31/6 1123/30/6 1078/30/6 1107/31/6
f 1110/32/6 1113/33/6 1107/33/6 1085/32/6
f 1111/34/2 1110/32/2 1085/32/2 1084/34/2
f 1112/35/7 1111/34/7 1084/34/7 1106/35/7
f 1114/36/7 1117/29/7 1108/29/7 1083/36/7
f 1115/37/4 1114/36/4 1083/36/4 1082/37/4
f 1116/31/6 1115/37/6 1082/37/6 1109/31/6
f 1124/38/6 1116/33/6 1109/33/6 1089/38/6
f 1125/39/1 1124/38/1 1089/38/1 1088/39/1
f 1117/35/7 1125/39/7 1088/39/7 1108/35/7
f 1121/33/1 1120/35/1 1076/35/1 1075/33/1
f 1118/38/6 1121/33/6 1075/33/6 1081/38/6
f 1119/39/23 1118/38/23 1081/38/23 1080/39/23
f 1120/35/7 1119/39/7 1080/39/7 1076/35/7
f 1129/29/5 1128/31/5 1074/31/5 1077/29/5
f 1126/28/7 1129/29/7 1077/29/7 1087/28/7
f 1127/30/3 1126/28/3 1087/28/3 1086/30/3
f 1128/31/6 1127/30/6 1086/30/6 1074/31/6
f 1130/4/7 1131/1/7 1132/2/7 1133/3/7
f 1134/3/6 1135/4/6 1136/1/6 1137/2/6
f 1138/20/3 1132/1/3 1131/2/3 1139/19/3
f 1139/20/2 1131/1/2 1130/2/2 1140/19/2
f 1145/20/4 1133/1/4 1132/2/4 1138/19/4
f 1138/20/3 1139/19/3 1137/3/3 1136/4/3
f 1139/20/2 1140/19/2 1134/3/2 1137/4/2
f 1145/20/4 1138/19/4 1136/3/4 1135/4/4
f 1150/4/1 1151/3/1 1135/3/1 1134/4/1
f 1152/20/1 1150/4/1 1134/4/1 1140/20/1
f 1153/19/1 1152/20/1 1140/20/1 1145/19/1
f 1151/3/1 1153/19/1 1145/19/1 1135/3/1
f 1149/4/7 1148/3/7 1151/3/7 1150/4/7
f 1146/20/4 1149/4/4 1150/4/4 1152/20/4
f 1147/19/6 1146/20/6 1152/20/6 1153/19/6
f 1148/3/301 1147/19/301 1153/19/301 1151/3/301
f 1154/2/1 1155/1/1 1130/1/1 1133/2/1
f 1156/19/1 1154/2/1 1133/2/1 1145/19/1
f 1157/20/1 1156/19/1 1145/19/1 1140/20/1
f 1155/1/1 1157/20/1 1140/20/1 1130/1/1
f 1143/2/6 1142/1/6 1155/1/6 1154/2/6
f 1144/19/301 1143/2/301 1154/2/301 1156/19/301
f 1141/20/7 1144/19/7 1156/19/7 1157/20/7
f 1142/1/4 1141/20/4 1157/20/4 1155/1/4
f 1158/4/1 1159/1/1 1160/2/1 1161/3/1
f 1162/3/3 1163/4/3 1164/1/3 1165/2/3
f 1165/3/7 1164/4/7 1160/1/7 1159/2/7
f 1162/3/2 1165/4/2 1159/1/2 1158/2/2
f 1163/3/6 1162/4/6 1158/1/6 1161/2/6
f 1164/3/4 1163/4/4 1161/1/4 1160/2/4
f 1166/2/6 1167/1/6 1168/1/6 1169/2/6
f 1170/3/6 1166/2/6 1169/2/6 1171/3/6
f 1172/4/6 1173/3/6 1169/3/6 1168/4/6
f 1173/4/6 1174/3/6 1171/3/6 1169/4/6
f 1175/4/316 1176/3/316 1177/3/6 1178/4/6
f 1179/4/6 1180/3/6 1178/3/6 1177/4/6
f 1181/1/6 1182/4/6 1183/4/6 1184/1/6
f 1185/4/6 1186/3/6 1184/3/6 1183/4/6
usemtl 20___Default.001
f 1191/33/3 1192/31/3 1193/29/317 1194/35/318
f 1195/30/2 1196/28/2 1197/39/2 1198/38/2
f 1199/37/1 1200/36/1 1201/34/1 1202/32/1
f 1203/30/4 1204/28/4 1205/39/4 1206/38/4
f 1194/35/318 1193/29/317 1208/27/319 1207/26/319
f 1192/31/3 1191/33/3 1189/1/3 1188/2/3
f 1209/27/320 1208/26/321 1193/35/321 1197/39/321
f 1209/27/320 1197/39/321 1196/28/320 1211/29/320
f 1188/1/2 1187/2/2 1212/31/2 1195/30/2
f 1188/1/2 1195/30/2 1198/38/2 1192/33/2
f 1210/27/322 1209/26/322 1211/35/322 1201/34/322
f 1210/27/322 1201/34/322 1200/36/322 1213/29/322
f 1187/1/1 1190/2/1 1214/31/1 1199/37/1
f 1187/1/1 1199/37/1 1202/32/1 1212/33/1
f 1207/27/323 1210/26/323 1213/35/323 1205/39/323
f 1207/27/323 1205/39/323 1204/28/323 1194/29/323
f 1190/1/4 1189/2/4 1191/31/4 1203/30/4
f 1190/1/4 1203/30/4 1206/38/4 1214/33/4
usemtl Material__29.001
f 1216/27/7 1215/26/7 1217/26/7 1218/27/7
usemtl Material__30.001
f 1220/27/7 1219/26/7 1221/26/7 1222/27/7
usemtl 01___Default.001
f 1223/32/324 1224/34/324 1225/35/324 1226/33/324
f 1227/36/325 1228/37/325 1229/31/325 1230/29/325
f 1231/38/2 1232/39/2 1233/35/2 1234/33/2
f 1235/28/326 1236/30/326 1226/31/326 1225/29/326
f 1237/38/327 1238/39/327 1230/35/327 1229/33/327
f 1239/28/4 1240/30/4 1241/31/4 1242/29/4
f 1243/20/1 1244/1/1 1245/2/1 1246/19/1
f 1247/20/1 1248/19/1 1249/3/1 1250/4/1
usemtl 02___Default.001
f 1251/40/328 1252/41/329 1253/14/330 1254/42/331
f 1255/43/332 1251/40/328 1254/42/331 1256/44/333
f 1257/45/334 1255/43/332 1256/44/333 1258/46/335
f 1259/47/336 1257/45/334 1258/46/335 1260/48/337
f 1261/49/338 1259/47/336 1260/48/337 1262/50/339
f 1263/51/340 1261/49/338 1262/50/339 1264/2/341
f 1265/52/342 1263/51/340 1264/2/341 1266/53/343
f 1267/54/344 1265/55/342 1266/56/343 1268/57/345
f 1269/58/346 1267/54/344 1268/57/345 1270/59/347
f 1271/60/348 1269/58/346 1270/59/347 1272/61/349
f 1273/62/350 1271/60/348 1272/61/349 1274/63/351
f 1275/64/352 1273/62/350 1274/63/351 1276/17/353
f 1277/65/354 1275/64/352 1276/17/353 1278/66/355
f 1279/67/356 1277/65/354 1278/66/355 1280/68/357
f 1281/69/358 1279/67/356 1280/68/357 1282/70/359
f 1283/71/360 1281/69/358 1282/70/359 1284/72/361
f 1285/73/362 1283/71/360 1284/72/361 1286/74/363
f 1287/75/364 1285/73/362 1286/74/363 1288/16/365
f 1289/76/366 1287/75/364 1288/16/365 1290/77/367
f 1291/78/368 1289/76/366 1290/77/367 1292/79/369
f 1293/80/370 1291/78/368 1292/79/369 1294/81/371
f 1295/82/372 1293/80/370 1294/81/371 1296/83/373
f 1297/84/374 1295/82/372 1296/83/373 1298/85/375
f 1252/41/329 1297/84/374 1298/85/375 1253/14/330
f 1299/86/376 1300/87/377 1252/41/329 1251/40/328
f 1301/88/378 1299/86/376 1251/40/328 1255/43/332
f 1302/89/379 1301/88/378 1255/43/332 1257/45/334
f 1303/90/380 1302/89/379 1257/45/334 1259/47/336
f 1304/91/381 1303/90/380 1259/47/336 1261/49/338
f 1305/92/382 1304/91/381 1261/49/338 1263/51/340
f 1306/93/383 1305/92/382 1263/51/340 1265/52/342
f 1307/94/384 1306/95/383 1265/55/342 1267/54/344
f 1308/96/385 1307/94/384 1267/54/344 1269/58/346
f 1309/97/386 1308/96/385 1269/58/346 1271/60/348
f 1310/98/387 1309/97/386 1271/60/348 1273/62/350
f 1311/99/388 1310/98/387 1273/62/350 1275/64/352
f 1312/100/389 1311/99/388 1275/64/352 1277/65/354
f 1313/101/390 1312/100/389 1277/65/354 1279/67/356
f 1314/102/391 1313/101/390 1279/67/356 1281/69/358
f 1315/103/392 1314/102/391 1281/69/358 1283/71/360
f 1316/104/393 1315/103/392 1283/71/360 1285/73/362
f 1317/105/394 1316/104/393 1285/73/362 1287/75/364
f 1318/106/395 1317/105/394 1287/75/364 1289/76/366
f 1319/107/396 1318/106/395 1289/76/366 1291/78/368
f 1320/108/397 1319/107/396 1291/78/368 1293/80/370
f 1321/109/398 1320/108/397 1293/80/370 1295/82/372
f 1322/110/399 1321/109/398 1295/82/372 1297/84/374
f 1300/87/377 1322/110/399 1297/84/374 1252/41/329
f 1323/111/400 1324/112/401 1300/87/377 1299/86/376
f 1325/113/402 1323/111/400 1299/86/376 1301/88/378
f 1326/114/403 1325/113/402 1301/88/378 1302/89/379
f 1327/115/404 1326/114/403 1302/89/379 1303/90/380
f 1328/116/405 1327/115/404 1303/90/380 1304/91/381
f 1329/117/406 1328/116/405 1304/91/381 1305/92/382
f 1330/118/407 1329/117/406 1305/92/382 1306/93/383
f 1331/119/408 1330/120/407 1306/95/383 1307/94/384
f 1332/121/409 1331/119/408 1307/94/384 1308/96/385
f 1333/122/410 1332/121/409 1308/96/385 1309/97/386
f 1334/123/411 1333/122/410 1309/97/386 1310/98/387
f 1335/124/412 1334/123/411 1310/98/387 1311/99/388
f 1336/125/413 1335/124/412 1311/99/388 1312/100/389
f 1337/126/414 1336/125/413 1312/100/389 1313/101/390
f 1338/127/415 1337/126/414 1313/101/390 1314/102/391
f 1339/128/416 1338/127/415 1314/102/391 1315/103/392
f 1340/129/417 1339/128/416 1315/103/392 1316/104/393
f 1341/130/418 1340/129/417 1316/104/393 1317/105/394
f 1342/131/419 1341/130/418 1317/105/394 1318/106/395
f 1343/132/420 1342/131/419 1318/106/395 1319/107/396
f 1344/133/421 1343/132/420 1319/107/396 1320/108/397
f 1345/134/422 1344/133/421 1320/108/397 1321/109/398
f 1346/135/423 1345/134/422 1321/109/398 1322/110/399
f 1324/112/401 1346/135/423 1322/110/399 1300/87/377
f 1347/136/424 1348/137/425 1324/112/401 1323/111/400
f 1349/138/426 1347/136/424 1323/111/400 1325/113/402
f 1350/139/427 1349/138/426 1325/113/402 1326/114/403
f 1351/140/428 1350/139/427 1326/114/403 1327/115/404
f 1352/141/429 1351/140/428 1327/115/404 1328/116/405
f 1353/142/430 1352/141/429 1328/116/405 1329/117/406
f 1354/143/431 1353/142/430 1329/117/406 1330/118/407
f 1355/144/432 1354/145/431 1330/120/407 1331/119/408
f 1356/146/433 1355/144/432 1331/119/408 1332/121/409
f 1357/147/434 1356/146/433 1332/121/409 1333/122/410
f 1358/148/435 1357/147/434 1333/122/410 1334/123/411
f 1359/149/436 1358/148/435 1334/123/411 1335/124/412
f 1360/150/437 1359/149/436 1335/124/412 1336/125/413
f 1361/151/438 1360/150/437 1336/125/413 1337/126/414
f 1362/152/439 1361/151/438 1337/126/414 1338/127/415
f 1363/153/440 1362/152/439 1338/127/415 1339/128/416
f 1364/154/441 1363/153/440 1339/128/416 1340/129/417
f 1365/155/442 1364/154/441 1340/129/417 1341/130/418
f 1366/156/443 1365/155/442 1341/130/418 1342/131/419
f 1367/157/444 1366/156/443 1342/131/419 1343/132/420
f 1368/158/445 1367/157/444 1343/132/420 1344/133/421
f 1369/159/446 1368/158/445 1344/133/421 1345/134/422
f 1370/160/447 1369/159/446 1345/134/422 1346/135/423
f 1348/137/425 1370/160/447 1346/135/423 1324/112/401
f 1371/161/448 1372/23/449 1348/137/450 1347/136/451
f 1373/162/452 1371/161/448 1347/136/451 1349/138/453
f 1374/163/454 1373/162/452 1349/138/453 1350/139/455
f 1375/164/456 1374/163/454 1350/139/455 1351/140/457
f 1376/165/458 1375/164/456 1351/140/457 1352/141/459
f 1377/3/460 1376/165/458 1352/141/459 1353/142/461
f 1378/166/462 1377/3/460 1353/142/461 1354/143/463
f 1379/167/464 1378/168/462 1354/145/463 1355/144/465
f 1380/169/466 1379/167/464 1355/144/465 1356/146/467
f 1381/170/468 1380/169/466 1356/146/467 1357/147/469
f 1382/171/470 1381/170/468 1357/147/469 1358/148/471
f 1383/25/472 1382/171/470 1358/148/471 1359/149/473
f 1384/172/474 1383/25/472 1359/149/473 1360/150/475
f 1385/173/476 1384/172/474 1360/150/475 1361/151/477
f 1386/174/478 1385/173/476 1361/151/477 1362/152/479
f 1387/175/480 1386/174/478 1362/152/479 1363/153/481
f 1388/176/482 1387/175/480 1363/153/481 1364/154/483
f 1389/24/484 1388/176/482 1364/154/483 1365/155/485
f 1390/177/486 1389/24/484 1365/155/485 1366/156/487
f 1391/178/488 1390/177/486 1366/156/487 1367/157/489
f 1392/179/490 1391/178/488 1367/157/489 1368/158/491
f 1393/180/492 1392/179/490 1368/158/491 1369/159/493
f 1394/181/494 1393/180/492 1369/159/493 1370/160/495
f 1372/23/449 1394/181/494 1370/160/495 1348/137/450
f 1392/182/6 1393/183/6 1394/184/6 1390/185/6
f 1386/186/6 1390/185/6 1394/184/6 1378/187/6
f 1374/188/6 1378/187/6 1394/184/6 1371/189/6
f 1394/184/6 1372/190/6 1371/189/6
f 1371/189/6 1373/191/6 1374/188/6
f 1376/192/6 1378/187/6 1374/188/6 1375/193/6
f 1376/192/6 1377/194/6 1378/187/6
f 1382/195/6 1386/186/6 1378/187/6 1380/196/6
f 1378/187/6 1379/197/6 1380/196/6
f 1380/196/6 1381/198/6 1382/195/6
f 1384/199/6 1386/186/6 1382/195/6 1383/200/6
f 1384/199/6 1385/201/496 1386/186/6
f 1388/202/6 1390/185/6 1386/186/6 1387/203/6
f 1388/202/6 1389/204/497 1390/185/6
f 1392/182/6 1390/185/6 1391/205/6
f 1395/24/7 1396/206/7 1254/206/7 1253/24/7
f 1397/207/7 1395/24/7 1253/24/7 1298/207/7
f 1398/208/7 1397/207/7 1298/207/7 1296/208/7
f 1399/209/7 1398/208/7 1296/208/7 1294/209/7
f 1400/210/7 1399/209/7 1294/209/7 1292/210/7
f 1401/211/7 1400/210/7 1292/210/7 1290/211/7
f 1402/19/7 1401/211/7 1290/211/7 1288/19/7
f 1403/212/7 1402/19/7 1288/19/7 1286/212/7
f 1404/213/7 1403/212/7 1286/212/7 1284/213/7
f 1405/214/7 1404/213/7 1284/213/7 1282/214/7
f 1406/215/7 1405/214/7 1282/214/7 1280/215/7
f 1407/216/7 1406/215/7 1280/215/7 1278/216/7
f 1408/16/7 1407/216/7 1278/216/7 1276/16/7
f 1409/217/7 1408/16/7 1276/16/7 1274/217/7
f 1410/218/7 1409/217/7 1274/217/7 1272/218/7
f 1411/219/7 1410/218/7 1272/218/7 1270/219/7
f 1412/220/7 1411/219/7 1270/219/7 1268/220/7
f 1413/221/7 1412/220/7 1268/220/7 1266/221/7
f 1414/20/7 1413/221/7 1266/221/7 1264/20/7
f 1415/222/7 1414/20/7 1264/20/7 1262/222/7
f 1416/223/7 1415/222/7 1262/222/7 1260/223/7
f 1417/224/7 1416/223/7 1260/223/7 1258/224/7
f 1418/225/7 1417/224/7 1258/224/7 1256/225/7
f 1396/206/7 1418/225/7 1256/225/7 1254/206/7
f 1419/40/498 1420/41/329 1421/14/499 1422/42/500
f 1423/43/332 1419/40/498 1422/42/500 1424/44/501
f 1425/45/502 1423/43/332 1424/44/501 1426/46/503
f 1427/47/504 1425/45/502 1426/46/503 1428/48/505
f 1429/49/506 1427/47/504 1428/48/505 1430/50/339
f 1431/51/340 1429/49/506 1430/50/339 1432/2/507
f 1433/52/508 1431/51/340 1432/2/507 1434/53/509
f 1435/54/344 1433/55/508 1434/56/509 1436/57/510
f 1437/58/511 1435/54/344 1436/57/510 1438/59/347
f 1439/60/512 1437/58/511 1438/59/347 1440/61/349
f 1441/62/513 1439/60/512 1440/61/349 1442/63/351
f 1443/64/514 1441/62/513 1442/63/351 1444/17/515
f 1445/65/516 1443/64/514 1444/17/515 1446/66/517
f 1447/67/518 1445/65/516 1446/66/517 1448/68/519
f 1449/69/520 1447/67/518 1448/68/519 1450/70/521
f 1451/71/522 1449/69/520 1450/70/521 1452/72/523
f 1453/73/362 1451/71/522 1452/72/523 1454/74/524
f 1455/75/525 1453/73/362 1454/74/524 1456/16/365
f 1457/76/526 1455/75/525 1456/16/365 1458/77/527
f 1459/78/528 1457/76/526 1458/77/527 1460/79/529
f 1461/80/530 1459/78/528 1460/79/529 1462/81/531
f 1463/82/532 1461/80/530 1462/81/531 1464/83/533
f 1465/84/374 1463/82/532 1464/83/533 1466/85/534
f 1420/41/329 1465/84/374 1466/85/534 1421/14/499
f 1467/86/535 1468/87/377 1420/41/329 1419/40/498
f 1469/88/536 1467/86/535 1419/40/498 1423/43/332
f 1470/89/537 1469/88/536 1423/43/332 1425/45/502
f 1471/90/380 1470/89/537 1425/45/502 1427/47/504
f 1472/91/538 1471/90/380 1427/47/504 1429/49/506
f 1473/92/382 1472/91/538 1429/49/506 1431/51/340
f 1474/93/539 1473/92/382 1431/51/340 1433/52/508
f 1475/94/540 1474/95/539 1433/55/508 1435/54/344
f 1476/96/541 1475/94/540 1435/54/344 1437/58/511
f 1477/97/542 1476/96/541 1437/58/511 1439/60/512
f 1478/98/543 1477/97/542 1439/60/512 1441/62/513
f 1479/99/544 1478/98/543 1441/62/513 1443/64/514
f 1480/100/545 1479/99/544 1443/64/514 1445/65/516
f 1481/101/546 1480/100/545 1445/65/516 1447/67/518
f 1482/102/547 1481/101/546 1447/67/518 1449/69/520
f 1483/103/548 1482/102/547 1449/69/520 1451/71/522
f 1484/104/549 1483/103/548 1451/71/522 1453/73/362
f 1485/105/550 1484/104/549 1453/73/362 1455/75/525
f 1486/106/551 1485/105/550 1455/75/525 1457/76/526
f 1487/107/552 1486/106/551 1457/76/526 1459/78/528
f 1488/108/553 1487/107/552 1459/78/528 1461/80/530
f 1489/109/398 1488/108/553 1461/80/530 1463/82/532
f 1490/110/554 1489/109/398 1463/82/532 1465/84/374
f 1468/87/377 1490/110/554 1465/84/374 1420/41/329
f 1491/111/555 1492/112/401 1468/87/377 1467/86/535
f 1493/113/402 1491/111/555 1467/86/535 1469/88/536
f 1494/114/556 1493/113/402 1469/88/536 1470/89/537
f 1495/115/557 1494/114/556 1470/89/537 1471/90/380
f 1496/116/558 1495/115/557 1471/90/380 1472/91/538
f 1497/117/559 1496/116/558 1472/91/538 1473/92/382
f 1498/118/560 1497/117/559 1473/92/382 1474/93/539
f 1499/119/408 1498/120/560 1474/95/539 1475/94/540
f 1500/121/561 1499/119/408 1475/94/540 1476/96/541
f 1501/122/562 1500/121/561 1476/96/541 1477/97/542
f 1502/123/563 1501/122/562 1477/97/542 1478/98/543
f 1503/124/564 1502/123/563 1478/98/543 1479/99/544
f 1504/125/413 1503/124/564 1479/99/544 1480/100/545
f 1505/126/565 1504/125/413 1480/100/545 1481/101/546
f 1506/127/566 1505/126/565 1481/101/546 1482/102/547
f 1507/128/567 1506/127/566 1482/102/547 1483/103/548
f 1508/129/568 1507/128/567 1483/103/548 1484/104/549
f 1509/130/569 1508/129/568 1484/104/549 1485/105/550
f 1510/131/570 1509/130/569 1485/105/550 1486/106/551
f 1511/132/571 1510/131/570 1486/106/551 1487/107/552
f 1512/133/572 1511/132/571 1487/107/552 1488/108/553
f 1513/134/422 1512/133/572 1488/108/553 1489/109/398
f 1514/135/573 1513/134/422 1489/109/398 1490/110/554
f 1492/112/401 1514/135/573 1490/110/554 1468/87/377
f 1515/136/574 1516/137/575 1492/112/401 1491/111/555
f 1517/138/576 1515/136/574 1491/111/555 1493/113/402
f 1518/139/577 1517/138/576 1493/113/402 1494/114/556
f 1519/140/578 1518/139/577 1494/114/556 1495/115/557
f 1520/141/579 1519/140/578 1495/115/557 1496/116/558
f 1521/142/580 1520/141/579 1496/116/558 1497/117/559
f 1522/143/581 1521/142/580 1497/117/559 1498/118/560
f 1523/144/582 1522/145/581 1498/120/560 1499/119/408
f 1524/146/583 1523/144/582 1499/119/408 1500/121/561
f 1525/147/584 1524/146/583 1500/121/561 1501/122/562
f 1526/148/585 1525/147/584 1501/122/562 1502/123/563
f 1527/149/586 1526/148/585 1502/123/563 1503/124/564
f 1528/150/587 1527/149/586 1503/124/564 1504/125/413
f 1529/151/588 1528/150/587 1504/125/413 1505/126/565
f 1530/152/589 1529/151/588 1505/126/565 1506/127/566
f 1531/153/590 1530/152/589 1506/127/566 1507/128/567
f 1532/154/591 1531/153/590 1507/128/567 1508/129/568
f 1533/155/592 1532/154/591 1508/129/568 1509/130/569
f 1534/156/593 1533/155/592 1509/130/569 1510/131/570
f 1535/157/594 1534/156/593 1510/131/570 1511/132/571
f 1536/158/595 1535/157/594 1511/132/571 1512/133/572
f 1537/159/596 1536/158/595 1512/133/572 1513/134/422
f 1538/160/597 1537/159/596 1513/134/422 1514/135/573
f 1516/137/575 1538/160/597 1514/135/573 1492/112/401
f 1539/161/598 1540/23/449 1516/137/599 1515/136/600
f 1541/162/601 1539/161/598 1515/136/600 1517/138/602
f 1542/163/603 1541/162/601 1517/138/602 1518/139/604
f 1543/164/605 1542/163/603 1518/139/604 1519/140/606
f 1544/165/607 1543/164/605 1519/140/606 1520/141/608
f 1545/3/609 1544/165/607 1520/141/608 1521/142/610
f 1546/166/611 1545/3/609 1521/142/610 1522/143/612
f 1547/167/613 1546/168/611 1522/145/612 1523/144/614
f 1548/169/466 1547/167/613 1523/144/614 1524/146/615
f 1549/170/616 1548/169/466 1524/146/615 1525/147/617
f 1550/171/618 1549/170/616 1525/147/617 1526/148/619
f 1551/25/620 1550/171/618 1526/148/619 1527/149/621
f 1552/172/622 1551/25/620 1527/149/621 1528/150/623
f 1553/173/476 1552/172/622 1528/150/623 1529/151/624
f 1554/174/625 1553/173/476 1529/151/624 1530/152/626
f 1555/175/627 1554/174/625 1530/152/626 1531/153/628
f 1556/176/629 1555/175/627 1531/153/628 1532/154/630
f 1557/24/631 1556/176/629 1532/154/630 1533/155/632
f 1558/177/633 1557/24/631 1533/155/632 1534/156/634
f 1559/178/635 1558/177/633 1534/156/634 1535/157/636
f 1560/179/637 1559/178/635 1535/157/636 1536/158/638
f 1561/180/639 1560/179/637 1536/158/638 1537/159/640
f 1562/181/641 1561/180/639 1537/159/640 1538/160/642
f 1540/23/449 1562/181/641 1538/160/642 1516/137/599
f 1560/182/6 1561/183/6 1562/184/6 1558/185/6
f 1554/186/6 1558/185/6 1562/184/6 1546/187/6
f 1542/188/6 1546/187/6 1562/184/6 1539/189/6
f 1562/184/6 1540/190/6 1539/189/6
f 1539/189/6 1541/191/6 1542/188/6
f 1544/192/6 1546/187/6 1542/188/6 1543/193/6
f 1544/192/6 1545/194/497 1546/187/6
f 1550/195/6 1554/186/6 1546/187/6 1548/196/6
f 1546/187/6 1547/197/6 1548/196/6
f 1548/196/6 1549/198/6 1550/195/6
f 1552/199/6 1554/186/6 1550/195/6 1551/200/6
f 1552/199/6 1553/201/496 1554/186/6
f 1556/202/6 1558/185/6 1554/186/6 1555/203/6
f 1556/202/6 1557/204/6 1558/185/6
f 1560/182/6 1558/185/6 1559/205/6
f 1563/24/7 1564/206/7 1422/206/7 1421/24/7
f 1565/207/7 1563/24/7 1421/24/7 1466/207/7
f 1566/208/7 1565/207/7 1466/207/7 1464/208/7
f 1567/209/7 1566/208/7 1464/208/7 1462/209/7
f 1568/210/7 1567/209/7 1462/209/7 1460/210/7
f 1569/211/7 1568/210/7 1460/210/7 1458/211/7
f 1570/19/7 1569/211/7 1458/211/7 1456/19/7
f 1571/212/7 1570/19/7 1456/19/7 1454/212/7
f 1572/213/7 1571/212/7 1454/212/7 1452/213/7
f 1573/214/7 1572/213/7 1452/213/7 1450/214/7
f 1574/215/7 1573/214/7 1450/214/7 1448/215/7
f 1575/216/7 1574/215/7 1448/215/7 1446/216/7
f 1576/16/7 1575/216/7 1446/216/7 1444/16/7
f 1577/217/7 1576/16/7 1444/16/7 1442/217/7
f 1578/218/7 1577/217/7 1442/217/7 1440/218/7
f 1579/219/7 1578/218/7 1440/218/7 1438/219/7
f 1580/220/7 1579/219/7 1438/219/7 1436/220/7
f 1581/221/7 1580/220/7 1436/220/7 1434/221/7
f 1582/20/7 1581/221/7 1434/221/7 1432/20/7
f 1583/222/7 1582/20/7 1432/20/7 1430/222/7
f 1584/223/7 1583/222/7 1430/222/7 1428/223/7
f 1585/224/7 1584/223/7 1428/223/7 1426/224/7
f 1586/225/7 1585/224/7 1426/224/7 1424/225/7
f 1564/206/7 1586/225/7 1424/225/7 1422/206/7
usemtl 08___Default.001
f 1587/225/7 1588/206/7 1589/24/7 1590/223/7
f 1591/220/7 1590/223/7 1589/24/7 1592/213/7
f 1593/210/7 1592/213/7 1589/24/7 1594/208/7
f 1589/24/7 1595/207/7 1594/208/7
f 1594/208/7 1596/209/7 1593/210/7
f 1597/19/7 1592/213/7 1593/210/7 1598/211/7
f 1597/19/7 1599/212/7 1592/213/7
f 1600/16/7 1591/220/7 1592/213/7 1601/215/7
f 1592/213/7 1602/214/7 1601/215/7
f 1601/215/7 1603/216/7 1600/16/7
f 1604/218/7 1591/220/7 1600/16/7 1605/217/7
f 1604/218/7 1606/219/7 1591/220/7
f 1607/20/7 1590/223/7 1591/220/7 1608/221/7
f 1607/20/7 1609/222/7 1590/223/7
f 1587/225/7 1590/223/7 1610/224/7
f 1589/24/643 1588/206/643 1612/206/643 1611/24/643
f 1595/207/644 1589/24/644 1611/24/644 1613/207/644
f 1594/208/645 1595/207/645 1613/207/645 1614/208/645
f 1596/209/646 1594/208/646 1614/208/646 1615/209/646
f 1593/210/647 1596/209/647 1615/209/647 1616/210/647
f 1598/211/648 1593/210/648 1616/210/648 1617/211/648
f 1597/19/649 1598/211/649 1617/211/649 1618/19/649
f 1599/212/650 1597/19/650 1618/19/650 1619/212/650
f 1592/213/651 1599/212/651 1619/212/651 1620/213/651
f 1602/214/652 1592/213/652 1620/213/652 1621/214/652
f 1601/215/653 1602/214/653 1621/214/653 1622/215/653
f 1603/216/654 1601/215/654 1622/215/654 1623/216/654
f 1600/16/655 1603/216/655 1623/216/655 1624/16/655
f 1605/217/656 1600/16/656 1624/16/656 1625/217/656
f 1604/218/657 1605/217/657 1625/217/657 1626/218/657
f 1606/219/658 1604/218/658 1626/218/658 1627/219/658
f 1591/220/659 1606/219/659 1627/219/659 1628/220/659
f 1608/221/660 1591/220/660 1628/220/660 1629/221/660
f 1607/20/661 1608/221/661 1629/221/661 1630/20/661
f 1609/222/662 1607/20/662 1630/20/662 1631/222/662
f 1590/223/663 1609/222/663 1631/222/663 1632/223/663
f 1610/224/664 1590/223/664 1632/223/664 1633/224/664
f 1587/225/665 1610/224/665 1633/224/665 1634/225/665
f 1588/206/666 1587/225/666 1634/225/666 1612/206/666
f 1635/225/7 1636/206/7 1637/24/7 1638/223/7
f 1639/220/7 1638/223/7 1637/24/7 1640/213/7
f 1641/210/7 1640/213/7 1637/24/7 1642/208/7
f 1637/24/7 1643/207/7 1642/208/7
f 1642/208/7 1644/209/667 1641/210/7
f 1645/19/7 1640/213/7 1641/210/7 1646/211/7
f 1645/19/7 1647/212/7 1640/213/7
f 1648/16/7 1639/220/7 1640/213/7 1649/215/7
f 1640/213/7 1650/214/7 1649/215/7
f 1649/215/7 1651/216/7 1648/16/7
f 1652/218/7 1639/220/7 1648/16/7 1653/217/7
f 1652/218/7 1654/219/668 1639/220/7
f 1655/20/7 1638/223/7 1639/220/7 1656/221/7
f 1655/20/7 1657/222/7 1638/223/7
f 1635/225/7 1638/223/7 1658/224/7
f 1637/24/669 1636/206/669 1660/206/669 1659/24/669
f 1643/207/670 1637/24/670 1659/24/670 1661/207/670
f 1642/208/671 1643/207/671 1661/207/671 1662/208/671
f 1644/209/672 1642/208/672 1662/208/672 1663/209/672
f 1641/210/647 1644/209/647 1663/209/647 1664/210/647
f 1646/211/673 1641/210/673 1664/210/673 1665/211/673
f 1645/19/649 1646/211/649 1665/211/649 1666/19/649
f 1647/212/674 1645/19/674 1666/19/674 1667/212/674
f 1640/213/651 1647/212/651 1667/212/651 1668/213/651
f 1650/214/675 1640/213/675 1668/213/675 1669/214/675
f 1649/215/653 1650/214/653 1669/214/653 1670/215/653
f 1651/216/676 1649/215/676 1670/215/676 1671/216/676
f 1648/16/677 1651/216/677 1671/216/677 1672/16/677
f 1653/217/678 1648/16/678 1672/16/678 1673/217/678
f 1652/218/679 1653/217/679 1673/217/679 1674/218/679
f 1654/219/680 1652/218/680 1674/218/680 1675/219/680
f 1639/220/681 1654/219/681 1675/219/681 1676/220/681
f 1656/221/682 1639/220/682 1676/220/682 1677/221/682
f 1655/20/683 1656/221/683 1677/221/683 1678/20/683
f 1657/222/662 1655/20/662 1678/20/662 1679/222/662
f 1638/223/684 1657/222/684 1679/222/684 1680/223/684
f 1658/224/685 1638/223/685 1680/223/685 1681/224/685
f 1635/225/665 1658/224/665 1681/224/665 1682/225/665
f 1636/206/686 1635/225/686 1682/225/686 1660/206/686
usemtl 19___Default.001
f 1683/226/687 1684/9/688 1685/14/689 1686/227/690
f 1687/228/691 1683/226/687 1686/227/690 1688/229/692
f 1689/230/693 1687/228/691 1688/229/692 1690/48/694
f 1691/231/695 1689/230/693 1690/48/694 1692/232/696
f 1693/233/697 1691/231/695 1692/232/696 1694/234/698
f 1695/235/699 1693/236/697 1694/237/698 1696/57/700
f 1697/238/701 1695/235/699 1696/57/700 1698/239/702
f 1699/240/703 1697/238/701 1698/239/702 1700/241/704
f 1701/6/705 1699/240/703 1700/241/704 1702/17/706
f 1703/242/707 1701/6/705 1702/17/706 1704/243/708
f 1705/244/709 1703/242/707 1704/243/708 1706/245/710
f 1707/246/711 1705/244/709 1706/245/710 1708/72/712
f 1709/247/713 1707/246/711 1708/72/712 1710/248/714
f 1711/249/715 1709/247/713 1710/248/714 1712/250/716
f 1713/251/717 1711/249/715 1712/250/716 1714/79/718
f 1715/252/719 1713/251/717 1714/79/718 1716/253/720
f 1717/254/721 1715/252/719 1716/253/720 1718/255/722
f 1684/9/688 1717/254/721 1718/255/722 1685/14/689
f 1719/256/723 1720/23/301 1684/9/688 1683/226/687
f 1721/257/724 1719/256/723 1683/226/687 1687/228/691
f 1722/164/725 1721/257/724 1687/228/691 1689/230/693
f 1723/258/726 1722/164/725 1689/230/693 1691/231/695
f 1724/259/727 1723/258/726 1691/231/695 1693/233/697
f 1725/167/728 1724/260/727 1693/236/697 1695/235/699
f 1726/261/729 1725/167/728 1695/235/699 1697/238/701
f 1727/262/730 1726/261/729 1697/238/701 1699/240/703
f 1728/25/4 1727/262/730 1699/240/703 1701/6/705
f 1729/263/731 1728/25/4 1701/6/705 1703/242/707
f 1730/264/732 1729/263/731 1703/242/707 1705/244/709
f 1731/175/733 1730/264/732 1705/244/709 1707/246/711
f 1732/265/734 1731/175/733 1707/246/711 1709/247/713
f 1733/266/735 1732/265/734 1709/247/713 1711/249/715
f 1734/178/736 1733/266/735 1711/249/715 1713/251/717
f 1735/267/737 1734/178/736 1713/251/717 1715/252/719
f 1736/268/738 1735/267/737 1715/252/719 1717/254/721
f 1720/23/301 1736/268/738 1717/254/721 1684/9/688
f 1688/269/7 1686/270/7 1685/24/7 1712/271/7
f 1716/272/7 1712/271/7 1685/24/7 1718/273/7
f 1716/272/7 1714/210/7 1712/271/7
f 1704/274/7 1688/269/7 1712/271/7 1708/213/7
f 1712/271/7 1710/275/7 1708/213/7
f 1708/213/7 1706/276/7 1704/274/7
f 1696/220/7 1688/269/7 1704/274/7 1700/277/7
f 1704/274/7 1702/16/7 1700/277/7
f 1700/277/7 1698/278/7 1696/220/7
f 1692/279/7 1688/269/7 1696/220/7 1694/280/7
f 1688/269/7 1692/279/7 1690/223/7
f 1737/210/6 1738/272/6 1739/273/6 1740/223/6
f 1741/270/6 1740/223/6 1739/273/6 1742/24/6
f 1741/270/6 1743/269/6 1740/223/6
f 1744/278/6 1737/210/6 1740/223/6 1745/280/6
f 1740/223/6 1746/279/6 1745/280/6
f 1745/280/6 1747/220/6 1744/278/6
f 1748/276/6 1737/210/6 1744/278/6 1749/16/6
f 1744/278/6 1750/277/6 1749/16/6
f 1749/16/6 1751/274/6 1748/276/6
f 1752/275/6 1737/210/6 1748/276/6 1753/213/6
f 1737/210/6 1752/275/6 1754/271/6
f 1755/270/6 1756/24/6 1720/24/6 1719/270/6
f 1757/269/6 1755/270/6 1719/270/6 1721/269/6
f 1758/223/6 1757/269/6 1721/269/6 1722/223/6
f 1759/279/6 1758/223/6 1722/223/6 1723/279/6
f 1760/280/6 1759/279/6 1723/279/6 1724/280/6
f 1761/220/6 1760/280/6 1724/280/6 1725/220/6
f 1762/278/6 1761/220/6 1725/220/6 1726/278/6
f 1763/277/6 1762/278/6 1726/278/6 1727/277/6
f 1764/16/6 1763/277/6 1727/277/6 1728/16/6
f 1765/274/6 1764/16/6 1728/16/6 1729/274/6
f 1766/276/6 1765/274/6 1729/274/6 1730/276/6
f 1767/213/6 1766/276/6 1730/276/6 1731/213/6
f 1768/275/6 1767/213/6 1731/213/6 1732/275/6
f 1769/271/6 1768/275/6 1732/275/6 1733/271/6
f 1770/210/6 1769/271/6 1733/271/6 1734/210/6
f 1771/272/6 1770/210/6 1734/210/6 1735/272/6
f 1772/273/6 1771/272/6 1735/272/6 1736/273/6
f 1756/24/6 1772/273/6 1736/273/6 1720/24/6
f 1741/270/739 1742/24/739 1756/24/739 1755/270/739
f 1743/269/740 1741/270/740 1755/270/740 1757/269/740
f 1740/223/741 1743/269/741 1757/269/741 1758/223/741
f 1746/279/742 1740/223/742 1758/223/742 1759/279/742
f 1745/280/3 1746/279/3 1759/279/3 1760/280/3
f 1747/220/743 1745/280/743 1760/280/743 1761/220/743
f 1744/278/744 1747/220/744 1761/220/744 1762/278/744
f 1750/277/745 1744/278/745 1762/278/745 1763/277/745
f 1749/16/746 1750/277/746 1763/277/746 1764/16/746
f 1751/274/747 1749/16/747 1764/16/747 1765/274/747
f 1748/276/748 1751/274/748 1765/274/748 1766/276/748
f 1753/213/749 1748/276/749 1766/276/749 1767/213/749
f 1752/275/750 1753/213/750 1767/213/750 1768/275/750
f 1754/271/1 1752/275/1 1768/275/1 1769/271/1
f 1737/210/751 1754/271/751 1769/271/751 1770/210/751
f 1738/272/752 1737/210/752 1770/210/752 1771/272/752
f 1739/273/753 1738/272/753 1771/272/753 1772/273/753
f 1742/24/754 1739/273/754 1772/273/754 1756/24/754
f 1773/226/755 1774/9/688 1775/14/756 1776/227/690
f 1777/228/757 1773/226/755 1776/227/690 1778/229/758
f 1779/230/759 1777/228/757 1778/229/758 1780/48/760
f 1781/231/695 1779/230/759 1780/48/760 1782/232/696
f 1783/233/761 1781/231/695 1782/232/696 1784/234/762
f 1785/235/699 1783/236/761 1784/237/762 1786/57/700
f 1787/238/763 1785/235/699 1786/57/700 1788/239/764
f 1789/240/765 1787/238/763 1788/239/764 1790/241/766
f 1791/6/705 1789/240/765 1790/241/766 1792/17/706
f 1793/242/767 1791/6/705 1792/17/706 1794/243/768
f 1795/244/769 1793/242/767 1794/243/768 1796/245/770
f 1797/246/771 1795/244/769 1796/245/770 1798/72/712
f 1799/247/772 1797/246/771 1798/72/712 1800/248/714
f 1801/249/715 1799/247/772 1800/248/714 1802/250/716
f 1803/251/717 1801/249/715 1802/250/716 1804/79/773
f 1805/252/774 1803/251/717 1804/79/773 1806/253/775
f 1807/254/776 1805/252/774 1806/253/775 1808/255/777
f 1774/9/688 1807/254/776 1808/255/777 1775/14/756
f 1809/256/778 1810/23/301 1774/9/688 1773/226/755
f 1811/257/779 1809/256/778 1773/226/755 1777/228/757
f 1812/164/725 1811/257/779 1777/228/757 1779/230/759
f 1813/258/726 1812/164/725 1779/230/759 1781/231/695
f 1814/259/780 1813/258/726 1781/231/695 1783/233/761
f 1815/167/728 1814/260/780 1783/236/761 1785/235/699
f 1816/261/729 1815/167/728 1785/235/699 1787/238/763
f 1817/262/781 1816/261/729 1787/238/763 1789/240/765
f 1818/25/4 1817/262/781 1789/240/765 1791/6/705
f 1819/263/782 1818/25/4 1791/6/705 1793/242/767
f 1820/264/783 1819/263/782 1793/242/767 1795/244/769
f 1821/175/784 1820/264/783 1795/244/769 1797/246/771
f 1822/265/785 1821/175/784 1797/246/771 1799/247/772
f 1823/266/735 1822/265/785 1799/247/772 1801/249/715
f 1824/178/736 1823/266/735 1801/249/715 1803/251/717
f 1825/267/786 1824/178/736 1803/251/717 1805/252/774
f 1826/268/787 1825/267/786 1805/252/774 1807/254/776
f 1810/23/301 1826/268/787 1807/254/776 1774/9/688
f 1778/269/7 1776/270/7 1775/24/7 1802/271/7
f 1806/272/7 1802/271/7 1775/24/7 1808/273/7
f 1806/272/7 1804/210/7 1802/271/7
f 1794/274/7 1778/269/7 1802/271/7 1798/213/7
f 1802/271/7 1800/275/7 1798/213/7
f 1798/213/7 1796/276/7 1794/274/7
f 1786/220/7 1778/269/7 1794/274/7 1790/277/7
f 1794/274/7 1792/16/7 1790/277/7
f 1790/277/7 1788/278/7 1786/220/7
f 1782/279/7 1778/269/7 1786/220/7 1784/280/7
f 1778/269/7 1782/279/7 1780/223/7
f 1827/210/6 1828/272/6 1829/273/6 1830/223/6
f 1831/270/6 1830/223/6 1829/273/6 1832/24/6
f 1831/270/6 1833/269/6 1830/223/6
f 1834/278/6 1827/210/6 1830/223/6 1835/280/6
f 1830/223/6 1836/279/6 1835/280/6
f 1835/280/6 1837/220/6 1834/278/6
f 1838/276/6 1827/210/6 1834/278/6 1839/16/6
f 1834/278/6 1840/277/6 1839/16/6
f 1839/16/6 1841/274/6 1838/276/6
f 1842/275/6 1827/210/6 1838/276/6 1843/213/6
f 1827/210/6 1842/275/6 1844/271/6
f 1845/270/6 1846/24/6 1810/24/6 1809/270/6
f 1847/269/6 1845/270/6 1809/270/6 1811/269/6
f 1848/223/6 1847/269/6 1811/269/6 1812/223/6
f 1849/279/6 1848/223/6 1812/223/6 1813/279/6
f 1850/280/6 1849/279/6 1813/279/6 1814/280/6
f 1851/220/6 1850/280/6 1814/280/6 1815/220/6
f 1852/278/6 1851/220/6 1815/220/6 1816/278/6
f 1853/277/6 1852/278/6 1816/278/6 1817/277/6
f 1854/16/6 1853/277/6 1817/277/6 1818/16/6
f 1855/274/6 1854/16/6 1818/16/6 1819/274/6
f 1856/276/6 1855/274/6 1819/274/6 1820/276/6
f 1857/213/6 1856/276/6 1820/276/6 1821/213/6
f 1858/275/6 1857/213/6 1821/213/6 1822/275/6
f 1859/271/6 1858/275/6 1822/275/6 1823/271/6
f 1860/210/6 1859/271/6 1823/271/6 1824/210/6
f 1861/272/6 1860/210/6 1824/210/6 1825/272/6
f 1862/273/6 1861/272/6 1825/272/6 1826/273/6
f 1846/24/6 1862/273/6 1826/273/6 1810/24/6
f 1831/270/788 1832/24/788 1846/24/788 1845/270/788
f 1833/269/740 1831/270/740 1845/270/740 1847/269/740
f 1830/223/789 1833/269/789 1847/269/789 1848/223/789
f 1836/279/742 1830/223/742 1848/223/742 1849/279/742
f 1835/280/23 1836/279/23 1849/279/23 1850/280/23
f 1837/220/743 1835/280/743 1850/280/743 1851/220/743
f 1834/278/790 1837/220/790 1851/220/790 1852/278/790
f 1840/277/791 1834/278/791 1852/278/791 1853/277/791
f 1839/16/792 1840/277/792 1853/277/792 1854/16/792
f 1841/274/793 1839/16/793 1854/16/793 1855/274/793
f 1838/276/748 1841/274/748 1855/274/748 1856/276/748
f 1843/213/749 1838/276/749 1856/276/749 1857/213/749
f 1842/275/794 1843/213/794 1857/213/794 1858/275/794
f 1844/271/1 1842/275/1 1858/275/1 1859/271/1
f 1827/210/751 1844/271/751 1859/271/751 1860/210/751
f 1828/272/795 1827/210/795 1860/210/795 1861/272/795
f 1829/273/796 1828/272/796 1861/272/796 1862/273/796
f 1832/24/797 1829/273/797 1862/273/797 1846/24/797
