# Blender 5.1.2
# www.blender.org
mtllib housesobj.mtl
o Plane.010
v -1.268906 -0.931374 -0.009503
v -1.268906 -1.037655 -0.019082
v -1.110027 -1.045725 -0.047067
v -1.110027 -0.918430 -0.035593
v -1.268906 -1.040271 0.009939
v -1.110027 -1.053832 0.042873
v -1.268906 -0.933990 0.019518
v -1.110027 -0.926536 0.054347
v -1.268906 -0.961531 -0.039501
v -1.268906 -1.002620 -0.043204
v -1.110027 -0.952289 -0.038645
v -1.110027 -1.011866 -0.044015
v -1.268906 -0.967866 0.030789
v -1.268906 -1.008955 0.027086
v -1.110027 -0.963045 0.080683
v -1.110027 -1.022621 0.075313
v -1.268906 -0.944219 -0.010661
v -1.268906 -1.024810 -0.017924
v -1.268906 -0.946835 0.018361
v -1.268906 -1.027426 0.011097
v -1.267567 -0.961531 -0.039501
v -1.267567 -1.002620 -0.043204
v -1.267567 -0.968663 0.029998
v -1.267567 -1.008030 0.026450
v -1.267567 -0.967866 0.030789
v -1.267567 -1.008955 0.027086
v -1.267567 -0.962392 -0.039579
v -1.267567 -1.001759 -0.043127
v -1.266817 -0.962392 -0.039579
v -1.266817 -1.001759 -0.043127
v -1.266817 -0.968663 0.029998
v -1.266817 -1.008030 0.026450
v -1.268906 -1.045725 -0.047067
v -1.268906 -1.011866 -0.044015
v -1.268906 -1.022621 0.075313
v -1.268906 -1.053832 0.042873
v -1.268906 -0.926536 0.054347
v -1.268906 -0.918430 -0.035593
v -1.268906 -0.963045 0.080683
v -1.268906 -0.952289 -0.038645
v -1.268906 -1.023223 -0.018724
v -1.268906 -1.039073 -0.020153
v -1.268906 -1.026008 0.012168
v -1.268906 -1.041857 0.010739
v -1.268906 -0.932572 0.020589
v -1.268906 -0.929787 -0.010303
v -1.268906 -0.945637 -0.011731
v -1.268906 -0.948421 0.019161
v -1.269595 -1.023223 -0.018724
v -1.269595 -1.039073 -0.020153
v -1.269595 -1.026008 0.012168
v -1.269595 -1.041857 0.010739
v -1.269595 -0.932572 0.020589
v -1.269595 -0.929787 -0.010303
v -1.269595 -0.945637 -0.011731
v -1.269595 -0.948421 0.019161
v -1.269595 -1.024810 -0.017924
v -1.269595 -1.037655 -0.019082
v -1.269595 -1.027426 0.011097
v -1.269595 -1.040271 0.009939
v -1.269595 -0.933990 0.019518
v -1.269595 -0.931374 -0.009503
v -1.269595 -0.944219 -0.010661
v -1.269595 -0.946835 0.018361
v -1.221954 -1.045725 -0.047067
v -1.221954 -0.918430 -0.035593
v -1.221954 -1.053832 0.042873
v -1.221954 -0.926536 0.054347
v -1.221954 -1.022621 0.075313
v -1.221954 -0.963045 0.080683
v -1.221954 -1.011866 -0.044015
v -1.221954 -0.952289 -0.038645
v -1.210999 -1.048069 -0.021066
v -1.185958 -1.048069 -0.021066
v -1.185958 -1.050883 0.010152
v -1.210999 -1.050883 0.010152
v -1.232910 -0.920773 -0.009593
v -1.257951 -0.920773 -0.009593
v -1.257951 -0.923587 0.021625
v -1.232910 -0.923587 0.021625
v -1.185958 -0.920773 -0.009593
v -1.210999 -0.920773 -0.009593
v -1.210999 -0.923587 0.021625
v -1.185958 -0.923587 0.021625
v -1.257951 -1.048069 -0.021066
v -1.232910 -1.048069 -0.021066
v -1.232910 -1.050883 0.010152
v -1.257951 -1.050883 0.010152
v -1.209534 -1.048200 -0.019608
v -1.187422 -1.048200 -0.019608
v -1.187422 -1.050751 0.008694
v -1.209534 -1.050751 0.008694
v -1.234375 -0.920905 -0.008134
v -1.256487 -0.920905 -0.008134
v -1.256487 -0.923456 0.020167
v -1.234375 -0.923456 0.020167
v -1.187422 -0.920905 -0.008134
v -1.209534 -0.920905 -0.008134
v -1.209534 -0.923456 0.020167
v -1.187422 -0.923456 0.020167
v -1.256487 -1.048200 -0.019608
v -1.234375 -1.048200 -0.019608
v -1.234375 -1.050751 0.008694
v -1.256487 -1.050751 0.008694
v -1.210999 -1.048900 -0.021141
v -1.185958 -1.048900 -0.021141
v -1.210999 -1.051713 0.010077
v -1.185958 -1.051713 0.010077
v -1.232910 -0.919943 -0.009518
v -1.257951 -0.919943 -0.009518
v -1.232910 -0.922756 0.021700
v -1.257951 -0.922756 0.021700
v -1.185958 -0.919943 -0.009518
v -1.210999 -0.919943 -0.009518
v -1.185958 -0.922756 0.021700
v -1.210999 -0.922756 0.021700
v -1.257951 -1.048900 -0.021141
v -1.232910 -1.048900 -0.021141
v -1.257951 -1.051713 0.010077
v -1.232910 -1.051713 0.010077
v -1.209534 -1.049031 -0.019683
v -1.187422 -1.049031 -0.019683
v -1.209534 -1.051582 0.008619
v -1.187422 -1.051582 0.008619
v -1.234375 -0.920074 -0.008059
v -1.256487 -0.920074 -0.008059
v -1.234375 -0.922625 0.020242
v -1.256487 -0.922625 0.020242
v -1.187422 -0.920074 -0.008059
v -1.209534 -0.920074 -0.008059
v -1.187422 -0.922625 0.020242
v -1.209534 -0.922625 0.020242
v -1.256487 -1.049031 -0.019683
v -1.234375 -1.049031 -0.019683
v -1.256487 -1.051582 0.008619
v -1.234375 -1.051582 0.008619
v -1.110027 -0.922246 0.006746
v -1.110027 -0.922127 0.005423
v -1.110027 -1.049541 -0.004728
v -1.110027 -1.049422 -0.006050
v -1.268906 -1.049541 -0.004728
v -1.268906 -1.049422 -0.006050
v -1.268906 -0.922127 0.005423
v -1.268906 -0.922246 0.006746
v -1.268906 -0.955986 0.002371
v -1.268906 -0.956105 0.003694
v -1.268906 -1.015682 -0.001676
v -1.268906 -1.015563 -0.002999
v -1.268906 -0.965230 0.001538
v -1.268906 -0.965349 0.002861
v -1.268906 -1.006319 -0.002165
v -1.268906 -1.006438 -0.000843
v -1.267567 -0.965349 0.002861
v -1.267567 -0.965230 0.001538
v -1.267567 -1.006319 -0.002165
v -1.267567 -1.006438 -0.000843
v -1.267567 -0.966211 0.002783
v -1.267567 -0.966091 0.001460
v -1.267567 -1.005458 -0.002088
v -1.267567 -1.005577 -0.000765
v -1.266817 -0.966091 0.001460
v -1.266817 -0.966211 0.002783
v -1.266817 -1.005577 -0.000765
v -1.266817 -1.005458 -0.002088
v -1.268906 -1.040417 -0.005239
v -1.268906 -1.040537 -0.003916
v -1.268906 -0.931251 0.005934
v -1.268906 -0.931132 0.004611
v -1.268906 -0.946981 0.003183
v -1.268906 -0.947101 0.004505
v -1.268906 -1.024687 -0.002488
v -1.268906 -1.024568 -0.003810
v -1.268906 -1.039034 -0.003781
v -1.268906 -1.038915 -0.005103
v -1.268906 -0.932634 0.004476
v -1.268906 -0.932753 0.005798
v -1.268906 -0.945598 0.004641
v -1.268906 -0.945479 0.003318
v -1.268906 -1.026070 -0.003946
v -1.268906 -1.026189 -0.002623
v -1.269595 -1.040537 -0.003916
v -1.269595 -1.040417 -0.005239
v -1.269595 -0.931132 0.004611
v -1.269595 -0.931251 0.005934
v -1.269595 -0.946981 0.003183
v -1.269595 -0.947101 0.004505
v -1.269595 -1.024687 -0.002488
v -1.269595 -1.024568 -0.003810
v -1.269595 -1.038915 -0.005103
v -1.269595 -1.039034 -0.003781
v -1.269595 -0.932753 0.005798
v -1.269595 -0.932634 0.004476
v -1.269595 -0.945598 0.004641
v -1.269595 -0.945479 0.003318
v -1.269595 -1.026070 -0.003946
v -1.269595 -1.026189 -0.002623
v -1.221954 -0.922127 0.005423
v -1.221954 -0.922246 0.006746
v -1.221954 -1.049422 -0.006050
v -1.221954 -1.049541 -0.004728
v -1.210999 -1.049541 -0.004728
v -1.210999 -1.049422 -0.006050
v -1.185958 -1.049422 -0.006050
v -1.185958 -1.049541 -0.004728
v -1.232910 -0.922246 0.006746
v -1.232910 -0.922127 0.005423
v -1.257951 -0.922127 0.005423
v -1.257951 -0.922246 0.006746
v -1.185958 -0.922246 0.006746
v -1.185958 -0.922127 0.005423
v -1.210999 -0.922127 0.005423
v -1.210999 -0.922246 0.006746
v -1.257951 -1.049541 -0.004728
v -1.257951 -1.049422 -0.006050
v -1.232910 -1.049422 -0.006050
v -1.232910 -1.049541 -0.004728
v -1.209534 -1.049422 -0.006050
v -1.209534 -1.049541 -0.004728
v -1.187422 -1.049541 -0.004728
v -1.187422 -1.049422 -0.006050
v -1.234375 -0.922127 0.005423
v -1.234375 -0.922246 0.006746
v -1.256487 -0.922246 0.006746
v -1.256487 -0.922127 0.005423
v -1.187422 -0.922127 0.005423
v -1.187422 -0.922246 0.006746
v -1.209534 -0.922246 0.006746
v -1.209534 -0.922127 0.005423
v -1.256487 -1.049422 -0.006050
v -1.256487 -1.049541 -0.004728
v -1.234375 -1.049541 -0.004728
v -1.234375 -1.049422 -0.006050
v -1.210999 -1.050253 -0.006125
v -1.210999 -1.050372 -0.004803
v -1.185958 -1.050372 -0.004803
v -1.185958 -1.050253 -0.006125
v -1.232910 -0.921296 0.005498
v -1.232910 -0.921415 0.006820
v -1.257951 -0.921415 0.006820
v -1.257951 -0.921296 0.005498
v -1.185958 -0.921415 0.006820
v -1.185958 -0.921296 0.005498
v -1.210999 -0.921296 0.005498
v -1.210999 -0.921415 0.006820
v -1.257951 -1.050372 -0.004803
v -1.257951 -1.050253 -0.006125
v -1.232910 -1.050253 -0.006125
v -1.232910 -1.050372 -0.004803
v -1.209534 -1.050372 -0.004803
v -1.209534 -1.050253 -0.006125
v -1.187422 -1.050253 -0.006125
v -1.187422 -1.050372 -0.004803
v -1.234375 -0.921296 0.005498
v -1.234375 -0.921415 0.006820
v -1.256487 -0.921415 0.006820
v -1.256487 -0.921296 0.005498
v -1.187422 -0.921296 0.005498
v -1.187422 -0.921415 0.006820
v -1.209534 -0.921415 0.006820
v -1.209534 -0.921296 0.005498
v -1.256487 -1.050372 -0.004803
v -1.256487 -1.050253 -0.006125
v -1.234375 -1.050253 -0.006125
v -1.234375 -1.050372 -0.004803
v -1.187422 -1.050108 -0.004779
v -1.187422 -1.049988 -0.006101
v -1.209534 -1.049988 -0.006101
v -1.209534 -1.050108 -0.004779
v -1.234375 -1.050108 -0.004779
v -1.234375 -1.049988 -0.006101
v -1.256487 -1.049988 -0.006101
v -1.256487 -1.050108 -0.004779
v -1.234375 -0.921560 0.005474
v -1.234375 -0.921680 0.006797
v -1.256487 -0.921680 0.006797
v -1.256487 -0.921560 0.005474
v -1.187422 -0.921560 0.005474
v -1.187422 -0.921680 0.006797
v -1.209534 -0.921680 0.006797
v -1.209534 -0.921560 0.005474
v -1.269205 -0.932634 0.004476
v -1.269205 -0.932753 0.005798
v -1.269205 -1.039034 -0.003781
v -1.269205 -1.038915 -0.005103
v -1.269205 -0.945598 0.004641
v -1.269205 -0.945479 0.003318
v -1.269205 -1.026070 -0.003946
v -1.269205 -1.026189 -0.002623
v -1.268906 -0.995206 0.104331
v -1.110027 -0.995206 0.104331
v -1.268906 -0.988411 0.028938
v -1.267567 -0.988411 0.028938
v -1.267567 -0.988347 0.028224
v -1.266817 -0.982075 -0.041353
v -1.266817 -0.988347 0.028224
v -1.221954 -0.995206 0.104331
v -1.266817 -0.985894 0.001009
v -1.266817 -0.985775 -0.000314
v -1.266817 -0.985792 -0.035527
v -1.266817 -0.999144 -0.036730
v -1.266817 -1.002113 -0.003788
v -1.266817 -0.988761 -0.002585
v -1.266817 -0.989209 0.002383
v -1.266817 -1.002561 0.001179
v -1.266817 -1.004715 0.025076
v -1.266817 -0.991363 0.026279
v -1.266817 -0.969526 0.004157
v -1.266817 -0.982878 0.002953
v -1.266817 -0.985031 0.026850
v -1.266817 -0.971680 0.028053
v -1.266817 -0.966109 -0.033753
v -1.266817 -0.979461 -0.034956
v -1.266817 -0.982430 -0.002014
v -1.266817 -0.969078 -0.000811
v -1.266323 -0.985792 -0.035527
v -1.266323 -0.999144 -0.036730
v -1.266323 -0.966109 -0.033753
v -1.266323 -0.979461 -0.034956
v -1.266323 -0.988761 -0.002585
v -1.266323 -1.002113 -0.003788
v -1.266323 -1.002561 0.001179
v -1.266323 -0.989209 0.002383
v -1.266323 -0.991363 0.026279
v -1.266323 -1.004715 0.025076
v -1.266323 -0.982878 0.002953
v -1.266323 -0.969526 0.004157
v -1.266323 -0.971680 0.028053
v -1.266323 -0.985031 0.026850
v -1.266323 -0.969078 -0.000811
v -1.266323 -0.982430 -0.002014
v -1.102947 -1.048301 -0.047298
v -1.102947 -0.915855 -0.035361
v -1.271186 -0.960700 -0.039427
v -1.271186 -1.003451 -0.043280
v -1.102947 -0.951084 -0.038536
v -1.102947 -1.013071 -0.044123
v -1.269768 -0.960700 -0.039427
v -1.269768 -1.003451 -0.043280
v -1.269768 -0.961596 -0.039508
v -1.269768 -1.002555 -0.043199
v -1.268974 -0.961596 -0.039508
v -1.268974 -1.002555 -0.043199
v -1.271186 -1.048301 -0.047298
v -1.271186 -1.013071 -0.044123
v -1.271186 -0.915855 -0.035361
v -1.271186 -0.951084 -0.038536
v -1.221468 -1.048301 -0.047298
v -1.221468 -0.915855 -0.035361
v -1.221468 -1.013071 -0.044123
v -1.221468 -0.951084 -0.038536
v -1.268974 -0.982075 -0.041354
v -1.102947 -1.048067 -0.049885
v -1.102947 -0.915622 -0.037947
v -1.271186 -0.960469 -0.041989
v -1.271186 -1.003220 -0.045842
v -1.102947 -0.950851 -0.041122
v -1.102947 -1.012838 -0.046709
v -1.269768 -0.960469 -0.041989
v -1.269768 -1.003220 -0.045842
v -1.269768 -0.961365 -0.042070
v -1.269768 -1.002324 -0.045762
v -1.268974 -0.961365 -0.042070
v -1.268974 -1.002324 -0.045762
v -1.271186 -1.048067 -0.049885
v -1.271186 -1.012838 -0.046709
v -1.271186 -0.915622 -0.037947
v -1.271186 -0.950851 -0.041122
v -1.221468 -1.048067 -0.049885
v -1.221468 -0.915622 -0.037947
v -1.221468 -1.012838 -0.046709
v -1.221468 -0.950851 -0.041122
v -1.268974 -0.981844 -0.043916
v -1.272370 -1.061682 0.036249
v -1.174992 -1.061682 0.036249
v -1.272370 -0.995303 0.105404
v -1.272370 -0.917628 0.049232
v -1.106012 -0.995303 0.105404
v -1.174992 -0.917628 0.049232
v -1.272370 -1.060767 0.035376
v -1.174992 -1.060767 0.035376
v -1.272370 -0.995189 0.104144
v -1.272370 -0.918373 0.048210
v -1.106012 -0.995189 0.104144
v -1.174992 -0.918373 0.048210
v -1.170993 -0.865617 -0.030194
v -1.170624 -1.102970 -0.051408
v -1.042731 -0.865423 -0.030171
v -1.042363 -1.102776 -0.051385
v -1.170716 -1.044129 -0.046149
v -1.170901 -0.924458 -0.035453
v -1.042639 -0.924264 -0.035430
v -1.042454 -1.043935 -0.046126
v -1.042735 -0.873421 0.059283
v -1.170996 -0.873747 0.060720
v -1.170628 -1.111100 0.039507
v -1.042366 -1.110774 0.038069
v -1.170720 -1.052259 0.044766
v -1.170905 -0.932588 0.055461
v -1.042458 -1.051933 0.043328
v -1.042643 -0.932262 0.054024
v -1.170852 -0.956289 -0.038298
v -1.170765 -1.012298 -0.043304
v -1.042503 -1.012104 -0.043281
v -1.042590 -0.956095 -0.038275
v -1.170856 -0.964419 0.052616
v -1.170769 -1.020427 0.047611
v -1.042507 -1.020102 0.046173
v -1.042594 -0.964093 0.051179
v -1.107816 -0.865520 -0.030183
v -1.107454 -1.116026 0.095719
v -1.107448 -1.102873 -0.051397
v -1.107822 -0.878673 0.116933
v -1.173219 -1.045005 -0.049609
v -1.039854 -1.104792 -0.054997
v -1.107545 -1.057185 0.100978
v -1.107731 -0.937514 0.111674
v -1.107594 -1.025353 0.103823
v -1.107681 -0.969345 0.108829
v -1.040229 -0.862807 -0.033187
v -1.173126 -1.104994 -0.055016
v -1.170968 -0.884317 -0.006920
v -1.170928 -0.910181 -0.009232
v -1.170930 -0.912837 0.020482
v -1.170969 -0.886973 0.022794
v -1.126845 -0.867662 -0.006549
v -1.151966 -0.867700 -0.006554
v -1.151967 -0.870555 0.025382
v -1.126846 -0.870516 0.025386
v -1.170691 -1.062830 -0.022875
v -1.170651 -1.088693 -0.025186
v -1.170652 -1.091349 0.004527
v -1.170693 -1.065485 0.006839
v -1.063668 -0.867565 -0.006538
v -1.088789 -0.867603 -0.006542
v -1.088790 -0.870458 0.025393
v -1.063669 -0.870419 0.025397
v -1.088419 -1.104983 -0.027456
v -1.063302 -1.104945 -0.027452
v -1.063303 -1.107768 0.004135
v -1.088420 -1.107807 0.004130
v -1.151595 -1.105080 -0.027468
v -1.126479 -1.105042 -0.027463
v -1.126480 -1.107865 0.004123
v -1.151597 -1.107904 0.004119
v -1.170966 -0.886053 -0.005676
v -1.170931 -0.908694 -0.007699
v -1.170932 -0.911101 0.019238
v -1.170967 -0.888461 0.021262
v -1.128238 -0.867788 -0.005161
v -1.150573 -0.867822 -0.005165
v -1.150575 -0.870428 0.023994
v -1.128239 -0.870394 0.023998
v -1.170689 -1.064565 -0.021631
v -1.170654 -1.087206 -0.023654
v -1.170655 -1.089614 0.003283
v -1.170690 -1.066973 0.005307
v -1.087026 -1.105105 -0.026068
v -1.064694 -1.105071 -0.026064
v -1.064696 -1.107646 0.002746
v -1.087028 -1.107680 0.002742
v -1.150203 -1.105202 -0.026080
v -1.127871 -1.105168 -0.026076
v -1.127873 -1.107743 0.002735
v -1.150204 -1.107777 0.002731
v -1.065061 -0.867691 -0.005150
v -1.087397 -0.867725 -0.005154
v -1.087398 -0.870331 0.024005
v -1.065062 -0.870297 0.024009
v -1.171384 -0.884318 -0.006920
v -1.171344 -0.910182 -0.009232
v -1.171385 -0.886974 0.022794
v -1.171345 -0.912838 0.020482
v -1.126846 -0.866881 -0.006479
v -1.151967 -0.866919 -0.006484
v -1.126848 -0.869735 0.025456
v -1.151968 -0.869774 0.025451
v -1.171107 -1.062830 -0.022875
v -1.171067 -1.088694 -0.025187
v -1.171108 -1.065486 0.006839
v -1.171068 -1.091350 0.004527
v -1.063669 -0.866784 -0.006468
v -1.088790 -0.866822 -0.006472
v -1.063671 -0.869638 0.025467
v -1.088791 -0.869676 0.025463
v -1.088417 -1.105764 -0.027526
v -1.063300 -1.105726 -0.027522
v -1.088419 -1.108588 0.004060
v -1.063302 -1.108549 0.004065
v -1.151595 -1.105861 -0.027538
v -1.126478 -1.105823 -0.027533
v -1.151596 -1.108685 0.004049
v -1.126479 -1.108646 0.004054
v -1.171381 -0.886054 -0.005676
v -1.171346 -0.908694 -0.007699
v -1.171383 -0.888461 0.021262
v -1.171348 -0.911102 0.019238
v -1.128239 -0.867007 -0.005091
v -1.150574 -0.867041 -0.005095
v -1.128240 -0.869613 0.024067
v -1.150576 -0.869647 0.024063
v -1.171105 -1.064566 -0.021631
v -1.171070 -1.087207 -0.023654
v -1.171106 -1.066973 0.005307
v -1.171071 -1.089614 0.003283
v -1.087025 -1.105886 -0.026138
v -1.064693 -1.105852 -0.026134
v -1.087026 -1.108461 0.002673
v -1.064695 -1.108427 0.002677
v -1.150202 -1.105983 -0.026149
v -1.127870 -1.105949 -0.026145
v -1.150203 -1.108558 0.002661
v -1.127871 -1.108524 0.002665
v -1.065062 -0.866910 -0.005080
v -1.087397 -0.866944 -0.005084
v -1.065063 -0.869516 0.024079
v -1.087399 -0.869550 0.024075
v -1.170903 -0.928060 0.004846
v -1.170903 -0.927947 0.003587
v -1.170995 -0.869106 0.008846
v -1.170995 -0.869219 0.010105
v -1.170717 -1.047731 -0.005850
v -1.170717 -1.047618 -0.007109
v -1.042733 -0.869025 0.010127
v -1.042732 -0.868912 0.008869
v -1.042641 -0.927753 0.003610
v -1.042641 -0.927866 0.004868
v -1.170626 -1.106572 -0.011109
v -1.170626 -1.106459 -0.012368
v -1.042456 -1.047537 -0.005828
v -1.042456 -1.047424 -0.007086
v -1.042364 -1.106265 -0.012345
v -1.042364 -1.106378 -0.011086
v -1.042505 -1.015706 -0.002982
v -1.042505 -1.015593 -0.004241
v -1.042592 -0.959585 0.000765
v -1.042592 -0.959697 0.002023
v -1.107449 -1.106362 -0.012357
v -1.107449 -1.106475 -0.011098
v -1.107817 -0.869009 0.008857
v -1.107818 -0.869122 0.010116
v -1.170969 -0.885707 0.008631
v -1.170969 -0.885595 0.007372
v -1.170929 -0.911459 0.005060
v -1.170929 -0.911571 0.006319
v -1.126846 -0.869151 0.010113
v -1.126846 -0.869038 0.008854
v -1.151967 -0.869077 0.008849
v -1.151967 -0.869189 0.010108
v -1.170692 -1.064219 -0.007324
v -1.170692 -1.064107 -0.008583
v -1.170652 -1.089971 -0.010894
v -1.170652 -1.090083 -0.009636
v -1.063669 -0.869054 0.010124
v -1.063669 -0.868941 0.008865
v -1.088789 -0.868980 0.008861
v -1.088790 -0.869092 0.010119
v -1.088419 -1.106446 -0.011094
v -1.088419 -1.106333 -0.012353
v -1.063302 -1.106295 -0.012349
v -1.063302 -1.106407 -0.011090
v -1.151596 -1.106543 -0.011106
v -1.151596 -1.106430 -0.012365
v -1.126480 -1.106392 -0.012360
v -1.126480 -1.106504 -0.011101
v -1.170967 -0.887206 0.007228
v -1.170967 -0.887319 0.008487
v -1.170931 -0.909960 0.006463
v -1.170931 -0.909847 0.005204
v -1.128238 -0.869040 0.008853
v -1.128238 -0.869153 0.010112
v -1.150574 -0.869187 0.010108
v -1.150574 -0.869075 0.008849
v -1.170689 -1.065719 -0.008727
v -1.170690 -1.065831 -0.007468
v -1.170654 -1.088472 -0.009491
v -1.170654 -1.088359 -0.010750
v -1.087027 -1.106331 -0.012353
v -1.087027 -1.106444 -0.011094
v -1.064695 -1.106409 -0.011090
v -1.064695 -1.106297 -0.012349
v -1.150204 -1.106428 -0.012364
v -1.150204 -1.106541 -0.011105
v -1.127872 -1.106506 -0.011101
v -1.127872 -1.106394 -0.012360
v -1.065061 -0.868944 0.008865
v -1.065061 -0.869056 0.010124
v -1.087397 -0.869090 0.010120
v -1.087397 -0.868978 0.008861
v -1.171385 -0.885595 0.007372
v -1.171385 -0.885708 0.008631
v -1.171345 -0.911572 0.006319
v -1.171345 -0.911459 0.005060
v -1.126847 -0.868370 0.010182
v -1.126847 -0.868257 0.008924
v -1.151967 -0.868296 0.008919
v -1.151968 -0.868409 0.010178
v -1.171108 -1.064220 -0.007324
v -1.171108 -1.064108 -0.008583
v -1.171067 -1.089971 -0.010894
v -1.171068 -1.090084 -0.009636
v -1.063670 -0.868160 0.008935
v -1.063670 -0.868273 0.010194
v -1.088791 -0.868311 0.010189
v -1.088791 -0.868199 0.008930
v -1.088418 -1.107114 -0.012423
v -1.088418 -1.107227 -0.011164
v -1.063301 -1.107188 -0.011160
v -1.063301 -1.107076 -0.012419
v -1.151595 -1.107324 -0.011176
v -1.151595 -1.107211 -0.012434
v -1.126478 -1.107173 -0.012430
v -1.126478 -1.107285 -0.011171
v -1.171382 -0.887319 0.008487
v -1.171382 -0.887207 0.007228
v -1.171347 -0.909848 0.005204
v -1.171347 -0.909960 0.006463
v -1.128239 -0.868260 0.008923
v -1.128239 -0.868372 0.010182
v -1.150575 -0.868406 0.010178
v -1.150575 -0.868294 0.008919
v -1.171105 -1.065832 -0.007468
v -1.171105 -1.065719 -0.008727
v -1.171070 -1.088360 -0.010750
v -1.171070 -1.088473 -0.009492
v -1.087026 -1.107225 -0.011164
v -1.087025 -1.107112 -0.012423
v -1.064694 -1.107078 -0.012419
v -1.064694 -1.107190 -0.011160
v -1.150203 -1.107209 -0.012434
v -1.150203 -1.107322 -0.011175
v -1.127871 -1.107287 -0.011171
v -1.127870 -1.107175 -0.012430
v -1.065062 -0.868163 0.008935
v -1.065063 -0.868275 0.010193
v -1.087398 -0.868309 0.010189
v -1.087398 -0.868197 0.008931
v -1.064694 -1.106941 -0.011138
v -1.064694 -1.106829 -0.012397
v -1.087026 -1.106863 -0.012401
v -1.087026 -1.106976 -0.011142
v -1.171215 -0.909960 0.006463
v -1.171215 -0.909848 0.005204
v -1.171250 -0.887207 0.007228
v -1.171250 -0.887319 0.008487
v -1.170938 -1.088472 -0.009492
v -1.170937 -1.088360 -0.010750
v -1.170973 -1.065719 -0.008727
v -1.170973 -1.065831 -0.007468
v -1.150203 -1.106960 -0.012412
v -1.150203 -1.107073 -0.011153
v -1.127871 -1.107038 -0.011149
v -1.127871 -1.106926 -0.012408
v -1.128239 -0.868508 0.008901
v -1.128239 -0.868621 0.010160
v -1.150575 -0.868655 0.010156
v -1.150575 -0.868542 0.008897
v -1.065062 -0.868411 0.008912
v -1.065062 -0.868524 0.010171
v -1.087398 -0.868558 0.010167
v -1.087398 -0.868446 0.008908
v -1.170809 -0.984294 -0.040801
v -1.042547 -0.984100 -0.040778
v -1.170812 -0.992423 0.050113
v -1.042550 -0.992098 0.048676
v -1.173501 -0.863009 -0.033205
v -1.107638 -0.997349 0.106326
v -1.042549 -0.987701 -0.000479
v -1.042549 -0.987589 -0.001738
v -1.173501 -0.863297 -0.029987
v -1.173126 -1.105298 -0.051616
v -1.040230 -0.863095 -0.029963
v -1.039854 -1.105097 -0.051592
v -1.173219 -1.045305 -0.046254
v -1.173408 -0.923290 -0.035349
v -1.040137 -0.923088 -0.035325
v -1.039947 -1.045103 -0.046230
v -1.173358 -0.955745 -0.038249
v -1.173269 -1.012850 -0.043353
v -1.039998 -1.012648 -0.043330
v -1.040086 -0.955543 -0.038226
v -1.107819 -0.863196 -0.029975
v -1.107444 -1.105197 -0.051604
v -1.173314 -0.984297 -0.040801
v -1.040042 -0.984096 -0.040778
v -1.173408 -0.922998 -0.038612
v -1.040136 -0.922796 -0.038594
v -1.039947 -1.044803 -0.049590
v -1.173357 -0.955451 -0.041537
v -1.173269 -1.012552 -0.046684
v -1.039998 -1.012350 -0.046665
v -1.040086 -0.955249 -0.041519
v -1.107819 -0.862908 -0.033196
v -1.107444 -1.104893 -0.055006
v -1.107537 -1.044904 -0.049600
v -1.107726 -0.922897 -0.038603
v -1.107587 -1.012451 -0.046674
v -1.107676 -0.955350 -0.041528
v -1.173314 -0.984001 -0.044110
v -1.040042 -0.983799 -0.044092
v -1.107632 -0.983900 -0.044101
v -1.107724 -1.125661 0.095781
v -1.035121 -1.119834 0.031132
v -1.107724 -0.867440 0.119055
v -1.035121 -0.861613 0.054406
v -1.108566 -1.125576 0.094843
v -1.035964 -1.119750 0.030193
v -1.108566 -0.867355 0.118117
v -1.035964 -0.861528 0.053467
v -1.107155 -1.125660 0.095781
v -1.179751 -1.120056 0.031106
v -1.107956 -0.867440 0.119055
v -1.180552 -0.861836 0.054380
v -1.106312 -1.125573 0.094843
v -1.178908 -1.119969 0.030167
v -1.107113 -0.867353 0.118117
v -1.179710 -0.861749 0.053441
v -1.270365 -0.991101 0.074302
v -1.270365 -0.995795 0.073879
v -1.270365 -0.997212 0.078508
v -1.270365 -0.998954 0.078351
v -1.270365 -0.997537 0.073722
v -1.270365 -0.999738 0.073524
v -1.270365 -0.999588 0.071854
v -1.270365 -0.997047 0.072083
v -1.270365 -0.995806 0.068048
v -1.270365 -0.999217 0.067741
v -1.270365 -0.999067 0.066071
v -1.270365 -0.995316 0.066409
v -1.270365 -0.993899 0.061781
v -1.270365 -0.992157 0.061938
v -1.270365 -0.993574 0.066566
v -1.270365 -0.988880 0.066989
v -1.270365 -0.987463 0.062361
v -1.270365 -0.985721 0.062518
v -1.270365 -0.987138 0.067146
v -1.270365 -0.984961 0.067343
v -1.270365 -0.985111 0.069012
v -1.270365 -0.987628 0.068786
v -1.270365 -0.988869 0.072820
v -1.270365 -0.985482 0.073126
v -1.270365 -0.985632 0.074795
v -1.270365 -0.989358 0.074459
v -1.270365 -0.990776 0.079088
v -1.270365 -0.992518 0.078931
v -1.270365 -0.994064 0.068205
v -1.270365 -0.995305 0.072240
v -1.270365 -0.990611 0.072663
v -1.270365 -0.989370 0.068628
v -1.267449 -0.991101 0.074302
v -1.267449 -0.995795 0.073879
v -1.267449 -0.997212 0.078508
v -1.267449 -0.998954 0.078351
v -1.267449 -0.997537 0.073722
v -1.267449 -0.999738 0.073524
v -1.267449 -0.999588 0.071854
v -1.267449 -0.997047 0.072083
v -1.267449 -0.995806 0.068048
v -1.267449 -0.999217 0.067741
v -1.267449 -0.999067 0.066071
v -1.267449 -0.995316 0.066409
v -1.267449 -0.993899 0.061781
v -1.267449 -0.992157 0.061938
v -1.267449 -0.993574 0.066566
v -1.267449 -0.988880 0.066989
v -1.267449 -0.987463 0.062361
v -1.267449 -0.985721 0.062518
v -1.267449 -0.987138 0.067146
v -1.267449 -0.984961 0.067343
v -1.267449 -0.985111 0.069012
v -1.267449 -0.987628 0.068786
v -1.267449 -0.988869 0.072820
v -1.267449 -0.985482 0.073126
v -1.267449 -0.985632 0.074795
v -1.267449 -0.989358 0.074459
v -1.267449 -0.990776 0.079088
v -1.267449 -0.992518 0.078931
v -1.267449 -0.994064 0.068205
v -1.267449 -0.995305 0.072240
v -1.267449 -0.990611 0.072663
v -1.267449 -0.989370 0.068628
v -1.267449 -0.991101 0.074302
v -1.267461 -0.991199 0.074369
v -1.267496 -0.991289 0.074429
v -1.267549 -0.991359 0.074476
v -1.267617 -0.991405 0.074507
v -1.267692 -0.991421 0.074517
v -1.270122 -0.991421 0.074517
v -1.270197 -0.991405 0.074507
v -1.270265 -0.991359 0.074476
v -1.270318 -0.991289 0.074429
v -1.270353 -0.991199 0.074369
v -1.270365 -0.991101 0.074302
v -1.267449 -0.995795 0.073879
v -1.267461 -0.995741 0.073959
v -1.267496 -0.995692 0.074032
v -1.267549 -0.995653 0.074089
v -1.267617 -0.995628 0.074126
v -1.267692 -0.995620 0.074139
v -1.270122 -0.995620 0.074139
v -1.270197 -0.995628 0.074126
v -1.270265 -0.995653 0.074089
v -1.270318 -0.995692 0.074032
v -1.270353 -0.995741 0.073959
v -1.270365 -0.995795 0.073879
v -1.267449 -0.997212 0.078508
v -1.267461 -0.997158 0.078588
v -1.267496 -0.997109 0.078660
v -1.267549 -0.997071 0.078718
v -1.267617 -0.997046 0.078755
v -1.267692 -0.997037 0.078768
v -1.270122 -0.997037 0.078768
v -1.270197 -0.997046 0.078755
v -1.270265 -0.997071 0.078718
v -1.270318 -0.997109 0.078660
v -1.270353 -0.997158 0.078588
v -1.270365 -0.997212 0.078508
v -1.267449 -0.998954 0.078351
v -1.267461 -0.999053 0.078417
v -1.267496 -0.999142 0.078477
v -1.267549 -0.999213 0.078525
v -1.267617 -0.999258 0.078555
v -1.267692 -0.999274 0.078566
v -1.270122 -0.999274 0.078566
v -1.270197 -0.999258 0.078555
v -1.270265 -0.999213 0.078525
v -1.270318 -0.999142 0.078477
v -1.270353 -0.999053 0.078417
v -1.270365 -0.998954 0.078351
v -1.267449 -0.997537 0.073722
v -1.267461 -0.997635 0.073789
v -1.267496 -0.997725 0.073849
v -1.267549 -0.997795 0.073896
v -1.267617 -0.997841 0.073927
v -1.267692 -0.997857 0.073937
v -1.270122 -0.997857 0.073937
v -1.270197 -0.997841 0.073927
v -1.270265 -0.997795 0.073896
v -1.270318 -0.997725 0.073849
v -1.270353 -0.997635 0.073789
v -1.270365 -0.997537 0.073722
v -1.267449 -0.999738 0.073524
v -1.267461 -0.999820 0.073592
v -1.267496 -0.999893 0.073653
v -1.267549 -0.999952 0.073702
v -1.267617 -0.999989 0.073733
v -1.267692 -1.000002 0.073744
v -1.270122 -1.000002 0.073744
v -1.270197 -0.999989 0.073733
v -1.270265 -0.999952 0.073702
v -1.270318 -0.999893 0.073653
v -1.270353 -0.999820 0.073592
v -1.270365 -0.999738 0.073524
v -1.267449 -0.999588 0.071854
v -1.267461 -0.999656 0.071773
v -1.267496 -0.999717 0.071699
v -1.267549 -0.999766 0.071641
v -1.267617 -0.999797 0.071603
v -1.267692 -0.999808 0.071590
v -1.270122 -0.999808 0.071590
v -1.270197 -0.999797 0.071603
v -1.270265 -0.999766 0.071641
v -1.270318 -0.999717 0.071699
v -1.270353 -0.999656 0.071773
v -1.270365 -0.999588 0.071854
v -1.267449 -0.997047 0.072083
v -1.267461 -0.997101 0.072003
v -1.267496 -0.997150 0.071931
v -1.267549 -0.997188 0.071873
v -1.267617 -0.997213 0.071836
v -1.267692 -0.997222 0.071823
v -1.270122 -0.997222 0.071823
v -1.270197 -0.997213 0.071836
v -1.270265 -0.997188 0.071873
v -1.270318 -0.997150 0.071931
v -1.270353 -0.997101 0.072003
v -1.270365 -0.997047 0.072083
v -1.267449 -0.995806 0.068048
v -1.267461 -0.995905 0.068115
v -1.267496 -0.995994 0.068175
v -1.267549 -0.996065 0.068222
v -1.267617 -0.996110 0.068253
v -1.267692 -0.996126 0.068263
v -1.270122 -0.996126 0.068263
v -1.270197 -0.996110 0.068253
v -1.270265 -0.996065 0.068222
v -1.270318 -0.995994 0.068175
v -1.270353 -0.995905 0.068115
v -1.270365 -0.995806 0.068048
v -1.267449 -0.999217 0.067741
v -1.267461 -0.999299 0.067809
v -1.267496 -0.999372 0.067870
v -1.267549 -0.999431 0.067919
v -1.267617 -0.999468 0.067950
v -1.267692 -0.999481 0.067961
v -1.270122 -0.999481 0.067961
v -1.270197 -0.999468 0.067950
v -1.270265 -0.999431 0.067919
v -1.270318 -0.999372 0.067870
v -1.270353 -0.999299 0.067809
v -1.270365 -0.999217 0.067741
v -1.267449 -0.999067 0.066071
v -1.267461 -0.999135 0.065990
v -1.267496 -0.999196 0.065916
v -1.267549 -0.999245 0.065858
v -1.267617 -0.999276 0.065821
v -1.267692 -0.999287 0.065808
v -1.270122 -0.999287 0.065808
v -1.270197 -0.999276 0.065821
v -1.270265 -0.999245 0.065858
v -1.270318 -0.999196 0.065916
v -1.270353 -0.999135 0.065990
v -1.270365 -0.999067 0.066071
v -1.267449 -0.995316 0.066409
v -1.267461 -0.995370 0.066329
v -1.267496 -0.995419 0.066257
v -1.267549 -0.995458 0.066199
v -1.267617 -0.995482 0.066162
v -1.267692 -0.995491 0.066150
v -1.270122 -0.995491 0.066150
v -1.270197 -0.995482 0.066162
v -1.270265 -0.995458 0.066199
v -1.270318 -0.995419 0.066257
v -1.270353 -0.995370 0.066329
v -1.270365 -0.995316 0.066409
v -1.267449 -0.993899 0.061781
v -1.267461 -0.993953 0.061700
v -1.267496 -0.994002 0.061628
v -1.267549 -0.994040 0.061570
v -1.267617 -0.994065 0.061534
v -1.267692 -0.994074 0.061521
v -1.270122 -0.994074 0.061521
v -1.270197 -0.994065 0.061534
v -1.270265 -0.994040 0.061570
v -1.270318 -0.994002 0.061628
v -1.270353 -0.993953 0.061700
v -1.270365 -0.993899 0.061781
v -1.267449 -0.992157 0.061938
v -1.267461 -0.992058 0.061871
v -1.267496 -0.991969 0.061811
v -1.267549 -0.991898 0.061764
v -1.267617 -0.991853 0.061733
v -1.267692 -0.991837 0.061722
v -1.270122 -0.991837 0.061722
v -1.270197 -0.991853 0.061733
v -1.270265 -0.991898 0.061764
v -1.270318 -0.991969 0.061811
v -1.270353 -0.992058 0.061871
v -1.270365 -0.992157 0.061938
v -1.267449 -0.993574 0.066566
v -1.267461 -0.993475 0.066500
v -1.267496 -0.993386 0.066440
v -1.267549 -0.993316 0.066392
v -1.267617 -0.993270 0.066362
v -1.267692 -0.993254 0.066351
v -1.270122 -0.993254 0.066351
v -1.270197 -0.993270 0.066362
v -1.270265 -0.993316 0.066392
v -1.270318 -0.993386 0.066440
v -1.270353 -0.993475 0.066500
v -1.270365 -0.993574 0.066566
v -1.267449 -0.988880 0.066989
v -1.267461 -0.988934 0.066909
v -1.267496 -0.988983 0.066837
v -1.267549 -0.989022 0.066779
v -1.267617 -0.989046 0.066743
v -1.267692 -0.989055 0.066730
v -1.270122 -0.989055 0.066730
v -1.270197 -0.989046 0.066743
v -1.270265 -0.989022 0.066779
v -1.270318 -0.988983 0.066837
v -1.270353 -0.988934 0.066909
v -1.270365 -0.988880 0.066989
v -1.267449 -0.987463 0.062361
v -1.267461 -0.987517 0.062280
v -1.267496 -0.987566 0.062208
v -1.267549 -0.987604 0.062151
v -1.267617 -0.987629 0.062114
v -1.267692 -0.987638 0.062101
v -1.270122 -0.987638 0.062101
v -1.270197 -0.987629 0.062114
v -1.270265 -0.987604 0.062151
v -1.270318 -0.987566 0.062208
v -1.270353 -0.987517 0.062280
v -1.270365 -0.987463 0.062361
v -1.267449 -0.985721 0.062518
v -1.267461 -0.985622 0.062451
v -1.267496 -0.985533 0.062391
v -1.267549 -0.985462 0.062344
v -1.267617 -0.985417 0.062313
v -1.267692 -0.985401 0.062303
v -1.270122 -0.985401 0.062303
v -1.270197 -0.985417 0.062313
v -1.270265 -0.985462 0.062344
v -1.270318 -0.985533 0.062391
v -1.270353 -0.985622 0.062451
v -1.270365 -0.985721 0.062518
v -1.267449 -0.987138 0.067146
v -1.267461 -0.987039 0.067080
v -1.267496 -0.986950 0.067020
v -1.267549 -0.986879 0.066972
v -1.267617 -0.986834 0.066942
v -1.267692 -0.986818 0.066931
v -1.270122 -0.986818 0.066931
v -1.270197 -0.986834 0.066942
v -1.270265 -0.986879 0.066972
v -1.270318 -0.986950 0.067020
v -1.270353 -0.987039 0.067080
v -1.270365 -0.987138 0.067146
v -1.267449 -0.984961 0.067343
v -1.267461 -0.984879 0.067275
v -1.267496 -0.984806 0.067213
v -1.267549 -0.984747 0.067165
v -1.267617 -0.984710 0.067133
v -1.267692 -0.984697 0.067123
v -1.270122 -0.984697 0.067123
v -1.270197 -0.984710 0.067133
v -1.270265 -0.984747 0.067165
v -1.270318 -0.984806 0.067213
v -1.270353 -0.984879 0.067275
v -1.270365 -0.984961 0.067343
v -1.267449 -0.985111 0.069012
v -1.267461 -0.985043 0.069094
v -1.267496 -0.984982 0.069167
v -1.267549 -0.984933 0.069226
v -1.267617 -0.984902 0.069263
v -1.267692 -0.984891 0.069276
v -1.270122 -0.984891 0.069276
v -1.270197 -0.984902 0.069263
v -1.270265 -0.984933 0.069226
v -1.270318 -0.984982 0.069167
v -1.270353 -0.985043 0.069094
v -1.270365 -0.985111 0.069012
v -1.267449 -0.987628 0.068786
v -1.267461 -0.987574 0.068866
v -1.267496 -0.987525 0.068938
v -1.267549 -0.987487 0.068995
v -1.267617 -0.987462 0.069032
v -1.267692 -0.987453 0.069045
v -1.270122 -0.987453 0.069045
v -1.270197 -0.987462 0.069032
v -1.270265 -0.987487 0.068995
v -1.270318 -0.987525 0.068938
v -1.270353 -0.987574 0.068866
v -1.270365 -0.987628 0.068786
v -1.267449 -0.988869 0.072820
v -1.267461 -0.988770 0.072754
v -1.267496 -0.988681 0.072694
v -1.267549 -0.988610 0.072646
v -1.267617 -0.988565 0.072616
v -1.267692 -0.988549 0.072605
v -1.270122 -0.988549 0.072605
v -1.270197 -0.988565 0.072616
v -1.270265 -0.988610 0.072646
v -1.270318 -0.988681 0.072694
v -1.270353 -0.988770 0.072754
v -1.270365 -0.988869 0.072820
v -1.267449 -0.985482 0.073126
v -1.267461 -0.985400 0.073058
v -1.267496 -0.985327 0.072996
v -1.267549 -0.985268 0.072947
v -1.267617 -0.985231 0.072916
v -1.267692 -0.985218 0.072905
v -1.270122 -0.985218 0.072905
v -1.270197 -0.985231 0.072916
v -1.270265 -0.985268 0.072947
v -1.270318 -0.985327 0.072996
v -1.270353 -0.985400 0.073058
v -1.270365 -0.985482 0.073126
v -1.267449 -0.985632 0.074795
v -1.267461 -0.985564 0.074877
v -1.267496 -0.985503 0.074950
v -1.267549 -0.985454 0.075008
v -1.267617 -0.985423 0.075046
v -1.267692 -0.985412 0.075059
v -1.270122 -0.985412 0.075059
v -1.270197 -0.985423 0.075046
v -1.270265 -0.985454 0.075008
v -1.270318 -0.985503 0.074950
v -1.270353 -0.985564 0.074877
v -1.270365 -0.985632 0.074795
v -1.267449 -0.989358 0.074459
v -1.267461 -0.989304 0.074539
v -1.267496 -0.989256 0.074612
v -1.267549 -0.989217 0.074669
v -1.267617 -0.989192 0.074706
v -1.267692 -0.989184 0.074719
v -1.270122 -0.989184 0.074719
v -1.270197 -0.989192 0.074706
v -1.270265 -0.989217 0.074669
v -1.270318 -0.989256 0.074612
v -1.270353 -0.989304 0.074539
v -1.270365 -0.989358 0.074459
v -1.267449 -0.990776 0.079088
v -1.267461 -0.990722 0.079168
v -1.267496 -0.990673 0.079241
v -1.267549 -0.990635 0.079298
v -1.267617 -0.990610 0.079335
v -1.267692 -0.990601 0.079348
v -1.270122 -0.990601 0.079348
v -1.270197 -0.990610 0.079335
v -1.270265 -0.990635 0.079298
v -1.270318 -0.990673 0.079241
v -1.270353 -0.990722 0.079168
v -1.270365 -0.990776 0.079088
v -1.267449 -0.992518 0.078931
v -1.267461 -0.992617 0.078997
v -1.267496 -0.992706 0.079057
v -1.267549 -0.992777 0.079105
v -1.267617 -0.992822 0.079136
v -1.267692 -0.992838 0.079146
v -1.270122 -0.992838 0.079146
v -1.270197 -0.992822 0.079136
v -1.270265 -0.992777 0.079105
v -1.270318 -0.992706 0.079057
v -1.270353 -0.992617 0.078997
v -1.270365 -0.992518 0.078931
v -1.267449 -0.994064 0.068205
v -1.267461 -0.994010 0.068286
v -1.267496 -0.993961 0.068358
v -1.267549 -0.993923 0.068415
v -1.267617 -0.993898 0.068452
v -1.267692 -0.993889 0.068465
v -1.270122 -0.993889 0.068465
v -1.270197 -0.993898 0.068452
v -1.270265 -0.993923 0.068415
v -1.270318 -0.993961 0.068358
v -1.270353 -0.994010 0.068286
v -1.270365 -0.994064 0.068205
v -1.267449 -0.995305 0.072240
v -1.267461 -0.995206 0.072174
v -1.267496 -0.995117 0.072114
v -1.267549 -0.995046 0.072066
v -1.267617 -0.995001 0.072036
v -1.267692 -0.994985 0.072025
v -1.270122 -0.994985 0.072025
v -1.270197 -0.995001 0.072036
v -1.270265 -0.995046 0.072066
v -1.270318 -0.995117 0.072114
v -1.270353 -0.995206 0.072174
v -1.270365 -0.995305 0.072240
v -1.267449 -0.990611 0.072663
v -1.267461 -0.990665 0.072583
v -1.267496 -0.990714 0.072511
v -1.267549 -0.990752 0.072453
v -1.267617 -0.990777 0.072416
v -1.267692 -0.990786 0.072403
v -1.270122 -0.990786 0.072403
v -1.270197 -0.990777 0.072416
v -1.270265 -0.990752 0.072453
v -1.270318 -0.990714 0.072511
v -1.270353 -0.990665 0.072583
v -1.270365 -0.990611 0.072663
v -1.267449 -0.989370 0.068628
v -1.267461 -0.989469 0.068695
v -1.267496 -0.989558 0.068755
v -1.267549 -0.989629 0.068802
v -1.267617 -0.989674 0.068833
v -1.267692 -0.989690 0.068844
v -1.270122 -0.989690 0.068844
v -1.270197 -0.989674 0.068833
v -1.270265 -0.989629 0.068802
v -1.270318 -0.989558 0.068755
v -1.270353 -0.989469 0.068695
v -1.270365 -0.989370 0.068628
v -1.268571 -1.003268 -0.008233
v -1.268571 -1.003328 -0.007566
v -1.267850 -1.003241 -0.008230
v -1.267850 -1.003301 -0.007563
v -1.268475 -1.003878 -0.008288
v -1.268475 -1.003938 -0.007621
v -1.267806 -1.003878 -0.008288
v -1.267806 -1.003938 -0.007621
v -1.268201 -1.002615 -0.008174
v -1.268825 -1.002633 -0.008175
v -1.268825 -1.002694 -0.007509
v -1.268201 -1.002675 -0.007507
v -1.268298 -1.002231 -0.008139
v -1.268959 -1.002344 -0.008149
v -1.268959 -1.002404 -0.007482
v -1.268298 -1.002291 -0.007472
v -1.268386 -1.001850 -0.008105
v -1.269046 -1.001871 -0.008107
v -1.269046 -1.001931 -0.007440
v -1.268386 -1.001910 -0.007438
v -1.268322 -1.001440 -0.008068
v -1.268981 -1.001322 -0.008057
v -1.268981 -1.001382 -0.007390
v -1.268322 -1.001500 -0.007401
v -1.268288 -1.001246 -0.008050
v -1.268893 -1.000960 -0.008025
v -1.268893 -1.001020 -0.007358
v -1.268288 -1.001306 -0.007384
v -1.268106 -1.001020 -0.008030
v -1.268528 -1.000502 -0.007983
v -1.268528 -1.000562 -0.007316
v -1.268106 -1.001080 -0.007363
v -1.267968 -1.000960 -0.008025
v -1.268276 -1.000368 -0.007971
v -1.268276 -1.000428 -0.007304
v -1.267968 -1.001020 -0.007358
v -1.267834 -1.000888 -0.008018
v -1.268150 -1.000301 -0.007965
v -1.268150 -1.000361 -0.007298
v -1.267834 -1.000949 -0.007351
v -1.267128 -1.003272 -0.007561
v -1.267128 -1.003211 -0.008228
v -1.267128 -1.003878 -0.008288
v -1.267128 -1.003938 -0.007621
v -1.267128 -1.003878 -0.008288
v -1.267128 -1.003938 -0.007621
v -1.267128 -1.003211 -0.008228
v -1.267128 -1.003272 -0.007561
v -1.267806 -1.003938 -0.007621
v -1.267806 -1.003272 -0.007561
v -1.267806 -1.003878 -0.008288
v -1.267806 -1.003211 -0.008228
v -1.267128 -1.002983 -0.007215
v -1.267128 -1.002865 -0.008516
v -1.267128 -1.004167 -0.008634
v -1.267128 -1.004285 -0.007332
v -1.266749 -1.002983 -0.007215
v -1.266749 -1.002865 -0.008516
v -1.266749 -1.004167 -0.008634
v -1.266749 -1.004285 -0.007332
v -1.267118 -1.004167 -0.008634
v -1.267118 -1.004285 -0.007332
v -1.267118 -1.002865 -0.008516
v -1.267118 -1.002983 -0.007215
v -1.266749 -1.004167 -0.008634
v -1.266749 -1.002865 -0.008516
v -1.266749 -1.004285 -0.007332
v -1.266749 -1.002983 -0.007215
v -1.085065 -0.981543 0.069159
v -1.085065 -0.984460 0.101520
v -1.067967 -0.981543 0.069159
v -1.067967 -0.984460 0.101520
v -1.085065 -0.998573 0.067624
v -1.085065 -1.001490 0.099985
v -1.067967 -0.998573 0.067624
v -1.067967 -1.001490 0.099985
v -1.088143 -0.981394 0.101797
v -1.064889 -0.981394 0.101797
v -1.088143 -1.004555 0.099709
v -1.064889 -1.004555 0.099709
v -1.088143 -0.981726 0.105471
v -1.064889 -0.981726 0.105471
v -1.088143 -1.004886 0.103384
v -1.064889 -1.004886 0.103384
v -1.085052 -0.984804 0.105194
v -1.067980 -0.984804 0.105194
v -1.085052 -1.001808 0.103661
v -1.067980 -1.001808 0.103661
v -1.085052 -0.981947 0.073491
v -1.067980 -0.981947 0.073491
v -1.085052 -0.998950 0.071959
v -1.067980 -0.998950 0.071959
vn -0.0000 -0.0895 0.9960
vn -0.0000 0.5887 0.8083
vn -0.0000 0.5850 0.8110
vn -1.0000 -0.0000 -0.0000
vn -0.0000 0.9960 0.0898
vn -0.0000 0.9960 0.0897
vn 1.0000 -0.0000 -0.0000
vn -0.0000 -0.7206 0.6933
vn -0.0000 -0.7238 0.6900
vn -0.0000 0.5924 0.8056
vn -0.0004 -0.0898 0.9960
vn -0.0000 -0.9960 -0.0898
vn -0.0000 -0.9960 -0.0897
vn -0.0000 0.0898 -0.9960
vn -1.0000 -0.0001 -0.0000
vn -0.0000 -0.0898 0.9960
vn -0.0000 -0.0900 0.9959
vn -0.0000 -0.0899 0.9960
vn -0.0001 -0.0898 0.9960
vn -1.0000 0.0001 -0.0000
vn -0.0000 0.0886 -0.9961
vn 1.0000 -0.0001 -0.0000
vn 1.0000 0.0003 -0.0000
vn -0.0003 -0.9960 -0.0898
vn 1.0000 0.0001 -0.0000
vn -0.0000 -0.7269 0.6867
vn 0.0003 -0.0898 0.9960
vn 0.0001 -0.0899 0.9960
vn 0.0001 -0.0897 0.9960
vn 0.0001 -0.0896 0.9960
vn -0.0000 0.0893 -0.9960
vn -0.0000 0.0887 -0.9961
vn -0.0000 0.0903 -0.9959
vn -0.0000 0.0909 -0.9959
vn -0.0012 -0.0873 0.9962
vn -0.0012 -0.0923 0.9957
vn -1.0000 -0.0002 -0.0000
vn -0.0000 -0.7214 0.6925
vn -0.0000 0.5860 0.8103
vn -0.0000 0.7237 -0.6901
vn -0.0000 -0.5886 -0.8084
vn -0.0000 -0.6901 -0.7237
vn 0.7917 -0.5502 -0.2654
vn -0.0000 0.8084 -0.5886
vn 0.7917 0.5888 -0.1628
vn -0.0001 -0.0890 0.9960
vn -0.0000 -0.0890 0.9960
vn 0.6646 -0.0655 0.7443
vn -0.0015 0.9960 0.0890
vn -0.0016 0.9960 0.0890
vn 1.0000 0.0014 0.0002
vn 1.0000 0.0012 0.0002
vn -0.0015 0.9960 0.0891
vn -0.0014 0.9960 0.0891
vn -0.0017 0.9960 0.0891
vn 1.0000 0.0015 0.0002
vn -1.0000 -0.0016 -0.0002
vn 0.0016 -0.9960 -0.0891
vn -0.6662 -0.0674 0.7428
vn -1.0000 -0.0014 -0.0002
vn 1.0000 0.0013 0.0002
vn -1.0000 -0.0015 -0.0002
vn -0.0016 0.9960 0.0891
vn 0.0015 -0.9960 -0.0890
vn 0.0015 -0.9960 -0.0891
vn 0.0014 -0.9960 -0.0891
vn 0.0002 0.0890 -0.9960
vn -0.0000 0.0890 -0.9960
vn -1.0000 -0.0015 -0.0003
vn -0.0000 -0.0892 0.9960
vn 1.0000 0.0016 0.0002
vn 1.0000 0.0017 0.0002
vn -0.0000 0.0891 -0.9960
vn -0.0000 -0.0891 0.9960
vn 0.0016 -0.9960 -0.0890
vn 1.0000 0.0016 0.0003
vn 0.0017 -0.9960 -0.0890
vn -1.0000 -0.0017 -0.0002
vn 1.0000 0.0012 0.0001
vn 1.0000 0.0013 0.0001
vn -1.0000 -0.0016 -0.0003
vn -1.0000 -0.0013 -0.0002
vn -0.0017 0.9960 0.0890
vn -1.0000 -0.0018 -0.0002
vn -1.0000 -0.0012 -0.0002
vn -1.0000 -0.0012 -0.0001
vn 0.0014 -0.9960 -0.0890
vn -0.0018 0.9960 0.0890
vn -0.0019 0.9960 0.0890
vn -0.0014 0.9960 0.0890
vn -0.0000 0.0889 -0.9960
vn -0.0015 0.9960 0.0889
vn -1.0000 -0.0015 -0.0001
vn -1.0000 -0.0011 -0.0001
vn -0.0003 -0.0890 0.9960
vn -0.0000 -0.0889 0.9960
vn 0.6665 -0.0669 0.7425
vn -0.6665 0.0669 -0.7425
vn -0.7455 -0.0598 0.6638
vn -0.0000 -0.9960 -0.0899
vn 0.7454 0.0598 -0.6640
vn -0.6666 -0.0690 0.7422
vn 0.6666 0.0690 -0.7422
vn 0.7454 -0.0576 0.6641
vn 0.0031 -0.9960 -0.0898
vn -0.7454 0.0575 -0.6641
vn -0.0031 0.9960 0.0898
vn -0.0000 -0.0897 0.9960
vn -0.0000 0.0897 -0.9960
vn -0.0957 -0.2684 0.9585
vn 0.2705 0.1847 -0.9448
vn -0.4345 -0.5614 0.7043
vn 0.0791 0.9823 -0.1700
vn -0.2037 -0.4869 0.8494
vn 0.1473 -0.9592 0.2415
vn 0.1335 -0.0890 0.9870
vn -0.3181 0.8369 -0.4454
vn -0.1768 -0.0884 0.9803
vn 0.3181 -0.8369 0.4454
vn 0.4345 0.5614 -0.7043
vn -0.0894 0.0894 -0.9920
vn 0.1767 0.0883 -0.9803
vn 0.4787 -0.7566 -0.4454
vn 0.3960 0.0720 0.9154
vn 0.0384 -0.0896 0.9952
vn -0.3253 -0.2370 0.9154
vn -0.0897 0.9960 -0.0000
vn 0.0897 -0.9960 -0.0000
vn -0.4345 0.5614 -0.7043
vn 0.0894 0.0894 -0.9920
vn 0.9894 -0.1206 0.0812
vn 0.9810 0.1081 0.1612
vn 0.9926 0.0679 0.1010
vn 0.9951 -0.0823 0.0555
vn 0.8510 -0.0471 0.5230
vn 0.8408 -0.0486 0.5392
vn 0.6330 -0.0696 0.7710
vn 0.6204 -0.0705 0.7811
vn 0.3384 -0.0845 0.9372
vn 0.3295 -0.0848 0.9404
vn 0.0834 -0.0894 0.9925
vn 0.0819 -0.0895 0.9926
vn -0.0830 -0.0894 0.9925
vn -0.0816 -0.0894 0.9926
vn -0.3392 -0.0846 0.9369
vn -0.3302 -0.0848 0.9401
vn -0.6335 -0.0695 0.7706
vn -0.6210 -0.0704 0.7807
vn -0.8510 -0.0471 0.5230
vn -0.8408 -0.0485 0.5392
vn -0.9893 -0.1210 0.0812
vn -0.9810 0.1081 0.1612
vn -0.9950 -0.0828 0.0555
vn -0.9925 0.0679 0.1013
vn 0.9550 0.1652 0.2465
vn 0.9925 0.0680 0.1012
vn 0.8410 0.5173 0.1586
vn 0.7730 0.6066 0.1859
vn 0.6208 0.7496 0.2296
vn 0.5486 0.7995 0.2448
vn 0.3294 0.9029 0.2763
vn 0.2837 0.9169 0.2806
vn 0.0818 0.9530 0.2917
vn 0.0754 0.9535 0.2919
vn -0.0815 0.9530 0.2918
vn -0.0752 0.9535 0.2920
vn -0.3303 0.9025 0.2764
vn -0.2841 0.9168 0.2807
vn -0.6214 0.7491 0.2295
vn -0.5496 0.7988 0.2447
vn -0.8410 0.5173 0.1586
vn -0.7730 0.6066 0.1859
vn -0.9550 0.1652 0.2465
vn -0.9926 0.0678 0.1012
vn 0.9659 -0.2148 0.1446
vn 0.9950 -0.0828 0.0553
vn 0.7730 -0.0570 0.6319
vn 0.7595 -0.0584 0.6479
vn 0.5489 -0.0751 0.8325
vn 0.5322 -0.0761 0.8432
vn 0.2838 -0.0861 0.9550
vn 0.2712 -0.0864 0.9586
vn 0.0755 -0.0895 0.9931
vn 0.0737 -0.0895 0.9933
vn -0.0752 -0.0895 0.9931
vn -0.0735 -0.0895 0.9933
vn -0.2841 -0.0861 0.9549
vn -0.2714 -0.0864 0.9586
vn -0.5498 -0.0750 0.8319
vn -0.5332 -0.0760 0.8426
vn -0.7730 -0.0570 0.6319
vn -0.7595 -0.0584 0.6479
vn -0.9660 -0.2145 0.1446
vn -0.9950 -0.0829 0.0553
vn 0.9893 -0.1211 0.0812
vn 0.9950 -0.0828 0.0554
vn 0.7587 -0.6230 -0.1906
vn 0.8508 -0.5026 -0.1537
vn 0.5324 -0.8094 -0.2478
vn 0.6331 -0.7401 -0.2265
vn 0.2708 -0.9205 -0.2817
vn 0.3386 -0.8998 -0.2754
vn 0.0731 -0.9537 -0.2919
vn 0.0826 -0.9530 -0.2916
vn -0.0729 -0.9536 -0.2921
vn -0.0824 -0.9529 -0.2919
vn -0.2711 -0.9204 -0.2819
vn -0.3393 -0.8995 -0.2754
vn -0.5333 -0.8089 -0.2475
vn -0.6336 -0.7398 -0.2264
vn -0.7588 -0.6228 -0.1907
vn -0.8511 -0.5020 -0.1538
vn 0.9600 -0.2151 0.1793
vn 0.9938 -0.0850 0.0714
vn 0.7659 -0.0577 0.6403
vn 0.6331 -0.0694 0.7709
vn 0.5404 -0.0754 0.8380
vn 0.3383 -0.0844 0.9372
vn 0.2780 -0.0862 0.9567
vn 0.0833 -0.0895 0.9925
vn 0.0747 -0.0895 0.9932
vn -0.0830 -0.0895 0.9925
vn -0.0744 -0.0896 0.9932
vn -0.3391 -0.0845 0.9369
vn -0.2783 -0.0863 0.9566
vn -0.6336 -0.0694 0.7705
vn -0.5414 -0.0754 0.8373
vn -0.7659 -0.0577 0.6403
vn -0.9601 -0.2147 0.1793
vn -0.9938 -0.0850 0.0714
vn 0.9600 -0.1797 -0.2148
vn 0.9939 -0.0707 -0.0852
vn 0.7661 -0.6401 -0.0577
vn 0.5409 -0.8377 -0.0756
vn 0.5408 -0.8378 -0.0756
vn 0.2785 -0.9565 -0.0863
vn 0.0751 -0.9932 -0.0895
vn -0.0747 -0.9932 -0.0895
vn -0.2787 -0.9565 -0.0862
vn -0.5418 -0.8371 -0.0755
vn -0.5417 -0.8372 -0.0755
vn -0.7663 -0.6398 -0.0577
vn -0.7663 -0.6399 -0.0577
vn -0.9601 -0.1793 -0.2148
vn -0.9938 -0.0708 -0.0855
vn 0.9809 -0.1084 -0.1613
vn 0.9925 -0.0683 -0.1015
vn 0.7666 0.0577 -0.6395
vn 0.8409 0.0486 -0.5390
vn 0.5409 0.0755 -0.8377
vn 0.6211 0.0704 -0.7806
vn 0.2780 0.0862 -0.9567
vn 0.3294 0.0848 -0.9404
vn 0.0748 0.0895 -0.9932
vn 0.0819 0.0895 -0.9926
vn -0.0745 0.0895 -0.9932
vn -0.0816 0.0894 -0.9926
vn -0.2783 0.0861 -0.9566
vn -0.3301 0.0846 -0.9401
vn -0.5419 0.0754 -0.8371
vn -0.6217 0.0704 -0.7801
vn -0.7666 0.0578 -0.6395
vn -0.8409 0.0486 -0.5390
vn -0.9809 -0.1086 -0.1613
vn -0.9925 -0.0680 -0.1014
vn 0.9894 -0.1208 0.0811
vn 0.9950 -0.0827 0.0553
vn 0.8411 -0.5169 -0.1593
vn 0.8513 -0.5013 -0.1545
vn 0.6210 -0.7491 -0.2307
vn 0.6338 -0.7392 -0.2277
vn 0.3295 -0.9024 -0.2778
vn 0.3385 -0.8993 -0.2769
vn 0.0815 -0.9526 -0.2932
vn 0.0830 -0.9525 -0.2931
vn -0.0812 -0.9526 -0.2932
vn -0.0826 -0.9525 -0.2931
vn -0.3302 -0.9021 -0.2777
vn -0.3393 -0.8990 -0.2768
vn -0.6216 -0.7486 -0.2306
vn -0.6343 -0.7388 -0.2276
vn -0.8407 -0.5175 -0.1592
vn -0.8509 -0.5021 -0.1544
vn -0.9894 -0.1205 0.0812
vn -0.9950 -0.0826 0.0553
vn 0.9600 -0.2152 0.1793
vn 0.9938 -0.0857 0.0714
vn 0.8510 -0.0471 0.5231
vn 0.7653 -0.0578 0.6411
vn 0.6328 -0.0695 0.7712
vn 0.5411 -0.0755 0.8376
vn 0.3394 -0.0845 0.9369
vn 0.2788 -0.0863 0.9565
vn 0.0835 -0.0895 0.9925
vn 0.0748 -0.0896 0.9932
vn -0.0831 -0.0895 0.9925
vn -0.0745 -0.0896 0.9932
vn -0.3402 -0.0845 0.9366
vn -0.2791 -0.0863 0.9564
vn -0.6333 -0.0694 0.7708
vn -0.5421 -0.0754 0.8369
vn -0.8510 -0.0472 0.5231
vn -0.7653 -0.0578 0.6411
vn -0.9600 -0.2150 0.1793
vn -0.9938 -0.0848 0.0714
vn 0.9600 -0.1796 -0.2149
vn 0.9938 -0.0714 -0.0855
vn 0.7656 -0.6408 -0.0578
vn 0.5405 -0.8380 -0.0756
vn 0.5404 -0.8380 -0.0756
vn 0.2784 -0.9566 -0.0863
vn 0.2785 -0.9566 -0.0863
vn -0.2785 -0.9566 -0.0862
vn -0.2786 -0.9565 -0.0862
vn -0.5413 -0.8374 -0.0755
vn -0.5413 -0.8374 -0.0756
vn -0.7656 -0.6408 -0.0578
vn -0.9600 -0.1794 -0.2149
vn 0.9810 -0.1080 -0.1613
vn 0.9925 -0.0680 -0.1014
vn 0.7659 0.0577 -0.6404
vn 0.8408 0.0485 -0.5392
vn 0.5406 0.0757 -0.8379
vn 0.6204 0.0705 -0.7811
vn 0.2780 0.0863 -0.9567
vn 0.3294 0.0849 -0.9404
vn 0.0747 0.0895 -0.9932
vn 0.0819 0.0894 -0.9926
vn -0.0744 0.0895 -0.9932
vn -0.2783 0.0862 -0.9566
vn -0.3302 0.0848 -0.9401
vn -0.5416 0.0755 -0.8372
vn -0.6210 0.0704 -0.7807
vn -0.7659 0.0577 -0.6404
vn -0.8408 0.0485 -0.5392
vn -0.9810 -0.1081 -0.1613
vn -0.9925 -0.0681 -0.1014
vn 0.9550 -0.1651 -0.2466
vn 0.8411 -0.5171 -0.1586
vn 0.7730 -0.6065 -0.1858
vn 0.6209 -0.7495 -0.2295
vn 0.5488 -0.7993 -0.2449
vn 0.3297 -0.9027 -0.2764
vn 0.2839 -0.9169 -0.2807
vn 0.0818 -0.9530 -0.2917
vn 0.0754 -0.9535 -0.2918
vn -0.0815 -0.9530 -0.2918
vn -0.0752 -0.9535 -0.2919
vn -0.3303 -0.9025 -0.2764
vn -0.2841 -0.9168 -0.2807
vn -0.6217 -0.7489 -0.2294
vn -0.5498 -0.7987 -0.2446
vn -0.8409 -0.5174 -0.1586
vn -0.7732 -0.6063 -0.1859
vn -0.9549 -0.1654 -0.2466
vn 0.9659 0.2145 -0.1447
vn 0.9951 0.0822 -0.0555
vn 0.7730 0.0570 -0.6319
vn 0.7595 0.0584 -0.6479
vn 0.5487 0.0751 -0.8326
vn 0.5321 0.0761 -0.8433
vn 0.2837 0.0861 -0.9550
vn 0.2712 0.0864 -0.9586
vn 0.0756 0.0895 -0.9931
vn 0.0738 0.0895 -0.9933
vn -0.0753 0.0895 -0.9931
vn -0.0735 0.0895 -0.9933
vn -0.2840 0.0861 -0.9549
vn -0.2714 0.0864 -0.9586
vn -0.5496 0.0751 -0.8320
vn -0.5331 0.0761 -0.8426
vn -0.7730 0.0570 -0.6319
vn -0.7595 0.0584 -0.6479
vn -0.9659 0.2146 -0.1447
vn -0.9950 0.0828 -0.0555
vn 0.9894 0.1206 -0.0812
vn 0.9951 0.0823 -0.0555
vn 0.7591 0.6224 0.1907
vn 0.8510 0.5021 0.1537
vn 0.5316 0.8099 0.2480
vn 0.6331 0.7401 0.2268
vn 0.2713 0.9204 0.2816
vn 0.3383 0.8998 0.2754
vn 0.0739 0.9536 0.2919
vn 0.0836 0.9529 0.2916
vn -0.0737 0.9536 0.2920
vn -0.0833 0.9529 0.2917
vn -0.2716 0.9202 0.2818
vn -0.3393 0.8995 0.2754
vn -0.5327 0.8092 0.2479
vn -0.6336 0.7397 0.2267
vn -0.7591 0.6224 0.1907
vn -0.8510 0.5021 0.1537
vn -0.9893 0.1210 -0.0812
vn 0.9809 -0.1082 -0.1615
vn 0.9926 -0.0680 -0.1010
vn 0.8510 0.0471 -0.5230
vn 0.8407 0.0486 -0.5392
vn 0.6330 0.0696 -0.7710
vn 0.3385 0.0845 -0.9372
vn 0.3296 0.0848 -0.9403
vn 0.0834 0.0894 -0.9925
vn -0.0831 0.0894 -0.9925
vn -0.3393 0.0845 -0.9369
vn -0.3303 0.0847 -0.9401
vn -0.6335 0.0695 -0.7706
vn -0.8510 0.0471 -0.5230
vn -0.8407 0.0486 -0.5392
vn -0.9810 -0.1082 -0.1612
vn 0.9549 -0.1653 -0.2466
vn 0.8408 -0.5176 -0.1584
vn 0.7729 -0.6067 -0.1859
vn 0.6208 -0.7496 -0.2296
vn 0.5486 -0.7995 -0.2448
vn 0.3295 -0.9028 -0.2764
vn 0.2837 -0.9169 -0.2808
vn 0.0819 -0.9530 -0.2918
vn 0.0755 -0.9534 -0.2920
vn -0.0752 -0.9535 -0.2920
vn -0.6214 -0.7491 -0.2295
vn -0.5496 -0.7988 -0.2447
vn -0.8408 -0.5176 -0.1584
vn -0.7729 -0.6067 -0.1859
vn -0.9549 -0.1653 -0.2466
vn 0.9659 0.2148 -0.1446
vn 0.7729 0.0570 -0.6320
vn 0.5488 0.0751 -0.8325
vn 0.5322 0.0761 -0.8432
vn 0.2838 0.0861 -0.9550
vn 0.2711 0.0864 -0.9587
vn 0.0755 0.0895 -0.9931
vn 0.0737 0.0895 -0.9933
vn -0.0752 0.0896 -0.9931
vn -0.0734 0.0896 -0.9933
vn -0.2841 0.0861 -0.9549
vn -0.2713 0.0865 -0.9586
vn -0.5498 0.0750 -0.8319
vn -0.5332 0.0760 -0.8426
vn -0.7729 0.0570 -0.6320
vn -0.9660 0.2145 -0.1446
vn -0.9951 0.0822 -0.0555
vn 0.9894 0.1206 -0.0813
vn 0.9951 0.0823 -0.0554
vn 0.7589 0.6227 0.1905
vn 0.8507 0.5027 0.1538
vn 0.5321 0.8096 0.2478
vn 0.6333 0.7400 0.2265
vn 0.2706 0.9205 0.2819
vn 0.3381 0.8999 0.2755
vn 0.0731 0.9536 0.2920
vn 0.0827 0.9529 0.2918
vn -0.0729 0.9536 0.2921
vn -0.0824 0.9529 0.2919
vn -0.2707 0.9205 0.2819
vn -0.3388 0.8996 0.2754
vn -0.5330 0.8091 0.2475
vn -0.6337 0.7397 0.2263
vn -0.7591 0.6225 0.1906
vn -0.8510 0.5021 0.1538
vn -0.9894 0.1204 -0.0813
vn -0.9951 0.0822 -0.0554
vn 0.9599 0.2155 -0.1793
vn 0.9938 0.0857 -0.0710
vn 0.8510 0.0472 -0.5230
vn 0.7659 0.0578 -0.6403
vn 0.6331 0.0695 -0.7710
vn 0.5405 0.0754 -0.8379
vn 0.3383 0.0844 -0.9372
vn 0.0833 0.0895 -0.9925
vn 0.0747 0.0896 -0.9932
vn -0.0830 0.0894 -0.9925
vn -0.3391 0.0844 -0.9370
vn -0.6336 0.0694 -0.7705
vn -0.5415 0.0755 -0.8373
vn -0.9600 0.2150 -0.1793
vn -0.9938 0.0856 -0.0714
vn 0.9599 0.1801 0.2148
vn 0.9938 0.0715 0.0855
vn 0.7656 0.6408 0.0577
vn 0.5411 0.8375 0.0755
vn 0.5412 0.8375 0.0755
vn 0.2778 0.9568 0.0863
vn 0.2776 0.9568 0.0863
vn 0.0741 0.9932 0.0895
vn -0.0738 0.9932 0.0895
vn -0.2779 0.9567 0.0862
vn -0.2778 0.9568 0.0862
vn -0.5423 0.8368 0.0754
vn -0.7662 0.6400 0.0577
vn -0.9600 0.1796 0.2148
vn -0.9938 0.0715 0.0855
vn 0.9809 0.1087 0.1613
vn 0.9924 0.0689 0.1015
vn 0.7653 -0.0577 0.6411
vn 0.8405 -0.0486 0.5397
vn 0.5410 -0.0755 0.8376
vn 0.6202 -0.0704 0.7813
vn 0.2788 -0.0862 0.9565
vn 0.3304 -0.0847 0.9400
vn 0.0748 -0.0895 0.9932
vn -0.0745 -0.0895 0.9932
vn -0.0816 -0.0895 0.9926
vn -0.2791 -0.0862 0.9564
vn -0.3311 -0.0847 0.9398
vn -0.5420 -0.0754 0.8370
vn -0.6208 -0.0703 0.7808
vn -0.7653 -0.0577 0.6411
vn -0.8405 -0.0486 0.5397
vn -0.9809 0.1084 0.1613
vn -0.9925 0.0683 0.1015
vn 0.9893 0.1211 -0.0811
vn 0.9950 0.0833 -0.0554
vn 0.8413 0.5165 0.1594
vn 0.8518 0.5006 0.1546
vn 0.6208 0.7493 0.2308
vn 0.6335 0.7395 0.2277
vn 0.3298 0.9023 0.2778
vn 0.3387 0.8992 0.2768
vn 0.0815 0.9526 0.2932
vn 0.0830 0.9525 0.2931
vn -0.0812 0.9526 0.2932
vn -0.0826 0.9525 0.2931
vn -0.3303 0.9022 0.2775
vn -0.3392 0.8991 0.2766
vn -0.6208 0.7494 0.2304
vn -0.6334 0.7397 0.2274
vn -0.8407 0.5175 0.1593
vn -0.8512 0.5016 0.1545
vn -0.9894 0.1208 -0.0811
vn -0.9950 0.0827 -0.0553
vn 0.9600 0.2151 -0.1793
vn 0.9938 0.0861 -0.0710
vn 0.8513 0.0472 -0.5226
vn 0.7666 0.0577 -0.6396
vn 0.6338 0.0694 -0.7703
vn 0.3384 0.0844 -0.9372
vn 0.2781 0.0862 -0.9567
vn 0.0834 0.0895 -0.9925
vn -0.0830 0.0895 -0.9925
vn -0.3392 0.0845 -0.9369
vn -0.6344 0.0695 -0.7699
vn -0.5419 0.0755 -0.8370
vn -0.8513 0.0471 -0.5226
vn -0.7666 0.0577 -0.6396
vn -0.9600 0.2149 -0.1793
vn -0.9938 0.0857 -0.0714
vn 0.9600 0.1796 0.2148
vn 0.9937 0.0722 0.0855
vn 0.7658 0.6404 0.0577
vn 0.5405 0.8379 0.0756
vn 0.5406 0.8379 0.0756
vn 0.2785 0.9565 0.0863
vn 0.0751 0.9931 0.0895
vn -0.0747 0.9932 0.0895
vn -0.2787 0.9565 0.0862
vn -0.5417 0.8372 0.0755
vn -0.7663 0.6399 0.0577
vn -0.9600 0.1794 0.2148
vn 0.9810 0.1080 0.1613
vn 0.9925 0.0680 0.1014
vn 0.7660 -0.0578 0.6403
vn 0.5405 -0.0755 0.8379
vn 0.6204 -0.0704 0.7811
vn 0.3294 -0.0847 0.9404
vn -0.2782 -0.0863 0.9566
vn -0.3301 -0.0848 0.9401
vn -0.5415 -0.0754 0.8373
vn -0.6210 -0.0703 0.7806
vn -0.7660 -0.0576 0.6403
vn -0.9810 0.1081 0.1613
vn -0.9925 0.0680 0.1014
vn 0.9550 0.1650 0.2465
vn 0.9925 0.0681 0.1012
vn 0.7727 0.6070 0.1857
vn 0.6204 0.7500 0.2294
vn 0.5484 0.7996 0.2447
vn 0.3294 0.9028 0.2763
vn 0.0754 0.9535 0.2918
vn -0.0752 0.9535 0.2919
vn -0.3303 0.9025 0.2763
vn -0.6217 0.7489 0.2295
vn -0.5498 0.7987 0.2446
vn -0.8409 0.5174 0.1586
vn -0.7732 0.6063 0.1859
vn -0.9549 0.1653 0.2465
vn -0.9925 0.0679 0.1012
vn 0.9660 -0.2144 0.1447
vn 0.9951 -0.0822 0.0553
vn 0.7730 -0.0570 0.6318
vn 0.5487 -0.0751 0.8326
vn 0.5321 -0.0761 0.8433
vn 0.2837 -0.0861 0.9551
vn -0.0734 -0.0895 0.9933
vn -0.2840 -0.0861 0.9550
vn -0.5497 -0.0751 0.8320
vn -0.5331 -0.0761 0.8426
vn -0.7730 -0.0570 0.6318
vn -0.9659 -0.2146 0.1447
vn 0.7591 -0.6224 -0.1907
vn 0.8510 -0.5021 -0.1537
vn 0.5316 -0.8099 -0.2480
vn 0.6331 -0.7401 -0.2268
vn 0.2713 -0.9204 -0.2816
vn 0.3383 -0.8998 -0.2754
vn 0.0739 -0.9536 -0.2919
vn 0.0836 -0.9529 -0.2916
vn -0.0737 -0.9536 -0.2920
vn -0.0833 -0.9529 -0.2917
vn -0.2717 -0.9202 -0.2818
vn -0.5327 -0.8092 -0.2479
vn -0.6336 -0.7397 -0.2267
vn -0.7591 -0.6224 -0.1907
vn -0.8510 -0.5021 -0.1537
vn 0.9809 0.1084 0.1614
vn 0.9894 0.1208 -0.0809
vn 0.9950 0.0826 -0.0554
vn 0.9925 0.0684 0.1015
vn 0.8409 0.5172 0.1594
vn 0.8513 0.5014 0.1545
vn 0.6206 0.7494 0.2307
vn 0.6333 0.7396 0.2277
vn 0.3296 0.9024 0.2777
vn 0.3385 0.8994 0.2768
vn 0.0816 0.9525 0.2934
vn 0.0831 0.9524 0.2934
vn -0.6212 0.7490 0.2305
vn -0.6339 0.7392 0.2275
vn -0.8405 0.5179 0.1593
vn -0.8509 0.5021 0.1544
vn -0.9809 0.1086 0.1614
vn -0.9894 0.1207 -0.0811
vn -0.9925 0.0684 0.1015
vn -0.9950 0.0827 -0.0554
vn 0.9809 -0.1085 -0.1614
vn 0.9925 -0.0685 -0.1015
vn 0.8512 0.0471 -0.5227
vn 0.8410 0.0485 -0.5389
vn 0.6339 0.0694 -0.7703
vn 0.3295 0.0847 -0.9404
vn 0.0833 0.0894 -0.9925
vn -0.0815 0.0894 -0.9927
vn -0.3302 0.0847 -0.9401
vn -0.6344 0.0694 -0.7699
vn -0.6216 0.0703 -0.7801
vn -0.8512 0.0470 -0.5227
vn -0.8410 0.0485 -0.5389
vn -0.9809 -0.1084 -0.1614
vn -0.9925 -0.0684 -0.1015
vn 0.9894 -0.1209 0.0809
vn 0.9950 -0.0827 0.0554
vn 0.8514 -0.5013 -0.1545
vn 0.6206 -0.7494 -0.2306
vn 0.6335 -0.7395 -0.2276
vn 0.3292 -0.9025 -0.2778
vn 0.3381 -0.8995 -0.2768
vn 0.0821 -0.9525 -0.2934
vn 0.0836 -0.9523 -0.2934
vn -0.0817 -0.9526 -0.2932
vn -0.0831 -0.9525 -0.2931
vn -0.3392 -0.8991 -0.2768
vn -0.6214 -0.7488 -0.2306
vn -0.6341 -0.7390 -0.2276
vn -0.8411 -0.5169 -0.1593
vn -0.8514 -0.5013 -0.1545
vn -0.9894 -0.1209 0.0809
vn -0.9950 -0.0827 0.0554
vn 0.8509 -0.0471 0.5232
vn 0.8405 -0.0486 0.5396
vn 0.3393 -0.0844 0.9369
vn 0.3304 -0.0846 0.9401
vn -0.3402 -0.0843 0.9366
vn -0.3311 -0.0846 0.9398
vn -0.6333 -0.0695 0.7708
vn -0.6208 -0.0704 0.7808
vn -0.8509 -0.0471 0.5232
vn -0.8405 -0.0486 0.5396
vn -0.0000 -0.0896 0.9960
vn -0.3310 -0.7244 0.6048
vn -0.0000 -0.9960 -0.0896
vn -0.9882 -0.1528 -0.0138
vn -0.0000 0.0896 -0.9960
vn -0.0001 0.0895 -0.9960
vn 0.9699 0.2426 0.0219
vn 0.8730 0.4858 0.0438
vn -0.9285 -0.3698 -0.0333
vn -0.9834 -0.1805 -0.0162
vn -0.9089 -0.4154 -0.0375
vn 0.9744 0.2241 0.0202
vn 0.9854 -0.1696 -0.0153
vn 0.9880 -0.1538 -0.0139
vn -0.9931 0.1171 0.0106
vn -0.9720 0.2339 0.0211
vn 0.7804 -0.6227 -0.0561
vn -0.7831 0.6194 0.0558
vn 0.4718 -0.8781 -0.0793
vn 0.4004 -0.9126 -0.0824
vn -0.4713 0.8784 0.0792
vn -0.4720 0.8781 0.0791
vn 0.8815 0.4703 0.0424
vn -0.4726 0.8777 0.0789
vn 0.0001 -0.0898 0.9960
vn -0.3310 0.6047 0.7244
vn 0.3625 -0.0835 0.9282
vn -0.6673 0.6348 0.3895
vn -0.6672 -0.6943 0.2697
vn -0.9082 -0.2682 -0.3212
vn -0.5509 0.8312 0.0748
vn -0.3310 -0.7244 0.6047
vn -0.0000 0.9960 0.0892
vn -0.0000 0.9960 0.0895
vn -0.0000 -0.9960 -0.0892
vn -0.0000 -0.9960 -0.0895
vt 0.752095 0.000000
vt 0.752095 0.000000
vt 0.415968 0.000000
vt 0.247905 0.000000
vt 0.247905 0.000000
vt 0.752095 0.000000
vt 0.702200 0.000000
vt 0.247905 0.000000
vt 0.366074 0.000000
vt 0.366074 0.000000
vt 0.557955 0.000000
vt 0.584032 0.000000
vt 0.584032 0.000000
vt 0.500000 0.000000
vt 0.554112 0.000000
vt 0.442045 0.000000
vt 0.442045 0.000000
vt 0.442045 0.000000
vt 0.557955 0.000000
vt 0.500000 0.000000
vt 0.445888 0.000000
vt 0.445888 0.000000
vt 0.445888 0.000000
vt 0.445888 0.000000
vt 0.545409 0.000000
vt 0.508703 0.000000
vt 0.712125 0.000000
vt 0.624002 0.000000
vt 0.624002 0.000000
vt 0.712125 0.000000
vt 0.375998 0.000000
vt 0.287875 0.000000
vt 0.287875 0.000000
vt 0.375998 0.000000
vt 0.702200 0.000000
vt 0.633927 0.000000
vt 0.633926 0.000000
vt 0.633927 0.000000
vt 0.297800 0.000000
vt 0.375998 0.000000
vt 0.712125 0.000000
vt 0.366074 0.000000
vt 0.297800 0.000000
vt 0.297800 0.000000
vt 0.247905 0.000000
vt 0.247905 0.000000
vt 0.752095 0.000000
vt 0.752095 0.000000
vt 0.247905 0.000000
vt 0.247905 0.000000
vt 0.454591 0.000000
vt 0.454591 0.000000
vt 0.508703 0.000000
vt 0.491297 0.000000
vt 0.508703 0.000000
vt 0.545409 0.000000
vt 0.491297 0.000000
vt 0.491297 0.000000
vt 0.000000 0.000000
vt 0.415968 0.000000
vt 1.000000 0.000000
vt 1.000000 1.000000
vt 0.000000 1.000000
vt 0.415968 1.000000
vt 0.500000 1.000000
vt 0.000000 0.500000
vt 0.247905 0.500000
vt 0.247905 1.000000
vt 0.415968 0.500000
vt 0.415968 1.000000
vt 0.752095 0.500000
vt 1.000000 0.500000
vt 0.752095 1.000000
vt 0.181616 0.000000
vt 0.181616 0.000000
vt 0.000000 0.073656
vt 0.000000 0.073656
vt 0.000000 0.073656
vt 0.000000 0.948332
vt 0.000000 0.948332
vt 0.933711 0.000000
vt 0.933711 0.000000
vt 0.584032 1.000000
vt 0.752095 1.000000
vt 1.000000 0.832017
vt 1.000000 0.000000
vt 1.000000 0.157755
vt 0.500000 1.000000
vt 0.584032 1.000000
vt 0.584032 0.500000
vt 0.500000 0.500000
vt 0.247905 1.000000
vt 1.000000 0.332017
vt 1.000000 0.332017
vt 0.000000 0.573656
vt 0.000000 0.573656
vt 0.196237 0.000000
vt 0.051668 0.000000
vt 0.000000 0.051668
vt 0.000000 0.051668
vt 0.803763 0.000000
vt 0.803763 0.000000
vt 0.000000 0.448332
vt 0.803763 0.000000
vt 0.803763 0.000000
vt 0.000000 0.551668
vt 0.948332 0.000000
vt 1.000000 0.842245
vt 1.000000 0.657755
vt 0.500000 1.000000
vt 1.000000 0.842245
vt 1.000000 0.500000
vt 1.000000 0.342245
vt 1.000000 0.342245
vt 0.948332 0.000000
vt 0.818384 0.000000
vt 0.948332 0.000000
vt 0.000000 0.926344
vt 0.066289 0.000000
vt 0.066289 0.000000
vt 0.000000 0.926344
vt 1.000000 0.342245
vt 0.000000 0.426344
vt 1.000000 0.167983
vt 1.000000 0.167983
vt 1.000000 0.332017
vt 0.196237 0.000000
vt 0.818384 0.000000
vt 1.000000 0.667983
vt 1.000000 0.832017
vt 1.000000 0.332017
vt 0.000000 0.426344
vt 0.933711 0.000000
vt 0.000000 0.448332
vt 0.000000 0.051668
vt 0.196237 0.000000
vt 0.000000 0.448332
vt 0.247905 0.500000
vt 0.415968 0.500000
vt 0.752095 0.500000
vt 0.584032 0.500000
vt 0.806452 0.000000
vt 0.870968 0.000000
vt 0.838710 0.000000
vt 0.032258 0.000000
vt 0.096774 0.000000
vt 0.064516 0.000000
vt 0.129032 0.000000
vt 0.741935 0.000000
vt 0.774194 0.000000
vt 0.161290 0.000000
vt 0.193548 0.000000
vt 0.709677 0.000000
vt 0.677419 0.000000
vt 0.967742 0.000000
vt 0.935484 0.000000
vt 0.903226 0.000000
vt 0.225806 0.000000
vt 0.258065 0.000000
vt 0.612903 0.000000
vt 0.645161 0.000000
vt 0.290323 0.000000
vt 0.322581 0.000000
vt 0.580645 0.000000
vt 0.548387 0.000000
vt 0.483871 0.000000
vt 0.516129 0.000000
vt 0.451613 0.000000
vt 0.419355 0.000000
vt 0.354839 0.000000
vt 0.387097 0.000000
vt 0.000000 0.090909
vt 0.035714 0.090909
vt 0.035714 0.000000
vt 0.000000 0.181818
vt 0.035714 0.181818
vt 0.000000 0.272727
vt 0.035714 0.272727
vt 0.000000 0.363636
vt 0.035714 0.363636
vt 0.000000 0.454545
vt 0.035714 0.454545
vt 0.000000 0.545455
vt 0.035714 0.545455
vt 0.000000 0.636364
vt 0.035714 0.636364
vt 0.000000 0.727273
vt 0.035714 0.727273
vt 0.000000 0.818182
vt 0.035714 0.818182
vt 0.000000 0.909091
vt 0.035714 0.909091
vt 0.035714 1.000000
vt 0.071429 0.090909
vt 0.071429 0.000000
vt 0.071429 0.181818
vt 0.071429 0.272727
vt 0.071429 0.363636
vt 0.071429 0.454545
vt 0.071429 0.545455
vt 0.071429 0.636364
vt 0.071429 0.727273
vt 0.071429 0.818182
vt 0.071429 0.909091
vt 0.071429 1.000000
vt 0.107143 0.090909
vt 0.107143 0.000000
vt 0.107143 0.181818
vt 0.107143 0.272727
vt 0.107143 0.363636
vt 0.107143 0.454545
vt 0.107143 0.545455
vt 0.107143 0.636364
vt 0.107143 0.727273
vt 0.107143 0.818182
vt 0.107143 0.909091
vt 0.107143 1.000000
vt 0.142857 0.090909
vt 0.142857 0.000000
vt 0.142857 0.181818
vt 0.142857 0.272727
vt 0.142857 0.363636
vt 0.142857 0.454545
vt 0.142857 0.545455
vt 0.142857 0.636364
vt 0.142857 0.727273
vt 0.142857 0.818182
vt 0.142857 0.909091
vt 0.142857 1.000000
vt 0.178571 0.090909
vt 0.178571 0.000000
vt 0.178571 0.181818
vt 0.178571 0.272727
vt 0.178571 0.363636
vt 0.178571 0.454545
vt 0.178571 0.545455
vt 0.178571 0.636364
vt 0.178571 0.727273
vt 0.178571 0.818182
vt 0.178571 0.909091
vt 0.178571 1.000000
vt 0.214286 0.090909
vt 0.214286 0.000000
vt 0.214286 0.181818
vt 0.214286 0.272727
vt 0.214286 0.363636
vt 0.214286 0.454545
vt 0.214286 0.545455
vt 0.214286 0.636364
vt 0.214286 0.727273
vt 0.214286 0.818182
vt 0.214286 0.909091
vt 0.214286 1.000000
vt 0.250000 0.090909
vt 0.250000 0.000000
vt 0.250000 0.181818
vt 0.250000 0.272727
vt 0.250000 0.363636
vt 0.250000 0.454545
vt 0.250000 0.545455
vt 0.250000 0.636364
vt 0.250000 0.727273
vt 0.250000 0.818182
vt 0.250000 0.909091
vt 0.250000 1.000000
vt 0.285714 0.090909
vt 0.285714 0.000000
vt 0.285714 0.181818
vt 0.285714 0.272727
vt 0.285714 0.363636
vt 0.285714 0.454545
vt 0.285714 0.545455
vt 0.285714 0.636364
vt 0.285714 0.727273
vt 0.285714 0.818182
vt 0.285714 0.909091
vt 0.285714 1.000000
vt 0.321429 0.090909
vt 0.321429 0.000000
vt 0.321429 0.181818
vt 0.321429 0.272727
vt 0.321429 0.363636
vt 0.321429 0.454545
vt 0.321429 0.545455
vt 0.321429 0.636364
vt 0.321429 0.727273
vt 0.321429 0.818182
vt 0.321429 0.909091
vt 0.321429 1.000000
vt 0.357143 0.090909
vt 0.357143 0.000000
vt 0.357143 0.181818
vt 0.357143 0.272727
vt 0.357143 0.363636
vt 0.357143 0.454545
vt 0.357143 0.545455
vt 0.357143 0.636364
vt 0.357143 0.727273
vt 0.357143 0.818182
vt 0.357143 0.909091
vt 0.357143 1.000000
vt 0.392857 0.090909
vt 0.392857 0.000000
vt 0.392857 0.181818
vt 0.392857 0.272727
vt 0.392857 0.363636
vt 0.392857 0.454545
vt 0.392857 0.545455
vt 0.392857 0.636364
vt 0.392857 0.727273
vt 0.392857 0.818182
vt 0.392857 0.909091
vt 0.392857 1.000000
vt 0.428571 0.090909
vt 0.428571 0.000000
vt 0.428571 0.181818
vt 0.428571 0.272727
vt 0.428571 0.363636
vt 0.428571 0.454545
vt 0.428571 0.545455
vt 0.428571 0.636364
vt 0.428571 0.727273
vt 0.428571 0.818182
vt 0.428571 0.909091
vt 0.428571 1.000000
vt 0.464286 0.090909
vt 0.464286 0.000000
vt 0.464286 0.181818
vt 0.464286 0.272727
vt 0.464286 0.363636
vt 0.464286 0.454545
vt 0.464286 0.545455
vt 0.464286 0.636364
vt 0.464286 0.727273
vt 0.464286 0.818182
vt 0.464286 0.909091
vt 0.464286 1.000000
vt 0.500000 0.090909
vt 0.500000 0.181818
vt 0.500000 0.272727
vt 0.500000 0.363636
vt 0.500000 0.454545
vt 0.500000 0.545455
vt 0.500000 0.636364
vt 0.500000 0.727273
vt 0.500000 0.818182
vt 0.500000 0.909091
vt 0.535714 0.090909
vt 0.535714 0.000000
vt 0.535714 0.181818
vt 0.535714 0.272727
vt 0.535714 0.363636
vt 0.535714 0.454545
vt 0.535714 0.545455
vt 0.535714 0.636364
vt 0.535714 0.727273
vt 0.535714 0.818182
vt 0.535714 0.909091
vt 0.535714 1.000000
vt 0.571429 0.090909
vt 0.571429 0.000000
vt 0.571429 0.181818
vt 0.571429 0.272727
vt 0.571429 0.363636
vt 0.571429 0.454545
vt 0.571429 0.545455
vt 0.571429 0.636364
vt 0.571429 0.727273
vt 0.571429 0.818182
vt 0.571429 0.909091
vt 0.571429 1.000000
vt 0.607143 0.090909
vt 0.607143 0.000000
vt 0.607143 0.181818
vt 0.607143 0.272727
vt 0.607143 0.363636
vt 0.607143 0.454545
vt 0.607143 0.545455
vt 0.607143 0.636364
vt 0.607143 0.727273
vt 0.607143 0.818182
vt 0.607143 0.909091
vt 0.607143 1.000000
vt 0.642857 0.090909
vt 0.642857 0.000000
vt 0.642857 0.181818
vt 0.642857 0.272727
vt 0.642857 0.363636
vt 0.642857 0.454545
vt 0.642857 0.545455
vt 0.642857 0.636364
vt 0.642857 0.727273
vt 0.642857 0.818182
vt 0.642857 0.909091
vt 0.642857 1.000000
vt 0.678571 0.090909
vt 0.678571 0.000000
vt 0.678571 0.181818
vt 0.678571 0.272727
vt 0.678571 0.363636
vt 0.678571 0.454545
vt 0.678571 0.545455
vt 0.678571 0.636364
vt 0.678571 0.727273
vt 0.678571 0.818182
vt 0.678571 0.909091
vt 0.678571 1.000000
vt 0.714286 0.090909
vt 0.714286 0.000000
vt 0.714286 0.181818
vt 0.714286 0.272727
vt 0.714286 0.363636
vt 0.714286 0.454545
vt 0.714286 0.545455
vt 0.714286 0.636364
vt 0.714286 0.727273
vt 0.714286 0.818182
vt 0.714286 0.909091
vt 0.714286 1.000000
vt 0.750000 0.090909
vt 0.750000 0.000000
vt 0.750000 0.181818
vt 0.750000 0.272727
vt 0.750000 0.363636
vt 0.750000 0.454545
vt 0.750000 0.545455
vt 0.750000 0.636364
vt 0.750000 0.727273
vt 0.750000 0.818182
vt 0.750000 0.909091
vt 0.750000 1.000000
vt 0.785714 0.090909
vt 0.785714 0.000000
vt 0.785714 0.181818
vt 0.785714 0.272727
vt 0.785714 0.363636
vt 0.785714 0.454545
vt 0.785714 0.545455
vt 0.785714 0.636364
vt 0.785714 0.727273
vt 0.785714 0.818182
vt 0.785714 0.909091
vt 0.785714 1.000000
vt 0.821429 0.090909
vt 0.821429 0.000000
vt 0.821429 0.181818
vt 0.821429 0.272727
vt 0.821429 0.363636
vt 0.821429 0.454545
vt 0.821429 0.545455
vt 0.821429 0.636364
vt 0.821429 0.727273
vt 0.821429 0.818182
vt 0.821429 0.909091
vt 0.821429 1.000000
vt 0.857143 0.090909
vt 0.857143 0.000000
vt 0.857143 0.181818
vt 0.857143 0.272727
vt 0.857143 0.363636
vt 0.857143 0.454545
vt 0.857143 0.545455
vt 0.857143 0.636364
vt 0.857143 0.727273
vt 0.857143 0.818182
vt 0.857143 0.909091
vt 0.857143 1.000000
vt 0.892857 0.090909
vt 0.892857 0.000000
vt 0.892857 0.181818
vt 0.892857 0.272727
vt 0.892857 0.363636
vt 0.892857 0.454545
vt 0.892857 0.545455
vt 0.892857 0.636364
vt 0.892857 0.727273
vt 0.892857 0.818182
vt 0.892857 0.909091
vt 0.892857 1.000000
vt 0.928571 0.090909
vt 0.928571 0.000000
vt 0.928571 0.181818
vt 0.928571 0.272727
vt 0.928571 0.363636
vt 0.928571 0.454545
vt 0.928571 0.545455
vt 0.928571 0.636364
vt 0.928571 0.727273
vt 0.928571 0.818182
vt 0.928571 0.909091
vt 0.928571 1.000000
vt 0.964286 0.090909
vt 0.964286 0.000000
vt 0.964286 0.181818
vt 0.964286 0.272727
vt 0.964286 0.363636
vt 0.964286 0.454545
vt 0.964286 0.545455
vt 0.964286 0.636364
vt 0.964286 0.727273
vt 0.964286 0.818182
vt 0.964286 0.909091
vt 0.964286 1.000000
vt 1.000000 0.090909
vt 1.000000 0.181818
vt 1.000000 0.272727
vt 1.000000 0.363636
vt 1.000000 0.454545
vt 1.000000 0.545455
vt 1.000000 0.636364
vt 1.000000 0.727273
vt 1.000000 0.818182
vt 1.000000 0.909091
vt 0.875000 0.750000
vt 0.875000 0.500000
vt 0.625000 0.500000
vt 0.375000 0.500000
vt 0.625000 0.750000
vt 0.375000 0.750000
vt 0.625000 1.000000
vt 0.375000 1.000000
vt 0.125000 0.500000
vt 0.125000 0.750000
vt 0.625000 0.250000
vt 0.375000 0.250000
vt 0.375000 0.000000
vt 0.625000 0.000000
vt 0.625000 0.250000
s 1
usemtl House_1
f 70/3/2 68/4/3 37/5/3 39/3/2
f 152/11/5 14/11/5 26/11/5 156/11/5
f 67/2/8 69/12/9 35/13/9 36/1/8
f 296/14/10 70/3/2 39/3/2 289/14/10
f 291/14/4 14/11/4 35/13/4 289/14/4
f 14/11/4 152/11/4 147/13/4 35/13/4
f 13/16/12 150/17/13 153/18/13 25/16/12
f 10/11/5 151/11/5 155/19/5 22/11/5
f 291/14/14 13/16/14 25/16/14 292/14/14
f 293/20/4 24/15/15 26/11/15 292/14/4
f 27/21/4 158/22/4 154/16/4 21/17/4
f 23/23/12 157/22/12 162/24/12 31/23/12
f 160/15/6 24/15/5 32/15/5 163/15/6
f 28/15/5 159/15/6 164/15/6 30/15/5
f 293/20/14 23/23/14 31/23/14 295/20/14
f 42/27/4 41/28/4 34/13/4 33/1/4
f 43/29/4 44/30/4 36/1/4 35/13/4
f 47/31/4 46/32/4 38/5/4 40/3/4
f 45/33/4 48/34/4 39/3/4 37/5/4
f 150/17/4 13/16/4 39/3/4 146/3/4
f 151/19/4 10/11/4 34/13/4 148/13/4
f 290/14/10 15/3/2 70/3/2 296/14/10
f 6/1/8 16/13/9 69/12/9 67/2/8
f 15/3/2 8/5/3 68/4/3 70/3/2
f 138/45/5 4/5/5 81/8/5 210/46/5
f 65/2/12 3/1/12 74/48/12 73/1/12
f 6/1/12 67/2/12 76/6/12 75/48/12
f 65/2/12 199/1/12 215/2/12 86/1/12
f 142/48/12 33/1/12 85/48/12 214/1/12
f 66/5/5 38/5/5 78/8/5 77/8/5
f 38/5/5 143/4/5 207/8/5 78/8/5
f 37/5/5 68/4/5 80/46/5 79/8/5
f 66/5/5 197/5/5 211/45/5 82/8/5
f 4/5/5 66/5/5 82/8/5 81/8/5
f 197/5/5 66/5/5 77/8/5 206/4/5
f 68/4/5 8/5/5 84/4/5 83/45/5
f 33/1/12 65/2/12 86/1/12 85/48/12
f 199/1/12 65/2/12 73/1/12 202/2/12
f 67/2/12 36/1/12 88/2/12 87/1/12
f 44/30/4 166/30/4 141/1/4 36/1/4
f 46/32/4 168/33/4 143/4/4 38/5/4
f 165/30/4 42/27/4 33/1/4 142/48/4
f 67/2/12 200/1/12 201/2/12 76/6/12
f 198/5/5 68/4/5 83/45/5 212/8/5
f 167/33/4 45/33/4 37/5/4 144/4/4
f 3/1/12 140/48/12 203/48/12 74/48/12
f 200/2/12 67/2/12 87/1/12 216/2/12
f 139/1/12 6/1/12 75/48/12 204/48/12
f 68/4/5 198/5/5 205/4/5 80/46/5
f 171/29/4 43/29/4 35/13/4 147/13/4
f 9/17/4 149/17/4 145/3/4 40/3/4
f 144/4/5 37/5/5 79/8/5 208/49/5
f 36/1/12 141/48/12 213/1/12 88/2/12
f 158/24/12 27/21/12 29/21/12 161/22/12
f 159/15/4 28/15/4 22/11/4 155/11/4
f 24/15/15 160/15/15 156/11/15 26/11/15
f 157/24/20 23/23/20 25/16/20 153/18/20
f 41/28/4 172/29/4 148/13/4 34/13/4
f 169/40/4 47/31/4 40/3/4 145/3/4
f 149/18/13 9/17/12 21/17/12 154/18/13
f 48/34/4 170/34/4 146/3/4 39/3/4
f 142/48/12 214/1/12 213/1/12 141/48/12
f 200/2/12 216/2/12 215/2/12 199/1/12
f 138/45/5 210/46/5 209/46/5 137/45/5
f 198/5/5 212/8/5 211/45/5 197/5/5
f 197/5/5 206/4/5 205/4/5 198/5/5
f 144/4/5 208/49/5 207/8/5 143/4/5
f 199/1/12 202/2/12 201/2/12 200/1/12
f 139/1/12 204/48/12 203/48/12 140/48/12
f 171/29/4 147/13/4 148/13/4 172/29/4
f 169/40/4 145/3/4 146/3/4 170/34/4
f 167/33/4 144/4/4 143/4/4 168/33/4
f 165/30/4 142/48/4 141/1/4 166/30/4
f 160/15/6 163/15/6 164/15/6 159/15/6
f 158/24/12 161/22/12 162/24/12 157/22/12
f 159/15/4 155/11/4 156/11/15 160/15/15
f 157/24/20 153/18/20 154/16/4 158/22/4
f 152/11/5 156/11/5 155/19/5 151/11/5
f 151/19/4 148/13/4 147/13/4 152/11/4
f 150/17/4 146/3/4 145/3/4 149/17/4
f 149/18/13 154/18/13 153/18/13 150/17/13
f 8/5/5 137/45/5 209/46/5 84/4/5
f 16/13/9 290/14/26 296/14/26 69/12/9
f 24/15/14 293/20/14 295/20/14 32/15/14
f 23/23/20 293/20/4 292/14/4 25/16/20
f 14/11/14 291/14/14 292/14/14 26/11/14
f 13/16/4 291/14/4 289/14/4 39/3/4
f 69/12/9 296/14/26 289/14/26 35/13/9
f 21/17/32 9/17/32 333/17/32 337/17/32
f 10/11/34 22/11/34 338/11/34 334/11/34
f 412/66/48 416/67/48 400/68/48 393/63/48
f 418/69/48 408/70/48 400/68/48 416/67/48
f 415/71/48 410/72/48 396/62/48 399/73/48
f 393/63/53 523/63/54 553/79/54 436/80/54
f 392/73/56 403/83/56 534/83/56 530/84/56
f 395/61/58 527/86/58 561/87/58 444/87/58
f 388/62/56 392/73/56 530/84/56 531/62/56
f 662/65/56 404/64/56 535/64/56 668/88/56
f 415/71/48 399/73/48 407/89/48 417/90/48
f 666/91/48 664/65/48 408/70/48 418/69/48
f 391/68/56 387/63/56 524/63/56 525/92/56
f 529/84/56 533/89/56 407/89/56 399/73/56
f 663/14/59 666/91/59 418/69/59 405/3/59
f 397/1/59 415/71/59 417/90/59 406/13/59
f 397/1/59 395/61/59 410/72/59 415/71/59
f 405/3/59 418/69/59 416/67/59 398/5/59
f 394/59/59 398/5/59 416/67/59 412/66/59
f 385/59/62 390/5/62 422/97/62 421/98/62
f 398/5/62 394/59/62 424/98/62 423/97/62
f 520/59/50 394/59/63 427/99/63 548/100/50
f 522/48/62 389/1/62 429/101/62 550/102/62
f 409/66/49 385/59/49 426/99/49 425/103/49
f 397/1/62 521/48/62 549/104/62 432/105/62
f 394/59/63 412/66/53 428/103/53 427/99/63
f 409/66/49 539/66/49 555/106/49 434/106/49
f 389/1/62 386/61/62 430/107/62 429/101/62
f 528/86/64 386/61/64 441/87/64 562/87/64
f 395/61/62 397/1/62 432/105/62 431/107/62
f 385/59/49 519/59/49 547/100/49 426/99/49
f 387/63/49 409/66/49 434/106/49 433/80/49
f 539/66/49 409/66/49 425/103/49 546/103/49
f 412/66/53 393/63/53 436/80/54 435/106/53
f 526/92/56 523/63/56 393/63/56 400/68/56
f 411/72/64 388/62/64 438/108/64 437/109/64
f 667/110/56 536/64/56 408/70/56 664/65/56
f 396/62/65 410/72/65 440/109/65 439/111/66
f 411/72/64 537/112/64 563/113/64 442/114/64
f 386/61/64 411/72/64 442/114/64 441/87/64
f 537/112/64 411/72/64 437/109/64 558/109/64
f 410/72/65 395/61/58 444/87/58 443/113/65
f 386/61/62 528/86/62 551/107/62 430/107/62
f 412/66/53 540/66/49 545/137/49 428/103/53
f 538/112/65 410/72/65 443/113/65 564/113/65
f 532/62/87 396/62/65 439/111/66 560/108/87
f 404/64/56 391/68/56 525/92/56 535/64/56
f 410/72/65 538/112/65 557/109/75 440/109/65
f 390/5/62 518/45/62 543/97/62 422/97/62
f 527/86/62 395/61/62 431/107/62 552/107/62
f 540/66/49 412/66/53 435/106/53 556/106/50
f 394/59/62 520/59/62 541/98/62 424/98/62
f 519/59/62 385/59/62 421/98/62 542/98/62
f 517/45/57 398/5/57 423/97/57 544/97/57
f 388/62/64 531/62/87 559/111/87 438/108/64
f 536/64/56 526/92/56 400/68/56 408/70/56
f 532/62/56 529/84/56 399/73/56 396/62/56
f 524/63/90 387/63/49 433/80/49 554/79/90
f 528/86/64 562/87/64 561/87/58 527/86/58
f 538/112/65 564/113/65 563/113/64 537/112/64
f 537/112/64 558/109/64 557/109/75 538/112/65
f 532/62/87 560/108/87 559/111/87 531/62/87
f 524/63/90 554/79/90 553/79/54 523/63/54
f 540/66/49 556/106/50 555/106/49 539/66/49
f 522/48/62 550/102/62 549/104/62 521/48/62
f 527/86/62 552/107/62 551/107/62 528/86/62
f 539/66/49 546/103/49 545/137/49 540/66/49
f 520/59/50 548/100/50 547/100/49 519/59/49
f 519/59/62 542/98/62 541/98/62 520/59/62
f 517/45/57 544/97/57 543/97/62 518/45/62
f 667/110/56 533/83/56 534/83/56 668/88/56
f 533/89/56 529/84/56 530/84/56 534/83/56
f 526/92/56 536/64/56 535/64/56 525/92/56
f 529/84/56 532/62/56 531/62/56 530/84/56
f 523/63/56 526/92/56 525/92/56 524/63/56
f 536/64/56 667/110/56 668/88/56 535/64/56
f 533/83/56 667/110/56 664/65/56 407/89/56
f 406/13/59 417/90/59 666/91/59 663/14/59
f 417/90/48 407/89/48 664/65/48 666/91/48
f 403/83/56 662/65/56 668/88/56 534/83/56
f 370/59/14 365/59/14 355/59/14 359/59/14 361/59/14 363/59/14 372/59/14 362/59/14 360/59/14 358/59/14 354/59/14 367/59/14 371/59/14 356/59/14 357/59/14
usemtl Gray_House
f 91/1/4 219/6/4 252/1/4 124/1/4
f 5/7/5 173/7/6 190/7/6 60/7/5
f 224/8/7 94/8/7 126/8/7 256/8/7
f 19/9/5 177/10/5 193/10/5 64/9/5
f 2/35/16 18/36/16 57/36/16 58/35/16
f 44/30/16 43/29/16 51/29/16 52/30/16
f 18/36/12 179/36/13 195/36/13 57/36/12
f 41/28/14 42/27/14 50/27/14 49/28/14
f 180/36/13 20/37/12 59/37/12 196/36/13
f 7/39/14 19/9/14 64/9/14 61/39/14
f 47/31/12 169/40/13 185/34/13 55/31/12
f 58/35/4 57/36/4 49/28/4 50/27/4
f 59/37/4 60/7/4 52/30/4 51/29/4
f 60/7/4 190/7/4 181/41/4 52/30/4
f 64/9/4 193/10/4 186/40/4 56/34/4
f 63/42/4 62/43/4 54/32/4 55/31/4
f 61/39/4 64/9/4 56/34/4 53/33/4
f 196/36/4 59/37/4 51/29/4 187/29/4
f 57/36/4 195/36/4 188/29/4 49/28/4
f 168/33/5 46/32/5 54/32/5 183/33/5
f 20/37/14 5/7/14 60/7/14 59/37/14
f 45/33/5 167/33/5 184/33/5 53/33/5
f 46/32/14 47/31/14 55/31/14 54/32/14
f 1/43/12 175/39/13 192/44/13 62/43/12
f 48/34/16 45/33/16 53/33/16 56/34/16
f 17/42/16 1/43/16 62/43/16 63/42/16
f 99/45/7 227/46/7 259/8/7 132/45/7
f 103/1/20 231/1/4 264/47/4 136/1/20
f 100/5/14 99/45/14 132/45/14 131/5/14
f 87/1/16 88/2/16 119/2/16 120/1/16
f 86/1/7 215/2/7 247/1/7 118/1/7
f 98/45/16 97/8/16 129/8/16 130/45/16
f 88/2/4 213/1/4 245/1/4 119/2/4
f 85/48/14 86/1/14 118/1/14 117/48/14
f 96/46/14 95/8/14 128/8/14 127/46/14
f 95/8/7 223/8/7 255/8/7 128/8/7
f 83/45/16 84/4/16 115/4/16 116/45/16
f 82/8/4 211/45/4 243/45/4 114/8/4
f 94/8/16 93/49/16 125/49/16 126/8/16
f 212/45/4 83/45/4 116/45/4 244/8/4
f 105/1/12 106/48/12 122/1/12 121/1/12
f 106/48/12 236/48/12 251/1/12 122/1/12
f 108/48/12 107/6/12 123/6/12 124/1/12
f 235/48/12 108/48/12 124/1/12 252/1/12
f 109/8/6 110/8/6 126/8/6 125/49/6
f 115/4/5 241/5/5 258/8/5 131/5/5
f 112/8/5 111/46/5 127/46/5 128/8/5
f 110/8/6 240/8/5 256/8/5 126/8/6
f 113/8/6 114/8/6 130/45/6 129/8/6
f 114/8/6 243/8/5 260/8/5 130/45/6
f 116/45/5 115/4/5 131/5/5 132/45/5
f 244/45/5 116/45/5 132/45/5 259/8/5
f 117/48/12 118/1/12 134/1/12 133/1/12
f 118/1/12 247/1/13 263/47/13 134/1/12
f 120/1/13 119/2/13 135/2/13 136/1/13
f 119/2/13 245/1/12 261/1/12 135/2/13
f 218/48/7 92/6/7 123/6/7 249/1/7
f 102/1/16 101/1/16 133/1/16 134/1/16
f 77/8/14 78/8/14 110/8/14 109/8/14
f 101/1/7 229/2/7 262/1/7 133/1/7
f 78/8/4 207/49/4 240/45/4 110/8/4
f 84/4/7 209/46/7 241/5/7 115/4/7
f 104/2/14 103/1/14 136/1/14 135/2/14
f 73/1/14 74/48/14 106/48/14 105/1/14
f 79/8/16 80/46/16 111/46/16 112/8/16
f 204/48/7 75/48/7 108/48/7 235/48/7
f 90/1/16 89/1/16 121/1/16 122/1/16
f 74/48/7 203/48/7 236/48/7 106/48/7
f 75/48/16 76/6/16 107/6/16 108/48/16
f 92/6/14 91/1/14 124/1/14 123/6/14
f 81/8/14 82/8/14 114/8/14 113/8/14
f 220/6/4 90/1/15 122/1/15 251/1/4
f 222/8/4 96/46/4 127/46/4 254/46/4
f 202/2/4 73/1/4 105/1/4 233/2/4
f 208/8/4 79/8/4 112/8/4 239/8/4
f 232/1/4 102/1/4 134/1/4 263/47/4
f 206/46/7 77/8/7 109/8/7 237/5/7
f 76/6/20 201/2/4 234/2/4 107/6/20
f 248/1/12 120/1/13 136/1/13 264/47/12
f 242/4/5 113/8/6 129/8/6 257/8/5
f 246/1/12 117/48/12 133/1/12 262/1/12
f 237/4/6 109/8/6 125/49/6 253/46/6
f 239/45/5 112/8/5 128/8/5 255/8/5
f 111/46/5 238/5/5 254/46/5 127/46/5
f 233/2/12 105/1/12 121/1/12 250/1/12
f 107/6/12 234/2/12 249/1/12 123/6/12
f 210/50/7 81/8/7 113/8/7 242/5/7
f 214/1/4 85/48/4 117/48/4 246/1/4
f 226/8/4 100/5/4 131/5/4 258/8/4
f 216/2/7 87/1/22 120/1/22 248/1/7
f 228/46/7 98/45/7 130/45/7 260/8/7
f 80/46/7 205/4/7 238/5/7 111/46/7
f 230/2/7 104/2/7 135/2/7 261/1/7
f 97/8/4 225/8/4 257/8/4 129/8/4
f 170/40/13 48/34/12 56/34/12 186/34/13
f 166/41/13 44/30/12 52/30/12 181/30/13
f 194/10/4 63/42/4 55/31/4 185/34/4
f 191/43/4 61/39/4 53/33/4 184/33/4
f 62/43/4 192/39/4 183/33/4 54/32/4
f 43/29/5 171/29/6 187/29/6 51/29/5
f 172/29/6 41/28/5 49/28/5 188/29/6
f 178/10/5 17/42/5 63/42/5 194/10/5
f 189/7/4 58/35/4 50/27/4 182/30/4
f 42/27/12 165/30/13 182/30/13 50/27/12
f 176/43/13 7/39/12 61/39/12 191/39/13
f 93/49/4 221/8/4 253/46/4 125/49/4
f 174/7/6 2/35/5 58/35/5 189/7/6
f 89/1/7 217/48/7 250/1/7 121/1/7
f 220/6/4 251/1/4 252/1/4 219/6/4
f 218/48/7 249/1/7 250/1/7 217/48/7
f 204/48/7 235/48/7 236/48/7 203/48/7
f 202/2/4 233/2/4 234/2/4 201/2/4
f 208/8/4 239/8/4 240/45/4 207/49/4
f 232/1/4 263/47/4 264/47/4 231/1/4
f 206/46/7 237/5/7 238/5/7 205/4/7
f 230/2/7 261/1/7 262/1/7 229/2/7
f 246/1/12 262/1/12 261/1/12 245/1/12
f 248/1/12 264/47/12 263/47/13 247/1/13
f 242/4/5 257/8/5 258/8/5 241/5/5
f 244/45/5 259/8/5 260/8/5 243/8/5
f 237/4/6 253/46/6 254/46/5 238/5/5
f 239/45/5 255/8/5 256/8/5 240/8/5
f 233/2/12 250/1/12 249/1/12 234/2/12
f 235/48/12 252/1/12 251/1/12 236/48/12
f 210/50/7 242/5/7 241/5/7 209/46/7
f 212/45/4 244/8/4 243/45/4 211/45/4
f 222/8/4 254/46/4 253/46/4 221/8/4
f 224/8/7 256/8/7 255/8/7 223/8/7
f 214/1/4 246/1/4 245/1/4 213/1/4
f 216/2/7 248/1/7 247/1/7 215/2/7
f 226/8/4 258/8/4 257/8/4 225/8/4
f 228/46/7 260/8/7 259/8/7 227/46/7
f 176/43/5 175/39/5 281/39/5 282/43/5
f 222/8/7 221/8/7 273/8/7 274/8/7
f 225/8/14 228/46/14 280/46/14 277/8/14
f 230/2/4 229/2/4 271/2/4 272/2/4
f 176/43/13 191/39/13 192/44/13 175/39/13
f 174/7/6 189/7/6 190/7/6 173/7/6
f 168/33/5 183/33/5 184/33/5 167/33/5
f 166/41/13 181/30/13 182/30/13 165/30/13
f 196/36/4 187/29/4 188/29/4 195/36/4
f 194/10/4 185/34/4 186/40/4 193/10/4
f 191/43/4 184/33/4 183/33/4 192/39/4
f 189/7/4 182/30/4 181/41/4 190/7/4
f 170/40/13 186/34/13 185/34/13 169/40/13
f 172/29/6 188/29/6 187/29/6 171/29/6
f 178/10/5 194/10/5 193/10/5 177/10/5
f 180/36/13 196/36/13 195/36/13 179/36/13
f 227/46/16 226/8/16 278/8/16 279/46/16
f 229/2/14 232/1/14 270/1/14 271/2/14
f 180/36/5 179/36/5 287/36/5 288/36/5
f 269/1/13 272/2/13 271/2/13 270/1/13
f 279/46/5 278/8/5 277/8/5 280/46/5
f 285/10/4 282/39/4 281/44/4 286/10/4
f 275/8/5 274/8/5 273/8/5 276/8/5
f 283/7/4 288/36/4 287/38/4 284/7/4
f 265/6/13 268/48/13 267/48/13 266/6/13
f 173/7/16 180/36/16 288/36/16 283/7/16
f 228/46/4 227/46/4 279/46/4 280/46/4
f 179/38/14 174/7/14 284/7/14 287/38/14
f 220/6/22 219/6/22 265/6/22 266/6/22
f 232/1/23 231/1/23 269/1/23 270/1/23
f 174/7/24 173/7/24 283/7/24 284/7/24
f 223/8/16 222/8/16 274/8/16 275/8/16
f 224/8/4 223/8/4 275/8/4 276/8/4
f 221/8/14 224/8/14 276/8/14 273/8/14
f 218/48/4 217/48/4 267/48/4 268/48/4
f 178/10/13 177/10/13 285/10/13 286/10/13
f 219/6/16 218/48/16 268/48/16 265/6/16
f 226/8/25 225/8/25 277/8/25 278/8/25
f 177/10/16 176/39/16 282/39/16 285/10/16
f 217/48/14 220/6/14 266/6/14 267/48/14
f 231/1/16 230/2/16 272/2/16 269/1/16
f 175/44/14 178/10/14 286/10/14 281/44/14
f 447/74/49 567/74/50 616/75/50 496/74/49
f 572/76/51 450/77/52 498/77/52 620/78/51
f 455/81/55 575/81/55 624/82/55 504/81/55
f 580/85/57 458/85/57 506/85/57 627/85/57
f 463/93/60 583/94/57 631/94/57 512/93/60
f 467/95/61 587/95/56 635/96/56 516/95/61
f 421/98/67 422/97/67 470/97/67 469/98/67
f 430/107/64 551/107/65 599/115/65 478/107/64
f 454/81/47 453/116/47 501/116/47 502/81/47
f 552/117/65 431/107/64 480/107/64 600/107/65
f 429/101/68 430/107/68 478/107/68 477/101/68
f 468/118/68 467/95/68 516/95/68 515/118/68
f 589/98/62 469/98/62 493/119/62 614/120/62
f 443/113/47 444/87/47 491/87/47 492/113/47
f 465/118/62 585/118/69 633/121/69 513/118/62
f 442/114/56 563/113/56 611/122/56 490/114/56
f 466/95/70 465/118/70 513/118/70 514/95/70
f 564/113/71 443/113/72 492/113/72 612/122/71
f 452/123/68 451/78/68 500/78/68 499/123/68
f 441/87/73 442/114/73 490/114/73 489/87/73
f 451/78/56 571/78/71 619/78/71 500/78/56
f 427/99/47 428/103/47 475/103/47 476/99/47
f 432/105/49 549/102/49 597/105/49 479/105/49
f 450/77/74 449/123/74 497/123/74 498/77/74
f 426/99/62 547/100/60 595/99/60 474/99/62
f 425/103/73 426/99/73 474/99/73 473/103/73
f 464/124/68 463/93/68 512/93/68 511/124/68
f 439/111/47 440/109/47 487/109/47 488/111/47
f 469/98/62 470/97/62 494/74/62 493/119/62
f 470/97/62 592/127/62 615/75/62 494/74/62
f 472/97/62 471/98/62 495/119/62 496/74/62
f 471/98/62 590/98/57 613/120/57 495/119/62
f 473/103/49 474/99/50 498/77/50 497/123/49
f 479/105/57 597/101/57 621/116/57 503/128/57
f 476/99/49 475/103/49 499/123/49 500/78/49
f 474/99/50 595/99/50 620/76/50 498/77/50
f 477/101/62 478/107/57 502/81/57 501/116/62
f 478/107/57 599/107/57 623/82/57 502/81/57
f 480/107/57 479/105/57 503/128/57 504/81/57
f 600/117/57 480/107/57 504/81/57 624/82/57
f 485/109/64 486/108/75 506/85/75 505/129/64
f 491/87/65 609/87/64 630/124/64 511/124/65
f 488/111/75 487/109/64 507/129/64 508/130/75
f 486/108/75 608/108/75 627/85/75 506/85/75
f 489/87/64 490/114/64 510/126/64 509/125/64
f 490/114/64 611/122/65 632/131/65 510/126/64
f 492/113/65 491/87/65 511/124/65 512/93/65
f 612/122/64 492/113/65 512/93/65 631/94/64
f 481/80/49 482/106/49 514/95/49 513/118/49
f 482/106/49 604/106/49 636/96/49 514/95/49
f 484/106/49 483/80/49 515/118/49 516/95/49
f 483/80/49 602/80/49 634/118/49 515/118/49
f 431/107/47 432/105/47 479/105/47 480/107/47
f 424/98/49 541/98/50 590/98/50 471/98/49
f 578/129/76 460/129/72 507/129/72 625/129/76
f 446/74/47 445/119/47 493/119/47 494/74/47
f 422/97/77 543/97/77 592/127/77 470/97/77
f 456/128/67 455/81/67 504/81/67 503/128/67
f 445/119/77 565/119/58 614/120/58 493/119/77
f 423/97/47 424/98/47 471/98/47 472/97/47
f 433/80/68 434/106/68 482/106/68 481/80/68
f 448/119/68 447/74/68 496/74/68 495/119/68
f 436/80/71 553/79/71 602/80/71 483/80/71
f 434/106/57 555/106/62 604/106/62 482/106/57
f 435/106/47 436/80/47 483/80/47 484/106/47
f 582/124/71 464/124/56 511/124/56 630/125/71
f 458/85/47 457/129/47 505/129/47 506/85/47
f 459/130/60 579/85/62 628/85/62 508/130/60
f 460/129/68 459/130/68 508/130/68 507/129/68
f 570/132/57 452/123/78 499/123/78 618/123/57
f 437/109/73 438/108/73 486/108/73 485/109/73
f 438/108/61 559/108/79 608/111/79 486/108/61
f 462/126/47 461/125/47 509/125/47 510/126/47
f 444/87/62 561/87/60 609/87/60 491/87/62
f 560/108/80 439/111/51 488/111/51 607/108/80
f 558/109/81 437/109/78 485/109/78 605/109/81
f 428/103/56 545/103/56 593/103/56 475/103/56
f 440/109/78 557/109/81 606/109/81 487/109/78
f 556/106/82 435/106/60 484/106/60 603/106/82
f 568/74/83 446/74/83 494/74/83 615/75/83
f 576/133/55 454/81/83 502/81/83 623/82/55
f 544/127/75 423/97/64 472/97/64 591/127/75
f 603/106/49 484/106/49 516/95/49 635/96/49
f 487/109/64 606/109/64 625/129/64 507/129/64
f 610/87/64 489/87/64 509/125/64 629/125/64
f 601/80/49 481/80/49 513/118/49 633/118/49
f 605/109/64 485/109/64 505/129/64 626/129/64
f 607/108/75 488/111/75 508/130/75 628/85/75
f 598/101/62 477/101/62 501/116/62 622/116/62
f 594/134/49 473/103/49 497/123/49 617/123/49
f 596/135/49 476/99/49 500/78/49 619/78/49
f 475/103/49 593/134/49 618/132/49 499/123/49
f 591/136/62 472/97/62 496/74/62 616/75/62
f 584/131/84 462/126/84 510/126/84 632/94/84
f 546/103/56 425/103/56 473/103/56 594/134/56
f 548/99/60 427/99/62 476/99/62 596/99/60
f 574/116/65 456/128/64 503/128/64 621/116/65
f 562/87/85 441/87/86 489/87/86 610/87/85
f 588/95/71 466/95/56 514/95/56 636/96/71
f 554/79/56 433/80/51 481/80/51 601/80/56
f 550/102/50 429/101/83 477/101/83 598/101/50
f 542/98/88 421/98/89 469/98/89 589/98/88
f 586/118/69 468/118/62 515/118/62 634/118/69
f 461/125/71 581/125/71 629/125/71 509/125/71
f 457/129/72 577/129/76 626/129/76 505/129/72
f 453/116/77 573/116/58 622/116/58 501/116/77
f 449/123/60 569/123/60 617/123/60 497/123/60
f 566/119/65 448/119/64 495/119/64 613/120/65
f 560/108/80 607/108/80 608/111/79 559/108/79
f 558/109/81 605/109/81 606/109/81 557/109/81
f 580/85/57 627/85/57 628/85/62 579/85/62
f 578/129/76 625/129/76 626/129/76 577/129/76
f 556/106/82 603/106/82 604/106/62 555/106/62
f 554/79/56 601/80/56 602/80/71 553/79/71
f 568/74/83 615/75/83 616/75/50 567/74/50
f 566/119/65 613/120/65 614/120/58 565/119/58
f 544/127/75 591/127/75 592/127/77 543/97/77
f 576/133/55 623/82/55 624/82/55 575/81/55
f 542/98/88 589/98/88 590/98/50 541/98/50
f 574/116/65 621/116/65 622/116/58 573/116/58
f 601/80/49 633/118/49 634/118/49 602/80/49
f 603/106/49 635/96/49 636/96/49 604/106/49
f 610/87/64 629/125/64 630/124/64 609/87/64
f 612/122/64 631/94/64 632/131/65 611/122/65
f 605/109/64 626/129/64 625/129/64 606/109/64
f 607/108/75 628/85/75 627/85/75 608/108/75
f 598/101/62 622/116/62 621/116/57 597/101/57
f 600/117/57 624/82/57 623/82/57 599/107/57
f 594/134/49 617/123/49 618/132/49 593/134/49
f 596/135/49 619/78/49 620/76/50 595/99/50
f 589/98/62 614/120/62 613/120/57 590/98/57
f 591/136/62 616/75/62 615/75/62 592/127/62
f 582/124/71 630/125/71 629/125/71 581/125/71
f 584/131/84 632/94/84 631/94/57 583/94/57
f 546/103/56 594/134/56 593/103/56 545/103/56
f 548/99/60 596/99/60 595/99/60 547/100/60
f 570/132/57 618/123/57 617/123/60 569/123/60
f 572/76/51 620/78/51 619/78/71 571/78/71
f 562/87/85 610/87/85 609/87/60 561/87/60
f 564/113/71 612/122/71 611/122/56 563/113/56
f 586/118/69 634/118/69 633/121/69 585/118/69
f 588/95/71 636/96/71 635/96/56 587/95/56
f 550/102/50 598/101/50 597/105/49 549/102/49
f 552/117/65 600/107/65 599/115/65 551/107/65
f 570/132/71 569/123/71 653/123/71 654/132/71
f 565/119/68 568/74/68 642/74/68 643/119/68
f 577/129/91 580/85/91 638/85/91 639/129/91
f 568/74/87 567/74/87 641/74/87 642/74/87
f 567/74/47 566/119/47 644/119/47 641/74/47
f 659/95/92 658/118/92 657/118/92 660/95/92
f 651/94/65 650/125/65 649/125/65 652/94/65
f 637/85/75 640/129/75 639/129/75 638/85/75
f 645/81/69 648/116/69 647/116/69 646/81/69
f 655/78/53 654/123/53 653/123/53 656/78/53
f 641/74/93 644/119/93 643/119/93 642/74/93
f 582/124/78 581/125/78 649/125/78 650/124/78
f 572/76/94 571/78/94 655/78/94 656/76/94
f 566/119/90 565/119/90 643/119/90 644/119/90
f 580/85/72 579/85/72 637/85/72 638/85/72
f 575/81/95 574/116/95 648/116/95 645/81/95
f 588/95/82 587/95/82 659/95/82 660/95/82
f 573/116/68 576/81/68 646/81/68 647/116/68
f 574/116/90 573/116/90 647/116/90 648/116/90
f 587/95/74 586/118/74 658/118/74 659/95/74
f 571/78/96 570/123/96 654/123/96 655/78/96
f 585/118/73 588/95/73 660/95/73 657/118/73
f 584/131/72 583/94/72 651/94/72 652/131/72
f 569/123/91 572/78/91 656/78/91 653/123/91
f 583/94/47 582/125/47 650/125/47 651/94/47
f 581/125/68 584/94/68 652/94/68 649/125/68
f 576/133/75 575/81/75 645/81/75 646/133/75
f 578/129/57 577/129/57 639/129/57 640/129/57
f 579/85/74 578/129/74 640/129/74 637/85/74
f 586/118/71 585/118/71 657/118/71 658/118/71
usemtl Mirror_Shine
f 18/36/4 2/35/4 174/7/4 179/38/4
f 180/36/4 173/7/4 5/7/4 20/37/4
f 101/1/12 102/1/12 232/1/12 229/2/12
f 97/8/5 98/45/5 228/46/5 225/8/5
f 93/49/5 94/8/5 224/8/5 221/8/5
f 89/1/12 90/1/12 220/6/12 217/48/12
f 218/48/12 219/6/12 91/1/12 92/6/12
f 230/2/12 231/1/12 103/1/12 104/2/12
f 222/8/5 223/8/5 95/8/5 96/46/5
f 226/8/5 227/46/5 99/45/5 100/5/5
f 176/39/4 177/10/4 19/9/4 7/39/4
f 1/43/4 17/42/4 178/10/4 175/44/4
f 315/55/4 316/25/4 320/25/4 319/26/4
f 322/53/4 321/25/4 324/56/4 323/53/4
f 326/52/4 325/54/4 328/54/4 327/51/4
f 317/52/4 318/57/4 330/58/4 329/51/4
f 449/123/49 450/77/49 572/78/49 569/123/49
f 465/118/49 466/95/49 588/95/49 585/118/49
f 461/125/64 462/126/64 584/94/64 581/125/64
f 453/116/62 454/81/62 576/81/62 573/116/62
f 457/129/75 458/85/75 580/85/75 577/129/75
f 578/129/64 579/85/64 459/130/64 460/129/64
f 566/119/62 567/74/62 447/74/62 448/119/62
f 574/116/62 575/81/62 455/81/62 456/128/62
f 582/125/64 583/94/64 463/93/64 464/124/64
f 570/123/49 571/78/49 451/78/49 452/123/49
f 445/119/62 446/74/62 568/74/62 565/119/62
f 586/118/50 587/95/50 467/95/50 468/118/50
usemtl House_Gray
f 375/59/38 373/61/38 374/62/38 377/63/38
f 375/59/39 377/63/39 378/62/39 376/61/39
f 381/59/40 383/63/40 380/62/40 379/61/40
f 381/59/41 382/61/41 384/62/41 383/63/41
f 373/61/15 375/59/4 381/59/4 379/61/15
f 374/62/42 373/61/42 379/61/42 380/62/42
f 377/63/43 374/62/43 380/62/43 383/63/43
f 375/59/4 376/61/20 382/61/20 381/59/4
f 376/61/44 378/62/44 384/62/44 382/61/44
f 378/62/45 377/63/45 383/63/45 384/62/45
f 701/59/97 702/61/97 704/62/97 703/63/97
f 705/59/98 707/63/98 708/62/98 706/61/98
f 701/59/99 703/63/99 707/63/99 705/59/99
f 702/61/100 701/59/100 705/59/100 706/61/100
f 704/62/101 702/61/101 706/61/101 708/62/101
f 703/63/6 704/62/6 708/62/6 707/63/6
f 709/59/102 711/63/102 712/62/102 710/61/102
f 713/59/103 714/61/103 716/62/103 715/63/103
f 709/59/104 713/59/104 715/63/104 711/63/104
f 710/61/105 714/61/105 713/59/105 709/59/105
f 712/62/106 716/62/106 714/61/106 710/61/106
f 711/63/107 715/63/107 716/62/107 712/62/107
usemtl Material.007
f 742/142/4 744/143/4 743/144/4
f 742/142/4 717/59/4 744/143/4
f 718/145/4 720/146/4 719/147/4
f 718/145/4 721/148/4 720/146/4
f 740/149/4 742/142/4 741/150/4
f 740/149/4 717/59/4 742/142/4
f 740/149/4 718/145/4 717/59/4
f 740/149/4 721/148/4 718/145/4
f 740/149/4 722/151/4 721/148/4
f 740/149/4 723/152/4 722/151/4
f 739/153/108 723/152/16 740/149/108
f 738/154/4 747/155/4 739/153/4
f 747/155/14 723/152/16 739/153/14
f 738/154/4 748/61/4 747/155/4
f 746/156/108 723/152/109 747/155/6
f 745/157/4 724/158/4 746/156/4
f 724/158/108 723/152/16 746/156/108
f 745/157/4 725/159/4 724/158/4
f 736/160/20 738/154/20 737/161/20
f 736/160/4 748/61/4 738/154/4
f 736/160/4 745/157/4 748/61/4
f 736/160/4 725/159/4 745/157/4
f 736/160/4 726/162/4 725/159/4
f 736/160/4 727/163/4 726/162/4
f 735/164/108 727/163/16 736/160/108
f 734/165/20 732/166/20 735/164/20
f 732/166/110 727/163/111 735/164/112
f 734/165/15 733/167/15 732/166/15
f 731/168/14 727/163/111 732/166/110
f 730/169/4 728/170/4 731/168/4
f 728/170/14 727/163/109 731/168/14
f 730/169/15 729/171/15 728/170/15
f 776/143/7 774/142/7 775/144/7
f 749/59/7 774/142/7 776/143/7
f 752/146/7 750/145/7 751/147/7
f 753/148/7 750/145/7 752/146/7
f 774/142/7 772/149/7 773/150/22
f 749/59/7 772/149/7 774/142/7
f 750/145/7 772/149/7 749/59/7
f 753/148/7 772/149/7 750/145/7
f 754/151/7 772/149/7 753/148/7
f 755/152/7 772/149/7 754/151/7
f 755/152/113 771/153/114 772/149/115
f 779/155/7 770/154/22 771/153/7
f 755/152/113 779/155/116 771/153/114
f 780/61/7 770/154/22 779/155/7
f 755/152/117 778/156/118 779/155/119
f 756/158/7 777/157/7 778/156/7
f 755/152/120 756/158/121 778/156/12
f 757/159/7 777/157/7 756/158/7
f 770/154/22 768/160/7 769/161/7
f 780/61/7 768/160/7 770/154/22
f 777/157/7 768/160/7 780/61/7
f 757/159/7 768/160/7 777/157/7
f 758/162/7 768/160/7 757/159/7
f 759/163/7 768/160/7 758/162/7
f 759/163/117 767/164/122 768/160/123
f 764/166/7 766/165/7 767/164/7
f 759/163/124 764/166/125 767/164/126
f 765/167/7 766/165/7 764/166/7
f 759/163/127 763/168/7 764/166/128
f 760/170/7 762/169/7 763/168/7
f 759/163/129 760/170/130 763/168/12
f 761/171/7 762/169/7 760/170/7
f 782/172/131 794/173/132 793/174/133 781/59/134
f 783/175/135 795/176/136 794/173/132 782/172/131
f 784/177/137 796/178/138 795/176/136 783/175/135
f 785/179/139 797/180/140 796/178/138 784/177/137
f 786/181/141 798/182/142 797/180/140 785/179/139
f 787/183/143 799/184/144 798/182/142 786/181/141
f 788/185/145 800/186/146 799/184/144 787/183/143
f 789/187/147 801/188/148 800/186/146 788/185/145
f 790/189/149 802/190/150 801/188/148 789/187/147
f 791/191/151 803/192/152 802/190/150 790/189/149
f 792/63/153 804/193/154 803/192/152 791/191/151
f 794/173/132 806/194/155 805/195/156 793/174/133
f 795/176/157 807/196/158 806/194/155 794/173/132
f 796/178/159 808/197/160 807/196/158 795/176/157
f 797/180/161 809/198/162 808/197/160 796/178/159
f 798/182/163 810/199/164 809/198/162 797/180/161
f 799/184/165 811/200/166 810/199/164 798/182/163
f 800/186/167 812/201/168 811/200/166 799/184/165
f 801/188/169 813/202/170 812/201/168 800/186/167
f 802/190/171 814/203/172 813/202/170 801/188/169
f 803/192/152 815/204/173 814/203/172 802/190/171
f 804/193/154 816/205/174 815/204/173 803/192/152
f 806/194/155 818/206/175 817/207/176 805/195/156
f 807/196/177 819/208/178 818/206/175 806/194/155
f 808/197/179 820/209/180 819/208/178 807/196/177
f 809/198/181 821/210/182 820/209/180 808/197/179
f 810/199/183 822/211/184 821/210/182 809/198/181
f 811/200/185 823/212/186 822/211/184 810/199/183
f 812/201/187 824/213/188 823/212/186 811/200/185
f 813/202/189 825/214/190 824/213/188 812/201/187
f 814/203/191 826/215/192 825/214/190 813/202/189
f 815/204/173 827/216/193 826/215/192 814/203/191
f 816/205/174 828/217/194 827/216/193 815/204/173
f 818/206/175 830/218/195 829/219/196 817/207/176
f 819/208/197 831/220/198 830/218/195 818/206/175
f 820/209/199 832/221/200 831/220/198 819/208/197
f 821/210/201 833/222/202 832/221/200 820/209/199
f 822/211/203 834/223/204 833/222/202 821/210/201
f 823/212/205 835/224/206 834/223/204 822/211/203
f 824/213/207 836/225/208 835/224/206 823/212/205
f 825/214/209 837/226/210 836/225/208 824/213/207
f 826/215/211 838/227/212 837/226/210 825/214/209
f 827/216/193 839/228/151 838/227/212 826/215/211
f 828/217/194 840/229/153 839/228/151 827/216/193
f 830/218/195 842/230/213 841/231/214 829/219/196
f 831/220/135 843/232/215 842/230/213 830/218/195
f 832/221/216 844/233/217 843/232/215 831/220/135
f 833/222/218 845/234/219 844/233/217 832/221/216
f 834/223/220 846/235/221 845/234/219 833/222/218
f 835/224/222 847/236/223 846/235/221 834/223/220
f 836/225/224 848/237/225 847/236/223 835/224/222
f 837/226/226 849/238/227 848/237/225 836/225/224
f 838/227/149 850/239/228 849/238/227 837/226/226
f 839/228/151 851/240/229 850/239/228 838/227/149
f 840/229/153 852/241/230 851/240/229 839/228/151
f 842/230/213 854/242/231 853/243/232 841/231/214
f 843/232/233 855/244/233 854/242/231 842/230/213
f 844/233/234 856/245/235 855/244/233 843/232/233
f 845/234/236 857/246/236 856/245/235 844/233/234
f 846/235/237 858/247/237 857/246/236 845/234/236
f 847/236/238 859/248/238 858/247/237 846/235/237
f 848/237/239 860/249/239 859/248/238 847/236/238
f 849/238/240 861/250/241 860/249/239 848/237/239
f 850/239/242 862/251/243 861/250/241 849/238/240
f 851/240/229 863/252/244 862/251/243 850/239/242
f 852/241/230 864/253/245 863/252/244 851/240/229
f 854/242/231 866/254/246 865/255/247 853/243/232
f 855/244/248 867/256/249 866/254/246 854/242/231
f 856/245/250 868/257/251 867/256/249 855/244/248
f 857/246/252 869/258/253 868/257/251 856/245/250
f 858/247/254 870/259/255 869/258/253 857/246/252
f 859/248/256 871/260/257 870/259/255 858/247/254
f 860/249/258 872/261/259 871/260/257 859/248/256
f 861/250/260 873/262/261 872/261/259 860/249/258
f 862/251/262 874/263/263 873/262/261 861/250/260
f 863/252/244 875/264/264 874/263/263 862/251/262
f 864/253/245 876/265/265 875/264/264 863/252/244
f 866/254/246 878/266/266 877/267/267 865/255/247
f 867/256/268 879/268/269 878/266/266 866/254/246
f 868/257/270 880/269/271 879/268/269 867/256/268
f 869/258/272 881/270/273 880/269/271 868/257/270
f 870/259/274 882/271/275 881/270/273 869/258/272
f 871/260/276 883/272/277 882/271/275 870/259/274
f 872/261/278 884/273/279 883/272/277 871/260/276
f 873/262/280 885/274/281 884/273/279 872/261/278
f 874/263/282 886/275/283 885/274/281 873/262/280
f 875/264/264 887/276/284 886/275/283 874/263/282
f 876/265/265 888/277/285 887/276/284 875/264/264
f 878/266/266 890/278/286 889/279/287 877/267/267
f 879/268/288 891/280/289 890/278/286 878/266/266
f 880/269/290 892/281/291 891/280/289 879/268/288
f 881/270/292 893/282/293 892/281/291 880/269/290
f 882/271/294 894/283/295 893/282/293 881/270/292
f 883/272/296 895/284/297 894/283/295 882/271/294
f 884/273/298 896/285/299 895/284/297 883/272/296
f 885/274/300 897/286/301 896/285/299 884/273/298
f 886/275/302 898/287/303 897/286/301 885/274/300
f 887/276/284 899/288/304 898/287/303 886/275/302
f 888/277/285 900/289/305 899/288/304 887/276/284
f 890/278/286 902/290/306 901/291/307 889/279/287
f 891/280/308 903/292/308 902/290/306 890/278/286
f 892/281/309 904/293/310 903/292/308 891/280/308
f 893/282/311 905/294/312 904/293/310 892/281/309
f 894/283/237 906/295/237 905/294/312 893/282/311
f 895/284/238 907/296/238 906/295/237 894/283/237
f 896/285/313 908/297/314 907/296/238 895/284/238
f 897/286/315 909/298/316 908/297/314 896/285/313
f 898/287/317 910/299/317 909/298/316 897/286/315
f 899/288/304 911/300/318 910/299/317 898/287/317
f 900/289/305 912/301/245 911/300/318 899/288/304
f 902/290/306 914/302/319 913/303/320 901/291/307
f 903/292/321 915/304/322 914/302/319 902/290/306
f 904/293/323 916/305/324 915/304/322 903/292/321
f 905/294/325 917/306/326 916/305/324 904/293/323
f 906/295/327 918/307/328 917/306/326 905/294/325
f 907/296/329 919/308/257 918/307/328 906/295/327
f 908/297/330 920/309/331 919/308/257 907/296/329
f 909/298/332 921/310/333 920/309/331 908/297/330
f 910/299/334 922/311/335 921/310/333 909/298/332
f 911/300/318 923/312/336 922/311/335 910/299/334
f 912/301/245 924/313/337 923/312/336 911/300/318
f 914/302/319 926/314/338 925/315/320 913/303/320
f 915/304/339 927/316/340 926/314/338 914/302/319
f 916/305/341 928/317/342 927/316/340 915/304/339
f 917/306/343 929/318/344 928/317/342 916/305/341
f 918/307/345 930/319/346 929/318/344 917/306/343
f 919/308/347 931/320/348 930/319/346 918/307/345
f 920/309/349 932/321/350 931/320/348 919/308/347
f 921/310/351 933/322/352 932/321/350 920/309/349
f 922/311/353 934/323/354 933/322/352 921/310/351
f 923/312/336 935/324/355 934/323/354 922/311/353
f 924/313/337 936/325/265 935/324/355 923/312/336
f 926/314/338 938/326/356 937/327/357 925/315/320
f 927/316/358 939/328/359 938/326/356 926/314/338
f 928/317/360 940/329/361 939/328/359 927/316/358
f 929/318/362 941/330/363 940/329/361 928/317/360
f 930/319/364 942/331/365 941/330/363 929/318/362
f 931/320/366 943/332/367 942/331/365 930/319/364
f 932/321/368 944/333/369 943/332/367 931/320/366
f 933/322/370 945/334/371 944/333/369 932/321/368
f 934/323/372 946/335/373 945/334/371 933/322/370
f 935/324/355 947/336/374 946/335/373 934/323/372
f 936/325/265 948/337/375 947/336/374 935/324/355
f 938/326/356 950/338/376 949/14/377 937/327/357
f 939/328/378 951/339/379 950/338/376 938/326/356
f 940/329/380 952/340/381 951/339/379 939/328/378
f 941/330/382 953/341/383 952/340/381 940/329/380
f 942/331/384 954/342/385 953/341/383 941/330/382
f 943/332/386 955/343/387 954/342/385 942/331/384
f 944/333/388 956/344/389 955/343/387 943/332/386
f 945/334/390 957/345/391 956/344/389 944/333/388
f 946/335/392 958/346/393 957/345/391 945/334/390
f 947/336/374 959/347/394 958/346/393 946/335/392
f 948/337/375 960/65/375 959/347/394 947/336/374
f 950/338/376 962/348/395 961/349/396 949/14/377
f 951/339/397 963/350/398 962/348/395 950/338/376
f 952/340/399 964/351/324 963/350/398 951/339/397
f 953/341/400 965/352/401 964/351/324 952/340/399
f 954/342/402 966/353/255 965/352/401 953/341/400
f 955/343/403 967/354/257 966/353/255 954/342/402
f 956/344/404 968/355/405 967/354/257 955/343/403
f 957/345/406 969/356/333 968/355/405 956/344/404
f 958/346/407 970/357/408 969/356/333 957/345/406
f 959/347/394 971/358/409 970/357/408 958/346/407
f 960/65/375 972/359/265 971/358/409 959/347/394
f 962/348/395 974/360/410 973/361/320 961/349/396
f 963/350/411 975/362/412 974/360/410 962/348/395
f 964/351/413 976/363/414 975/362/412 963/350/411
f 965/352/415 977/364/416 976/363/414 964/351/413
f 966/353/417 978/365/418 977/364/416 965/352/415
f 967/354/347 979/366/419 978/365/418 966/353/417
f 968/355/349 980/367/350 979/366/419 967/354/347
f 969/356/420 981/368/421 980/367/350 968/355/349
f 970/357/422 982/369/423 981/368/421 969/356/420
f 971/358/409 983/370/424 982/369/423 970/357/422
f 972/359/265 984/371/265 983/370/424 971/358/409
f 974/360/410 986/372/425 985/373/357 973/361/320
f 975/362/426 987/374/359 986/372/425 974/360/410
f 976/363/427 988/375/428 987/374/359 975/362/426
f 977/364/429 989/376/430 988/375/428 976/363/427
f 978/365/431 990/377/432 989/376/430 977/364/429
f 979/366/433 991/378/434 990/377/432 978/365/431
f 980/367/435 992/379/436 991/378/434 979/366/433
f 981/368/437 993/380/438 992/379/436 980/367/435
f 982/369/439 994/381/373 993/380/438 981/368/437
f 983/370/424 995/382/440 994/381/373 982/369/439
f 984/371/265 996/383/441 995/382/440 983/370/424
f 986/372/425 998/384/442 997/385/443 985/373/357
f 987/374/444 999/386/445 998/384/442 986/372/425
f 988/375/446 1000/387/447 999/386/445 987/374/444
f 989/376/448 1001/388/449 1000/387/447 988/375/446
f 990/377/450 1002/389/451 1001/388/449 989/376/448
f 991/378/452 1003/390/453 1002/389/451 990/377/450
f 992/379/454 1004/391/455 1003/390/453 991/378/452
f 993/380/456 1005/392/457 1004/391/455 992/379/454
f 994/381/458 1006/393/459 1005/392/457 993/380/456
f 995/382/440 1007/394/460 1006/393/459 994/381/458
f 996/383/441 1008/395/461 1007/394/460 995/382/440
f 998/384/442 1010/396/462 1009/397/463 997/385/443
f 999/386/464 1011/398/465 1010/396/462 998/384/442
f 1000/387/466 1012/399/467 1011/398/465 999/386/464
f 1001/388/468 1013/400/252 1012/399/467 1000/387/466
f 1002/389/469 1014/401/470 1013/400/252 1001/388/468
f 1003/390/471 1015/402/256 1014/401/470 1002/389/469
f 1004/391/472 1016/403/330 1015/402/256 1003/390/471
f 1005/392/473 1017/404/474 1016/403/330 1004/391/472
f 1006/393/407 1018/405/334 1017/404/474 1005/392/473
f 1007/394/460 1019/406/475 1018/405/334 1006/393/407
f 1008/395/461 1020/407/476 1019/406/475 1007/394/460
f 1010/396/462 1022/408/477 1021/409/478 1009/397/463
f 1011/398/479 1023/410/479 1022/408/477 1010/396/462
f 1012/399/480 1024/411/481 1023/410/479 1011/398/479
f 1013/400/482 1025/412/483 1024/411/481 1012/399/480
f 1014/401/484 1026/413/484 1025/412/483 1013/400/482
f 1015/402/485 1027/414/485 1026/413/484 1014/401/484
f 1016/403/486 1028/415/487 1027/414/485 1015/402/485
f 1017/404/488 1029/416/488 1028/415/487 1016/403/486
f 1018/405/489 1030/417/489 1029/416/488 1017/404/488
f 1019/406/475 1031/418/490 1030/417/489 1018/405/489
f 1020/407/476 1032/419/491 1031/418/490 1019/406/475
f 1022/408/477 1034/420/492 1033/421/493 1021/409/478
f 1023/410/494 1035/422/495 1034/420/492 1022/408/477
f 1024/411/496 1036/423/497 1035/422/495 1023/410/494
f 1025/412/498 1037/424/499 1036/423/497 1024/411/496
f 1026/413/500 1038/425/142 1037/424/499 1025/412/498
f 1027/414/501 1039/426/502 1038/425/142 1026/413/500
f 1028/415/503 1040/427/504 1039/426/502 1027/414/501
f 1029/416/505 1041/428/506 1040/427/504 1028/415/503
f 1030/417/507 1042/429/508 1041/428/506 1029/416/505
f 1031/418/490 1043/430/509 1042/429/508 1030/417/507
f 1032/419/491 1044/431/510 1043/430/509 1031/418/490
f 1034/420/492 1046/432/511 1045/433/512 1033/421/493
f 1035/422/513 1047/434/514 1046/432/511 1034/420/492
f 1036/423/515 1048/435/516 1047/434/514 1035/422/513
f 1037/424/517 1049/436/518 1048/435/516 1036/423/515
f 1038/425/519 1050/437/520 1049/436/518 1037/424/517
f 1039/426/521 1051/438/522 1050/437/520 1038/425/519
f 1040/427/523 1052/439/524 1051/438/522 1039/426/521
f 1041/428/525 1053/440/526 1052/439/524 1040/427/523
f 1042/429/527 1054/441/528 1053/440/526 1041/428/525
f 1043/430/509 1055/442/529 1054/441/528 1042/429/527
f 1044/431/510 1056/443/530 1055/442/529 1043/430/509
f 1046/432/511 1058/444/531 1057/445/532 1045/433/512
f 1047/434/533 1059/446/534 1058/444/531 1046/432/511
f 1048/435/535 1060/447/250 1059/446/534 1047/434/533
f 1049/436/536 1061/448/537 1060/447/250 1048/435/535
f 1050/437/538 1062/449/327 1061/448/537 1049/436/536
f 1051/438/539 1063/450/329 1062/449/327 1050/437/538
f 1052/439/540 1064/451/330 1063/450/329 1051/438/539
f 1053/440/541 1065/452/542 1064/451/330 1052/439/540
f 1054/441/543 1066/453/544 1065/452/542 1053/440/541
f 1055/442/529 1067/454/545 1066/453/544 1054/441/543
f 1056/443/530 1068/455/546 1067/454/545 1055/442/529
f 1058/444/531 1070/456/547 1069/457/548 1057/445/532
f 1059/446/549 1071/458/549 1070/456/547 1058/444/531
f 1060/447/550 1072/459/551 1071/458/549 1059/446/549
f 1061/448/552 1073/460/552 1072/459/551 1060/447/550
f 1062/449/553 1074/461/553 1073/460/552 1061/448/552
f 1063/450/554 1075/462/554 1074/461/553 1062/449/553
f 1064/451/555 1076/463/555 1075/462/554 1063/450/554
f 1065/452/556 1077/464/556 1076/463/555 1064/451/555
f 1066/453/557 1078/465/557 1077/464/556 1065/452/556
f 1067/454/545 1079/466/558 1078/465/557 1066/453/557
f 1068/455/546 1080/467/491 1079/466/558 1067/454/545
f 1070/456/547 1082/468/559 1081/469/560 1069/457/548
f 1071/458/561 1083/470/136 1082/468/559 1070/456/547
f 1072/459/562 1084/471/563 1083/470/136 1071/458/561
f 1073/460/219 1085/472/564 1084/471/563 1072/459/562
f 1074/461/221 1086/473/142 1085/472/564 1073/460/219
f 1075/462/223 1087/474/502 1086/473/142 1074/461/221
f 1076/463/565 1088/475/566 1087/474/502 1075/462/223
f 1077/464/567 1089/476/568 1088/475/566 1076/463/565
f 1078/465/569 1090/477/150 1089/476/568 1077/464/567
f 1079/466/558 1091/478/570 1090/477/150 1078/465/569
f 1080/467/491 1092/479/571 1091/478/570 1079/466/558
f 1082/468/559 1094/480/572 1093/481/573 1081/469/560
f 1083/470/157 1095/482/574 1094/480/572 1082/468/559
f 1084/471/575 1096/483/576 1095/482/574 1083/470/157
f 1085/472/577 1097/484/162 1096/483/576 1084/471/575
f 1086/473/163 1098/485/578 1097/484/162 1085/472/577
f 1087/474/165 1099/486/579 1098/485/578 1086/473/163
f 1088/475/580 1100/487/168 1099/486/579 1087/474/165
f 1089/476/581 1101/488/582 1100/487/168 1088/475/580
f 1090/477/583 1102/489/584 1101/488/582 1089/476/581
f 1091/478/570 1103/490/585 1102/489/584 1090/477/583
f 1092/479/571 1104/491/586 1103/490/585 1091/478/570
f 1094/480/572 1106/492/587 1105/493/588 1093/481/573
f 1095/482/589 1107/494/178 1106/492/587 1094/480/572
f 1096/483/590 1108/495/591 1107/494/178 1095/482/589
f 1097/484/592 1109/496/182 1108/495/591 1096/483/590
f 1098/485/183 1110/497/184 1109/496/182 1097/484/592
f 1099/486/185 1111/498/593 1110/497/184 1098/485/183
f 1100/487/594 1112/499/188 1111/498/593 1099/486/185
f 1101/488/595 1113/500/596 1112/499/188 1100/487/594
f 1102/489/597 1114/501/192 1113/500/596 1101/488/595
f 1103/490/585 1115/502/598 1114/501/192 1102/489/597
f 1104/491/586 1116/503/194 1115/502/598 1103/490/585
f 1106/492/587 782/504/131 781/61/134 1105/493/588
f 1107/494/599 783/505/600 782/504/131 1106/492/587
f 1108/495/601 784/506/602 783/505/600 1107/494/599
f 1109/496/603 785/507/604 784/506/602 1108/495/601
f 1110/497/605 786/508/606 785/507/604 1109/496/603
f 1111/498/607 787/509/608 786/508/606 1110/497/605
f 1112/499/609 788/510/208 787/509/608 1111/498/607
f 1113/500/610 789/511/611 788/510/208 1112/499/609
f 1114/501/612 790/512/613 789/511/611 1113/500/610
f 1115/502/598 791/513/151 790/512/613 1114/501/612
f 1116/503/194 792/62/153 791/513/151 1115/502/598
f 1118/172/614 1130/254/615 1129/255/616 1117/59/617
f 1119/175/618 1131/256/619 1130/254/615 1118/172/614
f 1120/177/620 1132/257/621 1131/256/619 1119/175/618
f 1121/179/622 1133/258/623 1132/257/621 1120/177/620
f 1122/181/624 1134/259/625 1133/258/623 1121/179/622
f 1123/183/521 1135/260/522 1134/259/625 1122/181/624
f 1124/185/523 1136/261/524 1135/260/522 1123/183/521
f 1125/187/626 1137/262/627 1136/261/524 1124/185/523
f 1126/189/628 1138/263/629 1137/262/627 1125/187/626
f 1127/191/630 1139/264/631 1138/263/629 1126/189/628
f 1128/63/632 1140/265/633 1139/264/631 1127/191/630
f 1130/254/615 1142/338/634 1141/14/635 1129/255/616
f 1131/256/636 1143/339/637 1142/338/634 1130/254/615
f 1132/257/638 1144/340/251 1143/339/637 1131/256/636
f 1133/258/536 1145/341/639 1144/340/251 1132/257/638
f 1134/259/640 1146/342/255 1145/341/639 1133/258/536
f 1135/260/471 1147/343/641 1146/342/255 1134/259/640
f 1136/261/540 1148/344/642 1147/343/641 1135/260/471
f 1137/262/643 1149/345/644 1148/344/642 1136/261/540
f 1138/263/645 1150/346/646 1149/345/644 1137/262/643
f 1139/264/631 1151/347/647 1150/346/646 1138/263/645
f 1140/265/633 1152/65/648 1151/347/647 1139/264/631
f 1142/338/634 1154/420/649 1153/421/650 1141/14/635
f 1143/339/268 1155/422/651 1154/420/649 1142/338/634
f 1144/340/652 1156/423/653 1155/422/651 1143/339/268
f 1145/341/654 1157/424/655 1156/423/653 1144/340/652
f 1146/342/656 1158/425/657 1157/424/655 1145/341/654
f 1147/343/658 1159/426/659 1158/425/657 1146/342/656
f 1148/344/278 1160/427/660 1159/426/659 1147/343/658
f 1149/345/661 1161/428/662 1160/427/660 1148/344/278
f 1150/346/663 1162/429/664 1161/428/662 1149/345/661
f 1151/347/647 1163/430/665 1162/429/664 1150/346/663
f 1152/65/648 1164/431/666 1163/430/665 1151/347/647
f 1154/420/649 1118/504/614 1117/61/617 1153/421/650
f 1155/422/667 1119/505/668 1118/504/614 1154/420/649
f 1156/423/290 1120/506/497 1119/505/668 1155/422/667
f 1157/424/669 1121/507/670 1120/506/497 1156/423/290
f 1158/425/141 1122/508/142 1121/507/670 1157/424/669
f 1159/426/143 1123/509/144 1122/508/142 1158/425/141
f 1160/427/671 1124/510/672 1123/509/144 1159/426/143
f 1161/428/673 1125/511/674 1124/510/672 1160/427/671
f 1162/429/675 1126/512/676 1125/511/674 1161/428/673
f 1163/430/665 1127/513/630 1126/512/676 1162/429/675
f 1164/431/666 1128/62/632 1127/513/630 1163/430/665
usemtl Material.008
f 301/25/14 302/26/14 319/26/14 320/25/14
f 314/51/12 311/52/12 317/52/12 329/51/12
f 297/14/4 162/22/4 161/24/4 298/14/4
f 163/15/4 297/14/4 298/14/4 164/15/4
f 306/53/12 303/53/12 322/53/12 323/53/12
f 307/52/16 308/54/16 325/54/16 326/52/16
f 294/14/4 30/15/4 300/25/4 299/55/4
f 30/15/4 164/15/4 301/25/4 300/25/4
f 164/15/4 298/14/4 302/26/4 301/25/4
f 298/14/4 294/14/4 299/55/4 302/26/4
f 297/14/4 163/15/4 304/25/4 303/53/4
f 163/15/4 32/15/4 305/56/4 304/25/4
f 32/15/4 295/20/4 306/53/4 305/56/4
f 295/20/4 297/14/4 303/53/4 306/53/4
f 162/22/4 297/14/4 308/54/4 307/52/4
f 297/14/4 295/20/4 309/54/4 308/54/4
f 295/20/4 31/23/4 310/51/4 309/54/4
f 31/23/4 162/22/4 307/52/4 310/51/4
f 29/21/4 294/14/4 312/57/4 311/52/4
f 294/14/4 298/14/4 313/58/4 312/57/4
f 298/14/4 161/24/4 314/51/4 313/58/4
f 161/24/4 29/21/4 311/52/4 314/51/4
f 310/51/12 307/52/12 326/52/12 327/51/12
f 304/25/5 305/56/5 324/56/5 321/25/5
f 312/57/5 313/58/5 330/58/5 318/57/5
f 308/54/5 309/54/5 328/54/5 325/54/5
f 305/56/14 306/53/14 323/53/14 324/56/14
f 313/58/14 314/51/14 329/51/14 330/58/14
f 309/54/14 310/51/14 327/51/14 328/54/14
f 311/52/16 312/57/16 318/57/16 317/52/16
f 299/55/16 300/25/16 316/25/16 315/55/16
f 302/26/12 299/55/12 315/55/12 319/26/12
f 303/53/16 304/25/16 321/25/16 322/53/16
f 300/25/5 301/25/5 320/25/5 316/25/5
usemtl Material.009
f 30/15/11 294/14/11 351/14/11 342/15/11
f 29/21/21 27/21/21 339/21/21 341/21/21
f 294/14/11 29/21/11 341/21/11 351/14/11
f 28/15/34 30/15/34 342/15/34 340/15/34
f 342/15/4 351/14/4 372/14/4 363/15/4
f 351/14/4 341/21/4 362/21/4 372/14/4
usemtl Material.010
f 3/1/1 65/2/1 347/2/1 331/1/1
f 66/5/17 4/5/18 332/5/19 348/5/17
f 335/59/12 350/59/12 371/59/12 356/59/12
f 340/15/5 342/15/5 363/15/5 361/15/5
f 349/59/5 336/59/5 357/59/5 370/59/5
f 338/11/15 340/15/15 361/15/15 359/11/15
f 40/3/27 38/5/28 345/5/28 346/3/27
f 33/1/29 34/13/27 344/13/27 343/1/30
f 71/59/31 12/59/31 336/59/31 349/59/31
f 27/21/11 21/17/11 337/17/11 339/21/11
f 4/59/18 11/59/19 335/59/19 332/59/19
f 38/5/28 66/5/17 348/5/17 345/5/28
f 11/59/33 72/59/33 350/59/33 335/59/33
f 22/11/11 28/15/11 340/15/11 338/11/11
f 12/59/19 3/59/19 331/59/19 336/59/19
f 34/59/31 71/59/31 349/59/31 344/59/31
f 34/13/35 10/11/35 334/11/35 344/13/35
f 72/59/33 40/59/33 346/59/33 350/59/33
f 9/17/36 40/3/36 346/3/36 333/17/36
f 65/2/1 33/1/29 343/1/30 347/2/1
f 371/3/14 367/3/14 366/5/14 369/5/14
f 368/2/14 364/1/14 365/13/14 370/13/14
f 352/1/14 368/2/14 370/13/14 357/13/14
f 356/60/14 371/3/14 369/5/14 353/5/14
f 331/1/13 347/2/12 368/2/12 352/1/13
f 341/21/12 339/21/12 360/21/12 362/21/12
f 344/13/4 334/11/4 355/11/4 365/13/4
f 343/1/4 344/13/4 365/13/4 364/1/4
f 347/2/12 343/1/12 364/1/12 368/2/12
f 333/17/4 346/3/4 367/3/4 354/17/4
f 345/5/5 348/5/5 369/5/5 366/5/5
f 348/5/5 332/5/5 353/5/5 369/5/5
f 337/17/12 333/17/12 354/17/12 358/17/12
f 336/59/7 331/59/7 352/59/7 357/59/7
f 344/59/5 349/59/5 370/59/5 365/59/5
f 334/11/6 338/11/6 359/11/6 355/11/6
f 346/3/4 345/5/4 366/5/4 367/3/4
f 350/59/12 346/59/12 367/59/12 371/59/12
f 339/21/37 337/17/37 358/17/37 360/21/37
f 332/59/7 335/59/7 356/59/7 353/59/7
f 404/64/46 662/65/47 684/65/47 680/64/46
f 386/61/47 389/1/47 673/1/47 670/61/47
f 385/59/47 409/66/47 681/66/47 669/59/47
f 403/83/47 392/73/47 676/73/47 679/83/47
f 402/59/47 661/59/47 683/59/47 678/59/47
f 391/68/46 404/64/46 680/64/46 675/68/46
f 401/59/47 390/59/47 674/59/47 677/59/47
f 662/65/47 403/83/47 679/83/47 684/65/47
f 411/72/47 386/61/47 670/61/47 682/72/47
f 389/59/47 402/59/47 678/59/47 673/59/47
f 661/59/47 401/59/47 677/59/47 683/59/47
f 387/63/47 391/68/46 675/68/46 671/63/47
f 679/83/56 676/73/56 687/73/56 690/83/56
f 675/68/56 680/64/56 691/64/56 686/68/56
f 678/59/62 683/59/62 698/59/62 689/59/62
f 677/59/62 674/59/62 685/59/62 688/59/62
f 682/72/65 670/61/65 420/61/65 693/72/65
f 673/59/62 678/59/62 689/59/62 413/59/62
f 671/63/56 675/68/56 686/68/56 419/63/56
f 681/66/53 671/63/49 419/63/49 692/66/53
f 672/62/65 682/72/65 693/72/65 414/62/65
f 674/5/62 669/59/62 665/59/62 685/5/62
f 669/59/53 681/66/53 692/66/53 665/59/53
f 676/73/56 672/62/56 414/62/56 687/73/56
f 392/73/47 388/62/47 672/62/47 676/73/47
f 388/62/47 411/72/47 682/72/47 672/62/47
f 409/66/47 387/63/47 671/63/47 681/66/47
f 390/5/47 385/59/47 669/59/47 674/5/47
f 692/66/14 419/63/14 686/68/14 695/138/14
f 697/139/14 695/138/14 686/68/14 691/64/14
f 694/140/14 687/73/14 414/62/14 693/72/14
f 694/140/14 696/141/14 690/83/14 687/73/14
f 700/91/14 697/139/14 691/64/14 699/65/14
f 698/14/14 688/60/14 697/139/14 700/91/14
f 413/1/14 689/13/14 696/141/14 694/140/14
f 413/1/14 694/140/14 693/72/14 420/61/14
f 688/60/14 685/5/14 695/138/14 697/139/14
f 665/59/14 692/66/14 695/138/14 685/5/14
f 689/13/14 698/14/14 700/91/14 696/141/14
f 696/141/14 700/91/14 699/65/14 690/83/14
f 683/59/62 677/59/62 688/59/62 698/59/62
f 680/64/56 684/65/56 699/65/56 691/64/56
f 684/65/56 679/83/56 690/83/56 699/65/56
f 670/61/62 673/1/62 413/1/62 420/61/62
usemtl Material.011
f 1166/514/16 1168/515/677 1176/515/16 1175/514/16
f 1210/516/678 1209/517/677 1207/517/677 1208/516/108
f 1171/517/679 1172/516/679 1170/518/679 1169/519/679
f 1169/519/680 1170/518/680 1166/520/680 1165/521/680
f 1167/522/681 1171/517/682 1169/519/14 1165/523/14
f 1172/516/677 1168/515/677 1166/514/16 1170/518/16
f 1176/524/683 1173/525/683 1177/525/683 1180/524/683
f 1167/522/681 1165/523/14 1174/523/14 1173/522/14
f 1168/524/684 1167/525/684 1173/525/684 1176/524/684
f 1165/521/685 1166/520/685 1175/520/685 1174/521/685
f 1178/521/686 1179/520/686 1183/520/686 1182/521/686
f 1174/521/687 1175/520/687 1179/520/687 1178/521/687
f 1175/514/16 1176/515/16 1180/515/16 1179/514/16
f 1173/522/14 1174/523/14 1178/523/14 1177/522/14
f 1183/514/16 1184/515/16 1188/515/16 1187/514/16
f 1179/514/16 1180/515/16 1184/515/16 1183/514/16
f 1177/522/14 1178/523/14 1182/523/14 1181/522/14
f 1180/524/688 1177/525/688 1181/525/688 1184/524/688
f 1188/524/689 1185/525/689 1189/525/689 1192/524/689
f 1181/522/14 1182/523/14 1186/523/14 1185/522/14
f 1184/524/690 1181/525/690 1185/525/690 1188/524/690
f 1182/521/691 1183/520/691 1187/520/691 1186/521/691
f 1191/514/16 1192/515/16 1196/515/16 1195/514/16
f 1186/521/692 1187/520/692 1191/520/692 1190/521/692
f 1187/514/16 1188/515/16 1192/515/16 1191/514/16
f 1185/522/14 1186/523/14 1190/523/14 1189/522/14
f 1195/514/16 1196/515/16 1200/515/16 1199/514/16
f 1189/522/14 1190/523/14 1194/523/14 1193/522/14
f 1192/524/693 1189/525/693 1193/525/693 1196/524/693
f 1190/521/694 1191/520/694 1195/520/694 1194/521/694
f 1200/524/695 1197/525/695 1201/525/695 1204/524/695
f 1193/522/14 1194/523/14 1198/523/14 1197/522/14
f 1196/524/696 1193/525/696 1197/525/696 1200/524/696
f 1194/521/697 1195/520/697 1199/520/698 1198/521/698
f 1202/526/699 1203/527/699 1204/524/699 1201/525/699
f 1198/521/698 1199/520/698 1203/520/700 1202/521/700
f 1199/514/16 1200/515/16 1204/515/701 1203/514/701
f 1197/522/14 1198/523/14 1202/523/109 1201/522/109
f 1206/525/4 1205/524/4 1217/524/4 1218/525/4
f 1209/517/677 1211/522/16 1206/522/16 1207/517/677
f 1212/515/702 1210/516/678 1208/516/108 1205/515/16
f 1211/525/16 1212/524/702 1205/524/16 1206/525/16
f 1216/525/6 1214/524/6 1212/524/6 1211/525/6
f 1214/515/677 1213/516/703 1210/516/704 1212/515/705
f 1215/517/682 1216/522/681 1211/522/14 1209/517/14
f 1213/516/679 1215/517/679 1209/517/679 1210/516/679
f 1172/516/706 1171/517/7 1215/517/677 1213/516/4
f 1171/517/682 1167/522/681 1216/522/681 1215/517/682
f 1168/515/677 1172/516/677 1213/516/703 1214/515/677
f 1167/525/707 1168/524/707 1214/524/707 1216/525/707
f 1231/516/708 1229/517/16 1223/517/16 1224/516/108
f 1208/516/4 1207/517/4 1219/517/4 1220/516/4
f 1207/517/4 1206/522/4 1218/522/4 1219/517/4
f 1205/515/4 1208/516/4 1220/516/4 1217/515/4
f 1222/525/7 1221/524/7 1224/516/7 1223/517/7
f 1229/517/16 1230/522/16 1222/522/16 1223/517/16
f 1232/515/702 1231/516/708 1224/516/108 1221/515/16
f 1230/525/16 1232/524/702 1221/524/16 1222/525/16
f 1218/525/709 1217/524/709 1228/528/710 1227/525/710
f 1217/515/108 1220/516/108 1226/516/108 1228/515/108
f 1219/517/109 1218/522/109 1227/522/109 1225/517/109
f 1220/516/711 1219/517/711 1225/517/712 1226/516/712
f 1227/525/710 1228/528/710 1232/524/5 1230/525/5
f 1228/515/108 1226/516/108 1231/516/704 1232/515/705
f 1225/517/109 1227/522/109 1230/522/14 1229/517/14
f 1226/516/712 1225/517/712 1229/517/12 1231/516/12
usemtl Material.012
f 1233/526/5 1234/527/5 1236/524/5 1235/525/5
f 1235/525/7 1236/524/7 1240/516/7 1239/517/7
f 1239/517/12 1240/516/12 1238/518/12 1237/519/12
f 1237/519/4 1238/518/4 1234/520/4 1233/521/4
f 1235/522/14 1239/517/14 1237/519/14 1233/523/14
f 1238/518/14 1240/516/14 1244/516/14 1243/518/14
f 1236/524/14 1234/527/14 1241/527/14 1242/524/14
f 1234/520/14 1238/518/14 1243/518/14 1241/520/14
f 1240/516/14 1236/524/14 1242/524/14 1244/516/14
f 1242/524/6 1241/527/6 1245/527/6 1246/524/6
f 1241/520/4 1243/518/4 1247/518/4 1245/520/4
f 1244/516/7 1242/524/7 1246/524/7 1248/516/7
f 1243/518/12 1244/516/12 1248/516/12 1247/518/12
f 1245/520/16 1247/518/16 1251/518/16 1249/520/16
f 1248/516/16 1246/524/16 1250/524/16 1252/516/16
f 1247/518/16 1248/516/16 1252/516/16 1251/518/16
f 1246/524/16 1245/527/16 1249/527/16 1250/524/16
f 1251/518/5 1252/516/5 1256/516/5 1255/518/5
f 1250/524/12 1249/527/12 1253/527/12 1254/524/12
f 1249/520/7 1251/518/7 1255/518/7 1253/520/7
f 1252/516/4 1250/524/4 1254/524/4 1256/516/4
