# Blender 5.1.2
# www.blender.org
mtllib house.mtl
o Cylinder.037
v -0.954493 -0.248169 0.079640
v -0.952576 -0.262891 0.067783
v -0.954042 -0.248052 0.079660
v -0.952125 -0.262774 0.067803
v -0.953729 -0.247813 0.079487
v -0.951812 -0.262534 0.067630
v -0.953736 -0.247591 0.079222
v -0.951819 -0.262313 0.067366
v -0.954061 -0.247518 0.079021
v -0.952143 -0.262239 0.067165
v -0.954512 -0.247635 0.079001
v -0.952594 -0.262356 0.067145
v -0.954825 -0.247874 0.079174
v -0.952908 -0.262595 0.067318
v -0.954818 -0.248096 0.079439
v -0.952900 -0.262817 0.067582
v -0.798957 -0.175642 0.079640
v -0.788913 -0.186573 0.067783
v -0.799337 -0.175912 0.079660
v -0.789292 -0.186843 0.067803
v -0.799722 -0.175998 0.079487
v -0.789677 -0.186930 0.067630
v -0.799887 -0.175850 0.079222
v -0.789842 -0.186781 0.067366
v -0.799735 -0.175554 0.079021
v -0.789690 -0.186486 0.067165
v -0.799355 -0.175284 0.079001
v -0.789310 -0.186215 0.067145
v -0.798970 -0.175198 0.079174
v -0.788925 -0.186129 0.067318
v -0.798805 -0.175346 0.079439
v -0.788761 -0.186277 0.067582
v -0.780064 -0.193664 0.092987
v -0.799250 -0.152519 0.070564
v -0.952832 -0.274227 0.092987
v -0.972018 -0.233082 0.070564
v -0.952250 -0.275475 0.090946
v -0.779482 -0.194913 0.090946
v -0.798668 -0.153768 0.068524
v -0.971436 -0.234330 0.068524
v -0.701467 -0.317780 -0.000100
v -0.767711 -0.175720 -0.000100
v -0.734587 -0.333224 0.040266
v -0.800831 -0.191164 0.040266
v -0.734587 -0.333224 0.113145
v -0.800831 -0.191164 0.113145
v -0.951005 -0.322055 0.106112
v -0.931385 -0.364129 0.106112
v -0.974317 -0.272062 -0.000100
v -0.908073 -0.414121 -0.000100
v -0.941197 -0.256618 0.040266
v -0.874954 -0.398677 0.040266
v -0.954515 -0.314528 -0.000100
v -0.954515 -0.314528 0.021181
v -0.954515 -0.314528 0.073836
v -0.956852 -0.319077 0.021174
v -0.954515 -0.314528 0.021254
v -0.927875 -0.371656 -0.000100
v -0.927875 -0.371656 0.021181
v -0.958177 -0.316236 0.021181
v -0.927875 -0.371656 0.073836
v -0.927875 -0.371656 0.021254
v -0.954515 -0.314528 0.073836
v -0.927875 -0.371656 0.073836
v -0.958177 -0.316236 0.073836
v -0.956852 -0.319077 0.021180
v -0.958177 -0.316236 0.021187
v -0.958177 -0.316236 -0.000100
v -0.956852 -0.319077 -0.000100
v -0.932862 -0.370522 0.021174
v -0.931538 -0.373363 0.021181
v -0.931538 -0.373363 0.073836
v -0.932862 -0.370522 -0.000100
v -0.931538 -0.373363 -0.000100
v -0.931538 -0.373363 0.021187
v -0.932862 -0.370522 0.021180
v -0.932862 -0.370522 0.071260
v -0.931538 -0.373363 0.073836
v -0.958177 -0.316236 0.073836
v -0.956852 -0.319077 0.071260
v -0.964420 -0.319147 -0.000100
v -0.963095 -0.321988 -0.000100
v -0.939106 -0.373433 -0.000100
v -0.937781 -0.376275 -0.000100
v -0.964420 -0.319147 0.019175
v -0.960484 -0.317312 0.021187
v -0.964227 -0.319057 0.019797
v -0.963668 -0.318796 0.020357
v -0.962798 -0.318390 0.020802
v -0.961701 -0.317879 0.021088
v -0.959159 -0.320153 0.021180
v -0.963095 -0.321988 0.019168
v -0.960376 -0.320720 0.021081
v -0.961473 -0.321232 0.020795
v -0.962343 -0.321638 0.020350
v -0.962902 -0.321898 0.019790
v -0.933845 -0.374439 0.021187
v -0.937781 -0.376275 0.019175
v -0.935061 -0.375006 0.021088
v -0.936159 -0.375518 0.020802
v -0.937029 -0.375924 0.020357
v -0.937588 -0.376185 0.019797
v -0.939106 -0.373433 0.019168
v -0.935170 -0.371598 0.021180
v -0.938913 -0.373344 0.019790
v -0.938354 -0.373083 0.020350
v -0.937483 -0.372677 0.020795
v -0.936386 -0.372165 0.021081
v -0.931385 -0.364129 0.151475
v -0.734587 -0.333224 0.144442
v -0.800831 -0.191164 0.144442
v -0.951005 -0.322055 0.151475
v -0.941197 -0.256618 0.113145
v -0.874954 -0.398677 0.113145
v -0.941197 -0.256618 0.144442
v -0.874954 -0.398677 0.144442
v -0.948050 -0.320677 0.106112
v -0.928431 -0.362751 0.106112
v -0.948050 -0.320677 0.151475
v -0.928431 -0.362751 0.151475
v -0.804770 -0.365950 -0.000100
v -0.871014 -0.223891 -0.000100
v -0.837890 -0.381394 0.040266
v -0.837894 -0.208447 0.040266
v -0.837890 -0.381394 0.113145
v -0.904134 -0.239335 0.113145
v -0.837890 -0.381394 0.144442
v -0.904134 -0.239335 0.144442
v -0.837894 -0.208447 0.113145
v -0.941197 -0.256618 0.076910
v -0.837894 -0.208447 0.144442
v -0.974317 -0.272062 0.169971
v -0.800831 -0.191164 0.076910
v -0.767711 -0.175720 0.169971
v -0.837894 -0.208447 0.076910
v -0.871014 -0.223891 0.169971
v -0.767711 -0.175720 0.095780
v -0.767711 -0.175720 0.021396
v -0.904134 -0.239335 0.040266
v -0.904134 -0.239335 0.076910
v -0.871014 -0.223891 0.021396
v -0.974317 -0.272062 0.021254
v -0.871014 -0.223891 0.095780
v -0.974317 -0.272062 0.095780
v -0.874954 -0.398677 0.076910
v -0.908073 -0.414121 0.169971
v -0.771651 -0.350506 0.113145
v -0.771651 -0.350506 0.144442
v -0.837890 -0.381394 0.076910
v -0.734587 -0.333223 0.076910
v -0.804770 -0.365950 0.169971
v -0.701467 -0.317780 0.169971
v -0.908073 -0.414121 0.095780
v -0.908073 -0.414121 0.021254
v -0.771651 -0.350506 0.040266
v -0.771651 -0.350506 0.076910
v -0.804770 -0.365950 0.021396
v -0.701467 -0.317780 0.021396
v -0.804770 -0.365950 0.095780
v -0.701467 -0.317780 0.095780
v -0.901819 -0.238256 0.111962
v -0.943512 -0.257698 0.111962
v -0.901819 -0.238256 0.145625
v -0.943512 -0.257698 0.145625
v -0.798516 -0.190085 0.111962
v -0.798516 -0.190085 0.145625
v -0.840209 -0.209527 0.111962
v -0.840209 -0.209527 0.145625
v -0.798516 -0.190085 0.078093
v -0.798516 -0.190085 0.039083
v -0.840209 -0.209527 0.039083
v -0.840209 -0.209527 0.078093
v -0.901819 -0.238256 0.039083
v -0.943512 -0.257698 0.039083
v -0.901819 -0.238256 0.078093
v -0.943512 -0.257698 0.078093
v -0.877268 -0.399757 0.111962
v -0.877268 -0.399757 0.145625
v -0.835575 -0.380315 0.111962
v -0.835575 -0.380315 0.145625
v -0.773966 -0.351586 0.111962
v -0.732272 -0.332144 0.111962
v -0.773966 -0.351586 0.145625
v -0.732272 -0.332144 0.145625
v -0.877268 -0.399757 0.078093
v -0.877268 -0.399757 0.039083
v -0.835575 -0.380315 0.039083
v -0.835575 -0.380315 0.078093
v -0.773966 -0.351586 0.039083
v -0.732272 -0.332144 0.039083
v -0.773966 -0.351586 0.078093
v -0.732272 -0.332144 0.078093
v -0.902674 -0.242464 0.040266
v -0.939738 -0.259747 0.040266
v -0.939738 -0.259747 0.076910
v -0.902674 -0.242464 0.076910
v -0.773110 -0.347377 0.040266
v -0.736046 -0.330094 0.040266
v -0.736046 -0.330094 0.076910
v -0.773110 -0.347377 0.076910
v -0.902674 -0.242464 0.113145
v -0.939738 -0.259747 0.113145
v -0.939738 -0.259747 0.144442
v -0.902674 -0.242464 0.144442
v -0.773110 -0.347377 0.113145
v -0.736046 -0.330094 0.113145
v -0.736046 -0.330094 0.144442
v -0.773110 -0.347377 0.144442
v -0.876413 -0.395548 0.113145
v -0.839349 -0.378265 0.113145
v -0.839349 -0.378265 0.144442
v -0.876413 -0.395548 0.144442
v -0.799371 -0.194293 0.113145
v -0.836435 -0.211576 0.113145
v -0.836435 -0.211576 0.144442
v -0.799371 -0.194293 0.144442
v -0.876413 -0.395548 0.040266
v -0.839349 -0.378265 0.040266
v -0.839349 -0.378265 0.076910
v -0.876413 -0.395548 0.076910
v -0.799371 -0.194293 0.040266
v -0.836435 -0.211576 0.040266
v -0.836435 -0.211576 0.076910
v -0.799371 -0.194293 0.076910
v -0.941949 -0.255006 0.113145
v -0.904886 -0.237723 0.113145
v -0.902571 -0.236643 0.111962
v -0.944264 -0.256085 0.111962
v -0.904886 -0.237723 0.144442
v -0.941949 -0.255006 0.144442
v -0.944264 -0.256085 0.145625
v -0.902571 -0.236643 0.145625
v -0.941949 -0.255006 0.144442
v -0.941949 -0.255006 0.113145
v -0.944264 -0.256085 0.111962
v -0.944264 -0.256085 0.145625
v -0.904886 -0.237723 0.113145
v -0.904886 -0.237723 0.144442
v -0.902571 -0.236643 0.145625
v -0.902571 -0.236643 0.111962
v -0.801583 -0.189552 0.113145
v -0.801583 -0.189552 0.144442
v -0.799268 -0.188472 0.145625
v -0.799268 -0.188472 0.111962
v -0.838646 -0.206835 0.113145
v -0.801583 -0.189552 0.113145
v -0.799268 -0.188472 0.111962
v -0.840961 -0.207914 0.111962
v -0.801583 -0.189552 0.144442
v -0.838646 -0.206835 0.144442
v -0.840961 -0.207914 0.145625
v -0.799268 -0.188472 0.145625
v -0.838646 -0.206835 0.144442
v -0.838646 -0.206835 0.113145
v -0.840961 -0.207914 0.111962
v -0.840961 -0.207914 0.145625
v -0.801583 -0.189552 0.040266
v -0.801583 -0.189552 0.076910
v -0.799268 -0.188472 0.078093
v -0.799268 -0.188472 0.039083
v -0.838646 -0.206835 0.040266
v -0.801583 -0.189552 0.040266
v -0.799268 -0.188472 0.039083
v -0.840961 -0.207914 0.039083
v -0.801583 -0.189552 0.076910
v -0.838646 -0.206835 0.076910
v -0.840961 -0.207914 0.078093
v -0.799268 -0.188472 0.078093
v -0.838646 -0.206835 0.076910
v -0.838646 -0.206835 0.040266
v -0.840961 -0.207914 0.039083
v -0.840961 -0.207914 0.078093
v -0.941949 -0.255006 0.040266
v -0.904886 -0.237723 0.040266
v -0.902571 -0.236643 0.039083
v -0.944264 -0.256085 0.039083
v -0.941949 -0.255006 0.076910
v -0.941949 -0.255006 0.040266
v -0.944264 -0.256085 0.039083
v -0.944264 -0.256085 0.078093
v -0.904886 -0.237723 0.040266
v -0.904886 -0.237723 0.076910
v -0.902571 -0.236643 0.078093
v -0.902571 -0.236643 0.039083
v -0.874202 -0.400290 0.113145
v -0.874202 -0.400290 0.144442
v -0.876517 -0.401369 0.145625
v -0.876517 -0.401369 0.111962
v -0.837138 -0.383007 0.113145
v -0.874202 -0.400290 0.113145
v -0.876517 -0.401369 0.111962
v -0.834823 -0.381928 0.111962
v -0.874202 -0.400290 0.144442
v -0.837138 -0.383007 0.144442
v -0.834823 -0.381928 0.145625
v -0.876517 -0.401369 0.145625
v -0.837138 -0.383007 0.144442
v -0.837138 -0.383007 0.113145
v -0.834823 -0.381928 0.111962
v -0.834823 -0.381928 0.145625
v -0.770899 -0.352119 0.144442
v -0.733835 -0.334836 0.144442
v -0.731520 -0.333757 0.145625
v -0.773214 -0.353198 0.145625
v -0.733835 -0.334836 0.144442
v -0.733835 -0.334836 0.113145
v -0.731520 -0.333757 0.111962
v -0.731520 -0.333757 0.145625
v -0.770899 -0.352119 0.113145
v -0.770899 -0.352119 0.144442
v -0.773214 -0.353198 0.145625
v -0.773214 -0.353198 0.111962
v -0.874202 -0.400290 0.040266
v -0.874202 -0.400290 0.076910
v -0.876517 -0.401369 0.078093
v -0.876517 -0.401369 0.039083
v -0.837138 -0.383007 0.040266
v -0.874202 -0.400290 0.040266
v -0.876517 -0.401369 0.039083
v -0.834823 -0.381928 0.039083
v -0.874202 -0.400290 0.076910
v -0.837138 -0.383007 0.076910
v -0.834823 -0.381928 0.078093
v -0.876517 -0.401369 0.078093
v -0.837138 -0.383007 0.076910
v -0.837138 -0.383007 0.040266
v -0.834823 -0.381928 0.039083
v -0.834823 -0.381928 0.078093
v -0.733835 -0.334836 0.040266
v -0.770899 -0.352119 0.040266
v -0.773214 -0.353198 0.039083
v -0.731520 -0.333757 0.039083
v -0.770899 -0.352119 0.076910
v -0.733835 -0.334836 0.076910
v -0.731520 -0.333757 0.078093
v -0.773214 -0.353198 0.078093
v -0.733835 -0.334836 0.076910
v -0.733835 -0.334836 0.040266
v -0.731520 -0.333757 0.039083
v -0.731520 -0.333757 0.078093
v -0.770899 -0.352119 0.040266
v -0.770899 -0.352119 0.076910
v -0.773214 -0.353198 0.078093
v -0.773214 -0.353198 0.039083
v -0.908073 -0.414121 0.128794
v -0.974317 -0.272062 0.128794
v -0.767711 -0.175720 0.128794
v -0.701467 -0.317780 0.128794
v -0.931385 -0.364129 0.128794
v -0.951005 -0.322055 0.128794
v -0.929508 -0.360440 0.127453
v -0.929508 -0.360440 0.130134
v -0.804770 -0.365950 0.128794
v -0.871014 -0.223891 0.128794
v -0.943512 -0.257698 0.128794
v -0.901819 -0.238256 0.128794
v -0.798516 -0.190085 0.128794
v -0.840209 -0.209527 0.128794
v -0.877268 -0.399757 0.128794
v -0.835575 -0.380315 0.128794
v -0.732272 -0.332144 0.128794
v -0.773966 -0.351586 0.128794
v -0.941197 -0.256618 0.128794
v -0.904134 -0.239335 0.128794
v -0.800831 -0.191164 0.128794
v -0.837894 -0.208447 0.128794
v -0.874954 -0.398677 0.128794
v -0.837890 -0.381394 0.128794
v -0.734587 -0.333223 0.128794
v -0.771651 -0.350506 0.128794
v -0.872452 -0.393702 0.127453
v -0.842647 -0.381533 0.128794
v -0.843310 -0.380112 0.127453
v -0.843310 -0.380112 0.130134
v -0.768487 -0.346951 0.128794
v -0.769149 -0.345531 0.130134
v -0.769149 -0.345531 0.127453
v -0.739344 -0.333362 0.128794
v -0.941949 -0.255006 0.128794
v -0.944264 -0.256085 0.128794
v -0.904886 -0.237723 0.128794
v -0.902571 -0.236643 0.128794
v -0.801583 -0.189552 0.128794
v -0.799268 -0.188472 0.128794
v -0.838646 -0.206835 0.128794
v -0.840961 -0.207914 0.128794
v -0.874202 -0.400290 0.128794
v -0.876517 -0.401369 0.128794
v -0.837138 -0.383007 0.128794
v -0.834823 -0.381928 0.128794
v -0.733835 -0.334836 0.128794
v -0.731520 -0.333757 0.128794
v -0.770899 -0.352119 0.128794
v -0.773214 -0.353198 0.128794
v -0.974317 -0.272062 0.058588
v -0.767711 -0.175720 0.058588
v -0.701467 -0.317780 0.058588
v -0.908073 -0.414121 0.058588
v -0.954515 -0.314528 0.055573
v -0.958177 -0.316236 0.055573
v -0.927875 -0.371656 0.055573
v -0.931538 -0.373363 0.055573
v -0.804770 -0.365950 0.058588
v -0.871014 -0.223891 0.058588
v -0.798516 -0.190085 0.058588
v -0.840209 -0.209527 0.058588
v -0.943512 -0.257698 0.058588
v -0.901819 -0.238256 0.058588
v -0.877268 -0.399757 0.058588
v -0.835575 -0.380315 0.058588
v -0.732272 -0.332144 0.058588
v -0.773966 -0.351586 0.058588
v -0.800831 -0.191164 0.058588
v -0.837894 -0.208447 0.058588
v -0.941197 -0.256618 0.058588
v -0.904134 -0.239335 0.058588
v -0.874954 -0.398677 0.058588
v -0.837890 -0.381394 0.058588
v -0.734587 -0.333224 0.058588
v -0.771651 -0.350506 0.058588
v -0.740007 -0.331941 0.127453
v -0.740007 -0.331941 0.130134
v -0.907297 -0.242891 0.128794
v -0.906635 -0.244311 0.130134
v -0.906635 -0.244311 0.127453
v -0.936440 -0.256480 0.128794
v -0.935777 -0.257900 0.127453
v -0.935777 -0.257900 0.130134
v -0.801583 -0.189552 0.058588
v -0.799268 -0.188472 0.058588
v -0.838646 -0.206835 0.058588
v -0.840961 -0.207914 0.058588
v -0.941949 -0.255006 0.058588
v -0.944264 -0.256085 0.058588
v -0.904886 -0.237723 0.058588
v -0.902571 -0.236643 0.058588
v -0.874202 -0.400290 0.058588
v -0.876517 -0.401369 0.058588
v -0.837138 -0.383007 0.058588
v -0.834823 -0.381928 0.058588
v -0.733835 -0.334836 0.058588
v -0.731520 -0.333757 0.058588
v -0.770899 -0.352119 0.058588
v -0.773214 -0.353198 0.058588
v -0.939738 -0.259747 0.130134
v -0.939738 -0.259747 0.127453
v -0.940400 -0.258327 0.128794
v -0.902674 -0.242464 0.127453
v -0.902674 -0.242464 0.130134
v -0.903337 -0.241044 0.128794
v -0.736046 -0.330094 0.130134
v -0.736046 -0.330094 0.127453
v -0.735384 -0.331515 0.128794
v -0.773110 -0.347377 0.127453
v -0.773110 -0.347377 0.130134
v -0.772447 -0.348798 0.128794
v -0.839349 -0.378265 0.130134
v -0.839349 -0.378265 0.127453
v -0.838687 -0.379686 0.128794
v -0.876413 -0.395548 0.127453
v -0.876413 -0.395548 0.130134
v -0.875750 -0.396969 0.128794
v -0.836435 -0.211576 0.130134
v -0.836435 -0.211576 0.127453
v -0.837097 -0.210156 0.128794
v -0.799371 -0.194293 0.127453
v -0.799371 -0.194293 0.130134
v -0.800034 -0.192873 0.128794
v -0.939738 -0.259747 0.059929
v -0.939738 -0.259747 0.057247
v -0.940400 -0.258327 0.058588
v -0.902674 -0.242464 0.057247
v -0.902674 -0.242464 0.059929
v -0.903337 -0.241044 0.058588
v -0.736046 -0.330094 0.059929
v -0.736046 -0.330094 0.057247
v -0.735384 -0.331515 0.058588
v -0.773110 -0.347377 0.057247
v -0.773110 -0.347377 0.059929
v -0.772447 -0.348798 0.058588
v -0.839349 -0.378265 0.059929
v -0.839349 -0.378265 0.057247
v -0.838687 -0.379686 0.058588
v -0.876413 -0.395548 0.057247
v -0.876413 -0.395548 0.059929
v -0.875750 -0.396969 0.058588
v -0.836435 -0.211576 0.059929
v -0.836435 -0.211576 0.057247
v -0.837097 -0.210156 0.058588
v -0.799371 -0.194293 0.057247
v -0.799371 -0.194293 0.059929
v -0.800034 -0.192873 0.058588
v -0.872452 -0.393702 0.130134
v -0.871790 -0.395122 0.128794
v -0.832474 -0.209729 0.130134
v -0.832474 -0.209729 0.127453
v -0.833137 -0.208309 0.128794
v -0.803332 -0.196140 0.127453
v -0.803332 -0.196140 0.130134
v -0.803994 -0.194720 0.128794
v -0.935777 -0.257900 0.059929
v -0.935777 -0.257900 0.057247
v -0.936440 -0.256480 0.058588
v -0.906635 -0.244311 0.057247
v -0.906635 -0.244311 0.059929
v -0.907297 -0.242891 0.058588
v -0.740007 -0.331941 0.059929
v -0.740007 -0.331941 0.057247
v -0.739344 -0.333362 0.058588
v -0.769149 -0.345531 0.057247
v -0.769149 -0.345531 0.059929
v -0.768487 -0.346951 0.058588
v -0.843310 -0.380112 0.059929
v -0.843310 -0.380112 0.057247
v -0.842647 -0.381533 0.058588
v -0.872452 -0.393702 0.057247
v -0.872452 -0.393702 0.059929
v -0.871790 -0.395122 0.058588
v -0.832474 -0.209729 0.059929
v -0.832474 -0.209729 0.057247
v -0.833137 -0.208309 0.058588
v -0.803332 -0.196140 0.057247
v -0.803332 -0.196140 0.059929
v -0.803994 -0.194720 0.058588
v -0.837435 -0.209432 0.130134
v -0.800371 -0.192149 0.130134
v -0.800371 -0.192149 0.127453
v -0.837435 -0.209432 0.127453
v -0.838349 -0.380410 0.130134
v -0.875413 -0.397693 0.130134
v -0.875413 -0.397693 0.127453
v -0.838349 -0.380410 0.127453
v -0.735046 -0.332239 0.130134
v -0.772110 -0.349522 0.130134
v -0.772110 -0.349522 0.127453
v -0.735046 -0.332239 0.127453
v -0.940738 -0.257603 0.130134
v -0.903674 -0.240320 0.130134
v -0.903674 -0.240320 0.127453
v -0.940738 -0.257603 0.127453
v -0.837435 -0.209432 0.059929
v -0.800371 -0.192149 0.059929
v -0.800371 -0.192149 0.057247
v -0.837435 -0.209432 0.057247
v -0.838349 -0.380410 0.059929
v -0.875413 -0.397693 0.059929
v -0.875413 -0.397693 0.057247
v -0.838349 -0.380410 0.057247
v -0.735046 -0.332239 0.059929
v -0.772110 -0.349522 0.059929
v -0.772110 -0.349522 0.057247
v -0.735046 -0.332239 0.057247
v -0.940738 -0.257603 0.059929
v -0.903674 -0.240320 0.059929
v -0.903674 -0.240320 0.057247
v -0.940738 -0.257603 0.057247
v -0.930369 -0.366308 0.104397
v -0.952021 -0.319875 0.104397
v -0.952021 -0.319875 0.153191
v -0.930369 -0.366308 0.153191
v -0.952021 -0.319875 0.128794
v -0.930369 -0.366308 0.128794
v -0.935169 -0.365893 0.151475
v -0.935169 -0.365893 0.128794
v -0.934153 -0.368073 0.128794
v -0.934153 -0.368073 0.153191
v -0.954789 -0.323819 0.106112
v -0.954789 -0.323819 0.128794
v -0.955805 -0.321640 0.128794
v -0.955805 -0.321640 0.104397
v -0.954789 -0.323819 0.128794
v -0.954789 -0.323819 0.151475
v -0.955805 -0.321640 0.153191
v -0.955805 -0.321640 0.128794
v -0.935169 -0.365893 0.128794
v -0.935169 -0.365893 0.106112
v -0.934153 -0.368073 0.104397
v -0.934153 -0.368073 0.128794
v -0.954789 -0.323819 0.151475
v -0.935169 -0.365893 0.151475
v -0.934153 -0.368073 0.153191
v -0.955805 -0.321640 0.153191
v -0.935169 -0.365893 0.106112
v -0.954789 -0.323819 0.106112
v -0.955805 -0.321640 0.104397
v -0.934153 -0.368073 0.104397
v -0.928431 -0.362751 0.130134
v -0.928431 -0.362751 0.127453
v -0.931054 -0.363974 0.128794
v -0.948050 -0.320677 0.127453
v -0.948050 -0.320677 0.130134
v -0.950674 -0.321900 0.128794
v -0.932132 -0.361664 0.128794
v -0.946972 -0.322988 0.127453
v -0.946972 -0.322988 0.130134
v -0.949596 -0.324211 0.128794
v -0.932698 -0.364741 0.130134
v -0.952317 -0.322667 0.130134
v -0.952317 -0.322667 0.127453
v -0.932698 -0.364741 0.127453
v -0.902576 -0.236631 0.078093
v -0.944269 -0.256073 0.078093
v -0.904891 -0.237711 0.076910
v -0.941955 -0.254994 0.076910
v -0.734589 -0.246750 -0.000100
v -0.941195 -0.343092 -0.000100
v -0.734589 -0.246750 0.021396
v -0.734589 -0.246750 0.095780
v -0.941195 -0.343092 0.095780
v -0.734589 -0.246750 0.208699
v -0.941195 -0.343092 0.208699
v -0.941195 -0.343092 0.106112
v -0.941195 -0.343092 0.151475
v -0.938240 -0.341714 0.106112
v -0.938240 -0.341714 0.151475
v -0.837892 -0.294921 0.200535
v -0.837892 -0.294921 -0.000100
v -0.734589 -0.246750 0.128794
v -0.734589 -0.246750 0.058588
v -0.941195 -0.343092 0.153191
v -0.941195 -0.343092 0.104397
v -0.944979 -0.344856 0.151475
v -0.944979 -0.344856 0.153191
v -0.944979 -0.344856 0.106112
v -0.944979 -0.344856 0.104397
v -0.938240 -0.341714 0.130134
v -0.938240 -0.341714 0.127453
v -0.942508 -0.343704 0.130134
v -0.942508 -0.343704 0.127453
v -0.773225 -0.353174 0.111962
v -0.731532 -0.333732 0.111962
v -0.770910 -0.352095 0.113145
v -0.733847 -0.334812 0.113145
v -0.951518 -0.320955 0.003285
v -0.953190 -0.317369 0.021254
v -0.930872 -0.365229 0.017869
v -0.930872 -0.365229 0.003285
v -0.929200 -0.368814 0.021174
v -0.951518 -0.320955 0.067875
v -0.930872 -0.365229 0.067875
v -0.919210 -0.284283 0.070482
v -1.030554 -0.336203 0.070482
v -0.919935 -0.282728 0.072551
v -1.031278 -0.334649 0.072551
v -0.900612 -0.324168 0.097445
v -0.882013 -0.364052 0.070483
v -1.011955 -0.376088 0.097445
v -0.993357 -0.415972 0.070483
v -1.011955 -0.376088 0.099514
v -0.900612 -0.324168 0.099514
v -0.881289 -0.365607 0.072551
v -0.992632 -0.417527 0.072551
v -1.003850 -0.343963 0.003398
v -1.004359 -0.340022 -0.000100
v -1.005038 -0.341415 0.003398
v -1.008185 -0.342883 0.003398
v -1.003850 -0.343963 0.081991
v -1.005038 -0.341415 0.081991
v -1.008185 -0.342883 0.081991
v -1.002413 -0.344321 0.003398
v -1.009622 -0.342524 0.003398
v -1.004389 -0.340084 0.003398
v -1.009688 -0.342508 -0.000100
v -1.006997 -0.345430 0.003398
v -1.008185 -0.342883 0.003398
v -1.006997 -0.345430 0.081991
v -1.009622 -0.342524 0.003398
v -1.007646 -0.346762 0.003398
v -1.002413 -0.344321 -0.000100
v -1.007646 -0.346762 -0.000100
v -0.982136 -0.390528 0.003398
v -0.979445 -0.393451 -0.000100
v -0.980948 -0.393076 0.003398
v -0.984095 -0.394543 0.003398
v -0.982136 -0.390528 0.081991
v -0.980948 -0.393076 0.081991
v -0.984095 -0.394543 0.081991
v -0.981487 -0.389197 0.003398
v -0.984744 -0.395875 0.003398
v -0.979511 -0.393434 0.003398
v -0.984774 -0.395936 -0.000100
v -0.985283 -0.391996 0.003398
v -0.984095 -0.394543 0.003398
v -0.985283 -0.391996 0.081991
v -0.984744 -0.395875 0.003398
v -0.986720 -0.391637 0.003398
v -0.981487 -0.389197 -0.000100
v -0.986720 -0.391637 -0.000100
v -0.728190 -0.243766 0.208756
v -0.687564 -0.330888 0.161098
v -0.948393 -0.346448 0.208756
v -0.907767 -0.433570 0.161098
v -0.948393 -0.346448 0.210820
v -0.728190 -0.243766 0.210820
v -0.686973 -0.332156 0.163162
v -0.907176 -0.434838 0.163162
v -0.903930 -0.365810 0.194807
v -0.728190 -0.243766 0.212670
v -0.686444 -0.333292 0.165012
v -0.892898 -0.389468 0.182875
v -0.886715 -0.317687 0.208756
v -0.846089 -0.404809 0.161098
v -0.886715 -0.317687 0.210820
v -0.845498 -0.406077 0.163162
v -0.881475 -0.355339 0.194807
v -0.870443 -0.378997 0.182875
v -0.844968 -0.407213 0.165012
v -0.906646 -0.435974 0.165012
v -0.948393 -0.346448 0.212670
v -0.886715 -0.317687 0.212670
v -0.868317 -0.379664 0.182174
v -0.893754 -0.391525 0.182174
v -0.906056 -0.365143 0.195508
v -0.880619 -0.353281 0.195508
v -0.868317 -0.379664 0.183827
v -0.893754 -0.391525 0.183827
v -0.906056 -0.365143 0.197161
v -0.880619 -0.353281 0.197161
v -0.870443 -0.378997 0.184528
v -0.892898 -0.389468 0.184528
v -0.903930 -0.365810 0.196460
v -0.881475 -0.355339 0.196460
v -0.898769 -0.376876 0.190062
v -0.898769 -0.376876 0.189226
v -0.898058 -0.378402 0.188456
v -0.875603 -0.367931 0.188456
v -0.876315 -0.366405 0.189226
v -0.898058 -0.378402 0.189293
v -0.875603 -0.367931 0.189293
v -0.876315 -0.366405 0.190062
v -0.907767 -0.433570 0.161098
v -0.907176 -0.434838 0.163162
v -0.906646 -0.435974 0.165012
v -0.893754 -0.391525 0.182174
v -0.906056 -0.365143 0.195508
v -0.892898 -0.389468 0.182875
v -0.898058 -0.378402 0.189293
v -0.903930 -0.365810 0.194807
v -0.893754 -0.391525 0.183827
v -0.906056 -0.365143 0.197161
v -0.892898 -0.389468 0.184528
v -0.903930 -0.365810 0.196460
v -0.898058 -0.378402 0.188456
v -0.898769 -0.376876 0.189226
v -0.898769 -0.376876 0.190062
v -0.906056 -0.365143 0.195508
v -0.880619 -0.353281 0.195508
v -0.906056 -0.365143 0.197161
v -0.880619 -0.353281 0.197161
v -0.903930 -0.365810 0.196460
v -0.881475 -0.355339 0.196460
v -0.768816 -0.156644 0.161098
v -0.989018 -0.259326 0.161098
v -0.769407 -0.155376 0.163162
v -0.989609 -0.258058 0.163162
v -0.934644 -0.299942 0.194807
v -0.769937 -0.154240 0.165012
v -0.945676 -0.276284 0.182875
v -0.927340 -0.230565 0.161098
v -0.927931 -0.229297 0.163162
v -0.912190 -0.289472 0.194807
v -0.923222 -0.265813 0.182875
v -0.928461 -0.228161 0.165012
v -0.990139 -0.256922 0.165012
v -0.922366 -0.263756 0.182174
v -0.947803 -0.275617 0.182174
v -0.935500 -0.302000 0.195508
v -0.910063 -0.290138 0.195508
v -0.922366 -0.263756 0.183827
v -0.947803 -0.275617 0.183827
v -0.935500 -0.302000 0.197161
v -0.910063 -0.290138 0.197161
v -0.923222 -0.265813 0.184528
v -0.945676 -0.276284 0.184528
v -0.934644 -0.299942 0.196460
v -0.912190 -0.289472 0.196460
v -0.939805 -0.288876 0.190062
v -0.939805 -0.288876 0.189226
v -0.940516 -0.287350 0.188456
v -0.918061 -0.276879 0.188456
v -0.917350 -0.278405 0.189226
v -0.940516 -0.287350 0.189293
v -0.918061 -0.276879 0.189293
v -0.917350 -0.278405 0.190062
v -0.989018 -0.259326 0.161098
v -0.989609 -0.258058 0.163162
v -0.990139 -0.256922 0.165012
v -0.947803 -0.275617 0.182174
v -0.935500 -0.302000 0.195508
v -0.945676 -0.276284 0.182875
v -0.940516 -0.287350 0.189293
v -0.934644 -0.299942 0.194807
v -0.947803 -0.275617 0.183827
v -0.935500 -0.302000 0.197161
v -0.945676 -0.276284 0.184528
v -0.934644 -0.299942 0.196460
v -0.940516 -0.287350 0.188456
v -0.939805 -0.288876 0.189226
v -0.939805 -0.288876 0.190062
v -0.935500 -0.302000 0.195508
v -0.910063 -0.290138 0.195508
v -0.935500 -0.302000 0.197161
v -0.910063 -0.290138 0.197161
v -0.934644 -0.299942 0.196460
v -0.912190 -0.289472 0.196460
v -0.877023 -0.414305 0.079640
v -0.887068 -0.403374 0.067783
v -0.876643 -0.414035 0.079660
v -0.886688 -0.403103 0.067803
v -0.876259 -0.413948 0.079487
v -0.886303 -0.403017 0.067630
v -0.876094 -0.414096 0.079222
v -0.886139 -0.403165 0.067366
v -0.876246 -0.414392 0.079021
v -0.886290 -0.403461 0.067165
v -0.876625 -0.414662 0.079001
v -0.886670 -0.403731 0.067145
v -0.877010 -0.414749 0.079174
v -0.887055 -0.403818 0.067318
v -0.877175 -0.414601 0.079439
v -0.887220 -0.403669 0.067582
v -0.721487 -0.341777 0.079640
v -0.723404 -0.327056 0.067783
v -0.721938 -0.341894 0.079660
v -0.723855 -0.327173 0.067803
v -0.722252 -0.342134 0.079487
v -0.724169 -0.327412 0.067630
v -0.722244 -0.342355 0.079222
v -0.724161 -0.327634 0.067366
v -0.721920 -0.342429 0.079021
v -0.723837 -0.327708 0.067165
v -0.721469 -0.342312 0.079001
v -0.723386 -0.327591 0.067145
v -0.721155 -0.342073 0.079174
v -0.723072 -0.327351 0.067318
v -0.721163 -0.341851 0.079439
v -0.723080 -0.327130 0.067582
v -0.723149 -0.315719 0.092987
v -0.703963 -0.356865 0.070564
v -0.895916 -0.396282 0.092987
v -0.876730 -0.437427 0.070564
v -0.896498 -0.395034 0.090946
v -0.723731 -0.314471 0.090946
v -0.704545 -0.355616 0.068524
v -0.877312 -0.436179 0.068524
v -0.953190 -0.317369 -0.000100
v -0.929200 -0.368814 0.021254
v -0.929200 -0.368814 -0.000100
v -0.951518 -0.320955 0.024633
v -0.951518 -0.320955 0.017869
v -0.953190 -0.317369 0.071260
v -0.929200 -0.368814 0.071260
v -0.941195 -0.343092 0.073836
v -0.930872 -0.365229 0.024564
v -0.941195 -0.343092 0.071260
v -0.944857 -0.344799 0.073836
v -0.944857 -0.344799 0.071260
v -0.941195 -0.343092 0.024598
v -0.941195 -0.343092 0.067875
v -0.941195 -0.343092 0.021214
v -0.941195 -0.343092 -0.000100
v -0.941195 -0.343092 0.021254
v -0.941195 -0.343092 0.003285
v -0.941195 -0.343092 0.017869
v -0.937104 -0.338155 0.015521
v -0.945107 -0.320994 0.015521
v -0.945107 -0.320994 0.005633
v -0.937104 -0.338155 0.005633
v -0.937104 -0.338155 0.065527
v -0.945107 -0.320994 0.065527
v -0.945107 -0.320994 0.026977
v -0.937104 -0.338155 0.026950
v -0.926782 -0.360292 0.065527
v -0.934784 -0.343131 0.065527
v -0.934784 -0.343131 0.026943
v -0.926782 -0.360292 0.026916
v -0.926782 -0.360292 0.015521
v -0.934784 -0.343131 0.015521
v -0.934784 -0.343131 0.005633
v -0.926782 -0.360292 0.005633
v -0.938164 -0.341679 0.024598
v -0.948487 -0.319542 0.024633
v -0.948487 -0.319542 0.003285
v -0.948487 -0.319542 0.017869
v -0.927842 -0.363815 0.017869
v -0.927842 -0.363815 0.003285
v -0.938164 -0.341679 0.003285
v -0.938164 -0.341679 0.017869
v -0.938164 -0.341679 0.067875
v -0.927842 -0.363815 0.067875
v -0.927842 -0.363815 0.024564
v -0.948487 -0.319542 0.067875
v -0.929002 -0.361327 0.005633
v -0.937004 -0.344167 0.005633
v -0.937004 -0.344167 0.015521
v -0.929002 -0.361327 0.015521
v -0.929002 -0.361327 0.026916
v -0.937004 -0.344167 0.026943
v -0.937004 -0.344167 0.065527
v -0.929002 -0.361327 0.065527
v -0.939324 -0.339190 0.026950
v -0.947327 -0.322030 0.026977
v -0.947327 -0.322030 0.065527
v -0.939324 -0.339190 0.065527
v -0.939324 -0.339190 0.005633
v -0.947327 -0.322030 0.005633
v -0.947327 -0.322030 0.015521
v -0.939324 -0.339190 0.015521
v -0.805590 -0.530390 0.079640
v -0.797815 -0.543037 0.067783
v -0.805227 -0.530099 0.079660
v -0.797451 -0.542745 0.067803
v -0.805039 -0.529752 0.079487
v -0.797263 -0.542398 0.067630
v -0.805136 -0.529553 0.079222
v -0.797361 -0.542199 0.067366
v -0.805462 -0.529618 0.079021
v -0.797687 -0.542265 0.067165
v -0.805826 -0.529910 0.079001
v -0.798051 -0.542556 0.067145
v -0.806014 -0.530256 0.079174
v -0.798239 -0.542903 0.067318
v -0.805916 -0.530455 0.079439
v -0.798141 -0.543102 0.067582
v -0.693374 -0.400548 0.079640
v -0.679734 -0.406409 0.067783
v -0.693610 -0.400949 0.079660
v -0.679970 -0.406811 0.067803
v -0.693925 -0.401186 0.079487
v -0.680286 -0.407047 0.067630
v -0.694137 -0.401118 0.079222
v -0.680497 -0.406979 0.067366
v -0.694119 -0.400786 0.079021
v -0.680480 -0.406647 0.067165
v -0.693883 -0.400384 0.079001
v -0.680244 -0.406245 0.067145
v -0.693567 -0.400148 0.079174
v -0.679928 -0.406009 0.067318
v -0.693356 -0.400215 0.079439
v -0.679717 -0.406077 0.067582
v -0.668758 -0.409257 0.092987
v -0.703107 -0.379571 0.070564
v -0.793407 -0.553484 0.092987
v -0.827756 -0.523799 0.070564
v -0.792365 -0.554385 0.090946
v -0.667716 -0.410157 0.090946
v -0.702065 -0.380472 0.068524
v -0.826714 -0.524699 0.068524
v -0.546241 -0.490321 -0.000100
v -0.664833 -0.387828 -0.000100
v -0.570136 -0.517970 0.040266
v -0.688729 -0.415476 0.040266
v -0.570136 -0.517970 0.113145
v -0.688729 -0.415476 0.113145
v -0.772162 -0.596373 0.106112
v -0.737038 -0.626729 0.106112
v -0.813896 -0.560304 -0.000100
v -0.695304 -0.662797 -0.000100
v -0.790001 -0.532655 0.040266
v -0.671408 -0.635149 0.040266
v -0.778445 -0.590942 -0.000100
v -0.778445 -0.590942 0.021181
v -0.778445 -0.590942 0.073836
v -0.778715 -0.596049 0.021174
v -0.778445 -0.590942 0.021254
v -0.730755 -0.632159 -0.000100
v -0.730755 -0.632159 0.021181
v -0.781087 -0.593999 0.021181
v -0.730755 -0.632159 0.073836
v -0.730755 -0.632159 0.021254
v -0.778445 -0.590942 0.073836
v -0.730755 -0.632159 0.073836
v -0.781087 -0.593999 0.073836
v -0.778715 -0.596049 0.021180
v -0.781087 -0.593999 0.021187
v -0.781087 -0.593999 -0.000100
v -0.778715 -0.596049 -0.000100
v -0.735768 -0.633166 0.021174
v -0.733397 -0.635216 0.021181
v -0.733397 -0.635216 0.073836
v -0.735768 -0.633166 -0.000100
v -0.733397 -0.635216 -0.000100
v -0.733397 -0.635216 0.021187
v -0.735768 -0.633166 0.021180
v -0.735768 -0.633166 0.071260
v -0.733397 -0.635216 0.073836
v -0.781087 -0.593999 0.073836
v -0.778715 -0.596049 0.071260
v -0.785592 -0.599211 -0.000100
v -0.783220 -0.601261 -0.000100
v -0.740273 -0.638378 -0.000100
v -0.737901 -0.640428 -0.000100
v -0.785592 -0.599211 0.019175
v -0.782752 -0.595926 0.021187
v -0.785453 -0.599051 0.019797
v -0.785049 -0.598584 0.020357
v -0.784421 -0.597857 0.020802
v -0.783630 -0.596941 0.021088
v -0.780380 -0.597976 0.021180
v -0.783220 -0.601261 0.019168
v -0.781258 -0.598991 0.021081
v -0.782049 -0.599907 0.020795
v -0.782678 -0.600634 0.020350
v -0.783081 -0.601101 0.019790
v -0.735062 -0.637143 0.021187
v -0.737901 -0.640428 0.019175
v -0.735939 -0.638158 0.021088
v -0.736731 -0.639074 0.020802
v -0.737359 -0.639801 0.020357
v -0.737762 -0.640267 0.019797
v -0.740273 -0.638378 0.019168
v -0.737434 -0.635093 0.021180
v -0.740134 -0.638218 0.019790
v -0.739731 -0.637751 0.020350
v -0.739103 -0.637024 0.020795
v -0.738311 -0.636108 0.021081
v -0.737038 -0.626729 0.151475
v -0.570136 -0.517970 0.144442
v -0.688729 -0.415476 0.144442
v -0.772162 -0.596373 0.151475
v -0.790001 -0.532655 0.113145
v -0.671408 -0.635149 0.113145
v -0.790001 -0.532655 0.144442
v -0.671408 -0.635149 0.144442
v -0.770030 -0.593906 0.106112
v -0.734906 -0.624262 0.106112
v -0.770030 -0.593906 0.151475
v -0.734906 -0.624262 0.151475
v -0.620772 -0.576559 -0.000100
v -0.739365 -0.474066 -0.000100
v -0.644668 -0.604208 0.040266
v -0.715469 -0.446417 0.040266
v -0.644668 -0.604208 0.113145
v -0.763260 -0.501715 0.113145
v -0.644668 -0.604208 0.144442
v -0.763260 -0.501715 0.144442
v -0.715469 -0.446417 0.113145
v -0.790001 -0.532655 0.076910
v -0.715469 -0.446417 0.144442
v -0.813896 -0.560304 0.169971
v -0.688729 -0.415476 0.076910
v -0.664833 -0.387828 0.169971
v -0.715469 -0.446417 0.076910
v -0.739365 -0.474066 0.169971
v -0.664833 -0.387828 0.095780
v -0.664833 -0.387828 0.021396
v -0.763260 -0.501715 0.040266
v -0.763260 -0.501715 0.076910
v -0.739365 -0.474066 0.021396
v -0.813896 -0.560304 0.021254
v -0.739365 -0.474066 0.095780
v -0.813896 -0.560304 0.095780
v -0.671408 -0.635149 0.076910
v -0.695304 -0.662798 0.169971
v -0.596877 -0.548911 0.113145
v -0.596877 -0.548911 0.144442
v -0.644668 -0.604208 0.076910
v -0.570136 -0.517970 0.076910
v -0.620772 -0.576559 0.169971
v -0.546241 -0.490321 0.169971
v -0.695304 -0.662798 0.095780
v -0.695304 -0.662797 0.021254
v -0.596877 -0.548911 0.040266
v -0.596877 -0.548911 0.076910
v -0.620772 -0.576559 0.021396
v -0.546241 -0.490321 0.021396
v -0.620772 -0.576559 0.095780
v -0.546241 -0.490321 0.095780
v -0.761590 -0.499782 0.111962
v -0.791671 -0.534588 0.111962
v -0.761590 -0.499782 0.145625
v -0.791671 -0.534588 0.145625
v -0.687058 -0.413544 0.111962
v -0.687058 -0.413544 0.145625
v -0.717139 -0.448350 0.111962
v -0.717139 -0.448350 0.145625
v -0.687058 -0.413544 0.078093
v -0.687058 -0.413544 0.039083
v -0.717139 -0.448350 0.039083
v -0.717139 -0.448350 0.078093
v -0.761590 -0.499782 0.039083
v -0.791671 -0.534588 0.039083
v -0.761590 -0.499782 0.078093
v -0.791671 -0.534588 0.078093
v -0.673079 -0.637081 0.111962
v -0.673079 -0.637081 0.145625
v -0.642998 -0.602276 0.111962
v -0.642998 -0.602276 0.145625
v -0.598547 -0.550843 0.111962
v -0.568466 -0.516037 0.111962
v -0.598547 -0.550843 0.145625
v -0.568466 -0.516037 0.145625
v -0.673079 -0.637081 0.078093
v -0.673079 -0.637081 0.039083
v -0.642998 -0.602276 0.039083
v -0.642998 -0.602276 0.078093
v -0.598547 -0.550843 0.039083
v -0.568466 -0.516037 0.039083
v -0.598547 -0.550843 0.078093
v -0.568466 -0.516037 0.078093
v -0.760648 -0.503972 0.040266
v -0.787389 -0.534913 0.040266
v -0.787388 -0.534913 0.076910
v -0.760648 -0.503972 0.076910
v -0.599489 -0.546653 0.040266
v -0.572749 -0.515712 0.040266
v -0.572749 -0.515712 0.076910
v -0.599489 -0.546653 0.076910
v -0.760648 -0.503972 0.113145
v -0.787388 -0.534913 0.113145
v -0.787388 -0.534913 0.144442
v -0.760648 -0.503972 0.144442
v -0.599489 -0.546653 0.113145
v -0.572749 -0.515712 0.113145
v -0.572749 -0.515712 0.144442
v -0.599489 -0.546653 0.144442
v -0.674020 -0.632891 0.113145
v -0.647280 -0.601950 0.113145
v -0.647280 -0.601950 0.144442
v -0.674020 -0.632891 0.144442
v -0.686116 -0.417734 0.113145
v -0.712857 -0.448675 0.113145
v -0.712857 -0.448675 0.144442
v -0.686116 -0.417734 0.144442
v -0.674020 -0.632891 0.040266
v -0.647280 -0.601950 0.040266
v -0.647280 -0.601950 0.076910
v -0.674020 -0.632891 0.076910
v -0.686117 -0.417734 0.040266
v -0.712857 -0.448675 0.040266
v -0.712857 -0.448675 0.076910
v -0.686116 -0.417734 0.076910
v -0.791347 -0.531492 0.113145
v -0.764606 -0.500551 0.113145
v -0.762936 -0.498619 0.111962
v -0.793017 -0.533424 0.111962
v -0.764606 -0.500551 0.144442
v -0.791347 -0.531492 0.144442
v -0.793017 -0.533424 0.145625
v -0.762936 -0.498619 0.145625
v -0.791347 -0.531492 0.144442
v -0.791347 -0.531492 0.113145
v -0.793017 -0.533424 0.111962
v -0.793017 -0.533424 0.145625
v -0.764606 -0.500551 0.113145
v -0.764606 -0.500551 0.144442
v -0.762936 -0.498619 0.145625
v -0.762936 -0.498619 0.111962
v -0.690075 -0.414313 0.113145
v -0.690075 -0.414313 0.144442
v -0.688405 -0.412381 0.145625
v -0.688405 -0.412381 0.111962
v -0.716815 -0.445254 0.113145
v -0.690075 -0.414313 0.113145
v -0.688405 -0.412381 0.111962
v -0.718486 -0.447186 0.111962
v -0.690075 -0.414313 0.144442
v -0.716815 -0.445254 0.144442
v -0.718486 -0.447186 0.145625
v -0.688405 -0.412381 0.145625
v -0.716815 -0.445254 0.144442
v -0.716815 -0.445254 0.113145
v -0.718486 -0.447186 0.111962
v -0.718486 -0.447186 0.145625
v -0.690075 -0.414313 0.040266
v -0.690075 -0.414313 0.076910
v -0.688405 -0.412381 0.078093
v -0.688405 -0.412381 0.039083
v -0.716815 -0.445254 0.040266
v -0.690075 -0.414313 0.040266
v -0.688405 -0.412381 0.039083
v -0.718486 -0.447186 0.039083
v -0.690075 -0.414313 0.076910
v -0.716815 -0.445254 0.076910
v -0.718486 -0.447186 0.078093
v -0.688405 -0.412381 0.078093
v -0.716815 -0.445254 0.076910
v -0.716815 -0.445254 0.040266
v -0.718486 -0.447186 0.039083
v -0.718486 -0.447186 0.078093
v -0.791347 -0.531492 0.040266
v -0.764606 -0.500551 0.040266
v -0.762936 -0.498619 0.039083
v -0.793017 -0.533424 0.039083
v -0.791347 -0.531492 0.076910
v -0.791347 -0.531492 0.040266
v -0.793017 -0.533424 0.039083
v -0.793017 -0.533424 0.078093
v -0.764606 -0.500551 0.040266
v -0.764606 -0.500551 0.076910
v -0.762936 -0.498619 0.078093
v -0.762936 -0.498619 0.039083
v -0.670062 -0.636312 0.113145
v -0.670062 -0.636312 0.144442
v -0.671732 -0.638245 0.145625
v -0.671732 -0.638245 0.111962
v -0.643322 -0.605372 0.113145
v -0.670062 -0.636312 0.113145
v -0.671732 -0.638245 0.111962
v -0.641651 -0.603439 0.111962
v -0.670062 -0.636312 0.144442
v -0.643322 -0.605372 0.144442
v -0.641651 -0.603439 0.145625
v -0.671732 -0.638245 0.145625
v -0.643322 -0.605372 0.144442
v -0.643322 -0.605372 0.113145
v -0.641651 -0.603439 0.111962
v -0.641651 -0.603439 0.145625
v -0.595531 -0.550074 0.144442
v -0.568790 -0.519133 0.144442
v -0.567120 -0.517201 0.145625
v -0.597201 -0.552007 0.145625
v -0.568790 -0.519133 0.144442
v -0.568790 -0.519133 0.113145
v -0.567120 -0.517201 0.111962
v -0.567120 -0.517201 0.145625
v -0.595531 -0.550074 0.113145
v -0.595531 -0.550074 0.144442
v -0.597201 -0.552007 0.145625
v -0.597201 -0.552007 0.111962
v -0.670062 -0.636312 0.040266
v -0.670062 -0.636312 0.076910
v -0.671732 -0.638245 0.078093
v -0.671732 -0.638245 0.039083
v -0.643322 -0.605372 0.040266
v -0.670062 -0.636312 0.040266
v -0.671732 -0.638245 0.039083
v -0.641651 -0.603439 0.039083
v -0.670062 -0.636312 0.076910
v -0.643322 -0.605372 0.076910
v -0.641651 -0.603439 0.078093
v -0.671732 -0.638245 0.078093
v -0.643322 -0.605372 0.076910
v -0.643322 -0.605372 0.040266
v -0.641651 -0.603439 0.039083
v -0.641651 -0.603439 0.078093
v -0.568790 -0.519133 0.040266
v -0.595531 -0.550074 0.040266
v -0.597201 -0.552007 0.039083
v -0.567120 -0.517201 0.039083
v -0.595531 -0.550074 0.076910
v -0.568790 -0.519133 0.076910
v -0.567120 -0.517201 0.078093
v -0.597201 -0.552007 0.078093
v -0.568790 -0.519133 0.076910
v -0.568790 -0.519133 0.040266
v -0.567120 -0.517201 0.039083
v -0.567120 -0.517201 0.078093
v -0.595531 -0.550074 0.040266
v -0.595531 -0.550074 0.076910
v -0.597201 -0.552007 0.078093
v -0.597201 -0.552007 0.039083
v -0.695304 -0.662798 0.128794
v -0.813896 -0.560304 0.128794
v -0.664833 -0.387828 0.128794
v -0.546241 -0.490321 0.128794
v -0.737038 -0.626729 0.128794
v -0.772162 -0.596373 0.128794
v -0.736835 -0.622595 0.127453
v -0.736835 -0.622595 0.130134
v -0.620772 -0.576559 0.128794
v -0.739365 -0.474066 0.128794
v -0.791671 -0.534588 0.128794
v -0.761590 -0.499782 0.128794
v -0.687058 -0.413544 0.128794
v -0.717139 -0.448350 0.128794
v -0.673079 -0.637081 0.128794
v -0.642998 -0.602276 0.128794
v -0.568466 -0.516037 0.128794
v -0.598547 -0.550843 0.128794
v -0.790001 -0.532655 0.128794
v -0.763260 -0.501715 0.128794
v -0.688729 -0.415476 0.128794
v -0.715469 -0.446417 0.128794
v -0.671408 -0.635149 0.128794
v -0.644668 -0.604208 0.128794
v -0.570136 -0.517970 0.128794
v -0.596877 -0.548911 0.128794
v -0.671163 -0.629585 0.127453
v -0.648952 -0.606282 0.128794
v -0.650137 -0.605257 0.127453
v -0.650137 -0.605257 0.130134
v -0.595446 -0.544372 0.128794
v -0.596632 -0.543347 0.130134
v -0.596632 -0.543347 0.127453
v -0.574420 -0.520044 0.128794
v -0.791347 -0.531492 0.128794
v -0.793017 -0.533424 0.128794
v -0.764606 -0.500551 0.128794
v -0.762936 -0.498619 0.128794
v -0.690075 -0.414313 0.128794
v -0.688405 -0.412381 0.128794
v -0.716815 -0.445254 0.128794
v -0.718486 -0.447186 0.128794
v -0.670062 -0.636312 0.128794
v -0.671732 -0.638245 0.128794
v -0.643322 -0.605372 0.128794
v -0.641651 -0.603439 0.128794
v -0.568790 -0.519133 0.128794
v -0.567120 -0.517201 0.128794
v -0.595531 -0.550074 0.128794
v -0.597201 -0.552007 0.128794
v -0.813896 -0.560304 0.058588
v -0.664833 -0.387828 0.058588
v -0.546241 -0.490321 0.058588
v -0.695304 -0.662798 0.058588
v -0.778445 -0.590942 0.055573
v -0.781087 -0.593999 0.055573
v -0.730755 -0.632159 0.055573
v -0.733397 -0.635216 0.055573
v -0.620772 -0.576559 0.058588
v -0.739365 -0.474066 0.058588
v -0.687058 -0.413544 0.058588
v -0.717139 -0.448350 0.058588
v -0.791671 -0.534588 0.058588
v -0.761590 -0.499782 0.058588
v -0.673079 -0.637081 0.058588
v -0.642998 -0.602276 0.058588
v -0.568466 -0.516037 0.058588
v -0.598547 -0.550843 0.058588
v -0.688729 -0.415476 0.058588
v -0.715469 -0.446417 0.058588
v -0.790001 -0.532655 0.058588
v -0.763260 -0.501715 0.058588
v -0.671408 -0.635149 0.058588
v -0.644668 -0.604208 0.058588
v -0.570136 -0.517970 0.058588
v -0.596877 -0.548911 0.058588
v -0.575606 -0.519019 0.127453
v -0.575606 -0.519019 0.130134
v -0.764691 -0.506253 0.128794
v -0.763505 -0.507278 0.130134
v -0.763505 -0.507278 0.127453
v -0.785717 -0.530582 0.128794
v -0.784531 -0.531607 0.127453
v -0.784531 -0.531607 0.130134
v -0.690075 -0.414313 0.058588
v -0.688405 -0.412381 0.058588
v -0.716815 -0.445254 0.058588
v -0.718486 -0.447186 0.058588
v -0.791347 -0.531492 0.058588
v -0.793017 -0.533424 0.058588
v -0.764606 -0.500551 0.058588
v -0.762936 -0.498619 0.058588
v -0.670062 -0.636312 0.058588
v -0.671732 -0.638245 0.058588
v -0.643322 -0.605372 0.058588
v -0.641651 -0.603439 0.058588
v -0.568790 -0.519133 0.058588
v -0.567120 -0.517201 0.058588
v -0.595531 -0.550074 0.058588
v -0.597201 -0.552007 0.058588
v -0.787388 -0.534913 0.130134
v -0.787388 -0.534913 0.127453
v -0.788574 -0.533888 0.128794
v -0.760648 -0.503972 0.127453
v -0.760648 -0.503972 0.130134
v -0.761834 -0.502947 0.128794
v -0.572749 -0.515712 0.130134
v -0.572749 -0.515712 0.127453
v -0.571563 -0.516737 0.128794
v -0.599489 -0.546653 0.127453
v -0.599489 -0.546653 0.130134
v -0.598303 -0.547678 0.128794
v -0.647280 -0.601951 0.130134
v -0.647280 -0.601950 0.127453
v -0.646094 -0.602975 0.128794
v -0.674020 -0.632891 0.127453
v -0.674020 -0.632891 0.130134
v -0.672835 -0.633916 0.128794
v -0.712857 -0.448675 0.130134
v -0.712857 -0.448675 0.127453
v -0.714043 -0.447650 0.128794
v -0.686116 -0.417734 0.127453
v -0.686116 -0.417734 0.130134
v -0.687302 -0.416709 0.128794
v -0.787388 -0.534913 0.059929
v -0.787388 -0.534913 0.057247
v -0.788574 -0.533888 0.058588
v -0.760648 -0.503972 0.057247
v -0.760648 -0.503972 0.059929
v -0.761834 -0.502947 0.058588
v -0.572749 -0.515712 0.059929
v -0.572749 -0.515712 0.057247
v -0.571563 -0.516737 0.058588
v -0.599489 -0.546653 0.057247
v -0.599489 -0.546653 0.059929
v -0.598303 -0.547678 0.058588
v -0.647280 -0.601950 0.059929
v -0.647280 -0.601951 0.057247
v -0.646094 -0.602975 0.058588
v -0.674020 -0.632891 0.057247
v -0.674020 -0.632891 0.059929
v -0.672835 -0.633916 0.058588
v -0.712857 -0.448675 0.059929
v -0.712857 -0.448675 0.057247
v -0.714043 -0.447650 0.058588
v -0.686116 -0.417734 0.057247
v -0.686117 -0.417734 0.059929
v -0.687302 -0.416709 0.058588
v -0.671163 -0.629585 0.130134
v -0.669977 -0.630610 0.128794
v -0.710000 -0.445369 0.130134
v -0.710000 -0.445369 0.127453
v -0.711186 -0.444344 0.128794
v -0.688974 -0.421040 0.127453
v -0.688974 -0.421040 0.130134
v -0.690160 -0.420015 0.128794
v -0.784531 -0.531607 0.059929
v -0.784531 -0.531607 0.057247
v -0.785717 -0.530582 0.058588
v -0.763505 -0.507278 0.057247
v -0.763505 -0.507278 0.059929
v -0.764691 -0.506253 0.058588
v -0.575606 -0.519019 0.059929
v -0.575606 -0.519019 0.057247
v -0.574420 -0.520044 0.058588
v -0.596632 -0.543347 0.057247
v -0.596632 -0.543347 0.059929
v -0.595446 -0.544372 0.058588
v -0.650137 -0.605257 0.059929
v -0.650137 -0.605257 0.057247
v -0.648952 -0.606282 0.058588
v -0.671163 -0.629585 0.057247
v -0.671163 -0.629585 0.059929
v -0.669977 -0.630610 0.058588
v -0.710000 -0.445369 0.059929
v -0.710000 -0.445369 0.057247
v -0.711186 -0.444344 0.058588
v -0.688974 -0.421040 0.057247
v -0.688974 -0.421040 0.059929
v -0.690160 -0.420015 0.058588
v -0.714647 -0.447128 0.130134
v -0.687907 -0.416187 0.130134
v -0.687907 -0.416187 0.127453
v -0.714647 -0.447128 0.127453
v -0.645490 -0.603498 0.130134
v -0.672230 -0.634439 0.130134
v -0.672230 -0.634439 0.127453
v -0.645490 -0.603498 0.127453
v -0.570958 -0.517260 0.130134
v -0.597699 -0.548200 0.130134
v -0.597699 -0.548200 0.127453
v -0.570958 -0.517260 0.127453
v -0.789179 -0.533366 0.130134
v -0.762438 -0.502425 0.130134
v -0.762438 -0.502425 0.127453
v -0.789179 -0.533366 0.127453
v -0.714647 -0.447128 0.059929
v -0.687907 -0.416187 0.059929
v -0.687907 -0.416187 0.057247
v -0.714647 -0.447128 0.057247
v -0.645490 -0.603498 0.059929
v -0.672230 -0.634439 0.059929
v -0.672230 -0.634439 0.057247
v -0.645490 -0.603498 0.057247
v -0.570958 -0.517260 0.059929
v -0.597699 -0.548200 0.059929
v -0.597699 -0.548200 0.057247
v -0.570958 -0.517260 0.057247
v -0.789179 -0.533366 0.059929
v -0.762438 -0.502425 0.059929
v -0.762438 -0.502425 0.057247
v -0.789179 -0.533366 0.057247
v -0.735219 -0.628301 0.104397
v -0.773981 -0.594800 0.104397
v -0.773981 -0.594800 0.153191
v -0.735219 -0.628301 0.153191
v -0.773981 -0.594800 0.128794
v -0.735219 -0.628301 0.128794
v -0.739768 -0.629888 0.151475
v -0.739768 -0.629888 0.128794
v -0.737949 -0.631460 0.128794
v -0.737949 -0.631460 0.153191
v -0.774892 -0.599532 0.106112
v -0.774892 -0.599532 0.128794
v -0.776711 -0.597959 0.128794
v -0.776711 -0.597959 0.104397
v -0.774892 -0.599532 0.128794
v -0.774892 -0.599532 0.151475
v -0.776711 -0.597959 0.153191
v -0.776711 -0.597959 0.128794
v -0.739768 -0.629888 0.128794
v -0.739768 -0.629888 0.106112
v -0.737949 -0.631460 0.104397
v -0.737949 -0.631460 0.128794
v -0.774892 -0.599532 0.151475
v -0.739768 -0.629888 0.151475
v -0.737949 -0.631460 0.153191
v -0.776711 -0.597959 0.153191
v -0.739768 -0.629888 0.106112
v -0.774892 -0.599532 0.106112
v -0.776711 -0.597959 0.104397
v -0.737949 -0.631460 0.104397
v -0.734906 -0.624262 0.130134
v -0.734906 -0.624262 0.127453
v -0.736799 -0.626452 0.128794
v -0.770030 -0.593906 0.127453
v -0.770030 -0.593906 0.130134
v -0.771923 -0.596097 0.128794
v -0.738728 -0.624785 0.128794
v -0.768101 -0.595573 0.127453
v -0.768101 -0.595573 0.130134
v -0.769994 -0.597764 0.128794
v -0.737985 -0.627824 0.130134
v -0.773109 -0.597469 0.130134
v -0.773109 -0.597469 0.127453
v -0.737985 -0.627824 0.127453
v -0.762946 -0.498610 0.078093
v -0.793027 -0.533416 0.078093
v -0.764616 -0.500542 0.076910
v -0.791357 -0.531483 0.076910
v -0.605537 -0.439075 -0.000100
v -0.754600 -0.611551 -0.000100
v -0.605537 -0.439075 0.021396
v -0.605537 -0.439075 0.095780
v -0.754600 -0.611551 0.095780
v -0.605537 -0.439075 0.208699
v -0.754600 -0.611551 0.208699
v -0.754600 -0.611551 0.106112
v -0.754600 -0.611551 0.151475
v -0.752468 -0.609084 0.106112
v -0.752468 -0.609084 0.151475
v -0.680068 -0.525313 0.200535
v -0.680068 -0.525313 -0.000100
v -0.605537 -0.439075 0.128794
v -0.605537 -0.439075 0.058588
v -0.754600 -0.611551 0.153191
v -0.754600 -0.611551 0.104397
v -0.757330 -0.614710 0.151475
v -0.757330 -0.614710 0.153191
v -0.757330 -0.614710 0.106112
v -0.757330 -0.614710 0.104397
v -0.752468 -0.609084 0.130134
v -0.752468 -0.609084 0.127453
v -0.755547 -0.612647 0.130134
v -0.755547 -0.612647 0.127453
v -0.597221 -0.551989 0.111962
v -0.567140 -0.517183 0.111962
v -0.595551 -0.550057 0.113145
v -0.568810 -0.519116 0.113145
v -0.773080 -0.595579 0.003285
v -0.776073 -0.592992 0.021254
v -0.736120 -0.627522 0.017869
v -0.736120 -0.627522 0.003285
v -0.733126 -0.630109 0.021174
v -0.773080 -0.595579 0.067875
v -0.736120 -0.627522 0.067875
v -0.758616 -0.548896 0.070483
v -0.838948 -0.641846 0.070483
v -0.759914 -0.547774 0.072551
v -0.840246 -0.640724 0.072551
v -0.725320 -0.577672 0.097445
v -0.692024 -0.606448 0.070483
v -0.805652 -0.670622 0.097445
v -0.772356 -0.699398 0.070483
v -0.805652 -0.670622 0.099514
v -0.725320 -0.577672 0.099514
v -0.690726 -0.607569 0.072551
v -0.771058 -0.700520 0.072551
v -0.811408 -0.637994 0.003398
v -0.813485 -0.634607 -0.000100
v -0.813535 -0.636156 0.003398
v -0.815805 -0.638783 0.003398
v -0.811408 -0.637994 0.081991
v -0.813535 -0.636156 0.081991
v -0.815805 -0.638783 0.081991
v -0.809950 -0.637733 0.003398
v -0.817263 -0.639044 0.003398
v -0.813487 -0.634676 0.003398
v -0.817331 -0.639057 -0.000100
v -0.813678 -0.640621 0.003398
v -0.815805 -0.638783 0.003398
v -0.813678 -0.640621 0.081991
v -0.817263 -0.639044 0.003398
v -0.813726 -0.642102 0.003398
v -0.809950 -0.637733 -0.000100
v -0.813726 -0.642102 -0.000100
v -0.772535 -0.671590 0.003398
v -0.768883 -0.673155 -0.000100
v -0.770408 -0.673429 0.003398
v -0.772678 -0.676055 0.003398
v -0.772535 -0.671590 0.081991
v -0.770408 -0.673429 0.081991
v -0.772678 -0.676055 0.081991
v -0.772487 -0.670110 0.003398
v -0.772726 -0.677536 0.003398
v -0.768950 -0.673167 0.003398
v -0.772728 -0.677604 -0.000100
v -0.774805 -0.674217 0.003398
v -0.772678 -0.676055 0.003398
v -0.774805 -0.674217 0.081991
v -0.772726 -0.677536 0.003398
v -0.776263 -0.674479 0.003398
v -0.772487 -0.670110 -0.000100
v -0.776263 -0.674479 -0.000100
v -0.600920 -0.433733 0.208756
v -0.528190 -0.496590 0.161098
v -0.759793 -0.617559 0.208756
v -0.687062 -0.680417 0.161098
v -0.759793 -0.617559 0.210820
v -0.600920 -0.433733 0.210820
v -0.527132 -0.497505 0.163162
v -0.686004 -0.681331 0.163162
v -0.711300 -0.617023 0.194807
v -0.600920 -0.433733 0.212670
v -0.526183 -0.498324 0.165012
v -0.691550 -0.634092 0.182875
v -0.715293 -0.566070 0.208756
v -0.642563 -0.628927 0.161098
v -0.715293 -0.566070 0.210820
v -0.641504 -0.629842 0.163162
v -0.695100 -0.598278 0.194807
v -0.675349 -0.615347 0.182875
v -0.640556 -0.630661 0.165012
v -0.685056 -0.682151 0.165012
v -0.759793 -0.617559 0.212670
v -0.715293 -0.566070 0.212670
v -0.673136 -0.615085 0.182174
v -0.691489 -0.636320 0.182174
v -0.713513 -0.617285 0.195508
v -0.695161 -0.596050 0.195508
v -0.673136 -0.615085 0.183827
v -0.691489 -0.636320 0.183827
v -0.713513 -0.617285 0.197161
v -0.695161 -0.596050 0.197161
v -0.675349 -0.615347 0.184528
v -0.691550 -0.634092 0.184528
v -0.711300 -0.617023 0.196460
v -0.695100 -0.598278 0.196460
v -0.702062 -0.625007 0.190062
v -0.702062 -0.625007 0.189226
v -0.700788 -0.626108 0.188456
v -0.684588 -0.607362 0.188456
v -0.685861 -0.606262 0.189226
v -0.700788 -0.626108 0.189293
v -0.684588 -0.607362 0.189293
v -0.685861 -0.606262 0.190062
v -0.687062 -0.680417 0.161098
v -0.686004 -0.681331 0.163162
v -0.685056 -0.682151 0.165012
v -0.691489 -0.636320 0.182174
v -0.713513 -0.617285 0.195508
v -0.691550 -0.634092 0.182875
v -0.700788 -0.626108 0.189293
v -0.711300 -0.617023 0.194807
v -0.691489 -0.636320 0.183827
v -0.713513 -0.617285 0.197161
v -0.691550 -0.634092 0.184528
v -0.711300 -0.617023 0.196460
v -0.700788 -0.626108 0.188456
v -0.702062 -0.625007 0.189226
v -0.702062 -0.625007 0.190062
v -0.713513 -0.617285 0.195508
v -0.695161 -0.596050 0.195508
v -0.713513 -0.617285 0.197161
v -0.695161 -0.596050 0.197161
v -0.711300 -0.617023 0.196460
v -0.695100 -0.598278 0.196460
v -0.673651 -0.370875 0.161098
v -0.832523 -0.554702 0.161098
v -0.674709 -0.369961 0.163162
v -0.833581 -0.553787 0.163162
v -0.766287 -0.569501 0.194807
v -0.675657 -0.369141 0.165012
v -0.786037 -0.552432 0.182875
v -0.788024 -0.503213 0.161098
v -0.789082 -0.502298 0.163162
v -0.750086 -0.550755 0.194807
v -0.769836 -0.533686 0.182875
v -0.790030 -0.501479 0.165012
v -0.834530 -0.552968 0.165012
v -0.769898 -0.531459 0.182174
v -0.788250 -0.552694 0.182174
v -0.766226 -0.571728 0.195508
v -0.747873 -0.550493 0.195508
v -0.769898 -0.531459 0.183827
v -0.788250 -0.552694 0.183827
v -0.766226 -0.571728 0.197161
v -0.747873 -0.550493 0.197161
v -0.769836 -0.533686 0.184528
v -0.786037 -0.552432 0.184528
v -0.766287 -0.569501 0.196460
v -0.750086 -0.550755 0.196460
v -0.775525 -0.561517 0.190062
v -0.775525 -0.561517 0.189226
v -0.776799 -0.560416 0.188456
v -0.760598 -0.541670 0.188456
v -0.759325 -0.542771 0.189226
v -0.776799 -0.560416 0.189293
v -0.760598 -0.541670 0.189293
v -0.759325 -0.542771 0.190062
v -0.832523 -0.554702 0.161098
v -0.833581 -0.553787 0.163162
v -0.834530 -0.552968 0.165012
v -0.788250 -0.552694 0.182174
v -0.766226 -0.571728 0.195508
v -0.786037 -0.552432 0.182875
v -0.776799 -0.560416 0.189293
v -0.766287 -0.569501 0.194807
v -0.788250 -0.552694 0.183827
v -0.766226 -0.571728 0.197161
v -0.786037 -0.552432 0.184528
v -0.766287 -0.569501 0.196460
v -0.776799 -0.560416 0.188456
v -0.775525 -0.561517 0.189226
v -0.775525 -0.561517 0.190062
v -0.766226 -0.571728 0.195508
v -0.747873 -0.550493 0.195508
v -0.766226 -0.571728 0.197161
v -0.747873 -0.550493 0.197161
v -0.766287 -0.569501 0.196460
v -0.750086 -0.550755 0.196460
v -0.666899 -0.650254 0.079640
v -0.680539 -0.644393 0.067783
v -0.666664 -0.649852 0.079660
v -0.680303 -0.643991 0.067803
v -0.666348 -0.649616 0.079487
v -0.679987 -0.643754 0.067630
v -0.666137 -0.649683 0.079222
v -0.679776 -0.643822 0.067366
v -0.666154 -0.650016 0.079021
v -0.679794 -0.644154 0.067165
v -0.666390 -0.650417 0.079001
v -0.680029 -0.644556 0.067145
v -0.666706 -0.650654 0.079174
v -0.680345 -0.644792 0.067318
v -0.666917 -0.650586 0.079439
v -0.680556 -0.644725 0.067582
v -0.554683 -0.520411 0.079640
v -0.562458 -0.507765 0.067783
v -0.555046 -0.520703 0.079660
v -0.562822 -0.508056 0.067803
v -0.555234 -0.521050 0.079487
v -0.563010 -0.508403 0.067630
v -0.555137 -0.521249 0.079222
v -0.562912 -0.508602 0.067366
v -0.554811 -0.521183 0.079021
v -0.562586 -0.508537 0.067165
v -0.554447 -0.520892 0.079001
v -0.562223 -0.508245 0.067145
v -0.554259 -0.520545 0.079174
v -0.562035 -0.507899 0.067318
v -0.554357 -0.520346 0.079439
v -0.562132 -0.507699 0.067582
v -0.566866 -0.497317 0.092987
v -0.532518 -0.527003 0.070564
v -0.691515 -0.641545 0.092987
v -0.657166 -0.671230 0.070564
v -0.692557 -0.640644 0.090946
v -0.567908 -0.496417 0.090946
v -0.533560 -0.526102 0.068524
v -0.658209 -0.670330 0.068524
v -0.776073 -0.592992 -0.000100
v -0.733126 -0.630109 0.021254
v -0.733126 -0.630109 -0.000100
v -0.773080 -0.595579 0.024633
v -0.773080 -0.595579 0.017869
v -0.776073 -0.592992 0.071260
v -0.733126 -0.630109 0.071260
v -0.754600 -0.611551 0.073836
v -0.736120 -0.627522 0.024564
v -0.754600 -0.611551 0.071260
v -0.757242 -0.614608 0.073836
v -0.757242 -0.614608 0.071260
v -0.754600 -0.611551 0.024598
v -0.754600 -0.611551 0.067875
v -0.754600 -0.611551 0.021214
v -0.754600 -0.611551 -0.000100
v -0.754600 -0.611551 0.021254
v -0.754600 -0.611551 0.003285
v -0.754600 -0.611551 0.017869
v -0.752889 -0.605372 0.015521
v -0.767215 -0.592991 0.015521
v -0.767215 -0.592991 0.005633
v -0.752889 -0.605372 0.005633
v -0.752889 -0.605372 0.065527
v -0.767215 -0.592991 0.065527
v -0.767215 -0.592991 0.026977
v -0.752889 -0.605372 0.026950
v -0.734408 -0.621344 0.065527
v -0.748734 -0.608962 0.065527
v -0.748734 -0.608962 0.026943
v -0.734408 -0.621344 0.026916
v -0.734408 -0.621344 0.015521
v -0.748734 -0.608962 0.015521
v -0.748734 -0.608962 0.005633
v -0.734408 -0.621344 0.005633
v -0.752413 -0.609021 0.024598
v -0.770893 -0.593049 0.024633
v -0.770893 -0.593049 0.003285
v -0.770893 -0.593049 0.017869
v -0.733933 -0.624992 0.017869
v -0.733933 -0.624992 0.003285
v -0.752413 -0.609021 0.003285
v -0.752413 -0.609021 0.017869
v -0.752413 -0.609021 0.067875
v -0.733933 -0.624992 0.067875
v -0.733933 -0.624992 0.024564
v -0.770893 -0.593049 0.067875
v -0.736010 -0.623197 0.005633
v -0.750336 -0.610816 0.005633
v -0.750336 -0.610816 0.015521
v -0.736010 -0.623197 0.015521
v -0.736010 -0.623197 0.026916
v -0.750336 -0.610816 0.026943
v -0.750336 -0.610816 0.065527
v -0.736010 -0.623197 0.065527
v -0.754490 -0.607226 0.026950
v -0.768816 -0.594844 0.026977
v -0.768816 -0.594844 0.065527
v -0.754490 -0.607226 0.065527
v -0.754490 -0.607226 0.005633
v -0.768816 -0.594844 0.005633
v -0.768816 -0.594844 0.015521
v -0.754490 -0.607226 0.015521
vn -0.2210 0.7445 0.6300
vn -0.5214 -0.5754 0.6301
vn 0.1246 -0.6126 0.7805
vn 0.2210 -0.7444 -0.6300
vn 0.6617 -0.4161 0.6237
vn 0.9947 0.0913 0.0477
vn 0.5215 0.5753 -0.6301
vn -0.1246 0.6125 -0.7806
vn -0.6616 0.4163 -0.6237
vn -0.9947 -0.0912 -0.0477
vn -0.4282 0.6478 0.6300
vn 0.7760 0.0296 0.6301
vn 0.3890 -0.4892 0.7806
vn 0.4282 -0.6478 -0.6300
vn -0.1066 -0.7743 0.6237
vn -0.7091 -0.7035 0.0478
vn -0.7759 -0.0296 -0.6301
vn -0.3890 0.4893 -0.7805
vn 0.1065 0.7744 -0.6237
vn 0.7092 0.7034 -0.0478
vn 0.1871 -0.4013 -0.8966
vn -0.1871 0.4013 0.8966
vn -0.9063 -0.4226 -0.0000
vn -0.3503 0.7512 -0.5594
vn 0.9063 0.4226 -0.0000
vn 0.3503 -0.7512 0.5594
vn -0.0000 -0.0000 -1.0000
vn -0.4226 0.9063 -0.0000
vn 0.4226 -0.9063 -0.0000
vn -0.0000 -0.0000 1.0000
vn -0.2530 -0.0000 0.9675
vn 0.2530 -0.0000 0.9675
vn 0.9063 0.4227 -0.0000
vn 0.2208 -0.7222 0.6555
vn 0.4128 0.2936 0.8622
vn 0.0010 -0.0021 -1.0000
vn 0.0134 -0.0053 -0.9999
vn -0.0163 -0.0064 0.9998
vn -1.0000 -0.0000 -0.0000
vn 0.6190 0.7069 0.3422
vn 1.0000 -0.0000 -0.0000
vn -0.4833 -0.0000 -0.8755
vn -0.0153 -0.0084 0.9998
vn -0.6902 -0.0000 -0.7236
vn 1.0000 0.0005 0.0002
vn 0.0009 -0.0020 1.0000
vn -0.0009 0.0020 1.0000
vn -0.0654 -0.0329 0.9973
vn -0.2073 -0.0990 0.9733
vn -0.3801 -0.1795 0.9074
vn -0.6089 -0.2858 0.7400
vn -0.8573 -0.4005 0.3235
vn -0.0673 -0.0289 0.9973
vn -0.2091 -0.0951 0.9733
vn -0.3818 -0.1758 0.9074
vn -0.6103 -0.2828 0.7400
vn -0.8579 -0.3992 0.3235
vn -0.1411 0.3801 0.9141
vn -0.2005 0.3524 0.9141
vn 0.3809 0.1776 0.9074
vn -0.3809 -0.1776 0.9074
vn -0.3809 -0.1776 -0.9074
vn 0.3809 0.1776 -0.9074
vn -0.9063 -0.4227 -0.0000
vn -0.2747 0.5891 -0.7599
vn -0.2747 0.5892 0.7599
vn 0.2747 -0.5891 -0.7599
vn 0.2747 -0.5891 0.7599
vn 0.2747 -0.5892 0.7599
vn -0.2747 0.5891 0.7599
vn -0.2747 0.5892 -0.7599
vn -0.9063 -0.4225 -0.0000
vn 0.2747 -0.5892 -0.7599
vn -0.2454 0.5262 0.8142
vn 0.2454 -0.5262 -0.8142
vn 0.2454 -0.5262 0.8142
vn -0.2454 0.5262 -0.8142
vn 0.1411 -0.3801 0.9141
vn 0.2005 -0.3524 0.9141
vn 0.2208 -0.4735 -0.8527
vn -0.2147 0.4604 0.8614
vn -0.3253 0.6977 -0.6383
vn -0.2208 0.4735 -0.8527
vn 0.2147 -0.4604 0.8614
vn 0.3253 -0.6977 -0.6383
vn -0.6330 0.3766 0.6764
vn 0.3185 0.2266 0.9204
vn 0.3686 0.9240 0.1021
vn -0.4699 -0.6152 0.6330
vn -0.6264 -0.2027 0.7527
vn 0.9087 0.4174 0.0076
vn -0.4680 0.5736 -0.6723
vn -0.2531 0.3173 0.9139
vn -0.9039 -0.4277 0.0076
vn -0.1052 -0.3698 -0.9231
vn -0.3082 0.1338 -0.9419
vn -0.4875 -0.0019 0.8731
vn -0.1069 -0.3683 0.9235
vn -0.6336 0.6696 -0.3874
vn -0.3516 0.7446 -0.5674
vn -0.4226 0.9062 0.0124
vn -0.7124 -0.2331 0.6619
vn 0.4323 -0.1652 0.8865
vn 0.1403 -0.9214 0.3625
vn 0.1394 -0.9215 -0.3626
vn 0.3255 -0.7037 0.6316
vn -0.3698 0.0341 0.9285
vn 0.7981 -0.1460 0.5846
vn -0.4493 -0.8934 -0.0000
vn -0.5359 0.8335 -0.1348
vn 0.9039 0.4278 0.0076
vn -0.4720 -0.5795 -0.6644
vn -0.2652 0.0052 0.9642
vn -0.9087 -0.4175 0.0076
vn -0.1095 -0.3712 -0.9221
vn -0.3045 0.1370 -0.9426
vn -0.7736 -0.6337 0.0012
vn -0.3046 0.1344 0.9429
vn 0.1375 -0.9254 -0.3533
vn 0.4226 -0.9062 0.0124
vn 0.3437 -0.7345 0.5852
vn -0.1535 0.5020 0.8511
vn -0.2346 0.7675 0.5966
vn -0.6292 0.6685 -0.3965
vn -0.6285 0.6693 0.3963
vn -0.0000 0.0355 0.9994
vn -0.1065 0.0730 0.9916
vn -0.0000 0.0358 0.9994
vn -0.0310 0.0112 0.9995
vn 0.2152 -0.0365 0.9759
vn -0.1877 0.4026 -0.8959
vn 0.3499 -0.7503 -0.5609
vn 0.1868 -0.4005 0.8970
vn 0.1867 -0.4003 0.8972
vn 0.1861 -0.3995 0.8977
vn -0.0769 -0.0000 0.9970
vn -0.6792 0.4575 0.5739
vn 0.0756 -0.0000 0.9971
vn -0.0726 0.0765 0.9944
vn -0.0726 0.0764 0.9944
vn 0.1788 -0.3834 0.9061
vn 0.1764 -0.3773 0.9091
vn 0.1785 -0.3833 0.9062
vn 0.1819 -0.3901 0.9026
vn -0.0802 -0.2464 0.9658
vn 0.0733 -0.1995 0.9772
vn 0.0574 -0.3301 0.9422
vn -0.0600 -0.0000 0.9982
vn -0.1028 0.1022 0.9894
vn 0.0791 0.0618 0.9950
vn 0.1759 -0.3771 0.9093
vn 0.0733 -0.1995 0.9771
vn 0.0727 -0.0000 0.9974
vn -0.0727 -0.0000 0.9974
vn 0.1852 -0.3988 0.8981
vn 0.1860 -0.4003 0.8973
vn 0.1829 -0.3923 0.9015
vn -0.0727 -0.0266 0.9970
vn 0.0727 -0.0216 0.9971
vn 0.1757 -0.3768 0.9095
vn -0.1868 0.4005 0.8970
vn -0.0000 -0.0356 0.9994
vn 0.1083 0.1890 0.9760
vn -0.2152 0.0365 0.9759
vn 0.0310 -0.0112 0.9995
vn 0.1877 -0.4026 -0.8959
vn -0.3499 0.7503 -0.5609
vn -0.1862 0.3998 0.8975
vn -0.1863 0.3996 0.8976
vn 0.0755 -0.0000 0.9971
vn 0.0573 -0.0841 0.9948
vn -0.1754 -0.0830 0.9810
vn 0.0736 0.2466 0.9663
vn -0.1788 0.3834 0.9061
vn -0.1786 0.3833 0.9062
vn -0.1764 0.3773 0.9091
vn -0.1819 0.3901 0.9026
vn 0.0791 -0.0764 0.9939
vn -0.0726 -0.0618 0.9954
vn 0.1049 0.3288 0.9386
vn -0.0799 0.1994 0.9767
vn -0.1759 0.3771 0.9093
vn -0.1829 0.3923 0.9015
vn 0.0727 0.0266 0.9970
vn -0.0727 0.0216 0.9971
vn -0.1757 0.3768 0.9095
vn -0.0799 0.1995 0.9766
vn -0.1758 0.3771 0.9093
vn 0.1163 -0.1021 0.9879
vn -0.4282 0.6479 -0.6300
vn 0.7760 0.0297 -0.6301
vn 0.3890 -0.4893 -0.7806
vn 0.4282 -0.6479 0.6300
vn -0.1065 -0.7743 -0.6238
vn -0.7091 -0.7035 -0.0477
vn -0.7760 -0.0295 0.6301
vn -0.3890 0.4892 0.7806
vn 0.1065 0.7744 0.6236
vn 0.7092 0.7034 0.0477
vn -0.2210 0.7445 -0.6300
vn -0.5215 -0.5755 -0.6300
vn 0.1247 -0.6124 -0.7806
vn 0.2210 -0.7445 0.6300
vn 0.6616 -0.4162 -0.6237
vn 0.9947 0.0910 -0.0478
vn 0.5215 0.5753 0.6301
vn -0.1247 0.6124 0.7807
vn -0.6617 0.4162 0.6237
vn -0.9947 -0.0911 0.0477
vn 0.1871 -0.4013 0.8966
vn -0.1871 0.4013 -0.8966
vn -0.3503 0.7512 0.5594
vn 0.3503 -0.7512 -0.5594
vn 0.0006 -0.0013 1.0000
vn 0.6190 0.3368 0.7095
vn -0.1623 0.5309 0.8318
vn -0.5064 0.5888 0.6300
vn -0.2402 -0.7384 0.6301
vn 0.3645 -0.5077 0.7806
vn 0.5064 -0.5887 -0.6300
vn 0.7740 -0.1090 0.6237
vn 0.8701 0.4906 0.0477
vn 0.2403 0.7384 -0.6302
vn -0.3645 0.5077 -0.7806
vn -0.7740 0.1088 -0.6237
vn -0.8703 -0.4903 -0.0478
vn -0.6559 0.4158 0.6300
vn 0.6959 0.3445 0.6302
vn 0.5552 -0.2870 0.7806
vn 0.6559 -0.4158 -0.6300
vn 0.2197 -0.7502 0.6236
vn -0.3590 -0.9321 0.0478
vn -0.6959 -0.3445 -0.6301
vn -0.5552 0.2870 -0.7806
vn -0.2199 0.7501 -0.6237
vn 0.3590 0.9321 -0.0477
vn 0.3350 -0.2896 -0.8966
vn -0.3350 0.2896 0.8966
vn -0.6539 -0.7566 -0.0000
vn -0.6271 0.5420 -0.5594
vn 0.6539 0.7566 -0.0000
vn 0.6271 -0.5420 0.5594
vn -0.7566 0.6539 -0.0000
vn 0.7566 -0.6539 -0.0000
vn 0.0001 -0.0001 1.0000
vn -0.0000 -0.0001 1.0000
vn -0.1517 -0.1033 0.9830
vn 0.1517 0.1033 0.9830
vn 0.6535 0.7560 -0.0374
vn 0.6534 0.7561 -0.0374
vn 0.4432 -0.5842 0.6799
vn 0.2665 0.4703 0.8413
vn 0.0017 -0.0015 -1.0000
vn 0.0144 0.0006 -0.9999
vn -0.0123 -0.0125 0.9998
vn 0.7403 0.6051 0.2930
vn -0.5550 -0.0000 -0.8318
vn -0.0106 -0.0139 0.9998
vn -0.5895 -0.0000 -0.8078
vn 0.9788 -0.1845 -0.0893
vn 0.0017 -0.0015 1.0000
vn -0.0017 0.0015 1.0000
vn -0.0461 -0.0568 0.9973
vn -0.1486 -0.1752 0.9733
vn -0.2733 -0.3193 0.9074
vn -0.4386 -0.5100 0.7400
vn -0.6182 -0.7163 0.3236
vn -0.0495 -0.0539 0.9973
vn -0.1518 -0.1724 0.9733
vn -0.2764 -0.3167 0.9074
vn -0.4411 -0.5078 0.7400
vn -0.6193 -0.7154 0.3236
vn -0.2843 0.2890 0.9141
vn -0.3272 0.2395 0.9141
vn 0.2748 0.3180 0.9074
vn -0.2748 -0.3180 0.9074
vn -0.2748 -0.3180 -0.9074
vn 0.2748 0.3180 -0.9074
vn 0.6538 0.7566 -0.0000
vn -0.6538 -0.7566 -0.0000
vn 0.7566 -0.6539 0.0001
vn -0.2748 -0.3179 0.9074
vn 0.7566 -0.6539 -0.0001
vn -0.4918 0.4251 -0.7599
vn -0.4918 0.4251 0.7599
vn -0.4918 0.4250 0.7599
vn 0.4918 -0.4251 -0.7599
vn 0.4918 -0.4251 0.7599
vn -0.4918 0.4250 -0.7599
vn -0.4393 0.3797 0.8142
vn 0.4393 -0.3797 -0.8142
vn 0.4393 -0.3796 0.8142
vn -0.4393 0.3797 -0.8142
vn -0.4393 0.3796 -0.8142
vn 0.4393 -0.3797 0.8142
vn 0.2843 -0.2890 0.9141
vn 0.3272 -0.2395 0.9141
vn 0.3953 -0.3416 -0.8527
vn -0.3843 0.3321 0.8614
vn -0.5824 0.5034 -0.6383
vn -0.3953 0.3416 -0.8527
vn 0.3843 -0.3321 0.8614
vn 0.5824 -0.5034 -0.6383
vn -0.7186 -0.0557 0.6931
vn 0.2076 0.3665 0.9069
vn 0.0162 0.9950 0.0986
vn 0.1203 -0.9195 0.3741
vn -0.6352 -0.0672 0.7694
vn -0.6664 0.6711 0.3249
vn 0.6582 0.7528 0.0076
vn -0.4675 0.5690 -0.6765
vn -0.2533 0.3229 0.9119
vn -0.6496 -0.7603 0.0076
vn 0.0246 -0.3897 -0.9206
vn -0.3267 -0.0314 -0.9446
vn -0.4751 0.0019 -0.8799
vn 0.0222 -0.3892 0.9209
vn -0.8606 0.2941 -0.4158
vn -0.6075 0.5186 -0.6016
vn -0.7565 0.6538 0.0124
vn -0.5139 -0.5848 0.6276
vn 0.4430 0.1202 0.8884
vn 0.4654 -0.7991 0.3806
vn 0.4646 -0.7996 -0.3807
vn 0.5372 -0.5255 0.6597
vn -0.3526 -0.1370 0.9257
vn 0.7651 0.2826 0.5786
vn -0.2834 -0.3279 0.9012
vn -0.4781 0.8671 -0.1402
vn -0.4543 -0.8908 -0.0000
vn 0.6496 0.7603 0.0076
vn -0.4747 -0.5796 -0.6624
vn -0.2637 0.0066 0.9646
vn -0.6582 -0.7528 0.0076
vn 0.0206 -0.3930 -0.9193
vn -0.3244 -0.0259 -0.9456
vn -0.8118 -0.5839 0.0011
vn -0.3236 -0.0287 0.9458
vn 0.4639 -0.8042 -0.3715
vn 0.7565 -0.6538 0.0123
vn 0.5959 -0.5131 0.6177
vn -0.3022 0.3984 0.8660
vn -0.4733 0.6240 0.6218
vn -0.8558 0.2957 -0.4245
vn -0.8555 0.2968 0.4243
vn -0.0000 0.1393 0.9902
vn -0.2035 0.1019 0.9738
vn -0.0000 0.1393 0.9903
vn -0.0672 0.0356 0.9971
vn 0.4387 -0.1535 0.8854
vn -0.0672 0.0355 0.9971
vn -0.3361 0.2904 -0.8959
vn 0.6264 -0.5413 -0.5609
vn 0.3344 -0.2890 0.8970
vn 0.3340 -0.2887 0.8973
vn 0.3331 -0.2883 0.8977
vn -0.1178 -0.0116 0.9930
vn 0.8263 -0.4977 0.2638
vn 0.1460 -0.0000 0.9893
vn -0.1388 0.0927 0.9860
vn 0.3201 -0.2766 0.9061
vn 0.3154 -0.2717 0.9092
vn 0.3197 -0.2766 0.9062
vn 0.3257 -0.2815 0.9026
vn -0.1137 -0.8130 0.5711
vn 0.0940 0.1587 -0.9828
vn 0.0840 -0.9722 0.2186
vn -0.0773 -0.0000 0.9970
vn -0.1971 0.1230 0.9726
vn 0.1512 0.0748 0.9857
vn 0.3148 -0.2721 0.9093
vn -0.1178 -0.0000 0.9930
vn 0.1455 0.0001 0.9894
vn 0.1455 -0.0000 0.9894
vn -0.1455 -0.0000 0.9894
vn 0.3318 -0.2880 0.8983
vn 0.3333 -0.2891 0.8974
vn 0.3275 -0.2830 0.9015
vn 0.6538 0.7567 -0.0000
vn -0.1459 -0.1223 0.9817
vn -0.1455 -0.0001 0.9894
vn 0.1457 -0.0992 0.9843
vn 0.1457 -0.0993 0.9843
vn -0.7566 0.6539 0.0001
vn 0.3145 -0.2718 0.9095
vn 0.3200 -0.2766 0.9061
vn -0.3344 0.2890 0.8970
vn -0.0000 -0.1393 0.9903
vn 0.1895 0.6414 0.7435
vn 0.1895 0.6414 0.7434
vn -0.4387 0.1535 0.8854
vn 0.0672 -0.0355 0.9971
vn 0.0672 -0.0356 0.9971
vn 0.3361 -0.2904 -0.8959
vn -0.6264 0.5414 -0.5609
vn -0.6264 0.5413 -0.5609
vn -0.3334 0.2885 0.8975
vn -0.3333 0.2881 0.8977
vn 0.1105 -0.0934 0.9895
vn 0.0816 -0.8873 0.4540
vn 0.1044 0.8137 0.5718
vn -0.3201 0.2766 0.9061
vn -0.3198 0.2766 0.9062
vn -0.3154 0.2717 0.9092
vn -0.3257 0.2815 0.9026
vn 0.1513 -0.0925 0.9841
vn -0.1387 -0.0749 0.9875
vn 0.1534 0.9641 0.2169
vn -0.1025 -0.1585 -0.9820
vn -0.3148 0.2721 0.9093
vn -0.3275 0.2830 0.9015
vn 0.1459 0.1223 0.9817
vn -0.1457 0.0992 0.9843
vn -0.3145 0.2718 0.9095
vn 0.2234 -0.1223 0.9670
vn -0.6559 0.4158 -0.6300
vn 0.6958 0.3448 -0.6301
vn 0.5552 -0.2872 -0.7806
vn 0.6559 -0.4158 0.6300
vn 0.2198 -0.7502 -0.6236
vn -0.3590 -0.9321 -0.0479
vn -0.6958 -0.3445 0.6302
vn -0.5553 0.2869 0.7806
vn -0.2198 0.7501 0.6237
vn 0.3590 0.9321 0.0478
vn -0.5064 0.5888 -0.6300
vn -0.2402 -0.7384 -0.6301
vn 0.3644 -0.5078 -0.7806
vn 0.5064 -0.5888 0.6300
vn 0.7741 -0.1089 -0.6237
vn 0.8702 0.4903 -0.0478
vn 0.2402 0.7384 0.6302
vn -0.3644 0.5078 0.7806
vn -0.7741 0.1088 0.6237
vn -0.8702 -0.4903 0.0478
vn 0.3350 -0.2896 0.8966
vn -0.3350 0.2896 -0.8966
vn -0.6271 0.5420 0.5594
vn 0.6271 -0.5420 -0.5594
vn 0.0011 -0.0009 1.0000
vn 0.4411 0.5862 0.6796
vn -0.3203 0.4222 0.8480
vt 0.250000 0.490000
vt 0.080294 0.419706
vt 0.010000 0.250000
vt 0.080294 0.080294
vt 0.250000 0.010000
vt 0.419706 0.080294
vt 0.490000 0.250000
vt 0.419706 0.419706
vt 1.000000 0.500000
vt 1.000000 1.000000
vt 0.875000 1.000000
vt 0.875000 0.500000
vt 0.750000 1.000000
vt 0.750000 0.500000
vt 0.580294 0.419706
vt 0.750000 0.490000
vt 0.919706 0.419706
vt 0.990000 0.250000
vt 0.919706 0.080294
vt 0.750000 0.010000
vt 0.580294 0.080294
vt 0.510000 0.250000
vt 0.625000 1.000000
vt 0.625000 0.500000
vt 0.500000 1.000000
vt 0.500000 0.500000
vt 0.375000 1.000000
vt 0.375000 0.500000
vt 0.250000 1.000000
vt 0.250000 0.500000
vt 0.125000 1.000000
vt 0.125000 0.500000
vt 0.000000 1.000000
vt 0.000000 0.500000
vt 1.000000 0.000000
vt 0.000000 0.000000
vt 0.978327 1.000000
vt 0.978327 1.000000
vt 0.500000 0.000000
vt 0.792898 1.000000
vt 0.951708 1.000000
vt 0.951708 1.000000
vt 0.952606 1.000000
vt 0.500000 1.000000
vt 0.047394 1.000000
vt 0.021673 1.000000
vt 0.048292 1.000000
vt 0.048292 1.000000
vt 0.021673 1.000000
vt 0.047394 1.000000
vt 0.952606 1.000000
vt 0.500000 1.000000
vt 0.073464 1.000000
vt 0.048292 1.000000
vt 0.073464 1.000000
vt 0.047394 1.000000
vt 0.047394 1.000000
vt 0.047394 1.000000
vt 0.047401 1.000000
vt 0.047394 1.000000
vt 0.047394 1.000000
vt 0.926536 1.000000
vt 0.926536 1.000000
vt 0.952606 1.000000
vt 0.952606 1.000000
vt 0.926536 1.000000
vt 0.978327 1.000000
vt 0.952606 1.000000
vt 0.047394 1.000000
vt 0.021673 1.000000
vt 0.952606 1.000000
vt 0.952606 1.000000
vt 0.952599 1.000000
vt 0.952606 1.000000
vt 0.978320 1.000000
vt 0.978327 1.000000
vt 0.021673 1.000000
vt 0.021680 1.000000
vt 0.021673 1.000000
vt 0.500000 1.000000
vt 0.821665 1.000000
vt 0.500000 1.000000
vt 0.178335 1.000000
vt 0.178335 1.000000
vt 0.821665 1.000000
vt 0.821665 1.000000
vt 0.207102 1.000000
vt 0.207102 1.000000
vt 0.792898 1.000000
vt 1.000000 0.936505
vt 1.000000 0.563495
vt 1.000000 0.063495
vt 1.000000 0.436505
vt 1.000000 0.063495
vt 1.000000 0.063495
vt 1.000000 0.063495
vt 1.000000 0.436505
vt 1.000000 0.500000
vt 1.000000 0.563495
vt 1.000000 0.936505
vt 0.000000 0.936505
vt 0.000000 0.563495
vt 0.000000 0.063495
vt 0.000000 0.436505
vt 0.000000 0.936505
vt 0.000000 0.500000
vt 0.000000 0.436505
vt 0.000000 0.063495
vt 1.000000 0.584206
vt 1.000000 0.915794
vt 0.000000 0.084206
vt 1.000000 0.915794
vt 1.000000 0.915794
vt 1.000000 0.584206
vt 0.000000 0.084206
vt 0.000000 0.415794
vt 0.000000 0.084206
vt 0.000000 0.415794
vt 0.000000 0.084206
vt 0.000000 0.584206
vt 0.000000 0.584206
vt 0.000000 0.584206
vt 0.000000 0.915794
vt 0.000000 0.915794
vt 1.000000 0.415794
vt 1.000000 0.084206
vt 1.000000 0.084206
vt 1.000000 0.084206
vt 0.000000 0.915794
vt 1.000000 0.415794
vt 1.000000 0.415794
vt 1.000000 0.084206
vt 1.000000 0.084206
vt 1.000000 0.084206
vt 0.207102 1.000000
vt 1.000000 0.915794
vt 1.000000 0.084206
vt 1.000000 0.415794
vt 0.000000 0.415794
vt 1.000000 0.584206
vt 1.000000 0.415794
vt 1.000000 0.084206
vt 1.000000 0.415794
vt 0.458743 1.000000
vt 0.458743 1.000000
vt 0.676208 0.551208
vt 0.676208 0.698792
vt 0.627269 0.747730
vt 0.627269 0.502269
vt 0.823792 0.551208
vt 0.872731 0.747730
vt 0.375000 0.750000
vt 0.823792 0.698792
vt 0.872731 0.502270
vt 0.524763 0.893265
vt 0.475237 0.893265
vt -0.000008 0.719903
vt 0.000000 0.719903
vt 0.000000 1.000000
vt -0.000008 1.000000
vt -0.000008 1.000000
vt -0.000008 0.719903
vt 1.000000 0.719903
vt 1.000000 0.719903
vt 0.917064 0.901437
vt 0.917064 0.818466
vt 0.082936 0.901437
vt 0.884009 0.826638
vt 0.115991 0.826638
vt 0.115991 0.826638
vt 0.475237 0.826638
vt 0.524763 0.826638
vt 0.917064 0.901437
vt 0.082936 0.818466
vt 0.884009 0.893265
vt -0.000385 1.000000
vt 0.115991 0.893265
vt 0.115991 0.893265
vt 0.082500 0.818466
vt 0.884009 0.893265
vt 0.115991 0.893265
vt 0.082508 0.901437
vt 0.115991 0.893265
vt -0.000469 0.000000
vt 0.475237 0.893265
vt 0.475237 0.893265
vt 0.825819 1.000000
vt 0.541257 1.000000
vt 0.889512 1.000000
vt 0.110488 1.000000
vt 0.500000 1.000000
vt 0.500000 1.000000
vt 0.132924 1.000000
vt 0.500000 1.000000
vt 0.867076 1.000000
vt 0.867076 1.000000
vt 0.456221 1.000000
vt 0.456221 1.000000
vt 0.174181 1.000000
vt 0.845733 1.000000
vt 0.543779 1.000000
vt 0.845733 1.000000
vt 0.825819 1.000000
vt 0.174181 1.000000
vt 0.154267 1.000000
s 1
usemtl Banner_Stand_Line
f 15/1/1 1/2/1 3/3/1 5/4/1 7/5/1 9/6/1 11/7/1 13/8/1
f 2/9/2 1/10/2 15/11/2 16/12/2
f 4/12/3 3/11/3 1/13/3 2/14/3
f 2/15/4 16/16/4 14/17/4 12/18/4 10/19/4 8/20/4 6/21/4 4/22/4
f 6/14/5 5/13/5 3/23/5 4/24/5
f 8/24/6 7/23/6 5/25/6 6/26/6
f 10/26/7 9/25/7 7/27/7 8/28/7
f 12/28/8 11/27/8 9/29/8 10/30/8
f 14/30/9 13/29/9 11/31/9 12/32/9
f 16/32/10 15/31/10 13/33/10 14/34/10
f 31/1/11 29/8/11 27/7/11 25/6/11 23/5/11 21/4/11 19/3/11 17/2/11
f 18/9/12 32/12/12 31/11/12 17/10/12
f 20/12/13 18/14/13 17/13/13 19/11/13
f 18/15/14 20/22/14 22/21/14 24/20/14 26/19/14 28/18/14 30/17/14 32/16/14
f 22/14/15 20/24/15 19/23/15 21/13/15
f 24/24/16 22/26/16 21/25/16 23/23/16
f 26/26/17 24/28/17 23/27/17 25/25/17
f 28/28/18 26/30/18 25/29/18 27/27/18
f 30/30/19 28/32/19 27/31/19 29/29/19
f 32/32/20 30/34/20 29/33/20 31/31/20
f 820/1/190 806/2/190 808/3/190 810/4/190 812/5/190 814/6/190 816/7/190 818/8/190
f 807/9/191 806/10/191 820/11/191 821/12/191
f 809/12/192 808/11/192 806/13/192 807/14/192
f 807/15/193 821/16/193 819/17/193 817/18/193 815/19/193 813/20/193 811/21/193 809/22/193
f 811/14/194 810/13/194 808/23/194 809/24/194
f 813/24/195 812/23/195 810/25/195 811/26/195
f 815/26/196 814/25/196 812/27/196 813/28/196
f 817/28/197 816/27/197 814/29/197 815/30/197
f 819/30/198 818/29/198 816/31/198 817/32/198
f 821/32/199 820/31/199 818/33/199 819/34/199
f 836/1/200 834/8/200 832/7/200 830/6/200 828/5/200 826/4/200 824/3/200 822/2/200
f 823/9/201 837/12/201 836/11/201 822/10/201
f 825/12/202 823/14/202 822/13/202 824/11/202
f 823/15/203 825/22/203 827/21/203 829/20/203 831/19/203 833/18/203 835/17/203 837/16/203
f 827/14/204 825/24/204 824/23/204 826/13/204
f 829/24/205 827/26/205 826/25/205 828/23/205
f 831/26/206 829/28/206 828/27/206 830/25/206
f 833/28/207 831/30/207 830/29/207 832/27/207
f 835/30/208 833/32/208 832/31/208 834/29/208
f 837/32/209 835/34/209 834/33/209 836/31/209
f 923/1/217 909/2/217 911/3/217 913/4/217 915/5/217 917/6/217 919/7/217 921/8/217
f 910/9/218 909/10/218 923/11/218 924/12/218
f 912/12/219 911/11/219 909/13/219 910/14/219
f 910/15/220 924/16/220 922/17/220 920/18/220 918/19/220 916/20/220 914/21/220 912/22/220
f 914/14/221 913/13/221 911/23/221 912/24/221
f 916/24/222 915/23/222 913/25/222 914/26/222
f 918/26/223 917/25/223 915/27/223 916/28/223
f 920/28/224 919/27/224 917/29/224 918/30/224
f 922/30/225 921/29/225 919/31/225 920/32/225
f 924/32/226 923/31/226 921/33/226 922/34/226
f 939/1/227 937/8/227 935/7/227 933/6/227 931/5/227 929/4/227 927/3/227 925/2/227
f 926/9/228 940/12/228 939/11/228 925/10/228
f 928/12/229 926/14/229 925/13/229 927/11/229
f 926/15/230 928/22/230 930/21/230 932/20/230 934/19/230 936/18/230 938/17/230 940/16/230
f 930/14/231 928/24/231 927/23/231 929/13/231
f 932/24/232 930/26/232 929/25/232 931/23/232
f 934/26/233 932/28/233 931/27/233 933/25/233
f 936/28/234 934/30/234 933/29/234 935/27/234
f 938/30/235 936/32/235 935/31/235 937/29/235
f 940/32/236 938/34/236 937/33/236 939/31/236
f 1728/1/416 1714/2/416 1716/3/416 1718/4/416 1720/5/416 1722/6/416 1724/7/416 1726/8/416
f 1715/9/417 1714/10/417 1728/11/417 1729/12/417
f 1717/12/418 1716/11/418 1714/13/418 1715/14/418
f 1715/15/419 1729/16/419 1727/17/419 1725/18/419 1723/19/419 1721/20/419 1719/21/419 1717/22/419
f 1719/14/420 1718/13/420 1716/23/420 1717/24/420
f 1721/24/421 1720/23/421 1718/25/421 1719/26/421
f 1723/26/422 1722/25/422 1720/27/422 1721/28/422
f 1725/28/423 1724/27/423 1722/29/423 1723/30/423
f 1727/30/424 1726/29/424 1724/31/424 1725/32/424
f 1729/32/425 1728/31/425 1726/33/425 1727/34/425
f 1744/1/426 1742/8/426 1740/7/426 1738/6/426 1736/5/426 1734/4/426 1732/3/426 1730/2/426
f 1731/9/427 1745/12/427 1744/11/427 1730/10/427
f 1733/12/428 1731/14/428 1730/13/428 1732/11/428
f 1731/15/429 1733/22/429 1735/21/429 1737/20/429 1739/19/429 1741/18/429 1743/17/429 1745/16/429
f 1735/14/430 1733/24/430 1732/23/430 1734/13/430
f 1737/24/431 1735/26/431 1734/25/431 1736/23/431
f 1739/26/432 1737/28/432 1736/27/432 1738/25/432
f 1741/28/433 1739/30/433 1738/29/433 1740/27/433
f 1743/30/434 1741/32/434 1740/31/434 1742/29/434
f 1745/32/435 1743/34/435 1742/33/435 1744/31/435
usemtl hOUSE_rOOF
f 40/10/21 39/35/21 38/36/21 37/33/21
f 33/36/22 34/35/22 36/10/22 35/33/22
f 36/10/23 40/10/23 37/33/23 35/33/23
f 39/35/24 40/10/24 36/10/24 34/35/24
f 33/36/25 38/36/25 39/35/25 34/35/25
f 37/33/26 38/36/26 33/36/26 35/33/26
f 647/33/80 642/10/80 641/35/80 645/36/80
f 644/10/81 649/33/81 650/36/81 643/35/81
f 641/35/25 643/35/25 650/36/25 645/36/25
f 642/10/82 644/10/82 643/35/82 641/35/82
f 649/33/23 644/10/23 642/10/23 647/33/23
f 647/33/83 645/36/83 646/35/83 648/10/83
f 652/10/84 651/35/84 650/36/84 649/33/84
f 646/35/25 645/36/25 650/36/25 651/35/25
f 648/10/85 646/35/85 651/35/85 652/10/85
f 649/33/23 647/33/23 648/10/23 652/10/23
f 732/10/126 733/10/127 708/10/127 696/10/128
f 692/10/129 691/33/130 731/10/129
f 731/10/129 732/10/126 696/10/128 692/10/129
f 701/157/29 689/36/29 694/36/29 703/158/29
f 689/36/25 694/36/25 695/35/25 690/35/25
f 693/33/29 703/158/29 710/158/29 709/159/29
f 691/160/29 701/157/29 703/158/29 693/33/29
f 691/161/131 701/162/131 702/163/131 731/10/131
f 690/35/132 695/35/132 704/163/132 702/163/132
f 695/35/132 699/35/132 707/164/132 704/163/132
f 734/165/133 733/10/133 707/164/134 711/166/135
f 689/36/131 690/35/131 702/163/131 701/162/131
f 735/167/136 709/159/137 713/167/39
f 703/158/29 694/36/29 698/36/29 710/158/29
f 712/173/144 746/167/144 709/176/144 708/10/144
f 698/184/155 747/174/156 711/166/135 707/164/134 699/35/157
f 714/174/133 710/158/133 709/159/133 735/167/133
f 712/173/138 708/10/127 733/10/127 734/165/138
f 702/163/132 704/163/132 732/10/132 731/10/132
f 704/163/132 707/164/132 733/10/132 732/10/132
f 692/10/23 696/10/23 693/33/23 691/33/23
f 694/36/25 698/184/25 699/35/25 695/35/25
f 696/10/23 708/10/23 709/176/23 693/33/23
f 698/36/161 801/174/161 768/174/161 710/158/161
f 713/167/39 709/33/137 746/167/136
f 786/10/162 755/10/162 764/10/163 787/10/163
f 691/161/164 753/10/165 785/10/165
f 785/10/165 753/10/165 755/10/162 786/10/162
f 694/36/25 689/36/25 752/35/25 754/35/25
f 701/162/166 691/161/166 785/10/166 759/163/166
f 752/35/167 759/163/167 760/163/167 754/35/167
f 754/35/167 760/163/167 763/164/167 757/35/167
f 788/165/161 765/166/168 763/164/169 787/10/161
f 689/36/166 701/162/166 759/163/166 752/35/166
f 789/167/170 767/167/171 709/33/172
f 764/10/177 709/176/177 800/167/177 766/173/177
f 698/184/183 757/35/183 763/164/169 765/166/168 801/174/183
f 768/174/161 789/167/161 709/159/161 710/158/161
f 766/173/136 788/165/136 787/10/163 764/10/163
f 759/163/167 785/10/167 786/10/167 760/163/167
f 760/163/167 786/10/167 787/10/167 763/164/167
f 755/10/23 753/10/23 691/33/23 693/33/23
f 698/184/25 694/36/25 754/35/25 757/35/25
f 764/10/23 755/10/23 693/33/23 709/176/23
f 767/167/171 800/167/170 709/176/172
f 698/184/155 710/158/133 714/174/133 747/174/156
f 845/10/210 844/35/210 843/36/210 842/33/210
f 838/36/211 839/35/211 841/10/211 840/33/211
f 841/10/25 845/10/25 842/33/25 840/33/25
f 844/35/212 845/10/212 841/10/212 839/35/212
f 838/36/23 843/36/23 844/35/23 839/35/23
f 842/33/213 843/36/213 838/36/213 840/33/213
f 948/10/237 947/35/237 946/36/237 945/33/237
f 941/36/238 942/35/238 944/10/238 943/33/238
f 944/10/239 948/10/239 945/33/239 943/33/239
f 947/35/240 948/10/240 944/10/240 942/35/240
f 941/36/241 946/36/241 947/35/241 942/35/241
f 945/33/242 946/36/242 941/36/242 943/33/242
f 1555/33/298 1550/10/298 1549/35/298 1553/36/298
f 1552/10/299 1557/33/299 1558/36/299 1551/35/299
f 1549/35/241 1551/35/241 1558/36/241 1553/36/241
f 1550/10/300 1552/10/300 1551/35/300 1549/35/300
f 1557/33/239 1552/10/239 1550/10/239 1555/33/239
f 1555/33/301 1553/36/301 1554/35/301 1556/10/301
f 1560/10/302 1559/35/302 1558/36/302 1557/33/302
f 1554/35/241 1553/36/241 1558/36/241 1559/35/241
f 1556/10/303 1554/35/303 1559/35/303 1560/10/303
f 1557/33/239 1555/33/239 1556/10/239 1560/10/239
f 1640/10/346 1641/10/347 1616/10/347 1604/10/348
f 1600/10/349 1599/33/350 1639/10/351
f 1639/10/351 1640/10/346 1604/10/348 1600/10/349
f 1609/157/244 1597/36/244 1602/36/244 1611/158/244
f 1597/36/241 1602/36/241 1603/35/241 1598/35/241
f 1601/33/244 1611/158/244 1618/158/244 1617/159/244
f 1599/160/244 1609/157/244 1611/158/244 1601/33/244
f 1599/161/352 1609/162/352 1610/163/352 1639/10/352
f 1598/35/353 1603/35/353 1612/163/353 1610/163/353
f 1603/35/353 1607/35/353 1615/164/353 1612/163/353
f 1642/165/354 1641/10/354 1615/164/355 1619/166/356
f 1597/36/352 1598/35/352 1610/163/352 1609/162/352
f 1643/167/357 1617/159/358 1621/167/39
f 1611/158/244 1602/36/244 1606/36/244 1618/158/244
f 1620/173/364 1654/167/364 1617/176/364 1616/10/364
f 1606/184/376 1655/174/377 1619/166/356 1615/164/355 1607/35/378
f 1622/174/354 1618/158/354 1617/159/354 1643/167/354
f 1620/173/359 1616/10/347 1641/10/347 1642/165/359
f 1610/163/353 1612/163/353 1640/10/353 1639/10/353
f 1612/163/353 1615/164/353 1641/10/353 1640/10/353
f 1600/10/239 1604/10/239 1601/33/239 1599/33/239
f 1602/36/241 1606/184/241 1607/35/241 1603/35/241
f 1604/10/239 1616/10/239 1617/176/239 1601/33/239
f 1606/36/387 1709/174/387 1676/174/387 1618/158/387
f 1621/167/39 1617/33/358 1654/167/372
f 1694/10/388 1663/10/388 1672/10/389 1695/10/390
f 1599/161/391 1661/10/392 1693/10/393
f 1693/10/393 1661/10/392 1663/10/388 1694/10/388
f 1602/36/241 1597/36/241 1660/35/241 1662/35/241
f 1609/162/394 1599/161/394 1693/10/394 1667/163/394
f 1660/35/395 1667/163/395 1668/163/395 1662/35/395
f 1662/35/395 1668/163/395 1671/164/396 1665/35/395
f 1696/165/387 1673/166/397 1671/164/398 1695/10/387
f 1597/36/394 1609/162/394 1667/163/394 1660/35/394
f 1697/167/359 1675/167/399 1617/33/400
f 1672/10/405 1617/176/405 1708/167/405 1674/173/405
f 1606/184/411 1665/35/411 1671/164/398 1673/166/397 1709/174/411
f 1676/174/387 1697/167/387 1617/159/387 1618/158/387
f 1674/173/372 1696/165/372 1695/10/390 1672/10/389
f 1667/163/395 1693/10/395 1694/10/396 1668/163/395
f 1668/163/395 1694/10/396 1695/10/396 1671/164/396
f 1663/10/239 1661/10/239 1599/33/239 1601/33/239
f 1606/184/241 1602/36/241 1662/35/241 1665/35/241
f 1672/10/239 1663/10/239 1601/33/239 1617/176/239
f 1675/167/399 1708/167/359 1617/176/400
f 1606/184/376 1618/158/354 1622/174/354 1655/174/377
f 1753/10/436 1752/35/436 1751/36/436 1750/33/436
f 1746/36/437 1747/35/437 1749/10/437 1748/33/437
f 1749/10/241 1753/10/241 1750/33/241 1748/33/241
f 1752/35/438 1753/10/438 1749/10/438 1747/35/438
f 1746/36/239 1751/36/239 1752/35/239 1747/35/239
f 1750/33/439 1751/36/439 1746/36/439 1748/33/439
usemtl House.002
f 617/26/27 606/25/27 49/10/27 122/9/27
f 53/37/23 57/38/23 142/10/23 49/10/23
f 605/39/25 42/35/25 138/35/25 607/39/25
f 122/9/28 49/10/28 142/10/28 141/9/28
f 121/34/29 41/36/29 158/36/29 157/34/29
f 399/41/23 55/42/23 144/10/23 395/10/23
f 619/39/25 396/35/25 137/35/25 608/39/25
f 57/38/30 635/43/30 862/44/30 847/45/30 62/46/30 154/33/31 142/10/32
f 401/47/23 59/48/23 154/33/23 398/33/23
f 58/49/25 848/50/25 861/25/25 846/51/25 53/37/25 49/10/33 606/52/33 50/33/25
f 55/42/23 63/42/23 853/25/23 64/47/23 61/47/23 153/33/23 609/25/23 144/10/23
f 53/37/27 846/51/27 69/51/27 68/37/27
f 62/46/23 58/49/23 50/33/23 154/33/23
f 848/50/27 58/49/27 74/49/27 73/50/27
f 62/46/38 847/45/38 76/45/38 75/46/38
f 635/43/43 57/38/43 67/38/43 66/43/43
f 616/26/58 136/9/58 132/10/58 611/25/58
f 618/39/25 347/35/25 134/35/25 610/39/25
f 621/80/23 558/81/23 144/10/23 609/25/23
f 620/82/23 560/83/23 146/33/23 611/25/23
f 562/83/23 557/84/23 153/33/23 345/33/23
f 561/85/23 559/86/23 132/10/23 346/10/23
f 610/39/59 134/35/59 136/9/59 616/26/59
f 50/33/29 121/34/29 157/34/29 154/33/29
f 42/35/28 122/9/28 141/9/28 138/35/28
f 605/39/27 617/26/27 122/9/27 42/35/27
f 162/90/28 161/91/28 143/9/28 144/10/28
f 163/91/28 164/90/28 132/10/28 136/9/28
f 355/90/28 162/90/28 144/10/28 346/10/28
f 356/91/28 163/91/28 136/9/28 354/9/28
f 357/92/28 166/92/28 134/35/28 347/35/28
f 167/93/28 165/92/28 137/35/28 143/9/28
f 166/92/28 168/93/28 136/9/28 134/35/28
f 358/93/28 167/93/28 143/9/28 354/9/28
f 405/94/28 169/95/28 137/35/28 396/35/28
f 171/93/28 170/96/28 138/35/28 141/9/28
f 169/95/28 172/97/28 143/9/28 137/35/28
f 406/93/28 171/93/28 141/9/28 404/98/28
f 174/90/28 173/91/28 141/9/28 142/10/28
f 175/99/28 176/100/28 144/10/28 143/9/28
f 407/100/28 174/90/28 142/10/28 395/10/28
f 408/91/28 175/99/28 143/9/28 404/98/28
f 359/101/29 178/101/29 146/33/29 345/33/29
f 179/102/29 177/101/29 153/33/29 159/34/29
f 178/101/29 180/102/29 151/34/29 146/33/29
f 360/102/29 179/102/29 159/34/29 353/34/29
f 182/103/29 181/104/29 159/34/29 160/36/29
f 183/104/29 184/103/29 152/36/29 151/34/29
f 361/103/29 182/103/29 160/36/29 348/36/29
f 362/104/29 183/104/29 151/34/29 353/34/29
f 409/101/29 185/105/29 153/33/29 398/33/29
f 187/102/29 186/101/29 154/33/29 157/34/29
f 185/105/29 188/102/29 159/34/29 153/33/29
f 410/102/29 187/102/29 157/34/29 403/106/29
f 190/103/29 189/104/29 157/34/29 158/36/29
f 191/107/29 192/108/29 160/36/29 159/34/29
f 411/108/29 190/103/29 158/36/29 397/36/29
f 412/104/29 191/107/29 159/34/29 403/106/29
f 181/104/29 362/104/29 353/34/29 159/34/29
f 184/103/29 361/103/29 348/36/29 152/36/29
f 180/102/29 360/102/29 353/34/29 151/34/29
f 177/101/29 359/101/29 345/33/29 153/33/29
f 168/93/28 358/93/28 354/9/28 136/9/28
f 165/92/28 357/92/28 347/35/28 137/35/28
f 161/91/28 356/91/28 354/9/28 143/9/28
f 164/90/28 355/90/28 346/10/28 132/10/28
f 558/81/23 561/85/23 346/10/23 144/10/23
f 560/83/23 562/83/23 345/33/23 146/33/23
f 608/39/25 137/35/25 347/35/25 618/39/25
f 189/104/29 412/104/29 403/106/29 157/34/29
f 192/108/29 411/108/29 397/36/29 160/36/29
f 188/102/29 410/102/29 403/106/29 159/34/29
f 186/101/29 409/101/29 398/33/29 154/33/29
f 173/91/28 408/91/28 404/98/28 141/9/28
f 176/100/28 407/100/28 395/10/28 144/10/28
f 172/97/28 406/93/28 404/98/28 143/9/28
f 170/96/28 405/94/28 396/35/28 138/35/28
f 61/54/23 401/47/23 398/33/23 153/33/23
f 607/39/25 138/35/25 396/35/25 619/39/25
f 54/42/23 399/41/23 395/10/23 142/10/23
f 158/36/25 607/39/25 619/39/25 397/36/25
f 160/36/25 608/39/25 618/39/25 348/36/25
f 41/36/27 121/34/27 617/26/27 605/39/27
f 152/36/78 610/39/78 616/26/78 151/34/78
f 559/86/23 620/82/23 611/25/23 132/10/23
f 557/84/23 621/80/23 609/25/23 153/33/23
f 348/36/25 618/39/25 610/39/25 152/36/25
f 151/34/79 616/26/79 611/25/79 146/33/79
f 397/36/25 619/39/25 608/39/25 160/36/25
f 41/36/25 605/39/25 607/39/25 158/36/25
f 121/34/27 50/33/27 606/25/27 617/26/27
f 1525/26/27 1514/25/27 957/10/27 1030/9/27
f 961/37/239 965/38/239 1050/10/239 957/10/239
f 1513/39/241 950/35/241 1046/35/241 1515/39/241
f 1030/9/243 957/10/243 1050/10/243 1049/9/243
f 1029/34/244 949/36/244 1066/36/244 1065/34/244
f 1307/41/239 963/42/239 1052/10/239 1303/10/239
f 1527/39/241 1304/35/241 1045/35/241 1516/39/241
f 965/38/245 1543/43/246 1770/44/246 1755/45/246 970/46/30 1062/33/247 1050/10/248
f 1309/47/239 967/48/239 1062/33/239 1306/33/239
f 966/49/249 1756/50/249 1769/25/249 1754/51/249 961/37/249 957/10/250 1514/52/250 958/33/249
f 963/42/239 971/42/239 1761/25/239 972/47/239 969/47/239 1061/33/239 1517/25/239 1052/10/239
f 961/37/27 1754/51/27 977/51/27 976/37/27
f 970/46/239 966/49/239 958/33/239 1062/33/239
f 1756/50/27 966/49/27 982/49/27 981/50/27
f 970/46/255 1755/45/255 984/45/255 983/46/255
f 1543/43/258 965/38/258 975/38/258 974/43/258
f 1524/26/273 1044/9/273 1040/10/273 1519/25/273
f 1526/39/241 1255/35/241 1042/35/241 1518/39/241
f 1529/80/239 1466/81/239 1052/10/239 1517/25/239
f 1528/82/239 1468/83/239 1054/33/239 1519/25/239
f 1470/83/239 1465/84/239 1061/33/239 1253/33/239
f 1469/85/239 1467/86/239 1040/10/239 1254/10/239
f 1518/39/274 1042/35/274 1044/9/274 1524/26/274
f 958/33/244 1029/34/244 1065/34/244 1062/33/244
f 950/35/243 1030/9/243 1049/9/243 1046/35/243
f 1513/39/27 1525/26/27 1030/9/27 950/35/27
f 1070/90/243 1069/91/243 1051/9/243 1052/10/243
f 1071/91/243 1072/90/243 1040/10/243 1044/9/243
f 1263/90/243 1070/90/243 1052/10/243 1254/10/243
f 1264/91/243 1071/91/243 1044/9/243 1262/9/243
f 1265/92/243 1074/92/243 1042/35/243 1255/35/243
f 1075/93/243 1073/92/243 1045/35/243 1051/9/243
f 1074/92/243 1076/93/243 1044/9/243 1042/35/243
f 1266/93/243 1075/93/243 1051/9/243 1262/9/243
f 1313/94/243 1077/95/243 1045/35/243 1304/35/243
f 1079/93/243 1078/96/243 1046/35/243 1049/9/243
f 1077/95/243 1080/97/243 1051/9/243 1045/35/243
f 1314/93/243 1079/93/243 1049/9/243 1312/98/243
f 1082/90/243 1081/91/243 1049/9/243 1050/10/243
f 1083/99/243 1084/100/243 1052/10/243 1051/9/243
f 1315/100/243 1082/90/243 1050/10/243 1303/10/243
f 1316/91/243 1083/99/243 1051/9/243 1312/98/243
f 1267/101/244 1086/101/244 1054/33/244 1253/33/244
f 1087/102/244 1085/101/244 1061/33/244 1067/34/244
f 1086/101/244 1088/102/244 1059/34/244 1054/33/244
f 1268/102/244 1087/102/244 1067/34/244 1261/34/244
f 1090/103/244 1089/104/244 1067/34/244 1068/36/244
f 1091/104/244 1092/103/244 1060/36/244 1059/34/244
f 1269/103/244 1090/103/244 1068/36/244 1256/36/244
f 1270/104/244 1091/104/244 1059/34/244 1261/34/244
f 1317/101/244 1093/105/244 1061/33/244 1306/33/244
f 1095/102/244 1094/101/244 1062/33/244 1065/34/244
f 1093/105/244 1096/102/244 1067/34/244 1061/33/244
f 1318/102/244 1095/102/244 1065/34/244 1311/106/244
f 1098/103/244 1097/104/244 1065/34/244 1066/36/244
f 1099/107/244 1100/108/244 1068/36/244 1067/34/244
f 1319/108/244 1098/103/244 1066/36/244 1305/36/244
f 1320/104/244 1099/107/244 1067/34/244 1311/106/244
f 1089/104/244 1270/104/244 1261/34/244 1067/34/244
f 1092/103/244 1269/103/244 1256/36/244 1060/36/244
f 1088/102/244 1268/102/244 1261/34/244 1059/34/244
f 1085/101/244 1267/101/244 1253/33/244 1061/33/244
f 1076/93/243 1266/93/243 1262/9/243 1044/9/243
f 1073/92/243 1265/92/243 1255/35/243 1045/35/243
f 1069/91/243 1264/91/243 1262/9/243 1051/9/243
f 1072/90/243 1263/90/243 1254/10/243 1040/10/243
f 1466/81/239 1469/85/239 1254/10/239 1052/10/239
f 1468/83/239 1470/83/239 1253/33/239 1054/33/239
f 1516/39/241 1045/35/241 1255/35/241 1526/39/241
f 1097/104/244 1320/104/244 1311/106/244 1065/34/244
f 1100/108/244 1319/108/244 1305/36/244 1068/36/244
f 1096/102/244 1318/102/244 1311/106/244 1067/34/244
f 1094/101/244 1317/101/244 1306/33/244 1062/33/244
f 1081/91/243 1316/91/243 1312/98/243 1049/9/243
f 1084/100/243 1315/100/243 1303/10/243 1052/10/243
f 1080/97/243 1314/93/243 1312/98/243 1051/9/243
f 1078/96/243 1313/94/243 1304/35/243 1046/35/243
f 969/54/239 1309/47/239 1306/33/239 1061/33/239
f 1515/39/241 1046/35/241 1304/35/241 1527/39/241
f 962/42/239 1307/41/239 1303/10/239 1050/10/239
f 1066/36/241 1515/39/241 1527/39/241 1305/36/241
f 1068/36/241 1516/39/241 1526/39/241 1256/36/241
f 949/36/27 1029/34/27 1525/26/27 1513/39/27
f 1060/36/296 1518/39/296 1524/26/296 1059/34/296
f 1467/86/239 1528/82/239 1519/25/239 1040/10/239
f 1465/84/239 1529/80/239 1517/25/239 1061/33/239
f 1256/36/241 1526/39/241 1518/39/241 1060/36/241
f 1059/34/297 1524/26/297 1519/25/297 1054/33/297
f 1305/36/241 1527/39/241 1516/39/241 1068/36/241
f 949/36/241 1513/39/241 1515/39/241 1066/36/241
f 1029/34/27 958/33/27 1514/25/27 1525/26/27
usemtl Black.002
f 350/40/29 47/40/29 117/40/29 590/40/29 592/40/29
f 853/25/30 63/42/34 79/42/35 856/25/30
f 638/53/36 59/48/36 71/48/36 70/53/36
f 78/54/23 77/53/23 70/55/23 71/48/23 402/48/23 72/54/23
f 852/53/28 638/55/28 70/55/28 77/53/28
f 57/38/28 53/37/28 68/37/28 67/38/28
f 73/50/27 74/49/27 84/49/27 83/50/27
f 76/56/28 73/57/28 83/57/28 103/56/28 105/58/28 106/58/28 107/59/28 108/60/28 104/61/28
f 856/25/23 79/42/23 80/62/23 857/25/23
f 56/63/23 80/62/23 79/42/23 65/42/23 400/41/23 60/42/23
f 846/64/29 635/65/29 66/65/29 69/64/29
f 54/42/37 635/66/37 56/66/37 60/42/37
f 401/47/29 61/54/29 72/54/29 402/48/29
f 855/25/27 852/53/27 77/53/27 857/25/27
f 58/49/29 62/46/29 75/46/29 74/49/29
f 635/63/29 851/62/29 80/62/29 56/63/29
f 399/41/28 54/42/28 60/42/28 400/41/28
f 63/42/39 55/42/40 65/42/41 79/42/42
f 847/56/28 848/57/28 73/57/28 76/56/28
f 61/47/41 64/47/44 78/47/39 72/47/45
f 66/43/46 67/38/46 86/67/46 91/68/46
f 75/46/47 76/45/47 104/69/47 97/70/47
f 85/38/23 81/37/23 82/64/23 92/65/23
f 84/49/23 98/46/23 103/50/23 83/57/23
f 69/64/29 66/65/29 91/71/29 93/72/29 94/73/29 95/65/29 96/74/29 92/74/29 82/64/29
f 68/37/27 69/51/27 82/51/27 81/37/27
f 91/68/48 86/67/48 90/38/48 93/72/48
f 93/72/49 90/38/49 89/75/49 94/73/49
f 94/73/50 89/75/50 88/38/50 95/65/50
f 95/65/51 88/38/51 87/76/51 96/74/51
f 96/74/52 87/76/52 85/38/52 92/65/52
f 67/38/28 68/37/28 81/37/28 85/38/28 87/76/28 88/38/28 89/75/28 90/38/28 86/67/28
f 97/70/53 104/69/53 108/60/53 99/77/53
f 99/77/54 108/60/54 107/59/54 100/78/54
f 100/78/55 107/59/55 106/58/55 101/77/55
f 101/77/56 106/58/56 105/58/56 102/79/56
f 102/79/57 105/58/57 103/50/57 98/46/57
f 74/49/29 75/46/29 97/70/29 99/77/29 100/78/29 101/77/29 102/79/29 98/46/29 84/49/29
f 48/87/28 349/88/28 589/87/28 588/88/28 118/87/28
f 612/25/30 48/87/30 118/87/30 614/25/30
f 112/40/29 350/40/29 592/40/29 591/89/29 119/40/29
f 613/25/27 112/40/27 119/40/27 615/25/27
f 140/109/27 130/110/27 604/110/27 603/109/27
f 182/103/60 45/111/60 633/111/60 631/103/60
f 130/110/25 195/110/25 469/112/25 471/112/25 415/110/25
f 51/113/30 194/113/30 193/114/30 139/114/30
f 140/109/27 196/109/27 195/110/27 130/110/27
f 139/114/23 193/114/23 472/109/23 474/109/23 416/109/23
f 150/115/23 199/115/23 475/115/23 477/115/23 419/115/23
f 43/111/30 198/111/30 197/116/30 155/116/30
f 156/118/27 200/118/27 199/115/27 150/115/27
f 155/116/25 197/116/25 478/116/25 480/116/25 420/116/25
f 115/110/25 203/110/25 445/110/25 447/112/25 363/110/25
f 113/113/30 202/113/30 201/114/30 126/114/30
f 128/109/27 204/109/27 203/110/27 115/110/27
f 126/114/23 201/114/23 448/109/23 450/109/23 364/109/23
f 110/119/23 207/119/23 451/119/23 453/119/23 369/119/23
f 45/111/30 206/111/30 205/116/30 147/116/30
f 148/116/27 208/116/27 207/119/27 110/119/27
f 147/116/25 205/116/25 454/116/25 456/116/25 370/116/25
f 127/120/23 211/120/23 457/121/23 459/122/23 368/120/23
f 125/120/30 210/120/30 209/123/30 114/123/30
f 116/123/27 212/123/27 211/120/27 127/120/27
f 114/123/25 209/123/25 460/123/25 462/124/25 367/123/25
f 131/125/25 215/125/25 463/125/25 465/125/25 366/125/25
f 129/125/30 214/125/30 213/126/30 46/126/30
f 111/128/27 216/128/27 215/125/27 131/125/27
f 46/126/23 213/126/23 466/127/23 468/127/23 365/127/23
f 149/122/23 219/122/23 481/120/23 483/122/23 418/120/23
f 123/121/30 218/121/30 217/123/30 52/123/30
f 145/124/27 220/124/27 219/122/27 149/122/27
f 52/123/25 217/123/25 484/124/25 486/129/25 417/124/25
f 135/130/25 223/130/25 487/125/25 489/125/25 414/125/25
f 124/131/30 222/131/30 221/132/30 44/132/30
f 133/134/27 224/134/27 223/130/27 135/130/27
f 44/132/23 221/132/23 490/133/23 492/133/23 413/133/23
f 225/113/28 226/114/28 227/91/28 228/90/28
f 126/114/30 226/114/30 225/113/30 113/113/30
f 161/91/60 227/91/60 226/114/60 126/114/60
f 162/90/27 228/90/27 227/91/27 161/91/27
f 113/113/61 225/113/61 228/90/61 162/90/61
f 229/109/28 230/110/28 231/90/28 232/91/28
f 115/110/27 230/110/27 229/109/27 128/109/27
f 164/90/62 231/90/62 230/110/62 115/110/62
f 163/91/30 232/91/30 231/90/30 164/90/30
f 128/109/63 229/109/63 232/91/63 163/91/63
f 379/110/28 234/113/28 235/90/28 380/90/28
f 363/110/25 379/110/25 233/110/25 115/110/25
f 162/90/63 235/90/63 234/113/63 113/113/63
f 355/90/23 380/90/23 235/90/23 162/90/23
f 115/110/60 233/110/60 236/90/60 164/90/60
f 381/109/28 238/109/28 239/91/28 382/91/28
f 364/109/23 381/109/23 237/114/23 126/114/23
f 163/91/61 239/91/61 238/109/61 128/109/61
f 356/91/25 382/91/25 239/91/25 163/91/25
f 126/114/62 237/114/62 240/91/62 161/91/62
f 383/127/28 242/128/28 243/92/28 384/92/28
f 365/127/23 383/127/23 241/126/23 46/126/23
f 166/92/61 243/92/61 242/128/61 111/128/61
f 357/92/25 384/92/25 243/92/25 166/92/25
f 46/126/62 241/126/62 244/92/62 165/92/62
f 245/125/28 246/126/28 247/92/28 248/93/28
f 46/126/30 246/126/30 245/125/30 129/125/30
f 165/92/60 247/92/60 246/126/60 46/126/60
f 167/93/27 248/93/27 247/92/27 165/92/27
f 129/125/61 245/125/61 248/93/61 167/93/61
f 249/128/28 250/125/28 251/93/28 252/92/28
f 131/125/27 250/125/27 249/128/27 111/128/27
f 168/93/62 251/93/62 250/125/62 131/125/62
f 166/92/30 252/92/30 251/93/30 168/93/30
f 111/128/63 249/128/63 252/92/63 166/92/63
f 385/125/28 254/125/28 255/93/28 386/93/28
f 366/125/25 385/125/25 253/125/25 131/125/25
f 167/93/63 255/93/63 254/125/63 129/125/63
f 358/93/23 386/93/23 255/93/23 167/93/23
f 131/125/60 253/125/60 256/93/60 168/93/60
f 429/133/28 258/134/28 259/95/28 430/94/28
f 413/133/23 429/133/23 257/132/23 44/132/23
f 169/95/61 259/95/61 258/134/61 133/134/61
f 405/94/25 430/94/25 259/95/25 169/95/25
f 44/132/62 257/132/62 260/96/62 170/96/62
f 261/131/28 262/132/28 263/96/28 264/93/28
f 44/132/30 262/132/30 261/131/30 124/131/30
f 170/96/60 263/96/60 262/132/60 44/132/60
f 171/93/27 264/93/27 263/96/27 170/96/27
f 124/131/61 261/131/61 264/93/61 171/93/61
f 265/134/28 266/130/28 267/97/28 268/95/28
f 135/130/27 266/130/27 265/134/27 133/134/27
f 172/97/62 267/97/62 266/130/62 135/130/62
f 169/95/30 268/95/30 267/97/30 172/97/30
f 133/134/63 265/134/63 268/95/63 169/95/63
f 431/125/28 270/131/28 271/93/28 432/93/28
f 414/125/25 431/125/25 269/130/25 135/130/25
f 171/93/63 271/93/63 270/131/63 124/131/63
f 406/93/23 432/93/23 271/93/23 171/93/23
f 135/130/60 269/130/60 272/97/60 172/97/60
f 273/113/28 274/114/28 275/91/28 276/90/28
f 139/114/30 274/114/30 273/113/30 51/113/30
f 173/91/60 275/91/60 274/114/60 139/114/60
f 174/90/27 276/90/27 275/91/27 173/91/27
f 51/113/61 273/113/61 276/90/61 174/90/61
f 433/110/28 278/113/28 279/90/28 434/90/28
f 415/110/25 433/110/33 277/110/33 130/110/25
f 174/90/63 279/90/63 278/113/63 51/113/63
f 407/100/23 434/90/23 279/90/23 174/90/23
f 130/110/60 277/110/60 280/100/60 176/100/60
f 435/109/28 282/109/28 283/99/28 436/91/28
f 416/109/23 435/109/23 281/114/23 139/114/23
f 175/99/61 283/99/61 282/109/61 140/109/61
f 408/91/25 436/91/25 283/99/25 175/99/25
f 139/114/62 281/114/62 284/91/62 173/91/62
f 387/123/29 286/123/29 287/101/29 388/101/29
f 367/123/25 387/123/25 285/123/25 114/123/25
f 178/101/60 287/101/60 286/123/60 116/123/60
f 359/101/23 388/101/23 287/101/23 178/101/23
f 114/123/63 285/123/63 288/101/63 177/101/63
f 289/120/29 290/123/29 291/101/29 292/102/29
f 114/123/30 290/123/30 289/120/30 125/120/30
f 177/101/61 291/101/61 290/123/61 114/123/61
f 179/102/27 292/102/27 291/101/27 177/101/27
f 125/120/60 289/120/60 292/102/60 179/102/60
f 293/123/29 294/120/29 295/102/29 296/101/29
f 127/120/27 294/120/27 293/123/27 116/123/27
f 180/102/63 295/102/63 294/120/63 127/120/63
f 178/101/30 296/101/30 295/102/30 180/102/30
f 116/123/62 293/123/62 296/101/62 178/101/62
f 389/120/29 298/120/29 299/102/29 390/102/29
f 368/120/23 389/120/23 297/120/23 127/120/23
f 179/102/62 299/102/62 298/120/62 125/120/62
f 360/102/25 390/102/25 299/102/25 179/102/25
f 127/120/61 297/120/61 300/102/61 180/102/61
f 301/116/29 302/119/29 303/103/29 304/104/29
f 110/119/27 302/119/27 301/116/27 148/116/27
f 184/103/63 303/103/63 302/119/63 110/119/63
f 183/104/30 304/104/30 303/103/30 184/103/30
f 148/116/62 301/116/62 304/104/62 183/104/62
f 391/119/29 306/111/29 307/103/29 392/103/29
f 369/119/23 391/119/23 305/119/23 110/119/23
f 182/103/62 307/103/62 306/111/62 45/111/62
f 361/103/25 392/103/25 307/103/25 182/103/25
f 110/119/61 305/119/61 308/103/61 184/103/61
f 393/116/29 310/116/29 311/104/29 394/104/29
f 370/116/25 393/116/25 309/116/25 147/116/25
f 183/104/60 311/104/60 310/116/60 148/116/60
f 362/104/23 394/104/23 311/104/23 183/104/23
f 147/116/63 309/116/63 312/104/63 181/104/63
f 437/124/29 314/124/29 315/105/29 438/101/29
f 417/124/25 437/124/25 313/123/25 52/123/25
f 185/105/60 315/105/60 314/124/60 145/124/60
f 409/101/23 438/101/23 315/105/23 185/105/23
f 52/123/63 313/123/63 316/101/63 186/101/63
f 317/121/29 318/123/29 319/101/29 320/102/29
f 52/123/30 318/123/30 317/121/30 123/121/30
f 186/101/61 319/101/61 318/123/61 52/123/61
f 187/102/27 320/102/27 319/101/27 186/101/27
f 123/121/60 317/121/60 320/102/60 187/102/60
f 321/124/29 322/122/29 323/102/29 324/105/29
f 149/122/27 322/122/27 321/124/27 145/124/27
f 188/102/63 323/102/63 322/122/63 149/122/63
f 185/105/30 324/105/30 323/102/30 188/102/30
f 145/124/62 321/124/62 324/105/62 185/105/62
f 439/120/29 326/121/29 327/102/29 440/102/29
f 418/120/23 439/120/23 325/122/23 149/122/23
f 187/102/62 327/102/62 326/121/62 123/121/62
f 410/102/25 440/102/25 327/102/25 187/102/25
f 149/122/61 325/122/61 328/102/61 188/102/61
f 329/111/29 330/116/29 331/104/29 332/103/29
f 155/116/30 330/116/30 329/111/30 43/111/30
f 189/104/61 331/104/61 330/116/61 155/116/61
f 190/103/27 332/103/27 331/104/27 189/104/27
f 43/111/60 329/111/60 332/103/60 190/103/60
f 333/118/29 334/115/29 335/108/29 336/107/29
f 150/115/27 334/115/27 333/118/27 156/118/27
f 192/108/63 335/108/63 334/115/63 150/115/63
f 191/107/30 336/107/30 335/108/30 192/108/30
f 156/118/62 333/118/62 336/107/62 191/107/62
f 441/115/29 338/111/29 339/103/29 442/108/29
f 419/115/23 441/115/23 337/115/23 150/115/23
f 190/103/62 339/103/62 338/111/62 43/111/62
f 411/108/25 442/108/25 339/103/25 190/103/25
f 150/115/61 337/115/61 340/108/61 192/108/61
f 443/116/29 342/118/29 343/107/29 444/104/29
f 420/116/25 443/116/25 341/116/25 155/116/25
f 191/107/60 343/107/60 342/118/60 156/118/60
f 412/104/64 444/104/64 343/107/64 191/107/64
f 155/116/63 341/116/63 344/104/63 189/104/63
f 181/104/23 312/104/23 394/104/23 362/104/23
f 148/116/25 310/116/25 393/116/25 370/116/25
f 309/116/29 393/116/29 394/104/29 312/104/29
f 184/103/25 308/103/25 392/103/25 361/103/25
f 45/111/23 306/111/23 391/119/23 369/119/23
f 305/119/29 391/119/29 392/103/29 308/103/29
f 180/102/25 300/102/25 390/102/25 360/102/25
f 125/120/23 298/120/23 389/120/23 368/120/23
f 297/120/29 389/120/29 390/102/29 300/102/29
f 177/101/23 288/101/23 388/101/23 359/101/23
f 116/123/25 286/123/25 387/123/25 367/123/25
f 285/123/29 387/123/29 388/101/29 288/101/29
f 168/93/23 256/93/23 386/93/23 358/93/23
f 129/125/25 254/125/25 385/125/25 366/125/25
f 253/125/28 385/125/28 386/93/28 256/93/28
f 165/92/33 244/92/33 384/92/25 357/92/25
f 111/128/23 242/128/23 383/127/23 365/127/23
f 241/126/28 383/127/28 384/92/28 244/92/28
f 161/91/25 240/91/25 382/91/25 356/91/25
f 128/109/23 238/109/23 381/109/23 364/109/23
f 237/114/28 381/109/28 382/91/28 240/91/28
f 164/90/23 236/90/23 380/90/23 355/90/23
f 113/113/25 234/113/25 379/110/25 363/110/25
f 233/110/28 379/110/28 380/90/28 236/90/28
f 365/127/23 468/127/23 467/127/23 216/128/23 111/128/23
f 366/125/25 465/125/25 464/125/25 214/125/25 129/125/25
f 367/123/25 462/123/25 461/124/25 212/123/25 116/123/25
f 368/120/23 459/120/23 458/120/23 210/120/23 125/120/23
f 370/116/25 456/116/25 455/116/25 208/116/25 148/116/25
f 369/119/23 453/119/23 452/119/23 206/111/23 45/111/23
f 364/109/23 450/109/23 449/109/23 204/109/23 128/109/23
f 363/110/25 447/110/25 446/110/25 202/113/25 113/113/25
f 352/88/28 351/87/28 593/87/28
f 349/88/28 109/135/28 120/135/28 587/87/28 589/87/28
f 189/104/64 344/104/64 444/104/64 412/104/64
f 156/118/25 342/118/25 443/116/25 420/116/25
f 341/116/29 443/116/29 444/104/29 344/104/29
f 192/108/25 340/108/25 442/108/25 411/108/25
f 43/111/23 338/111/23 441/115/23 419/115/23
f 337/115/29 441/115/29 442/108/29 340/108/29
f 188/102/33 328/102/33 440/102/25 410/102/25
f 123/121/23 326/121/23 439/120/23 418/120/23
f 325/122/29 439/120/29 440/102/29 328/102/29
f 186/101/23 316/101/23 438/101/23 409/101/23
f 145/124/25 314/124/25 437/124/25 417/124/25
f 313/123/29 437/124/29 438/101/29 316/101/29
f 173/91/25 284/91/25 436/91/25 408/91/25
f 140/109/23 282/109/23 435/109/23 416/109/23
f 281/114/28 435/109/28 436/91/28 284/91/28
f 176/100/23 280/100/23 434/90/23 407/100/23
f 51/113/25 278/113/25 433/110/33 415/110/25
f 277/110/28 433/110/28 434/90/28 280/100/28
f 172/97/23 272/97/23 432/93/23 406/93/23
f 124/131/25 270/131/25 431/125/25 414/125/25
f 269/130/28 431/125/28 432/93/28 272/97/28
f 170/96/25 260/96/25 430/94/25 405/94/25
f 133/134/23 258/134/23 429/133/23 413/133/23
f 257/132/28 429/133/28 430/94/28 260/96/28
f 428/110/25 427/136/25 426/110/25
f 413/133/23 492/137/23 491/133/23 224/134/23 133/134/23
f 414/125/25 489/125/25 488/138/25 222/131/25 124/131/25
f 417/124/25 486/124/25 485/124/25 220/124/25 145/124/25
f 418/120/23 483/120/23 482/121/23 218/121/23 123/121/23
f 420/116/25 480/116/25 479/116/25 200/118/25 156/118/25
f 419/115/23 477/115/23 476/115/23 198/111/23 43/111/23
f 416/109/23 474/109/23 473/109/23 196/109/23 140/109/23
f 415/110/25 471/110/25 470/113/25 194/113/25 51/113/25
f 55/42/28 399/41/28 400/41/28 65/42/28
f 59/48/29 401/47/29 402/48/29 71/48/29
f 446/136/29 427/136/29 428/110/29 445/110/29
f 447/110/65 426/110/65 427/136/65 446/136/65
f 445/110/66 428/110/66 426/110/66 447/110/66
f 425/109/23 424/140/23 423/109/23
f 449/140/29 424/140/29 425/109/29 448/109/29
f 450/109/66 423/109/66 424/140/66 449/140/66
f 448/109/65 425/109/65 423/109/65 450/109/65
f 422/119/23 421/115/23 378/119/23
f 452/115/28 421/115/28 422/119/28 451/119/28
f 453/119/67 378/119/67 421/115/67 452/115/67
f 451/119/68 422/119/68 378/119/68 453/119/68
f 377/116/25 376/118/25 375/116/25
f 455/118/28 376/118/28 377/116/28 454/116/28
f 456/116/69 375/116/69 376/118/69 455/118/69
f 454/116/67 377/116/67 375/116/67 456/116/67
f 374/120/23 373/122/23 372/120/23
f 458/122/28 373/122/28 374/120/28 457/120/28
f 459/120/67 372/120/67 373/122/67 458/122/67
f 457/120/69 374/120/69 372/120/69 459/120/69
f 371/123/25 493/124/25 494/123/25
f 461/124/28 493/124/28 371/123/28 460/123/28
f 462/123/69 494/123/69 493/124/69 461/124/69
f 460/123/67 371/123/67 494/123/67 462/123/67
f 495/125/25 496/141/25 497/125/25
f 464/141/29 496/141/29 495/125/29 463/125/29
f 465/125/65 497/125/65 496/141/65 464/141/65
f 463/125/70 495/125/70 497/125/70 465/125/70
f 498/127/23 499/142/23 500/127/23
f 467/142/29 499/142/29 498/127/29 466/127/29
f 468/127/66 500/127/66 499/142/66 467/142/66
f 466/127/65 498/127/65 500/127/65 468/127/65
f 501/110/25 502/136/25 503/110/25
f 470/136/29 502/136/29 501/110/29 469/110/29
f 471/110/71 503/110/71 502/136/71 470/136/71
f 469/110/66 501/110/66 503/110/66 471/110/66
f 504/114/23 505/109/23 506/109/23
f 473/109/29 505/109/29 504/114/29 472/114/29
f 474/109/66 506/109/66 505/109/66 473/109/66
f 472/114/71 504/114/71 506/109/71 474/109/71
f 507/117/72 508/115/72 509/115/72
f 476/115/28 508/115/28 507/117/28 475/117/28
f 477/115/67 509/115/67 508/115/67 476/115/67
f 475/117/68 507/117/68 509/115/68 477/115/68
f 510/139/25 511/118/25 512/116/25
f 479/118/28 511/118/28 510/139/28 478/139/28
f 480/116/68 512/116/68 511/118/68 479/118/68
f 478/139/73 510/139/73 512/116/73 480/116/73
f 513/120/23 514/122/23 515/120/23
f 482/122/28 514/122/28 513/120/28 481/120/28
f 483/120/67 515/120/67 514/122/67 482/122/67
f 481/120/68 513/120/68 515/120/68 483/120/68
f 516/123/25 517/129/25 518/124/25
f 485/129/28 517/129/28 516/123/28 484/123/28
f 486/124/68 518/124/68 517/129/68 485/129/68
f 484/123/67 516/123/67 518/124/67 486/124/67
f 519/125/25 520/143/25 521/125/25
f 488/143/29 520/143/29 519/125/29 487/125/29
f 489/125/71 521/125/71 520/143/71 488/143/71
f 487/125/70 519/125/70 521/125/70 489/125/70
f 522/137/23 523/133/23 524/137/23
f 491/133/29 523/133/29 522/137/29 490/137/29
f 492/137/66 524/137/66 523/133/66 491/133/66
f 490/137/71 522/137/71 524/137/71 492/137/71
f 525/125/28 526/127/28 527/127/28 528/125/28
f 467/127/30 526/127/30 525/125/30 463/125/30
f 466/127/25 527/127/25 526/127/25 467/127/25
f 464/125/27 528/125/27 527/127/27 466/127/27
f 463/125/23 525/125/23 528/125/23 464/125/23
f 529/120/29 530/123/29 531/123/29 532/121/29
f 461/123/30 530/123/30 529/120/30 457/120/30
f 460/123/23 531/123/23 530/123/23 461/123/23
f 458/121/27 532/121/27 531/123/27 460/123/27
f 457/120/25 529/120/25 532/121/25 458/121/25
f 533/119/29 534/116/29 535/116/29 536/119/29
f 455/116/30 534/116/30 533/119/30 451/119/30
f 454/116/23 535/116/23 534/116/23 455/116/23
f 452/119/27 536/119/27 535/116/27 454/116/27
f 451/119/25 533/119/25 536/119/25 452/119/25
f 537/110/28 538/109/28 539/109/28 540/110/28
f 449/109/30 538/109/30 537/110/30 445/110/30
f 448/109/25 539/109/25 538/109/25 449/109/25
f 446/110/27 540/110/27 539/109/27 448/109/27
f 445/110/23 537/110/23 540/110/23 446/110/23
f 541/125/28 542/133/28 543/137/28 544/125/28
f 491/133/30 542/133/30 541/125/30 487/125/30
f 490/137/25 543/137/25 542/133/25 491/133/25
f 488/125/27 544/125/27 543/137/27 490/137/27
f 487/125/23 541/125/23 544/125/23 488/125/23
f 545/120/29 546/124/29 547/123/29 548/121/29
f 485/124/30 546/124/30 545/120/30 481/120/30
f 484/123/23 547/123/23 546/124/23 485/124/23
f 482/121/27 548/121/27 547/123/27 484/123/27
f 481/120/25 545/120/25 548/121/25 482/121/25
f 549/117/29 550/116/29 551/139/29 552/115/29
f 479/116/30 550/116/30 549/117/30 475/117/30
f 478/139/23 551/139/23 550/116/23 479/116/23
f 476/115/27 552/115/27 551/139/27 478/139/27
f 475/117/25 549/117/25 552/115/25 476/115/25
f 553/110/28 554/109/28 555/114/28 556/112/28
f 473/109/30 554/109/30 553/110/30 469/110/30
f 472/114/25 555/114/25 554/109/25 473/109/25
f 470/112/27 556/112/27 555/114/27 472/114/27
f 469/110/23 553/110/23 556/112/23 470/112/23
f 563/135/23 564/88/23 565/83/23 566/83/23
f 349/88/28 564/88/28 563/135/28 109/135/28
f 562/83/27 565/83/27 564/88/27 349/88/27
f 560/83/29 566/83/29 565/83/29 562/83/29
f 109/135/74 563/135/74 566/83/74 560/83/74
f 567/40/23 568/40/23 569/85/23 570/81/23
f 350/40/29 568/40/29 567/40/29 47/40/29
f 561/85/30 569/85/30 568/40/30 350/40/30
f 558/81/28 570/81/28 569/85/28 561/85/28
f 47/40/75 567/40/75 570/81/75 558/81/75
f 571/40/23 572/40/23 573/86/23 574/85/23
f 112/40/29 572/40/29 571/40/29 350/40/29
f 559/86/76 573/86/76 572/40/76 112/40/76
f 561/85/28 574/85/28 573/86/28 559/86/28
f 350/40/27 571/40/27 574/85/27 561/85/27
f 575/88/23 576/87/23 577/84/23 578/83/23
f 48/87/28 576/87/28 575/88/28 349/88/28
f 557/84/77 577/84/77 576/87/77 48/87/77
f 562/83/29 578/83/29 577/84/29 557/84/29
f 349/88/30 575/88/30 578/83/30 562/83/30
f 622/25/23 580/135/23 581/83/23 623/82/23
f 613/25/27 622/25/27 579/40/27 112/40/27
f 560/83/75 581/83/75 580/135/75 109/135/75
f 620/82/30 623/82/30 581/83/30 560/83/30
f 112/40/77 579/40/77 582/86/77 559/86/77
f 624/25/23 584/40/23 585/81/23 625/80/23
f 612/25/30 624/25/30 583/87/30 48/87/30
f 558/81/74 585/81/74 584/40/74 47/40/74
f 621/80/27 625/80/27 585/81/27 558/81/27
f 48/87/76 583/87/76 586/84/76 557/84/76
f 588/87/25 351/87/25 352/88/25 587/88/25
f 589/87/62 593/87/62 351/87/62 588/87/62
f 587/88/61 352/88/61 593/87/61 589/87/61
f 594/89/29 595/40/29 596/40/29
f 591/40/25 595/40/25 594/89/25 590/89/25
f 592/40/61 596/40/61 595/40/61 591/40/61
f 590/89/62 594/89/62 596/40/62 592/40/62
f 628/25/23 598/40/23 599/89/23 629/25/23
f 626/25/30 628/25/30 597/88/30 587/88/30
f 590/89/28 599/89/28 598/40/28 591/40/28
f 627/25/27 629/25/27 599/89/27 590/89/27
f 587/88/29 597/88/29 600/87/29 588/87/29
f 603/109/28 604/110/28 602/100/28 601/99/28
f 175/99/63 140/109/63 603/109/63 601/99/63
f 176/100/30 175/99/30 601/99/30 602/100/30
f 130/110/62 176/100/62 602/100/62 604/110/62
f 588/87/27 600/87/27 629/25/27 627/25/27
f 591/40/30 598/40/30 628/25/30 626/25/30
f 597/88/23 628/25/23 629/25/23 600/87/23
f 557/84/27 586/84/27 625/80/27 621/80/27
f 47/40/30 584/40/30 624/25/30 612/25/30
f 583/87/23 624/25/23 625/80/23 586/84/23
f 559/86/30 582/86/30 623/82/30 620/82/30
f 109/135/27 580/135/27 622/25/27 613/25/27
f 579/40/23 622/25/23 623/82/23 582/86/23
f 109/135/27 613/25/27 615/25/27 120/135/27
f 47/40/30 612/25/30 614/25/30 117/40/30
f 633/111/29 632/116/29 630/104/29 631/103/29
f 181/104/27 182/103/27 631/103/27 630/104/27
f 45/111/30 147/116/30 632/116/30 633/111/30
f 147/116/61 181/104/61 630/104/61 632/116/61
f 899/144/29 898/145/29 875/145/29 874/144/29
f 725/155/23 728/155/23 723/156/23 724/156/23
f 706/168/23 719/168/23 751/169/23 722/170/23 705/170/23 727/171/23 726/172/23
f 734/165/138 739/165/139 716/173/140 712/173/138
f 735/167/28 740/167/28 718/174/28 714/174/28
f 741/175/141 739/165/141 715/166/142 719/168/143
f 742/177/145 740/167/146 717/167/147 721/178/148
f 751/169/149 749/179/150 718/174/150 722/170/39
f 720/180/151 750/181/151 748/182/151 716/173/151
f 746/167/136 748/182/152 717/167/147 713/167/39
f 738/183/153 742/177/145 721/178/148 697/178/153
f 736/175/28 741/175/28 719/168/28 706/168/28
f 743/155/153 725/155/153 700/180/154 736/175/154
f 726/172/25 727/171/25 730/171/25 729/172/25
f 743/155/153 737/155/158 728/155/158 725/155/153
f 738/183/153 697/178/153 724/185/154 744/186/154
f 737/155/158 745/186/159 723/185/159 728/155/158
f 744/186/28 745/186/28 730/171/28 727/171/28
f 724/185/154 723/185/159 745/186/159 744/186/154
f 729/172/160 730/171/160 745/186/160 737/155/160
f 726/172/29 729/172/29 737/155/29 743/155/29
f 724/156/25 697/178/25 721/178/25 750/181/25 720/180/25 700/180/25 725/155/25
f 700/180/154 720/180/150 741/175/150 736/175/154
f 705/170/29 722/170/29 742/177/29 738/183/29
f 722/170/141 718/174/141 740/167/141 742/177/141
f 720/180/150 716/173/140 739/165/139 741/175/150
f 713/167/39 717/167/147 740/167/146 735/167/136
f 711/166/29 715/166/29 739/165/29 734/165/29
f 719/168/143 715/166/142 749/179/151 751/169/151
f 712/173/23 716/173/23 748/182/23 746/167/23
f 711/166/25 747/174/25 749/179/25 715/166/25
f 721/178/148 717/167/147 748/182/152 750/181/39
f 714/174/30 718/174/150 749/179/150 747/174/41
f 779/155/23 778/156/23 777/156/23 782/155/23
f 762/168/23 780/172/23 781/171/23 761/170/23 776/170/23 805/169/23 773/168/23
f 788/165/136 766/173/136 770/173/173 793/165/173
f 789/167/29 768/174/29 772/174/29 794/167/29
f 795/175/174 773/168/175 769/166/176 793/165/174
f 796/177/178 775/178/41 771/167/39 794/167/179
f 805/169/41 776/170/180 772/174/181 803/179/181
f 770/173/182 802/182/182 804/181/182 774/180/182
f 800/167/170 767/167/171 771/167/39 802/182/179
f 792/183/154 756/178/154 775/178/41 796/177/178
f 790/175/29 762/168/29 773/168/29 795/175/29
f 797/155/154 790/175/153 758/180/153 779/155/154
f 784/171/33 781/171/33 780/172/33 783/172/33
f 797/155/154 779/155/154 782/155/184 791/155/184
f 792/183/154 798/186/153 778/185/153 756/178/154
f 791/155/184 782/155/184 777/185/185 799/186/185
f 798/186/29 781/171/29 784/171/29 799/186/29
f 778/185/153 798/186/153 799/186/185 777/185/185
f 783/172/186 791/155/186 799/186/186 784/171/186
f 780/172/28 797/155/28 791/155/28 783/172/28
f 774/180/25 804/181/25 775/178/25 756/178/25 778/156/25 779/155/25 758/180/25
f 758/180/153 790/175/153 795/175/187 774/180/181
f 761/170/28 792/183/28 796/177/28 776/170/28
f 776/170/174 796/177/174 794/167/174 772/174/174
f 774/180/181 795/175/187 793/165/173 770/173/173
f 767/167/171 789/167/170 794/167/179 771/167/39
f 765/166/28 788/165/28 793/165/28 769/166/28
f 769/166/176 773/168/175 805/169/188 803/179/188
f 770/173/23 766/173/23 800/167/23 802/182/23
f 769/166/25 803/179/25 801/174/25 765/166/25
f 775/178/41 804/181/189 802/182/179 771/167/39
f 768/174/41 801/174/30 803/179/181 772/174/181
f 902/187/214 901/188/214 872/188/214 871/187/214
f 634/189/23 850/189/23 635/65/23 846/64/23
f 636/190/23 637/190/23 848/57/23 847/56/23
f 863/191/23 634/189/23 846/64/23 861/25/23
f 864/192/23 636/190/23 847/56/23 862/44/23
f 859/25/23 640/193/23 852/53/23 855/25/23
f 640/193/23 854/193/23 638/55/23 852/53/23
f 858/194/23 849/195/23 635/63/23 860/194/23
f 849/195/23 639/196/23 851/62/23 635/63/23
f 854/193/23 858/194/23 860/194/23 638/55/23
f 639/196/23 859/25/23 855/25/23 851/62/23
f 895/197/29 894/198/29 879/198/29 878/197/29
f 851/62/27 855/25/27 857/25/27 80/62/27
f 78/47/23 856/25/23 857/25/23 77/53/23
f 64/47/215 853/25/30 856/25/30 78/47/216
f 850/189/23 864/192/23 862/44/23 635/65/23
f 637/190/23 863/191/23 861/25/23 848/57/23
f 898/145/214 897/199/214 876/199/214 875/145/214
f 640/193/27 859/25/27 889/25/27 890/193/27
f 859/25/27 639/196/27 892/196/27 889/25/27
f 863/191/30 637/190/30 886/190/30 887/191/30
f 639/196/29 849/195/29 882/195/29 892/196/29
f 850/189/29 634/189/29 883/189/29 884/189/29
f 858/194/214 854/193/214 891/193/214 881/194/214
f 864/192/27 850/189/27 884/189/27 888/192/27
f 636/190/27 864/192/27 888/192/27 885/190/27
f 634/189/30 863/191/30 887/191/30 883/189/30
f 854/193/28 640/193/28 890/193/28 891/193/28
f 849/195/214 858/194/214 881/194/214 882/195/214
f 637/190/28 636/190/28 885/190/28 886/190/28
f 894/198/30 893/205/30 880/205/30 879/198/30
f 908/201/27 907/202/27 866/202/27 865/201/27
f 904/188/27 903/203/27 870/203/27 869/188/27
f 905/201/28 908/201/28 865/201/28 868/201/28
f 887/191/23 886/190/23 893/205/23 894/198/23
f 886/190/23 885/190/23 896/205/23 893/205/23
f 885/190/23 888/192/23 895/197/23 896/205/23
f 888/192/23 887/191/23 894/198/23 895/197/23
f 881/194/23 891/193/23 897/199/23 898/145/23
f 891/193/23 890/193/23 900/204/23 897/199/23
f 890/193/23 889/25/23 899/144/23 900/204/23
f 889/25/23 881/194/23 898/145/23 899/144/23
f 882/195/23 881/194/23 901/188/23 902/187/23
f 881/194/23 889/25/23 904/188/23 901/188/23
f 889/25/23 892/196/23 903/203/23 904/188/23
f 892/196/23 882/195/23 902/187/23 903/203/23
f 883/189/23 887/191/23 905/201/23 906/200/23
f 887/191/23 888/192/23 908/201/23 905/201/23
f 888/192/23 884/189/23 907/202/23 908/201/23
f 884/189/23 883/189/23 906/200/23 907/202/23
f 906/200/30 905/201/30 868/201/30 867/200/30
f 893/205/28 896/205/28 877/205/28 880/205/28
f 903/203/29 902/187/29 871/187/29 870/203/29
f 897/199/28 900/204/28 873/204/28 876/199/28
f 907/202/29 906/200/29 867/200/29 866/202/29
f 896/205/27 895/197/27 878/197/27 877/205/27
f 901/188/28 904/188/28 869/188/28 872/188/28
f 900/204/27 899/144/27 874/144/27 873/204/27
f 1258/40/244 955/40/244 1025/40/244 1498/40/244 1500/40/244
f 1761/25/30 971/42/251 987/42/252 1764/25/30
f 1546/53/253 967/48/253 979/48/253 978/53/253
f 986/54/239 985/53/239 978/55/239 979/48/239 1310/48/239 980/54/239
f 1760/53/243 1546/55/243 978/55/243 985/53/243
f 965/38/243 961/37/243 976/37/243 975/38/243
f 981/50/27 982/49/27 992/49/27 991/50/27
f 984/56/243 981/57/243 991/57/243 1011/56/243 1013/58/243 1014/58/243 1015/59/243 1016/60/243 1012/61/243
f 1764/25/239 987/42/239 988/62/239 1765/25/239
f 964/63/239 988/62/239 987/42/239 973/42/239 1308/41/239 968/42/239
f 1754/64/244 1543/65/244 974/65/244 977/64/244
f 962/42/254 1543/66/254 964/66/254 968/42/254
f 1309/47/244 969/54/244 980/54/244 1310/48/244
f 1763/25/27 1760/53/27 985/53/27 1765/25/27
f 966/49/244 970/46/244 983/46/244 982/49/244
f 1543/63/244 1759/62/244 988/62/244 964/63/244
f 1307/41/243 962/42/243 968/42/243 1308/41/243
f 971/42/39 963/42/256 973/42/41 987/42/257
f 1755/56/243 1756/57/243 981/57/243 984/56/243
f 969/47/41 972/47/259 986/47/39 980/47/260
f 974/43/261 975/38/261 994/67/261 999/68/261
f 983/46/262 984/45/262 1012/69/262 1005/70/262
f 993/38/239 989/37/239 990/64/239 1000/65/239
f 992/49/239 1006/46/239 1011/50/239 991/57/239
f 977/64/244 974/65/244 999/71/244 1001/72/244 1002/73/244 1003/65/244 1004/74/244 1000/74/244 990/64/244
f 976/37/27 977/51/27 990/51/27 989/37/27
f 999/68/263 994/67/263 998/38/263 1001/72/263
f 1001/72/264 998/38/264 997/75/264 1002/73/264
f 1002/73/265 997/75/265 996/38/265 1003/65/265
f 1003/65/266 996/38/266 995/76/266 1004/74/266
f 1004/74/267 995/76/267 993/38/267 1000/65/267
f 975/38/243 976/37/243 989/37/243 993/38/243 995/76/243 996/38/243 997/75/243 998/38/243 994/67/243
f 1005/70/268 1012/69/268 1016/60/268 1007/77/268
f 1007/77/269 1016/60/269 1015/59/269 1008/78/269
f 1008/78/270 1015/59/270 1014/58/270 1009/77/270
f 1009/77/271 1014/58/271 1013/58/271 1010/79/271
f 1010/79/272 1013/58/272 1011/50/272 1006/46/272
f 982/49/244 983/46/244 1005/70/244 1007/77/244 1008/78/244 1009/77/244 1010/79/244 1006/46/244 992/49/244
f 956/87/243 1257/88/243 1497/87/243 1496/88/243 1026/87/243
f 1520/25/30 956/87/30 1026/87/30 1522/25/30
f 1020/40/244 1258/40/244 1500/40/244 1499/89/244 1027/40/244
f 1521/25/27 1020/40/27 1027/40/27 1523/25/27
f 1048/109/27 1038/110/27 1512/110/27 1511/109/27
f 1090/103/275 953/111/275 1541/111/275 1539/103/275
f 1038/110/241 1103/110/241 1377/112/241 1379/112/241 1323/110/241
f 959/113/30 1102/113/30 1101/114/30 1047/114/30
f 1048/109/27 1104/109/27 1103/110/27 1038/110/27
f 1047/114/239 1101/114/239 1380/109/239 1382/109/239 1324/109/239
f 1058/115/239 1107/115/239 1383/115/239 1385/115/239 1327/115/239
f 951/111/30 1106/111/30 1105/116/30 1063/116/30
f 1064/118/27 1108/118/27 1107/115/27 1058/115/27
f 1063/116/241 1105/116/241 1386/116/241 1388/116/241 1328/116/241
f 1023/110/241 1111/110/241 1353/110/241 1355/112/241 1271/110/241
f 1021/113/30 1110/113/30 1109/114/30 1034/114/30
f 1036/109/27 1112/109/27 1111/110/27 1023/110/27
f 1034/114/239 1109/114/239 1356/109/239 1358/109/239 1272/109/239
f 1018/119/239 1115/119/239 1359/119/239 1361/119/239 1277/119/239
f 953/111/30 1114/111/30 1113/116/30 1055/116/30
f 1056/116/27 1116/116/27 1115/119/27 1018/119/27
f 1055/116/241 1113/116/241 1362/116/241 1364/116/241 1278/116/241
f 1035/120/239 1119/120/239 1365/121/239 1367/122/239 1276/120/239
f 1033/120/30 1118/120/30 1117/123/30 1022/123/30
f 1024/123/27 1120/123/27 1119/120/27 1035/120/27
f 1022/123/241 1117/123/241 1368/123/241 1370/124/241 1275/123/241
f 1039/125/241 1123/125/241 1371/125/241 1373/125/241 1274/125/241
f 1037/125/30 1122/125/30 1121/126/30 954/126/30
f 1019/128/27 1124/128/27 1123/125/27 1039/125/27
f 954/126/239 1121/126/239 1374/127/239 1376/127/239 1273/127/239
f 1057/122/239 1127/122/239 1389/120/239 1391/122/239 1326/120/239
f 1031/121/30 1126/121/30 1125/123/30 960/123/30
f 1053/124/27 1128/124/27 1127/122/27 1057/122/27
f 960/123/241 1125/123/241 1392/124/241 1394/129/241 1325/124/241
f 1043/130/241 1131/130/241 1395/125/241 1397/125/241 1322/125/241
f 1032/131/30 1130/131/30 1129/132/30 952/132/30
f 1041/134/27 1132/134/27 1131/130/27 1043/130/27
f 952/132/239 1129/132/239 1398/133/239 1400/133/239 1321/133/239
f 1133/113/243 1134/114/243 1135/91/243 1136/90/243
f 1034/114/30 1134/114/30 1133/113/30 1021/113/30
f 1069/91/275 1135/91/275 1134/114/275 1034/114/275
f 1070/90/27 1136/90/27 1135/91/27 1069/91/27
f 1021/113/276 1133/113/276 1136/90/276 1070/90/276
f 1137/109/243 1138/110/243 1139/90/243 1140/91/243
f 1023/110/27 1138/110/27 1137/109/27 1036/109/27
f 1072/90/277 1139/90/277 1138/110/277 1023/110/277
f 1071/91/30 1140/91/30 1139/90/30 1072/90/30
f 1036/109/278 1137/109/278 1140/91/278 1071/91/278
f 1287/110/243 1142/113/243 1143/90/243 1288/90/243
f 1271/110/241 1287/110/279 1141/110/279 1023/110/241
f 1070/90/278 1143/90/278 1142/113/278 1021/113/278
f 1263/90/239 1288/90/239 1143/90/280 1070/90/280
f 1023/110/275 1141/110/275 1144/90/275 1072/90/275
f 1289/109/243 1146/109/243 1147/91/243 1290/91/243
f 1272/109/239 1289/109/239 1145/114/239 1034/114/239
f 1071/91/276 1147/91/276 1146/109/276 1036/109/276
f 1264/91/241 1290/91/241 1147/91/241 1071/91/241
f 1034/114/277 1145/114/277 1148/91/277 1069/91/277
f 1291/127/243 1150/128/243 1151/92/243 1292/92/243
f 1273/127/239 1291/127/239 1149/126/239 954/126/239
f 1074/92/276 1151/92/276 1150/128/276 1019/128/276
f 1265/92/241 1292/92/241 1151/92/241 1074/92/241
f 954/126/277 1149/126/277 1152/92/277 1073/92/277
f 1153/125/243 1154/126/243 1155/92/243 1156/93/243
f 954/126/30 1154/126/30 1153/125/30 1037/125/30
f 1073/92/275 1155/92/275 1154/126/275 954/126/275
f 1075/93/27 1156/93/27 1155/92/27 1073/92/27
f 1037/125/276 1153/125/276 1156/93/276 1075/93/276
f 1157/128/243 1158/125/243 1159/93/243 1160/92/243
f 1039/125/27 1158/125/27 1157/128/27 1019/128/27
f 1076/93/277 1159/93/277 1158/125/277 1039/125/277
f 1074/92/30 1160/92/30 1159/93/30 1076/93/30
f 1019/128/278 1157/128/278 1160/92/278 1074/92/278
f 1293/125/243 1162/125/243 1163/93/243 1294/93/243
f 1274/125/241 1293/125/241 1161/125/241 1039/125/241
f 1075/93/278 1163/93/278 1162/125/278 1037/125/278
f 1266/93/239 1294/93/239 1163/93/239 1075/93/239
f 1039/125/275 1161/125/275 1164/93/275 1076/93/275
f 1337/133/243 1166/134/243 1167/95/243 1338/94/243
f 1321/133/239 1337/133/239 1165/132/239 952/132/239
f 1077/95/276 1167/95/276 1166/134/276 1041/134/276
f 1313/94/241 1338/94/241 1167/95/241 1077/95/241
f 952/132/277 1165/132/277 1168/96/277 1078/96/277
f 1169/131/243 1170/132/243 1171/96/243 1172/93/243
f 952/132/30 1170/132/30 1169/131/30 1032/131/30
f 1078/96/275 1171/96/275 1170/132/275 952/132/275
f 1079/93/27 1172/93/27 1171/96/27 1078/96/27
f 1032/131/276 1169/131/276 1172/93/276 1079/93/276
f 1173/134/243 1174/130/243 1175/97/243 1176/95/243
f 1043/130/27 1174/130/27 1173/134/27 1041/134/27
f 1080/97/277 1175/97/277 1174/130/277 1043/130/277
f 1077/95/30 1176/95/30 1175/97/30 1080/97/30
f 1041/134/278 1173/134/278 1176/95/278 1077/95/278
f 1339/125/243 1178/131/243 1179/93/243 1340/93/243
f 1322/125/241 1339/125/241 1177/130/241 1043/130/241
f 1079/93/278 1179/93/278 1178/131/278 1032/131/278
f 1314/93/239 1340/93/239 1179/93/239 1079/93/239
f 1043/130/275 1177/130/275 1180/97/275 1080/97/275
f 1181/113/243 1182/114/243 1183/91/243 1184/90/243
f 1047/114/30 1182/114/30 1181/113/30 959/113/30
f 1081/91/275 1183/91/275 1182/114/275 1047/114/275
f 1082/90/27 1184/90/27 1183/91/27 1081/91/27
f 959/113/276 1181/113/276 1184/90/276 1082/90/276
f 1341/110/243 1186/113/243 1187/90/243 1342/90/243
f 1323/110/241 1341/110/279 1185/110/279 1038/110/241
f 1082/90/278 1187/90/278 1186/113/278 959/113/278
f 1315/100/239 1342/90/239 1187/90/239 1082/90/239
f 1038/110/275 1185/110/275 1188/100/275 1084/100/275
f 1343/109/243 1190/109/243 1191/99/243 1344/91/243
f 1324/109/239 1343/109/239 1189/114/239 1047/114/239
f 1083/99/276 1191/99/276 1190/109/276 1048/109/276
f 1316/91/241 1344/91/241 1191/99/241 1083/99/241
f 1047/114/277 1189/114/277 1192/91/277 1081/91/277
f 1295/123/244 1194/123/244 1195/101/244 1296/101/244
f 1275/123/241 1295/123/241 1193/123/241 1022/123/241
f 1086/101/275 1195/101/275 1194/123/275 1024/123/275
f 1267/101/239 1296/101/239 1195/101/239 1086/101/239
f 1022/123/278 1193/123/278 1196/101/278 1085/101/278
f 1197/120/244 1198/123/244 1199/101/244 1200/102/244
f 1022/123/30 1198/123/30 1197/120/30 1033/120/30
f 1085/101/276 1199/101/276 1198/123/276 1022/123/276
f 1087/102/27 1200/102/27 1199/101/27 1085/101/27
f 1033/120/275 1197/120/275 1200/102/275 1087/102/275
f 1201/123/281 1202/120/281 1203/102/281 1204/101/281
f 1035/120/27 1202/120/27 1201/123/27 1024/123/27
f 1088/102/278 1203/102/278 1202/120/278 1035/120/278
f 1086/101/30 1204/101/30 1203/102/30 1088/102/30
f 1024/123/277 1201/123/277 1204/101/277 1086/101/277
f 1297/120/244 1206/120/244 1207/102/244 1298/102/244
f 1276/120/239 1297/120/239 1205/120/239 1035/120/239
f 1087/102/277 1207/102/277 1206/120/277 1033/120/277
f 1268/102/241 1298/102/241 1207/102/241 1087/102/241
f 1035/120/282 1205/120/282 1208/102/282 1088/102/282
f 1209/116/281 1210/119/281 1211/103/281 1212/104/281
f 1018/119/27 1210/119/27 1209/116/27 1056/116/27
f 1092/103/278 1211/103/278 1210/119/278 1018/119/278
f 1091/104/30 1212/104/30 1211/103/30 1092/103/30
f 1056/116/277 1209/116/277 1212/104/277 1091/104/277
f 1299/119/244 1214/111/244 1215/103/244 1300/103/244
f 1277/119/239 1299/119/239 1213/119/239 1018/119/239
f 1090/103/277 1215/103/277 1214/111/277 953/111/277
f 1269/103/241 1300/103/241 1215/103/241 1090/103/241
f 1018/119/276 1213/119/276 1216/103/276 1092/103/276
f 1301/116/244 1218/116/244 1219/104/244 1302/104/244
f 1278/116/241 1301/116/241 1217/116/241 1055/116/241
f 1091/104/275 1219/104/275 1218/116/275 1056/116/275
f 1270/104/239 1302/104/239 1219/104/239 1091/104/239
f 1055/116/278 1217/116/278 1220/104/278 1089/104/278
f 1345/124/244 1222/124/244 1223/105/244 1346/101/244
f 1325/124/241 1345/124/241 1221/123/241 960/123/241
f 1093/105/275 1223/105/275 1222/124/275 1053/124/275
f 1317/101/239 1346/101/239 1223/105/239 1093/105/239
f 960/123/278 1221/123/278 1224/101/278 1094/101/278
f 1225/121/244 1226/123/244 1227/101/244 1228/102/244
f 960/123/30 1226/123/30 1225/121/30 1031/121/30
f 1094/101/276 1227/101/276 1226/123/276 960/123/276
f 1095/102/27 1228/102/27 1227/101/27 1094/101/27
f 1031/121/275 1225/121/275 1228/102/275 1095/102/275
f 1229/124/244 1230/122/244 1231/102/244 1232/105/244
f 1057/122/27 1230/122/27 1229/124/27 1053/124/27
f 1096/102/278 1231/102/278 1230/122/278 1057/122/278
f 1093/105/30 1232/105/30 1231/102/30 1096/102/30
f 1053/124/277 1229/124/277 1232/105/277 1093/105/277
f 1347/120/244 1234/121/244 1235/102/244 1348/102/244
f 1326/120/239 1347/120/239 1233/122/239 1057/122/239
f 1095/102/277 1235/102/277 1234/121/277 1031/121/277
f 1318/102/241 1348/102/241 1235/102/241 1095/102/241
f 1057/122/276 1233/122/276 1236/102/276 1096/102/276
f 1237/111/283 1238/116/283 1239/104/283 1240/103/283
f 1063/116/30 1238/116/30 1237/111/30 951/111/30
f 1097/104/276 1239/104/276 1238/116/276 1063/116/276
f 1098/103/27 1240/103/27 1239/104/27 1097/104/27
f 951/111/275 1237/111/275 1240/103/275 1098/103/275
f 1241/118/244 1242/115/244 1243/108/244 1244/107/244
f 1058/115/27 1242/115/27 1241/118/27 1064/118/27
f 1100/108/278 1243/108/278 1242/115/278 1058/115/278
f 1099/107/30 1244/107/30 1243/108/30 1100/108/30
f 1064/118/277 1241/118/277 1244/107/277 1099/107/277
f 1349/115/244 1246/111/244 1247/103/244 1350/108/244
f 1327/115/239 1349/115/239 1245/115/239 1058/115/239
f 1098/103/277 1247/103/277 1246/111/277 951/111/277
f 1319/108/241 1350/108/241 1247/103/241 1098/103/241
f 1058/115/276 1245/115/276 1248/108/276 1100/108/276
f 1351/116/244 1250/118/244 1251/107/244 1352/104/244
f 1328/116/241 1351/116/241 1249/116/241 1063/116/241
f 1099/107/275 1251/107/275 1250/118/275 1064/118/275
f 1320/104/239 1352/104/239 1251/107/239 1099/107/239
f 1063/116/278 1249/116/278 1252/104/278 1097/104/278
f 1089/104/239 1220/104/239 1302/104/239 1270/104/239
f 1056/116/241 1218/116/241 1301/116/241 1278/116/241
f 1217/116/244 1301/116/244 1302/104/244 1220/104/244
f 1092/103/241 1216/103/241 1300/103/241 1269/103/241
f 953/111/239 1214/111/239 1299/119/239 1277/119/239
f 1213/119/244 1299/119/244 1300/103/244 1216/103/244
f 1088/102/241 1208/102/241 1298/102/241 1268/102/241
f 1033/120/239 1206/120/239 1297/120/239 1276/120/239
f 1205/120/244 1297/120/244 1298/102/244 1208/102/244
f 1085/101/239 1196/101/239 1296/101/239 1267/101/239
f 1024/123/241 1194/123/241 1295/123/241 1275/123/241
f 1193/123/244 1295/123/244 1296/101/244 1196/101/244
f 1076/93/239 1164/93/239 1294/93/239 1266/93/239
f 1037/125/241 1162/125/241 1293/125/241 1274/125/241
f 1161/125/243 1293/125/243 1294/93/243 1164/93/243
f 1073/92/241 1152/92/241 1292/92/241 1265/92/241
f 1019/128/239 1150/128/239 1291/127/239 1273/127/239
f 1149/126/243 1291/127/243 1292/92/243 1152/92/243
f 1069/91/241 1148/91/241 1290/91/241 1264/91/241
f 1036/109/239 1146/109/239 1289/109/239 1272/109/239
f 1145/114/243 1289/109/243 1290/91/243 1148/91/243
f 1072/90/239 1144/90/239 1288/90/239 1263/90/239
f 1021/113/241 1142/113/279 1287/110/279 1271/110/241
f 1141/110/243 1287/110/243 1288/90/243 1144/90/243
f 1273/127/239 1376/127/239 1375/127/239 1124/128/239 1019/128/239
f 1274/125/241 1373/125/241 1372/125/241 1122/125/241 1037/125/241
f 1275/123/241 1370/123/241 1369/124/241 1120/123/241 1024/123/241
f 1276/120/239 1367/120/239 1366/120/239 1118/120/239 1033/120/239
f 1278/116/241 1364/116/241 1363/116/241 1116/116/241 1056/116/241
f 1277/119/239 1361/119/239 1360/119/239 1114/111/239 953/111/239
f 1272/109/239 1358/109/239 1357/109/239 1112/109/239 1036/109/239
f 1271/110/241 1355/110/241 1354/110/241 1110/113/241 1021/113/241
f 1260/88/243 1259/87/243 1501/87/243
f 1257/88/243 1017/135/243 1028/135/243 1495/87/243 1497/87/243
f 1097/104/239 1252/104/239 1352/104/239 1320/104/239
f 1064/118/241 1250/118/241 1351/116/241 1328/116/241
f 1249/116/244 1351/116/244 1352/104/244 1252/104/244
f 1100/108/241 1248/108/241 1350/108/241 1319/108/241
f 951/111/239 1246/111/239 1349/115/239 1327/115/239
f 1245/115/244 1349/115/244 1350/108/244 1248/108/244
f 1096/102/241 1236/102/241 1348/102/241 1318/102/241
f 1031/121/239 1234/121/239 1347/120/239 1326/120/239
f 1233/122/244 1347/120/244 1348/102/244 1236/102/244
f 1094/101/239 1224/101/239 1346/101/239 1317/101/239
f 1053/124/241 1222/124/241 1345/124/241 1325/124/241
f 1221/123/244 1345/124/244 1346/101/244 1224/101/244
f 1081/91/241 1192/91/241 1344/91/241 1316/91/241
f 1048/109/239 1190/109/239 1343/109/239 1324/109/239
f 1189/114/243 1343/109/243 1344/91/243 1192/91/243
f 1084/100/239 1188/100/239 1342/90/239 1315/100/239
f 959/113/241 1186/113/279 1341/110/279 1323/110/241
f 1185/110/243 1341/110/243 1342/90/243 1188/100/243
f 1080/97/239 1180/97/239 1340/93/239 1314/93/239
f 1032/131/241 1178/131/241 1339/125/241 1322/125/241
f 1177/130/243 1339/125/243 1340/93/243 1180/97/243
f 1078/96/241 1168/96/241 1338/94/241 1313/94/241
f 1041/134/239 1166/134/239 1337/133/239 1321/133/239
f 1165/132/243 1337/133/243 1338/94/243 1168/96/243
f 1336/110/241 1335/136/241 1334/110/241
f 1321/133/239 1400/137/239 1399/133/239 1132/134/239 1041/134/239
f 1322/125/241 1397/125/241 1396/138/241 1130/131/241 1032/131/241
f 1325/124/241 1394/124/241 1393/124/241 1128/124/241 1053/124/241
f 1326/120/239 1391/120/239 1390/121/239 1126/121/239 1031/121/239
f 1328/116/241 1388/116/241 1387/116/241 1108/118/241 1064/118/241
f 1327/115/239 1385/115/239 1384/115/239 1106/111/239 951/111/239
f 1324/109/239 1382/109/239 1381/109/239 1104/109/239 1048/109/239
f 1323/110/241 1379/110/241 1378/113/241 1102/113/241 959/113/241
f 963/42/243 1307/41/243 1308/41/243 973/42/243
f 967/48/244 1309/47/244 1310/48/244 979/48/244
f 1354/136/244 1335/136/244 1336/110/244 1353/110/244
f 1355/110/284 1334/110/284 1335/136/284 1354/136/284
f 1353/110/285 1336/110/285 1334/110/285 1355/110/285
f 1333/109/239 1332/140/239 1331/109/239
f 1357/140/244 1332/140/244 1333/109/244 1356/109/244
f 1358/109/286 1331/109/286 1332/140/286 1357/140/286
f 1356/109/284 1333/109/284 1331/109/284 1358/109/284
f 1330/119/239 1329/115/239 1286/119/239
f 1360/115/243 1329/115/243 1330/119/243 1359/119/243
f 1361/119/287 1286/119/287 1329/115/287 1360/115/287
f 1359/119/288 1330/119/288 1286/119/288 1361/119/288
f 1285/116/241 1284/118/241 1283/116/241
f 1363/118/243 1284/118/243 1285/116/243 1362/116/243
f 1364/116/288 1283/116/288 1284/118/288 1363/118/288
f 1362/116/287 1285/116/287 1283/116/287 1364/116/287
f 1282/120/239 1281/122/239 1280/120/239
f 1366/122/243 1281/122/243 1282/120/243 1365/120/243
f 1367/120/287 1280/120/287 1281/122/287 1366/122/287
f 1365/120/288 1282/120/288 1280/120/288 1367/120/288
f 1279/123/241 1401/124/241 1402/123/241
f 1369/124/243 1401/124/243 1279/123/243 1368/123/243
f 1370/123/288 1402/123/288 1401/124/288 1369/124/288
f 1368/123/287 1279/123/287 1402/123/287 1370/123/287
f 1403/125/241 1404/141/241 1405/125/241
f 1372/141/244 1404/141/244 1403/125/244 1371/125/244
f 1373/125/289 1405/125/289 1404/141/289 1372/141/289
f 1371/125/286 1403/125/286 1405/125/286 1373/125/286
f 1406/127/239 1407/142/239 1408/127/239
f 1375/142/244 1407/142/244 1406/127/244 1374/127/244
f 1376/127/285 1408/127/285 1407/142/285 1375/142/285
f 1374/127/284 1406/127/284 1408/127/284 1376/127/284
f 1409/110/241 1410/136/241 1411/110/241
f 1378/136/244 1410/136/244 1409/110/244 1377/110/244
f 1379/110/284 1411/110/284 1410/136/284 1378/136/284
f 1377/110/285 1409/110/285 1411/110/285 1379/110/285
f 1412/114/239 1413/109/239 1414/109/239
f 1381/109/244 1413/109/244 1412/114/244 1380/114/244
f 1382/109/286 1414/109/286 1413/109/286 1381/109/286
f 1380/114/284 1412/114/284 1414/109/284 1382/109/284
f 1415/117/239 1416/115/239 1417/115/239
f 1384/115/243 1416/115/243 1415/117/243 1383/117/243
f 1385/115/287 1417/115/287 1416/115/287 1384/115/287
f 1383/117/288 1415/117/288 1417/115/288 1385/115/288
f 1418/139/241 1419/118/241 1420/116/241
f 1387/118/243 1419/118/243 1418/139/243 1386/139/243
f 1388/116/288 1420/116/288 1419/118/288 1387/118/288
f 1386/139/287 1418/139/287 1420/116/287 1388/116/287
f 1421/120/239 1422/122/239 1423/120/239
f 1390/122/243 1422/122/243 1421/120/243 1389/120/243
f 1391/120/287 1423/120/287 1422/122/287 1390/122/287
f 1389/120/288 1421/120/288 1423/120/288 1391/120/288
f 1424/123/241 1425/129/241 1426/124/241
f 1393/129/243 1425/129/243 1424/123/243 1392/123/243
f 1394/124/288 1426/124/288 1425/129/288 1393/129/288
f 1392/123/287 1424/123/287 1426/124/287 1394/124/287
f 1427/125/241 1428/143/241 1429/125/241
f 1396/143/244 1428/143/244 1427/125/244 1395/125/244
f 1397/125/284 1429/125/284 1428/143/284 1396/143/284
f 1395/125/285 1427/125/285 1429/125/285 1397/125/285
f 1430/137/239 1431/133/239 1432/137/239
f 1399/133/244 1431/133/244 1430/137/244 1398/137/244
f 1400/137/285 1432/137/285 1431/133/285 1399/133/285
f 1398/137/284 1430/137/284 1432/137/284 1400/137/284
f 1433/125/243 1434/127/243 1435/127/243 1436/125/243
f 1375/127/30 1434/127/30 1433/125/30 1371/125/30
f 1374/127/241 1435/127/241 1434/127/241 1375/127/241
f 1372/125/27 1436/125/27 1435/127/27 1374/127/27
f 1371/125/239 1433/125/239 1436/125/239 1372/125/239
f 1437/120/244 1438/123/244 1439/123/244 1440/121/244
f 1369/123/30 1438/123/30 1437/120/30 1365/120/30
f 1368/123/239 1439/123/239 1438/123/239 1369/123/239
f 1366/121/27 1440/121/27 1439/123/27 1368/123/27
f 1365/120/241 1437/120/241 1440/121/241 1366/121/241
f 1441/119/244 1442/116/244 1443/116/244 1444/119/244
f 1363/116/30 1442/116/30 1441/119/30 1359/119/30
f 1362/116/239 1443/116/239 1442/116/239 1363/116/239
f 1360/119/27 1444/119/27 1443/116/27 1362/116/27
f 1359/119/241 1441/119/241 1444/119/241 1360/119/241
f 1445/110/243 1446/109/243 1447/109/243 1448/110/243
f 1357/109/30 1446/109/30 1445/110/30 1353/110/30
f 1356/109/241 1447/109/241 1446/109/241 1357/109/241
f 1354/110/27 1448/110/27 1447/109/27 1356/109/27
f 1353/110/239 1445/110/239 1448/110/239 1354/110/239
f 1449/125/243 1450/133/243 1451/137/243 1452/125/243
f 1399/133/30 1450/133/30 1449/125/30 1395/125/30
f 1398/137/241 1451/137/241 1450/133/241 1399/133/241
f 1396/125/27 1452/125/27 1451/137/27 1398/137/27
f 1395/125/239 1449/125/239 1452/125/239 1396/125/239
f 1453/120/244 1454/124/244 1455/123/244 1456/121/244
f 1393/124/30 1454/124/30 1453/120/30 1389/120/30
f 1392/123/239 1455/123/239 1454/124/239 1393/124/239
f 1390/121/27 1456/121/27 1455/123/27 1392/123/27
f 1389/120/241 1453/120/241 1456/121/241 1390/121/241
f 1457/117/244 1458/116/244 1459/139/244 1460/115/244
f 1387/116/30 1458/116/30 1457/117/30 1383/117/30
f 1386/139/239 1459/139/239 1458/116/239 1387/116/239
f 1384/115/27 1460/115/27 1459/139/27 1386/139/27
f 1383/117/241 1457/117/241 1460/115/241 1384/115/241
f 1461/110/243 1462/109/243 1463/114/243 1464/112/243
f 1381/109/30 1462/109/30 1461/110/30 1377/110/30
f 1380/114/241 1463/114/241 1462/109/241 1381/109/241
f 1378/112/27 1464/112/27 1463/114/27 1380/114/27
f 1377/110/280 1461/110/280 1464/112/280 1378/112/280
f 1471/135/239 1472/88/239 1473/83/239 1474/83/239
f 1257/88/243 1472/88/243 1471/135/243 1017/135/243
f 1470/83/27 1473/83/27 1472/88/27 1257/88/27
f 1468/83/244 1474/83/244 1473/83/244 1470/83/244
f 1017/135/290 1471/135/290 1474/83/290 1468/83/290
f 1475/40/239 1476/40/239 1477/85/239 1478/81/239
f 1258/40/244 1476/40/244 1475/40/244 955/40/244
f 1469/85/30 1477/85/30 1476/40/30 1258/40/30
f 1466/81/243 1478/81/243 1477/85/243 1469/85/243
f 955/40/291 1475/40/291 1478/81/291 1466/81/291
f 1479/40/239 1480/40/239 1481/86/239 1482/85/239
f 1020/40/244 1480/40/244 1479/40/244 1258/40/244
f 1467/86/292 1481/86/292 1480/40/292 1020/40/292
f 1469/85/243 1482/85/243 1481/86/243 1467/86/243
f 1258/40/27 1479/40/27 1482/85/27 1469/85/27
f 1483/88/239 1484/87/239 1485/84/239 1486/83/239
f 956/87/243 1484/87/243 1483/88/243 1257/88/243
f 1465/84/293 1485/84/293 1484/87/293 956/87/293
f 1470/83/244 1486/83/244 1485/84/244 1465/84/244
f 1257/88/30 1483/88/30 1486/83/30 1470/83/30
f 1530/25/239 1488/135/239 1489/83/239 1531/82/239
f 1521/25/27 1530/25/27 1487/40/27 1020/40/27
f 1468/83/291 1489/83/291 1488/135/291 1017/135/291
f 1528/82/30 1531/82/30 1489/83/30 1468/83/30
f 1020/40/294 1487/40/294 1490/86/294 1467/86/294
f 1532/25/239 1492/40/239 1493/81/239 1533/80/239
f 1520/25/30 1532/25/30 1491/87/30 956/87/30
f 1466/81/290 1493/81/290 1492/40/290 955/40/290
f 1529/80/27 1533/80/27 1493/81/27 1466/81/27
f 956/87/295 1491/87/295 1494/84/295 1465/84/295
f 1496/87/241 1259/87/241 1260/88/241 1495/88/241
f 1497/87/277 1501/87/277 1259/87/277 1496/87/277
f 1495/88/276 1260/88/276 1501/87/276 1497/87/276
f 1502/89/244 1503/40/244 1504/40/244
f 1499/40/241 1503/40/241 1502/89/241 1498/89/241
f 1500/40/276 1504/40/276 1503/40/276 1499/40/276
f 1498/89/277 1502/89/277 1504/40/277 1500/40/277
f 1536/25/239 1506/40/239 1507/89/239 1537/25/239
f 1534/25/30 1536/25/30 1505/88/30 1495/88/30
f 1498/89/243 1507/89/243 1506/40/243 1499/40/243
f 1535/25/27 1537/25/27 1507/89/27 1498/89/27
f 1495/88/244 1505/88/244 1508/87/244 1496/87/244
f 1511/109/243 1512/110/243 1510/100/243 1509/99/243
f 1083/99/278 1048/109/278 1511/109/278 1509/99/278
f 1084/100/30 1083/99/30 1509/99/30 1510/100/30
f 1038/110/277 1084/100/277 1510/100/277 1512/110/277
f 1496/87/27 1508/87/27 1537/25/27 1535/25/27
f 1499/40/30 1506/40/30 1536/25/30 1534/25/30
f 1505/88/239 1536/25/239 1537/25/239 1508/87/239
f 1465/84/27 1494/84/27 1533/80/27 1529/80/27
f 955/40/30 1492/40/30 1532/25/30 1520/25/30
f 1491/87/239 1532/25/239 1533/80/239 1494/84/239
f 1467/86/30 1490/86/30 1531/82/30 1528/82/30
f 1017/135/27 1488/135/27 1530/25/27 1521/25/27
f 1487/40/239 1530/25/239 1531/82/239 1490/86/239
f 1017/135/27 1521/25/27 1523/25/27 1028/135/27
f 955/40/30 1520/25/30 1522/25/30 1025/40/30
f 1541/111/244 1540/116/244 1538/104/244 1539/103/244
f 1089/104/27 1090/103/27 1539/103/27 1538/104/27
f 953/111/30 1055/116/30 1540/116/30 1541/111/30
f 1055/116/276 1089/104/276 1538/104/276 1540/116/276
f 1807/144/244 1806/145/244 1783/145/244 1782/144/244
f 1633/155/239 1636/155/239 1631/156/239 1632/156/239
f 1614/168/239 1627/168/239 1659/169/239 1630/170/239 1613/170/239 1635/171/239 1634/172/239
f 1642/165/359 1647/165/360 1624/173/360 1620/173/359
f 1643/167/243 1648/167/243 1626/174/243 1622/174/243
f 1649/175/361 1647/165/361 1623/166/362 1627/168/363
f 1650/177/365 1648/167/366 1625/167/367 1629/178/368
f 1659/169/369 1657/179/370 1626/174/370 1630/170/39
f 1628/180/371 1658/181/371 1656/182/371 1624/173/371
f 1654/167/372 1656/182/366 1625/167/367 1621/167/39
f 1646/183/373 1650/177/365 1629/178/368 1605/178/374
f 1644/175/243 1649/175/243 1627/168/243 1614/168/243
f 1651/155/374 1633/155/374 1608/180/375 1644/175/375
f 1634/172/379 1635/171/379 1638/171/379 1637/172/379
f 1651/155/374 1645/155/380 1636/155/380 1633/155/374
f 1646/183/373 1605/178/374 1632/185/381 1652/186/381
f 1645/155/380 1653/186/382 1631/185/383 1636/155/380
f 1652/186/384 1653/186/384 1638/171/384 1635/171/384
f 1632/185/381 1631/185/383 1653/186/382 1652/186/381
f 1637/172/385 1638/171/385 1653/186/385 1645/155/385
f 1634/172/244 1637/172/244 1645/155/244 1651/155/244
f 1632/156/241 1605/178/241 1629/178/241 1658/181/241 1628/180/241 1608/180/241 1633/155/241
f 1608/180/375 1628/180/370 1649/175/370 1644/175/375
f 1613/170/283 1630/170/283 1650/177/283 1646/183/283
f 1630/170/386 1626/174/386 1648/167/386 1650/177/386
f 1628/180/370 1624/173/360 1647/165/360 1649/175/370
f 1621/167/39 1625/167/367 1648/167/366 1643/167/357
f 1619/166/244 1623/166/244 1647/165/244 1642/165/244
f 1627/168/363 1623/166/362 1657/179/371 1659/169/371
f 1620/173/239 1624/173/239 1656/182/239 1654/167/239
f 1619/166/241 1655/174/241 1657/179/241 1623/166/241
f 1629/178/368 1625/167/367 1656/182/366 1658/181/39
f 1622/174/30 1626/174/370 1657/179/370 1655/174/41
f 1687/155/239 1686/156/239 1685/156/239 1690/155/239
f 1670/168/239 1688/172/239 1689/171/239 1669/170/239 1684/170/239 1713/169/239 1681/168/239
f 1696/165/372 1674/173/372 1678/173/401 1701/165/401
f 1697/167/244 1676/174/244 1680/174/244 1702/167/244
f 1703/175/402 1681/168/403 1677/166/404 1701/165/402
f 1704/177/406 1683/178/41 1679/167/39 1702/167/407
f 1713/169/41 1684/170/408 1680/174/409 1711/179/409
f 1678/173/410 1710/182/410 1712/181/410 1682/180/410
f 1708/167/359 1675/167/399 1679/167/39 1710/182/407
f 1700/183/375 1664/178/375 1683/178/41 1704/177/406
f 1698/175/244 1670/168/244 1681/168/244 1703/175/244
f 1705/155/375 1698/175/374 1666/180/374 1687/155/375
f 1692/171/241 1689/171/241 1688/172/241 1691/172/241
f 1705/155/375 1687/155/375 1690/155/412 1699/155/412
f 1700/183/375 1706/186/374 1686/185/374 1664/178/375
f 1699/155/412 1690/155/412 1685/185/413 1707/186/413
f 1706/186/244 1689/171/244 1692/171/244 1707/186/244
f 1686/185/374 1706/186/374 1707/186/413 1685/185/413
f 1691/172/414 1699/155/414 1707/186/414 1692/171/414
f 1688/172/243 1705/155/243 1699/155/243 1691/172/243
f 1682/180/241 1712/181/241 1683/178/241 1664/178/241 1686/156/241 1687/155/241 1666/180/241
f 1666/180/374 1698/175/374 1703/175/409 1682/180/409
f 1669/170/243 1700/183/243 1704/177/243 1684/170/243
f 1684/170/402 1704/177/402 1702/167/402 1680/174/402
f 1682/180/409 1703/175/409 1701/165/401 1678/173/401
f 1675/167/399 1697/167/359 1702/167/407 1679/167/39
f 1673/166/243 1696/165/243 1701/165/243 1677/166/243
f 1677/166/404 1681/168/403 1713/169/410 1711/179/410
f 1678/173/239 1674/173/239 1708/167/239 1710/182/239
f 1677/166/241 1711/179/241 1709/174/241 1673/166/241
f 1683/178/41 1712/181/415 1710/182/407 1679/167/39
f 1676/174/41 1709/174/30 1711/179/409 1680/174/409
f 1810/187/440 1809/188/440 1780/188/440 1779/187/440
f 1542/189/239 1758/189/239 1543/65/239 1754/64/239
f 1544/190/239 1545/190/239 1756/57/239 1755/56/239
f 1771/191/239 1542/189/239 1754/64/239 1769/25/239
f 1772/192/239 1544/190/239 1755/56/239 1770/44/239
f 1767/25/239 1548/193/239 1760/53/239 1763/25/239
f 1548/193/239 1762/193/239 1546/55/239 1760/53/239
f 1766/194/239 1757/195/239 1543/63/239 1768/194/239
f 1757/195/239 1547/196/239 1759/62/239 1543/63/239
f 1762/193/239 1766/194/239 1768/194/239 1546/55/239
f 1547/196/239 1767/25/239 1763/25/239 1759/62/239
f 1803/197/244 1802/198/244 1787/198/244 1786/197/244
f 1759/62/27 1763/25/27 1765/25/27 988/62/27
f 986/47/239 1764/25/239 1765/25/239 985/53/239
f 972/47/441 1761/25/30 1764/25/30 986/47/442
f 1758/189/239 1772/192/239 1770/44/239 1543/65/239
f 1545/190/239 1771/191/239 1769/25/239 1756/57/239
f 1806/145/440 1805/199/440 1784/199/440 1783/145/440
f 1548/193/27 1767/25/27 1797/25/27 1798/193/27
f 1767/25/27 1547/196/27 1800/196/27 1797/25/27
f 1771/191/30 1545/190/30 1794/190/30 1795/191/30
f 1547/196/244 1757/195/244 1790/195/244 1800/196/244
f 1758/189/244 1542/189/244 1791/189/244 1792/189/244
f 1766/194/440 1762/193/440 1799/193/440 1789/194/440
f 1772/192/27 1758/189/27 1792/189/27 1796/192/27
f 1544/190/27 1772/192/27 1796/192/27 1793/190/27
f 1542/189/30 1771/191/30 1795/191/30 1791/189/30
f 1762/193/243 1548/193/243 1798/193/243 1799/193/243
f 1757/195/440 1766/194/440 1789/194/440 1790/195/440
f 1545/190/243 1544/190/243 1793/190/243 1794/190/243
f 1802/198/30 1801/205/30 1788/205/30 1787/198/30
f 1816/201/27 1815/202/27 1774/202/27 1773/201/27
f 1812/188/27 1811/203/27 1778/203/27 1777/188/27
f 1813/201/243 1816/201/243 1773/201/243 1776/201/243
f 1795/191/239 1794/190/239 1801/205/239 1802/198/239
f 1794/190/239 1793/190/239 1804/205/239 1801/205/239
f 1793/190/239 1796/192/239 1803/197/239 1804/205/239
f 1796/192/239 1795/191/239 1802/198/239 1803/197/239
f 1789/194/239 1799/193/239 1805/199/239 1806/145/239
f 1799/193/239 1798/193/239 1808/204/239 1805/199/239
f 1798/193/239 1797/25/239 1807/144/239 1808/204/239
f 1797/25/239 1789/194/239 1806/145/239 1807/144/239
f 1790/195/239 1789/194/239 1809/188/239 1810/187/239
f 1789/194/239 1797/25/239 1812/188/239 1809/188/239
f 1797/25/239 1800/196/239 1811/203/239 1812/188/239
f 1800/196/239 1790/195/239 1810/187/239 1811/203/239
f 1791/189/239 1795/191/239 1813/201/239 1814/200/239
f 1795/191/239 1796/192/239 1816/201/239 1813/201/239
f 1796/192/239 1792/189/239 1815/202/239 1816/201/239
f 1792/189/239 1791/189/239 1814/200/239 1815/202/239
f 1814/200/30 1813/201/30 1776/201/30 1775/200/30
f 1801/205/243 1804/205/243 1785/205/243 1788/205/243
f 1811/203/244 1810/187/244 1779/187/244 1778/203/244
f 1805/199/243 1808/204/243 1781/204/243 1784/199/243
f 1815/202/244 1814/200/244 1775/200/244 1774/202/244
f 1804/205/27 1803/197/27 1786/197/27 1785/205/27
f 1809/188/243 1812/188/243 1777/188/243 1780/188/243
f 1808/204/27 1807/144/27 1782/144/27 1781/204/27
usemtl House_Window.002
f 473/109/28 469/110/28 195/110/28 196/109/28
f 479/116/29 475/117/29 199/115/29 200/118/29
f 449/109/28 445/110/28 203/110/28 204/109/28
f 455/116/29 451/119/29 207/119/29 208/116/29
f 461/123/29 457/120/29 211/120/29 212/123/29
f 467/127/28 463/125/28 215/125/28 216/128/28
f 485/124/29 481/120/29 219/122/29 220/124/29
f 491/133/28 487/125/28 223/130/28 224/134/28
f 193/114/28 194/113/28 470/112/28 472/114/28
f 213/126/28 214/125/28 464/125/28 466/127/28
f 209/123/29 210/120/29 458/121/29 460/123/29
f 205/116/29 206/111/29 452/119/29 454/116/29
f 614/25/23 118/87/23 588/87/23 627/25/23
f 221/132/28 222/131/28 488/125/28 490/137/28
f 217/123/29 218/121/29 482/121/29 484/123/29
f 197/116/29 198/111/29 476/115/29 478/139/29
f 201/114/28 202/113/28 446/110/28 448/109/28
f 626/25/23 587/88/23 120/135/23 615/25/23
f 591/40/23 626/25/23 615/25/23 119/40/23
f 117/40/23 614/25/23 627/25/23 590/89/23
f 705/170/160 738/183/160 744/186/160 727/171/160
f 726/172/160 743/155/160 736/175/160 706/168/160
f 761/170/186 781/171/186 798/186/186 792/183/186
f 780/172/186 762/168/186 790/175/186 797/155/186
f 867/200/23 868/201/23 865/201/23 866/202/23
f 871/187/23 872/188/23 869/188/23 870/203/23
f 875/145/23 876/199/23 873/204/23 874/144/23
f 879/198/23 880/205/23 877/205/23 878/197/23
f 1381/109/243 1377/110/243 1103/110/243 1104/109/243
f 1387/116/244 1383/117/244 1107/115/244 1108/118/244
f 1357/109/243 1353/110/243 1111/110/243 1112/109/243
f 1363/116/244 1359/119/244 1115/119/244 1116/116/244
f 1369/123/244 1365/120/244 1119/120/244 1120/123/244
f 1375/127/243 1371/125/243 1123/125/243 1124/128/243
f 1393/124/244 1389/120/244 1127/122/244 1128/124/244
f 1399/133/243 1395/125/243 1131/130/243 1132/134/243
f 1101/114/243 1102/113/243 1378/112/243 1380/114/243
f 1121/126/243 1122/125/243 1372/125/243 1374/127/243
f 1117/123/244 1118/120/244 1366/121/244 1368/123/244
f 1113/116/244 1114/111/244 1360/119/244 1362/116/244
f 1522/25/239 1026/87/239 1496/87/239 1535/25/239
f 1129/132/243 1130/131/243 1396/125/243 1398/137/243
f 1125/123/244 1126/121/244 1390/121/244 1392/123/244
f 1105/116/244 1106/111/244 1384/115/244 1386/139/244
f 1109/114/243 1110/113/243 1354/110/243 1356/109/243
f 1534/25/239 1495/88/239 1028/135/239 1523/25/239
f 1499/40/239 1534/25/239 1523/25/239 1027/40/239
f 1025/40/239 1522/25/239 1535/25/239 1498/89/239
f 1613/170/385 1646/183/385 1652/186/385 1635/171/385
f 1634/172/385 1651/155/385 1644/175/385 1614/168/385
f 1669/170/414 1689/171/414 1706/186/414 1700/183/414
f 1688/172/414 1670/168/414 1698/175/414 1705/155/414
f 1775/200/239 1776/201/239 1773/201/239 1774/202/239
f 1779/187/239 1780/188/239 1777/188/239 1778/203/239
f 1783/145/239 1784/199/239 1781/204/239 1782/144/239
f 1787/198/239 1788/205/239 1785/205/239 1786/197/239
usemtl Dark_Gray.001
f 665/146/86 655/147/30 662/148/30 667/149/87
f 655/147/28 665/146/88 659/146/28 658/147/28
f 666/150/23 659/146/23 656/146/89 664/150/23
f 665/146/90 656/146/89 659/146/23
f 662/148/91 660/151/91 669/151/91 654/152/91
f 663/28/92 661/149/39 667/149/93
f 655/147/30 653/153/30 660/151/30 662/148/30
f 667/36/94 663/36/94 670/36/94 668/36/94 661/36/94
f 654/152/27 669/151/27 670/36/95 663/28/96
f 656/146/89 665/146/90 667/149/39 661/149/97
f 653/153/30 664/150/30 668/154/98 660/151/30
f 663/28/99 667/149/100 662/148/101 654/152/101
f 658/147/25 657/153/25 653/153/25 655/147/25
f 657/153/29 666/150/29 664/150/29 653/153/29
f 666/150/30 657/153/30 658/147/30 659/146/30
f 664/150/30 656/146/102 661/149/103 668/154/98
f 660/151/29 668/154/104 670/154/105 669/151/29
f 683/146/106 685/149/107 680/148/30 673/147/30
f 673/147/29 676/147/29 677/146/29 683/146/108
f 684/150/23 682/150/23 674/146/109 677/146/23
f 683/146/110 677/146/23 674/146/109
f 680/148/111 672/152/111 687/151/111 678/151/111
f 681/28/112 685/149/39 679/149/113
f 673/147/30 680/148/30 678/151/30 671/153/30
f 685/36/114 679/36/114 686/36/114 688/36/114 681/36/114
f 672/152/27 681/28/115 688/36/116 687/151/27
f 674/146/109 679/149/39 685/149/117 683/146/110
f 671/153/30 678/151/30 686/154/118 682/150/30
f 681/28/119 672/152/120 680/148/120 685/149/121
f 676/147/25 673/147/25 671/153/25 675/153/25
f 675/153/28 671/153/28 682/150/28 684/150/28
f 684/150/30 677/146/30 676/147/30 675/153/30
f 682/150/30 686/154/118 679/149/122 674/146/123
f 678/151/28 687/151/28 688/154/124 686/154/125
f 1573/146/304 1563/147/30 1570/148/30 1575/149/305
f 1563/147/243 1573/146/306 1567/146/243 1566/147/243
f 1574/150/239 1567/146/239 1564/146/307 1572/150/239
f 1573/146/308 1564/146/309 1567/146/39
f 1570/148/310 1568/151/310 1577/151/310 1562/152/310
f 1571/28/311 1569/149/39 1575/149/312
f 1563/147/30 1561/153/30 1568/151/30 1570/148/30
f 1575/36/313 1571/36/313 1578/36/313 1576/36/313 1569/36/313
f 1562/152/27 1577/151/27 1578/36/314 1571/28/315
f 1564/146/309 1573/146/308 1575/149/39 1569/149/316
f 1561/153/30 1572/150/30 1576/154/317 1568/151/30
f 1571/28/318 1575/149/319 1570/148/320 1562/152/320
f 1566/147/241 1565/153/241 1561/153/241 1563/147/241
f 1565/153/244 1574/150/244 1572/150/244 1561/153/244
f 1574/150/30 1565/153/30 1566/147/30 1567/146/30
f 1572/150/30 1564/146/321 1569/149/322 1576/154/317
f 1568/151/244 1576/154/323 1578/154/324 1577/151/244
f 1591/146/325 1593/149/326 1588/148/30 1581/147/30
f 1581/147/244 1584/147/244 1585/146/244 1591/146/327
f 1592/150/239 1590/150/239 1582/146/328 1585/146/239
f 1591/146/329 1585/146/39 1582/146/330
f 1588/148/331 1580/152/331 1595/151/331 1586/151/331
f 1589/28/332 1593/149/39 1587/149/333
f 1581/147/30 1588/148/30 1586/151/30 1579/153/30
f 1593/36/334 1587/36/334 1594/36/334 1596/36/334 1589/36/334
f 1580/152/27 1589/28/335 1596/36/336 1595/151/27
f 1582/146/330 1587/149/39 1593/149/337 1591/146/329
f 1579/153/30 1586/151/30 1594/154/338 1590/150/30
f 1589/28/339 1580/152/340 1588/148/340 1593/149/341
f 1584/147/241 1581/147/241 1579/153/241 1583/153/241
f 1583/153/243 1579/153/243 1590/150/243 1592/150/243
f 1592/150/30 1585/146/30 1584/147/30 1583/153/30
f 1590/150/30 1594/154/338 1587/149/342 1582/146/343
f 1586/151/243 1595/151/243 1596/154/344 1594/154/345
