# Blender 5.1.2
# www.blender.org
mtllib playground.mtl
o group98641283
v -1.099430 1.000208 0.078310
v -1.099682 1.000248 0.078308
v -1.099679 1.000250 0.077905
v -1.099427 1.000210 0.077907
v -1.099892 1.000196 0.078305
v -1.099890 1.000198 0.077902
v -1.100005 1.000067 0.078302
v -1.100002 1.000069 0.077899
v -1.099989 0.999896 0.078300
v -1.099986 0.999898 0.077897
v -1.099850 0.999728 0.078299
v -1.099847 0.999730 0.077896
v -1.099624 0.999608 0.078299
v -1.099621 0.999610 0.077896
v -1.099372 0.999569 0.078301
v -1.099369 0.999571 0.077898
v -1.099161 0.999620 0.078304
v -1.099159 0.999622 0.077901
v -1.099049 0.999749 0.078307
v -1.099046 0.999751 0.077904
v -1.099065 0.999921 0.078309
v -1.099062 0.999923 0.077906
v -1.099204 1.000089 0.078310
v -1.099201 1.000091 0.077907
v -1.175119 0.845405 0.017991
v -1.177639 0.845798 0.017971
v -1.177611 0.845816 0.013942
v -1.175092 0.845424 0.013962
v -1.179742 0.845280 0.017943
v -1.179715 0.845299 0.013914
v -1.180866 0.843992 0.017914
v -1.180839 0.844011 0.013885
v -1.180709 0.842278 0.017891
v -1.180682 0.842296 0.013862
v -1.179314 0.840597 0.017882
v -1.179287 0.840616 0.013852
v -1.177054 0.839401 0.017887
v -1.177027 0.839419 0.013858
v -1.174535 0.839008 0.017907
v -1.174508 0.839026 0.013878
v -1.172432 0.839525 0.017935
v -1.172404 0.839544 0.013906
v -1.171307 0.840814 0.017965
v -1.171280 0.840832 0.013936
v -1.171464 0.842528 0.017987
v -1.171437 0.842546 0.013958
v -1.172859 0.844209 0.017997
v -1.172832 0.844227 0.013968
v -1.123666 1.008339 0.039200
v -1.126187 1.008747 0.039200
v -1.126187 1.008747 0.035171
v -1.123666 1.008339 0.035171
v -1.128304 1.008246 0.039200
v -1.128304 1.008246 0.035171
v -1.129449 1.006969 0.039200
v -1.129449 1.006969 0.035171
v -1.129317 1.005259 0.039200
v -1.129317 1.005259 0.035171
v -1.127942 1.003573 0.039200
v -1.127942 1.003573 0.035171
v -1.125693 1.002364 0.039200
v -1.125693 1.002364 0.035171
v -1.123172 1.001956 0.039200
v -1.123172 1.001956 0.035171
v -1.121055 1.002457 0.039200
v -1.121055 1.002457 0.035171
v -1.119910 1.003734 0.039200
v -1.119910 1.003734 0.035171
v -1.120042 1.005444 0.039200
v -1.120042 1.005444 0.035171
v -1.121417 1.007130 0.039200
v -1.121417 1.007130 0.035171
v -0.913779 0.998387 0.204974
v -0.915795 0.998714 0.204974
v -0.914647 0.998986 -0.027003
v -0.912631 0.998659 -0.027003
v -0.917489 0.998313 0.204974
v -0.916340 0.998585 -0.027003
v -0.918405 0.997291 0.204974
v -0.917257 0.997563 -0.027003
v -0.918299 0.995923 0.204974
v -0.917151 0.996195 -0.027003
v -0.917199 0.994575 0.204974
v -0.916051 0.994847 -0.027003
v -0.915400 0.993607 0.204974
v -0.914252 0.993879 -0.027003
v -0.913383 0.993280 0.204974
v -0.912235 0.993552 -0.027003
v -0.911690 0.993681 0.204974
v -0.910542 0.993953 -0.027003
v -0.910773 0.994703 0.204974
v -0.909625 0.994975 -0.027003
v -0.910879 0.996071 0.204974
v -0.909731 0.996343 -0.027003
v -0.911979 0.997420 0.204974
v -0.910831 0.997692 -0.027003
v -0.911584 0.996057 0.206989
v -0.912475 0.997149 0.206989
v -0.911498 0.994949 0.206989
v -0.912241 0.994121 0.206989
v -0.913612 0.993797 0.206989
v -0.915246 0.994061 0.206989
v -0.916703 0.994845 0.206989
v -0.917594 0.995937 0.206989
v -0.917680 0.997045 0.206989
v -0.916938 0.997873 0.206989
v -0.915566 0.998198 0.206989
v -0.913933 0.997933 0.206989
v -0.912399 0.996041 0.207996
v -0.913048 0.996837 0.207996
v -0.912336 0.995233 0.207996
v -0.912877 0.994630 0.207996
v -0.913877 0.994393 0.207996
v -0.915068 0.994586 0.207996
v -0.916130 0.995157 0.207996
v -0.916780 0.995953 0.207996
v -0.916843 0.996761 0.207996
v -0.916301 0.997365 0.207996
v -0.915301 0.997601 0.207996
v -0.914111 0.997408 0.207996
v -1.057856 0.869125 0.039805
v -1.058810 0.869449 0.039535
v -1.025174 0.968626 0.039535
v -1.024220 0.968302 0.039805
v -1.059509 0.869686 0.038798
v -1.025872 0.968863 0.038798
v -1.059764 0.869772 0.037791
v -1.026128 0.968949 0.037791
v -1.059509 0.869686 0.036783
v -1.025872 0.968863 0.036783
v -1.058810 0.869449 0.036046
v -1.025174 0.968626 0.036046
v -1.057856 0.869125 0.035776
v -1.024220 0.968302 0.035776
v -1.056902 0.868802 0.036046
v -1.023266 0.967979 0.036046
v -1.056204 0.868565 0.036783
v -1.022567 0.967742 0.036783
v -1.055948 0.868478 0.037791
v -1.022312 0.967655 0.037791
v -1.056204 0.868565 0.038798
v -1.022567 0.967742 0.038798
v -1.056902 0.868802 0.039535
v -1.023266 0.967979 0.039535
v -1.123666 1.008339 -0.002102
v -1.126187 1.008747 -0.002102
v -1.126187 1.008747 -0.006131
v -1.123666 1.008339 -0.006131
v -1.128304 1.008246 -0.002102
v -1.128304 1.008246 -0.006131
v -1.129449 1.006969 -0.002102
v -1.129449 1.006969 -0.006131
v -1.129317 1.005259 -0.002102
v -1.129317 1.005259 -0.006131
v -1.127942 1.003573 -0.002102
v -1.127942 1.003573 -0.006131
v -1.125693 1.002364 -0.002102
v -1.125693 1.002364 -0.006131
v -1.123172 1.001956 -0.002102
v -1.123172 1.001956 -0.006131
v -1.121055 1.002457 -0.002102
v -1.121055 1.002457 -0.006131
v -1.119910 1.003734 -0.002102
v -1.119910 1.003734 -0.006131
v -1.120042 1.005444 -0.002102
v -1.120042 1.005444 -0.006131
v -1.121417 1.007130 -0.002102
v -1.121417 1.007130 -0.006131
v -0.990556 1.083240 0.203996
v -0.990355 1.083833 0.203729
v -0.901336 1.053641 0.203728
v -0.901537 1.053048 0.203996
v -0.990208 1.084267 0.202996
v -0.901188 1.054075 0.202996
v -0.990154 1.084426 0.201996
v -0.901135 1.054234 0.201996
v -0.990208 1.084267 0.200996
v -0.901188 1.054075 0.200996
v -0.990355 1.083833 0.200264
v -0.901336 1.053641 0.200264
v -0.990556 1.083240 0.199996
v -0.901537 1.053048 0.199996
v -0.990757 1.082647 0.200264
v -0.901738 1.052455 0.200264
v -0.990905 1.082212 0.200996
v -0.901885 1.052021 0.200996
v -0.990959 1.082054 0.201996
v -0.901939 1.051862 0.201996
v -0.990905 1.082212 0.202996
v -0.901885 1.052021 0.202996
v -0.990757 1.082647 0.203729
v -0.901738 1.052455 0.203728
v -0.957411 1.071998 0.199996
v -0.957384 1.071658 0.199996
v -0.957384 1.071658 0.134997
v -0.957411 1.071998 0.134997
v -0.957111 1.071324 0.199996
v -0.957111 1.071324 0.134997
v -0.956665 1.071084 0.199996
v -0.956665 1.071084 0.134997
v -0.956164 1.071003 0.199996
v -0.956164 1.071003 0.134997
v -0.955744 1.071102 0.199996
v -0.955744 1.071102 0.134997
v -0.955517 1.071356 0.199996
v -0.955517 1.071356 0.134997
v -0.955543 1.071695 0.199996
v -0.955543 1.071695 0.134997
v -0.955816 1.072030 0.199996
v -0.955816 1.072030 0.134997
v -0.956263 1.072270 0.199996
v -0.956263 1.072270 0.134997
v -0.956763 1.072351 0.199996
v -0.956763 1.072351 0.134997
v -0.957183 1.072252 0.199996
v -0.957183 1.072252 0.134997
v -0.911007 1.056260 0.200996
v -0.910981 1.055920 0.200996
v -0.910981 1.055920 0.135997
v -0.911007 1.056260 0.135997
v -0.910708 1.055586 0.200996
v -0.910708 1.055586 0.135997
v -0.910261 1.055346 0.200996
v -0.910261 1.055346 0.135997
v -0.909761 1.055265 0.200996
v -0.909761 1.055265 0.135997
v -0.909340 1.055364 0.200996
v -0.909340 1.055364 0.135997
v -0.909113 1.055618 0.200996
v -0.909113 1.055618 0.135997
v -0.909139 1.055957 0.200996
v -0.909139 1.055957 0.135997
v -0.909412 1.056292 0.200996
v -0.909412 1.056292 0.135997
v -0.909859 1.056532 0.200996
v -0.909859 1.056532 0.135997
v -0.910359 1.056613 0.200996
v -0.910359 1.056613 0.135997
v -0.910779 1.056514 0.200996
v -0.910779 1.056514 0.135997
v -0.905325 1.054333 0.200996
v -0.905299 1.053993 0.200996
v -0.905299 1.053993 0.134997
v -0.905325 1.054333 0.134997
v -0.905026 1.053659 0.200996
v -0.905026 1.053659 0.134997
v -0.904579 1.053419 0.200996
v -0.904579 1.053419 0.134997
v -0.904078 1.053337 0.200996
v -0.904078 1.053337 0.134997
v -0.903658 1.053437 0.200996
v -0.903658 1.053437 0.134997
v -0.903431 1.053690 0.200996
v -0.903431 1.053690 0.134997
v -0.903457 1.054030 0.200996
v -0.903457 1.054030 0.134997
v -0.903730 1.054365 0.200996
v -0.903730 1.054365 0.134997
v -0.904177 1.054605 0.200996
v -0.904177 1.054605 0.134997
v -0.904677 1.054686 0.200996
v -0.904677 1.054686 0.134997
v -0.905097 1.054586 0.200996
v -0.905097 1.054586 0.134997
v -0.916689 1.058187 0.200996
v -0.916663 1.057847 0.200996
v -0.916663 1.057847 0.134997
v -0.916689 1.058187 0.134997
v -0.916390 1.057513 0.200996
v -0.916390 1.057513 0.134997
v -0.915943 1.057273 0.200996
v -0.915943 1.057273 0.134997
v -0.915443 1.057192 0.200996
v -0.915443 1.057192 0.134997
v -0.915022 1.057291 0.200996
v -0.915022 1.057291 0.134997
v -0.914795 1.057545 0.200996
v -0.914795 1.057545 0.134997
v -0.914821 1.057884 0.200996
v -0.914821 1.057884 0.134997
v -0.915094 1.058219 0.200996
v -0.915094 1.058219 0.134997
v -0.915541 1.058459 0.200996
v -0.915541 1.058459 0.134997
v -0.916041 1.058540 0.200996
v -0.916041 1.058540 0.134997
v -0.916462 1.058441 0.200996
v -0.916462 1.058441 0.134997
v -0.923318 1.060435 0.200997
v -0.923292 1.060096 0.200997
v -0.923292 1.060096 0.135997
v -0.923318 1.060435 0.135997
v -0.923019 1.059761 0.200997
v -0.923019 1.059761 0.135997
v -0.922572 1.059521 0.200997
v -0.922572 1.059521 0.135997
v -0.922072 1.059440 0.200997
v -0.922072 1.059440 0.135997
v -0.921652 1.059539 0.200997
v -0.921652 1.059539 0.135997
v -0.921424 1.059793 0.200997
v -0.921424 1.059793 0.135997
v -0.921450 1.060133 0.200997
v -0.921450 1.060133 0.135997
v -0.921723 1.060467 0.200997
v -0.921723 1.060467 0.135997
v -0.922170 1.060707 0.200997
v -0.922170 1.060707 0.135997
v -0.922671 1.060788 0.200997
v -0.922671 1.060788 0.135997
v -0.923091 1.060689 0.200997
v -0.923091 1.060689 0.135997
v -0.929000 1.062363 0.200996
v -0.928974 1.062023 0.200996
v -0.928974 1.062023 0.134997
v -0.929000 1.062363 0.134997
v -0.928701 1.061688 0.200996
v -0.928701 1.061688 0.134997
v -0.928254 1.061448 0.200996
v -0.928254 1.061448 0.134997
v -0.927754 1.061367 0.200996
v -0.927754 1.061367 0.134997
v -0.927334 1.061467 0.200996
v -0.927334 1.061467 0.134997
v -0.927106 1.061720 0.200996
v -0.927106 1.061720 0.134997
v -0.927132 1.062060 0.200996
v -0.927132 1.062060 0.134997
v -0.927406 1.062394 0.200996
v -0.927406 1.062394 0.134997
v -0.927852 1.062634 0.200996
v -0.927852 1.062634 0.134997
v -0.928353 1.062716 0.200996
v -0.928353 1.062716 0.134997
v -0.928773 1.062616 0.200996
v -0.928773 1.062616 0.134997
v -0.900187 1.053913 0.134996
v -0.900241 1.053754 0.135996
v -0.991155 1.084588 0.135997
v -0.991101 1.084747 0.134997
v -0.900389 1.053320 0.136729
v -0.991302 1.084154 0.136729
v -0.900590 1.052727 0.136996
v -0.991503 1.083561 0.136997
v -0.900791 1.052134 0.136729
v -0.991705 1.082968 0.136729
v -0.900938 1.051700 0.135996
v -0.991852 1.082534 0.135997
v -0.900992 1.051541 0.134996
v -0.991906 1.082375 0.134997
v -0.900938 1.051700 0.133996
v -0.991852 1.082534 0.133997
v -0.900791 1.052134 0.133264
v -0.991705 1.082968 0.133264
v -0.900590 1.052727 0.132996
v -0.991503 1.083561 0.132997
v -0.900389 1.053320 0.133264
v -0.991302 1.084154 0.133264
v -0.900241 1.053754 0.133996
v -0.991155 1.084588 0.133997
v -0.934682 1.064290 0.200997
v -0.934656 1.063950 0.200997
v -0.934656 1.063950 0.135997
v -0.934682 1.064290 0.135997
v -0.934383 1.063615 0.200997
v -0.934383 1.063615 0.135997
v -0.933936 1.063375 0.200997
v -0.933936 1.063375 0.135997
v -0.933436 1.063294 0.200997
v -0.933436 1.063294 0.135997
v -0.933016 1.063394 0.200997
v -0.933016 1.063394 0.135997
v -0.932788 1.063647 0.200997
v -0.932788 1.063647 0.135997
v -0.932815 1.063987 0.200997
v -0.932815 1.063987 0.135997
v -0.933088 1.064322 0.200997
v -0.933088 1.064322 0.135997
v -0.933534 1.064562 0.200997
v -0.933534 1.064562 0.135997
v -0.934035 1.064643 0.200997
v -0.934035 1.064643 0.135997
v -0.934455 1.064543 0.200997
v -0.934455 1.064543 0.135997
v -0.940364 1.066217 0.200996
v -0.940338 1.065877 0.200996
v -0.940338 1.065877 0.134997
v -0.940364 1.066217 0.134997
v -0.940065 1.065543 0.200996
v -0.940065 1.065543 0.134997
v -0.939619 1.065302 0.200996
v -0.939619 1.065302 0.134997
v -0.939118 1.065221 0.200996
v -0.939118 1.065221 0.134997
v -0.938698 1.065321 0.200996
v -0.938698 1.065321 0.134997
v -0.938470 1.065574 0.200996
v -0.938470 1.065574 0.134997
v -0.938497 1.065914 0.200996
v -0.938497 1.065914 0.134997
v -0.938770 1.066249 0.200996
v -0.938770 1.066249 0.134997
v -0.939216 1.066489 0.200996
v -0.939216 1.066489 0.134997
v -0.939717 1.066570 0.200996
v -0.939717 1.066570 0.134997
v -0.940137 1.066470 0.200996
v -0.940137 1.066470 0.134997
v -0.946047 1.068144 0.199996
v -0.946020 1.067804 0.199996
v -0.946020 1.067804 0.134997
v -0.946047 1.068144 0.134997
v -0.945747 1.067470 0.199996
v -0.945747 1.067470 0.134997
v -0.945301 1.067230 0.199996
v -0.945301 1.067230 0.134997
v -0.944800 1.067149 0.199996
v -0.944800 1.067149 0.134997
v -0.944380 1.067248 0.199996
v -0.944380 1.067248 0.134997
v -0.944152 1.067502 0.199996
v -0.944152 1.067502 0.134997
v -0.944179 1.067841 0.199996
v -0.944179 1.067841 0.134997
v -0.944452 1.068176 0.199996
v -0.944452 1.068176 0.134997
v -0.944898 1.068416 0.199996
v -0.944898 1.068416 0.134997
v -0.945399 1.068497 0.199996
v -0.945399 1.068497 0.134997
v -0.945819 1.068397 0.199996
v -0.945819 1.068397 0.134997
v -0.951729 1.070071 0.199996
v -0.951702 1.069731 0.199996
v -0.951702 1.069731 0.133997
v -0.951729 1.070071 0.133997
v -0.951429 1.069397 0.199996
v -0.951429 1.069397 0.133997
v -0.950983 1.069157 0.199996
v -0.950983 1.069157 0.133997
v -0.950482 1.069076 0.199996
v -0.950482 1.069076 0.133997
v -0.950062 1.069175 0.199996
v -0.950062 1.069175 0.133997
v -0.949835 1.069429 0.199996
v -0.949835 1.069429 0.133997
v -0.949861 1.069768 0.199996
v -0.949861 1.069768 0.133997
v -0.950134 1.070103 0.199996
v -0.950134 1.070103 0.133997
v -0.950580 1.070343 0.199996
v -0.950580 1.070343 0.133997
v -0.951081 1.070424 0.199996
v -0.951081 1.070424 0.133997
v -0.951501 1.070325 0.199996
v -0.951501 1.070325 0.133997
v -0.963093 1.073925 0.199996
v -0.963067 1.073586 0.199996
v -0.963067 1.073586 0.133997
v -0.963093 1.073925 0.133997
v -0.962794 1.073251 0.199996
v -0.962794 1.073251 0.133997
v -0.962347 1.073011 0.199996
v -0.962347 1.073011 0.133997
v -0.961846 1.072930 0.199996
v -0.961846 1.072930 0.133997
v -0.961426 1.073029 0.199996
v -0.961426 1.073029 0.133997
v -0.961199 1.073283 0.199996
v -0.961199 1.073283 0.133997
v -0.961225 1.073622 0.199996
v -0.961225 1.073622 0.133997
v -0.961498 1.073957 0.199996
v -0.961498 1.073957 0.133997
v -0.961945 1.074197 0.199996
v -0.961945 1.074197 0.133997
v -0.962445 1.074278 0.199996
v -0.962445 1.074278 0.133997
v -0.962865 1.074179 0.199996
v -0.962865 1.074179 0.133997
v -0.969722 1.076174 0.199996
v -0.969696 1.075834 0.199996
v -0.969696 1.075834 0.134997
v -0.969722 1.076174 0.134997
v -0.969423 1.075499 0.199996
v -0.969423 1.075499 0.134997
v -0.968976 1.075259 0.199996
v -0.968976 1.075259 0.134997
v -0.968476 1.075178 0.199996
v -0.968476 1.075178 0.134997
v -0.968055 1.075278 0.199996
v -0.968055 1.075278 0.134997
v -0.967828 1.075531 0.199996
v -0.967828 1.075531 0.134997
v -0.967854 1.075871 0.199996
v -0.967854 1.075871 0.134997
v -0.968127 1.076205 0.199996
v -0.968127 1.076205 0.134997
v -0.968574 1.076445 0.199996
v -0.968574 1.076445 0.134997
v -0.969074 1.076527 0.199996
v -0.969074 1.076527 0.134997
v -0.969494 1.076427 0.199996
v -0.969494 1.076427 0.134997
v -0.975404 1.078101 0.199996
v -0.975378 1.077761 0.199996
v -0.975378 1.077761 0.133997
v -0.975404 1.078101 0.133997
v -0.975105 1.077427 0.199996
v -0.975105 1.077427 0.133997
v -0.974658 1.077186 0.199996
v -0.974658 1.077186 0.133997
v -0.974158 1.077105 0.199996
v -0.974158 1.077105 0.133997
v -0.973737 1.077205 0.199996
v -0.973737 1.077205 0.133997
v -0.973510 1.077458 0.199996
v -0.973510 1.077458 0.133997
v -0.973536 1.077798 0.199996
v -0.973536 1.077798 0.133997
v -0.973809 1.078133 0.199996
v -0.973809 1.078133 0.133997
v -0.974256 1.078373 0.199996
v -0.974256 1.078373 0.133997
v -0.974756 1.078454 0.199996
v -0.974756 1.078454 0.133997
v -0.975177 1.078354 0.199996
v -0.975177 1.078354 0.133997
v -0.981086 1.080028 0.199996
v -0.981060 1.079688 0.199996
v -0.981060 1.079688 0.134997
v -0.981086 1.080028 0.134997
v -0.980787 1.079354 0.199996
v -0.980787 1.079354 0.134997
v -0.980340 1.079113 0.199996
v -0.980340 1.079113 0.134997
v -0.979840 1.079032 0.199996
v -0.979840 1.079032 0.134997
v -0.979420 1.079132 0.199996
v -0.979420 1.079132 0.134997
v -0.979192 1.079386 0.199996
v -0.979192 1.079386 0.134997
v -0.979218 1.079725 0.199996
v -0.979218 1.079725 0.134997
v -0.979491 1.080060 0.199996
v -0.979491 1.080060 0.134997
v -0.979938 1.080300 0.199996
v -0.979938 1.080300 0.134997
v -0.980438 1.080381 0.199996
v -0.980438 1.080381 0.134997
v -0.980859 1.080281 0.199996
v -0.980859 1.080281 0.134997
v -0.986768 1.081955 0.199996
v -0.986742 1.081615 0.199996
v -0.986742 1.081615 0.133997
v -0.986768 1.081955 0.133997
v -0.986469 1.081281 0.199996
v -0.986469 1.081281 0.133997
v -0.986022 1.081041 0.199996
v -0.986022 1.081041 0.133997
v -0.985522 1.080960 0.199996
v -0.985522 1.080960 0.133997
v -0.985102 1.081059 0.199996
v -0.985102 1.081059 0.133997
v -0.984874 1.081313 0.199996
v -0.984874 1.081313 0.133997
v -0.984901 1.081652 0.199996
v -0.984901 1.081652 0.133997
v -0.985174 1.081987 0.199996
v -0.985174 1.081987 0.133997
v -0.985620 1.082227 0.199996
v -0.985620 1.082227 0.133997
v -0.986121 1.082308 0.199996
v -0.986121 1.082308 0.133997
v -0.986541 1.082209 0.199996
v -0.986541 1.082209 0.133997
v -1.008278 1.031103 0.023364
v -1.010798 1.031512 0.023364
v -1.010798 1.031512 0.019335
v -1.008278 1.031103 0.019335
v -1.012915 1.031011 0.023364
v -1.012915 1.031011 0.019335
v -1.014061 1.029734 0.023364
v -1.014061 1.029734 0.019335
v -1.013928 1.028023 0.023364
v -1.013928 1.028023 0.019335
v -1.012553 1.026338 0.023364
v -1.012553 1.026338 0.019335
v -1.010304 1.025129 0.023364
v -1.010304 1.025129 0.019335
v -1.007783 1.024720 0.023364
v -1.007783 1.024720 0.019335
v -1.005666 1.025221 0.023364
v -1.005666 1.025221 0.019335
v -1.004521 1.026498 0.023364
v -1.004521 1.026498 0.019335
v -1.004653 1.028208 0.023364
v -1.004653 1.028208 0.019335
v -1.006028 1.029894 0.023364
v -1.006028 1.029894 0.019335
v -1.161127 0.900189 0.015838
v -1.179375 0.843559 0.014859
v -1.179402 0.843541 0.018858
v -1.161154 0.900171 0.019838
v -1.253167 0.930795 0.015346
v -1.253194 0.930777 0.019346
v -1.271443 0.874148 0.018366
v -1.271415 0.874166 0.014367
v -1.008278 1.031103 0.001202
v -1.010798 1.031512 0.001202
v -1.010798 1.031512 -0.002827
v -1.008278 1.031103 -0.002827
v -1.012915 1.031011 0.001202
v -1.012915 1.031011 -0.002827
v -1.014061 1.029734 0.001202
v -1.014061 1.029734 -0.002827
v -1.013928 1.028023 0.001202
v -1.013928 1.028023 -0.002827
v -1.012553 1.026338 0.001202
v -1.012553 1.026338 -0.002827
v -1.010304 1.025129 0.001202
v -1.010304 1.025129 -0.002827
v -1.007783 1.024720 0.001202
v -1.007783 1.024720 -0.002827
v -1.005666 1.025221 0.001202
v -1.005666 1.025221 -0.002827
v -1.004521 1.026498 0.001202
v -1.004521 1.026498 -0.002827
v -1.004653 1.028208 0.001202
v -1.004653 1.028208 -0.002827
v -1.006028 1.029894 0.001202
v -1.006028 1.029894 -0.002827
v -1.158762 0.904861 0.019997
v -1.161264 0.905266 0.019997
v -1.161264 0.905266 0.015997
v -1.158762 0.904861 0.015997
v -1.163365 0.904769 0.019997
v -1.163365 0.904769 0.015997
v -1.164503 0.903501 0.019997
v -1.164503 0.903501 0.015997
v -1.164371 0.901803 0.019997
v -1.164371 0.901803 0.015997
v -1.163006 0.900130 0.019997
v -1.163006 0.900130 0.015997
v -1.160773 0.898930 0.019997
v -1.160773 0.898930 0.015997
v -1.158271 0.898524 0.019997
v -1.158271 0.898524 0.015997
v -1.156170 0.899022 0.019997
v -1.156170 0.899022 0.015997
v -1.155032 0.900289 0.019997
v -1.155032 0.900289 0.015997
v -1.155164 0.901987 0.019997
v -1.155164 0.901987 0.015997
v -1.156529 0.903660 0.019997
v -1.156529 0.903660 0.015997
v -1.123869 1.007741 0.103671
v -1.125885 1.008068 0.103671
v -1.125885 1.008068 -0.030307
v -1.123869 1.007741 -0.030307
v -1.127579 1.007667 0.103671
v -1.127579 1.007667 -0.030307
v -1.128495 1.006646 0.103671
v -1.128495 1.006646 -0.030307
v -1.128389 1.005278 0.103671
v -1.128389 1.005278 -0.030307
v -1.127289 1.003929 0.103671
v -1.127289 1.003929 -0.030307
v -1.125490 1.002962 0.103671
v -1.125490 1.002962 -0.030307
v -1.123473 1.002635 0.103671
v -1.123473 1.002635 -0.030307
v -1.121780 1.003036 0.103671
v -1.121780 1.003036 -0.030307
v -1.120864 1.004057 0.103671
v -1.120864 1.004057 -0.030307
v -1.120970 1.005426 0.103671
v -1.120970 1.005426 -0.030307
v -1.122069 1.006774 0.103671
v -1.122069 1.006774 -0.030307
v -1.121674 1.005412 0.105685
v -1.122565 1.006504 0.105685
v -1.121589 1.004303 0.105685
v -1.122331 1.003476 0.105685
v -1.123703 1.003151 0.105685
v -1.125336 1.003416 0.105685
v -1.126793 1.004199 0.105685
v -1.127685 1.005292 0.105685
v -1.127770 1.006400 0.105685
v -1.127028 1.007227 0.105685
v -1.125656 1.007552 0.105685
v -1.124023 1.007287 0.105685
v -1.122489 1.005395 0.106693
v -1.123138 1.006192 0.106693
v -1.122426 1.004587 0.106693
v -1.122967 1.003984 0.106693
v -1.123967 1.003747 0.106693
v -1.125158 1.003940 0.106693
v -1.126221 1.004512 0.106693
v -1.126870 1.005308 0.106693
v -1.126933 1.006116 0.106693
v -1.126392 1.006719 0.106693
v -1.125392 1.006956 0.106693
v -1.124201 1.006763 0.106693
v -1.252340 0.929741 0.039681
v -1.252713 0.929075 0.037613
v -1.257915 0.929968 0.038161
v -1.257692 0.930687 0.040233
v -1.252777 0.929371 0.035260
v -1.257777 0.930194 0.035804
v -1.252504 0.930491 0.033724
v -1.257343 0.931258 0.034263
v -1.252020 0.931910 0.033722
v -1.256817 0.932663 0.034261
v -1.251552 0.932965 0.035256
v -1.256444 0.933750 0.035797
v -1.251319 0.933161 0.037609
v -1.256399 0.934012 0.038154
v -1.251430 0.932408 0.039678
v -1.256703 0.933326 0.040228
v -1.251833 0.931058 0.040497
v -1.257214 0.932013 0.041049
v -1.262569 0.933038 0.040979
v -1.261986 0.934326 0.040162
v -1.261556 0.934967 0.038094
v -1.261480 0.934662 0.035744
v -1.261793 0.933553 0.034210
v -1.262350 0.932159 0.034211
v -1.262889 0.931133 0.035746
v -1.263158 0.930954 0.038097
v -1.263032 0.931706 0.040164
v -1.268348 0.934117 0.040076
v -1.267657 0.935364 0.039270
v -1.267105 0.935959 0.037215
v -1.266949 0.935624 0.034874
v -1.267263 0.934515 0.033340
v -1.267899 0.933151 0.033333
v -1.268560 0.932171 0.034855
v -1.268937 0.932033 0.037194
v -1.268853 0.932801 0.039256
v -1.273543 0.935311 0.039042
v -1.272773 0.936527 0.038248
v -1.272132 0.937087 0.036206
v -1.271921 0.936729 0.033873
v -1.272237 0.935622 0.032339
v -1.272934 0.934282 0.032323
v -1.273684 0.933337 0.033831
v -1.274138 0.933229 0.036159
v -1.274082 0.934009 0.038217
v -1.278801 0.936559 0.037895
v -1.277949 0.937740 0.037115
v -1.277216 0.938261 0.035091
v -1.276945 0.937879 0.032768
v -1.277262 0.936771 0.031234
v -1.278019 0.935457 0.031207
v -1.278863 0.934551 0.032698
v -1.279398 0.934477 0.035012
v -1.279373 0.935270 0.037064
v -1.284325 0.938098 0.036549
v -1.283374 0.939234 0.035792
v -1.282562 0.939720 0.033784
v -1.282269 0.939328 0.031466
v -1.282631 0.938241 0.029922
v -1.283481 0.936968 0.029875
v -1.284419 0.936104 0.031346
v -1.285007 0.936055 0.033648
v -1.284970 0.936842 0.035703
v -1.290132 0.939754 0.034755
v -1.289087 0.940846 0.034020
v -1.288179 0.941287 0.032036
v -1.287833 0.940869 0.029731
v -1.288211 0.939790 0.028184
v -1.289136 0.938553 0.028118
v -1.290175 0.937737 0.029564
v -1.290842 0.937725 0.031846
v -1.290825 0.938522 0.033896
v -1.295925 0.941585 0.032909
v -1.294785 0.942629 0.032201
v -1.293788 0.943024 0.030243
v -1.293400 0.942585 0.027950
v -1.293803 0.941518 0.026395
v -1.294808 0.940322 0.026306
v -1.295945 0.939556 0.027725
v -1.296682 0.939579 0.029987
v -1.296673 0.940381 0.032034
v -1.301510 0.943432 0.030901
v -1.300280 0.944426 0.030223
v -1.299199 0.944775 0.028291
v -1.298773 0.944316 0.026011
v -1.299201 0.943262 0.024448
v -1.300283 0.942108 0.024334
v -1.301512 0.941393 0.025723
v -1.302314 0.941452 0.027964
v -1.302313 0.942257 0.030009
v -1.307265 0.945382 0.028474
v -1.305942 0.946322 0.027830
v -1.304770 0.946619 0.025932
v -1.304297 0.946132 0.023668
v -1.304745 0.945090 0.022099
v -1.305903 0.943980 0.021957
v -1.307230 0.943322 0.023309
v -1.308105 0.943423 0.025524
v -1.308119 0.944237 0.027563
v -1.312696 0.947276 0.025552
v -1.311285 0.948161 0.024945
v -1.310027 0.948404 0.023082
v -1.309512 0.947891 0.020836
v -1.309981 0.946862 0.019258
v -1.311213 0.945798 0.019085
v -1.312634 0.945198 0.020399
v -1.313577 0.945342 0.022585
v -1.313602 0.946162 0.024620
v -1.317956 0.949131 0.022228
v -1.316458 0.949959 0.021661
v -1.315105 0.950139 0.019844
v -1.314530 0.949586 0.017627
v -1.315001 0.948559 0.016047
v -1.316299 0.947538 0.015843
v -1.317816 0.947002 0.017112
v -1.318842 0.947201 0.019258
v -1.318897 0.948041 0.021279
v -1.322097 0.950608 0.019227
v -1.320523 0.951382 0.018701
v -1.319094 0.951509 0.016924
v -1.318480 0.950928 0.014728
v -1.318967 0.949912 0.013139
v -1.320327 0.948936 0.012902
v -1.321925 0.948456 0.014128
v -1.323012 0.948698 0.016242
v -1.323079 0.949547 0.018256
v -1.326949 0.952495 0.015286
v -1.325289 0.953204 0.014813
v -1.323768 0.953259 0.013092
v -1.323096 0.952635 0.010931
v -1.323589 0.951624 0.009339
v -1.325016 0.950698 0.009061
v -1.326709 0.950291 0.010229
v -1.327875 0.950593 0.012294
v -1.327971 0.951464 0.014292
v -1.330716 0.953952 0.011619
v -1.328981 0.954599 0.011197
v -1.327389 0.954598 0.009525
v -1.326686 0.953947 0.007385
v -1.327200 0.952953 0.005778
v -1.328690 0.952079 0.005457
v -1.330461 0.951736 0.006571
v -1.331682 0.952082 0.008600
v -1.331783 0.952958 0.010593
v -1.334289 0.955561 0.008097
v -1.332490 0.956152 0.007724
v -1.330837 0.956097 0.006098
v -1.330104 0.955420 0.003982
v -1.330632 0.954439 0.002364
v -1.332176 0.953612 0.002002
v -1.334013 0.953327 0.003066
v -1.335283 0.953716 0.005057
v -1.335392 0.954598 0.007044
v -1.335392 0.954598 0.007044
v -1.335283 0.953716 0.005057
v -1.339312 0.955558 0.000410
v -1.339435 0.956453 0.002386
v -1.334013 0.953327 0.003066
v -1.337980 0.955109 -0.001528
v -1.332176 0.953612 0.002002
v -1.336062 0.955316 -0.002522
v -1.330632 0.954439 0.002364
v -1.334455 0.956083 -0.002106
v -1.330104 0.955420 0.003982
v -1.333912 0.957050 -0.000476
v -1.330837 0.956097 0.006098
v -1.334686 0.957765 0.001607
v -1.332490 0.956152 0.007724
v -1.336415 0.957894 0.003167
v -1.334289 0.955561 0.008097
v -1.338291 0.957376 0.003474
v -1.341740 0.958951 -0.000774
v -1.339814 0.959415 -0.001032
v -1.338036 0.959236 -0.002545
v -1.337239 0.958497 -0.004606
v -1.337796 0.957544 -0.006249
v -1.339446 0.956823 -0.006707
v -1.341417 0.956671 -0.005764
v -1.342788 0.957159 -0.003862
v -1.342915 0.958060 -0.001892
v -1.345078 0.960516 -0.004887
v -1.343105 0.960928 -0.005095
v -1.341285 0.960701 -0.006564
v -1.340470 0.959941 -0.008605
v -1.341041 0.959004 -0.010263
v -1.342731 0.958329 -0.010764
v -1.344750 0.958230 -0.009871
v -1.346152 0.958755 -0.008004
v -1.346282 0.959658 -0.006035
v -1.348442 0.961796 -0.008996
v -1.346438 0.962169 -0.009169
v -1.344598 0.961918 -0.010615
v -1.343784 0.961160 -0.012657
v -1.344377 0.960249 -0.014340
v -1.346099 0.959612 -0.014877
v -1.348145 0.959547 -0.014015
v -1.349557 0.960084 -0.012159
v -1.349674 0.960972 -0.010177
v -1.351781 0.963155 -0.012986
v -1.349747 0.963493 -0.013126
v -1.347891 0.963221 -0.014553
v -1.347081 0.962467 -0.016599
v -1.347695 0.961584 -0.018308
v -1.349447 0.960985 -0.018879
v -1.351517 0.960950 -0.018046
v -1.352935 0.961496 -0.016198
v -1.353040 0.962367 -0.014200
v -1.355722 0.965254 -0.016794
v -1.353656 0.965546 -0.016892
v -1.351770 0.965233 -0.018281
v -1.350946 0.964460 -0.020311
v -1.351570 0.963590 -0.022031
v -1.353350 0.963030 -0.022638
v -1.355452 0.963041 -0.021846
v -1.356894 0.963619 -0.020027
v -1.357000 0.964493 -0.018032
v -1.358803 0.967180 -0.021096
v -1.356700 0.967416 -0.021142
v -1.354783 0.967055 -0.022488
v -1.353949 0.966268 -0.024503
v -1.354589 0.965421 -0.026245
v -1.356402 0.964912 -0.026899
v -1.358541 0.964978 -0.026158
v -1.360005 0.965589 -0.024370
v -1.360108 0.966458 -0.022371
v -1.073499 0.811448 -0.003026
v -1.076019 0.811840 -0.003046
v -1.075991 0.811858 -0.007075
v -1.073472 0.811466 -0.007055
v -1.078122 0.811323 -0.003074
v -1.078095 0.811341 -0.007103
v -1.079246 0.810034 -0.003103
v -1.079219 0.810053 -0.007132
v -1.079090 0.808320 -0.003126
v -1.079062 0.808339 -0.007155
v -1.077694 0.806640 -0.003135
v -1.077667 0.806658 -0.007165
v -1.075434 0.805443 -0.003130
v -1.075407 0.805461 -0.007159
v -1.072915 0.805050 -0.003110
v -1.072888 0.805069 -0.007139
v -1.070812 0.805568 -0.003082
v -1.070784 0.805586 -0.007111
v -1.069688 0.806856 -0.003052
v -1.069660 0.806874 -0.007081
v -1.069844 0.808570 -0.003030
v -1.069817 0.808588 -0.007059
v -1.071239 0.810251 -0.003020
v -1.071212 0.810269 -0.007049
v -1.184948 1.151540 0.215580
v -1.186965 1.151867 0.215580
v -1.185817 1.152139 -0.016398
v -1.183800 1.151812 -0.016398
v -1.188658 1.151466 0.215580
v -1.187510 1.151738 -0.016398
v -1.189575 1.150445 0.215580
v -1.188426 1.150717 -0.016398
v -1.189469 1.149077 0.215580
v -1.188321 1.149348 -0.016398
v -1.188369 1.147728 0.215580
v -1.187220 1.148000 -0.016398
v -1.186569 1.146761 0.215580
v -1.185421 1.147033 -0.016398
v -1.184553 1.146434 0.215580
v -1.183404 1.146706 -0.016398
v -1.182859 1.146835 0.215580
v -1.181711 1.147107 -0.016398
v -1.181943 1.147856 0.215580
v -1.180795 1.148128 -0.016398
v -1.182049 1.149225 0.215580
v -1.180900 1.149497 -0.016398
v -1.183149 1.150573 0.215580
v -1.182001 1.150845 -0.016398
v -1.182754 1.149211 0.217594
v -1.183645 1.150303 0.217594
v -1.182668 1.148102 0.217594
v -1.183410 1.147275 0.217594
v -1.184782 1.146950 0.217594
v -1.186415 1.147215 0.217594
v -1.187873 1.147998 0.217594
v -1.188764 1.149091 0.217594
v -1.188850 1.150199 0.217594
v -1.188107 1.151026 0.217594
v -1.186736 1.151351 0.217594
v -1.185102 1.151086 0.217594
v -1.183568 1.149194 0.218602
v -1.184218 1.149991 0.218602
v -1.183506 1.148386 0.218602
v -1.184047 1.147783 0.218602
v -1.185047 1.147546 0.218602
v -1.186237 1.147740 0.218602
v -1.187300 1.148311 0.218602
v -1.187949 1.149107 0.218602
v -1.188012 1.149915 0.218602
v -1.187471 1.150518 0.218602
v -1.186471 1.150755 0.218602
v -1.185280 1.150562 0.218602
v -1.200905 1.095151 0.213974
v -1.202922 1.095477 0.213974
v -1.201774 1.095749 -0.018003
v -1.199757 1.095423 -0.018003
v -1.204615 1.095077 0.213974
v -1.203467 1.095348 -0.018003
v -1.205532 1.094055 0.213974
v -1.204384 1.094327 -0.018003
v -1.205426 1.092687 0.213974
v -1.204278 1.092959 -0.018003
v -1.204326 1.091338 0.213974
v -1.203178 1.091610 -0.018003
v -1.202526 1.090371 0.213974
v -1.201378 1.090643 -0.018003
v -1.200510 1.090044 0.213974
v -1.199362 1.090316 -0.018003
v -1.198817 1.090445 0.213974
v -1.197668 1.090717 -0.018003
v -1.197900 1.091467 0.213974
v -1.196752 1.091738 -0.018003
v -1.198006 1.092835 0.213974
v -1.196858 1.093107 -0.018003
v -1.199106 1.094183 0.213974
v -1.197958 1.094455 -0.018003
v -1.198711 1.092821 0.215989
v -1.199602 1.093913 0.215989
v -1.198625 1.091712 0.215989
v -1.199367 1.090885 0.215989
v -1.200739 1.090560 0.215989
v -1.202372 1.090825 0.215989
v -1.203830 1.091609 0.215989
v -1.204721 1.092701 0.215989
v -1.204807 1.093809 0.215989
v -1.204064 1.094636 0.215989
v -1.202693 1.094961 0.215989
v -1.201059 1.094697 0.215989
v -1.199525 1.092805 0.216996
v -1.200175 1.093601 0.216996
v -1.199463 1.091997 0.216996
v -1.200004 1.091393 0.216996
v -1.201004 1.091157 0.216996
v -1.202194 1.091350 0.216996
v -1.203257 1.091921 0.216996
v -1.203907 1.092717 0.216996
v -1.203969 1.093525 0.216996
v -1.203428 1.094128 0.216996
v -1.202428 1.094365 0.216996
v -1.201237 1.094172 0.216996
v -1.252609 0.935748 0.020300
v -1.255111 0.936153 0.020300
v -1.255111 0.936153 0.016300
v -1.252609 0.935748 0.016300
v -1.257213 0.935656 0.020300
v -1.257213 0.935656 0.016300
v -1.258350 0.934388 0.020300
v -1.258350 0.934388 0.016300
v -1.258219 0.932690 0.020300
v -1.258219 0.932690 0.016300
v -1.256854 0.931017 0.020300
v -1.256853 0.931017 0.016300
v -1.254621 0.929817 0.020300
v -1.254621 0.929817 0.016300
v -1.252118 0.929411 0.020300
v -1.252118 0.929411 0.016300
v -1.250017 0.929909 0.020300
v -1.250017 0.929909 0.016300
v -1.248880 0.931176 0.020300
v -1.248880 0.931176 0.016300
v -1.249011 0.932874 0.020300
v -1.249011 0.932874 0.016300
v -1.250376 0.934547 0.020300
v -1.250376 0.934547 0.016300
v -1.190386 1.129190 0.143996
v -1.190886 1.129271 0.143996
v -1.190886 1.129271 0.078996
v -1.190386 1.129190 0.078996
v -1.191306 1.129172 0.143996
v -1.191306 1.129172 0.078996
v -1.191534 1.128918 0.143996
v -1.191534 1.128918 0.078996
v -1.191507 1.128578 0.143996
v -1.191507 1.128578 0.078996
v -1.191234 1.128244 0.143996
v -1.191234 1.128244 0.078996
v -1.190788 1.128004 0.143996
v -1.190788 1.128004 0.078996
v -1.190287 1.127923 0.143996
v -1.190287 1.127923 0.078996
v -1.189867 1.128022 0.143996
v -1.189867 1.128022 0.078996
v -1.189640 1.128276 0.143996
v -1.189640 1.128276 0.078996
v -1.189666 1.128615 0.143996
v -1.189666 1.128615 0.078996
v -1.189939 1.128950 0.143996
v -1.189939 1.128950 0.078996
v -1.200242 1.100129 0.144996
v -1.200742 1.100210 0.144996
v -1.200742 1.100210 0.079997
v -1.200242 1.100129 0.079997
v -1.201163 1.100110 0.144996
v -1.201163 1.100110 0.079997
v -1.201390 1.099857 0.144996
v -1.201390 1.099857 0.079997
v -1.201364 1.099517 0.144996
v -1.201364 1.099517 0.079997
v -1.201091 1.099182 0.144996
v -1.201091 1.099182 0.079997
v -1.200644 1.098942 0.144996
v -1.200644 1.098942 0.079997
v -1.200144 1.098861 0.144996
v -1.200144 1.098861 0.079997
v -1.199724 1.098961 0.144996
v -1.199723 1.098961 0.079997
v -1.199496 1.099214 0.144996
v -1.199496 1.099214 0.079997
v -1.199522 1.099554 0.144996
v -1.199522 1.099554 0.079997
v -1.199795 1.099888 0.144996
v -1.199795 1.099888 0.079997
v -1.201449 1.096570 0.144996
v -1.201949 1.096651 0.144996
v -1.201949 1.096651 0.078996
v -1.201449 1.096570 0.078996
v -1.202369 1.096552 0.144996
v -1.202369 1.096552 0.078996
v -1.202597 1.096298 0.144996
v -1.202597 1.096298 0.078996
v -1.202571 1.095958 0.144996
v -1.202571 1.095958 0.078996
v -1.202298 1.095624 0.144996
v -1.202298 1.095624 0.078996
v -1.201851 1.095384 0.144996
v -1.201851 1.095384 0.078996
v -1.201351 1.095303 0.144996
v -1.201351 1.095303 0.078996
v -1.200930 1.095402 0.144996
v -1.200930 1.095402 0.078996
v -1.200703 1.095656 0.144996
v -1.200703 1.095656 0.078996
v -1.200729 1.095995 0.144996
v -1.200729 1.095995 0.078996
v -1.201002 1.096330 0.144996
v -1.201002 1.096330 0.078996
v -1.199035 1.103687 0.144996
v -1.199535 1.103768 0.144996
v -1.199535 1.103768 0.078996
v -1.199035 1.103687 0.078996
v -1.199956 1.103669 0.144996
v -1.199956 1.103669 0.078996
v -1.200183 1.103415 0.144996
v -1.200183 1.103415 0.078996
v -1.200157 1.103076 0.144996
v -1.200157 1.103076 0.078996
v -1.199884 1.102741 0.144996
v -1.199884 1.102741 0.078996
v -1.199437 1.102501 0.144996
v -1.199437 1.102501 0.078996
v -1.198937 1.102420 0.144996
v -1.198937 1.102420 0.078996
v -1.198517 1.102519 0.144996
v -1.198517 1.102519 0.078996
v -1.198289 1.102773 0.144996
v -1.198289 1.102773 0.078996
v -1.198316 1.103112 0.144996
v -1.198316 1.103112 0.078996
v -1.198588 1.103447 0.144996
v -1.198588 1.103447 0.078996
v -1.197627 1.107839 0.144996
v -1.198128 1.107920 0.144996
v -1.198128 1.107920 0.079996
v -1.197627 1.107839 0.079996
v -1.198548 1.107820 0.144996
v -1.198548 1.107820 0.079996
v -1.198775 1.107567 0.144996
v -1.198775 1.107567 0.079996
v -1.198749 1.107227 0.144996
v -1.198749 1.107227 0.079996
v -1.198476 1.106893 0.144996
v -1.198476 1.106893 0.079996
v -1.198029 1.106652 0.144996
v -1.198029 1.106652 0.079996
v -1.197529 1.106571 0.144996
v -1.197529 1.106571 0.079996
v -1.197109 1.106671 0.144996
v -1.197109 1.106671 0.079996
v -1.196881 1.106924 0.144996
v -1.196881 1.106924 0.079996
v -1.196907 1.107264 0.144996
v -1.196907 1.107264 0.079996
v -1.197180 1.107599 0.144996
v -1.197180 1.107599 0.079996
v -1.196420 1.111397 0.144996
v -1.196921 1.111478 0.144996
v -1.196921 1.111478 0.078997
v -1.196420 1.111397 0.078997
v -1.197341 1.111379 0.144996
v -1.197341 1.111379 0.078997
v -1.197568 1.111125 0.144996
v -1.197568 1.111125 0.078997
v -1.197542 1.110786 0.144996
v -1.197542 1.110786 0.078997
v -1.197269 1.110451 0.144996
v -1.197269 1.110451 0.078997
v -1.196822 1.110211 0.144996
v -1.196822 1.110211 0.078997
v -1.196322 1.110130 0.144996
v -1.196322 1.110130 0.078997
v -1.195902 1.110229 0.144996
v -1.195902 1.110229 0.078997
v -1.195674 1.110483 0.144996
v -1.195674 1.110483 0.078997
v -1.195701 1.110823 0.144996
v -1.195701 1.110823 0.078997
v -1.195974 1.111157 0.144996
v -1.195974 1.111157 0.078997
v -1.200561 1.092962 0.078996
v -1.200814 1.093048 0.079996
v -1.181504 1.149985 0.079996
v -1.181250 1.149899 0.078996
v -1.201508 1.093283 0.080729
v -1.182197 1.150220 0.080729
v -1.202455 1.093605 0.080996
v -1.183144 1.150541 0.080996
v -1.203402 1.093926 0.080729
v -1.184091 1.150862 0.080729
v -1.204095 1.094161 0.079996
v -1.184784 1.151098 0.079996
v -1.204349 1.094247 0.078996
v -1.185038 1.151184 0.078996
v -1.204095 1.094161 0.077996
v -1.184784 1.151098 0.077996
v -1.203402 1.093926 0.077264
v -1.184091 1.150862 0.077264
v -1.202455 1.093605 0.076996
v -1.183144 1.150541 0.076996
v -1.201508 1.093283 0.077264
v -1.182197 1.150220 0.077264
v -1.200814 1.093048 0.077996
v -1.181504 1.149985 0.077996
v -1.195213 1.114956 0.144996
v -1.195714 1.115037 0.144996
v -1.195714 1.115037 0.079996
v -1.195213 1.114956 0.079996
v -1.196134 1.114937 0.144996
v -1.196134 1.114937 0.079996
v -1.196361 1.114684 0.144996
v -1.196361 1.114684 0.079996
v -1.196335 1.114344 0.144996
v -1.196335 1.114344 0.079996
v -1.196062 1.114010 0.144996
v -1.196062 1.114010 0.079996
v -1.195615 1.113770 0.144996
v -1.195615 1.113770 0.079996
v -1.195115 1.113688 0.144996
v -1.195115 1.113688 0.079996
v -1.194695 1.113788 0.144996
v -1.194695 1.113788 0.079996
v -1.194467 1.114041 0.144996
v -1.194467 1.114041 0.079996
v -1.194494 1.114381 0.144996
v -1.194494 1.114381 0.079996
v -1.194767 1.114716 0.144996
v -1.194767 1.114716 0.079996
v -1.194006 1.118514 0.144996
v -1.194507 1.118595 0.144996
v -1.194507 1.118595 0.078997
v -1.194006 1.118514 0.078997
v -1.194927 1.118496 0.144996
v -1.194927 1.118496 0.078997
v -1.195154 1.118242 0.144996
v -1.195154 1.118242 0.078997
v -1.195128 1.117903 0.144996
v -1.195128 1.117903 0.078997
v -1.194855 1.117568 0.144996
v -1.194855 1.117568 0.078997
v -1.194409 1.117328 0.144996
v -1.194409 1.117328 0.078997
v -1.193908 1.117247 0.144996
v -1.193908 1.117247 0.078997
v -1.193488 1.117347 0.144996
v -1.193488 1.117347 0.078997
v -1.193260 1.117600 0.144996
v -1.193260 1.117600 0.078996
v -1.193287 1.117940 0.144996
v -1.193287 1.117940 0.078996
v -1.193560 1.118274 0.144996
v -1.193560 1.118274 0.078997
v -1.192799 1.122073 0.143996
v -1.193300 1.122154 0.143996
v -1.193300 1.122154 0.078996
v -1.192799 1.122073 0.078996
v -1.193720 1.122054 0.143996
v -1.193720 1.122054 0.078997
v -1.193948 1.121801 0.143996
v -1.193948 1.121801 0.078997
v -1.193921 1.121461 0.143996
v -1.193921 1.121461 0.078997
v -1.193648 1.121127 0.143996
v -1.193648 1.121127 0.078997
v -1.193202 1.120887 0.143996
v -1.193202 1.120887 0.078996
v -1.192701 1.120806 0.143996
v -1.192701 1.120806 0.078996
v -1.192281 1.120905 0.143996
v -1.192281 1.120905 0.078996
v -1.192053 1.121159 0.143996
v -1.192053 1.121159 0.078996
v -1.192080 1.121498 0.143996
v -1.192080 1.121498 0.078996
v -1.192353 1.121833 0.143996
v -1.192353 1.121833 0.078996
v -1.191592 1.125631 0.143996
v -1.192093 1.125713 0.143996
v -1.192093 1.125713 0.077996
v -1.191592 1.125631 0.077996
v -1.192513 1.125613 0.143996
v -1.192513 1.125613 0.077996
v -1.192741 1.125360 0.143996
v -1.192741 1.125360 0.077996
v -1.192714 1.125020 0.143996
v -1.192714 1.125020 0.077996
v -1.192441 1.124685 0.143996
v -1.192441 1.124685 0.077996
v -1.191995 1.124445 0.143996
v -1.191995 1.124445 0.077996
v -1.191494 1.124364 0.143996
v -1.191494 1.124364 0.077996
v -1.191074 1.124464 0.143996
v -1.191074 1.124464 0.077996
v -1.190847 1.124717 0.143996
v -1.190847 1.124717 0.077996
v -1.190873 1.125057 0.143996
v -1.190873 1.125057 0.077996
v -1.191146 1.125391 0.143996
v -1.191146 1.125391 0.077996
v -1.189179 1.132748 0.143996
v -1.189679 1.132830 0.143996
v -1.189679 1.132830 0.077996
v -1.189179 1.132748 0.077996
v -1.190099 1.132730 0.143996
v -1.190099 1.132730 0.077996
v -1.190327 1.132477 0.143996
v -1.190327 1.132477 0.077996
v -1.190300 1.132137 0.143996
v -1.190300 1.132137 0.077996
v -1.190027 1.131802 0.143996
v -1.190027 1.131802 0.077996
v -1.189581 1.131562 0.143996
v -1.189581 1.131562 0.077996
v -1.189080 1.131481 0.143996
v -1.189080 1.131481 0.077996
v -1.188660 1.131581 0.143996
v -1.188660 1.131581 0.077996
v -1.188433 1.131834 0.143996
v -1.188433 1.131834 0.077996
v -1.188459 1.132174 0.143996
v -1.188459 1.132174 0.077996
v -1.188732 1.132509 0.143996
v -1.188732 1.132509 0.077996
v -1.187771 1.136900 0.143996
v -1.188271 1.136981 0.143996
v -1.188271 1.136981 0.078996
v -1.187771 1.136900 0.078996
v -1.188691 1.136882 0.143996
v -1.188691 1.136882 0.078996
v -1.188919 1.136628 0.143996
v -1.188919 1.136628 0.078996
v -1.188892 1.136289 0.143996
v -1.188892 1.136289 0.078996
v -1.188619 1.135954 0.143996
v -1.188619 1.135954 0.078996
v -1.188173 1.135714 0.143996
v -1.188173 1.135714 0.078996
v -1.187672 1.135633 0.143996
v -1.187672 1.135633 0.078996
v -1.187252 1.135732 0.143996
v -1.187252 1.135732 0.078996
v -1.187025 1.135986 0.143996
v -1.187025 1.135986 0.078996
v -1.187051 1.136325 0.143996
v -1.187051 1.136325 0.078996
v -1.187324 1.136660 0.143996
v -1.187324 1.136660 0.078996
v -1.186564 1.140459 0.143996
v -1.187064 1.140540 0.143996
v -1.187064 1.140540 0.077996
v -1.186564 1.140459 0.077996
v -1.187484 1.140440 0.143996
v -1.187484 1.140440 0.077996
v -1.187712 1.140187 0.143996
v -1.187712 1.140187 0.077996
v -1.187685 1.139847 0.143996
v -1.187685 1.139847 0.077996
v -1.187413 1.139512 0.143996
v -1.187413 1.139512 0.077996
v -1.186966 1.139272 0.143996
v -1.186966 1.139272 0.077996
v -1.186466 1.139191 0.143996
v -1.186466 1.139191 0.077996
v -1.186045 1.139291 0.143996
v -1.186045 1.139291 0.077996
v -1.185818 1.139544 0.143996
v -1.185818 1.139544 0.077996
v -1.185844 1.139884 0.143996
v -1.185844 1.139884 0.077996
v -1.186117 1.140219 0.143996
v -1.186117 1.140219 0.077996
v -1.185357 1.144017 0.143996
v -1.185857 1.144098 0.143996
v -1.185857 1.144098 0.078996
v -1.185357 1.144017 0.078996
v -1.186278 1.143999 0.143996
v -1.186278 1.143999 0.078996
v -1.186505 1.143745 0.143996
v -1.186505 1.143745 0.078996
v -1.186479 1.143406 0.143996
v -1.186479 1.143406 0.078996
v -1.186206 1.143071 0.143996
v -1.186206 1.143071 0.078996
v -1.185759 1.142831 0.143996
v -1.185759 1.142831 0.078996
v -1.185259 1.142750 0.143996
v -1.185259 1.142750 0.078996
v -1.184838 1.142849 0.143996
v -1.184838 1.142849 0.078996
v -1.184611 1.143103 0.143996
v -1.184611 1.143103 0.078996
v -1.184637 1.143442 0.143996
v -1.184637 1.143442 0.078996
v -1.184910 1.143777 0.143996
v -1.184910 1.143777 0.078996
v -1.184150 1.147576 0.143996
v -1.184650 1.147657 0.143996
v -1.184650 1.147657 0.077996
v -1.184150 1.147576 0.077996
v -1.185071 1.147557 0.143996
v -1.185071 1.147557 0.077996
v -1.185298 1.147304 0.143996
v -1.185298 1.147304 0.077996
v -1.185272 1.146964 0.143996
v -1.185272 1.146964 0.077996
v -1.184999 1.146630 0.143996
v -1.184999 1.146630 0.077996
v -1.184552 1.146390 0.143996
v -1.184552 1.146390 0.077996
v -1.184052 1.146309 0.143996
v -1.184052 1.146309 0.077996
v -1.183632 1.146408 0.143996
v -1.183632 1.146408 0.077996
v -1.183404 1.146661 0.143996
v -1.183404 1.146661 0.077996
v -1.183430 1.147001 0.143996
v -1.183430 1.147001 0.077996
v -1.183703 1.147336 0.143996
v -1.183703 1.147336 0.077996
v -1.183345 1.149948 0.147996
v -1.182398 1.149627 0.147729
v -1.201306 1.093876 0.147729
v -1.202253 1.094198 0.147996
v -1.181705 1.149392 0.146996
v -1.200613 1.093641 0.146996
v -1.181451 1.149306 0.145996
v -1.200359 1.093555 0.145996
v -1.181705 1.149392 0.144996
v -1.200613 1.093641 0.144996
v -1.182398 1.149627 0.144264
v -1.201306 1.093876 0.144264
v -1.183345 1.149948 0.143996
v -1.202253 1.094198 0.143996
v -1.184292 1.150269 0.144264
v -1.203200 1.094519 0.144264
v -1.184986 1.150504 0.144996
v -1.203894 1.094754 0.144996
v -1.185239 1.150590 0.145996
v -1.204148 1.094840 0.145996
v -1.184986 1.150504 0.146996
v -1.203894 1.094754 0.146996
v -1.184292 1.150269 0.147729
v -1.203200 1.094519 0.147729
v -1.057856 0.869125 0.104276
v -1.059873 0.869452 0.104276
v -1.059873 0.869452 -0.029702
v -1.057856 0.869125 -0.029702
v -1.061566 0.869051 0.104276
v -1.061566 0.869051 -0.029702
v -1.062483 0.868030 0.104276
v -1.062483 0.868030 -0.029702
v -1.062377 0.866661 0.104276
v -1.062377 0.866661 -0.029702
v -1.061277 0.865313 0.104276
v -1.061277 0.865313 -0.029702
v -1.059477 0.864346 0.104276
v -1.059477 0.864346 -0.029702
v -1.057461 0.864019 0.104276
v -1.057461 0.864019 -0.029702
v -1.055767 0.864420 0.104276
v -1.055767 0.864420 -0.029702
v -1.054851 0.865441 0.104276
v -1.054851 0.865441 -0.029702
v -1.054957 0.866810 0.104276
v -1.054957 0.866810 -0.029702
v -1.056057 0.868158 0.104276
v -1.056057 0.868158 -0.029702
v -1.055662 0.866796 0.106291
v -1.056553 0.867888 0.106291
v -1.055576 0.865687 0.106291
v -1.056318 0.864860 0.106291
v -1.057690 0.864535 0.106291
v -1.059323 0.864800 0.106291
v -1.060781 0.865583 0.106291
v -1.061672 0.866676 0.106291
v -1.061758 0.867784 0.106291
v -1.061015 0.868611 0.106291
v -1.059644 0.868936 0.106291
v -1.058010 0.868671 0.106291
v -1.056476 0.866779 0.107298
v -1.057126 0.867576 0.107298
v -1.056414 0.865971 0.107298
v -1.056955 0.865368 0.107298
v -1.057955 0.865131 0.107298
v -1.059145 0.865324 0.107298
v -1.060208 0.865896 0.107298
v -1.060857 0.866692 0.107298
v -1.060920 0.867500 0.107298
v -1.060379 0.868103 0.107298
v -1.059379 0.868340 0.107298
v -1.058188 0.868147 0.107298
v -1.073780 0.811260 0.038273
v -1.076299 0.811652 0.038253
v -1.076272 0.811670 0.034224
v -1.073753 0.811278 0.034244
v -1.078403 0.811135 0.038225
v -1.078375 0.811153 0.034196
v -1.079527 0.809847 0.038195
v -1.079499 0.809865 0.034166
v -1.079370 0.808133 0.038173
v -1.079343 0.808151 0.034144
v -1.077975 0.806452 0.038163
v -1.077948 0.806470 0.034134
v -1.075715 0.805255 0.038169
v -1.075688 0.805273 0.034140
v -1.073196 0.804863 0.038189
v -1.073168 0.804881 0.034160
v -1.071092 0.805380 0.038217
v -1.071065 0.805398 0.034188
v -1.069968 0.806668 0.038247
v -1.069941 0.806686 0.034217
v -1.070125 0.808382 0.038269
v -1.070097 0.808400 0.034240
v -1.071520 0.810063 0.038279
v -1.071493 0.810081 0.034250
v -1.074412 0.810366 0.102729
v -1.076427 0.810680 0.102713
v -1.075517 0.811289 -0.031256
v -1.073501 0.810975 -0.031240
v -1.078110 0.810266 0.102690
v -1.077200 0.810875 -0.031279
v -1.079009 0.809236 0.102667
v -1.078099 0.809845 -0.031302
v -1.078884 0.807864 0.102649
v -1.077973 0.808473 -0.031320
v -1.077767 0.806520 0.102641
v -1.076857 0.807129 -0.031328
v -1.075960 0.805562 0.102646
v -1.075049 0.806171 -0.031323
v -1.073944 0.805249 0.102662
v -1.073034 0.805857 -0.031308
v -1.072261 0.805662 0.102684
v -1.071351 0.806271 -0.031285
v -1.071362 0.806693 0.102708
v -1.070452 0.807302 -0.031261
v -1.071487 0.808064 0.102726
v -1.070577 0.808673 -0.031243
v -1.072603 0.809409 0.102734
v -1.071693 0.810018 -0.031236
v -1.072204 0.808036 0.104733
v -1.073108 0.809125 0.104739
v -1.072102 0.806925 0.104718
v -1.072831 0.806091 0.104699
v -1.074194 0.805755 0.104681
v -1.075826 0.806010 0.104668
v -1.077291 0.806785 0.104664
v -1.078195 0.807874 0.104671
v -1.078296 0.808985 0.104685
v -1.077568 0.809820 0.104704
v -1.076205 0.810155 0.104723
v -1.074572 0.809901 0.104736
v -1.073022 0.808010 0.105732
v -1.073681 0.808804 0.105736
v -1.072948 0.807200 0.105721
v -1.073479 0.806591 0.105707
v -1.074473 0.806347 0.105694
v -1.075663 0.806532 0.105685
v -1.076731 0.807098 0.105682
v -1.077390 0.807892 0.105686
v -1.077464 0.808702 0.105697
v -1.076933 0.809310 0.105711
v -1.075939 0.809554 0.105724
v -1.074749 0.809369 0.105734
v -1.022396 0.973679 -0.001496
v -1.024917 0.974088 -0.001496
v -1.024917 0.974088 -0.005526
v -1.022396 0.973679 -0.005526
v -1.027033 0.973587 -0.001496
v -1.027033 0.973587 -0.005526
v -1.028179 0.972310 -0.001496
v -1.028179 0.972310 -0.005526
v -1.028046 0.970600 -0.001496
v -1.028046 0.970600 -0.005526
v -1.026672 0.968914 -0.001496
v -1.026672 0.968914 -0.005526
v -1.024422 0.967705 -0.001496
v -1.024422 0.967705 -0.005526
v -1.021901 0.967296 -0.001496
v -1.021901 0.967296 -0.005526
v -1.019785 0.967798 -0.001496
v -1.019785 0.967798 -0.005526
v -1.018639 0.969074 -0.001496
v -1.018639 0.969074 -0.005526
v -1.018772 0.970785 -0.001496
v -1.018772 0.970785 -0.005526
v -1.020147 0.972470 -0.001496
v -1.020147 0.972470 -0.005526
v -1.327880 0.952629 0.012497
v -1.327170 0.952388 0.012296
v -1.344468 0.901383 0.012296
v -1.345179 0.901623 0.012497
v -1.326649 0.952212 0.011747
v -1.343948 0.901206 0.011747
v -1.326459 0.952147 0.010997
v -1.343758 0.901142 0.010997
v -1.326649 0.952212 0.010247
v -1.343948 0.901206 0.010247
v -1.327170 0.952388 0.009698
v -1.344468 0.901383 0.009698
v -1.327880 0.952629 0.009497
v -1.345179 0.901623 0.009497
v -1.328590 0.952870 0.009698
v -1.345889 0.901864 0.009698
v -1.329110 0.953046 0.010247
v -1.346409 0.902041 0.010247
v -1.329300 0.953111 0.010997
v -1.346599 0.902105 0.010997
v -1.329110 0.953046 0.011747
v -1.346409 0.902041 0.011747
v -1.328590 0.952870 0.012296
v -1.345889 0.901864 0.012296
v -1.270858 0.933951 0.037497
v -1.270147 0.933710 0.037296
v -1.287446 0.882704 0.037296
v -1.288157 0.882945 0.037497
v -1.269627 0.933534 0.036747
v -1.286926 0.882528 0.036747
v -1.269437 0.933469 0.035997
v -1.286736 0.882463 0.035997
v -1.269627 0.933534 0.035247
v -1.286926 0.882528 0.035247
v -1.270147 0.933710 0.034697
v -1.287446 0.882704 0.034698
v -1.270858 0.933951 0.034497
v -1.288157 0.882945 0.034497
v -1.271568 0.934192 0.034697
v -1.288867 0.883186 0.034698
v -1.272088 0.934368 0.035247
v -1.289387 0.883362 0.035247
v -1.272278 0.934433 0.035997
v -1.289577 0.883427 0.035997
v -1.272088 0.934368 0.036747
v -1.289387 0.883362 0.036747
v -1.271568 0.934192 0.037296
v -1.288867 0.883186 0.037296
v -1.141958 0.951951 -0.020792
v -1.141958 0.951951 -0.015618
v -1.146442 0.935616 -0.012618
v -1.146442 0.935616 -0.017792
v -1.140917 0.955020 -0.020792
v -1.039586 0.920653 -0.020792
v -1.036569 0.929549 -0.019792
v -1.137900 0.963916 -0.019792
v -1.140917 0.955020 -0.015618
v -1.040627 0.917584 -0.020792
v -1.040627 0.917584 -0.015618
v -1.039586 0.920653 -0.015618
v -1.036569 0.929549 -0.014618
v -1.137900 0.963916 -0.014618
v -1.031741 0.943783 -0.017792
v -1.133072 0.978150 -0.017792
v -1.031741 0.943783 -0.012618
v -1.133072 0.978150 -0.012618
v -1.024986 0.969929 -0.006792
v -1.126316 1.004296 -0.006792
v -1.024986 0.969929 -0.001618
v -1.126316 1.004296 -0.001618
v -1.045111 0.901249 -0.012618
v -1.045111 0.901249 -0.017792
v -1.153968 0.919652 -0.009618
v -1.153968 0.919652 -0.014792
v -1.052637 0.885285 -0.009618
v -1.052637 0.885285 -0.014792
v -1.160748 0.902774 -0.003618
v -1.160748 0.902774 -0.008792
v -1.059418 0.868407 -0.003618
v -1.059418 0.868407 -0.008792
v -1.252771 0.935269 -0.001798
v -1.255292 0.935678 -0.001798
v -1.255292 0.935678 -0.005827
v -1.252771 0.935269 -0.005827
v -1.257409 0.935177 -0.001798
v -1.257409 0.935177 -0.005827
v -1.258554 0.933900 -0.001798
v -1.258554 0.933900 -0.005827
v -1.258422 0.932190 -0.001798
v -1.258422 0.932190 -0.005827
v -1.257047 0.930504 -0.001798
v -1.257047 0.930504 -0.005827
v -1.254798 0.929295 -0.001798
v -1.254798 0.929295 -0.005827
v -1.252277 0.928886 -0.001798
v -1.252277 0.928886 -0.005827
v -1.250160 0.929387 -0.001798
v -1.250160 0.929387 -0.005827
v -1.249015 0.930664 -0.001798
v -1.249015 0.930664 -0.005827
v -1.249147 0.932375 -0.001798
v -1.249147 0.932375 -0.005827
v -1.250522 0.934060 -0.001798
v -1.250522 0.934060 -0.005827
v -1.220303 1.040840 0.116276
v -1.222320 1.041167 0.116276
v -1.222320 1.041167 -0.017702
v -1.220303 1.040840 -0.017702
v -1.224013 1.040766 0.116276
v -1.224013 1.040766 -0.017702
v -1.224930 1.039744 0.116276
v -1.224930 1.039744 -0.017702
v -1.224824 1.038376 0.116276
v -1.224824 1.038376 -0.017702
v -1.223724 1.037028 0.116276
v -1.223724 1.037028 -0.017702
v -1.221924 1.036060 0.116276
v -1.221924 1.036060 -0.017702
v -1.219908 1.035734 0.116276
v -1.219908 1.035734 -0.017702
v -1.218215 1.036135 0.116276
v -1.218215 1.036135 -0.017702
v -1.217298 1.037156 0.116276
v -1.217298 1.037156 -0.017702
v -1.217404 1.038525 0.116276
v -1.217404 1.038525 -0.017702
v -1.218504 1.039873 0.116276
v -1.218504 1.039873 -0.017702
v -1.218109 1.038510 0.118291
v -1.219000 1.039603 0.118291
v -1.218023 1.037402 0.118291
v -1.218765 1.036575 0.118291
v -1.220137 1.036250 0.118291
v -1.221771 1.036515 0.118291
v -1.223228 1.037298 0.118291
v -1.224119 1.038390 0.118291
v -1.224205 1.039499 0.118291
v -1.223462 1.040326 0.118291
v -1.222091 1.040651 0.118291
v -1.220457 1.040386 0.118291
v -1.218923 1.038494 0.119298
v -1.219573 1.039290 0.119298
v -1.218861 1.037686 0.119298
v -1.219402 1.037083 0.119298
v -1.220402 1.036846 0.119298
v -1.221593 1.037039 0.119298
v -1.222655 1.037610 0.119298
v -1.223305 1.038407 0.119298
v -1.223367 1.039214 0.119298
v -1.222826 1.039818 0.119298
v -1.221826 1.040055 0.119298
v -1.220635 1.039862 0.119298
v -1.103120 1.062921 0.019759
v -1.105641 1.063330 0.019759
v -1.105641 1.063330 0.015729
v -1.103120 1.062921 0.015729
v -1.107758 1.062829 0.019759
v -1.107758 1.062829 0.015729
v -1.108903 1.061552 0.019759
v -1.108903 1.061552 0.015729
v -1.108771 1.059841 0.019759
v -1.108771 1.059841 0.015729
v -1.107396 1.058156 0.019759
v -1.107396 1.058156 0.015729
v -1.105146 1.056947 0.019759
v -1.105146 1.056947 0.015729
v -1.102626 1.056538 0.019759
v -1.102626 1.056538 0.015729
v -1.100509 1.057039 0.019759
v -1.100509 1.057039 0.015729
v -1.099363 1.058316 0.019759
v -1.099363 1.058316 0.015729
v -1.099496 1.060027 0.019759
v -1.099496 1.060027 0.015729
v -1.100871 1.061712 0.019759
v -1.100871 1.061712 0.015729
v -1.278610 0.878368 0.038137
v -1.278350 0.879073 0.036065
v -1.273678 0.876617 0.035517
v -1.273787 0.875862 0.037585
v -1.278378 0.878810 0.033707
v -1.273909 0.876422 0.033164
v -1.278681 0.877702 0.032167
v -1.274373 0.875367 0.031627
v -1.279117 0.876267 0.032164
v -1.274852 0.873946 0.031626
v -1.279483 0.875176 0.033701
v -1.275122 0.872824 0.033160
v -1.279607 0.874941 0.036058
v -1.275057 0.872526 0.035512
v -1.279431 0.875671 0.038132
v -1.274688 0.873191 0.037582
v -1.279037 0.877024 0.038953
v -1.274186 0.874509 0.038401
v -1.284233 0.878092 0.038065
v -1.283912 0.879468 0.038883
v -1.284281 0.877321 0.035998
v -1.284035 0.877517 0.033647
v -1.283609 0.878588 0.032114
v -1.283203 0.880032 0.032115
v -1.283006 0.881175 0.033650
v -1.283111 0.881481 0.036001
v -1.283469 0.880807 0.038067
v -1.289365 0.880717 0.037174
v -1.289154 0.882127 0.037980
v -1.289289 0.879909 0.035119
v -1.288961 0.880080 0.032777
v -1.288535 0.881151 0.031244
v -1.288211 0.882621 0.031236
v -1.288139 0.883801 0.032758
v -1.288354 0.884140 0.035098
v -1.288755 0.883479 0.037160
v -1.294132 0.882907 0.036152
v -1.294004 0.884340 0.036946
v -1.293965 0.882072 0.034110
v -1.293579 0.882227 0.031777
v -1.293156 0.883299 0.030243
v -1.292894 0.884786 0.030226
v -1.292915 0.885992 0.031735
v -1.293210 0.886354 0.034063
v -1.293640 0.885701 0.036121
v -1.298979 0.885093 0.035019
v -1.298936 0.886549 0.035798
v -1.298714 0.884233 0.032995
v -1.298266 0.884371 0.030672
v -1.297844 0.885443 0.029138
v -1.297646 0.886947 0.029111
v -1.297764 0.888179 0.030602
v -1.298144 0.888563 0.032915
v -1.298607 0.887919 0.034967
v -1.304193 0.887207 0.033695
v -1.304257 0.888687 0.034453
v -1.303844 0.886327 0.031688
v -1.303373 0.886460 0.029370
v -1.303000 0.887543 0.027826
v -1.302899 0.889070 0.027779
v -1.303119 0.890326 0.029250
v -1.303555 0.890724 0.031552
v -1.304005 0.890077 0.033606
v -1.309708 0.889403 0.031924
v -1.309873 0.890905 0.032658
v -1.309256 0.888501 0.029940
v -1.308727 0.888622 0.027635
v -1.308370 0.889709 0.026088
v -1.308352 0.891253 0.026022
v -1.308680 0.892532 0.027468
v -1.309202 0.892948 0.029750
v -1.309673 0.892305 0.031800
v -1.315315 0.891454 0.030105
v -1.315584 0.892976 0.030812
v -1.314764 0.890534 0.028146
v -1.314189 0.890647 0.025853
v -1.313860 0.891739 0.024299
v -1.313930 0.893299 0.024210
v -1.314366 0.894598 0.025628
v -1.314965 0.895028 0.027891
v -1.315446 0.894387 0.029938
v -1.320770 0.893370 0.028126
v -1.321141 0.894908 0.028805
v -1.320124 0.892436 0.026195
v -1.319506 0.892541 0.023915
v -1.319205 0.893638 0.022352
v -1.319362 0.895212 0.022238
v -1.319903 0.896528 0.023626
v -1.320575 0.896969 0.025867
v -1.321064 0.896329 0.027912
v -1.326417 0.895310 0.025733
v -1.326894 0.896861 0.026378
v -1.325667 0.894362 0.023836
v -1.324996 0.894461 0.021572
v -1.324717 0.895560 0.020002
v -1.324961 0.897145 0.019860
v -1.325614 0.898475 0.021213
v -1.326370 0.898927 0.023427
v -1.326876 0.898290 0.025467
v -1.331776 0.897101 0.022848
v -1.332358 0.898662 0.023456
v -1.330925 0.896143 0.020986
v -1.330205 0.896237 0.018740
v -1.329950 0.897339 0.017161
v -1.330282 0.898933 0.016989
v -1.331044 0.900273 0.018303
v -1.331880 0.900733 0.020489
v -1.332399 0.900097 0.022524
v -1.336976 0.898821 0.019565
v -1.337661 0.900389 0.020132
v -1.336011 0.897855 0.017748
v -1.335218 0.897944 0.015531
v -1.334967 0.899046 0.013951
v -1.335376 0.900645 0.013747
v -1.336254 0.901994 0.015015
v -1.337190 0.902461 0.017162
v -1.337745 0.901827 0.019183
v -1.341067 0.900164 0.016605
v -1.341845 0.901736 0.017131
v -1.340011 0.899195 0.014828
v -1.339170 0.899282 0.012632
v -1.338938 0.900385 0.011043
v -1.339424 0.901987 0.010806
v -1.340400 0.903339 0.012031
v -1.341410 0.903809 0.014146
v -1.341980 0.903176 0.016160
v -1.345959 0.901618 0.012716
v -1.346845 0.903191 0.013190
v -1.344785 0.900648 0.010996
v -1.343872 0.900735 0.008834
v -1.343648 0.901838 0.007242
v -1.344217 0.903441 0.006965
v -1.345313 0.904793 0.008132
v -1.346423 0.905263 0.010198
v -1.347028 0.904630 0.012195
v -1.349738 0.902756 0.009100
v -1.350721 0.904326 0.009522
v -1.348473 0.901789 0.007428
v -1.347519 0.901877 0.005289
v -1.347322 0.902979 0.003682
v -1.347974 0.904579 0.003361
v -1.349170 0.905929 0.004475
v -1.350350 0.906397 0.006503
v -1.350963 0.905764 0.008497
v -1.353468 0.903659 0.005628
v -1.354535 0.905222 0.006001
v -1.352122 0.902697 0.004002
v -1.351128 0.902788 0.001885
v -1.350951 0.903888 0.000268
v -1.351673 0.905484 -0.000094
v -1.352957 0.906827 0.000970
v -1.354202 0.907291 0.002961
v -1.354825 0.906657 0.004948
v -1.359163 0.907644 0.000289
v -1.358521 0.908280 -0.001686
v -1.354202 0.907291 0.002961
v -1.354825 0.906657 0.004948
v -1.357190 0.907826 -0.003624
v -1.352957 0.906827 0.000970
v -1.355794 0.906495 -0.004618
v -1.351673 0.905484 -0.000094
v -1.354985 0.904909 -0.004202
v -1.350951 0.903888 0.000268
v -1.355142 0.903811 -0.002572
v -1.351128 0.902788 0.001885
v -1.356191 0.903714 -0.000490
v -1.352122 0.902697 0.004002
v -1.357642 0.904664 0.001070
v -1.353468 0.903659 0.005628
v -1.358816 0.906216 0.001378
v -1.354535 0.905222 0.006001
v -1.361265 0.905524 -0.003128
v -1.362512 0.907065 -0.002870
v -1.359745 0.904585 -0.004642
v -1.358663 0.904687 -0.006702
v -1.358525 0.905782 -0.008345
v -1.359396 0.907358 -0.008803
v -1.360868 0.908678 -0.007860
v -1.362253 0.909123 -0.005959
v -1.362902 0.908486 -0.003988
v -1.364797 0.906325 -0.007192
v -1.366113 0.907853 -0.006983
v -1.363214 0.905398 -0.008660
v -1.362105 0.905506 -0.010701
v -1.361989 0.906597 -0.012360
v -1.362920 0.908161 -0.012860
v -1.364462 0.909467 -0.011967
v -1.365894 0.909903 -0.010100
v -1.366546 0.909266 -0.008132
v -1.368198 0.907368 -0.011265
v -1.369562 0.908884 -0.011093
v -1.366585 0.906448 -0.012711
v -1.365477 0.906555 -0.014754
v -1.365394 0.907638 -0.016437
v -1.366373 0.909191 -0.016973
v -1.367957 0.910488 -0.016112
v -1.369405 0.910920 -0.014256
v -1.370038 0.910287 -0.012273
v -1.371630 0.908331 -0.015222
v -1.373038 0.909835 -0.015083
v -1.369991 0.907418 -0.016649
v -1.368889 0.907523 -0.018695
v -1.368840 0.908598 -0.020404
v -1.369866 0.910139 -0.020975
v -1.371487 0.911425 -0.020142
v -1.372945 0.911855 -0.018294
v -1.373558 0.911227 -0.016296
v -1.375981 0.909079 -0.018989
v -1.377443 0.910567 -0.018890
v -1.374293 0.908180 -0.020378
v -1.373170 0.908292 -0.022407
v -1.373136 0.909362 -0.024128
v -1.374207 0.910889 -0.024734
v -1.375883 0.912160 -0.023943
v -1.377378 0.912578 -0.022124
v -1.377995 0.911949 -0.020128
v -1.379534 0.909447 -0.023238
v -1.381060 0.910913 -0.023192
v -1.377794 0.908567 -0.024584
v -1.376653 0.908685 -0.026599
v -1.376645 0.909746 -0.028342
v -1.377775 0.911253 -0.028995
v -1.379513 0.912502 -0.028255
v -1.381046 0.912907 -0.026466
v -1.381657 0.912280 -0.024467
v -1.159127 0.903785 0.039200
v -1.160081 0.904108 0.038930
v -1.126444 1.003285 0.038930
v -1.125490 1.002962 0.039200
v -1.160779 0.904345 0.038193
v -1.127142 1.003522 0.038193
v -1.161035 0.904432 0.037185
v -1.127398 1.003609 0.037185
v -1.160779 0.904345 0.036178
v -1.127142 1.003522 0.036178
v -1.160081 0.904108 0.035441
v -1.126444 1.003285 0.035440
v -1.159127 0.903785 0.035171
v -1.125490 1.002962 0.035171
v -1.158173 0.903461 0.035441
v -1.124536 1.002638 0.035440
v -1.157474 0.903224 0.036178
v -1.123838 1.002401 0.036178
v -1.157219 0.903138 0.037185
v -1.123582 1.002315 0.037185
v -1.157474 0.903224 0.038193
v -1.123838 1.002401 0.038193
v -1.158173 0.903461 0.038930
v -1.124536 1.002638 0.038930
v -1.252771 0.935269 0.039504
v -1.255292 0.935678 0.039504
v -1.255292 0.935678 0.035474
v -1.252771 0.935269 0.035474
v -1.257409 0.935177 0.039504
v -1.257409 0.935177 0.035474
v -1.258554 0.933900 0.039504
v -1.258554 0.933900 0.035474
v -1.258422 0.932190 0.039504
v -1.258422 0.932190 0.035474
v -1.257047 0.930504 0.039504
v -1.257047 0.930504 0.035474
v -1.254798 0.929295 0.039504
v -1.254798 0.929295 0.035474
v -1.252277 0.928886 0.039504
v -1.252277 0.928886 0.035474
v -1.250160 0.929387 0.039504
v -1.250160 0.929387 0.035474
v -1.249015 0.930664 0.039504
v -1.249015 0.930664 0.035474
v -1.249147 0.932375 0.039504
v -1.249147 0.932375 0.035474
v -1.250522 0.934060 0.039504
v -1.250522 0.934060 0.035474
v -1.022599 0.973082 0.104276
v -1.024615 0.973409 0.104276
v -1.024615 0.973409 -0.029702
v -1.022599 0.973082 -0.029702
v -1.026309 0.973008 0.104276
v -1.026309 0.973008 -0.029702
v -1.027225 0.971986 0.104276
v -1.027225 0.971986 -0.029702
v -1.027119 0.970618 0.104276
v -1.027119 0.970618 -0.029702
v -1.026019 0.969270 0.104276
v -1.026019 0.969270 -0.029702
v -1.024220 0.968302 0.104276
v -1.024220 0.968302 -0.029702
v -1.022203 0.967975 0.104276
v -1.022203 0.967975 -0.029702
v -1.020510 0.968376 0.104276
v -1.020510 0.968376 -0.029702
v -1.019593 0.969398 0.104276
v -1.019593 0.969398 -0.029702
v -1.019699 0.970766 0.104276
v -1.019699 0.970766 -0.029702
v -1.020799 0.972115 0.104276
v -1.020799 0.972115 -0.029702
v -1.020404 0.970752 0.106291
v -1.021295 0.971844 0.106291
v -1.020318 0.969644 0.106291
v -1.021061 0.968817 0.106291
v -1.022432 0.968492 0.106291
v -1.024066 0.968756 0.106291
v -1.025523 0.969540 0.106291
v -1.026414 0.970632 0.106291
v -1.026500 0.971741 0.106291
v -1.025758 0.972568 0.106291
v -1.024386 0.972893 0.106291
v -1.022753 0.972628 0.106291
v -1.021218 0.970736 0.107298
v -1.021868 0.971532 0.107298
v -1.021156 0.969928 0.107298
v -1.021697 0.969325 0.107298
v -1.022697 0.969088 0.107298
v -1.023888 0.969281 0.107298
v -1.024950 0.969852 0.107298
v -1.025600 0.970648 0.107298
v -1.025662 0.971456 0.107298
v -1.025121 0.972060 0.107298
v -1.024121 0.972296 0.107298
v -1.022931 0.972103 0.107298
v -1.103120 1.062921 -0.002403
v -1.105641 1.063330 -0.002403
v -1.105641 1.063330 -0.006432
v -1.103120 1.062921 -0.006432
v -1.107758 1.062829 -0.002403
v -1.107758 1.062829 -0.006432
v -1.108903 1.061552 -0.002403
v -1.108903 1.061552 -0.006432
v -1.108771 1.059841 -0.002403
v -1.108771 1.059841 -0.006432
v -1.107396 1.058156 -0.002403
v -1.107396 1.058156 -0.006432
v -1.105146 1.056947 -0.002403
v -1.105146 1.056947 -0.006432
v -1.102626 1.056538 -0.002403
v -1.102626 1.056538 -0.006432
v -1.100509 1.057039 -0.002403
v -1.100509 1.057039 -0.006432
v -1.099363 1.058316 -0.002403
v -1.099363 1.058316 -0.006432
v -1.099496 1.060026 -0.002403
v -1.099496 1.060026 -0.006432
v -1.100871 1.061712 -0.002403
v -1.100871 1.061712 -0.006432
v -1.031335 1.138291 0.205420
v -1.029051 1.137576 0.205420
v -1.029051 1.137576 -0.030998
v -1.031335 1.138291 -0.030998
v -1.027047 1.137958 0.205420
v -1.027047 1.137958 -0.030998
v -1.026260 1.139260 0.205420
v -1.026260 1.139260 -0.030998
v -1.027059 1.140871 0.205420
v -1.027059 1.140871 -0.030998
v -1.029070 1.142039 0.205420
v -1.029070 1.142039 -0.030998
v -1.031351 1.142215 0.205420
v -1.031351 1.142215 -0.030998
v -1.032836 1.141319 0.205420
v -1.032836 1.141319 -0.030998
v -1.032830 1.139769 0.205420
v -1.032830 1.139769 -0.030998
v -1.108872 1.062857 0.016996
v -1.127981 1.006514 0.016996
v -1.127981 1.006514 0.020996
v -1.108872 1.062857 0.020996
v -1.200732 1.094012 0.016997
v -1.200732 1.094012 0.020997
v -1.219842 1.037669 0.020997
v -1.219842 1.037669 0.016997
v -0.993671 1.086624 0.206580
v -0.995688 1.086951 0.206580
v -0.994540 1.087222 -0.025398
v -0.992523 1.086896 -0.025398
v -0.997381 1.086550 0.206580
v -0.996233 1.086822 -0.025398
v -0.998298 1.085528 0.206580
v -0.997149 1.085800 -0.025398
v -0.998192 1.084160 0.206580
v -0.997044 1.084432 -0.025398
v -0.997092 1.082811 0.206580
v -0.995943 1.083083 -0.025398
v -0.995292 1.081844 0.206580
v -0.994144 1.082116 -0.025398
v -0.993276 1.081517 0.206580
v -0.992128 1.081789 -0.025398
v -0.991582 1.081918 0.206580
v -0.990434 1.082190 -0.025398
v -0.990666 1.082940 0.206580
v -0.989518 1.083212 -0.025398
v -0.990772 1.084308 0.206580
v -0.989624 1.084580 -0.025398
v -0.991872 1.085656 0.206580
v -0.990724 1.085928 -0.025398
v -0.991477 1.084294 0.208594
v -0.992368 1.085386 0.208594
v -0.991391 1.083186 0.208594
v -0.992133 1.082358 0.208594
v -0.993505 1.082033 0.208594
v -0.995138 1.082298 0.208594
v -0.996596 1.083082 0.208594
v -0.997487 1.084174 0.208594
v -0.997573 1.085282 0.208594
v -0.996830 1.086110 0.208594
v -0.995459 1.086434 0.208594
v -0.993825 1.086170 0.208594
v -0.992291 1.084278 0.209602
v -0.992941 1.085074 0.209602
v -0.992229 1.083470 0.209602
v -0.992770 1.082867 0.209602
v -0.993770 1.082630 0.209602
v -0.994960 1.082823 0.209602
v -0.996023 1.083394 0.209602
v -0.996673 1.084190 0.209602
v -0.996735 1.084998 0.209602
v -0.996194 1.085601 0.209602
v -0.995194 1.085838 0.209602
v -0.994003 1.085645 0.209602
v -1.159127 0.903785 0.020060
v -1.160081 0.904108 0.019790
v -1.126444 1.003285 0.019790
v -1.125490 1.002962 0.020060
v -1.160779 0.904345 0.019053
v -1.127142 1.003522 0.019053
v -1.161035 0.904432 0.018046
v -1.127398 1.003609 0.018046
v -1.160779 0.904345 0.017038
v -1.127142 1.003522 0.017038
v -1.160081 0.904108 0.016301
v -1.126444 1.003285 0.016301
v -1.159127 0.903785 0.016031
v -1.125490 1.002962 0.016031
v -1.158173 0.903461 0.016301
v -1.124536 1.002638 0.016301
v -1.157474 0.903224 0.017038
v -1.123838 1.002401 0.017038
v -1.157219 0.903138 0.018046
v -1.123582 1.002315 0.018046
v -1.157474 0.903224 0.019053
v -1.123838 1.002401 0.019053
v -1.158173 0.903461 0.019790
v -1.124536 1.002638 0.019790
v -1.086446 1.118851 0.200306
v -1.084311 1.118130 0.199497
v -1.086900 1.115621 0.201271
v -1.089075 1.116254 0.202038
v -1.083070 1.117980 0.197480
v -1.085622 1.115554 0.199294
v -1.083304 1.118471 0.195199
v -1.085838 1.116083 0.197033
v -1.084903 1.119373 0.193722
v -1.087448 1.116963 0.195544
v -1.087119 1.120264 0.193739
v -1.089697 1.117780 0.195526
v -1.088915 1.120727 0.195243
v -1.091534 1.118153 0.196986
v -1.089451 1.120546 0.197529
v -1.092099 1.117907 0.199241
v -1.088476 1.119805 0.199529
v -1.091128 1.117157 0.201236
v -1.088609 1.124001 0.198985
v -1.087629 1.123271 0.200989
v -1.088099 1.124136 0.196679
v -1.086336 1.123611 0.195148
v -1.084146 1.122673 0.195110
v -1.082553 1.121760 0.196583
v -1.082303 1.121300 0.198877
v -1.083512 1.121507 0.200918
v -1.085616 1.122285 0.201753
v -1.086577 1.126942 0.200519
v -1.085599 1.126207 0.202521
v -1.086100 1.127025 0.198192
v -1.084393 1.126415 0.196628
v -1.082253 1.125400 0.196561
v -1.080682 1.124453 0.198020
v -1.080415 1.124018 0.200324
v -1.081577 1.124298 0.202394
v -1.083624 1.125163 0.203261
v -1.084514 1.129676 0.201517
v -1.083531 1.128948 0.203522
v -1.084078 1.129706 0.199173
v -1.082428 1.129023 0.197585
v -1.080335 1.127947 0.197497
v -1.078779 1.126981 0.198950
v -1.078488 1.126578 0.201264
v -1.079597 1.126925 0.203356
v -1.081589 1.127861 0.204248
v -1.081818 1.132286 0.202365
v -1.080832 1.131561 0.204370
v -1.081420 1.132274 0.200009
v -1.079823 1.131532 0.198404
v -1.077775 1.130406 0.198302
v -1.076234 1.129422 0.199750
v -1.075922 1.129043 0.202071
v -1.076983 1.129444 0.204179
v -1.078923 1.130438 0.205087
v -1.078600 1.134695 0.203134
v -1.077600 1.133983 0.205142
v -1.078250 1.134635 0.200767
v -1.076713 1.133832 0.199150
v -1.074710 1.132662 0.199038
v -1.073176 1.131672 0.200485
v -1.072831 1.131325 0.202813
v -1.073835 1.131784 0.204933
v -1.075718 1.132834 0.205853
v -1.075274 1.136665 0.203839
v -1.074254 1.135972 0.205850
v -1.074968 1.136564 0.201466
v -1.073479 1.135718 0.199843
v -1.071504 1.134521 0.199728
v -1.069967 1.133535 0.201175
v -1.069587 1.133219 0.203507
v -1.070542 1.133723 0.205633
v -1.072385 1.134810 0.206558
v -1.071060 1.138106 0.204562
v -1.070030 1.137421 0.206574
v -1.070808 1.137961 0.202187
v -1.069392 1.137053 0.200559
v -1.067475 1.135808 0.200441
v -1.065954 1.134807 0.201887
v -1.065540 1.134521 0.204222
v -1.066427 1.135081 0.206351
v -1.068201 1.136227 0.207281
v -1.066673 1.139965 0.205120
v -1.065629 1.139291 0.207132
v -1.066487 1.139771 0.202747
v -1.065157 1.138800 0.201121
v -1.063306 1.137505 0.201004
v -1.061801 1.136493 0.202450
v -1.061345 1.136238 0.204784
v -1.062151 1.136858 0.206912
v -1.063844 1.138064 0.207839
v -1.062401 1.141457 0.205636
v -1.061363 1.140779 0.207648
v -1.062281 1.141221 0.203268
v -1.061057 1.140182 0.201651
v -1.059304 1.138826 0.201543
v -1.057840 1.137787 0.202993
v -1.057352 1.137552 0.205323
v -1.058067 1.138231 0.207444
v -1.059651 1.139505 0.208362
v -1.057930 1.142832 0.205903
v -1.056874 1.142164 0.207913
v -1.057881 1.142557 0.203545
v -1.056750 1.141467 0.201942
v -1.055067 1.140072 0.201843
v -1.053618 1.139025 0.203295
v -1.053082 1.138817 0.205619
v -1.053710 1.139543 0.207727
v -1.055207 1.140865 0.208633
v -1.052779 1.143844 0.206035
v -1.051728 1.143173 0.208045
v -1.052809 1.143532 0.203692
v -1.051803 1.142383 0.202113
v -1.050232 1.140935 0.202036
v -1.048832 1.139866 0.203498
v -1.048257 1.139675 0.205814
v -1.048777 1.140453 0.207901
v -1.050148 1.141834 0.208782
v -1.046819 1.144288 0.205901
v -1.045763 1.143619 0.207910
v -1.046965 1.143932 0.203587
v -1.046134 1.142718 0.202051
v -1.044714 1.141215 0.202011
v -1.043369 1.140125 0.203486
v -1.042729 1.139958 0.205786
v -1.043094 1.140793 0.207835
v -1.044292 1.142239 0.208674
v -1.040299 1.144005 0.205584
v -1.039251 1.143334 0.207595
v -1.040547 1.143620 0.203299
v -1.039879 1.142360 0.201811
v -1.038609 1.140814 0.201815
v -1.037329 1.139706 0.203310
v -1.036640 1.139553 0.205596
v -1.036863 1.140428 0.207603
v -1.037894 1.141921 0.208393
v -1.034734 1.143431 0.206100
v -1.033733 1.142751 0.208126
v -1.035073 1.143029 0.203845
v -1.034592 1.141733 0.202417
v -1.033516 1.140150 0.202484
v -1.032349 1.139020 0.204015
v -1.031636 1.138872 0.206293
v -1.031711 1.139775 0.208253
v -1.032539 1.141307 0.208977
v -1.028077 1.141279 0.205393
v -1.027115 1.140596 0.207433
v -1.028587 1.140863 0.203198
v -1.028405 1.139542 0.201876
v -1.027617 1.137934 0.202044
v -1.026591 1.136792 0.203625
v -1.025807 1.136650 0.205878
v -1.025633 1.137574 0.207750
v -1.026149 1.139133 0.208363
v -1.020360 1.136786 0.208698
v -1.020101 1.135233 0.208181
v -1.025633 1.137574 0.207750
v -1.026149 1.139133 0.208363
v -1.020452 1.134312 0.206376
v -1.025807 1.136650 0.205878
v -1.021248 1.134454 0.204128
v -1.026591 1.136792 0.203625
v -1.022117 1.135593 0.202488
v -1.027617 1.137934 0.202044
v -1.022652 1.137196 0.202224
v -1.028405 1.139542 0.201876
v -1.022603 1.138512 0.203459
v -1.028587 1.140863 0.203198
v -1.021993 1.138927 0.205616
v -1.028077 1.141279 0.205393
v -1.021107 1.138245 0.207685
v -1.027115 1.140596 0.207433
v -1.016586 1.135581 0.205195
v -1.015767 1.134908 0.207290
v -1.017393 1.135192 0.203116
v -1.017810 1.133923 0.202028
v -1.017642 1.132369 0.202438
v -1.016968 1.131255 0.204155
v -1.016103 1.131104 0.206376
v -1.015452 1.131986 0.208061
v -1.015319 1.133488 0.208422
v -1.011760 1.132666 0.204680
v -1.011023 1.132013 0.206810
v -1.012687 1.132306 0.202652
v -1.013369 1.131102 0.201675
v -1.013488 1.129618 0.202206
v -1.012988 1.128547 0.203996
v -1.012103 1.128391 0.206209
v -1.011247 1.129223 0.207808
v -1.010821 1.130653 0.208045
v -1.007943 1.129071 0.204900
v -1.007243 1.128431 0.207047
v -1.009008 1.128759 0.202933
v -1.009941 1.127641 0.202066
v -1.010304 1.126240 0.202704
v -1.009929 1.125212 0.204550
v -1.008990 1.125037 0.206739
v -1.007927 1.125798 0.208247
v -1.007237 1.127138 0.208368
v -1.003802 1.125386 0.203852
v -1.003134 1.124760 0.206013
v -1.005001 1.125132 0.201948
v -1.006170 1.124118 0.201192
v -1.006762 1.122818 0.201939
v -1.006501 1.121840 0.203838
v -1.005508 1.121642 0.206001
v -1.004248 1.122316 0.207416
v -1.003311 1.123548 0.207421
v -1.001241 1.121780 0.204119
v -1.000610 1.121174 0.206299
v -1.002510 1.121564 0.202250
v -1.003824 1.120626 0.201567
v -1.004567 1.119406 0.202388
v -1.004392 1.118473 0.204330
v -1.003380 1.118265 0.206484
v -1.002006 1.118879 0.207843
v -1.000912 1.120028 0.207769
v -0.998279 1.117936 0.203271
v -0.997684 1.117352 0.205469
v -0.999657 1.117787 0.201458
v -1.001171 1.116975 0.200879
v -1.002114 1.115879 0.201805
v -1.002044 1.115013 0.203802
v -1.000995 1.114781 0.205936
v -0.999456 1.115292 0.207209
v -0.998148 1.116307 0.207024
v -0.995800 1.113819 0.202257
v -0.995219 1.113244 0.204463
v -0.997269 1.113738 0.200496
v -0.998938 1.113041 0.200003
v -1.000026 1.112052 0.201009
v -1.000023 1.111236 0.203044
v -0.998932 1.110973 0.205155
v -0.997262 1.111387 0.206354
v -0.995796 1.112284 0.206081
v -0.994370 1.109805 0.201534
v -0.993795 1.109237 0.203745
v -0.995925 1.109800 0.199826
v -0.997734 1.109225 0.199420
v -0.998950 1.108349 0.200505
v -0.999004 1.107581 0.202574
v -0.997871 1.107282 0.204659
v -0.996080 1.107590 0.205784
v -0.994471 1.108362 0.205423
v -0.992533 1.105825 0.200219
v -0.991980 1.105281 0.202444
v -0.994177 1.105914 0.198571
v -0.996144 1.105505 0.198272
v -0.997513 1.104791 0.199462
v -0.997643 1.104105 0.201584
v -0.996475 1.103768 0.203645
v -0.994553 1.103938 0.204681
v -0.992778 1.104535 0.204207
v -0.990380 1.101963 0.198265
v -0.989808 1.101393 0.200476
v -0.992087 1.102130 0.196666
v -0.994129 1.101817 0.196427
v -0.995552 1.101170 0.197658
v -0.995689 1.100492 0.199785
v -0.994476 1.100100 0.201812
v -0.992482 1.100178 0.202790
v -0.990638 1.100688 0.202263
v -0.989246 1.097952 0.197222
v -0.988706 1.097431 0.199460
v -0.990997 1.098188 0.195662
v -0.993139 1.098027 0.195511
v -0.994670 1.097545 0.196839
v -0.994874 1.096967 0.199025
v -0.993654 1.096565 0.201045
v -0.991583 1.096526 0.201956
v -0.989628 1.096868 0.201329
v -0.988597 1.093986 0.196178
v -0.988063 1.093476 0.198422
v -0.990389 1.094302 0.194661
v -0.992601 1.094276 0.194581
v -0.994196 1.093921 0.195975
v -0.994429 1.093402 0.198191
v -0.993191 1.092962 0.200192
v -0.991061 1.092808 0.201042
v -0.989035 1.093010 0.200343
v -0.988334 1.090097 0.196287
v -0.987806 1.089605 0.198540
v -0.990152 1.090481 0.194803
v -0.992410 1.090578 0.194783
v -0.994052 1.090341 0.196234
v -0.994308 1.089882 0.198480
v -0.993060 1.089416 0.200468
v -0.990890 1.089160 0.201269
v -0.988816 1.089235 0.200507
v -0.989760 1.086962 0.196890
v -0.989234 1.086475 0.199145
v -0.991596 1.087408 0.195434
v -0.993882 1.087602 0.195458
v -0.995548 1.087456 0.196951
v -0.995816 1.087036 0.199214
v -0.994559 1.086540 0.201189
v -0.992366 1.086199 0.201951
v -0.990263 1.086174 0.201144
v -0.991935 1.084272 0.197177
v -0.991403 1.083760 0.199421
v -0.993781 1.084767 0.195744
v -0.996078 1.085016 0.195792
v -0.997751 1.084900 0.197299
v -0.998017 1.084475 0.199560
v -0.996752 1.083940 0.201517
v -0.994548 1.083544 0.202254
v -0.992435 1.083473 0.201426
v -1.057491 0.870201 0.020602
v -1.059994 0.870607 0.020602
v -1.059994 0.870607 0.016602
v -1.057491 0.870201 0.016602
v -1.062095 0.870109 0.020602
v -1.062095 0.870109 0.016602
v -1.063232 0.868842 0.020602
v -1.063232 0.868842 0.016602
v -1.063101 0.867144 0.020602
v -1.063101 0.867144 0.016602
v -1.061736 0.865470 0.020602
v -1.061736 0.865470 0.016602
v -1.059503 0.864270 0.020602
v -1.059503 0.864270 0.016602
v -1.057001 0.863864 0.020602
v -1.057001 0.863864 0.016602
v -1.054899 0.864362 0.020602
v -1.054899 0.864362 0.016602
v -1.053762 0.865630 0.020602
v -1.053762 0.865630 0.016602
v -1.053894 0.867328 0.020602
v -1.053894 0.867328 0.016602
v -1.055259 0.869001 0.020602
v -1.055259 0.869001 0.016602
v -1.104471 1.062052 0.201369
v -1.106487 1.062379 0.201369
v -1.105339 1.062651 -0.030609
v -1.103323 1.062324 -0.030609
v -1.108181 1.061978 0.201369
v -1.107033 1.062250 -0.030609
v -1.109097 1.060956 0.201369
v -1.107949 1.061228 -0.030609
v -1.108991 1.059588 0.201369
v -1.107843 1.059860 -0.030609
v -1.107891 1.058239 0.201369
v -1.106743 1.058511 -0.030609
v -1.106092 1.057272 0.201369
v -1.104944 1.057544 -0.030609
v -1.104075 1.056945 0.201369
v -1.102927 1.057217 -0.030609
v -1.102382 1.057346 0.201369
v -1.101234 1.057618 -0.030609
v -1.101465 1.058368 0.201369
v -1.100317 1.058640 -0.030609
v -1.101572 1.059736 0.201369
v -1.100423 1.060008 -0.030609
v -1.102672 1.061085 0.201369
v -1.101523 1.061356 -0.030609
v -1.102276 1.059722 0.203384
v -1.103167 1.060814 0.203384
v -1.102190 1.058614 0.203384
v -1.102933 1.057786 0.203384
v -1.104304 1.057462 0.203384
v -1.105938 1.057726 0.203384
v -1.107395 1.058510 0.203384
v -1.108286 1.059602 0.203384
v -1.108372 1.060710 0.203384
v -1.107630 1.061538 0.203384
v -1.106258 1.061863 0.203384
v -1.104625 1.061598 0.203384
v -1.103091 1.059706 0.204391
v -1.103740 1.060502 0.204391
v -1.103028 1.058898 0.204391
v -1.103569 1.058295 0.204391
v -1.104569 1.058058 0.204391
v -1.105760 1.058251 0.204391
v -1.106822 1.058822 0.204391
v -1.107472 1.059618 0.204391
v -1.107535 1.060426 0.204391
v -1.106993 1.061029 0.204391
v -1.105994 1.061266 0.204391
v -1.104803 1.061073 0.204391
v -1.086750 1.117187 0.064997
v -1.105859 1.060843 0.064996
v -1.105859 1.060843 0.068996
v -1.086750 1.117187 0.068996
v -1.178610 1.148342 0.064997
v -1.178610 1.148342 0.068997
v -1.197719 1.091999 0.068997
v -1.197719 1.091999 0.064997
v -1.175881 0.844425 0.101586
v -1.177896 0.844739 0.101570
v -1.176986 0.845348 -0.032399
v -1.174971 0.845034 -0.032384
v -1.179579 0.844325 0.101547
v -1.178669 0.844934 -0.032422
v -1.180478 0.843294 0.101524
v -1.179568 0.843903 -0.032445
v -1.180353 0.841923 0.101506
v -1.179443 0.842532 -0.032464
v -1.179237 0.840578 0.101498
v -1.178326 0.841187 -0.032471
v -1.177429 0.839621 0.101503
v -1.176519 0.840230 -0.032467
v -1.175413 0.839307 0.101518
v -1.174503 0.839916 -0.032451
v -1.173730 0.839721 0.101541
v -1.172820 0.840330 -0.032428
v -1.172831 0.840751 0.101564
v -1.171921 0.841360 -0.032405
v -1.172957 0.842123 0.101583
v -1.172046 0.842732 -0.032387
v -1.174073 0.843467 0.101590
v -1.173163 0.844076 -0.032379
v -1.173673 0.842095 0.103590
v -1.174577 0.843184 0.103596
v -1.173572 0.840984 0.103575
v -1.174300 0.840149 0.103556
v -1.175663 0.839814 0.103538
v -1.177295 0.840068 0.103525
v -1.178760 0.840844 0.103521
v -1.179664 0.841933 0.103527
v -1.179765 0.843044 0.103542
v -1.179037 0.843878 0.103561
v -1.177674 0.844214 0.103579
v -1.176041 0.843959 0.103592
v -1.174492 0.842068 0.104589
v -1.175151 0.842862 0.104593
v -1.174418 0.841258 0.104578
v -1.174949 0.840650 0.104564
v -1.175942 0.840405 0.104551
v -1.177132 0.840591 0.104541
v -1.178200 0.841156 0.104539
v -1.178859 0.841950 0.104543
v -1.178933 0.842760 0.104554
v -1.178402 0.843368 0.104568
v -1.177408 0.843613 0.104581
v -1.176218 0.843428 0.104590
v -0.896019 1.053866 0.207974
v -0.898035 1.054193 0.207974
v -0.896887 1.054464 -0.024003
v -0.894871 1.054138 -0.024003
v -0.899729 1.053792 0.207974
v -0.898580 1.054063 -0.024003
v -0.900645 1.052770 0.207974
v -0.899497 1.053042 -0.024003
v -0.900539 1.051402 0.207974
v -0.899391 1.051674 -0.024003
v -0.899439 1.050053 0.207974
v -0.898291 1.050325 -0.024003
v -0.897640 1.049086 0.207974
v -0.896491 1.049358 -0.024003
v -0.895623 1.048759 0.207974
v -0.894475 1.049031 -0.024003
v -0.893930 1.049160 0.207974
v -0.892782 1.049432 -0.024003
v -0.893013 1.050182 0.207974
v -0.891865 1.050454 -0.024003
v -0.893119 1.051550 0.207974
v -0.891971 1.051822 -0.024003
v -0.894219 1.052898 0.207974
v -0.893071 1.053170 -0.024003
v -0.893824 1.051536 0.209989
v -0.894715 1.052628 0.209989
v -0.893738 1.050427 0.209989
v -0.894481 1.049600 0.209989
v -0.895852 1.049275 0.209989
v -0.897486 1.049540 0.209989
v -0.898943 1.050324 0.209989
v -0.899834 1.051416 0.209989
v -0.899920 1.052524 0.209989
v -0.899178 1.053352 0.209989
v -0.897806 1.053676 0.209989
v -0.896173 1.053412 0.209989
v -0.894639 1.051520 0.210996
v -0.895288 1.052316 0.210996
v -0.894576 1.050712 0.210996
v -0.895117 1.050108 0.210996
v -0.896117 1.049872 0.210996
v -0.897308 1.050065 0.210996
v -0.898370 1.050636 0.210996
v -0.899020 1.051432 0.210996
v -0.899082 1.052240 0.210996
v -0.898541 1.052843 0.210996
v -0.897541 1.053080 0.210996
v -0.896351 1.052887 0.210996
v -1.306844 0.946156 0.026497
v -1.306134 0.945915 0.026296
v -1.323433 0.894909 0.026296
v -1.324143 0.895150 0.026497
v -1.305614 0.945739 0.025747
v -1.322913 0.894733 0.025747
v -1.305424 0.945674 0.024997
v -1.322723 0.894669 0.024997
v -1.305614 0.945739 0.024247
v -1.322913 0.894733 0.024247
v -1.306134 0.945915 0.023698
v -1.323433 0.894909 0.023698
v -1.306844 0.946156 0.023497
v -1.324143 0.895150 0.023497
v -1.307554 0.946397 0.023698
v -1.324854 0.895391 0.023698
v -1.308074 0.946573 0.024247
v -1.325373 0.895567 0.024247
v -1.308265 0.946638 0.024997
v -1.325564 0.895632 0.024997
v -1.308074 0.946573 0.025747
v -1.325373 0.895567 0.025747
v -1.307554 0.946397 0.026296
v -1.324854 0.895391 0.026296
v -1.022396 0.973679 0.020666
v -1.024917 0.974088 0.020666
v -1.024917 0.974088 0.016636
v -1.022396 0.973679 0.016636
v -1.027033 0.973587 0.020666
v -1.027033 0.973587 0.016636
v -1.028179 0.972310 0.020666
v -1.028179 0.972310 0.016636
v -1.028046 0.970600 0.020666
v -1.028046 0.970600 0.016636
v -1.026672 0.968914 0.020666
v -1.026672 0.968914 0.016636
v -1.024422 0.967705 0.020666
v -1.024422 0.967705 0.016636
v -1.021901 0.967296 0.020666
v -1.021901 0.967296 0.016636
v -1.019785 0.967798 0.020666
v -1.019785 0.967798 0.016636
v -1.018639 0.969074 0.020666
v -1.018639 0.969074 0.016636
v -1.018772 0.970785 0.020666
v -1.018772 0.970785 0.016636
v -1.020147 0.972470 0.020666
v -1.020147 0.972470 0.016636
v -1.009263 1.028082 -0.006004
v -1.028373 0.971739 -0.006003
v -1.028373 0.971739 -0.002003
v -1.009263 1.028082 -0.002003
v -1.101124 1.059237 -0.006003
v -1.101124 1.059237 -0.002003
v -1.120233 1.002894 -0.002003
v -1.120233 1.002894 -0.006003
v -1.288851 0.940053 0.032497
v -1.288141 0.939813 0.032296
v -1.305440 0.888807 0.032296
v -1.306150 0.889048 0.032497
v -1.287621 0.939636 0.031747
v -1.304920 0.888630 0.031747
v -1.287430 0.939572 0.030997
v -1.304729 0.888566 0.030997
v -1.287621 0.939636 0.030247
v -1.304920 0.888630 0.030247
v -1.288141 0.939813 0.029698
v -1.305440 0.888807 0.029698
v -1.288851 0.940053 0.029497
v -1.306150 0.889048 0.029497
v -1.289561 0.940294 0.029698
v -1.306860 0.889289 0.029698
v -1.290081 0.940471 0.030247
v -1.307380 0.889465 0.030247
v -1.290271 0.940535 0.030997
v -1.307570 0.889529 0.030997
v -1.290081 0.940471 0.031747
v -1.307380 0.889465 0.031747
v -1.289561 0.940294 0.032296
v -1.306860 0.889289 0.032296
v -1.158924 0.904382 -0.002101
v -1.161445 0.904791 -0.002101
v -1.161445 0.904791 -0.006131
v -1.158924 0.904382 -0.006131
v -1.163561 0.904290 -0.002101
v -1.163561 0.904290 -0.006131
v -1.164707 0.903013 -0.002101
v -1.164707 0.903013 -0.006131
v -1.164575 0.901302 -0.002101
v -1.164575 0.901302 -0.006131
v -1.163199 0.899617 -0.002101
v -1.163199 0.899617 -0.006131
v -1.160950 0.898408 -0.002101
v -1.160950 0.898408 -0.006131
v -1.158430 0.897999 -0.002101
v -1.158430 0.897999 -0.006131
v -1.156313 0.898500 -0.002101
v -1.156313 0.898500 -0.006131
v -1.155167 0.899777 -0.002101
v -1.155167 0.899777 -0.006131
v -1.155300 0.901488 -0.002101
v -1.155300 0.901488 -0.006131
v -1.156675 0.903173 -0.002101
v -1.156675 0.903173 -0.006131
v -1.057654 0.869723 0.039805
v -1.060174 0.870131 0.039805
v -1.060174 0.870131 0.035776
v -1.057654 0.869723 0.035776
v -1.062291 0.869630 0.039805
v -1.062291 0.869630 0.035776
v -1.063437 0.868353 0.039805
v -1.063437 0.868353 0.035776
v -1.063304 0.866643 0.039805
v -1.063304 0.866643 0.035776
v -1.061929 0.864957 0.039805
v -1.061929 0.864957 0.035776
v -1.059680 0.863748 0.039805
v -1.059680 0.863748 0.035776
v -1.057159 0.863340 0.039805
v -1.057159 0.863340 0.035776
v -1.055043 0.863841 0.039805
v -1.055043 0.863841 0.035776
v -1.053897 0.865118 0.039805
v -1.053897 0.865118 0.035776
v -1.054029 0.866828 0.039805
v -1.054029 0.866828 0.035776
v -1.055404 0.868514 0.039805
v -1.055404 0.868514 0.035776
v -1.252974 0.934672 0.103974
v -1.254991 0.934999 0.103974
v -1.254991 0.934999 -0.030003
v -1.252974 0.934672 -0.030003
v -1.256684 0.934598 0.103974
v -1.256684 0.934598 -0.030003
v -1.257601 0.933576 0.103974
v -1.257601 0.933576 -0.030003
v -1.257495 0.932208 0.103974
v -1.257494 0.932208 -0.030003
v -1.256395 0.930860 0.103974
v -1.256394 0.930860 -0.030003
v -1.254595 0.929892 0.103974
v -1.254595 0.929892 -0.030003
v -1.252579 0.929565 0.103974
v -1.252578 0.929565 -0.030003
v -1.250885 0.929966 0.103974
v -1.250885 0.929966 -0.030003
v -1.249969 0.930988 0.103974
v -1.249969 0.930988 -0.030003
v -1.250075 0.932356 0.103974
v -1.250075 0.932356 -0.030003
v -1.251175 0.933705 0.103974
v -1.251175 0.933705 -0.030003
v -1.250780 0.932342 0.105989
v -1.251671 0.933434 0.105989
v -1.250694 0.931234 0.105989
v -1.251436 0.930406 0.105989
v -1.252808 0.930082 0.105989
v -1.254441 0.930346 0.105989
v -1.255899 0.931130 0.105989
v -1.256790 0.932222 0.105989
v -1.256876 0.933330 0.105989
v -1.256133 0.934158 0.105989
v -1.254761 0.934483 0.105989
v -1.253128 0.934218 0.105989
v -1.251594 0.932326 0.106997
v -1.252243 0.933122 0.106997
v -1.251531 0.931518 0.106997
v -1.252072 0.930915 0.106997
v -1.253072 0.930678 0.106997
v -1.254263 0.930871 0.106997
v -1.255326 0.931442 0.106997
v -1.255975 0.932238 0.106997
v -1.256038 0.933046 0.106997
v -1.255497 0.933649 0.106997
v -1.254497 0.933886 0.106997
v -1.253306 0.933693 0.106997
v -1.269728 0.875312 0.101890
v -1.271744 0.875626 0.101874
v -1.270833 0.876235 -0.032095
v -1.268818 0.875921 -0.032080
v -1.273426 0.875212 0.101851
v -1.272516 0.875821 -0.032118
v -1.274326 0.874181 0.101828
v -1.273415 0.874790 -0.032142
v -1.274200 0.872810 0.101810
v -1.273290 0.873419 -0.032160
v -1.273084 0.871466 0.101802
v -1.272174 0.872074 -0.032167
v -1.271276 0.870508 0.101806
v -1.270366 0.871117 -0.032163
v -1.269261 0.870194 0.101822
v -1.268351 0.870803 -0.032147
v -1.267578 0.870608 0.101845
v -1.266668 0.871217 -0.032124
v -1.266679 0.871638 0.101868
v -1.265769 0.872248 -0.032101
v -1.266804 0.873010 0.101886
v -1.265894 0.873619 -0.032083
v -1.267920 0.874354 0.101894
v -1.267010 0.874963 -0.032075
v -1.267520 0.872982 0.103894
v -1.268425 0.874071 0.103900
v -1.267419 0.871871 0.103879
v -1.268147 0.871036 0.103860
v -1.269510 0.870701 0.103842
v -1.271143 0.870955 0.103829
v -1.272607 0.871731 0.103825
v -1.273511 0.872820 0.103831
v -1.273613 0.873931 0.103846
v -1.272884 0.874765 0.103865
v -1.271521 0.875101 0.103883
v -1.269889 0.874846 0.103896
v -1.268339 0.872955 0.104893
v -1.268998 0.873749 0.104897
v -1.268265 0.872146 0.104882
v -1.268796 0.871537 0.104868
v -1.269790 0.871293 0.104855
v -1.270980 0.871478 0.104845
v -1.272047 0.872043 0.104843
v -1.272707 0.872837 0.104847
v -1.272780 0.873647 0.104858
v -1.272249 0.874256 0.104872
v -1.271256 0.874500 0.104885
v -1.270066 0.874315 0.104894
v -1.217374 1.037162 0.099996
v -1.217173 1.037755 0.099729
v -1.128153 1.007564 0.099729
v -1.128354 1.006971 0.099996
v -1.217025 1.038190 0.098996
v -1.128006 1.007998 0.098996
v -1.216971 1.038348 0.097997
v -1.127952 1.008157 0.097997
v -1.217025 1.038190 0.096997
v -1.128006 1.007998 0.096997
v -1.217173 1.037755 0.096264
v -1.128153 1.007564 0.096264
v -1.217374 1.037162 0.095996
v -1.128354 1.006971 0.095996
v -1.217575 1.036569 0.096264
v -1.128555 1.006378 0.096264
v -1.217722 1.036135 0.096997
v -1.128703 1.005943 0.096997
v -1.217776 1.035976 0.097997
v -1.128756 1.005785 0.097997
v -1.217722 1.036135 0.098996
v -1.128703 1.005943 0.098996
v -1.217575 1.036569 0.099729
v -1.128555 1.006378 0.099729
v -1.127005 1.007836 0.030997
v -1.127059 1.007677 0.031997
v -1.217972 1.038511 0.031997
v -1.217918 1.038670 0.030997
v -1.127206 1.007243 0.032729
v -1.218120 1.038077 0.032729
v -1.127407 1.006649 0.032997
v -1.218321 1.037484 0.032997
v -1.127608 1.006056 0.032729
v -1.218522 1.036890 0.032729
v -1.127756 1.005622 0.031997
v -1.218669 1.036456 0.031997
v -1.127809 1.005463 0.030997
v -1.218723 1.036297 0.030997
v -1.127756 1.005622 0.029997
v -1.218669 1.036456 0.029997
v -1.127608 1.006056 0.029264
v -1.218522 1.036890 0.029264
v -1.127407 1.006649 0.028997
v -1.218321 1.037484 0.028997
v -1.127206 1.007243 0.029264
v -1.218120 1.038077 0.029264
v -1.127059 1.007677 0.029997
v -1.217972 1.038511 0.029997
v -1.213586 1.035877 0.095997
v -1.213559 1.035538 0.095997
v -1.213559 1.035538 0.029997
v -1.213586 1.035877 0.029997
v -1.213286 1.035203 0.095997
v -1.213286 1.035203 0.029997
v -1.212840 1.034963 0.095997
v -1.212840 1.034963 0.029997
v -1.212339 1.034882 0.095997
v -1.212339 1.034882 0.029997
v -1.211919 1.034982 0.095997
v -1.211919 1.034982 0.029997
v -1.211691 1.035235 0.095997
v -1.211691 1.035235 0.029997
v -1.211718 1.035575 0.095997
v -1.211718 1.035575 0.029997
v -1.211991 1.035909 0.095997
v -1.211991 1.035909 0.029997
v -1.212437 1.036150 0.095997
v -1.212437 1.036150 0.029997
v -1.212938 1.036231 0.095997
v -1.212938 1.036231 0.029997
v -1.213358 1.036131 0.095997
v -1.213358 1.036131 0.029997
v -1.207903 1.033950 0.095997
v -1.207877 1.033611 0.095997
v -1.207877 1.033611 0.030997
v -1.207903 1.033950 0.030997
v -1.207604 1.033276 0.095997
v -1.207604 1.033276 0.030997
v -1.207157 1.033036 0.095997
v -1.207157 1.033036 0.030997
v -1.206657 1.032955 0.095997
v -1.206657 1.032955 0.030997
v -1.206237 1.033054 0.095997
v -1.206237 1.033054 0.030997
v -1.206009 1.033308 0.095997
v -1.206009 1.033308 0.030997
v -1.206036 1.033648 0.095997
v -1.206036 1.033648 0.030997
v -1.206309 1.033982 0.095997
v -1.206309 1.033982 0.030997
v -1.206755 1.034222 0.095997
v -1.206755 1.034222 0.030997
v -1.207256 1.034304 0.095997
v -1.207256 1.034304 0.030997
v -1.207676 1.034204 0.095997
v -1.207676 1.034204 0.030997
v -1.196539 1.030096 0.095997
v -1.196513 1.029757 0.095997
v -1.196513 1.029757 0.030997
v -1.196539 1.030096 0.030997
v -1.196240 1.029422 0.095997
v -1.196240 1.029422 0.030997
v -1.195793 1.029182 0.095997
v -1.195793 1.029182 0.030997
v -1.195293 1.029101 0.095997
v -1.195293 1.029101 0.030997
v -1.194873 1.029200 0.095997
v -1.194873 1.029200 0.030997
v -1.194645 1.029454 0.095997
v -1.194645 1.029454 0.030997
v -1.194672 1.029793 0.095997
v -1.194672 1.029793 0.030997
v -1.194944 1.030128 0.095997
v -1.194944 1.030128 0.030997
v -1.195391 1.030368 0.095997
v -1.195391 1.030368 0.030997
v -1.195891 1.030449 0.095997
v -1.195891 1.030449 0.030997
v -1.196312 1.030350 0.095997
v -1.196312 1.030350 0.030997
v -1.202221 1.032023 0.095997
v -1.202195 1.031684 0.095997
v -1.202195 1.031684 0.029997
v -1.202221 1.032023 0.029997
v -1.201922 1.031349 0.095997
v -1.201922 1.031349 0.029997
v -1.201475 1.031109 0.095997
v -1.201475 1.031109 0.029997
v -1.200975 1.031028 0.095997
v -1.200975 1.031028 0.029997
v -1.200555 1.031127 0.095997
v -1.200555 1.031127 0.029997
v -1.200327 1.031381 0.095997
v -1.200327 1.031381 0.029997
v -1.200354 1.031721 0.095997
v -1.200354 1.031721 0.029997
v -1.200627 1.032055 0.095997
v -1.200627 1.032055 0.029997
v -1.201073 1.032295 0.095997
v -1.201073 1.032295 0.029997
v -1.201574 1.032376 0.095997
v -1.201574 1.032376 0.029997
v -1.201994 1.032277 0.095997
v -1.201994 1.032277 0.029997
v -1.172864 1.022067 0.095997
v -1.172837 1.021727 0.095997
v -1.172837 1.021727 0.030997
v -1.172864 1.022067 0.030997
v -1.172565 1.021392 0.095997
v -1.172565 1.021392 0.030997
v -1.172118 1.021152 0.095997
v -1.172118 1.021152 0.030997
v -1.171618 1.021071 0.095997
v -1.171618 1.021071 0.030997
v -1.171197 1.021170 0.095997
v -1.171197 1.021170 0.030997
v -1.170970 1.021424 0.095997
v -1.170970 1.021424 0.030997
v -1.170996 1.021764 0.095997
v -1.170996 1.021764 0.030997
v -1.171269 1.022098 0.095997
v -1.171269 1.022098 0.030997
v -1.171716 1.022338 0.095997
v -1.171716 1.022338 0.030997
v -1.172216 1.022420 0.095997
v -1.172216 1.022420 0.030997
v -1.172636 1.022320 0.095997
v -1.172636 1.022320 0.030997
v -1.178546 1.023994 0.095997
v -1.178520 1.023654 0.095997
v -1.178520 1.023654 0.029997
v -1.178546 1.023994 0.029997
v -1.178247 1.023319 0.095997
v -1.178247 1.023319 0.029997
v -1.177800 1.023079 0.095997
v -1.177800 1.023079 0.029997
v -1.177300 1.022998 0.095997
v -1.177300 1.022998 0.029997
v -1.176879 1.023098 0.095997
v -1.176879 1.023098 0.029997
v -1.176652 1.023351 0.095997
v -1.176652 1.023351 0.029997
v -1.176678 1.023691 0.095997
v -1.176678 1.023691 0.029997
v -1.176951 1.024025 0.095997
v -1.176951 1.024025 0.029997
v -1.177398 1.024266 0.095997
v -1.177398 1.024266 0.029997
v -1.177898 1.024347 0.095997
v -1.177898 1.024347 0.029997
v -1.178319 1.024247 0.095997
v -1.178319 1.024247 0.029997
v -1.184228 1.025921 0.095997
v -1.184202 1.025581 0.095997
v -1.184202 1.025581 0.030997
v -1.184228 1.025921 0.030997
v -1.183929 1.025247 0.095997
v -1.183929 1.025247 0.030997
v -1.183482 1.025006 0.095997
v -1.183482 1.025007 0.030997
v -1.182982 1.024925 0.095997
v -1.182982 1.024925 0.030997
v -1.182562 1.025025 0.095997
v -1.182562 1.025025 0.030997
v -1.182334 1.025278 0.095997
v -1.182334 1.025278 0.030997
v -1.182360 1.025618 0.095997
v -1.182360 1.025618 0.030997
v -1.182633 1.025953 0.095997
v -1.182633 1.025953 0.030997
v -1.183080 1.026193 0.095997
v -1.183080 1.026193 0.030997
v -1.183580 1.026274 0.095997
v -1.183580 1.026274 0.030997
v -1.184001 1.026174 0.095997
v -1.184001 1.026174 0.030997
v -1.189910 1.027848 0.095997
v -1.189884 1.027508 0.095997
v -1.189884 1.027508 0.029997
v -1.189910 1.027848 0.029997
v -1.189611 1.027174 0.095997
v -1.189611 1.027174 0.029997
v -1.189164 1.026934 0.095997
v -1.189164 1.026934 0.029997
v -1.188664 1.026852 0.095997
v -1.188664 1.026852 0.029997
v -1.188244 1.026952 0.095997
v -1.188244 1.026952 0.029997
v -1.188016 1.027205 0.095997
v -1.188016 1.027205 0.029997
v -1.188042 1.027545 0.095997
v -1.188042 1.027545 0.029997
v -1.188315 1.027880 0.095997
v -1.188315 1.027880 0.029997
v -1.188762 1.028120 0.095997
v -1.188762 1.028120 0.029997
v -1.189262 1.028201 0.095997
v -1.189262 1.028201 0.029997
v -1.189683 1.028101 0.095997
v -1.189683 1.028101 0.029997
v -1.132142 1.008255 0.096997
v -1.132116 1.007916 0.096997
v -1.132116 1.007916 0.030997
v -1.132142 1.008255 0.030997
v -1.131843 1.007581 0.096997
v -1.131843 1.007581 0.030997
v -1.131396 1.007341 0.096997
v -1.131396 1.007341 0.030997
v -1.130896 1.007260 0.096997
v -1.130896 1.007260 0.030997
v -1.130476 1.007360 0.096997
v -1.130476 1.007360 0.030997
v -1.130248 1.007613 0.096997
v -1.130248 1.007613 0.030997
v -1.130274 1.007953 0.096997
v -1.130274 1.007953 0.030997
v -1.130548 1.008287 0.096997
v -1.130547 1.008287 0.030997
v -1.130994 1.008527 0.096997
v -1.130994 1.008527 0.030997
v -1.131494 1.008609 0.096997
v -1.131494 1.008609 0.030997
v -1.131915 1.008509 0.096997
v -1.131915 1.008509 0.030997
v -1.137824 1.010183 0.096997
v -1.137798 1.009843 0.096997
v -1.137798 1.009843 0.031997
v -1.137824 1.010183 0.031997
v -1.137525 1.009508 0.096997
v -1.137525 1.009508 0.031997
v -1.137078 1.009268 0.096997
v -1.137078 1.009268 0.031997
v -1.136578 1.009187 0.096997
v -1.136578 1.009187 0.031997
v -1.136158 1.009287 0.096997
v -1.136158 1.009287 0.031997
v -1.135930 1.009540 0.096997
v -1.135930 1.009540 0.031997
v -1.135957 1.009880 0.096997
v -1.135957 1.009880 0.031997
v -1.136230 1.010214 0.096997
v -1.136230 1.010214 0.031997
v -1.136676 1.010455 0.096997
v -1.136676 1.010455 0.031997
v -1.137177 1.010536 0.096997
v -1.137177 1.010536 0.031997
v -1.137597 1.010436 0.096997
v -1.137597 1.010436 0.031997
v -1.143506 1.012110 0.096997
v -1.143480 1.011770 0.096997
v -1.143480 1.011770 0.030997
v -1.143506 1.012110 0.030997
v -1.143207 1.011436 0.096997
v -1.143207 1.011436 0.030997
v -1.142761 1.011195 0.096997
v -1.142761 1.011195 0.030997
v -1.142260 1.011114 0.096997
v -1.142260 1.011114 0.030997
v -1.141840 1.011214 0.096997
v -1.141840 1.011214 0.030997
v -1.141612 1.011467 0.096997
v -1.141612 1.011467 0.030997
v -1.141639 1.011807 0.096997
v -1.141639 1.011807 0.030997
v -1.141912 1.012142 0.096997
v -1.141912 1.012142 0.030997
v -1.142358 1.012382 0.096997
v -1.142358 1.012382 0.030997
v -1.142859 1.012463 0.096997
v -1.142859 1.012463 0.030997
v -1.143279 1.012363 0.096997
v -1.143279 1.012363 0.030997
v -1.150136 1.014358 0.096997
v -1.150109 1.014018 0.096997
v -1.150109 1.014018 0.031997
v -1.150136 1.014358 0.031997
v -1.149836 1.013684 0.096997
v -1.149836 1.013684 0.031997
v -1.149390 1.013444 0.096997
v -1.149390 1.013444 0.031997
v -1.148889 1.013363 0.096997
v -1.148889 1.013363 0.031997
v -1.148469 1.013462 0.096997
v -1.148469 1.013462 0.031997
v -1.148241 1.013716 0.096997
v -1.148241 1.013716 0.031997
v -1.148268 1.014055 0.096997
v -1.148268 1.014055 0.031997
v -1.148541 1.014390 0.096997
v -1.148541 1.014390 0.031997
v -1.148987 1.014630 0.096997
v -1.148987 1.014630 0.031997
v -1.149488 1.014711 0.096997
v -1.149488 1.014711 0.031997
v -1.149908 1.014612 0.096997
v -1.149908 1.014612 0.031997
v -1.155818 1.016285 0.096997
v -1.155791 1.015946 0.096997
v -1.155791 1.015946 0.030997
v -1.155818 1.016285 0.030997
v -1.155518 1.015611 0.096997
v -1.155518 1.015611 0.030997
v -1.155072 1.015371 0.096997
v -1.155072 1.015371 0.030997
v -1.154571 1.015290 0.096997
v -1.154571 1.015290 0.030997
v -1.154151 1.015389 0.096997
v -1.154151 1.015389 0.030997
v -1.153924 1.015643 0.096997
v -1.153924 1.015643 0.030997
v -1.153950 1.015982 0.096997
v -1.153950 1.015982 0.030997
v -1.154223 1.016317 0.096997
v -1.154223 1.016317 0.030997
v -1.154669 1.016557 0.096997
v -1.154669 1.016557 0.030997
v -1.155170 1.016638 0.096997
v -1.155170 1.016638 0.030997
v -1.155590 1.016539 0.096997
v -1.155590 1.016539 0.030997
v -1.161500 1.018212 0.096997
v -1.161473 1.017873 0.096997
v -1.161473 1.017873 0.031997
v -1.161500 1.018212 0.031997
v -1.161200 1.017538 0.096997
v -1.161200 1.017538 0.031997
v -1.160754 1.017298 0.096997
v -1.160754 1.017298 0.031997
v -1.160253 1.017217 0.096997
v -1.160253 1.017217 0.031997
v -1.159833 1.017316 0.096997
v -1.159833 1.017316 0.031997
v -1.159606 1.017570 0.096997
v -1.159606 1.017570 0.031997
v -1.159632 1.017910 0.096997
v -1.159632 1.017910 0.031997
v -1.159905 1.018244 0.096997
v -1.159905 1.018244 0.031997
v -1.160352 1.018484 0.096997
v -1.160352 1.018484 0.031997
v -1.160852 1.018565 0.096997
v -1.160852 1.018565 0.031997
v -1.161272 1.018466 0.096997
v -1.161272 1.018466 0.031997
v -1.167182 1.020139 0.096997
v -1.167156 1.019800 0.096997
v -1.167156 1.019800 0.030997
v -1.167182 1.020139 0.030997
v -1.166883 1.019465 0.096997
v -1.166883 1.019465 0.030997
v -1.166436 1.019225 0.096997
v -1.166436 1.019225 0.030997
v -1.165936 1.019144 0.096997
v -1.165935 1.019144 0.030997
v -1.165515 1.019243 0.096997
v -1.165515 1.019243 0.030997
v -1.165288 1.019497 0.096997
v -1.165288 1.019497 0.030997
v -1.165314 1.019837 0.096997
v -1.165314 1.019837 0.030997
v -1.165587 1.020171 0.096997
v -1.165587 1.020171 0.030997
v -1.166034 1.020411 0.096997
v -1.166034 1.020411 0.030997
v -1.166534 1.020492 0.096997
v -1.166534 1.020492 0.030997
v -1.166954 1.020393 0.096997
v -1.166954 1.020393 0.030997
v -1.061153 0.866110 -0.006641
v -1.079401 0.809481 -0.007620
v -1.079428 0.809463 -0.003620
v -1.061180 0.866092 -0.002641
v -1.153193 0.896717 -0.007133
v -1.153220 0.896699 -0.003133
v -1.171468 0.840069 -0.004112
v -1.171441 0.840088 -0.008112
v -1.103120 1.062921 0.038899
v -1.105641 1.063330 0.038899
v -1.105641 1.063330 0.034869
v -1.103120 1.062921 0.034869
v -1.107758 1.062829 0.038899
v -1.107758 1.062829 0.034869
v -1.108903 1.061552 0.038899
v -1.108903 1.061552 0.034869
v -1.108771 1.059841 0.038899
v -1.108771 1.059841 0.034869
v -1.107396 1.058156 0.038899
v -1.107396 1.058156 0.034869
v -1.105146 1.056947 0.038899
v -1.105146 1.056947 0.034869
v -1.102626 1.056538 0.038899
v -1.102626 1.056538 0.034869
v -1.100509 1.057039 0.038899
v -1.100509 1.057039 0.034869
v -1.099363 1.058316 0.038899
v -1.099363 1.058316 0.034869
v -1.099496 1.060026 0.038899
v -1.099496 1.060026 0.034869
v -1.100871 1.061712 0.038899
v -1.100871 1.061712 0.034869
v -1.269097 0.876205 0.037434
v -1.271616 0.876598 0.037414
v -1.271589 0.876616 0.033385
v -1.269069 0.876224 0.033404
v -1.273719 0.876081 0.037385
v -1.273692 0.876099 0.033356
v -1.274843 0.874792 0.037356
v -1.274816 0.874811 0.033327
v -1.274687 0.873078 0.037334
v -1.274660 0.873096 0.033304
v -1.273292 0.871397 0.037324
v -1.273264 0.871416 0.033295
v -1.271032 0.870201 0.037330
v -1.271004 0.870219 0.033301
v -1.268512 0.869808 0.037349
v -1.268485 0.869826 0.033320
v -1.266409 0.870325 0.037378
v -1.266382 0.870344 0.033349
v -1.265285 0.871614 0.037407
v -1.265258 0.871632 0.033378
v -1.265442 0.873328 0.037430
v -1.265414 0.873346 0.033401
v -1.266837 0.875008 0.037439
v -1.266809 0.875027 0.033410
v -1.159127 0.903785 0.103671
v -1.161143 0.904112 0.103671
v -1.161143 0.904112 -0.030307
v -1.159127 0.903785 -0.030307
v -1.162837 0.903711 0.103671
v -1.162837 0.903711 -0.030307
v -1.163753 0.902689 0.103671
v -1.163753 0.902689 -0.030307
v -1.163647 0.901321 0.103671
v -1.163647 0.901321 -0.030307
v -1.162547 0.899972 0.103671
v -1.162547 0.899972 -0.030307
v -1.160748 0.899005 0.103671
v -1.160748 0.899005 -0.030307
v -1.158731 0.898678 0.103671
v -1.158731 0.898678 -0.030307
v -1.157038 0.899079 0.103671
v -1.157038 0.899079 -0.030307
v -1.156121 0.900101 0.103671
v -1.156121 0.900101 -0.030307
v -1.156227 0.901469 0.103671
v -1.156227 0.901469 -0.030307
v -1.157327 0.902818 0.103671
v -1.157327 0.902818 -0.030307
v -1.156932 0.901455 0.105685
v -1.157823 0.902547 0.105685
v -1.156846 0.900347 0.105685
v -1.157588 0.899519 0.105685
v -1.158960 0.899195 0.105685
v -1.160594 0.899459 0.105685
v -1.162051 0.900243 0.105685
v -1.162942 0.901335 0.105685
v -1.163028 0.902443 0.105685
v -1.162286 0.903271 0.105685
v -1.160914 0.903596 0.105685
v -1.159281 0.903331 0.105685
v -1.157746 0.901439 0.106693
v -1.158396 0.902235 0.106693
v -1.157684 0.900631 0.106693
v -1.158225 0.900028 0.106693
v -1.159225 0.899791 0.106693
v -1.160416 0.899984 0.106693
v -1.161478 0.900555 0.106693
v -1.162128 0.901351 0.106693
v -1.162190 0.902159 0.106693
v -1.161649 0.902762 0.106693
v -1.160649 0.902999 0.106693
v -1.159459 0.902806 0.106693
v -1.175249 0.845318 0.037130
v -1.177768 0.845711 0.037110
v -1.177741 0.845729 0.033081
v -1.175222 0.845337 0.033101
v -1.179872 0.845194 0.037082
v -1.179844 0.845212 0.033052
v -1.180996 0.843905 0.037052
v -1.180969 0.843923 0.033023
v -1.180839 0.842191 0.037030
v -1.180812 0.842209 0.033000
v -1.179444 0.840510 0.037020
v -1.179417 0.840529 0.032991
v -1.177184 0.839314 0.037026
v -1.177157 0.839332 0.032997
v -1.174665 0.838921 0.037046
v -1.174638 0.838939 0.033016
v -1.172562 0.839438 0.037074
v -1.172534 0.839457 0.033045
v -1.171438 0.840727 0.037103
v -1.171410 0.840745 0.033074
v -1.171594 0.842441 0.037126
v -1.171567 0.842459 0.033097
v -1.172989 0.844121 0.037135
v -1.172962 0.844140 0.033106
v -1.088514 1.118442 0.202974
v -1.090530 1.118769 0.202974
v -1.089382 1.119041 -0.029003
v -1.087366 1.118714 -0.029003
v -1.092224 1.118368 0.202974
v -1.091075 1.118639 -0.029003
v -1.093140 1.117346 0.202974
v -1.091992 1.117618 -0.029003
v -1.093034 1.115978 0.202974
v -1.091886 1.116250 -0.029003
v -1.091934 1.114629 0.202974
v -1.090786 1.114901 -0.029003
v -1.090135 1.113662 0.202974
v -1.088987 1.113934 -0.029003
v -1.088118 1.113335 0.202974
v -1.086970 1.113607 -0.029003
v -1.086425 1.113736 0.202974
v -1.085277 1.114008 -0.029003
v -1.085508 1.114758 0.202974
v -1.084360 1.115030 -0.029003
v -1.085614 1.116126 0.202974
v -1.084466 1.116398 -0.029003
v -1.086714 1.117474 0.202974
v -1.085566 1.117746 -0.029003
v -1.086319 1.116112 0.204989
v -1.087210 1.117204 0.204989
v -1.086233 1.115004 0.204989
v -1.086976 1.114176 0.204989
v -1.088347 1.113851 0.204989
v -1.089981 1.114116 0.204989
v -1.091438 1.114900 0.204989
v -1.092329 1.115992 0.204989
v -1.092415 1.117100 0.204989
v -1.091673 1.117928 0.204989
v -1.090301 1.118252 0.204989
v -1.088668 1.117988 0.204989
v -1.087134 1.116096 0.205996
v -1.087783 1.116892 0.205996
v -1.087071 1.115288 0.205996
v -1.087612 1.114684 0.205996
v -1.088612 1.114448 0.205996
v -1.089803 1.114641 0.205996
v -1.090865 1.115212 0.205996
v -1.091515 1.116008 0.205996
v -1.091577 1.116816 0.205996
v -1.091036 1.117419 0.205996
v -1.090036 1.117656 0.205996
v -1.088846 1.117463 0.205996
v -1.158924 0.904382 0.039200
v -1.161445 0.904791 0.039200
v -1.161445 0.904791 0.035171
v -1.158924 0.904382 0.035171
v -1.163561 0.904290 0.039200
v -1.163561 0.904290 0.035171
v -1.164707 0.903013 0.039200
v -1.164707 0.903013 0.035171
v -1.164575 0.901302 0.039200
v -1.164575 0.901302 0.035171
v -1.163199 0.899617 0.039200
v -1.163199 0.899617 0.035171
v -1.160950 0.898408 0.039200
v -1.160950 0.898408 0.035171
v -1.158430 0.897999 0.039200
v -1.158430 0.897999 0.035171
v -1.156313 0.898500 0.039200
v -1.156313 0.898500 0.035171
v -1.155167 0.899777 0.039200
v -1.155167 0.899777 0.035171
v -1.155300 0.901488 0.039200
v -1.155300 0.901488 0.035171
v -1.156675 0.903173 0.039200
v -1.156675 0.903173 0.035171
v -1.123666 1.008339 0.020060
v -1.126187 1.008747 0.020060
v -1.126187 1.008747 0.016031
v -1.123666 1.008339 0.016031
v -1.128304 1.008246 0.020060
v -1.128304 1.008246 0.016031
v -1.129449 1.006969 0.020060
v -1.129449 1.006969 0.016031
v -1.129317 1.005259 0.020060
v -1.129317 1.005259 0.016031
v -1.127942 1.003573 0.020060
v -1.127942 1.003573 0.016031
v -1.125693 1.002364 0.020060
v -1.125693 1.002364 0.016031
v -1.123172 1.001956 0.020060
v -1.123172 1.001956 0.016031
v -1.121055 1.002457 0.020060
v -1.121055 1.002457 0.016031
v -1.119910 1.003734 0.020060
v -1.119910 1.003734 0.016031
v -1.120042 1.005444 0.020060
v -1.120042 1.005444 0.016031
v -1.121417 1.007130 0.020060
v -1.121417 1.007130 0.016031
v -1.009628 1.030234 0.204974
v -1.011645 1.030561 0.204974
v -1.010497 1.030833 -0.027003
v -1.008480 1.030506 -0.027003
v -1.013338 1.030160 0.204974
v -1.012190 1.030432 -0.027003
v -1.014255 1.029138 0.204974
v -1.013107 1.029410 -0.027003
v -1.014149 1.027770 0.204974
v -1.013001 1.028042 -0.027003
v -1.013049 1.026421 0.204974
v -1.011901 1.026693 -0.027003
v -1.011249 1.025454 0.204974
v -1.010101 1.025726 -0.027003
v -1.009233 1.025127 0.204974
v -1.008085 1.025399 -0.027003
v -1.007540 1.025528 0.204974
v -1.006391 1.025800 -0.027003
v -1.006623 1.026550 0.204974
v -1.005475 1.026822 -0.027003
v -1.006729 1.027918 0.204974
v -1.005581 1.028190 -0.027003
v -1.007829 1.029267 0.204974
v -1.006681 1.029538 -0.027003
v -1.007434 1.027904 0.206989
v -1.008325 1.028996 0.206989
v -1.007348 1.026796 0.206989
v -1.008090 1.025968 0.206989
v -1.009462 1.025643 0.206989
v -1.011096 1.025908 0.206989
v -1.012553 1.026692 0.206989
v -1.013444 1.027784 0.206989
v -1.013530 1.028892 0.206989
v -1.012787 1.029720 0.206989
v -1.011416 1.030045 0.206989
v -1.009782 1.029780 0.206989
v -1.008248 1.027888 0.207996
v -1.008898 1.028684 0.207996
v -1.008186 1.027080 0.207996
v -1.008727 1.026477 0.207996
v -1.009727 1.026240 0.207996
v -1.010918 1.026433 0.207996
v -1.011980 1.027004 0.207996
v -1.012630 1.027800 0.207996
v -1.012692 1.028608 0.207996
v -1.012151 1.029211 0.207996
v -1.011151 1.029448 0.207996
v -1.009960 1.029255 0.207996
v -1.124566 1.005686 0.098997
v -1.124540 1.005346 0.098997
v -1.124540 1.005346 0.033997
v -1.124566 1.005686 0.033997
v -1.124267 1.005012 0.098997
v -1.124267 1.005012 0.033997
v -1.123820 1.004772 0.098997
v -1.123820 1.004772 0.033997
v -1.123320 1.004691 0.098997
v -1.123320 1.004691 0.033997
v -1.122900 1.004790 0.098997
v -1.122899 1.004790 0.033997
v -1.122672 1.005044 0.098997
v -1.122672 1.005044 0.033997
v -1.122698 1.005383 0.098997
v -1.122698 1.005383 0.033997
v -1.122971 1.005718 0.098997
v -1.122971 1.005718 0.033997
v -1.123418 1.005958 0.098997
v -1.123418 1.005958 0.033997
v -1.123918 1.006039 0.098997
v -1.123918 1.006039 0.033997
v -1.124339 1.005939 0.098997
v -1.124339 1.005939 0.033997
v -1.103219 1.059287 0.198996
v -1.103018 1.059880 0.198728
v -1.013998 1.029688 0.198728
v -1.014199 1.029095 0.198996
v -1.102871 1.060314 0.197996
v -1.013851 1.030122 0.197996
v -1.102817 1.060473 0.196996
v -1.013797 1.030281 0.196996
v -1.102871 1.060314 0.195996
v -1.013851 1.030122 0.195996
v -1.103018 1.059880 0.195264
v -1.013998 1.029688 0.195264
v -1.103219 1.059287 0.194996
v -1.014199 1.029095 0.194996
v -1.103420 1.058694 0.195264
v -1.014401 1.028502 0.195264
v -1.103567 1.058259 0.195996
v -1.014548 1.028068 0.195996
v -1.103621 1.058101 0.196996
v -1.014602 1.027909 0.196996
v -1.103567 1.058259 0.197996
v -1.014548 1.028068 0.197996
v -1.103420 1.058694 0.198728
v -1.014401 1.028502 0.198728
v -1.070073 1.048045 0.194996
v -1.070047 1.047706 0.194996
v -1.070047 1.047706 0.129997
v -1.070073 1.048045 0.129997
v -1.069774 1.047371 0.194996
v -1.069774 1.047371 0.129997
v -1.069328 1.047131 0.194996
v -1.069328 1.047131 0.129997
v -1.068827 1.047050 0.194996
v -1.068827 1.047050 0.129997
v -1.068407 1.047149 0.194996
v -1.068407 1.047149 0.129997
v -1.068179 1.047403 0.194996
v -1.068179 1.047403 0.129997
v -1.068206 1.047742 0.194996
v -1.068206 1.047742 0.129997
v -1.068479 1.048077 0.194996
v -1.068479 1.048077 0.129997
v -1.068925 1.048317 0.194996
v -1.068925 1.048317 0.129997
v -1.069426 1.048398 0.194996
v -1.069426 1.048398 0.129997
v -1.069846 1.048299 0.194996
v -1.069846 1.048299 0.129997
v -1.023670 1.032307 0.195996
v -1.023643 1.031967 0.195996
v -1.023643 1.031967 0.130997
v -1.023670 1.032307 0.130997
v -1.023371 1.031633 0.195996
v -1.023371 1.031633 0.130997
v -1.022924 1.031393 0.195996
v -1.022924 1.031393 0.130997
v -1.022423 1.031312 0.195996
v -1.022423 1.031312 0.130997
v -1.022003 1.031411 0.195996
v -1.022003 1.031411 0.130997
v -1.021776 1.031665 0.195996
v -1.021776 1.031665 0.130997
v -1.021802 1.032004 0.195996
v -1.021802 1.032004 0.130997
v -1.022075 1.032339 0.195996
v -1.022075 1.032339 0.130997
v -1.022522 1.032579 0.195996
v -1.022522 1.032579 0.130997
v -1.023022 1.032660 0.195996
v -1.023022 1.032660 0.130997
v -1.023442 1.032560 0.195996
v -1.023442 1.032561 0.130997
v -1.017988 1.030380 0.195996
v -1.017961 1.030040 0.195996
v -1.017961 1.030040 0.129997
v -1.017988 1.030380 0.129997
v -1.017688 1.029706 0.195996
v -1.017688 1.029706 0.129997
v -1.017242 1.029466 0.195996
v -1.017242 1.029466 0.129997
v -1.016741 1.029384 0.195996
v -1.016741 1.029384 0.129997
v -1.016321 1.029484 0.195996
v -1.016321 1.029484 0.129997
v -1.016094 1.029737 0.195996
v -1.016094 1.029737 0.129997
v -1.016120 1.030077 0.195996
v -1.016120 1.030077 0.129997
v -1.016393 1.030412 0.195996
v -1.016393 1.030412 0.129997
v -1.016840 1.030652 0.195996
v -1.016840 1.030652 0.129997
v -1.017340 1.030733 0.195996
v -1.017340 1.030733 0.129997
v -1.017760 1.030633 0.195996
v -1.017760 1.030633 0.129997
v -1.029352 1.034234 0.195996
v -1.029325 1.033895 0.195996
v -1.029325 1.033895 0.129997
v -1.029352 1.034234 0.129997
v -1.029052 1.033560 0.195996
v -1.029052 1.033560 0.129997
v -1.028606 1.033320 0.195996
v -1.028606 1.033320 0.129997
v -1.028106 1.033239 0.195996
v -1.028106 1.033239 0.129997
v -1.027685 1.033338 0.195996
v -1.027685 1.033338 0.129997
v -1.027458 1.033592 0.195996
v -1.027458 1.033592 0.129997
v -1.027484 1.033931 0.195996
v -1.027484 1.033931 0.129997
v -1.027757 1.034266 0.195996
v -1.027757 1.034266 0.129997
v -1.028204 1.034506 0.195996
v -1.028204 1.034506 0.129997
v -1.028704 1.034587 0.195996
v -1.028704 1.034587 0.129997
v -1.029124 1.034488 0.195996
v -1.029124 1.034488 0.129997
v -1.035981 1.036482 0.195996
v -1.035955 1.036143 0.195996
v -1.035955 1.036143 0.130997
v -1.035981 1.036482 0.130997
v -1.035682 1.035808 0.195996
v -1.035682 1.035808 0.130997
v -1.035235 1.035568 0.195996
v -1.035235 1.035568 0.130997
v -1.034735 1.035487 0.195996
v -1.034735 1.035487 0.130997
v -1.034314 1.035586 0.195996
v -1.034314 1.035586 0.130997
v -1.034087 1.035840 0.195996
v -1.034087 1.035840 0.130997
v -1.034113 1.036180 0.195996
v -1.034113 1.036180 0.130997
v -1.034386 1.036514 0.195996
v -1.034386 1.036514 0.130997
v -1.034833 1.036754 0.195996
v -1.034833 1.036754 0.130997
v -1.035333 1.036836 0.195996
v -1.035333 1.036835 0.130997
v -1.035753 1.036736 0.195996
v -1.035753 1.036736 0.130997
v -1.041663 1.038410 0.195996
v -1.041637 1.038070 0.195996
v -1.041637 1.038070 0.129997
v -1.041663 1.038409 0.129997
v -1.041364 1.037735 0.195996
v -1.041364 1.037735 0.129997
v -1.040917 1.037495 0.195996
v -1.040917 1.037495 0.129997
v -1.040417 1.037414 0.195996
v -1.040417 1.037414 0.129997
v -1.039996 1.037514 0.195996
v -1.039996 1.037514 0.129997
v -1.039769 1.037767 0.195996
v -1.039769 1.037767 0.129997
v -1.039795 1.038107 0.195996
v -1.039795 1.038107 0.129997
v -1.040068 1.038441 0.195996
v -1.040068 1.038441 0.129997
v -1.040515 1.038682 0.195996
v -1.040515 1.038681 0.129997
v -1.041015 1.038763 0.195996
v -1.041015 1.038763 0.129997
v -1.041436 1.038663 0.195996
v -1.041436 1.038663 0.129997
v -1.012850 1.029960 0.129996
v -1.012904 1.029801 0.130996
v -1.103818 1.060635 0.130997
v -1.103764 1.060794 0.129997
v -1.013051 1.029367 0.131729
v -1.103965 1.060201 0.131729
v -1.013253 1.028774 0.131996
v -1.104166 1.059608 0.131996
v -1.013454 1.028181 0.131729
v -1.104367 1.059015 0.131729
v -1.013601 1.027747 0.130996
v -1.104514 1.058581 0.130997
v -1.013655 1.027588 0.129996
v -1.104568 1.058422 0.129997
v -1.013601 1.027747 0.128996
v -1.104514 1.058581 0.128997
v -1.013454 1.028181 0.128264
v -1.104367 1.059015 0.128264
v -1.013253 1.028774 0.127996
v -1.104166 1.059608 0.127997
v -1.013051 1.029367 0.128264
v -1.103965 1.060201 0.128264
v -1.012904 1.029801 0.128996
v -1.103818 1.060635 0.128997
v -1.047345 1.040337 0.195996
v -1.047319 1.039997 0.195996
v -1.047319 1.039997 0.130997
v -1.047345 1.040337 0.130997
v -1.047046 1.039662 0.195996
v -1.047046 1.039662 0.130997
v -1.046599 1.039422 0.195996
v -1.046599 1.039422 0.130997
v -1.046099 1.039341 0.195996
v -1.046099 1.039341 0.130997
v -1.045678 1.039441 0.195996
v -1.045678 1.039441 0.130997
v -1.045451 1.039694 0.195996
v -1.045451 1.039694 0.130997
v -1.045477 1.040034 0.195996
v -1.045477 1.040034 0.130997
v -1.045750 1.040369 0.195996
v -1.045750 1.040368 0.130997
v -1.046197 1.040609 0.195996
v -1.046197 1.040609 0.130997
v -1.046697 1.040690 0.195996
v -1.046697 1.040690 0.130997
v -1.047118 1.040590 0.195996
v -1.047118 1.040590 0.130997
v -1.053027 1.042264 0.195996
v -1.053001 1.041924 0.195996
v -1.053001 1.041924 0.129997
v -1.053027 1.042264 0.129997
v -1.052728 1.041590 0.195996
v -1.052728 1.041589 0.129997
v -1.052281 1.041350 0.195996
v -1.052281 1.041350 0.129997
v -1.051781 1.041268 0.195996
v -1.051781 1.041268 0.129997
v -1.051361 1.041368 0.195996
v -1.051361 1.041368 0.129997
v -1.051133 1.041621 0.195996
v -1.051133 1.041621 0.129997
v -1.051160 1.041961 0.195996
v -1.051160 1.041961 0.129997
v -1.051432 1.042296 0.195996
v -1.051432 1.042296 0.129997
v -1.051879 1.042536 0.195996
v -1.051879 1.042536 0.129997
v -1.052379 1.042617 0.195996
v -1.052379 1.042617 0.129997
v -1.052800 1.042517 0.195996
v -1.052800 1.042517 0.129997
v -1.058709 1.044191 0.194996
v -1.058683 1.043851 0.194996
v -1.058683 1.043851 0.129997
v -1.058709 1.044191 0.129997
v -1.058410 1.043517 0.194996
v -1.058410 1.043517 0.129997
v -1.057963 1.043277 0.194996
v -1.057963 1.043277 0.129997
v -1.057463 1.043195 0.194996
v -1.057463 1.043195 0.129997
v -1.057043 1.043295 0.194996
v -1.057043 1.043295 0.129997
v -1.056815 1.043549 0.194996
v -1.056815 1.043549 0.129997
v -1.056842 1.043888 0.194996
v -1.056842 1.043888 0.129997
v -1.057114 1.044223 0.194996
v -1.057115 1.044223 0.129997
v -1.057561 1.044463 0.194996
v -1.057561 1.044463 0.129997
v -1.058062 1.044544 0.194996
v -1.058062 1.044544 0.129997
v -1.058482 1.044444 0.194996
v -1.058482 1.044444 0.129997
v -1.064391 1.046118 0.194996
v -1.064365 1.045779 0.194996
v -1.064365 1.045779 0.128997
v -1.064391 1.046118 0.128997
v -1.064092 1.045444 0.194996
v -1.064092 1.045444 0.128997
v -1.063645 1.045204 0.194996
v -1.063645 1.045204 0.128997
v -1.063145 1.045123 0.194996
v -1.063145 1.045123 0.128997
v -1.062725 1.045222 0.194996
v -1.062725 1.045222 0.128997
v -1.062497 1.045476 0.194996
v -1.062497 1.045476 0.128997
v -1.062524 1.045815 0.194996
v -1.062524 1.045815 0.128997
v -1.062797 1.046150 0.194996
v -1.062797 1.046150 0.128997
v -1.063243 1.046390 0.194996
v -1.063243 1.046390 0.128997
v -1.063744 1.046471 0.194996
v -1.063744 1.046471 0.128997
v -1.064164 1.046372 0.194996
v -1.064164 1.046371 0.128997
v -1.075756 1.049972 0.194996
v -1.075729 1.049633 0.194996
v -1.075729 1.049633 0.128997
v -1.075756 1.049972 0.128997
v -1.075456 1.049298 0.194996
v -1.075456 1.049298 0.128997
v -1.075010 1.049058 0.194996
v -1.075010 1.049058 0.128997
v -1.074509 1.048977 0.194996
v -1.074509 1.048977 0.128997
v -1.074089 1.049076 0.194996
v -1.074089 1.049076 0.128997
v -1.073862 1.049330 0.194996
v -1.073862 1.049330 0.128997
v -1.073888 1.049670 0.194996
v -1.073888 1.049670 0.128997
v -1.074161 1.050004 0.194996
v -1.074161 1.050004 0.128997
v -1.074607 1.050244 0.194996
v -1.074607 1.050244 0.128997
v -1.075108 1.050325 0.194996
v -1.075108 1.050325 0.128997
v -1.075528 1.050226 0.194996
v -1.075528 1.050226 0.128997
v -1.082385 1.052221 0.194996
v -1.082358 1.051881 0.194996
v -1.082358 1.051881 0.129997
v -1.082385 1.052221 0.129997
v -1.082085 1.051546 0.194996
v -1.082085 1.051546 0.129997
v -1.081639 1.051306 0.194996
v -1.081639 1.051306 0.129997
v -1.081138 1.051225 0.194996
v -1.081138 1.051225 0.129997
v -1.080718 1.051325 0.194996
v -1.080718 1.051325 0.129997
v -1.080491 1.051578 0.194996
v -1.080491 1.051578 0.129997
v -1.080517 1.051918 0.194996
v -1.080517 1.051918 0.129997
v -1.080790 1.052253 0.194996
v -1.080790 1.052252 0.129997
v -1.081237 1.052492 0.194996
v -1.081237 1.052492 0.129997
v -1.081737 1.052574 0.194996
v -1.081737 1.052574 0.129997
v -1.082157 1.052474 0.194996
v -1.082157 1.052474 0.129997
v -1.088067 1.054148 0.194996
v -1.088041 1.053808 0.194996
v -1.088041 1.053808 0.128997
v -1.088067 1.054148 0.128997
v -1.087767 1.053474 0.194996
v -1.087767 1.053473 0.128997
v -1.087321 1.053234 0.194996
v -1.087321 1.053234 0.128997
v -1.086820 1.053152 0.194996
v -1.086820 1.053152 0.128997
v -1.086400 1.053252 0.194996
v -1.086400 1.053252 0.128997
v -1.086173 1.053505 0.194996
v -1.086173 1.053505 0.128997
v -1.086199 1.053845 0.194996
v -1.086199 1.053845 0.128997
v -1.086472 1.054180 0.194996
v -1.086472 1.054180 0.128997
v -1.086919 1.054420 0.194996
v -1.086919 1.054420 0.128997
v -1.087419 1.054501 0.194996
v -1.087419 1.054501 0.128997
v -1.087839 1.054401 0.194996
v -1.087839 1.054401 0.128997
v -1.093749 1.056075 0.194996
v -1.093723 1.055735 0.194996
v -1.093723 1.055735 0.129997
v -1.093749 1.056075 0.129997
v -1.093450 1.055401 0.194996
v -1.093450 1.055401 0.129997
v -1.093003 1.055161 0.194996
v -1.093003 1.055161 0.129997
v -1.092502 1.055079 0.194996
v -1.092503 1.055079 0.129997
v -1.092082 1.055179 0.194996
v -1.092082 1.055179 0.129997
v -1.091855 1.055433 0.194996
v -1.091855 1.055433 0.129997
v -1.091881 1.055772 0.194996
v -1.091881 1.055772 0.129997
v -1.092154 1.056107 0.194996
v -1.092154 1.056107 0.129997
v -1.092601 1.056347 0.194996
v -1.092601 1.056347 0.129997
v -1.093101 1.056428 0.194996
v -1.093101 1.056428 0.129997
v -1.093521 1.056328 0.194996
v -1.093521 1.056328 0.129997
v -1.099431 1.058002 0.194996
v -1.099405 1.057662 0.194996
v -1.099405 1.057662 0.128997
v -1.099431 1.058002 0.128997
v -1.099132 1.057328 0.194996
v -1.099132 1.057328 0.128997
v -1.098685 1.057088 0.194996
v -1.098685 1.057088 0.128997
v -1.098185 1.057007 0.194996
v -1.098185 1.057007 0.128997
v -1.097764 1.057106 0.194996
v -1.097764 1.057106 0.128997
v -1.097537 1.057360 0.194996
v -1.097537 1.057360 0.128997
v -1.097563 1.057699 0.194996
v -1.097563 1.057699 0.128997
v -1.097836 1.058034 0.194996
v -1.097836 1.058034 0.128997
v -1.098283 1.058274 0.194996
v -1.098283 1.058274 0.128997
v -1.098783 1.058355 0.194996
v -1.098783 1.058355 0.128997
v -1.099204 1.058256 0.194996
v -1.099204 1.058256 0.128997
v -1.268967 0.876292 0.018295
v -1.271486 0.876685 0.018275
v -1.271459 0.876703 0.014246
v -1.268939 0.876311 0.014266
v -1.273589 0.876168 0.018247
v -1.273562 0.876186 0.014218
v -1.274713 0.874879 0.018218
v -1.274686 0.874898 0.014189
v -1.274557 0.873165 0.018195
v -1.274529 0.873183 0.014166
v -1.273162 0.871485 0.018185
v -1.273134 0.871503 0.014156
v -1.270902 0.870288 0.018191
v -1.270874 0.870306 0.014162
v -1.268382 0.869895 0.018211
v -1.268355 0.869913 0.014182
v -1.266279 0.870412 0.018239
v -1.266252 0.870431 0.014210
v -1.265155 0.871701 0.018269
v -1.265128 0.871719 0.014240
v -1.265311 0.873415 0.018291
v -1.265284 0.873433 0.014262
v -1.266707 0.875096 0.018301
v -1.266679 0.875114 0.014272
v -1.007369 1.027440 0.198996
v -1.007168 1.028033 0.198728
v -0.918149 0.997841 0.198728
v -0.918350 0.997248 0.198996
v -1.007021 1.028467 0.197996
v -0.918001 0.998275 0.197996
v -1.006967 1.028626 0.196996
v -0.917948 0.998434 0.196996
v -1.007021 1.028467 0.195996
v -0.918001 0.998275 0.195996
v -1.007168 1.028033 0.195264
v -0.918149 0.997841 0.195264
v -1.007369 1.027440 0.194996
v -0.918350 0.997248 0.194996
v -1.007571 1.026847 0.195264
v -0.918551 0.996655 0.195264
v -1.007718 1.026413 0.195996
v -0.918698 0.996221 0.195996
v -1.007772 1.026254 0.196996
v -0.918752 0.996062 0.196996
v -1.007718 1.026413 0.197996
v -0.918698 0.996221 0.197996
v -1.007571 1.026847 0.198728
v -0.918551 0.996655 0.198728
v -0.974224 1.016198 0.194996
v -0.974197 1.015859 0.194996
v -0.974197 1.015859 0.129996
v -0.974224 1.016198 0.129996
v -0.973924 1.015524 0.194996
v -0.973924 1.015524 0.129996
v -0.973478 1.015284 0.194996
v -0.973478 1.015284 0.129996
v -0.972977 1.015203 0.194996
v -0.972977 1.015203 0.129996
v -0.972557 1.015302 0.194996
v -0.972557 1.015303 0.129996
v -0.972330 1.015556 0.194996
v -0.972330 1.015556 0.129996
v -0.972356 1.015895 0.194996
v -0.972356 1.015895 0.129996
v -0.972629 1.016230 0.194996
v -0.972629 1.016230 0.129996
v -0.973076 1.016470 0.194996
v -0.973076 1.016470 0.129996
v -0.973576 1.016551 0.194996
v -0.973576 1.016551 0.129996
v -0.973996 1.016452 0.194996
v -0.973996 1.016452 0.129996
v -0.927820 1.000460 0.195996
v -0.927794 1.000121 0.195996
v -0.927794 1.000121 0.130996
v -0.927820 1.000460 0.130996
v -0.927521 0.999786 0.195996
v -0.927521 0.999786 0.130996
v -0.927074 0.999546 0.195996
v -0.927074 0.999546 0.130996
v -0.926574 0.999465 0.195996
v -0.926574 0.999465 0.130996
v -0.926153 0.999564 0.195996
v -0.926153 0.999564 0.130996
v -0.925926 0.999818 0.195996
v -0.925926 0.999818 0.130996
v -0.925952 1.000157 0.195996
v -0.925952 1.000157 0.130996
v -0.926225 1.000492 0.195996
v -0.926225 1.000492 0.130996
v -0.926672 1.000732 0.195996
v -0.926672 1.000732 0.130996
v -0.927172 1.000813 0.195996
v -0.927172 1.000813 0.130996
v -0.927593 1.000714 0.195996
v -0.927593 1.000714 0.130996
v -0.922138 0.998533 0.195996
v -0.922112 0.998193 0.195996
v -0.922112 0.998193 0.129996
v -0.922138 0.998533 0.129996
v -0.921838 0.997859 0.195996
v -0.921838 0.997859 0.129996
v -0.921392 0.997619 0.195996
v -0.921392 0.997619 0.129996
v -0.920892 0.997538 0.195996
v -0.920892 0.997538 0.129996
v -0.920471 0.997637 0.195996
v -0.920471 0.997637 0.129996
v -0.920244 0.997891 0.195996
v -0.920244 0.997891 0.129996
v -0.920270 0.998230 0.195996
v -0.920270 0.998230 0.129996
v -0.920543 0.998565 0.195996
v -0.920543 0.998565 0.129996
v -0.920990 0.998805 0.195996
v -0.920990 0.998805 0.129996
v -0.921490 0.998886 0.195996
v -0.921490 0.998886 0.129996
v -0.921910 0.998787 0.195996
v -0.921910 0.998787 0.129996
v -0.933502 1.002387 0.195996
v -0.933476 1.002048 0.195996
v -0.933476 1.002048 0.129996
v -0.933502 1.002387 0.129996
v -0.933203 1.001713 0.195996
v -0.933203 1.001713 0.129996
v -0.932756 1.001473 0.195996
v -0.932756 1.001473 0.129996
v -0.932256 1.001392 0.195996
v -0.932256 1.001392 0.129996
v -0.931836 1.001491 0.195996
v -0.931836 1.001491 0.129996
v -0.931608 1.001745 0.195996
v -0.931608 1.001745 0.129996
v -0.931634 1.002084 0.195996
v -0.931634 1.002084 0.129996
v -0.931907 1.002419 0.195996
v -0.931907 1.002419 0.129996
v -0.932354 1.002659 0.195996
v -0.932354 1.002659 0.129996
v -0.932854 1.002740 0.195996
v -0.932854 1.002740 0.129996
v -0.933275 1.002641 0.195996
v -0.933275 1.002641 0.129996
v -0.940131 1.004636 0.195996
v -0.940105 1.004296 0.195996
v -0.940105 1.004296 0.130997
v -0.940131 1.004636 0.130997
v -0.939832 1.003961 0.195996
v -0.939832 1.003961 0.130997
v -0.939385 1.003721 0.195996
v -0.939385 1.003721 0.130997
v -0.938885 1.003640 0.195996
v -0.938885 1.003640 0.130997
v -0.938465 1.003740 0.195996
v -0.938465 1.003740 0.130997
v -0.938237 1.003993 0.195996
v -0.938237 1.003993 0.130997
v -0.938264 1.004333 0.195996
v -0.938264 1.004333 0.130997
v -0.938536 1.004667 0.195996
v -0.938536 1.004667 0.130997
v -0.938983 1.004907 0.195996
v -0.938983 1.004907 0.130997
v -0.939483 1.004989 0.195996
v -0.939483 1.004989 0.130997
v -0.939904 1.004889 0.195996
v -0.939904 1.004889 0.130997
v -0.945813 1.006563 0.195996
v -0.945787 1.006223 0.195996
v -0.945787 1.006223 0.129997
v -0.945813 1.006563 0.129997
v -0.945514 1.005888 0.195996
v -0.945514 1.005888 0.129997
v -0.945067 1.005648 0.195996
v -0.945067 1.005648 0.129997
v -0.944567 1.005567 0.195996
v -0.944567 1.005567 0.129997
v -0.944147 1.005667 0.195996
v -0.944147 1.005667 0.129997
v -0.943919 1.005920 0.195996
v -0.943919 1.005920 0.129997
v -0.943946 1.006260 0.195996
v -0.943946 1.006260 0.129997
v -0.944219 1.006595 0.195996
v -0.944219 1.006595 0.129997
v -0.944665 1.006835 0.195996
v -0.944665 1.006835 0.129997
v -0.945166 1.006916 0.195996
v -0.945166 1.006916 0.129997
v -0.945586 1.006816 0.195996
v -0.945586 1.006816 0.129997
v -0.917001 0.998113 0.129996
v -0.917054 0.997954 0.130996
v -1.007968 1.028788 0.130996
v -1.007914 1.028947 0.129996
v -0.917202 0.997520 0.131729
v -1.008115 1.028354 0.131729
v -0.917403 0.996927 0.131996
v -1.008316 1.027761 0.131996
v -0.917604 0.996334 0.131729
v -1.008518 1.027168 0.131729
v -0.917751 0.995900 0.130996
v -1.008665 1.026734 0.130996
v -0.917805 0.995741 0.129996
v -1.008719 1.026575 0.129996
v -0.917751 0.995900 0.128996
v -1.008665 1.026734 0.128996
v -0.917604 0.996334 0.128264
v -1.008518 1.027168 0.128264
v -0.917403 0.996927 0.127996
v -1.008316 1.027761 0.127996
v -0.917202 0.997520 0.128264
v -1.008115 1.028354 0.128264
v -0.917054 0.997954 0.128996
v -1.007968 1.028788 0.128996
v -0.951495 1.008490 0.195996
v -0.951469 1.008150 0.195996
v -0.951469 1.008150 0.130997
v -0.951495 1.008490 0.130997
v -0.951196 1.007816 0.195996
v -0.951196 1.007816 0.130997
v -0.950750 1.007576 0.195996
v -0.950750 1.007576 0.130997
v -0.950249 1.007494 0.195996
v -0.950249 1.007494 0.130997
v -0.949829 1.007594 0.195996
v -0.949829 1.007594 0.130997
v -0.949601 1.007847 0.195996
v -0.949601 1.007847 0.130997
v -0.949628 1.008187 0.195996
v -0.949628 1.008187 0.130997
v -0.949901 1.008522 0.195996
v -0.949901 1.008522 0.130997
v -0.950347 1.008762 0.195996
v -0.950347 1.008762 0.130997
v -0.950848 1.008843 0.195996
v -0.950848 1.008843 0.130997
v -0.951268 1.008743 0.195996
v -0.951268 1.008743 0.130997
v -0.957177 1.010417 0.195996
v -0.957151 1.010077 0.195996
v -0.957151 1.010077 0.129997
v -0.957177 1.010417 0.129997
v -0.956878 1.009743 0.195996
v -0.956878 1.009743 0.129997
v -0.956432 1.009503 0.195996
v -0.956432 1.009503 0.129997
v -0.955931 1.009421 0.195996
v -0.955931 1.009421 0.129997
v -0.955511 1.009521 0.195996
v -0.955511 1.009521 0.129997
v -0.955284 1.009775 0.195996
v -0.955284 1.009775 0.129997
v -0.955310 1.010114 0.195996
v -0.955310 1.010114 0.129997
v -0.955583 1.010449 0.195996
v -0.955583 1.010449 0.129997
v -0.956029 1.010689 0.195996
v -0.956029 1.010689 0.129997
v -0.956530 1.010770 0.195996
v -0.956530 1.010770 0.129997
v -0.956950 1.010670 0.195996
v -0.956950 1.010670 0.129997
v -0.962860 1.012344 0.194996
v -0.962833 1.012004 0.194996
v -0.962833 1.012004 0.129996
v -0.962860 1.012344 0.129996
v -0.962560 1.011670 0.194996
v -0.962560 1.011670 0.129996
v -0.962114 1.011430 0.194996
v -0.962114 1.011430 0.129996
v -0.961613 1.011349 0.194996
v -0.961613 1.011349 0.129996
v -0.961193 1.011448 0.194996
v -0.961193 1.011448 0.129996
v -0.960966 1.011702 0.194996
v -0.960966 1.011702 0.129996
v -0.960992 1.012041 0.194996
v -0.960992 1.012041 0.129996
v -0.961265 1.012376 0.194996
v -0.961265 1.012376 0.129996
v -0.961711 1.012616 0.194996
v -0.961711 1.012616 0.129996
v -0.962212 1.012697 0.194996
v -0.962212 1.012697 0.129996
v -0.962632 1.012598 0.194996
v -0.962632 1.012598 0.129996
v -0.968542 1.014271 0.194996
v -0.968515 1.013932 0.194996
v -0.968515 1.013932 0.128996
v -0.968542 1.014271 0.128996
v -0.968242 1.013597 0.194996
v -0.968242 1.013597 0.128996
v -0.967796 1.013357 0.194996
v -0.967796 1.013357 0.128996
v -0.967295 1.013276 0.194996
v -0.967295 1.013276 0.128996
v -0.966875 1.013375 0.194996
v -0.966875 1.013375 0.128996
v -0.966648 1.013629 0.194996
v -0.966648 1.013629 0.128996
v -0.966674 1.013968 0.194996
v -0.966674 1.013968 0.128996
v -0.966947 1.014303 0.194996
v -0.966947 1.014303 0.128996
v -0.967394 1.014543 0.194996
v -0.967394 1.014543 0.128996
v -0.967894 1.014624 0.194996
v -0.967894 1.014624 0.128996
v -0.968314 1.014525 0.194996
v -0.968314 1.014525 0.128996
v -0.979906 1.018125 0.194996
v -0.979880 1.017786 0.194996
v -0.979880 1.017786 0.128996
v -0.979906 1.018125 0.128996
v -0.979607 1.017451 0.194996
v -0.979607 1.017451 0.128996
v -0.979160 1.017211 0.194996
v -0.979160 1.017211 0.128996
v -0.978660 1.017130 0.194996
v -0.978660 1.017130 0.128996
v -0.978239 1.017229 0.194996
v -0.978239 1.017229 0.128996
v -0.978012 1.017483 0.194996
v -0.978012 1.017483 0.128996
v -0.978038 1.017823 0.194996
v -0.978038 1.017823 0.128996
v -0.978311 1.018157 0.194996
v -0.978311 1.018157 0.128996
v -0.978758 1.018397 0.194996
v -0.978758 1.018397 0.128996
v -0.979258 1.018479 0.194996
v -0.979258 1.018479 0.128996
v -0.979678 1.018379 0.194996
v -0.979679 1.018379 0.128996
v -0.986535 1.020374 0.194996
v -0.986509 1.020034 0.194996
v -0.986509 1.020034 0.129996
v -0.986535 1.020374 0.129996
v -0.986236 1.019700 0.194996
v -0.986236 1.019700 0.129996
v -0.985789 1.019459 0.194996
v -0.985789 1.019459 0.129996
v -0.985289 1.019378 0.194996
v -0.985289 1.019378 0.129996
v -0.984868 1.019478 0.194996
v -0.984868 1.019478 0.129996
v -0.984641 1.019731 0.194996
v -0.984641 1.019731 0.129996
v -0.984667 1.020071 0.194996
v -0.984667 1.020071 0.129996
v -0.984940 1.020406 0.194996
v -0.984940 1.020406 0.129996
v -0.985387 1.020646 0.194996
v -0.985387 1.020646 0.129996
v -0.985887 1.020727 0.194996
v -0.985887 1.020727 0.129996
v -0.986308 1.020627 0.194996
v -0.986308 1.020627 0.129996
v -0.992217 1.022301 0.194996
v -0.992191 1.021961 0.194996
v -0.992191 1.021961 0.128996
v -0.992217 1.022301 0.128996
v -0.991918 1.021627 0.194996
v -0.991918 1.021627 0.128996
v -0.991471 1.021387 0.194996
v -0.991471 1.021387 0.128996
v -0.990971 1.021305 0.194996
v -0.990971 1.021305 0.128996
v -0.990551 1.021405 0.194996
v -0.990551 1.021405 0.128996
v -0.990323 1.021659 0.194996
v -0.990323 1.021659 0.128996
v -0.990349 1.021998 0.194996
v -0.990349 1.021998 0.128996
v -0.990622 1.022333 0.194996
v -0.990622 1.022333 0.128996
v -0.991069 1.022573 0.194996
v -0.991069 1.022573 0.128996
v -0.991569 1.022654 0.194996
v -0.991569 1.022654 0.128996
v -0.991990 1.022555 0.194996
v -0.991990 1.022554 0.128996
v -0.997899 1.024228 0.194996
v -0.997873 1.023888 0.194996
v -0.997873 1.023888 0.129996
v -0.997899 1.024228 0.129996
v -0.997600 1.023554 0.194996
v -0.997600 1.023554 0.129996
v -0.997153 1.023314 0.194996
v -0.997153 1.023314 0.129996
v -0.996653 1.023233 0.194996
v -0.996653 1.023233 0.129996
v -0.996233 1.023332 0.194996
v -0.996233 1.023332 0.129996
v -0.996005 1.023586 0.194996
v -0.996005 1.023586 0.129996
v -0.996031 1.023925 0.194996
v -0.996031 1.023925 0.129996
v -0.996304 1.024260 0.194996
v -0.996304 1.024260 0.129996
v -0.996751 1.024500 0.194996
v -0.996751 1.024500 0.129996
v -0.997252 1.024581 0.194996
v -0.997252 1.024581 0.129996
v -0.997672 1.024482 0.194996
v -0.997672 1.024482 0.129996
v -1.003581 1.026155 0.194996
v -1.003555 1.025815 0.194996
v -1.003555 1.025815 0.128996
v -1.003581 1.026155 0.128996
v -1.003282 1.025481 0.194996
v -1.003282 1.025481 0.128996
v -1.002836 1.025241 0.194996
v -1.002836 1.025241 0.128996
v -1.002335 1.025160 0.194996
v -1.002335 1.025160 0.128996
v -1.001915 1.025259 0.194996
v -1.001915 1.025259 0.128996
v -1.001687 1.025513 0.194996
v -1.001687 1.025513 0.128996
v -1.001714 1.025852 0.194996
v -1.001714 1.025852 0.128996
v -1.001987 1.026187 0.194996
v -1.001987 1.026187 0.128996
v -1.002433 1.026427 0.194996
v -1.002433 1.026427 0.128996
v -1.002934 1.026508 0.194996
v -1.002934 1.026508 0.128996
v -1.003354 1.026409 0.194996
v -1.003354 1.026409 0.128996
v -1.174969 0.845506 -0.004169
v -1.177488 0.845898 -0.004189
v -1.177461 0.845917 -0.008218
v -1.174941 0.845524 -0.008198
v -1.179591 0.845381 -0.004217
v -1.179564 0.845399 -0.008246
v -1.180715 0.844093 -0.004247
v -1.180688 0.844111 -0.008276
v -1.180559 0.842379 -0.004269
v -1.180532 0.842397 -0.008298
v -1.179164 0.840698 -0.004279
v -1.179136 0.840716 -0.008308
v -1.176904 0.839501 -0.004273
v -1.176876 0.839520 -0.008302
v -1.174384 0.839109 -0.004253
v -1.174357 0.839127 -0.008282
v -1.172281 0.839626 -0.004225
v -1.172254 0.839644 -0.008254
v -1.171157 0.840914 -0.004195
v -1.171129 0.840933 -0.008225
v -1.171313 0.842628 -0.004173
v -1.171286 0.842647 -0.008202
v -1.172709 0.844309 -0.004163
v -1.172681 0.844328 -0.008192
v -1.008278 1.031103 0.042504
v -1.010798 1.031512 0.042504
v -1.010798 1.031512 0.038474
v -1.008278 1.031103 0.038474
v -1.012915 1.031011 0.042504
v -1.012915 1.031011 0.038474
v -1.014061 1.029734 0.042504
v -1.014061 1.029734 0.038474
v -1.013928 1.028023 0.042504
v -1.013928 1.028023 0.038474
v -1.012553 1.026338 0.042504
v -1.012553 1.026338 0.038474
v -1.010304 1.025129 0.042504
v -1.010304 1.025129 0.038474
v -1.007783 1.024720 0.042504
v -1.007783 1.024720 0.038474
v -1.005666 1.025221 0.042504
v -1.005666 1.025221 0.038474
v -1.004521 1.026498 0.042504
v -1.004521 1.026498 0.038474
v -1.004653 1.028208 0.042504
v -1.004653 1.028208 0.038474
v -1.006028 1.029894 0.042504
v -1.006028 1.029894 0.038474
v -1.176515 0.842380 0.096876
v -1.176484 0.842040 0.096872
v -1.176042 0.842335 0.031876
v -1.176073 0.842676 0.031880
v -1.176207 0.841706 0.096870
v -1.175765 0.842002 0.031874
v -1.175758 0.841469 0.096871
v -1.175316 0.841764 0.031875
v -1.175258 0.841391 0.096875
v -1.174816 0.841686 0.031879
v -1.174840 0.841493 0.096880
v -1.174399 0.841789 0.031885
v -1.174617 0.841749 0.096886
v -1.174175 0.842044 0.031891
v -1.174648 0.842089 0.096891
v -1.174206 0.842385 0.031895
v -1.174925 0.842423 0.096893
v -1.174484 0.842719 0.031897
v -1.175374 0.842661 0.096892
v -1.174932 0.842956 0.031896
v -1.175874 0.842739 0.096888
v -1.175432 0.843034 0.031892
v -1.176291 0.842636 0.096882
v -1.175850 0.842931 0.031886
v -1.057654 0.869723 -0.001496
v -1.060174 0.870131 -0.001496
v -1.060174 0.870131 -0.005526
v -1.057654 0.869723 -0.005526
v -1.062291 0.869630 -0.001496
v -1.062291 0.869630 -0.005526
v -1.063437 0.868353 -0.001496
v -1.063437 0.868353 -0.005526
v -1.063304 0.866643 -0.001496
v -1.063304 0.866643 -0.005526
v -1.061929 0.864957 -0.001496
v -1.061929 0.864957 -0.005526
v -1.059680 0.863748 -0.001496
v -1.059680 0.863748 -0.005526
v -1.057159 0.863340 -0.001496
v -1.057159 0.863340 -0.005526
v -1.055043 0.863841 -0.001496
v -1.055043 0.863841 -0.005526
v -1.053897 0.865118 -0.001496
v -1.053897 0.865118 -0.005526
v -1.054029 0.866828 -0.001496
v -1.054029 0.866828 -0.005526
v -1.055404 0.868514 -0.001496
v -1.055404 0.868514 -0.005526
v -1.345328 0.957224 -0.003503
v -1.344618 0.956983 -0.003704
v -1.361917 0.905978 -0.003704
v -1.362627 0.906219 -0.003503
v -1.344098 0.956807 -0.004253
v -1.361397 0.905801 -0.004253
v -1.343908 0.956742 -0.005003
v -1.361207 0.905737 -0.005003
v -1.344098 0.956807 -0.005753
v -1.361397 0.905801 -0.005753
v -1.344618 0.956983 -0.006302
v -1.361917 0.905978 -0.006302
v -1.345328 0.957224 -0.006503
v -1.362627 0.906219 -0.006503
v -1.346039 0.957465 -0.006302
v -1.363338 0.906460 -0.006302
v -1.346558 0.957641 -0.005753
v -1.363858 0.906636 -0.005753
v -1.346749 0.957706 -0.005003
v -1.364048 0.906700 -0.005003
v -1.346558 0.957641 -0.004253
v -1.363858 0.906636 -0.004253
v -1.346039 0.957465 -0.003704
v -1.363338 0.906460 -0.003704
v -1.179960 1.147477 0.143996
v -1.179758 1.148070 0.143729
v -1.090739 1.117879 0.143729
v -1.090940 1.117286 0.143996
v -1.179611 1.148504 0.142996
v -1.090592 1.118313 0.142996
v -1.179557 1.148663 0.141996
v -1.090538 1.118472 0.141996
v -1.179611 1.148504 0.140996
v -1.090592 1.118313 0.140996
v -1.179758 1.148070 0.140264
v -1.090739 1.117879 0.140264
v -1.179960 1.147477 0.139996
v -1.090940 1.117286 0.139996
v -1.180161 1.146884 0.140264
v -1.091141 1.116692 0.140264
v -1.180308 1.146450 0.140996
v -1.091288 1.116258 0.140996
v -1.180362 1.146291 0.141996
v -1.091342 1.116099 0.141996
v -1.180308 1.146450 0.142996
v -1.091288 1.116258 0.142996
v -1.180161 1.146884 0.143729
v -1.091141 1.116692 0.143729
v -1.146814 1.136236 0.139996
v -1.146788 1.135896 0.139996
v -1.146788 1.135896 0.074997
v -1.146814 1.136236 0.074997
v -1.146515 1.135561 0.139996
v -1.146515 1.135561 0.074997
v -1.146068 1.135321 0.139996
v -1.146068 1.135321 0.074997
v -1.145568 1.135240 0.139996
v -1.145568 1.135240 0.074997
v -1.145147 1.135340 0.139996
v -1.145147 1.135340 0.074997
v -1.144920 1.135593 0.139996
v -1.144920 1.135593 0.074997
v -1.144946 1.135933 0.139996
v -1.144946 1.135933 0.074997
v -1.145219 1.136267 0.139996
v -1.145219 1.136267 0.074997
v -1.145666 1.136508 0.139996
v -1.145666 1.136508 0.074997
v -1.146166 1.136589 0.139996
v -1.146166 1.136589 0.074997
v -1.146586 1.136489 0.139996
v -1.146586 1.136489 0.074997
v -1.100410 1.120497 0.140996
v -1.100384 1.120158 0.140996
v -1.100384 1.120158 0.075997
v -1.100410 1.120497 0.075997
v -1.100111 1.119823 0.140996
v -1.100111 1.119823 0.075997
v -1.099664 1.119583 0.140996
v -1.099664 1.119583 0.075997
v -1.099164 1.119502 0.140996
v -1.099164 1.119502 0.075997
v -1.098744 1.119601 0.140996
v -1.098744 1.119601 0.075997
v -1.098516 1.119855 0.140996
v -1.098516 1.119855 0.075997
v -1.098542 1.120195 0.140996
v -1.098542 1.120195 0.075997
v -1.098815 1.120529 0.140996
v -1.098815 1.120529 0.075997
v -1.099262 1.120769 0.140996
v -1.099262 1.120769 0.075997
v -1.099763 1.120850 0.140996
v -1.099763 1.120850 0.075997
v -1.100183 1.120751 0.140996
v -1.100183 1.120751 0.075997
v -1.094728 1.118570 0.140996
v -1.094702 1.118231 0.140996
v -1.094702 1.118231 0.074997
v -1.094728 1.118570 0.074997
v -1.094429 1.117896 0.140996
v -1.094429 1.117896 0.074997
v -1.093982 1.117656 0.140996
v -1.093982 1.117656 0.074997
v -1.093482 1.117575 0.140996
v -1.093482 1.117575 0.074997
v -1.093061 1.117674 0.140996
v -1.093061 1.117674 0.074997
v -1.092834 1.117928 0.140996
v -1.092834 1.117928 0.074997
v -1.092860 1.118268 0.140996
v -1.092860 1.118268 0.074997
v -1.093133 1.118602 0.140996
v -1.093133 1.118602 0.074997
v -1.093580 1.118842 0.140996
v -1.093580 1.118842 0.074997
v -1.094080 1.118923 0.140996
v -1.094080 1.118923 0.074997
v -1.094501 1.118824 0.140996
v -1.094501 1.118824 0.074997
v -1.106092 1.122425 0.140996
v -1.106066 1.122085 0.140996
v -1.106066 1.122085 0.074997
v -1.106092 1.122425 0.074997
v -1.105793 1.121750 0.140996
v -1.105793 1.121750 0.074997
v -1.105346 1.121510 0.140996
v -1.105346 1.121510 0.074997
v -1.104846 1.121429 0.140996
v -1.104846 1.121429 0.074997
v -1.104426 1.121529 0.140996
v -1.104426 1.121529 0.074997
v -1.104198 1.121782 0.140996
v -1.104198 1.121782 0.074997
v -1.104224 1.122122 0.140996
v -1.104224 1.122122 0.074997
v -1.104498 1.122456 0.140996
v -1.104498 1.122456 0.074997
v -1.104944 1.122697 0.140996
v -1.104944 1.122697 0.074997
v -1.105445 1.122778 0.140996
v -1.105445 1.122778 0.074997
v -1.105865 1.122678 0.140996
v -1.105865 1.122678 0.074997
v -1.112721 1.124673 0.140997
v -1.112695 1.124333 0.140997
v -1.112695 1.124333 0.075997
v -1.112721 1.124673 0.075997
v -1.112422 1.123999 0.140997
v -1.112422 1.123999 0.075997
v -1.111975 1.123759 0.140997
v -1.111975 1.123759 0.075997
v -1.111475 1.123677 0.140997
v -1.111475 1.123677 0.075997
v -1.111055 1.123777 0.140997
v -1.111055 1.123777 0.075997
v -1.110827 1.124030 0.140997
v -1.110827 1.124030 0.075997
v -1.110854 1.124370 0.140997
v -1.110854 1.124370 0.075997
v -1.111127 1.124705 0.140997
v -1.111127 1.124705 0.075997
v -1.111573 1.124945 0.140997
v -1.111573 1.124945 0.075997
v -1.112074 1.125026 0.140997
v -1.112074 1.125026 0.075997
v -1.112494 1.124926 0.140997
v -1.112494 1.124926 0.075997
v -1.118403 1.126600 0.140996
v -1.118377 1.126260 0.140996
v -1.118377 1.126260 0.074997
v -1.118403 1.126600 0.074997
v -1.118104 1.125926 0.140996
v -1.118104 1.125926 0.074997
v -1.117658 1.125686 0.140996
v -1.117658 1.125686 0.074997
v -1.117157 1.125605 0.140996
v -1.117157 1.125605 0.074997
v -1.116737 1.125704 0.140996
v -1.116737 1.125704 0.074997
v -1.116509 1.125958 0.140996
v -1.116509 1.125958 0.074997
v -1.116536 1.126297 0.140996
v -1.116536 1.126297 0.074997
v -1.116809 1.126632 0.140996
v -1.116809 1.126632 0.074997
v -1.117255 1.126872 0.140996
v -1.117255 1.126872 0.074997
v -1.117756 1.126953 0.140996
v -1.117756 1.126953 0.074997
v -1.118176 1.126854 0.140996
v -1.118176 1.126853 0.074997
v -1.089591 1.118151 0.074996
v -1.089645 1.117992 0.075997
v -1.180558 1.148826 0.075997
v -1.180504 1.148985 0.074997
v -1.089792 1.117558 0.076729
v -1.180705 1.148391 0.076729
v -1.089993 1.116964 0.076996
v -1.180907 1.147798 0.076997
v -1.090194 1.116371 0.076729
v -1.181108 1.147205 0.076729
v -1.090341 1.115937 0.075997
v -1.181255 1.146771 0.075997
v -1.090395 1.115778 0.074997
v -1.181309 1.146612 0.074997
v -1.090341 1.115937 0.073996
v -1.181255 1.146771 0.073997
v -1.090194 1.116371 0.073264
v -1.181108 1.147205 0.073264
v -1.089993 1.116964 0.072996
v -1.180907 1.147798 0.072997
v -1.089792 1.117558 0.073264
v -1.180705 1.148391 0.073264
v -1.089645 1.117992 0.073996
v -1.180558 1.148826 0.073997
v -1.124086 1.128527 0.140997
v -1.124059 1.128188 0.140997
v -1.124059 1.128188 0.075997
v -1.124086 1.128527 0.075997
v -1.123786 1.127853 0.140997
v -1.123786 1.127853 0.075997
v -1.123340 1.127613 0.140997
v -1.123340 1.127613 0.075997
v -1.122839 1.127532 0.140997
v -1.122839 1.127532 0.075997
v -1.122419 1.127631 0.140997
v -1.122419 1.127631 0.075997
v -1.122192 1.127885 0.140997
v -1.122191 1.127885 0.075997
v -1.122218 1.128224 0.140997
v -1.122218 1.128224 0.075997
v -1.122491 1.128559 0.140997
v -1.122491 1.128559 0.075997
v -1.122937 1.128799 0.140997
v -1.122937 1.128799 0.075997
v -1.123438 1.128880 0.140997
v -1.123438 1.128880 0.075997
v -1.123858 1.128781 0.140997
v -1.123858 1.128781 0.075997
v -1.129768 1.130454 0.140996
v -1.129741 1.130115 0.140996
v -1.129741 1.130115 0.074997
v -1.129768 1.130454 0.074997
v -1.129468 1.129780 0.140996
v -1.129468 1.129780 0.074997
v -1.129022 1.129540 0.140996
v -1.129022 1.129540 0.074997
v -1.128521 1.129459 0.140996
v -1.128521 1.129459 0.074997
v -1.128101 1.129558 0.140996
v -1.128101 1.129558 0.074997
v -1.127874 1.129812 0.140996
v -1.127874 1.129812 0.074997
v -1.127900 1.130151 0.140996
v -1.127900 1.130151 0.074997
v -1.128173 1.130486 0.140996
v -1.128173 1.130486 0.074997
v -1.128619 1.130726 0.140996
v -1.128619 1.130726 0.074997
v -1.129120 1.130807 0.140996
v -1.129120 1.130807 0.074997
v -1.129540 1.130708 0.140996
v -1.129540 1.130708 0.074997
v -1.135450 1.132381 0.139996
v -1.135423 1.132042 0.139996
v -1.135423 1.132042 0.074997
v -1.135450 1.132381 0.074997
v -1.135150 1.131707 0.139996
v -1.135150 1.131707 0.074997
v -1.134704 1.131467 0.139996
v -1.134704 1.131467 0.074997
v -1.134203 1.131386 0.139996
v -1.134203 1.131386 0.074997
v -1.133783 1.131485 0.139996
v -1.133783 1.131485 0.074997
v -1.133556 1.131739 0.139996
v -1.133556 1.131739 0.074997
v -1.133582 1.132079 0.139996
v -1.133582 1.132079 0.074997
v -1.133855 1.132413 0.139996
v -1.133855 1.132413 0.074997
v -1.134302 1.132653 0.139996
v -1.134302 1.132653 0.074997
v -1.134802 1.132734 0.139996
v -1.134802 1.132734 0.074997
v -1.135222 1.132635 0.139996
v -1.135222 1.132635 0.074997
v -1.141132 1.134308 0.139996
v -1.141105 1.133969 0.139996
v -1.141105 1.133969 0.073997
v -1.141132 1.134308 0.073997
v -1.140832 1.133634 0.139996
v -1.140832 1.133634 0.073997
v -1.140386 1.133394 0.139996
v -1.140386 1.133394 0.073997
v -1.139886 1.133313 0.139996
v -1.139886 1.133313 0.073997
v -1.139465 1.133413 0.139996
v -1.139465 1.133413 0.073997
v -1.139238 1.133666 0.139996
v -1.139238 1.133666 0.073997
v -1.139264 1.134006 0.139996
v -1.139264 1.134006 0.073997
v -1.139537 1.134340 0.139996
v -1.139537 1.134340 0.073997
v -1.139984 1.134580 0.139996
v -1.139984 1.134580 0.073997
v -1.140484 1.134661 0.139996
v -1.140484 1.134661 0.073997
v -1.140904 1.134562 0.139996
v -1.140904 1.134562 0.073997
v -1.152496 1.138163 0.139996
v -1.152470 1.137823 0.139996
v -1.152470 1.137823 0.073997
v -1.152496 1.138163 0.073997
v -1.152197 1.137489 0.139996
v -1.152197 1.137489 0.073997
v -1.151750 1.137248 0.139996
v -1.151750 1.137248 0.073997
v -1.151250 1.137167 0.139996
v -1.151250 1.137167 0.073997
v -1.150830 1.137267 0.139996
v -1.150830 1.137267 0.073997
v -1.150602 1.137520 0.139996
v -1.150602 1.137520 0.073997
v -1.150628 1.137860 0.139996
v -1.150628 1.137860 0.073997
v -1.150901 1.138195 0.139996
v -1.150901 1.138195 0.073997
v -1.151348 1.138435 0.139996
v -1.151348 1.138435 0.073997
v -1.151848 1.138516 0.139996
v -1.151848 1.138516 0.073997
v -1.152269 1.138416 0.139996
v -1.152269 1.138416 0.073997
v -1.159125 1.140411 0.139997
v -1.159099 1.140072 0.139997
v -1.159099 1.140072 0.074997
v -1.159125 1.140411 0.074997
v -1.158826 1.139737 0.139997
v -1.158826 1.139737 0.074997
v -1.158379 1.139497 0.139997
v -1.158379 1.139497 0.074997
v -1.157879 1.139416 0.139997
v -1.157879 1.139416 0.074997
v -1.157459 1.139515 0.139997
v -1.157459 1.139515 0.074997
v -1.157231 1.139769 0.139997
v -1.157231 1.139769 0.074997
v -1.157257 1.140108 0.139997
v -1.157257 1.140108 0.074997
v -1.157530 1.140443 0.139997
v -1.157530 1.140443 0.074997
v -1.157977 1.140683 0.139997
v -1.157977 1.140683 0.074997
v -1.158477 1.140764 0.139997
v -1.158477 1.140764 0.074997
v -1.158898 1.140665 0.139997
v -1.158898 1.140665 0.074997
v -1.164807 1.142338 0.139996
v -1.164781 1.141999 0.139996
v -1.164781 1.141999 0.073997
v -1.164807 1.142338 0.073997
v -1.164508 1.141664 0.139996
v -1.164508 1.141664 0.073997
v -1.164061 1.141424 0.139996
v -1.164061 1.141424 0.073997
v -1.163561 1.141343 0.139996
v -1.163561 1.141343 0.073997
v -1.163141 1.141442 0.139996
v -1.163141 1.141442 0.073997
v -1.162913 1.141696 0.139996
v -1.162913 1.141696 0.073997
v -1.162940 1.142035 0.139996
v -1.162940 1.142035 0.073997
v -1.163213 1.142370 0.139996
v -1.163213 1.142370 0.073997
v -1.163659 1.142610 0.139996
v -1.163659 1.142610 0.073997
v -1.164160 1.142691 0.139996
v -1.164160 1.142691 0.073997
v -1.164580 1.142592 0.139996
v -1.164580 1.142592 0.073997
v -1.170489 1.144265 0.139997
v -1.170463 1.143926 0.139997
v -1.170463 1.143926 0.074997
v -1.170489 1.144265 0.074997
v -1.170190 1.143591 0.139997
v -1.170190 1.143591 0.074997
v -1.169743 1.143351 0.139997
v -1.169743 1.143351 0.074997
v -1.169243 1.143270 0.139997
v -1.169243 1.143270 0.074997
v -1.168823 1.143369 0.139997
v -1.168823 1.143369 0.074997
v -1.168595 1.143623 0.139997
v -1.168595 1.143623 0.074997
v -1.168622 1.143963 0.139997
v -1.168622 1.143963 0.074997
v -1.168895 1.144297 0.139997
v -1.168895 1.144297 0.074997
v -1.169341 1.144537 0.139997
v -1.169341 1.144537 0.074997
v -1.169842 1.144618 0.139997
v -1.169842 1.144618 0.074997
v -1.170262 1.144519 0.139997
v -1.170262 1.144519 0.074997
v -1.176171 1.146192 0.139996
v -1.176145 1.145853 0.139996
v -1.176145 1.145853 0.073997
v -1.176171 1.146192 0.073997
v -1.175872 1.145518 0.139996
v -1.175872 1.145518 0.073997
v -1.175426 1.145278 0.139996
v -1.175426 1.145278 0.073997
v -1.174925 1.145197 0.139996
v -1.174925 1.145197 0.073997
v -1.174505 1.145297 0.139996
v -1.174505 1.145297 0.073997
v -1.174277 1.145550 0.139996
v -1.174277 1.145550 0.073997
v -1.174304 1.145890 0.139996
v -1.174304 1.145890 0.073997
v -1.174577 1.146224 0.139996
v -1.174577 1.146224 0.073997
v -1.175023 1.146464 0.139996
v -1.175023 1.146464 0.073997
v -1.175524 1.146545 0.139996
v -1.175524 1.146545 0.073997
v -1.175944 1.146446 0.139996
v -1.175944 1.146446 0.073997
v -1.057856 0.869125 0.020666
v -1.058810 0.869449 0.020396
v -1.025174 0.968626 0.020396
v -1.024220 0.968302 0.020666
v -1.059509 0.869686 0.019658
v -1.025872 0.968863 0.019658
v -1.059764 0.869772 0.018651
v -1.026128 0.968949 0.018651
v -1.059509 0.869686 0.017644
v -1.025872 0.968863 0.017643
v -1.058810 0.869449 0.016906
v -1.025174 0.968626 0.016906
v -1.057856 0.869125 0.016636
v -1.024220 0.968302 0.016636
v -1.056902 0.868802 0.016906
v -1.023266 0.967979 0.016906
v -1.056204 0.868565 0.017644
v -1.022567 0.967742 0.017643
v -1.055948 0.868478 0.018651
v -1.022312 0.967655 0.018651
v -1.056204 0.868565 0.019658
v -1.022567 0.967742 0.019658
v -1.056902 0.868802 0.020396
v -1.023266 0.967979 0.020396
v -0.989207 1.084105 0.118996
v -1.008316 1.027761 0.118996
v -0.917403 0.996927 0.118996
v -0.898293 1.053271 0.118996
v -1.081068 1.115260 0.118997
v -1.081068 1.115260 0.122997
v -1.100177 1.058916 0.122997
v -1.100177 1.058916 0.118997
v -0.989207 1.084105 0.122996
v -1.008316 1.027761 0.122996
v -0.917403 0.996927 0.122996
v -0.898293 1.053271 0.122996
v -0.915450 0.999571 0.119996
v -0.915450 0.999571 0.132996
v -0.918008 0.992195 0.162442
v -0.918036 0.992204 0.149442
v -0.765845 1.002963 0.004443
v -0.899157 1.047612 0.132996
v -0.900885 1.059573 0.149523
v -0.899157 1.047612 0.119996
v -0.758705 1.000757 0.015077
v -0.782071 0.954924 0.006877
v -0.774931 0.952718 0.017511
v -0.777987 0.944668 0.046624
v -0.785139 0.946920 0.036006
v -0.785139 0.946920 0.036006
v -0.777987 0.944668 0.046624
v -0.749657 1.007033 0.033104
v -0.735540 0.993944 -0.005022
v -0.760453 1.010228 0.024805
v -0.738956 0.994865 -0.017528
v -0.749088 0.944906 -0.017029
v -0.745672 0.943985 -0.004523
v -0.748814 0.935791 0.024521
v -0.752254 0.936739 0.012023
v -0.752254 0.936739 0.012023
v -0.748814 0.935791 0.024521
v -0.728444 1.000535 0.016359
v -0.691315 0.981403 -0.016698
v -0.733075 1.001547 0.003875
v -0.693032 0.981698 -0.029576
v -0.701415 0.931265 -0.027966
v -0.699698 0.930969 -0.015088
v -0.702915 0.922531 0.013848
v -0.704661 0.922845 0.000973
v -0.704661 0.922845 0.000973
v -0.702915 0.922531 0.013848
v -0.683365 0.987555 0.006949
v -0.637895 0.966404 -0.019371
v -0.687492 0.988252 -0.006348
v -0.638176 0.966287 -0.032365
v -0.649018 0.916546 -0.030475
v -0.648736 0.916662 -0.017481
v -0.628877 0.971771 -0.006783
v -0.629082 0.972306 0.007069
v -0.686161 0.988345 0.007448
v -0.730987 1.001265 0.017343
v -0.684696 0.987462 -0.006847
v -0.683627 0.987160 -0.006828
v -0.729918 1.000963 0.017361
v -0.753932 1.008419 0.036695
v -0.731601 1.001119 0.002873
v -0.730921 1.000917 0.002660
v -0.753252 1.008217 0.036483
v -0.904037 1.060624 0.151878
v -0.756858 1.009044 0.021427
v -0.900380 1.059162 0.135666
v -0.753706 1.007992 0.019072
v -0.652015 0.907946 0.011335
v -0.652327 0.907840 -0.001658
v -0.752254 0.936739 0.012023
v -0.702915 0.922531 0.013848
v -0.748814 0.935791 0.024521
v -0.785139 0.946920 0.036006
v -0.918036 0.992204 0.149442
v -0.777987 0.944668 0.046624
v -1.268816 0.876393 -0.003865
v -1.271335 0.876786 -0.003885
v -1.271308 0.876804 -0.007914
v -1.268789 0.876411 -0.007894
v -1.273439 0.876268 -0.003913
v -1.273412 0.876287 -0.007942
v -1.274563 0.874980 -0.003943
v -1.274536 0.874998 -0.007972
v -1.274406 0.873266 -0.003965
v -1.274379 0.873284 -0.007994
v -1.273011 0.871585 -0.003975
v -1.272984 0.871604 -0.008004
v -1.270751 0.870388 -0.003969
v -1.270724 0.870407 -0.007998
v -1.268232 0.869996 -0.003949
v -1.268204 0.870014 -0.007978
v -1.266128 0.870513 -0.003921
v -1.266101 0.870531 -0.007950
v -1.265004 0.871801 -0.003892
v -1.264977 0.871820 -0.007921
v -1.265161 0.873516 -0.003869
v -1.265134 0.873534 -0.007898
v -1.266556 0.875196 -0.003859
v -1.266529 0.875215 -0.007888
v -1.022396 0.973679 0.039805
v -1.024917 0.974088 0.039805
v -1.024917 0.974088 0.035776
v -1.022396 0.973679 0.035776
v -1.027033 0.973587 0.039805
v -1.027033 0.973587 0.035776
v -1.028179 0.972310 0.039805
v -1.028179 0.972310 0.035776
v -1.028046 0.970600 0.039805
v -1.028046 0.970600 0.035776
v -1.026672 0.968914 0.039805
v -1.026672 0.968914 0.035776
v -1.024422 0.967705 0.039805
v -1.024422 0.967705 0.035776
v -1.021901 0.967296 0.039805
v -1.021901 0.967296 0.035776
v -1.019785 0.967798 0.039805
v -1.019785 0.967798 0.035776
v -1.018639 0.969074 0.039805
v -1.018639 0.969074 0.035776
v -1.018772 0.970785 0.039805
v -1.018772 0.970785 0.035776
v -1.020147 0.972470 0.039805
v -1.020147 0.972470 0.035776
vn 0.1540 0.9881 0.0052
vn -0.2390 0.9710 0.0029
vn -0.7535 0.6574 -0.0021
vn -0.9958 -0.0916 -0.0072
vn -0.7697 -0.6384 -0.0083
vn -0.4680 -0.8837 -0.0074
vn -0.1542 -0.9880 -0.0058
vn 0.2390 -0.9710 -0.0027
vn 0.7539 -0.6570 0.0021
vn 0.9959 0.0906 0.0072
vn 0.7695 0.6385 0.0081
vn 0.4680 0.8837 0.0070
vn -0.0100 -0.0141 0.9999
vn 0.0100 0.0141 -0.9999
vn 0.1539 0.9881 0.0055
vn -0.2389 0.9711 0.0028
vn -0.9958 -0.0908 -0.0072
vn -0.7694 -0.6387 -0.0081
vn -0.4680 -0.8837 -0.0072
vn -0.1539 -0.9881 -0.0055
vn 0.2388 -0.9711 -0.0028
vn 0.7535 -0.6575 0.0021
vn 0.9958 0.0908 0.0072
vn 0.7694 0.6387 0.0081
vn 0.4680 0.8837 0.0072
vn 0.1600 0.9871 -0.0000
vn -0.2305 0.9731 -0.0000
vn -0.7443 0.6678 -0.0000
vn -0.9970 -0.0772 -0.0000
vn -0.7749 -0.6321 -0.0000
vn -0.4735 -0.8808 -0.0000
vn -0.1601 -0.9871 -0.0000
vn 0.2305 -0.9731 -0.0000
vn 0.7443 -0.6678 -0.0000
vn 0.9970 0.0773 -0.0000
vn 0.7749 0.6321 -0.0000
vn 0.4735 0.8808 -0.0000
vn -0.0000 -0.0000 1.0000
vn -0.0000 -0.0000 -1.0000
vn 0.1600 0.9871 0.0019
vn -0.2304 0.9731 -0.0000
vn -0.7443 0.6678 -0.0029
vn -0.9970 -0.0772 -0.0050
vn -0.7749 -0.6321 -0.0046
vn -0.4735 -0.8808 -0.0034
vn -0.1600 -0.9871 -0.0020
vn 0.2304 -0.9731 -0.0000
vn 0.7444 -0.6677 0.0029
vn 0.9970 0.0771 0.0050
vn 0.7748 0.6321 0.0046
vn 0.4735 0.8808 0.0034
vn 0.7470 0.6094 0.2656
vn 0.9412 0.0727 0.3298
vn 0.7027 -0.6304 0.3298
vn 0.2222 -0.9381 0.2656
vn -0.1558 -0.9610 0.2285
vn -0.4609 -0.8575 0.2285
vn -0.7470 -0.6094 0.2656
vn -0.9412 -0.0730 0.3298
vn -0.7027 0.6305 0.3298
vn -0.2221 0.9381 0.2656
vn 0.1558 0.9610 0.2284
vn 0.4609 0.8575 0.2284
vn 0.6537 0.5332 0.5370
vn 0.7757 0.0600 0.6282
vn 0.5791 -0.5196 0.6282
vn 0.1944 -0.8208 0.5371
vn -0.1407 -0.8677 0.4768
vn -0.4162 -0.7743 0.4766
vn -0.6537 -0.5332 0.5370
vn -0.7758 -0.0602 0.6281
vn -0.5792 0.5197 0.6281
vn -0.1944 0.8209 0.5369
vn 0.1407 0.8678 0.4766
vn 0.4162 0.7743 0.4767
vn -0.2451 0.0831 0.9659
vn -0.6696 0.2271 0.7071
vn -0.9147 0.3102 0.2588
vn -0.9147 0.3102 -0.2588
vn -0.6696 0.2271 -0.7071
vn -0.2451 0.0831 -0.9659
vn 0.2451 -0.0831 -0.9659
vn 0.6696 -0.2271 -0.7071
vn 0.9147 -0.3102 -0.2588
vn 0.9147 -0.3102 0.2588
vn 0.6696 -0.2271 0.7071
vn 0.2451 -0.0831 0.9659
vn -0.3212 -0.9470 -0.0000
vn 0.3212 0.9470 -0.0000
vn 0.1263 0.3725 0.9194
vn 0.2722 0.8026 0.5307
vn 0.3168 0.9340 0.1655
vn 0.3168 0.9340 -0.1655
vn 0.2722 0.8026 -0.5307
vn 0.1263 0.3725 -0.9194
vn -0.1263 -0.3725 -0.9194
vn -0.2722 -0.8026 -0.5308
vn -0.3168 -0.9339 -0.1656
vn -0.3168 -0.9339 0.1656
vn -0.2722 -0.8026 0.5308
vn -0.1263 -0.3725 0.9194
vn -0.9470 0.3212 -0.0000
vn 0.9470 -0.3212 -0.0000
vn -0.9970 -0.0769 -0.0000
vn -0.7746 -0.6324 -0.0000
vn -0.4737 -0.8807 -0.0000
vn -0.1598 -0.9871 -0.0000
vn 0.7444 -0.6678 -0.0000
vn 0.9970 0.0769 -0.0000
vn 0.7747 0.6323 -0.0000
vn 0.4736 0.8807 -0.0000
vn 0.1599 0.9871 -0.0000
vn -0.2303 0.9731 -0.0000
vn -0.7444 0.6678 -0.0000
vn -0.9970 -0.0775 -0.0000
vn -0.7748 -0.6322 -0.0000
vn -0.4736 -0.8807 -0.0000
vn -0.1599 -0.9871 -0.0000
vn 0.7442 -0.6679 -0.0000
vn 0.9970 0.0772 -0.0000
vn -0.7442 0.6679 -0.0000
vn -0.9970 -0.0771 -0.0000
vn 0.2302 -0.9732 -0.0000
vn 0.7443 -0.6679 -0.0000
vn 0.9970 0.0774 -0.0000
vn 0.7748 0.6322 -0.0000
vn 0.4737 0.8807 -0.0000
vn 0.1598 0.9871 -0.0000
vn -0.2302 0.9731 -0.0000
vn -0.7444 0.6677 -0.0000
vn -0.9970 -0.0776 -0.0000
vn 0.2303 -0.9731 -0.0000
vn -0.7443 0.6679 -0.0000
vn -0.1600 -0.9871 -0.0000
vn 0.7444 -0.6677 -0.0000
vn -0.9970 -0.0768 -0.0000
vn 0.2301 -0.9732 -0.0000
vn 0.7445 -0.6676 -0.0000
vn 0.7747 0.6324 -0.0000
vn 0.2722 0.8026 0.5308
vn -0.1263 -0.3724 0.9194
vn -0.3168 -0.9340 0.1655
vn -0.3168 -0.9340 -0.1655
vn -0.1263 -0.3724 -0.9194
vn 0.2722 0.8026 -0.5308
vn -0.9970 -0.0774 -0.0000
vn -0.7747 -0.6323 -0.0000
vn 0.7441 -0.6680 -0.0000
vn 0.9970 0.0777 -0.0000
vn 0.4738 0.8807 -0.0000
vn -0.7441 0.6680 -0.0000
vn 0.9970 0.0771 -0.0000
vn -0.7442 0.6680 -0.0000
vn -0.2302 0.9732 -0.0000
vn -0.9970 -0.0773 -0.0000
vn 0.9518 -0.3068 0.0051
vn -0.9518 0.3068 -0.0051
vn 0.3155 0.9489 0.0064
vn -0.3155 -0.9489 -0.0065
vn 0.9412 0.0729 0.3298
vn 0.7027 -0.6304 0.3299
vn 0.2221 -0.9381 0.2656
vn -0.4610 -0.8575 0.2285
vn -0.7470 -0.6095 0.2657
vn -0.7027 0.6304 0.3298
vn -0.2222 0.9381 0.2656
vn 0.4610 0.8575 0.2285
vn 0.7758 0.0600 0.6282
vn 0.5792 -0.5196 0.6281
vn 0.1944 -0.8209 0.5370
vn -0.1406 -0.8677 0.4768
vn -0.4163 -0.7743 0.4767
vn -0.6536 -0.5333 0.5370
vn -0.7758 -0.0600 0.6281
vn -0.5792 0.5195 0.6282
vn -0.1944 0.8209 0.5370
vn 0.1407 0.8677 0.4767
vn 0.4162 0.7742 0.4768
vn -0.1283 -0.9349 0.3310
vn -0.1764 -0.9780 -0.1110
vn -0.1916 -0.7791 -0.5969
vn -0.1054 0.0362 -0.9938
vn 0.0637 0.8101 -0.5828
vn 0.1499 0.9831 -0.1046
vn 0.1931 0.9207 0.3392
vn 0.1725 0.4727 0.8642
vn -0.0052 -0.5240 0.8517
vn -0.9362 0.3509 -0.0212
vn 0.9443 -0.3222 -0.0665
vn 0.0851 0.5052 0.8588
vn 0.1700 0.9293 0.3279
vn 0.1801 0.9767 -0.1165
vn 0.1480 0.7883 -0.5972
vn 0.0093 -0.0049 -0.9999
vn -0.1388 -0.7981 -0.5863
vn -0.1806 -0.9785 -0.0997
vn -0.1791 -0.9222 0.3428
vn -0.1055 -0.4928 0.8637
vn -0.0293 0.5495 0.8350
vn 0.1214 0.9424 0.3116
vn 0.1923 0.9736 -0.1233
vn 0.2303 0.7656 -0.6007
vn 0.1459 -0.0608 -0.9874
vn -0.0600 -0.8235 -0.5642
vn -0.1675 -0.9818 -0.0895
vn -0.2248 -0.9106 0.3469
vn -0.2198 -0.4532 0.8639
vn -0.0371 0.5598 0.8278
vn 0.1503 0.9392 0.3087
vn 0.2399 0.9629 -0.1238
vn 0.2868 0.7475 -0.5991
vn 0.1792 -0.0797 -0.9806
vn -0.0747 -0.8256 -0.5593
vn -0.2055 -0.9747 -0.0880
vn -0.2756 -0.8967 0.3463
vn -0.2707 -0.4324 0.8601
vn -0.0451 0.5693 0.8209
vn 0.1528 0.9410 0.3019
vn 0.2486 0.9603 -0.1269
vn 0.3013 0.7424 -0.5983
vn 0.1938 -0.0900 -0.9769
vn -0.0727 -0.8312 -0.5512
vn -0.2115 -0.9738 -0.0832
vn -0.2880 -0.8925 0.3471
vn -0.2882 -0.4249 0.8581
vn -0.0404 0.5737 0.8180
vn 0.1824 0.9352 0.3036
vn 0.2890 0.9494 -0.1233
vn 0.3438 0.7270 -0.5943
vn 0.2093 -0.1018 -0.9725
vn -0.0958 -0.8282 -0.5522
vn -0.2494 -0.9645 -0.0865
vn -0.3305 -0.8792 0.3432
vn -0.3221 -0.4089 0.8538
vn -0.0759 0.6007 0.7958
vn 0.1729 0.9404 0.2927
vn 0.3013 0.9454 -0.1239
vn 0.3812 0.7116 -0.5902
vn 0.2585 -0.1395 -0.9559
vn -0.0720 -0.8426 -0.5337
vn -0.2497 -0.9649 -0.0815
vn -0.3547 -0.8707 0.3406
vn -0.3706 -0.3811 0.8470
vn -0.0642 0.6027 0.7954
vn 0.1974 0.9354 0.2935
vn 0.3284 0.9366 -0.1220
vn 0.4043 0.7013 -0.5872
vn 0.2600 -0.1454 -0.9546
vn -0.0930 -0.8402 -0.5343
vn -0.2765 -0.9574 -0.0831
vn -0.3811 -0.8605 0.3380
vn -0.3867 -0.3715 0.8441
vn -0.0769 0.6202 0.7807
vn 0.2014 0.9366 0.2868
vn 0.3444 0.9309 -0.1216
vn 0.4323 0.6879 -0.5831
vn 0.2844 -0.1712 -0.9433
vn -0.0900 -0.8476 -0.5229
vn -0.2871 -0.9545 -0.0808
vn -0.4035 -0.8514 0.3352
vn -0.4174 -0.3502 0.8385
vn -0.1003 0.6482 0.7549
vn 0.1971 0.9412 0.2745
vn 0.3572 0.9260 -0.1222
vn 0.4656 0.6699 -0.5783
vn 0.3204 -0.2127 -0.9231
vn -0.0763 -0.8611 -0.5026
vn -0.2913 -0.9537 -0.0754
vn -0.4265 -0.8413 0.3321
vn -0.4580 -0.3179 0.8302
vn -0.1402 0.6940 0.7062
vn 0.1858 0.9486 0.2561
vn 0.3766 0.9184 -0.1211
vn 0.5233 0.6340 -0.5693
vn 0.3781 -0.2887 -0.8796
vn -0.0511 -0.8818 -0.4689
vn -0.2954 -0.9529 -0.0690
vn -0.4641 -0.8236 0.3260
vn -0.5253 -0.2535 0.8123
vn -0.1634 0.7312 0.6623
vn 0.1787 0.9551 0.2365
vn 0.3888 0.9131 -0.1230
vn 0.5639 0.6053 -0.5618
vn 0.4153 -0.3530 -0.8384
vn -0.0340 -0.8999 -0.4349
vn -0.2965 -0.9532 -0.0594
vn -0.4901 -0.8100 0.3222
vn -0.5726 -0.1991 0.7953
vn -0.1791 0.7650 0.6186
vn 0.1747 0.9604 0.2169
vn 0.4014 0.9073 -0.1249
vn 0.6019 0.5758 -0.5533
vn 0.4414 -0.4119 -0.7972
vn -0.0258 -0.9141 -0.4046
vn -0.3021 -0.9519 -0.0515
vn -0.5158 -0.7956 0.3177
vn -0.6136 -0.1443 0.7763
vn -0.1781 0.7865 0.5914
vn 0.1905 0.9588 0.2107
vn 0.4314 0.8942 -0.1199
vn 0.6452 0.5385 -0.5420
vn 0.4545 -0.4598 -0.7629
vn -0.0334 -0.9213 -0.3873
vn -0.3234 -0.9448 -0.0514
vn -0.5531 -0.7736 0.3092
vn -0.6483 -0.0893 0.7561
vn -0.1937 0.8298 0.5233
vn 0.1820 0.9662 0.1824
vn 0.4450 0.8874 -0.1206
vn 0.6973 0.4877 -0.5253
vn 0.4769 -0.5436 -0.6906
vn -0.0222 -0.9391 -0.3428
vn -0.3268 -0.9442 -0.0409
vn -0.5861 -0.7525 0.3003
vn -0.6965 0.0024 0.7176
vn -0.1670 0.8238 0.5417
vn 0.2203 0.9547 0.2002
vn 0.4832 0.8689 -0.1077
vn 0.7169 0.4668 -0.5178
vn 0.4615 -0.5415 -0.7027
vn -0.0558 -0.9308 -0.3613
vn -0.3644 -0.9296 -0.0555
vn -0.6175 -0.7311 0.2902
vn -0.6983 0.0138 0.7157
vn -0.6475 -0.7087 0.2801
vn -0.3682 -0.9286 -0.0456
vn -0.0504 -0.9465 -0.3186
vn 0.4683 -0.6180 -0.6315
vn 0.7615 0.4133 -0.4993
vn 0.4965 0.8614 -0.1073
vn 0.2173 0.9602 0.1752
vn -0.1707 0.8601 0.4807
vn -0.7307 0.1044 0.6747
vn -0.3047 0.8603 -0.4088
vn 0.3601 -0.8451 0.3951
vn -0.1597 0.8780 0.4513
vn 0.2259 0.9607 0.1615
vn 0.5073 0.8550 -0.1078
vn 0.7790 0.3902 -0.4908
vn 0.4595 -0.6519 -0.6033
vn -0.0605 -0.9526 -0.2981
vn -0.3761 -0.9258 -0.0386
vn -0.6608 -0.6980 0.2757
vn -0.7399 0.1474 0.6563
vn -0.2654 0.8704 -0.4148
vn -0.1444 0.8818 0.4491
vn 0.2398 0.9577 0.1589
vn 0.5155 0.8501 -0.1081
vn 0.7804 0.3892 -0.4895
vn 0.4485 -0.6582 -0.6047
vn -0.0763 -0.9522 -0.2957
vn -0.3878 -0.9210 -0.0375
vn -0.6663 -0.6935 0.2740
vn -0.7381 0.1517 0.6574
vn -0.2277 0.8793 -0.4183
vn -0.1413 0.9077 0.3952
vn 0.2181 0.9691 0.1148
vn 0.4795 0.8677 -0.1313
vn 0.7612 0.4176 -0.4962
vn 0.4400 -0.6911 -0.5734
vn -0.0683 -0.9663 -0.2483
vn -0.3581 -0.9337 -0.0042
vn -0.6309 -0.7207 0.2873
vn -0.7381 0.1611 0.6552
vn -0.2011 0.8894 -0.4105
vn -0.1271 0.9027 0.4111
vn 0.2338 0.9642 0.1251
vn 0.4902 0.8627 -0.1243
vn 0.7596 0.4230 -0.4941
vn 0.4310 -0.6811 -0.5919
vn -0.0844 -0.9615 -0.2617
vn -0.3719 -0.9282 -0.0128
vn -0.6360 -0.7183 0.2820
vn -0.7332 0.1470 0.6639
vn -0.1765 0.8989 -0.4010
vn -0.0951 0.8281 0.5525
vn 0.2961 0.9342 0.1992
vn 0.5322 0.8405 -0.1013
vn 0.7256 0.4702 -0.5024
vn 0.4204 -0.5398 -0.7293
vn -0.1362 -0.9217 -0.3631
vn -0.4270 -0.9025 -0.0566
vn -0.6480 -0.7099 0.2760
vn -0.6949 0.0006 0.7191
vn -0.1470 0.9031 -0.4034
vn -0.0958 0.8826 0.4603
vn 0.3027 0.9338 0.1908
vn 0.5861 0.8071 -0.0710
vn 0.8309 0.3146 -0.4590
vn 0.4140 -0.6868 -0.5974
vn -0.1334 -0.9373 -0.3219
vn -0.4553 -0.8872 -0.0744
vn -0.7348 -0.6350 0.2385
vn -0.7424 0.2225 0.6320
vn -0.1108 0.9093 -0.4012
vn -0.9259 0.3696 -0.0780
vn -0.8994 0.4203 -0.1200
vn -0.8765 0.4575 -0.1496
vn -0.8504 0.4941 -0.1808
vn -0.8124 0.5492 -0.1958
vn -0.7749 0.5913 -0.2233
vn -0.7332 0.6342 -0.2453
vn -0.6904 0.6733 -0.2647
vn -0.6442 0.7089 -0.2871
vn -0.5968 0.7416 -0.3063
vn -0.5498 0.7657 -0.3338
vn -0.5052 0.7889 -0.3499
vn -0.4526 0.8094 -0.3742
vn -0.4035 0.8301 -0.3849
vn -0.3601 0.8452 -0.3951
vn 0.1538 0.9881 0.0056
vn -0.2388 0.9711 0.0028
vn -0.7534 0.6575 -0.0021
vn -0.9958 -0.0909 -0.0072
vn 0.1601 0.9871 0.0019
vn -0.7444 0.6678 -0.0029
vn -0.9970 -0.0771 -0.0050
vn -0.7748 -0.6322 -0.0046
vn -0.1600 -0.9871 -0.0019
vn 0.7443 -0.6679 0.0029
vn 0.9970 0.0772 0.0050
vn 0.4734 0.8808 0.0034
vn 0.7471 0.6094 0.2656
vn 0.9412 0.0729 0.3299
vn 0.7026 -0.6305 0.3298
vn -0.9412 -0.0729 0.3298
vn -0.2221 0.9381 0.2657
vn 0.1558 0.9610 0.2285
vn 0.4609 0.8575 0.2285
vn 0.7758 0.0601 0.6281
vn 0.5792 -0.5196 0.6282
vn -0.4162 -0.7743 0.4767
vn -0.5792 0.5196 0.6281
vn 0.1407 0.8678 0.4767
vn -0.7748 -0.6321 -0.0046
vn 0.7444 -0.6678 0.0029
vn 0.9412 0.0730 0.3298
vn 0.7027 -0.6305 0.3298
vn -0.7470 -0.6095 0.2656
vn 0.6537 0.5333 0.5370
vn 0.7758 0.0600 0.6281
vn -0.1406 -0.8677 0.4767
vn -0.5791 0.5196 0.6282
vn 0.1406 0.8677 0.4767
vn 0.4733 0.8809 -0.0000
vn -0.2306 0.9730 -0.0000
vn 0.2306 -0.9731 -0.0000
vn 0.1602 0.9871 -0.0000
vn -0.2306 0.9731 -0.0000
vn 0.7442 -0.6680 -0.0000
vn -0.4734 -0.8808 -0.0000
vn 0.4734 0.8808 -0.0000
vn -0.7441 0.6681 -0.0000
vn 0.1601 0.9871 -0.0000
vn 0.9148 -0.3102 0.2588
vn 0.6697 -0.2271 0.7071
vn -0.6697 0.2271 0.7071
vn -0.9147 0.3102 0.2589
vn -0.9147 0.3102 -0.2589
vn -0.6697 0.2271 -0.7071
vn 0.6697 -0.2271 -0.7071
vn 0.9148 -0.3102 -0.2588
vn -0.9970 -0.0777 -0.0000
vn -0.7749 -0.6320 -0.0000
vn 0.9970 0.0776 -0.0000
vn 0.7750 0.6320 -0.0000
vn -0.7440 0.6682 -0.0000
vn -0.7750 -0.6320 -0.0000
vn -0.4733 -0.8809 -0.0000
vn -0.1602 -0.9871 -0.0000
vn -0.4732 -0.8809 -0.0000
vn 0.2222 -0.9381 0.2657
vn -0.7471 -0.6094 0.2657
vn -0.7027 0.6304 0.3299
vn 0.7757 0.0601 0.6282
vn -0.1407 -0.8678 0.4767
vn -0.4162 -0.7742 0.4768
vn -0.6537 -0.5332 0.5371
vn -0.7757 -0.0602 0.6282
vn -0.1944 0.8208 0.5371
vn 0.1407 0.8677 0.4768
vn -0.7535 0.6575 -0.0021
vn -0.7695 -0.6387 -0.0081
vn 0.7535 -0.6574 0.0021
vn 0.7534 -0.6575 0.0021
vn 0.9958 0.0909 0.0072
vn 0.7695 0.6387 0.0081
vn 0.4679 0.8837 0.0072
vn 0.7410 0.6135 0.2730
vn 0.9384 0.0813 0.3360
vn 0.7069 -0.6243 0.3324
vn 0.2270 -0.9376 0.2634
vn -0.1517 -0.9630 0.2229
vn -0.4569 -0.8617 0.2207
vn -0.7430 -0.6183 0.2562
vn -0.9425 -0.0903 0.3216
vn -0.7153 0.6165 0.3292
vn -0.2334 0.9342 0.2700
vn 0.1478 0.9607 0.2348
vn 0.4544 0.8591 0.2357
vn 0.6469 0.5340 0.5444
vn 0.7711 0.0621 0.6337
vn 0.5781 -0.5188 0.6298
vn 0.1951 -0.8226 0.5342
vn -0.1394 -0.8713 0.4705
vn -0.4146 -0.7805 0.4679
vn -0.6526 -0.5448 0.5265
vn -0.7806 -0.0795 0.6200
vn -0.5929 0.5030 0.6289
vn -0.2074 0.8138 0.5429
vn 0.1310 0.8652 0.4841
vn 0.4084 0.7736 0.4845
vn 0.6695 -0.2271 0.7072
vn 0.9148 -0.3103 0.2586
vn 0.9148 -0.3103 -0.2586
vn 0.6696 -0.2271 -0.7072
vn -0.9147 0.3102 -0.2590
vn -0.9147 0.3102 0.2590
vn -0.9148 0.3103 -0.2587
vn -0.9148 0.3103 0.2587
vn -0.9643 0.2647 -0.0000
vn 0.0340 0.1002 -0.9944
vn -0.0340 -0.1002 0.9944
vn 0.0424 0.1249 -0.9913
vn -0.0424 -0.1249 0.9913
vn 0.1215 0.3581 -0.9257
vn 0.9682 -0.2502 -0.0000
vn -0.1215 -0.3581 0.9257
vn -0.9682 0.2502 -0.0000
vn 0.0553 0.1630 0.9851
vn 0.0550 0.1621 0.9852
vn 0.0561 0.1654 0.9846
vn 0.9643 -0.2647 -0.0000
vn -0.0550 -0.1621 -0.9852
vn -0.0553 -0.1630 -0.9851
vn -0.0561 -0.1654 -0.9846
vn -0.9045 0.4264 -0.0000
vn 0.0542 0.1597 0.9857
vn 0.9045 -0.4264 -0.0000
vn -0.0542 -0.1597 -0.9857
vn -0.9279 0.3728 -0.0000
vn 0.1008 0.2971 0.9495
vn 0.9279 -0.3728 -0.0000
vn -0.1008 -0.2971 -0.9495
vn -0.1558 -0.9610 0.2286
vn -0.7471 -0.6094 0.2656
vn -0.1407 -0.8677 0.4767
vn -0.7758 -0.0601 0.6281
vn 0.1406 0.8677 0.4768
vn 0.4669 0.8200 0.3311
vn 0.4550 0.8835 -0.1111
vn 0.3219 0.7349 -0.5969
vn -0.1057 0.0354 -0.9938
vn -0.4423 -0.6818 -0.5827
vn -0.4791 -0.8715 -0.1047
vn -0.4068 -0.8482 0.3392
vn -0.1507 -0.4801 0.8642
vn 0.3147 0.4190 0.8517
vn -0.9565 0.2910 -0.0212
vn 0.9455 -0.3187 -0.0665
vn -0.2397 -0.4527 0.8588
vn -0.4304 -0.8410 0.3279
vn -0.4512 -0.8848 -0.1165
vn -0.3621 -0.7157 -0.5972
vn 0.0104 -0.0018 -0.9999
vn 0.3754 0.7178 -0.5863
vn 0.4519 0.8865 -0.0997
vn 0.4188 0.8408 0.3429
vn 0.2161 0.4554 0.8637
vn -0.3575 -0.4182 0.8350
vn -0.4770 -0.8218 0.3116
vn -0.4396 -0.8897 -0.1234
vn -0.2829 -0.7477 -0.6007
vn 0.1528 -0.0405 -0.9874
vn 0.4533 0.6901 -0.5642
vn 0.4643 0.8811 -0.0894
vn 0.3756 0.8594 0.3469
vn 0.1013 0.4934 0.8639
vn -0.3700 -0.4218 0.8278
vn -0.4521 -0.8368 0.3088
vn -0.3953 -0.9102 -0.1238
vn -0.2271 -0.7677 -0.5992
vn 0.1908 -0.0457 -0.9806
vn 0.4429 0.7007 -0.5593
vn 0.4298 0.8986 -0.0880
vn 0.3268 0.8794 0.3462
vn 0.0482 0.5078 0.8601
vn -0.3822 -0.4244 0.8209
vn -0.4512 -0.8398 0.3019
vn -0.3869 -0.9134 -0.1268
vn -0.2125 -0.7726 -0.5983
vn 0.2086 -0.0465 -0.9769
vn 0.4479 0.7039 -0.5512
vn 0.4246 0.9016 -0.0832
vn 0.3144 0.8836 0.3471
vn 0.0297 0.5125 0.8582
vn -0.3811 -0.4308 0.8180
vn -0.4242 -0.8532 0.3036
vn -0.3482 -0.9293 -0.1234
vn -0.1694 -0.7862 -0.5943
vn 0.2281 -0.0465 -0.9725
vn 0.4277 0.7156 -0.5522
vn 0.3888 0.9172 -0.0865
vn 0.2726 0.8988 0.3432
vn -0.0069 0.5205 0.8538
vn -0.4257 -0.4306 0.7958
vn -0.4349 -0.8515 0.2928
vn -0.3360 -0.9337 -0.1239
vn -0.1303 -0.7967 -0.5902
vn 0.2901 -0.0465 -0.9559
vn 0.4554 0.7126 -0.5337
vn 0.3887 0.9177 -0.0815
vn 0.2482 0.9068 0.3407
vn -0.0623 0.5279 0.8470
vn -0.4176 -0.4393 0.7954
vn -0.4124 -0.8624 0.2935
vn -0.3092 -0.9432 -0.1220
vn -0.1057 -0.8026 -0.5871
vn 0.2948 -0.0427 -0.9546
vn 0.4373 0.7234 -0.5342
vn 0.3630 0.9281 -0.0831
vn 0.2210 0.9148 0.3380
vn -0.0809 0.5300 0.8441
vn -0.4383 -0.4454 0.7807
vn -0.4099 -0.8659 0.2867
vn -0.2929 -0.9484 -0.1216
vn -0.0753 -0.8089 -0.5831
vn 0.3299 -0.0372 -0.9433
vn 0.4442 0.7275 -0.5229
vn 0.3528 0.9322 -0.0808
vn 0.1977 0.9212 0.3352
vn -0.1182 0.5319 0.8385
vn -0.4739 -0.4533 0.7549
vn -0.4161 -0.8669 0.2746
vn -0.2798 -0.9522 -0.1222
vn -0.0379 -0.8150 -0.5783
vn 0.3837 -0.0260 -0.9231
vn 0.4633 0.7299 -0.5026
vn 0.3489 0.9341 -0.0754
vn 0.1733 0.9272 0.3321
vn -0.1701 0.5309 0.8302
vn -0.5335 -0.4655 0.7062
vn -0.4296 -0.8659 0.2561
vn -0.2598 -0.9580 -0.1211
vn 0.0296 -0.8216 -0.5693
vn 0.4757 -0.0009 -0.8796
vn 0.4959 0.7310 -0.4688
vn 0.3452 0.9360 -0.0690
vn 0.1327 0.9360 0.3259
vn -0.2626 0.5207 0.8123
vn -0.5745 -0.4809 0.6623
vn -0.4392 -0.8667 0.2365
vn -0.2469 -0.9612 -0.1231
vn 0.0793 -0.8234 -0.5618
vn 0.5443 0.0275 -0.8384
vn 0.5204 0.7350 -0.4348
vn 0.3445 0.9369 -0.0595
vn 0.1038 0.9410 0.3222
vn -0.3334 0.5064 0.7953
vn -0.6075 -0.4981 0.6187
vn -0.4456 -0.8685 0.2169
vn -0.2334 -0.9643 -0.1249
vn 0.1275 -0.8231 -0.5534
vn 0.6009 0.0583 -0.7972
vn 0.5356 0.7412 -0.4046
vn 0.3393 0.9393 -0.0514
vn 0.0746 0.9453 0.3176
vn -0.3993 0.4877 0.7763
vn -0.6198 -0.5159 0.5914
vn -0.4320 -0.8769 0.2107
vn -0.2016 -0.9721 -0.1199
vn 0.1845 -0.8198 -0.5421
vn 0.6405 0.0884 -0.7629
vn 0.5340 0.7516 -0.3873
vn 0.3181 0.9467 -0.0514
vn 0.0317 0.9505 0.3093
vn -0.4602 0.4653 0.7561
vn -0.6585 -0.5409 0.5233
vn -0.4434 -0.8776 0.1824
vn -0.1866 -0.9750 -0.1205
vn 0.2568 -0.8112 -0.5253
vn 0.7093 0.1413 -0.6906
vn 0.5537 0.7589 -0.3428
vn 0.3151 0.9482 -0.0409
vn -0.0074 0.9538 0.3003
vn -0.5542 0.4218 0.7176
vn -0.6337 -0.5523 0.5416
vn -0.4059 -0.8917 0.2003
vn -0.1451 -0.9835 -0.1077
vn 0.2851 -0.8066 -0.5179
vn 0.6956 0.1491 -0.7028
vn 0.5220 0.7727 -0.3612
vn 0.2763 0.9595 -0.0555
vn -0.0454 0.9559 0.2902
vn -0.5626 0.4138 0.7157
vn -0.0827 0.9564 0.2801
vn 0.2727 0.9610 -0.0456
vn 0.5358 0.7819 -0.3186
vn 0.7476 0.2056 -0.6315
vn 0.3529 -0.7913 -0.4993
vn -0.1300 -0.9857 -0.1073
vn -0.4116 -0.8944 0.1751
vn -0.6588 -0.5788 0.4807
vn -0.6435 0.3616 0.6747
vn -0.7652 -0.4974 -0.4088
vn 0.7999 0.4517 0.3950
vn -0.6609 -0.5997 0.4512
vn -0.4050 -0.8999 0.1616
vn -0.1175 -0.9872 -0.1079
vn 0.3809 -0.7836 -0.4908
vn 0.7612 0.2379 -0.6033
vn 0.5315 0.7929 -0.2981
vn 0.2647 0.9636 -0.0386
vn -0.0999 0.9560 0.2758
vn -0.6769 0.3332 0.6564
vn -0.7401 -0.5294 -0.4148
vn -0.6510 -0.6121 0.4490
vn -0.3923 -0.9060 0.1588
vn -0.1080 -0.9883 -0.1081
vn 0.3826 -0.7836 -0.4895
vn 0.7563 0.2495 -0.6048
vn 0.5187 0.8022 -0.2957
vn 0.2525 0.9669 -0.0375
vn -0.1070 0.9558 0.2739
vn -0.6780 0.3287 0.6575
vn -0.7156 -0.5594 -0.4183
vn -0.6643 -0.6345 0.3952
vn -0.4165 -0.9019 0.1148
vn -0.1473 -0.9803 -0.1313
vn 0.3500 -0.7945 -0.4961
vn 0.7697 0.2808 -0.5734
vn 0.5336 0.8085 -0.2483
vn 0.2838 0.9589 -0.0042
vn -0.0622 0.9558 0.2873
vn -0.6840 0.3209 0.6551
vn -0.7007 -0.5835 -0.4105
vn -0.6500 -0.6391 0.4111
vn -0.4010 -0.9075 0.1252
vn -0.1357 -0.9829 -0.1243
vn 0.3456 -0.7978 -0.4941
vn 0.7564 0.2783 -0.5920
vn 0.5179 0.8144 -0.2617
vn 0.2695 0.9629 -0.0127
vn -0.0679 0.9570 0.2820
vn -0.6713 0.3294 0.6639
vn -0.6870 -0.6060 -0.4010
vn -0.5792 -0.5994 0.5525
vn -0.3334 -0.9215 0.1992
vn -0.0889 -0.9909 -0.1013
vn 0.2899 -0.8146 -0.5024
vn 0.6621 0.1726 -0.7293
vn 0.4526 0.8144 -0.3631
vn 0.2101 0.9761 -0.0566
vn -0.0824 0.9576 0.2760
vn -0.5520 0.4222 0.7191
vn -0.6661 -0.6274 -0.4034
vn -0.6129 -0.6422 0.4603
vn -0.3279 -0.9252 0.1909
vn -0.0258 -0.9971 -0.0711
vn 0.4680 -0.7551 -0.4590
vn 0.7464 0.2933 -0.5974
vn 0.4643 0.8251 -0.3219
vn 0.1784 0.9811 -0.0744
vn -0.1969 0.9510 0.2385
vn -0.7245 0.2750 0.6320
vn -0.6411 -0.6543 -0.4012
vn -0.9597 0.2699 -0.0781
vn -0.9695 0.2136 -0.1200
vn -0.9740 0.1700 -0.1496
vn -0.9755 0.1251 -0.1808
vn -0.9789 0.0583 -0.1958
vn -0.9747 0.0021 -0.2233
vn -0.9677 -0.0573 -0.2453
vn -0.9575 -0.1144 -0.2647
vn -0.9425 -0.1708 -0.2871
vn -0.9249 -0.2255 -0.3063
vn -0.9022 -0.2733 -0.3338
vn -0.8809 -0.3188 -0.3499
vn -0.8516 -0.3671 -0.3742
vn -0.8252 -0.4134 -0.3849
vn -0.7999 -0.4517 -0.3950
vn 0.6536 0.5332 0.5371
vn 0.7758 0.0602 0.6281
vn 0.5791 -0.5197 0.6281
vn -0.2988 -0.9543 -0.0000
vn 0.1876 -0.9823 -0.0000
vn 0.8558 -0.5173 -0.0000
vn 0.8959 0.4442 -0.0000
vn 0.5021 0.8648 -0.0000
vn 0.0773 0.9970 -0.0000
vn -0.5167 0.8562 -0.0000
vn -1.0000 -0.0041 -0.0000
vn -0.7032 -0.7110 -0.0000
vn 0.7443 -0.6678 0.0029
vn 0.2221 -0.9382 0.2656
vn -0.2222 0.9381 0.2657
vn 0.6537 0.5332 0.5371
vn 0.7758 0.0601 0.6282
vn 0.1943 -0.8208 0.5371
vn -0.1406 -0.8677 0.4769
vn -0.7757 -0.0601 0.6282
vn 0.3937 0.2118 0.8945
vn 0.7555 -0.4237 0.4996
vn 0.5750 -0.7842 -0.2331
vn 0.2081 -0.7226 -0.6592
vn -0.1753 -0.4589 -0.8711
vn -0.6172 0.0887 -0.7818
vn -0.7360 0.6670 -0.1156
vn -0.4342 0.7540 0.4929
vn -0.0492 0.5819 0.8118
vn 0.3693 0.9156 0.1592
vn -0.3343 -0.9242 -0.1846
vn -0.8938 0.0295 0.4475
vn -0.9326 0.3058 -0.1914
vn -0.5119 0.4334 -0.7417
vn 0.1367 0.3572 -0.9240
vn 0.7114 0.1280 -0.6910
vn 0.9764 -0.1663 -0.1378
vn 0.7721 -0.3913 0.5007
vn 0.1952 -0.4199 0.8863
vn -0.4479 -0.2525 0.8577
vn 0.3919 0.9093 0.1398
vn -0.8105 0.2969 0.5049
vn -0.7797 0.6109 -0.1374
vn -0.3945 0.6266 -0.6722
vn 0.1493 0.3801 -0.9128
vn 0.6597 -0.0590 -0.7492
vn 0.8510 -0.4892 -0.1910
vn 0.6163 -0.6575 0.4335
vn 0.1324 -0.5320 0.8363
vn -0.4232 -0.1725 0.8895
vn 0.4288 0.8955 0.1194
vn -0.7639 0.3881 0.5156
vn -0.7668 0.6276 -0.1347
vn -0.4291 0.5778 -0.6943
vn 0.1008 0.2751 -0.9561
vn 0.6110 -0.1762 -0.7718
vn 0.8167 -0.5423 -0.1972
vn 0.6317 -0.6376 0.4409
vn 0.1780 -0.4539 0.8731
vn -0.3760 -0.0543 0.9250
vn 0.4583 0.8835 0.0964
vn -0.6727 0.5256 0.5208
vn -0.6713 0.7320 -0.1163
vn -0.3903 0.6250 -0.6760
vn 0.0799 0.2338 -0.9690
vn 0.5407 -0.3068 -0.7833
vn 0.7106 -0.6727 -0.2062
vn 0.5587 -0.7171 0.4167
vn 0.1718 -0.4616 0.8703
vn -0.3320 0.0368 0.9426
vn 0.4834 0.8720 0.0776
vn -0.5894 0.6228 0.5145
vn -0.5790 0.8087 -0.1040
vn -0.3424 0.6729 -0.6558
vn 0.0725 0.2183 -0.9732
vn 0.4805 -0.3979 -0.7816
vn 0.6121 -0.7635 -0.2059
vn 0.4837 -0.7809 0.3953
vn 0.1538 -0.4831 0.8619
vn -0.2992 0.0967 0.9493
vn 0.5059 0.8610 0.0531
vn -0.5174 0.6929 0.5021
vn -0.4904 0.8661 -0.0972
vn -0.2860 0.7194 -0.6330
vn 0.0781 0.2243 -0.9714
vn 0.4336 -0.4604 -0.7746
vn 0.5246 -0.8277 -0.1992
vn 0.4075 -0.8319 0.3767
vn 0.1244 -0.5152 0.8480
vn -0.2791 0.1311 0.9513
vn 0.5192 0.8541 0.0309
vn -0.3574 0.8126 0.4604
vn -0.3066 0.9480 -0.0852
vn -0.1640 0.7995 -0.5779
vn 0.0927 0.2402 -0.9663
vn 0.3192 -0.5894 -0.7421
vn 0.3276 -0.9284 -0.1755
vn 0.2392 -0.9126 0.3317
vn 0.0547 -0.5840 0.8099
vn -0.2333 0.2047 0.9506
vn 0.5450 0.8384 0.0064
vn -0.3946 0.7895 0.4701
vn -0.3753 0.9214 -0.1006
vn -0.2287 0.7468 -0.6244
vn 0.0585 0.1779 -0.9823
vn 0.3342 -0.5731 -0.7482
vn 0.3919 -0.9026 -0.1779
vn 0.3126 -0.8760 0.3672
vn 0.1056 -0.5156 0.8503
vn -0.2178 0.2288 0.9488
vn 0.5721 0.8199 -0.0220
vn -0.3421 0.8229 0.4536
vn -0.3144 0.9434 -0.1060
vn -0.1825 0.7647 -0.6180
vn 0.0700 0.1787 -0.9814
vn 0.2993 -0.6069 -0.7363
vn 0.3275 -0.9305 -0.1642
vn 0.2502 -0.8972 0.3639
vn 0.0731 -0.5314 0.8440
vn -0.2037 0.2526 0.9459
vn 0.6092 0.7916 -0.0479
vn -0.2885 0.8526 0.4357
vn -0.2840 0.9521 -0.1132
vn -0.1851 0.7520 -0.6326
vn 0.0339 0.1172 -0.9925
vn 0.2435 -0.6554 -0.7150
vn 0.2893 -0.9448 -0.1538
vn 0.2422 -0.8951 0.3744
vn 0.0955 -0.4938 0.8643
vn -0.1541 0.3189 0.9352
vn 0.6334 0.7700 -0.0768
vn -0.1866 0.8986 0.3971
vn -0.1861 0.9749 -0.1226
vn -0.1255 0.7699 -0.6258
vn 0.0214 0.0860 -0.9961
vn 0.1554 -0.7209 -0.6754
vn 0.1778 -0.9759 -0.1266
vn 0.1521 -0.9165 0.3701
vn 0.0661 -0.5005 0.8632
vn -0.0998 0.3841 0.9179
vn 0.6711 0.7337 -0.1061
vn -0.0622 0.9367 0.3446
vn -0.0735 0.9876 -0.1388
vn -0.0588 0.7785 -0.6249
vn -0.0094 0.0300 -0.9995
vn 0.0366 -0.7885 -0.6140
vn 0.0487 -0.9948 -0.0898
vn 0.0546 -0.9263 0.3728
vn 0.0448 -0.4892 0.8710
vn -0.0157 0.4696 0.8828
vn 0.7168 0.6810 -0.1501
vn 0.0558 0.9556 0.2893
vn 0.0378 0.9861 -0.1620
vn 0.0150 0.7776 -0.6286
vn -0.0364 -0.0204 -0.9991
vn -0.0729 -0.8313 -0.5510
vn -0.0692 -0.9964 -0.0493
vn -0.0445 -0.9228 0.3827
vn 0.0098 -0.4789 0.8778
vn 0.0640 0.5356 0.8421
vn 0.7591 0.6234 -0.1873
vn 0.0731 0.9564 0.2829
vn 0.1207 0.9754 -0.1846
vn 0.1534 0.7723 -0.6165
vn 0.1308 0.0756 -0.9885
vn -0.0304 -0.8151 -0.5785
vn -0.1323 -0.9909 -0.0246
vn -0.1708 -0.9038 0.3923
vn -0.1611 -0.5191 0.8394
vn -0.0381 0.4736 0.8799
vn 0.8114 0.5421 -0.2187
vn 0.3198 0.9341 0.1587
vn 0.2830 0.9322 -0.2255
vn 0.1911 0.7337 -0.6521
vn -0.1346 -0.1510 -0.9793
vn -0.3533 -0.8565 -0.3764
vn -0.3545 -0.9333 0.0573
vn -0.2877 -0.8614 0.4185
vn -0.0666 -0.4207 0.9048
vn 0.2861 0.6460 0.7077
vn 0.8736 0.3991 -0.2786
vn -0.2185 -0.3809 0.8984
vn -0.3838 -0.8021 0.4576
vn -0.4056 -0.9101 0.0848
vn -0.3315 -0.8509 -0.4076
vn 0.0171 -0.1266 -0.9918
vn 0.3037 0.6711 -0.6763
vn 0.3594 0.8952 -0.2635
vn 0.3535 0.9237 0.1478
vn 0.2111 0.6242 0.7522
vn 0.9164 0.2553 -0.3084
vn -0.8736 -0.3991 0.2786
vn 0.5304 0.8458 0.0579
vn 0.4878 0.8132 -0.3175
vn 0.3486 0.5911 -0.7274
vn -0.1970 -0.2465 -0.9489
vn -0.5718 -0.7783 -0.2593
vn -0.5882 -0.7914 0.1667
vn -0.4982 -0.7037 0.5066
vn -0.1496 -0.2787 0.9487
vn 0.4526 0.6460 0.6146
vn 0.9319 0.0048 -0.3627
vn 0.5232 0.8490 0.0738
vn 0.4621 0.8174 -0.3440
vn 0.2688 0.5445 -0.7946
vn -0.2508 -0.2900 -0.9236
vn -0.5405 -0.7834 -0.3069
vn -0.5502 -0.8195 0.1604
vn -0.4376 -0.6991 0.5655
vn -0.0514 -0.1903 0.9804
vn 0.4529 0.6371 0.6237
vn 0.9033 -0.2067 -0.3760
vn 0.6869 0.7266 -0.0110
vn 0.6387 0.6406 -0.4262
vn 0.4313 0.3580 -0.8282
vn -0.2222 -0.3340 -0.9160
vn -0.6953 -0.6821 -0.2264
vn -0.7308 -0.6330 0.2553
vn -0.6084 -0.4880 0.6259
vn -0.1685 -0.0597 0.9839
vn 0.5396 0.6060 0.5845
vn 0.8331 -0.3934 -0.3888
vn 0.6666 0.7454 0.0076
vn 0.5440 0.7241 -0.4240
vn 0.2093 0.4531 -0.8665
vn -0.4516 -0.2752 -0.8487
vn -0.7033 -0.6695 -0.2391
vn -0.6560 -0.7190 0.2297
vn -0.4447 -0.6120 0.6539
vn 0.1166 -0.1222 0.9856
vn 0.6322 0.5509 0.5449
vn 0.7341 -0.5572 -0.3880
vn 0.8167 0.5712 -0.0821
vn 0.7149 0.4617 -0.5252
vn 0.3855 0.1773 -0.9055
vn -0.3659 -0.3439 -0.8648
vn -0.8193 -0.5450 -0.1780
vn -0.8186 -0.4657 0.3362
vn -0.6184 -0.2996 0.7265
vn -0.0541 0.0748 0.9957
vn 0.6727 0.5136 0.5326
vn 0.6599 -0.6524 -0.3728
vn 0.7864 0.6155 -0.0529
vn 0.6276 0.5886 -0.5095
vn 0.2038 0.3344 -0.9201
vn -0.5285 -0.2313 -0.8168
vn -0.8228 -0.5346 -0.1931
vn -0.7631 -0.5679 0.3085
vn -0.4881 -0.4643 0.7390
vn 0.1649 -0.0659 0.9841
vn 0.7345 0.4475 0.5101
vn 0.5432 -0.7631 -0.3501
vn 0.8443 0.5288 -0.0866
vn 0.6509 0.5214 -0.5518
vn 0.1669 0.3120 -0.9353
vn -0.5905 -0.1583 -0.7914
vn -0.8811 -0.4418 -0.1687
vn -0.7960 -0.4983 0.3435
vn -0.4727 -0.4246 0.7722
vn 0.2234 -0.0919 0.9704
vn 0.7977 0.3560 0.4868
vn 0.4458 -0.8306 -0.3338
vn 0.9227 0.3552 -0.1497
vn 0.7009 0.3531 -0.6197
vn 0.1713 0.2117 -0.9622
vn -0.6335 -0.0807 -0.7695
vn -0.9596 -0.2583 -0.1117
vn -0.8593 -0.2980 0.4157
vn -0.4985 -0.2668 0.8248
vn 0.2407 -0.0757 0.9676
vn 0.8643 0.2212 0.4517
vn 0.3514 -0.8807 -0.3176
vn 0.8878 0.4460 -0.1137
vn 0.6385 0.4861 -0.5967
vn 0.0880 0.3350 -0.9381
vn -0.6463 -0.0396 -0.7620
vn -0.9326 -0.3263 -0.1543
vn -0.8150 -0.4321 0.3862
vn -0.4188 -0.4103 0.8101
vn 0.2982 -0.1635 0.9404
vn 0.8505 0.2304 0.4728
vn 0.2363 -0.9287 -0.2858
vn 0.8510 0.5182 -0.0856
vn 0.5800 0.5999 -0.5512
vn 0.0354 0.4638 -0.8852
vn -0.6597 0.0163 -0.7514
vn -0.8999 -0.3956 -0.1838
vn -0.7485 -0.5729 0.3339
vn -0.3486 -0.5656 0.7474
vn 0.3330 -0.2708 0.9032
vn 0.8463 0.2282 0.4814
vn 0.1781 -0.9408 -0.2885
vn 0.9389 0.3048 -0.1600
vn 0.6527 0.3549 -0.6693
vn 0.0611 0.2559 -0.9648
vn -0.6571 0.0105 -0.7537
vn -0.9704 -0.2005 -0.1350
vn -0.8439 -0.2930 0.4495
vn -0.4010 -0.2897 0.8691
vn 0.3166 -0.1410 0.9380
vn 0.8778 0.1223 0.4632
vn 0.0899 -0.9650 -0.2465
vn 0.9614 0.2050 -0.1834
vn 0.6531 0.2870 -0.7007
vn 0.0407 0.2508 -0.9672
vn -0.6674 0.0883 -0.7394
vn -0.9877 -0.0973 -0.1222
vn -0.8523 -0.2197 0.4747
vn -0.3830 -0.2652 0.8849
vn 0.3330 -0.1830 0.9250
vn 0.8915 0.0239 0.4524
vn 0.0195 -0.9739 -0.2261
vn 0.9744 0.0590 -0.2171
vn 0.6410 0.0166 -0.7674
vn 0.0219 -0.0445 -0.9988
vn -0.6502 -0.0778 -0.7557
vn -0.9918 -0.0463 -0.1189
vn -0.8473 0.0122 0.5309
vn -0.3538 0.0505 0.9340
vn 0.3307 0.0670 0.9413
vn 0.8822 0.0721 0.4653
vn -0.0398 -0.9781 -0.2044
vn 0.8470 -0.4427 -0.2943
vn 0.5212 -0.3916 -0.7582
vn -0.0138 -0.2047 -0.9787
vn -0.6664 0.1648 -0.7272
vn -0.8870 0.4616 -0.0131
vn -0.6756 0.4942 0.5471
vn -0.2722 0.3538 0.8948
vn 0.3509 0.0346 0.9358
vn 0.8629 -0.3227 0.3889
vn -0.0853 -0.9778 -0.1914
vn 0.7259 -0.6154 -0.3072
vn 0.4688 -0.4672 -0.7496
vn -0.0255 -0.1011 -0.9946
vn -0.6182 0.4427 -0.6495
vn -0.7552 0.6546 0.0331
vn -0.6041 0.5850 0.5411
vn -0.2565 0.3227 0.9111
vn 0.3516 -0.1856 0.9176
vn 0.7580 -0.5763 0.3054
vn -0.1094 -0.9745 -0.1961
vn -0.7027 0.6305 0.3299
vn 0.1943 -0.8209 0.5370
vn 0.4162 0.7743 0.4766
vn -0.1538 -0.9881 -0.0055
vn 0.7410 0.6136 0.2730
vn 0.9383 0.0813 0.3360
vn 0.2270 -0.9376 0.2633
vn -0.7152 0.6166 0.3292
vn -0.2334 0.9342 0.2699
vn 0.1478 0.9608 0.2347
vn 0.4543 0.8591 0.2356
vn 0.6469 0.5339 0.5444
vn 0.7712 0.0620 0.6336
vn 0.5781 -0.5187 0.6299
vn 0.1951 -0.8225 0.5342
vn -0.6526 -0.5449 0.5265
vn -0.7806 -0.0794 0.6199
vn -0.2074 0.8137 0.5430
vn 0.1310 0.8651 0.4842
vn 0.4085 0.7736 0.4844
vn -0.1601 -0.9871 -0.0019
vn 0.7749 0.6321 0.0046
vn 0.7470 0.6095 0.2656
vn -0.2221 0.9382 0.2656
vn 0.6536 0.5332 0.5370
vn -0.1407 -0.8678 0.4766
vn -0.7758 -0.0601 0.6282
vn -0.1943 0.8209 0.5371
vn 0.4163 0.7743 0.4767
vn 0.6696 -0.2271 0.7072
vn 0.9148 -0.3103 0.2587
vn 0.9148 -0.3103 -0.2587
vn -0.7470 -0.6094 0.2657
vn -0.5791 0.5197 0.6281
vn 0.9384 0.0812 0.3360
vn 0.2271 -0.9376 0.2634
vn -0.1518 -0.9630 0.2229
vn -0.9425 -0.0903 0.3217
vn -0.7153 0.6165 0.3291
vn 0.1478 0.9608 0.2346
vn 0.7711 0.0620 0.6336
vn -0.4145 -0.7805 0.4679
vn -0.5930 0.5030 0.6288
vn 0.4084 0.7735 0.4846
vn 0.1264 0.3725 0.9194
vn -0.2722 -0.8027 0.5307
vn -0.2722 -0.8027 -0.5307
vn 0.1264 0.3725 -0.9194
vn 0.2302 -0.9731 -0.0000
vn -0.4734 -0.8809 -0.0000
vn 0.7441 -0.6681 -0.0000
vn 0.9970 0.0775 -0.0000
vn 0.7750 0.6319 -0.0000
vn 0.4734 0.8809 -0.0000
vn -0.7747 -0.6324 -0.0000
vn -0.9970 -0.0770 -0.0000
vn -0.3155 -0.9489 -0.0064
vn 0.7748 0.6321 -0.0000
vn 0.1539 0.9881 0.0056
vn -0.7026 0.6305 0.3298
vn 0.2389 -0.9710 -0.0028
vn 0.9970 0.0773 0.0050
vn 0.6536 0.5333 0.5370
vn 0.5791 -0.5196 0.6281
vn -0.6536 -0.5332 0.5371
vn 0.7748 0.6322 0.0046
vn 0.7470 0.6094 0.2657
vn 0.1406 0.8678 0.4766
vn 0.4163 0.7743 0.4766
vn -0.1264 -0.3725 -0.9194
vn -0.1264 -0.3725 0.9194
vn 0.2306 -0.9730 -0.0000
vn -0.7748 -0.6323 -0.0000
vn 0.7748 0.6323 -0.0000
vn -0.9470 0.3211 -0.0000
vn -0.2389 0.9710 0.0028
vn -0.7535 0.6575 -0.0022
vn 0.1264 0.3726 0.9193
vn 0.2722 0.8025 0.5309
vn 0.3168 0.9340 0.1654
vn 0.3168 0.9340 -0.1654
vn 0.2722 0.8025 -0.5309
vn -0.1264 -0.3726 0.9194
vn 0.7749 0.6320 -0.0000
vn -0.7746 -0.6325 -0.0000
vn 0.2722 0.8027 0.5307
vn -0.3168 -0.9339 0.1655
vn -0.3168 -0.9339 -0.1655
vn 0.2722 0.8027 -0.5307
vn -0.7447 0.6674 -0.0000
vn 0.7440 -0.6682 -0.0000
vn -0.9959 -0.0905 -0.0072
vn -0.7693 -0.6388 -0.0081
vn -0.4682 -0.8836 -0.0072
vn 0.2390 -0.9710 -0.0028
vn 0.7532 -0.6578 0.0021
vn 0.1538 0.9881 0.0055
vn -0.7536 0.6574 -0.0021
vn 0.9147 -0.3102 0.2589
vn 0.9147 -0.3102 -0.2589
vn -0.3168 -0.9340 -0.1654
vn -0.3168 -0.9340 0.1654
vn -0.9470 0.3213 -0.0000
vn -0.2301 0.9732 -0.0000
vn -0.7446 0.6675 -0.0000
vn -0.2722 -0.8025 0.5309
vn -0.3168 -0.9340 0.1653
vn -0.3168 -0.9340 -0.1653
vn -0.2722 -0.8025 -0.5309
vn -0.1264 -0.3726 -0.9194
vn 0.4738 0.8806 -0.0000
vn -0.4738 -0.8806 -0.0000
vn -0.7445 0.6676 -0.0000
vn -0.9428 0.3334 0.0011
vn -0.9464 0.3231 0.0002
vn -0.9439 0.3302 0.0009
vn 0.3052 -0.7560 0.5791
vn -0.6013 0.2039 -0.7725
vn 0.5900 -0.2001 0.7822
vn -0.0816 0.9630 0.2569
vn 0.0816 -0.9630 -0.2569
vn -0.6047 0.1674 -0.7786
vn -0.5968 0.1603 -0.7862
vn -0.6052 0.1650 -0.7788
vn 0.5941 -0.1607 0.7881
vn 0.8268 0.2521 -0.5028
vn 0.6170 -0.1695 0.7685
vn -0.7471 -0.5383 0.3899
vn -0.5949 0.1610 -0.7875
vn -0.4665 0.8633 0.1925
vn 0.4665 -0.8633 -0.1925
vn -0.5623 0.1058 -0.8201
vn 0.5770 -0.1089 0.8094
vn 0.9515 -0.1462 -0.2707
vn 0.2445 -0.0399 0.9688
vn -0.9646 0.0040 0.2638
vn -0.2429 0.0396 -0.9692
vn -0.7313 0.6725 0.1142
vn 0.7313 -0.6725 -0.1142
vn -0.2220 0.0058 -0.9750
vn 0.2224 -0.0058 0.9749
vn 0.8069 -0.5782 -0.1208
vn 0.0545 0.0263 0.9982
vn 0.0563 0.0225 0.9982
vn 0.0560 0.0224 0.9982
vn -0.9371 0.3231 0.1324
vn -0.0551 -0.0257 -0.9982
vn -0.0571 -0.0226 -0.9981
vn -0.0570 -0.0224 -0.9981
vn 0.9767 -0.2136 -0.0192
vn -0.0551 -0.0259 -0.9981
vn 0.0542 0.0261 0.9982
vn 0.2454 0.9257 -0.2877
vn 0.5665 -0.8240 -0.0049
vn -0.2454 -0.9255 0.2884
vn 0.2702 0.9622 -0.0329
vn -0.1731 -0.9251 0.3381
vn 0.0834 0.9419 -0.3253
vn 0.2699 0.9623 -0.0326
vn 0.1886 0.9344 -0.3023
vn -0.1151 -0.9541 0.2766
vn 0.2748 0.9612 -0.0227
vn 0.0106 -0.9432 0.3320
vn -0.1970 0.9370 -0.2886
vn 0.2782 0.9602 -0.0235
vn 0.0404 0.9526 -0.3016
vn 0.1143 -0.9632 0.2433
vn 0.2907 0.9567 -0.0145
vn 0.2406 -0.7690 0.5922
vn -0.3240 0.7378 -0.5922
vn 0.3092 0.9506 -0.0270
vn -0.9944 -0.1053 -0.0000
vn -0.2510 0.7697 -0.5870
vn 0.3176 0.9481 -0.0166
vn -0.9196 0.3833 0.0861
vn -0.2546 -0.9136 0.3170
vn 0.2544 0.9132 -0.3183
vn 0.4209 -0.9062 0.0412
vn 0.6731 -0.7371 -0.0599
vn 0.1318 0.9483 -0.2888
vn -0.2002 -0.9297 0.3092
vn -0.9722 0.0465 0.2296
vn -0.1116 -0.9399 0.3228
vn 0.1940 0.9200 -0.3405
vn 0.9156 -0.3307 -0.2287
vn -0.0854 0.9608 -0.2638
vn -0.0476 -0.9500 0.3087
vn -0.7603 -0.5284 0.3778
vn 0.1371 -0.9457 0.2947
vn 0.0374 0.9380 -0.3446
vn 0.8533 0.1409 -0.5020
vn 0.0211 0.9377 -0.3469
vn -0.0534 -0.9344 0.3522
vn -0.0247 -0.9389 0.3433
vn 0.0425 0.9334 -0.3562
vn -0.9947 -0.0976 -0.0334
vn 0.2706 0.9125 0.3068
vn 0.9148 -0.4036 -0.0174
vn -0.2710 -0.9124 -0.3067
vn -0.2749 -0.9614 0.0141
vn -0.3240 -0.9010 -0.2886
vn 0.2497 0.9248 0.2872
vn -0.2772 -0.9607 0.0141
vn 0.3264 0.8996 0.2901
vn 0.3228 0.8984 0.2979
vn 0.3236 0.8984 0.2970
vn -0.2485 -0.9221 -0.2965
vn -0.2768 -0.9609 0.0033
vn 0.4676 0.8381 0.2809
vn 0.4657 0.8372 0.2866
vn 0.4659 0.8372 0.2865
vn -0.3615 -0.8885 -0.2828
vn -0.3575 -0.8882 -0.2886
vn -0.3575 -0.8880 -0.2892
vn -0.2942 -0.9557 -0.0045
vn -0.4590 -0.8431 -0.2800
vn 0.3561 0.8908 0.2823
vn -0.2908 -0.9568 0.0074
vn -0.4924 -0.8332 -0.2517
vn 0.4670 0.8473 0.2530
vn -0.3145 -0.9492 0.0105
vn 0.5022 0.8185 0.2790
vn -0.4813 -0.8306 -0.2802
vn -0.3214 -0.9469 -0.0000
vn -0.2769 -0.9139 -0.2969
vn 0.2765 0.9139 0.2973
vn 0.2541 0.9205 0.2967
vn -0.3306 -0.8956 -0.2976
vn -0.2552 -0.9232 -0.2873
vn 0.3272 0.8996 0.2892
vn -0.3615 -0.8886 -0.2822
vn 0.4678 0.8381 0.2808
vn 0.3628 0.8859 0.2892
vn -0.4676 -0.8364 -0.2861
vn 0.4864 0.8277 0.2799
vn -0.5134 -0.8121 -0.2772
vn -0.4722 -0.8445 -0.2527
vn 0.4912 0.8340 0.2516
vt -0.102645 -0.001995
vt -0.103739 -0.004361
vt -0.107397 -0.002671
vt -0.106303 -0.000304
vt -0.150497 -0.091485
vt -0.151685 -0.093806
vt -0.155272 -0.091972
vt -0.154085 -0.089650
vt -0.207270 -0.107668
vt -0.208920 -0.109687
vt -0.212040 -0.107137
vt -0.210390 -0.105118
vt -0.233271 0.055411
vt -0.235844 0.054990
vt -0.236494 0.058967
vt -0.233921 0.059388
vt -0.059421 0.182592
vt -0.061320 0.184378
vt -0.058560 0.187313
vt -0.056661 0.185528
vt 0.046522 0.106113
vt 0.045252 0.108390
vt 0.048770 0.110354
vt 0.050041 0.108077
vt 0.103739 -0.004361
vt 0.102645 -0.001995
vt 0.106303 -0.000304
vt 0.107397 -0.002671
vt 0.151685 -0.093806
vt 0.150497 -0.091485
vt 0.154085 -0.089650
vt 0.155272 -0.091972
vt 0.208920 -0.109687
vt 0.207270 -0.107668
vt 0.210390 -0.105118
vt 0.212040 -0.107137
vt 0.235844 0.054990
vt 0.233271 0.055411
vt 0.233921 0.059388
vt 0.236494 0.058967
vt 0.061320 0.184378
vt 0.059421 0.182592
vt 0.056661 0.185528
vt 0.058560 0.187313
vt -0.045252 0.108390
vt -0.046522 0.106113
vt -0.050041 0.108077
vt -0.048770 0.110354
vt -0.213704 -0.061162
vt -0.213507 -0.063762
vt -0.214637 -0.066111
vt -0.216790 -0.067581
vt -0.219390 -0.067778
vt -0.221740 -0.066648
vt -0.223210 -0.064495
vt -0.223407 -0.061895
vt -0.222277 -0.059545
vt -0.220124 -0.058075
vt -0.217524 -0.057879
vt -0.215174 -0.059009
vt 0.215174 -0.059009
vt 0.217524 -0.057879
vt 0.220124 -0.058075
vt 0.222277 -0.059545
vt 0.223407 -0.061895
vt 0.223210 -0.064495
vt 0.221740 -0.066648
vt 0.219390 -0.067778
vt 0.216790 -0.067581
vt 0.214637 -0.066111
vt 0.213507 -0.063762
vt 0.213704 -0.061162
vt -0.145424 -0.095986
vt -0.146518 -0.098353
vt -0.150176 -0.096662
vt -0.149082 -0.094296
vt -0.184268 -0.158848
vt -0.185455 -0.161170
vt -0.189043 -0.159335
vt -0.187856 -0.157014
vt -0.224045 -0.129147
vt -0.225695 -0.131165
vt -0.228815 -0.128615
vt -0.227165 -0.126596
vt -0.205382 0.059359
vt -0.207955 0.058938
vt -0.208605 0.062915
vt -0.206032 0.063336
vt -0.004447 0.130081
vt -0.006346 0.131867
vt -0.003586 0.134803
vt -0.001687 0.133017
vt 0.096439 0.015430
vt 0.095168 0.017707
vt 0.098687 0.019670
vt 0.099957 0.017394
vt 0.146518 -0.098353
vt 0.145424 -0.095986
vt 0.149082 -0.094296
vt 0.150176 -0.096662
vt 0.185455 -0.161170
vt 0.184268 -0.158848
vt 0.187856 -0.157014
vt 0.189043 -0.159335
vt 0.225695 -0.131165
vt 0.224045 -0.129147
vt 0.227165 -0.126596
vt 0.228815 -0.128615
vt 0.207955 0.058938
vt 0.205382 0.059359
vt 0.206032 0.063336
vt 0.208606 0.062915
vt 0.006346 0.131867
vt 0.004446 0.130081
vt 0.001686 0.133017
vt 0.003586 0.134803
vt -0.095168 0.017707
vt -0.096439 0.015430
vt -0.099957 0.017394
vt -0.098687 0.019670
vt -0.177839 -0.162012
vt -0.177643 -0.164612
vt -0.178772 -0.166962
vt -0.180926 -0.168432
vt -0.183526 -0.168628
vt -0.185875 -0.167499
vt -0.187345 -0.165346
vt -0.187542 -0.162746
vt -0.186412 -0.160396
vt -0.184259 -0.158926
vt -0.181659 -0.158729
vt -0.179310 -0.159859
vt 0.179310 -0.159859
vt 0.181659 -0.158729
vt 0.184259 -0.158926
vt 0.186412 -0.160396
vt 0.187542 -0.162746
vt 0.187345 -0.165346
vt 0.185875 -0.167499
vt 0.183526 -0.168628
vt 0.180926 -0.168432
vt 0.178772 -0.166962
vt 0.177643 -0.164612
vt 0.177839 -0.162012
vt -0.133757 -0.025204
vt -0.134871 -0.027561
vt -0.138514 -0.025840
vt -0.137400 -0.023483
vt -0.113952 0.019729
vt -0.115157 0.017417
vt -0.118731 0.019278
vt -0.117526 0.021591
vt -0.072496 0.085195
vt -0.074159 0.083187
vt -0.077262 0.085757
vt -0.075600 0.087765
vt 0.049361 0.120303
vt 0.046792 0.119860
vt 0.046107 0.123831
vt 0.048677 0.124274
vt 0.148555 0.013843
vt 0.146625 0.015597
vt 0.149336 0.018578
vt 0.151265 0.016824
vt 0.148045 -0.036857
vt 0.146749 -0.034594
vt 0.150246 -0.032592
vt 0.151542 -0.034855
vt 0.134871 -0.027561
vt 0.133757 -0.025204
vt 0.137400 -0.023483
vt 0.138514 -0.025840
vt 0.115157 0.017417
vt 0.113952 0.019729
vt 0.117526 0.021591
vt 0.118731 0.019278
vt 0.074159 0.083187
vt 0.072496 0.085195
vt 0.075599 0.087765
vt 0.077262 0.085757
vt -0.046792 0.119860
vt -0.049361 0.120303
vt -0.048677 0.124274
vt -0.046107 0.123831
vt -0.146626 0.015597
vt -0.148555 0.013843
vt -0.151265 0.016824
vt -0.149336 0.018578
vt -0.146749 -0.034594
vt -0.148045 -0.036857
vt -0.151542 -0.034855
vt -0.150246 -0.032592
vt 0.078879 -0.073768
vt 0.079091 -0.076366
vt 0.077975 -0.078723
vt 0.075830 -0.080205
vt 0.073231 -0.080417
vt 0.070875 -0.079300
vt 0.069392 -0.077156
vt 0.069181 -0.074557
vt 0.070297 -0.072201
vt 0.072442 -0.070718
vt 0.075040 -0.070507
vt 0.077397 -0.071623
vt -0.077397 -0.071623
vt -0.075040 -0.070507
vt -0.072442 -0.070718
vt -0.070297 -0.072201
vt -0.069181 -0.074557
vt -0.069392 -0.077156
vt -0.070875 -0.079300
vt -0.073231 -0.080417
vt -0.075830 -0.080205
vt -0.077975 -0.078723
vt -0.079091 -0.076366
vt -0.078879 -0.073768
vt 0.016825 0.147261
vt 0.015934 0.145375
vt -0.194359 0.243317
vt -0.193469 0.245203
vt 0.038289 0.177369
vt 0.037326 0.175519
vt -0.169056 0.281455
vt -0.168092 0.283305
vt 0.066748 0.156230
vt 0.065422 0.154620
vt -0.114415 0.301162
vt -0.113089 0.302772
vt 0.097942 0.065064
vt 0.095888 0.064706
vt 0.055366 0.293122
vt 0.057421 0.293480
vt 0.049253 0.018502
vt 0.047718 0.019914
vt 0.204776 0.190644
vt 0.206311 0.189232
vt 0.008224 0.080940
vt 0.007193 0.082753
vt 0.209190 0.196827
vt 0.210221 0.195014
vt -0.015913 0.145385
vt -0.016803 0.147271
vt 0.193490 0.245213
vt 0.194381 0.243327
vt -0.037326 0.175519
vt -0.038289 0.177369
vt 0.168092 0.283305
vt 0.169056 0.281455
vt -0.065440 0.154604
vt -0.066767 0.156215
vt 0.113070 0.302756
vt 0.114396 0.301147
vt -0.095895 0.064666
vt -0.097949 0.065024
vt -0.057428 0.293440
vt -0.055374 0.293081
vt -0.047686 0.019879
vt -0.049221 0.018467
vt -0.206279 0.189197
vt -0.204744 0.190609
vt -0.007157 0.082733
vt -0.008189 0.080920
vt -0.210186 0.194994
vt -0.209155 0.196807
vt -0.202163 0.037099
vt -0.201670 0.038715
vt -0.199560 0.038278
vt -0.200169 0.036284
vt -0.097570 0.150566
vt -0.095685 0.151459
vt -0.093606 0.151290
vt -0.091890 0.150103
vt -0.090997 0.148218
vt -0.091166 0.146140
vt -0.092352 0.144424
vt -0.094237 0.143531
vt -0.096316 0.143700
vt -0.098032 0.144886
vt -0.098925 0.146771
vt -0.098756 0.148850
vt 0.054854 0.234667
vt 0.056159 0.233593
vt 0.054948 0.231810
vt 0.053337 0.233135
vt 0.188418 0.220319
vt 0.188872 0.218691
vt 0.186858 0.217924
vt 0.186298 0.219933
vt 0.204369 0.248956
vt 0.204893 0.247349
vt 0.202914 0.246496
vt 0.202267 0.248479
vt 0.212211 0.253662
vt 0.212932 0.252133
vt 0.211075 0.251039
vt 0.210186 0.252925
vt 0.210751 0.248832
vt 0.211786 0.247497
vt 0.210212 0.246025
vt 0.208933 0.247673
vt 0.178590 0.270127
vt 0.180059 0.269292
vt 0.179171 0.267328
vt 0.177358 0.268358
vt 0.072531 0.320363
vt 0.074211 0.320537
vt 0.074629 0.318422
vt 0.072554 0.318208
vt -0.050933 0.324214
vt -0.049603 0.325256
vt -0.048123 0.323689
vt -0.049765 0.322403
vt -0.120460 0.283570
vt -0.119537 0.284985
vt -0.117631 0.283979
vt -0.118771 0.282232
vt -0.157113 0.213878
vt -0.156465 0.215439
vt -0.154407 0.214798
vt -0.155207 0.212872
vt -0.180653 0.122711
vt -0.180169 0.124330
vt -0.178056 0.123904
vt -0.178654 0.121906
vt -0.080057 -0.068487
vt -0.080631 -0.067398
vt -0.079569 -0.066580
vt -0.078782 -0.068075
vt 0.136637 -0.091162
vt 0.135452 -0.091499
vt 0.134871 -0.090291
vt 0.136496 -0.089829
vt 0.210799 0.104554
vt 0.210440 0.103376
vt 0.209110 0.103541
vt 0.209602 0.105158
vt 0.212383 0.193187
vt 0.212495 0.191961
vt 0.211200 0.191613
vt 0.211047 0.193296
vt 0.208494 0.236153
vt 0.208964 0.235015
vt 0.207831 0.234299
vt 0.207186 0.235861
vt 0.194011 0.261172
vt 0.194827 0.260249
vt 0.193989 0.259203
vt 0.192870 0.260469
vt 0.154746 0.287711
vt 0.155868 0.287202
vt 0.155531 0.285904
vt 0.153992 0.286602
vt 0.080484 0.311150
vt 0.081712 0.311250
vt 0.082047 0.309952
vt 0.080363 0.309815
vt -0.003469 0.303163
vt -0.002431 0.303826
vt -0.001528 0.302835
vt -0.002952 0.301927
vt -0.064351 0.255509
vt -0.063643 0.256516
vt -0.062431 0.255943
vt -0.063403 0.254561
vt -0.098974 0.174270
vt -0.098612 0.175447
vt -0.097282 0.175277
vt -0.097779 0.173662
vt -0.111055 0.064844
vt -0.111068 0.066076
vt -0.109749 0.066319
vt -0.109732 0.064629
vt 0.096596 0.147017
vt 0.096696 0.145789
vt 0.096169 0.144676
vt 0.095156 0.143976
vt 0.093928 0.143876
vt 0.092815 0.144403
vt 0.092115 0.145416
vt 0.092015 0.146644
vt 0.092542 0.147757
vt 0.093555 0.148457
vt 0.094783 0.148557
vt 0.095896 0.148030
vt 0.025450 0.050766
vt 0.025774 0.049774
vt -0.133209 -0.002064
vt -0.133533 -0.001072
vt 0.009737 0.096221
vt 0.010070 0.095233
vt -0.148408 0.041871
vt -0.148740 0.042859
vt -0.012748 0.118532
vt -0.012296 0.117593
vt -0.162963 0.045052
vt -0.163415 0.045991
vt -0.069076 0.090499
vt -0.068192 0.089945
vt -0.157084 -0.051692
vt -0.157968 -0.051137
vt -0.079600 -0.022608
vt -0.078859 -0.021874
vt 0.038785 -0.140713
vt 0.038044 -0.141447
vt -0.044208 -0.001844
vt -0.043799 -0.000884
vt 0.109992 -0.066544
vt 0.109583 -0.067503
vt -0.025774 0.049774
vt -0.025450 0.050766
vt 0.133533 -0.001072
vt 0.133209 -0.002064
vt -0.010070 0.095233
vt -0.009737 0.096221
vt 0.148740 0.042859
vt 0.148408 0.041871
vt 0.012296 0.117593
vt 0.012748 0.118532
vt 0.163415 0.045991
vt 0.162963 0.045052
vt 0.068192 0.089945
vt 0.069076 0.090499
vt 0.157968 -0.051137
vt 0.157084 -0.051692
vt 0.078859 -0.021874
vt 0.079600 -0.022608
vt -0.038044 -0.141447
vt -0.038785 -0.140713
vt 0.043799 -0.000884
vt 0.044208 -0.001844
vt -0.109583 -0.067503
vt -0.109992 -0.066544
vt 0.097752 0.061216
vt 0.097962 0.060194
vt 0.097632 0.059205
vt 0.096851 0.058513
vt 0.095830 0.058304
vt 0.094840 0.058633
vt 0.094148 0.059414
vt 0.093939 0.060435
vt 0.094269 0.061425
vt 0.095049 0.062117
vt 0.096071 0.062326
vt 0.097061 0.061996
vt -0.097060 0.061996
vt -0.096071 0.062326
vt -0.095049 0.062117
vt -0.094269 0.061425
vt -0.093939 0.060435
vt -0.094148 0.059414
vt -0.094840 0.058633
vt -0.095830 0.058304
vt -0.096851 0.058513
vt -0.097632 0.059205
vt -0.097961 0.060194
vt -0.097752 0.061216
vt -0.096413 -0.042846
vt -0.097527 -0.045204
vt -0.101170 -0.043482
vt -0.100057 -0.041125
vt -0.077324 0.000645
vt -0.078529 -0.001668
vt -0.082103 0.000194
vt -0.080898 0.002507
vt -0.040686 0.058853
vt -0.042349 0.056845
vt -0.045452 0.059415
vt -0.043789 0.061423
vt 0.056374 0.079601
vt 0.053805 0.079159
vt 0.053121 0.083130
vt 0.055690 0.083572
vt 0.120771 -0.016717
vt 0.118842 -0.014963
vt 0.121553 -0.011982
vt 0.123482 -0.013736
vt 0.112200 -0.057375
vt 0.110905 -0.055112
vt 0.114402 -0.053110
vt 0.115697 -0.055373
vt 0.097527 -0.045204
vt 0.096413 -0.042846
vt 0.100057 -0.041125
vt 0.101170 -0.043482
vt 0.078529 -0.001668
vt 0.077324 0.000645
vt 0.080898 0.002507
vt 0.082103 0.000194
vt 0.042348 0.056845
vt 0.040686 0.058853
vt 0.043789 0.061423
vt 0.045452 0.059415
vt -0.053805 0.079159
vt -0.056374 0.079601
vt -0.055690 0.083572
vt -0.053121 0.083129
vt -0.118842 -0.014963
vt -0.120771 -0.016717
vt -0.123482 -0.013736
vt -0.121553 -0.011982
vt -0.110905 -0.055112
vt -0.112200 -0.057375
vt -0.115697 -0.055373
vt -0.114402 -0.053110
vt 0.079091 -0.076366
vt 0.077975 -0.078723
vt 0.073231 -0.080417
vt 0.070875 -0.079300
vt 0.069181 -0.074557
vt 0.072442 -0.070718
vt 0.075040 -0.070507
vt 0.077397 -0.071623
vt -0.077397 -0.071623
vt -0.075040 -0.070507
vt -0.072442 -0.070718
vt -0.070297 -0.072201
vt -0.069181 -0.074557
vt -0.069392 -0.077156
vt -0.070875 -0.079300
vt -0.073231 -0.080417
vt -0.075830 -0.080205
vt -0.077975 -0.078723
vt -0.079091 -0.076366
vt -0.078879 -0.073768
vt 0.126457 0.129557
vt 0.127469 0.129775
vt 0.147277 0.037886
vt 0.146265 0.037667
vt -0.022827 0.102815
vt -0.021797 0.102711
vt -0.031244 0.009187
vt -0.032274 0.009291
vt -0.157644 0.168920
vt -0.156680 0.168543
vt -0.190874 0.080983
vt -0.191839 0.081360
vt -0.234307 0.250193
vt -0.233410 0.249676
vt -0.280291 0.168201
vt -0.281188 0.168718
vt -0.255802 0.271973
vt -0.254917 0.271437
vt -0.303639 0.191049
vt -0.304524 0.191586
vt -0.223977 0.216932
vt -0.223042 0.216489
vt -0.263330 0.131560
vt -0.264266 0.132004
vt -0.127469 0.129775
vt -0.126457 0.129557
vt -0.146265 0.037667
vt -0.147277 0.037885
vt 0.021797 0.102711
vt 0.022827 0.102815
vt 0.032274 0.009291
vt 0.031244 0.009187
vt 0.156680 0.168543
vt 0.157644 0.168920
vt 0.191839 0.081360
vt 0.190874 0.080983
vt 0.233410 0.249676
vt 0.234307 0.250193
vt 0.281188 0.168718
vt 0.280291 0.168201
vt 0.254917 0.271437
vt 0.255802 0.271973
vt 0.304524 0.191586
vt 0.303639 0.191049
vt 0.223042 0.216489
vt 0.223977 0.216932
vt 0.264266 0.132004
vt 0.263330 0.131560
vt 0.025807 0.361298
vt 0.026776 0.361661
vt 0.027797 0.361491
vt 0.028597 0.360833
vt 0.028960 0.359863
vt 0.028790 0.358842
vt 0.028132 0.358043
vt 0.027162 0.357680
vt 0.026141 0.357850
vt 0.025342 0.358508
vt 0.024978 0.359477
vt 0.025149 0.360498
vt -0.025149 0.360498
vt -0.024979 0.359477
vt -0.025342 0.358508
vt -0.026141 0.357850
vt -0.027162 0.357679
vt -0.028132 0.358043
vt -0.028790 0.358842
vt -0.028960 0.359863
vt -0.028597 0.360833
vt -0.027797 0.361491
vt -0.026776 0.361661
vt -0.025807 0.361298
vt 0.173772 0.243037
vt 0.173261 0.242949
vt 0.162224 0.307005
vt 0.162734 0.307093
vt 0.240342 0.065309
vt 0.239959 0.065657
vt 0.283684 0.113752
vt 0.284067 0.113404
vt 0.191929 0.087421
vt 0.191672 0.087870
vt 0.248084 0.120161
vt 0.248341 0.119712
vt 0.147120 0.180209
vt 0.146898 0.180677
vt 0.205670 0.208442
vt 0.205891 0.207974
vt 0.097159 0.268001
vt 0.096920 0.268461
vt 0.154565 0.298495
vt 0.154804 0.298036
vt 0.012662 0.313965
vt 0.012332 0.314364
vt 0.062395 0.355821
vt 0.062725 0.355423
vt -0.173261 0.242949
vt -0.173772 0.243037
vt -0.162734 0.307093
vt -0.162224 0.307005
vt -0.239959 0.065657
vt -0.240342 0.065309
vt -0.284067 0.113404
vt -0.283684 0.113752
vt -0.191672 0.087870
vt -0.191929 0.087421
vt -0.248341 0.119712
vt -0.248084 0.120161
vt -0.146898 0.180677
vt -0.147120 0.180209
vt -0.205891 0.207974
vt -0.205670 0.208442
vt -0.096920 0.268461
vt -0.097159 0.268001
vt -0.154804 0.298036
vt -0.154565 0.298495
vt -0.012332 0.314364
vt -0.012662 0.313965
vt -0.062725 0.355423
vt -0.062395 0.355821
vt 0.203753 0.116305
vt 0.203237 0.116263
vt 0.202769 0.116485
vt 0.202475 0.116911
vt 0.202433 0.117427
vt 0.202654 0.117895
vt 0.203080 0.118189
vt 0.203596 0.118231
vt 0.204064 0.118009
vt 0.204358 0.117583
vt 0.204400 0.117068
vt 0.204178 0.116600
vt -0.204178 0.116600
vt -0.204400 0.117068
vt -0.204358 0.117583
vt -0.204064 0.118009
vt -0.203596 0.118231
vt -0.203080 0.118189
vt -0.202654 0.117895
vt -0.202433 0.117427
vt -0.202475 0.116911
vt -0.202769 0.116485
vt -0.203237 0.116263
vt -0.203753 0.116305
vt 0.161104 0.241869
vt 0.160594 0.241781
vt 0.149556 0.305837
vt 0.150066 0.305925
vt 0.215378 0.089356
vt 0.214995 0.089705
vt 0.258720 0.137800
vt 0.259103 0.137451
vt 0.169284 0.128995
vt 0.169027 0.129444
vt 0.225439 0.161735
vt 0.225696 0.161286
vt 0.127806 0.223431
vt 0.127585 0.223899
vt 0.186357 0.251664
vt 0.186578 0.251196
vt 0.082036 0.299191
vt 0.081797 0.299650
vt 0.139442 0.329685
vt 0.139681 0.329226
vt 0.005343 0.324371
vt 0.005013 0.324770
vt 0.055076 0.366227
vt 0.055406 0.365828
vt -0.160594 0.241781
vt -0.161104 0.241869
vt -0.150066 0.305925
vt -0.149556 0.305837
vt -0.214995 0.089705
vt -0.215378 0.089356
vt -0.259103 0.137451
vt -0.258720 0.137800
vt -0.169027 0.129444
vt -0.169284 0.128995
vt -0.225696 0.161286
vt -0.225439 0.161735
vt -0.127585 0.223899
vt -0.127806 0.223431
vt -0.186578 0.251196
vt -0.186357 0.251664
vt -0.081797 0.299650
vt -0.082036 0.299191
vt -0.139681 0.329226
vt -0.139442 0.329685
vt -0.005013 0.324770
vt -0.005343 0.324371
vt -0.055406 0.365828
vt -0.055076 0.366227
vt 0.187272 0.162451
vt 0.186756 0.162409
vt 0.186289 0.162630
vt 0.185994 0.163056
vt 0.185952 0.163572
vt 0.186174 0.164040
vt 0.186599 0.164334
vt 0.187116 0.164376
vt 0.187583 0.164154
vt 0.187878 0.163729
vt 0.187920 0.163213
vt 0.187698 0.162745
vt -0.187698 0.162745
vt -0.187920 0.163213
vt -0.187878 0.163729
vt -0.187583 0.164155
vt -0.187115 0.164376
vt -0.186599 0.164334
vt -0.186174 0.164040
vt -0.185952 0.163572
vt -0.185994 0.163056
vt -0.186288 0.162630
vt -0.186756 0.162409
vt -0.187272 0.162451
vt 0.159743 0.240620
vt 0.159233 0.240532
vt 0.148026 0.305574
vt 0.148536 0.305662
vt 0.211566 0.091471
vt 0.211183 0.091819
vt 0.255581 0.140654
vt 0.255964 0.140306
vt 0.165537 0.133528
vt 0.165280 0.133977
vt 0.222560 0.166765
vt 0.222817 0.166315
vt 0.124426 0.228244
vt 0.124205 0.228712
vt 0.183881 0.256905
vt 0.184102 0.256437
vt 0.079189 0.302492
vt 0.078950 0.302951
vt 0.137481 0.333447
vt 0.137720 0.332988
vt 0.003583 0.324929
vt 0.003253 0.325328
vt 0.054086 0.367423
vt 0.054416 0.367024
vt -0.159233 0.240532
vt -0.159743 0.240620
vt -0.148536 0.305661
vt -0.148026 0.305573
vt -0.211183 0.091819
vt -0.211566 0.091471
vt -0.255964 0.140306
vt -0.255581 0.140654
vt -0.165280 0.133977
vt -0.165537 0.133528
vt -0.222817 0.166315
vt -0.222560 0.166765
vt -0.124205 0.228712
vt -0.124426 0.228244
vt -0.184102 0.256437
vt -0.183881 0.256905
vt -0.078950 0.302951
vt -0.079189 0.302492
vt -0.137720 0.332988
vt -0.137481 0.333447
vt -0.003253 0.325328
vt -0.003583 0.324929
vt -0.054416 0.367024
vt -0.054086 0.367423
vt 0.185254 0.168101
vt 0.184738 0.168059
vt 0.184271 0.168280
vt 0.183976 0.168706
vt 0.183934 0.169222
vt 0.184156 0.169690
vt 0.184582 0.169984
vt 0.185097 0.170026
vt 0.185565 0.169805
vt 0.185860 0.169379
vt 0.185902 0.168863
vt 0.185680 0.168395
vt -0.185680 0.168395
vt -0.185902 0.168863
vt -0.185860 0.169379
vt -0.185565 0.169805
vt -0.185097 0.170026
vt -0.184582 0.169985
vt -0.184156 0.169690
vt -0.183934 0.169222
vt -0.183976 0.168706
vt -0.184270 0.168281
vt -0.184738 0.168059
vt -0.185254 0.168101
vt 0.162804 0.241147
vt 0.162294 0.241060
vt 0.151086 0.306101
vt 0.151597 0.306189
vt 0.217845 0.085763
vt 0.217462 0.086111
vt 0.261859 0.134946
vt 0.262242 0.134598
vt 0.171296 0.123468
vt 0.171038 0.123917
vt 0.228318 0.156705
vt 0.228575 0.156256
vt 0.129378 0.217764
vt 0.129157 0.218232
vt 0.188832 0.246424
vt 0.189053 0.245956
vt 0.083110 0.294966
vt 0.082870 0.295426
vt 0.141402 0.325922
vt 0.141641 0.325463
vt 0.005564 0.322537
vt 0.005234 0.322936
vt 0.056067 0.365031
vt 0.056397 0.364632
vt -0.162294 0.241059
vt -0.162804 0.241147
vt -0.151597 0.306189
vt -0.151087 0.306101
vt -0.217462 0.086111
vt -0.217845 0.085763
vt -0.262242 0.134597
vt -0.261859 0.134946
vt -0.171038 0.123917
vt -0.171296 0.123468
vt -0.228575 0.156256
vt -0.228318 0.156705
vt -0.129157 0.218232
vt -0.129378 0.217764
vt -0.189053 0.245956
vt -0.188832 0.246424
vt -0.082870 0.295426
vt -0.083110 0.294966
vt -0.141641 0.325463
vt -0.141402 0.325922
vt -0.005234 0.322936
vt -0.005564 0.322537
vt -0.056397 0.364632
vt -0.056067 0.365031
vt 0.189290 0.156800
vt 0.188774 0.156758
vt 0.188306 0.156980
vt 0.188012 0.157405
vt 0.187970 0.157921
vt 0.188192 0.158389
vt 0.188618 0.158683
vt 0.189133 0.158726
vt 0.189601 0.158504
vt 0.189896 0.158078
vt 0.189938 0.157562
vt 0.189716 0.157094
vt -0.189716 0.157094
vt -0.189938 0.157562
vt -0.189896 0.158078
vt -0.189601 0.158504
vt -0.189133 0.158726
vt -0.188617 0.158684
vt -0.188192 0.158389
vt -0.187970 0.157921
vt -0.188012 0.157405
vt -0.188306 0.156980
vt -0.188774 0.156758
vt -0.189290 0.156800
vt 0.164420 0.242441
vt 0.163909 0.242353
vt 0.152872 0.306409
vt 0.153382 0.306497
vt 0.222180 0.083173
vt 0.221797 0.083521
vt 0.265522 0.131616
vt 0.265905 0.131268
vt 0.175522 0.118097
vt 0.175265 0.118546
vt 0.231677 0.150837
vt 0.231934 0.150388
vt 0.133170 0.212077
vt 0.132949 0.212545
vt 0.191721 0.240311
vt 0.191942 0.239843
vt 0.086283 0.291039
vt 0.086044 0.291498
vt 0.143689 0.321532
vt 0.143928 0.321073
vt 0.007489 0.321780
vt 0.007159 0.322178
vt 0.057222 0.363635
vt 0.057552 0.363237
vt -0.163909 0.242353
vt -0.164420 0.242441
vt -0.153382 0.306497
vt -0.152872 0.306409
vt -0.221797 0.083521
vt -0.222180 0.083173
vt -0.265905 0.131268
vt -0.265522 0.131616
vt -0.175265 0.118546
vt -0.175522 0.118097
vt -0.231934 0.150388
vt -0.231677 0.150837
vt -0.132949 0.212545
vt -0.133170 0.212077
vt -0.191942 0.239843
vt -0.191721 0.240311
vt -0.086044 0.291498
vt -0.086283 0.291039
vt -0.143928 0.321073
vt -0.143689 0.321532
vt -0.007159 0.322178
vt -0.007489 0.321780
vt -0.057552 0.363237
vt -0.057222 0.363635
vt 0.191645 0.150208
vt 0.191129 0.150166
vt 0.190661 0.150388
vt 0.190367 0.150813
vt 0.190325 0.151329
vt 0.190546 0.151797
vt 0.190972 0.152092
vt 0.191488 0.152133
vt 0.191956 0.151912
vt 0.192250 0.151486
vt 0.192292 0.150970
vt 0.192070 0.150502
vt -0.192070 0.150502
vt -0.192292 0.150970
vt -0.192250 0.151486
vt -0.191956 0.151912
vt -0.191488 0.152133
vt -0.190972 0.152092
vt -0.190546 0.151797
vt -0.190325 0.151329
vt -0.190367 0.150814
vt -0.190661 0.150388
vt -0.191129 0.150166
vt -0.191645 0.150208
vt 0.166120 0.241719
vt 0.165609 0.241631
vt 0.154402 0.306672
vt 0.154912 0.306760
vt 0.224646 0.079579
vt 0.224263 0.079927
vt 0.268661 0.128762
vt 0.269044 0.128414
vt 0.177534 0.112570
vt 0.177277 0.113019
vt 0.234556 0.145807
vt 0.234813 0.145358
vt 0.134742 0.206410
vt 0.134520 0.206878
vt 0.194196 0.235070
vt 0.194417 0.234602
vt 0.087357 0.286814
vt 0.087118 0.287273
vt 0.145650 0.317770
vt 0.145889 0.317311
vt 0.007710 0.319946
vt 0.007380 0.320344
vt 0.058213 0.362439
vt 0.058543 0.362041
vt -0.165610 0.241631
vt -0.166120 0.241719
vt -0.154913 0.306760
vt -0.154402 0.306672
vt -0.224263 0.079927
vt -0.224646 0.079579
vt -0.269044 0.128414
vt -0.268661 0.128762
vt -0.177277 0.113019
vt -0.177534 0.112570
vt -0.234813 0.145358
vt -0.234556 0.145807
vt -0.134520 0.206878
vt -0.134742 0.206410
vt -0.194417 0.234602
vt -0.194196 0.235070
vt -0.087118 0.287273
vt -0.087357 0.286814
vt -0.145889 0.317311
vt -0.145650 0.317770
vt -0.007380 0.320344
vt -0.007710 0.319946
vt -0.058543 0.362041
vt -0.058213 0.362439
vt 0.193663 0.144557
vt 0.193147 0.144515
vt 0.192679 0.144737
vt 0.192384 0.145163
vt 0.192343 0.145679
vt 0.192564 0.146147
vt 0.192990 0.146441
vt 0.193506 0.146483
vt 0.193974 0.146261
vt 0.194268 0.145835
vt 0.194310 0.145320
vt 0.194088 0.144852
vt -0.194088 0.144852
vt -0.194310 0.145320
vt -0.194268 0.145836
vt -0.193974 0.146261
vt -0.193506 0.146483
vt -0.192990 0.146441
vt -0.192564 0.146147
vt -0.192343 0.145679
vt -0.192384 0.145163
vt -0.192679 0.144737
vt -0.193147 0.144515
vt -0.193663 0.144558
vt -0.130955 0.056509
vt -0.131920 0.056886
vt -0.096997 0.146309
vt -0.096033 0.145932
vt 0.015792 0.003430
vt 0.014762 0.003534
vt 0.024410 0.099048
vt 0.025440 0.098944
vt 0.164439 0.040562
vt 0.163428 0.040344
vt 0.143198 0.134188
vt 0.144210 0.134407
vt 0.249027 0.123668
vt 0.248091 0.123224
vt 0.206946 0.209960
vt 0.207881 0.210404
vt 0.264527 0.166174
vt 0.263642 0.165638
vt 0.213883 0.247736
vt 0.214768 0.248272
vt 0.225593 0.135574
vt 0.224696 0.135058
vt 0.176817 0.218267
vt 0.177715 0.218783
vt 0.131919 0.056886
vt 0.130955 0.056509
vt 0.096033 0.145932
vt 0.096997 0.146309
vt -0.014762 0.003534
vt -0.015792 0.003430
vt -0.025440 0.098944
vt -0.024410 0.099048
vt -0.163428 0.040344
vt -0.164439 0.040562
vt -0.144210 0.134407
vt -0.143198 0.134188
vt -0.248092 0.123224
vt -0.249027 0.123668
vt -0.207881 0.210404
vt -0.206946 0.209960
vt -0.263642 0.165638
vt -0.264527 0.166174
vt -0.214768 0.248272
vt -0.213883 0.247736
vt -0.224696 0.135058
vt -0.225593 0.135574
vt -0.177715 0.218783
vt -0.176817 0.218267
vt -0.067540 0.306313
vt -0.066741 0.306971
vt -0.065719 0.307141
vt -0.064750 0.306778
vt -0.064092 0.305978
vt -0.063922 0.304957
vt -0.064285 0.303988
vt -0.065084 0.303330
vt -0.066105 0.303159
vt -0.067075 0.303523
vt -0.067733 0.304322
vt -0.067903 0.305343
vt 0.067903 0.305343
vt 0.067733 0.304322
vt 0.067075 0.303523
vt 0.066106 0.303159
vt 0.065084 0.303330
vt 0.064285 0.303988
vt 0.063922 0.304957
vt 0.064092 0.305978
vt 0.064750 0.306778
vt 0.065720 0.307141
vt 0.066741 0.306971
vt 0.067540 0.306313
vt 0.167480 0.242968
vt 0.166970 0.242880
vt 0.155933 0.306936
vt 0.156443 0.307024
vt 0.228458 0.077465
vt 0.228075 0.077813
vt 0.271800 0.125908
vt 0.272183 0.125560
vt 0.181281 0.108037
vt 0.181024 0.108486
vt 0.237435 0.140777
vt 0.237693 0.140328
vt 0.138121 0.201597
vt 0.137900 0.202065
vt 0.196672 0.229830
vt 0.196893 0.229362
vt 0.090204 0.283514
vt 0.089965 0.283973
vt 0.147610 0.314007
vt 0.147849 0.313548
vt 0.009470 0.319387
vt 0.009140 0.319786
vt 0.059203 0.361243
vt 0.059533 0.360845
vt -0.166970 0.242880
vt -0.167480 0.242968
vt -0.156443 0.307024
vt -0.155933 0.306936
vt -0.228075 0.077813
vt -0.228458 0.077465
vt -0.272183 0.125560
vt -0.271800 0.125908
vt -0.181024 0.108486
vt -0.181281 0.108037
vt -0.237693 0.140328
vt -0.237435 0.140777
vt -0.137900 0.202065
vt -0.138121 0.201597
vt -0.196893 0.229362
vt -0.196672 0.229830
vt -0.089965 0.283973
vt -0.090204 0.283514
vt -0.147849 0.313548
vt -0.147610 0.314007
vt -0.009140 0.319786
vt -0.009470 0.319387
vt -0.059533 0.360845
vt -0.059203 0.361243
vt 0.195681 0.138907
vt 0.195165 0.138865
vt 0.194697 0.139087
vt 0.194403 0.139512
vt 0.194360 0.140028
vt 0.194582 0.140496
vt 0.195008 0.140791
vt 0.195524 0.140833
vt 0.195992 0.140611
vt 0.196286 0.140185
vt 0.196328 0.139669
vt 0.196106 0.139201
vt -0.196106 0.139202
vt -0.196328 0.139669
vt -0.196286 0.140185
vt -0.195992 0.140611
vt -0.195524 0.140833
vt -0.195008 0.140791
vt -0.194582 0.140496
vt -0.194360 0.140029
vt -0.194403 0.139512
vt -0.194697 0.139087
vt -0.195165 0.138865
vt -0.195681 0.138907
vt 0.169180 0.242246
vt 0.168670 0.242158
vt 0.157463 0.307200
vt 0.157973 0.307288
vt 0.230925 0.073871
vt 0.230542 0.074219
vt 0.274939 0.123054
vt 0.275322 0.122706
vt 0.183292 0.102510
vt 0.183035 0.102960
vt 0.240314 0.135748
vt 0.240572 0.135298
vt 0.139693 0.195929
vt 0.139472 0.196398
vt 0.199147 0.224590
vt 0.199369 0.224122
vt 0.091278 0.279289
vt 0.091039 0.279748
vt 0.149570 0.310245
vt 0.149810 0.309786
vt 0.009691 0.317554
vt 0.009360 0.317952
vt 0.060194 0.360047
vt 0.060524 0.359649
vt -0.168670 0.242158
vt -0.169180 0.242246
vt -0.157973 0.307288
vt -0.157463 0.307200
vt -0.230542 0.074219
vt -0.230925 0.073871
vt -0.275322 0.122706
vt -0.274939 0.123054
vt -0.183035 0.102960
vt -0.183292 0.102510
vt -0.240572 0.135298
vt -0.240314 0.135748
vt -0.139472 0.196398
vt -0.139693 0.195929
vt -0.199369 0.224122
vt -0.199147 0.224590
vt -0.091039 0.279748
vt -0.091278 0.279289
vt -0.149810 0.309786
vt -0.149570 0.310245
vt -0.009360 0.317952
vt -0.009691 0.317554
vt -0.060524 0.359649
vt -0.060194 0.360047
vt 0.197699 0.133256
vt 0.197183 0.133214
vt 0.196715 0.133436
vt 0.196421 0.133862
vt 0.196379 0.134378
vt 0.196600 0.134846
vt 0.197026 0.135140
vt 0.197542 0.135182
vt 0.198010 0.134960
vt 0.198304 0.134534
vt 0.198346 0.134019
vt 0.198124 0.133551
vt -0.198124 0.133551
vt -0.198346 0.134019
vt -0.198304 0.134535
vt -0.198010 0.134961
vt -0.197542 0.135182
vt -0.197026 0.135140
vt -0.196600 0.134846
vt -0.196378 0.134378
vt -0.196421 0.133862
vt -0.196715 0.133436
vt -0.197183 0.133215
vt -0.197699 0.133257
vt 0.170711 0.242510
vt 0.170201 0.242422
vt 0.159163 0.306478
vt 0.159673 0.306566
vt 0.234064 0.071017
vt 0.233681 0.071365
vt 0.277406 0.119460
vt 0.277789 0.119112
vt 0.186171 0.097481
vt 0.185914 0.097930
vt 0.242326 0.130221
vt 0.242583 0.129772
vt 0.142168 0.190689
vt 0.141947 0.191157
vt 0.200719 0.218923
vt 0.200940 0.218455
vt 0.093238 0.275527
vt 0.092999 0.275986
vt 0.150644 0.306020
vt 0.150883 0.305561
vt 0.010681 0.316358
vt 0.010351 0.316756
vt 0.060414 0.358213
vt 0.060744 0.357815
vt -0.170201 0.242422
vt -0.170711 0.242510
vt -0.159673 0.306566
vt -0.159163 0.306478
vt -0.233681 0.071365
vt -0.234064 0.071017
vt -0.277789 0.119112
vt -0.277406 0.119460
vt -0.185914 0.097930
vt -0.186171 0.097481
vt -0.242583 0.129772
vt -0.242326 0.130221
vt -0.141947 0.191157
vt -0.142168 0.190689
vt -0.200940 0.218455
vt -0.200719 0.218923
vt -0.092999 0.275986
vt -0.093238 0.275527
vt -0.150883 0.305561
vt -0.150644 0.306020
vt -0.010351 0.316756
vt -0.010681 0.316358
vt -0.060744 0.357815
vt -0.060414 0.358213
vt 0.199717 0.127606
vt 0.199201 0.127564
vt 0.198733 0.127786
vt 0.198439 0.128212
vt 0.198397 0.128727
vt 0.198618 0.129195
vt 0.199044 0.129490
vt 0.199560 0.129532
vt 0.200028 0.129310
vt 0.200322 0.128884
vt 0.200364 0.128368
vt 0.200143 0.127900
vt -0.200142 0.127901
vt -0.200364 0.128368
vt -0.200322 0.128884
vt -0.200028 0.129310
vt -0.199560 0.129532
vt -0.199044 0.129490
vt -0.198618 0.129195
vt -0.198397 0.128728
vt -0.198439 0.128212
vt -0.198733 0.127786
vt -0.199201 0.127564
vt -0.199717 0.127606
vt 0.172411 0.241788
vt 0.171901 0.241700
vt 0.160693 0.306742
vt 0.161204 0.306830
vt 0.236530 0.067423
vt 0.236147 0.067771
vt 0.280545 0.116606
vt 0.280928 0.116258
vt 0.188182 0.091954
vt 0.187925 0.092403
vt 0.245205 0.125191
vt 0.245462 0.124742
vt 0.143740 0.185022
vt 0.143519 0.185490
vt 0.203194 0.213683
vt 0.203415 0.213214
vt 0.094312 0.271302
vt 0.094073 0.271761
vt 0.152604 0.302258
vt 0.152844 0.301798
vt 0.010901 0.314524
vt 0.010571 0.314922
vt 0.061404 0.357017
vt 0.061735 0.356619
vt -0.171901 0.241700
vt -0.172411 0.241788
vt -0.161204 0.306830
vt -0.160694 0.306742
vt -0.236147 0.067771
vt -0.236530 0.067423
vt -0.280928 0.116258
vt -0.280545 0.116606
vt -0.187925 0.092403
vt -0.188182 0.091954
vt -0.245462 0.124742
vt -0.245205 0.125191
vt -0.143519 0.185490
vt -0.143740 0.185022
vt -0.203415 0.213214
vt -0.203194 0.213683
vt -0.094073 0.271761
vt -0.094312 0.271302
vt -0.152844 0.301798
vt -0.152604 0.302258
vt -0.010571 0.314922
vt -0.010901 0.314524
vt -0.061734 0.356619
vt -0.061404 0.357017
vt 0.201735 0.121956
vt 0.201219 0.121914
vt 0.200751 0.122135
vt 0.200457 0.122561
vt 0.200415 0.123077
vt 0.200636 0.123545
vt 0.201062 0.123839
vt 0.201578 0.123881
vt 0.202046 0.123659
vt 0.202340 0.123234
vt 0.202382 0.122718
vt 0.202161 0.122250
vt -0.202160 0.122250
vt -0.202382 0.122718
vt -0.202340 0.123234
vt -0.202046 0.123660
vt -0.201578 0.123881
vt -0.201062 0.123839
vt -0.200636 0.123545
vt -0.200415 0.123077
vt -0.200457 0.122561
vt -0.200751 0.122135
vt -0.201219 0.121914
vt -0.201735 0.121956
vt 0.175472 0.242316
vt 0.174962 0.242228
vt 0.163754 0.307269
vt 0.164264 0.307357
vt 0.242809 0.061715
vt 0.242426 0.062063
vt 0.286824 0.110898
vt 0.287207 0.110550
vt 0.193941 0.081894
vt 0.193684 0.082344
vt 0.250963 0.115131
vt 0.251220 0.114682
vt 0.148691 0.174542
vt 0.148470 0.175010
vt 0.208146 0.203202
vt 0.208367 0.202734
vt 0.098233 0.263777
vt 0.097993 0.264236
vt 0.156525 0.294732
vt 0.156764 0.294273
vt 0.012882 0.312132
vt 0.012552 0.312530
vt 0.063385 0.354625
vt 0.063715 0.354226
vt -0.174962 0.242227
vt -0.175472 0.242315
vt -0.164265 0.307357
vt -0.163754 0.307269
vt -0.242426 0.062063
vt -0.242809 0.061715
vt -0.287207 0.110550
vt -0.286824 0.110898
vt -0.193684 0.082344
vt -0.193941 0.081894
vt -0.251220 0.114682
vt -0.250963 0.115131
vt -0.148470 0.175010
vt -0.148691 0.174542
vt -0.208367 0.202734
vt -0.208146 0.203202
vt -0.097993 0.264236
vt -0.098233 0.263777
vt -0.156764 0.294273
vt -0.156525 0.294732
vt -0.012552 0.312530
vt -0.012882 0.312132
vt -0.063715 0.354226
vt -0.063385 0.354625
vt 0.205771 0.110655
vt 0.205255 0.110613
vt 0.204787 0.110834
vt 0.204493 0.111260
vt 0.204451 0.111776
vt 0.204672 0.112244
vt 0.205098 0.112538
vt 0.205614 0.112580
vt 0.206082 0.112359
vt 0.206376 0.111933
vt 0.206418 0.111417
vt 0.206197 0.110949
vt -0.206197 0.110949
vt -0.206418 0.111417
vt -0.206376 0.111933
vt -0.206082 0.112359
vt -0.205614 0.112580
vt -0.205098 0.112538
vt -0.204672 0.112244
vt -0.204451 0.111776
vt -0.204493 0.111260
vt -0.204787 0.110834
vt -0.205255 0.110613
vt -0.205771 0.110655
vt 0.177087 0.243609
vt 0.176577 0.243521
vt 0.165540 0.307577
vt 0.166050 0.307665
vt 0.247144 0.059125
vt 0.246761 0.059474
vt 0.290486 0.107569
vt 0.290869 0.107220
vt 0.198168 0.076523
vt 0.197910 0.076972
vt 0.254322 0.109263
vt 0.254579 0.108814
vt 0.152483 0.168855
vt 0.152262 0.169323
vt 0.211034 0.197088
vt 0.211255 0.196620
vt 0.101406 0.259849
vt 0.101167 0.260308
vt 0.158812 0.290343
vt 0.159051 0.289884
vt 0.014808 0.311374
vt 0.014478 0.311773
vt 0.064541 0.353230
vt 0.064871 0.352831
vt -0.176577 0.243521
vt -0.177087 0.243609
vt -0.166050 0.307665
vt -0.165540 0.307577
vt -0.246761 0.059474
vt -0.247144 0.059125
vt -0.290869 0.107220
vt -0.290486 0.107569
vt -0.197910 0.076972
vt -0.198168 0.076523
vt -0.254579 0.108814
vt -0.254322 0.109263
vt -0.152262 0.169323
vt -0.152483 0.168855
vt -0.211255 0.196620
vt -0.211034 0.197088
vt -0.101167 0.260308
vt -0.101406 0.259849
vt -0.159051 0.289884
vt -0.158812 0.290343
vt -0.014478 0.311773
vt -0.014808 0.311374
vt -0.064871 0.352831
vt -0.064541 0.353230
vt 0.208125 0.104063
vt 0.207609 0.104021
vt 0.207141 0.104242
vt 0.206847 0.104668
vt 0.206805 0.105184
vt 0.207027 0.105652
vt 0.207452 0.105946
vt 0.207968 0.105988
vt 0.208436 0.105766
vt 0.208731 0.105341
vt 0.208772 0.104825
vt 0.208551 0.104357
vt -0.208551 0.104357
vt -0.208772 0.104825
vt -0.208731 0.105341
vt -0.208436 0.105767
vt -0.207968 0.105988
vt -0.207452 0.105946
vt -0.207027 0.105652
vt -0.206805 0.105184
vt -0.206847 0.104668
vt -0.207141 0.104242
vt -0.207609 0.104021
vt -0.208125 0.104063
vt 0.178787 0.242887
vt 0.178277 0.242799
vt 0.167070 0.307840
vt 0.167580 0.307928
vt 0.249611 0.055531
vt 0.249228 0.055880
vt 0.293625 0.104715
vt 0.294008 0.104366
vt 0.200179 0.070997
vt 0.199922 0.071446
vt 0.257201 0.104234
vt 0.257459 0.103784
vt 0.154055 0.163188
vt 0.153834 0.163656
vt 0.213510 0.191848
vt 0.213731 0.191380
vt 0.102480 0.255625
vt 0.102241 0.256084
vt 0.160773 0.286580
vt 0.161012 0.286121
vt 0.015028 0.309540
vt 0.014698 0.309939
vt 0.065531 0.352034
vt 0.065861 0.351635
vt -0.178277 0.242799
vt -0.178788 0.242887
vt -0.167580 0.307928
vt -0.167070 0.307840
vt -0.249228 0.055880
vt -0.249611 0.055531
vt -0.294008 0.104366
vt -0.293625 0.104715
vt -0.199922 0.071446
vt -0.200179 0.070997
vt -0.257459 0.103784
vt -0.257201 0.104234
vt -0.153834 0.163656
vt -0.154055 0.163188
vt -0.213731 0.191380
vt -0.213510 0.191848
vt -0.102241 0.256084
vt -0.102480 0.255625
vt -0.161012 0.286121
vt -0.160773 0.286580
vt -0.014698 0.309939
vt -0.015028 0.309540
vt -0.065861 0.351635
vt -0.065531 0.352034
vt 0.210143 0.098412
vt 0.209627 0.098370
vt 0.209159 0.098592
vt 0.208865 0.099017
vt 0.208823 0.099533
vt 0.209045 0.100001
vt 0.209470 0.100295
vt 0.209986 0.100337
vt 0.210454 0.100116
vt 0.210748 0.099690
vt 0.210791 0.099174
vt 0.210569 0.098706
vt -0.210569 0.098706
vt -0.210791 0.099174
vt -0.210748 0.099690
vt -0.210454 0.100116
vt -0.209986 0.100338
vt -0.209470 0.100296
vt -0.209045 0.100001
vt -0.208823 0.099534
vt -0.208865 0.099018
vt -0.209159 0.098592
vt -0.209627 0.098370
vt -0.210143 0.098412
vt 0.180148 0.244136
vt 0.179638 0.244048
vt 0.168600 0.308104
vt 0.169110 0.308192
vt 0.253423 0.053417
vt 0.253040 0.053766
vt 0.296764 0.101861
vt 0.297148 0.101512
vt 0.203926 0.066463
vt 0.203669 0.066913
vt 0.260080 0.099204
vt 0.260338 0.098755
vt 0.157435 0.158375
vt 0.157214 0.158843
vt 0.215985 0.186608
vt 0.216206 0.186140
vt 0.105327 0.252324
vt 0.105088 0.252783
vt 0.162733 0.282818
vt 0.162972 0.282359
vt 0.016789 0.308982
vt 0.016459 0.309381
vt 0.066522 0.350838
vt 0.066852 0.350439
vt -0.179638 0.244048
vt -0.180148 0.244136
vt -0.169111 0.308192
vt -0.168600 0.308104
vt -0.253040 0.053766
vt -0.253422 0.053417
vt -0.297148 0.101512
vt -0.296764 0.101861
vt -0.203669 0.066913
vt -0.203926 0.066463
vt -0.260338 0.098755
vt -0.260080 0.099204
vt -0.157214 0.158843
vt -0.157435 0.158375
vt -0.216206 0.186140
vt -0.215985 0.186608
vt -0.105088 0.252783
vt -0.105327 0.252324
vt -0.162972 0.282359
vt -0.162733 0.282818
vt -0.016459 0.309381
vt -0.016789 0.308982
vt -0.066852 0.350439
vt -0.066522 0.350838
vt 0.212161 0.092762
vt 0.211645 0.092720
vt 0.211177 0.092941
vt 0.210883 0.093367
vt 0.210841 0.093883
vt 0.211063 0.094351
vt 0.211488 0.094645
vt 0.212004 0.094687
vt 0.212472 0.094466
vt 0.212766 0.094040
vt 0.212809 0.093524
vt 0.212587 0.093056
vt -0.212587 0.093056
vt -0.212809 0.093524
vt -0.212766 0.094040
vt -0.212472 0.094466
vt -0.212004 0.094687
vt -0.211488 0.094645
vt -0.211063 0.094351
vt -0.210841 0.093883
vt -0.210883 0.093367
vt -0.211177 0.092941
vt -0.211645 0.092720
vt -0.212161 0.092762
vt 0.181848 0.243414
vt 0.181338 0.243326
vt 0.170131 0.308368
vt 0.170641 0.308456
vt 0.255889 0.049824
vt 0.255506 0.050172
vt 0.299904 0.099007
vt 0.300287 0.098658
vt 0.205937 0.060937
vt 0.205680 0.061386
vt 0.262960 0.094174
vt 0.263217 0.093725
vt 0.159006 0.152707
vt 0.158785 0.153175
vt 0.218461 0.181368
vt 0.218682 0.180900
vt 0.106401 0.248100
vt 0.106162 0.248559
vt 0.164693 0.279055
vt 0.164933 0.278596
vt 0.017009 0.307148
vt 0.016679 0.307547
vt 0.067512 0.349642
vt 0.067842 0.349243
vt -0.181338 0.243326
vt -0.181848 0.243414
vt -0.170641 0.308456
vt -0.170131 0.308368
vt -0.255506 0.050172
vt -0.255889 0.049823
vt -0.300287 0.098658
vt -0.299904 0.099007
vt -0.205680 0.061386
vt -0.205937 0.060937
vt -0.263217 0.093725
vt -0.262960 0.094174
vt -0.158785 0.153175
vt -0.159006 0.152707
vt -0.218682 0.180900
vt -0.218461 0.181368
vt -0.106162 0.248559
vt -0.106401 0.248100
vt -0.164933 0.278596
vt -0.164693 0.279055
vt -0.016679 0.307547
vt -0.017009 0.307148
vt -0.067842 0.349243
vt -0.067512 0.349642
vt 0.214179 0.087111
vt 0.213663 0.087069
vt 0.213195 0.087291
vt 0.212901 0.087716
vt 0.212859 0.088232
vt 0.213081 0.088700
vt 0.213507 0.088995
vt 0.214022 0.089037
vt 0.214490 0.088815
vt 0.214785 0.088389
vt 0.214827 0.087873
vt 0.214605 0.087405
vt -0.214605 0.087406
vt -0.214826 0.087873
vt -0.214785 0.088389
vt -0.214490 0.088815
vt -0.214022 0.089037
vt -0.213506 0.088995
vt -0.213081 0.088700
vt -0.212859 0.088233
vt -0.212901 0.087717
vt -0.213195 0.087291
vt -0.213663 0.087069
vt -0.214179 0.087111
vt -0.067020 0.078987
vt -0.068134 0.076630
vt -0.071777 0.078351
vt -0.070664 0.080709
vt -0.036012 0.135048
vt -0.037216 0.132736
vt -0.040790 0.134598
vt -0.039585 0.136910
vt 0.014197 0.165055
vt 0.012534 0.163047
vt 0.009430 0.165617
vt 0.011093 0.167625
vt 0.115141 0.115568
vt 0.112572 0.115126
vt 0.111888 0.119097
vt 0.114457 0.119539
vt 0.133527 0.006103
vt 0.131598 0.007857
vt 0.134308 0.010839
vt 0.136237 0.009085
vt 0.097408 0.019727
vt 0.096113 0.021990
vt 0.099610 0.023992
vt 0.100905 0.021729
vt 0.068134 0.076630
vt 0.067020 0.078987
vt 0.070664 0.080709
vt 0.071777 0.078351
vt 0.037216 0.132736
vt 0.036012 0.135048
vt 0.039585 0.136910
vt 0.040790 0.134598
vt -0.012534 0.163047
vt -0.014197 0.165055
vt -0.011093 0.167625
vt -0.009430 0.165617
vt -0.112572 0.115126
vt -0.115141 0.115568
vt -0.114457 0.119539
vt -0.111888 0.119097
vt -0.131597 0.007857
vt -0.133527 0.006103
vt -0.136237 0.009085
vt -0.134308 0.010839
vt -0.096113 0.021990
vt -0.097408 0.019727
vt -0.100905 0.021729
vt -0.099610 0.023992
vt 0.132733 0.053737
vt 0.132944 0.051138
vt 0.131828 0.048782
vt 0.129683 0.047299
vt 0.127085 0.047088
vt 0.124729 0.048204
vt 0.123246 0.050349
vt 0.123034 0.052947
vt 0.124151 0.055303
vt 0.126295 0.056786
vt 0.128894 0.056998
vt 0.131250 0.055881
vt -0.131250 0.055881
vt -0.128894 0.056998
vt -0.126295 0.056786
vt -0.124151 0.055303
vt -0.123034 0.052947
vt -0.123246 0.050349
vt -0.124729 0.048204
vt -0.127085 0.047088
vt -0.129683 0.047299
vt -0.131828 0.048782
vt -0.132944 0.051138
vt -0.132733 0.053737
vt 0.163136 0.001917
vt 0.240308 -0.053486
vt 0.237976 -0.056735
vt 0.160804 -0.001332
vt -0.237976 -0.056735
vt -0.240308 -0.053486
vt -0.163136 0.001917
vt -0.160804 -0.001332
vt 0.181374 -0.166961
vt 0.149277 -0.258496
vt 0.059629 -0.227061
vt 0.091726 -0.135525
vt -0.059629 -0.227061
vt -0.149277 -0.258496
vt -0.181374 -0.166961
vt -0.091726 -0.135525
vt -0.168671 -0.134120
vt -0.172265 -0.132365
vt -0.129694 -0.045206
vt -0.126100 -0.046961
vt 0.129694 -0.045206
vt 0.172265 -0.132365
vt 0.168671 -0.134120
vt 0.126100 -0.046961
vt -0.046982 0.069521
vt -0.048096 0.067163
vt -0.051739 0.068885
vt -0.050625 0.071242
vt -0.016358 0.124808
vt -0.017562 0.122496
vt -0.021136 0.124358
vt -0.019931 0.126670
vt 0.031266 0.150920
vt 0.029603 0.148912
vt 0.026499 0.151482
vt 0.028162 0.153490
vt 0.118905 0.093728
vt 0.116335 0.093286
vt 0.115651 0.097257
vt 0.118220 0.097699
vt 0.118619 -0.010295
vt 0.116689 -0.008541
vt 0.119400 -0.005559
vt 0.121329 -0.007313
vt 0.078175 0.008718
vt 0.076879 0.010980
vt 0.080376 0.012982
vt 0.081672 0.010719
vt 0.048096 0.067163
vt 0.046982 0.069521
vt 0.050625 0.071242
vt 0.051739 0.068885
vt 0.017562 0.122496
vt 0.016358 0.124808
vt 0.019931 0.126670
vt 0.021136 0.124358
vt -0.029603 0.148912
vt -0.031266 0.150920
vt -0.028162 0.153490
vt -0.026499 0.151482
vt -0.116335 0.093286
vt -0.118905 0.093728
vt -0.118220 0.097699
vt -0.115651 0.097257
vt -0.116689 -0.008541
vt -0.118619 -0.010295
vt -0.121329 -0.007313
vt -0.119400 -0.005559
vt -0.076879 0.010980
vt -0.078175 0.008718
vt -0.081672 0.010719
vt -0.080376 0.012982
vt 0.132944 0.051138
vt 0.129683 0.047299
vt 0.127085 0.047088
vt 0.124729 0.048204
vt 0.123246 0.050349
vt 0.123034 0.052947
vt 0.128894 0.056998
vt 0.131250 0.055881
vt -0.131250 0.055881
vt -0.123034 0.052947
vt -0.123246 0.050349
vt -0.124729 0.048204
vt -0.127085 0.047088
vt -0.129683 0.047299
vt -0.131828 0.048782
vt -0.135710 -0.074224
vt -0.136815 -0.076564
vt -0.140432 -0.074856
vt -0.139326 -0.072515
vt -0.153946 -0.098527
vt -0.155142 -0.100823
vt -0.158689 -0.098974
vt -0.157494 -0.096679
vt -0.165199 -0.056815
vt -0.166850 -0.058808
vt -0.169931 -0.056257
vt -0.168280 -0.054263
vt -0.113438 0.072795
vt -0.115989 0.072355
vt -0.116668 0.076297
vt -0.114117 0.076737
vt 0.044383 0.082635
vt 0.042468 0.084376
vt 0.045159 0.087336
vt 0.047074 0.085595
vt 0.108971 -0.007192
vt 0.107685 -0.004946
vt 0.111156 -0.002958
vt 0.112442 -0.005205
vt 0.136815 -0.076564
vt 0.135710 -0.074224
vt 0.139326 -0.072515
vt 0.140432 -0.074856
vt 0.155142 -0.100823
vt 0.153946 -0.098527
vt 0.157494 -0.096679
vt 0.158689 -0.098974
vt 0.166850 -0.058808
vt 0.165199 -0.056815
vt 0.168280 -0.054263
vt 0.169931 -0.056257
vt 0.115989 0.072355
vt 0.113438 0.072795
vt 0.114117 0.076736
vt 0.116668 0.076297
vt -0.042468 0.084376
vt -0.044384 0.082635
vt -0.047074 0.085595
vt -0.045159 0.087336
vt -0.107685 -0.004946
vt -0.108971 -0.007192
vt -0.112442 -0.005205
vt -0.111156 -0.002958
vt -0.085429 -0.132449
vt -0.085219 -0.135029
vt -0.086327 -0.137368
vt -0.088456 -0.138840
vt -0.091036 -0.139050
vt -0.093375 -0.137942
vt -0.094847 -0.135813
vt -0.095057 -0.133233
vt -0.093949 -0.130894
vt -0.091820 -0.129422
vt -0.089240 -0.129212
vt -0.086901 -0.130320
vt 0.086901 -0.130320
vt 0.089240 -0.129212
vt 0.091820 -0.129422
vt 0.093949 -0.130894
vt 0.095057 -0.133233
vt 0.094847 -0.135813
vt 0.093375 -0.137942
vt 0.091036 -0.139050
vt 0.088456 -0.138840
vt 0.086327 -0.137368
vt 0.085219 -0.135029
vt 0.085429 -0.132449
vt -0.074665 -0.053409
vt -0.075556 -0.055295
vt -0.196696 0.001935
vt -0.195805 0.003821
vt -0.056004 -0.010758
vt -0.056968 -0.012608
vt -0.175785 0.049300
vt -0.174822 0.051149
vt -0.022231 0.043232
vt -0.023562 0.041626
vt -0.126751 0.127077
vt -0.125421 0.128684
vt 0.060223 0.055732
vt 0.058167 0.055377
vt 0.035417 0.187410
vt 0.037472 0.187764
vt 0.104315 -0.034430
vt 0.102772 -0.033027
vt 0.192898 0.066106
vt 0.194441 0.064703
vt 0.091088 -0.069159
vt 0.090052 -0.067349
vt 0.206328 -0.000791
vt 0.207364 -0.002601
vt 0.075556 -0.055295
vt 0.074665 -0.053409
vt 0.195805 0.003821
vt 0.196696 0.001935
vt 0.056968 -0.012608
vt 0.056004 -0.010758
vt 0.174822 0.051149
vt 0.175785 0.049299
vt 0.023562 0.041626
vt 0.022231 0.043232
vt 0.125421 0.128684
vt 0.126751 0.127077
vt -0.058167 0.055377
vt -0.060223 0.055732
vt -0.037473 0.187764
vt -0.035417 0.187410
vt -0.102772 -0.033027
vt -0.104315 -0.034430
vt -0.194441 0.064703
vt -0.192898 0.066106
vt -0.090052 -0.067349
vt -0.091088 -0.069159
vt -0.207364 -0.002601
vt -0.206328 -0.000791
vt -0.202446 -0.042928
vt -0.201953 -0.041312
vt -0.199842 -0.041749
vt -0.200451 -0.043744
vt -0.076744 -0.072391
vt -0.074859 -0.071498
vt -0.072781 -0.071667
vt -0.071065 -0.072853
vt -0.070172 -0.074738
vt -0.070341 -0.076817
vt -0.071527 -0.078533
vt -0.073412 -0.079426
vt -0.075491 -0.079256
vt -0.077207 -0.078070
vt -0.078100 -0.076185
vt -0.077930 -0.074106
vt 0.071892 0.195350
vt 0.073196 0.194277
vt 0.071986 0.192494
vt 0.070375 0.193819
vt 0.191854 0.073149
vt 0.192307 0.071522
vt 0.190293 0.070754
vt 0.189733 0.072763
vt 0.203812 0.028961
vt 0.204335 0.027354
vt 0.202356 0.026501
vt 0.201710 0.028484
vt 0.207844 0.009136
vt 0.208565 0.007608
vt 0.206708 0.006513
vt 0.205818 0.008400
vt 0.201459 0.025408
vt 0.202494 0.024073
vt 0.200920 0.022601
vt 0.199641 0.024249
vt 0.162657 0.086973
vt 0.164126 0.086138
vt 0.163238 0.084175
vt 0.161424 0.085205
vt 0.052129 0.146680
vt 0.053809 0.146853
vt 0.054227 0.144739
vt 0.052152 0.144525
vt -0.068251 0.115010
vt -0.066921 0.116053
vt -0.065441 0.114486
vt -0.067083 0.113199
vt -0.132883 0.042143
vt -0.131959 0.043558
vt -0.130054 0.042551
vt -0.131193 0.040804
vt -0.165564 -0.020090
vt -0.164916 -0.018530
vt -0.162858 -0.019170
vt -0.163658 -0.021096
vt -0.185617 -0.054142
vt -0.185133 -0.052524
vt -0.183020 -0.052949
vt -0.183618 -0.054947
vt -0.095601 -0.163274
vt -0.096175 -0.162184
vt -0.095113 -0.161366
vt -0.094326 -0.162861
vt 0.117605 -0.163714
vt 0.116420 -0.164051
vt 0.115839 -0.162843
vt 0.117464 -0.162381
vt 0.201089 -0.041633
vt 0.200730 -0.042811
vt 0.199400 -0.042646
vt 0.199891 -0.041029
vt 0.203734 -0.017460
vt 0.203845 -0.018686
vt 0.202551 -0.019034
vt 0.202398 -0.017351
vt 0.197989 -0.005456
vt 0.198459 -0.006594
vt 0.197325 -0.007310
vt 0.196681 -0.005748
vt 0.180094 0.020870
vt 0.180910 0.019948
vt 0.180072 0.018901
vt 0.178953 0.020167
vt 0.136762 0.062591
vt 0.137883 0.062082
vt 0.137546 0.060785
vt 0.136008 0.061483
vt 0.060124 0.089679
vt 0.061351 0.089778
vt 0.061686 0.088480
vt 0.060002 0.088344
vt -0.022754 0.068121
vt -0.021716 0.068783
vt -0.020812 0.067793
vt -0.022236 0.066884
vt -0.080918 0.011606
vt -0.080209 0.012614
vt -0.078997 0.012041
vt -0.079969 0.010659
vt -0.113193 -0.050806
vt -0.112831 -0.049629
vt -0.111501 -0.049799
vt -0.111998 -0.051413
vt -0.124279 -0.106163
vt -0.124292 -0.104931
vt -0.122974 -0.104688
vt -0.122956 -0.106378
vt 0.076376 -0.074662
vt 0.076476 -0.075889
vt 0.075949 -0.077002
vt 0.074936 -0.077703
vt 0.073708 -0.077802
vt 0.072595 -0.077275
vt 0.071895 -0.076262
vt 0.071795 -0.075035
vt 0.072322 -0.073921
vt 0.073335 -0.073221
vt 0.074563 -0.073121
vt 0.075676 -0.073648
vt 0.152548 -0.183858
vt 0.150507 -0.185110
vt 0.147803 -0.180430
vt 0.149759 -0.179050
vt 0.207402 -0.153216
vt 0.205159 -0.154054
vt 0.202539 -0.149564
vt 0.204701 -0.148535
vt 0.185314 -0.189227
vt 0.182921 -0.189267
vt 0.181343 -0.184485
vt 0.183728 -0.184277
vt 0.052411 -0.243384
vt 0.050191 -0.242488
vt 0.050669 -0.237518
vt 0.052906 -0.238372
vt -0.100250 -0.214000
vt -0.102261 -0.212702
vt -0.100092 -0.208098
vt -0.098135 -0.209477
vt -0.185373 -0.162145
vt -0.187501 -0.161049
vt -0.184739 -0.156548
vt -0.182705 -0.157811
vt -0.206022 -0.161600
vt -0.208367 -0.161116
vt -0.206035 -0.156159
vt -0.203739 -0.156838
vt -0.129018 -0.222727
vt -0.131369 -0.223180
vt -0.130845 -0.217617
vt -0.128475 -0.217277
vt 0.031463 -0.236431
vt 0.029378 -0.237609
vt 0.027665 -0.232321
vt 0.029734 -0.231118
vt -0.183020 0.008864
vt -0.180745 0.009609
vt -0.178523 0.008718
vt -0.177394 0.006607
vt -0.177886 0.004264
vt -0.179769 0.002785
vt -0.182162 0.002863
vt -0.183945 0.004460
vt -0.184284 0.006830
vt 0.168934 0.013259
vt 0.168837 0.010867
vt 0.167225 0.009097
vt 0.164852 0.008778
vt 0.162829 0.010058
vt 0.162102 0.012339
vt 0.163012 0.014554
vt 0.165132 0.015666
vt 0.167471 0.015154
vt -0.135069 -0.214782
vt -0.132713 -0.214355
vt -0.132985 -0.219807
vt -0.135326 -0.220309
vt -0.208549 -0.161538
vt -0.206205 -0.162026
vt -0.207961 -0.167057
vt -0.210328 -0.166698
vt -0.183906 -0.157764
vt -0.181778 -0.158861
vt -0.184005 -0.163565
vt -0.186187 -0.162580
vt -0.089616 -0.203249
vt -0.087578 -0.204506
vt -0.089406 -0.209312
vt -0.091476 -0.208110
vt 0.059936 -0.229914
vt 0.062176 -0.230759
vt 0.061629 -0.235904
vt 0.059401 -0.235029
vt 0.183542 -0.187300
vt 0.185936 -0.187254
vt 0.187068 -0.192412
vt 0.184675 -0.192348
vt 0.204367 -0.153500
vt 0.206607 -0.152656
vt 0.208769 -0.157623
vt 0.206485 -0.158339
vt 0.142653 -0.178737
vt 0.144703 -0.177500
vt 0.147009 -0.182511
vt 0.144910 -0.183662
vt 0.016374 -0.225163
vt 0.018486 -0.224036
vt 0.019959 -0.229369
vt 0.017839 -0.230481
vt -0.140961 -0.206417
vt -0.138615 -0.205944
vt -0.138727 -0.211869
vt -0.141049 -0.212454
vt -0.210374 -0.167526
vt -0.208007 -0.167885
vt -0.209251 -0.173551
vt -0.211634 -0.173317
vt -0.184344 -0.161172
vt -0.182162 -0.162158
vt -0.183859 -0.167619
vt -0.186073 -0.166709
vt -0.080537 -0.195081
vt -0.078452 -0.196258
vt -0.079904 -0.201790
vt -0.081988 -0.200612
vt 0.070670 -0.216411
vt 0.072916 -0.217240
vt 0.072410 -0.223019
vt 0.070196 -0.222110
vt 0.185908 -0.187664
vt 0.188302 -0.187718
vt 0.189049 -0.193598
vt 0.186662 -0.193415
vt 0.206204 -0.159911
vt 0.208488 -0.159192
vt 0.210128 -0.165003
vt 0.207814 -0.165615
vt 0.138718 -0.175931
vt 0.140821 -0.174787
vt 0.142661 -0.180584
vt 0.140537 -0.181688
vt 0.004410 -0.212493
vt 0.006550 -0.211421
vt 0.007741 -0.217339
vt 0.005622 -0.218452
vt -0.142608 -0.210855
vt -0.140284 -0.210277
vt -0.139995 -0.215657
vt -0.142296 -0.216317
vt -0.212144 -0.172085
vt -0.209762 -0.172328
vt -0.210574 -0.177559
vt -0.212964 -0.177409
vt -0.182314 -0.158503
vt -0.180102 -0.159419
vt -0.181541 -0.164452
vt -0.183775 -0.163591
vt -0.074701 -0.189685
vt -0.072611 -0.190853
vt -0.074060 -0.195887
vt -0.076148 -0.194716
vt 0.073518 -0.216819
vt 0.075737 -0.217718
vt 0.074936 -0.222959
vt 0.072743 -0.221999
vt 0.187575 -0.193576
vt 0.189962 -0.193752
vt 0.190254 -0.199140
vt 0.187875 -0.198869
vt 0.206605 -0.160646
vt 0.208917 -0.160024
vt 0.210171 -0.165356
vt 0.207840 -0.165899
vt 0.134236 -0.171040
vt 0.136361 -0.169938
vt 0.138014 -0.175191
vt 0.135875 -0.176266
vt -0.000361 -0.209171
vt 0.001765 -0.208070
vt 0.003070 -0.213383
vt 0.000961 -0.214516
vt -0.143747 -0.214723
vt -0.141444 -0.214068
vt -0.141075 -0.219529
vt -0.143351 -0.220270
vt -0.213270 -0.176849
vt -0.210881 -0.177006
vt -0.211614 -0.182331
vt -0.214007 -0.182273
vt -0.182592 -0.162076
vt -0.180359 -0.162939
vt -0.181748 -0.168065
vt -0.184004 -0.167262
vt -0.074265 -0.191671
vt -0.072176 -0.192839
vt -0.073623 -0.197950
vt -0.075712 -0.196781
vt 0.074463 -0.219538
vt 0.076658 -0.220493
vt 0.075803 -0.225802
vt 0.073635 -0.224785
vt 0.188800 -0.198082
vt 0.191179 -0.198347
vt 0.191385 -0.203819
vt 0.189019 -0.203455
vt 0.207306 -0.164992
vt 0.209637 -0.164444
vt 0.210819 -0.169879
vt 0.208470 -0.170343
vt 0.134052 -0.173527
vt 0.136190 -0.172451
vt 0.137819 -0.177804
vt 0.135666 -0.178850
vt -0.001089 -0.211136
vt 0.001022 -0.210006
vt 0.002363 -0.215403
vt 0.000270 -0.216564
vt -0.144099 -0.220445
vt -0.141821 -0.219708
vt -0.141071 -0.225454
vt -0.143312 -0.226296
vt -0.214318 -0.180666
vt -0.211925 -0.180731
vt -0.212452 -0.186415
vt -0.214846 -0.186437
vt -0.181022 -0.158360
vt -0.178770 -0.159172
vt -0.180233 -0.164665
vt -0.182493 -0.163876
vt -0.070323 -0.187229
vt -0.068232 -0.188395
vt -0.069993 -0.193852
vt -0.072059 -0.192642
vt 0.075578 -0.222088
vt 0.077748 -0.223100
vt 0.076449 -0.228788
vt 0.074325 -0.227684
vt 0.189415 -0.204291
vt 0.191781 -0.204652
vt 0.191641 -0.210589
vt 0.189293 -0.210125
vt 0.207443 -0.164012
vt 0.209789 -0.163538
vt 0.210914 -0.169428
vt 0.208557 -0.169845
vt 0.130620 -0.168034
vt 0.132772 -0.166984
vt 0.134599 -0.172681
vt 0.132453 -0.173743
vt -0.003859 -0.209767
vt -0.001762 -0.208612
vt -0.000069 -0.214267
vt -0.002125 -0.215493
vt -0.147428 -0.220220
vt -0.145181 -0.219393
vt -0.144223 -0.225525
vt -0.146431 -0.226451
vt -0.215146 -0.186303
vt -0.212752 -0.186289
vt -0.212988 -0.192385
vt -0.215379 -0.192505
vt -0.181262 -0.160982
vt -0.179004 -0.161776
vt -0.180232 -0.167693
vt -0.182509 -0.166954
vt -0.067105 -0.183554
vt -0.065039 -0.184764
vt -0.066706 -0.190590
vt -0.068764 -0.189365
vt 0.080465 -0.218731
vt 0.082596 -0.219821
vt 0.081218 -0.225808
vt 0.079128 -0.224641
vt 0.191011 -0.207729
vt 0.193362 -0.208181
vt 0.192969 -0.214423
vt 0.190642 -0.213861
vt 0.208149 -0.169716
vt 0.210506 -0.169294
vt 0.211338 -0.175581
vt 0.208967 -0.175917
vt 0.129468 -0.167040
vt 0.131612 -0.165974
vt 0.133289 -0.172113
vt 0.131135 -0.173159
vt -0.008683 -0.205203
vt -0.006623 -0.203983
vt -0.004887 -0.210050
vt -0.006918 -0.211317
vt -0.146836 -0.227654
vt -0.144627 -0.226729
vt -0.143409 -0.232853
vt -0.145573 -0.233878
vt -0.215657 -0.190779
vt -0.213266 -0.190666
vt -0.213370 -0.196808
vt -0.215754 -0.197021
vt -0.180239 -0.159977
vt -0.177965 -0.160726
vt -0.179249 -0.166684
vt -0.181538 -0.165981
vt -0.065635 -0.183434
vt -0.063578 -0.184660
vt -0.065450 -0.190490
vt -0.067491 -0.189239
vt 0.079949 -0.224203
vt 0.082040 -0.225368
vt 0.080381 -0.231357
vt 0.078337 -0.230110
vt 0.191061 -0.214542
vt 0.193389 -0.215100
vt 0.192769 -0.221395
vt 0.190470 -0.220727
vt 0.208112 -0.170658
vt 0.210481 -0.170312
vt 0.211271 -0.176668
vt 0.208892 -0.176935
vt 0.127710 -0.165443
vt 0.129861 -0.164392
vt 0.131672 -0.170546
vt 0.129517 -0.171587
vt -0.009103 -0.207747
vt -0.007070 -0.206481
vt -0.005091 -0.212516
vt -0.007088 -0.213837
vt -0.148394 -0.231029
vt -0.146227 -0.230013
vt -0.144871 -0.235971
vt -0.146991 -0.237084
vt -0.216064 -0.196177
vt -0.213678 -0.195971
vt -0.213566 -0.201984
vt -0.215941 -0.202287
vt -0.180013 -0.161580
vt -0.177727 -0.162290
vt -0.178830 -0.168156
vt -0.181129 -0.167489
vt -0.063581 -0.181732
vt -0.061541 -0.182985
vt -0.063347 -0.188706
vt -0.065371 -0.187427
vt 0.082320 -0.225160
vt 0.084368 -0.226400
vt 0.082635 -0.232237
vt 0.080637 -0.230918
vt 0.191783 -0.219646
vt 0.194085 -0.220304
vt 0.193270 -0.226446
vt 0.191001 -0.225683
vt 0.208291 -0.174615
vt 0.210669 -0.174340
vt 0.211237 -0.180586
vt 0.208851 -0.180786
vt 0.126609 -0.164624
vt 0.128761 -0.163576
vt 0.130440 -0.169627
vt 0.128283 -0.170667
vt -0.011673 -0.206780
vt -0.009675 -0.205461
vt -0.007694 -0.211353
vt -0.009655 -0.212726
vt -0.151598 -0.231981
vt -0.149472 -0.230881
vt -0.147893 -0.237117
vt -0.149965 -0.238317
vt -0.216336 -0.201786
vt -0.213960 -0.201494
vt -0.213550 -0.207806
vt -0.215911 -0.208205
vt -0.179721 -0.163902
vt -0.177424 -0.164576
vt -0.178298 -0.170785
vt -0.180610 -0.170164
vt -0.060415 -0.178096
vt -0.058394 -0.179380
vt -0.060149 -0.185422
vt -0.062157 -0.184119
vt 0.086988 -0.223135
vt 0.088992 -0.224447
vt 0.087125 -0.230550
vt 0.085175 -0.229161
vt 0.193088 -0.223597
vt 0.195362 -0.224345
vt 0.194273 -0.230752
vt 0.192039 -0.229893
vt 0.208246 -0.179753
vt 0.210631 -0.179545
vt 0.210908 -0.186125
vt 0.208516 -0.186246
vt 0.125182 -0.163181
vt 0.127335 -0.162133
vt 0.128881 -0.168553
vt 0.126721 -0.169585
vt -0.016275 -0.202994
vt -0.014313 -0.201621
vt -0.012260 -0.207833
vt -0.014185 -0.209258
vt -0.157806 -0.229186
vt -0.155724 -0.228003
vt -0.153915 -0.234084
vt -0.155939 -0.235362
vt -0.216409 -0.207943
vt -0.214046 -0.207559
vt -0.213134 -0.213732
vt -0.215478 -0.214219
vt -0.178758 -0.164312
vt -0.176448 -0.164943
vt -0.176797 -0.171122
vt -0.179120 -0.170541
vt -0.052839 -0.167020
vt -0.050840 -0.168338
vt -0.052336 -0.174370
vt -0.054319 -0.173029
vt 0.096660 -0.215217
vt 0.098614 -0.216599
vt 0.096673 -0.222599
vt 0.094776 -0.221139
vt 0.195189 -0.226486
vt 0.197431 -0.227326
vt 0.195952 -0.233572
vt 0.193753 -0.232625
vt 0.207822 -0.185212
vt 0.210213 -0.185082
vt 0.209923 -0.191576
vt 0.207530 -0.191624
vt 0.121632 -0.156544
vt 0.123784 -0.155497
vt 0.124914 -0.161913
vt 0.122755 -0.162947
vt -0.026496 -0.191925
vt -0.024576 -0.190494
vt -0.022616 -0.196642
vt -0.024496 -0.198125
vt -0.162671 -0.228682
vt -0.160641 -0.227413
vt -0.158641 -0.233478
vt -0.160610 -0.234839
vt -0.215982 -0.213665
vt -0.213635 -0.213192
vt -0.212367 -0.219331
vt -0.214688 -0.219918
vt -0.177460 -0.166841
vt -0.175140 -0.167432
vt -0.175096 -0.173624
vt -0.177434 -0.173109
vt -0.047296 -0.160258
vt -0.045322 -0.161613
vt -0.046603 -0.167675
vt -0.048575 -0.166317
vt 0.104405 -0.210554
vt 0.106302 -0.212014
vt 0.104325 -0.217971
vt 0.102481 -0.216444
vt 0.196852 -0.229631
vt 0.199058 -0.230562
vt 0.197318 -0.236717
vt 0.195162 -0.235676
vt 0.206674 -0.191249
vt 0.209067 -0.191190
vt 0.208367 -0.197652
vt 0.205974 -0.197607
vt 0.118892 -0.153504
vt 0.121045 -0.152456
vt 0.121865 -0.158943
vt 0.119695 -0.159954
vt -0.034297 -0.184952
vt -0.032426 -0.183459
vt -0.030501 -0.189661
vt -0.032342 -0.191191
vt -0.167030 -0.229211
vt -0.165057 -0.227856
vt -0.163276 -0.232769
vt -0.165191 -0.234207
vt -0.215124 -0.219261
vt -0.212800 -0.218688
vt -0.211503 -0.223651
vt -0.213803 -0.224317
vt -0.175737 -0.169130
vt -0.173401 -0.169656
vt -0.173083 -0.174727
vt -0.175430 -0.174250
vt -0.041672 -0.153755
vt -0.039712 -0.155130
vt -0.040649 -0.160144
vt -0.042597 -0.158751
vt 0.111342 -0.207633
vt 0.113181 -0.209166
vt 0.111465 -0.214054
vt 0.109682 -0.212456
vt 0.197867 -0.233454
vt 0.200028 -0.234483
vt 0.198372 -0.239500
vt 0.196257 -0.238378
vt 0.205043 -0.196214
vt 0.207437 -0.196247
vt 0.206563 -0.201536
vt 0.204172 -0.201425
vt 0.115825 -0.150145
vt 0.117988 -0.149118
vt 0.118445 -0.154475
vt 0.116275 -0.155487
vt -0.041807 -0.179025
vt -0.039977 -0.177481
vt -0.038414 -0.182569
vt -0.040205 -0.184158
vt -0.169429 -0.232149
vt -0.167514 -0.230713
vt -0.165002 -0.236622
vt -0.166844 -0.238152
vt -0.214041 -0.222615
vt -0.211739 -0.221959
vt -0.209815 -0.227952
vt -0.212080 -0.228728
vt -0.172861 -0.163787
vt -0.170518 -0.164281
vt -0.169927 -0.170471
vt -0.172285 -0.170056
vt -0.034242 -0.143872
vt -0.032313 -0.145290
vt -0.033528 -0.151396
vt -0.035452 -0.149972
vt 0.116897 -0.206582
vt 0.118673 -0.208187
vt 0.116319 -0.214048
vt 0.114608 -0.212373
vt 0.198032 -0.237635
vt 0.200151 -0.238749
vt 0.197794 -0.244745
vt 0.195739 -0.243518
vt 0.203222 -0.196095
vt 0.205615 -0.196194
vt 0.204244 -0.202600
vt 0.201859 -0.202392
vt 0.110699 -0.140433
vt 0.112858 -0.139397
vt 0.113356 -0.145967
vt 0.111181 -0.146967
vt -0.049360 -0.173185
vt -0.047584 -0.171580
vt -0.045453 -0.177759
vt -0.047191 -0.179406
vt -0.175860 -0.231025
vt -0.174019 -0.229494
vt -0.171722 -0.234332
vt -0.173492 -0.235944
vt -0.212425 -0.228327
vt -0.210153 -0.227571
vt -0.208183 -0.232447
vt -0.210422 -0.233294
vt -0.170523 -0.165194
vt -0.168167 -0.165622
vt -0.167240 -0.170754
vt -0.169603 -0.170371
vt -0.024559 -0.131143
vt -0.022663 -0.132605
vt -0.023522 -0.137778
vt -0.025398 -0.136290
vt 0.127842 -0.201150
vt 0.129533 -0.202845
vt 0.127412 -0.207736
vt 0.125789 -0.205975
vt 0.199144 -0.240780
vt 0.201208 -0.241993
vt 0.198919 -0.246927
vt 0.196912 -0.245622
vt 0.200733 -0.201454
vt 0.203120 -0.201647
vt 0.201535 -0.206929
vt 0.199156 -0.206659
vt 0.106130 -0.132830
vt 0.108293 -0.131805
vt 0.108371 -0.137328
vt 0.106204 -0.138344
vt -0.062106 -0.162694
vt -0.060401 -0.161014
vt -0.058626 -0.166177
vt -0.060282 -0.167907
vt -0.172132 -0.240687
vt -0.170362 -0.239075
vt -0.167893 -0.243644
vt -0.169596 -0.245328
vt -0.210391 -0.229911
vt -0.208153 -0.229061
vt -0.206153 -0.233755
vt -0.208357 -0.234690
vt -0.167122 -0.155083
vt -0.164762 -0.155485
vt -0.164031 -0.160489
vt -0.166398 -0.160132
vt -0.021064 -0.128943
vt -0.019201 -0.130446
vt -0.020373 -0.135388
vt -0.022220 -0.133865
vt 0.124916 -0.209816
vt 0.126540 -0.211575
vt 0.124204 -0.216174
vt 0.122643 -0.214358
vt 0.196284 -0.247462
vt 0.198289 -0.248770
vt 0.195899 -0.253453
vt 0.193950 -0.252062
vt 0.198714 -0.196141
vt 0.201093 -0.196404
vt 0.199579 -0.201515
vt 0.197209 -0.201179
vt 0.101348 -0.124190
vt 0.103503 -0.123147
vt 0.103863 -0.128479
vt 0.101702 -0.129510
vt -0.061990 -0.167216
vt -0.060339 -0.165483
vt -0.058291 -0.170359
vt -0.059898 -0.172133
vt 0.098980 -0.120943
vt 0.096823 -0.121982
vt 0.096719 -0.115538
vt 0.098866 -0.114478
vt 0.196171 -0.206259
vt 0.193814 -0.205841
vt 0.196062 -0.199906
vt 0.198435 -0.200225
vt 0.195833 -0.256698
vt 0.193951 -0.255219
vt 0.197049 -0.249826
vt 0.199008 -0.251202
vt 0.133608 -0.213569
vt 0.132158 -0.211664
vt 0.135041 -0.206264
vt 0.136574 -0.208102
vt -0.010846 -0.124413
vt -0.012639 -0.122827
vt -0.011385 -0.116859
vt -0.009575 -0.118426
vt -0.161032 -0.161116
vt -0.163407 -0.160812
vt -0.164720 -0.154793
vt -0.162355 -0.155164
vt -0.203572 -0.238526
vt -0.205736 -0.239549
vt -0.208555 -0.233938
vt -0.206343 -0.233024
vt -0.172588 -0.244324
vt -0.174198 -0.246095
vt -0.177496 -0.240609
vt -0.175795 -0.238925
vt -0.070026 -0.162972
vt -0.071534 -0.164831
vt -0.074126 -0.158907
vt -0.072562 -0.157095
vt -0.182358 -0.256049
vt -0.181599 -0.253778
vt -0.179559 -0.252527
vt -0.177191 -0.252879
vt -0.175603 -0.254672
vt -0.175540 -0.257065
vt -0.177029 -0.258939
vt -0.179375 -0.259418
vt -0.181480 -0.258276
vt 0.188073 -0.245855
vt 0.186007 -0.247064
vt 0.183647 -0.246661
vt 0.182097 -0.244836
vt 0.182084 -0.242442
vt 0.183613 -0.240599
vt 0.185969 -0.240170
vt 0.188048 -0.241356
vt 0.188880 -0.243601
vt -0.178236 -0.245570
vt -0.176628 -0.243797
vt -0.173658 -0.248578
vt -0.175199 -0.250410
vt -0.205763 -0.237899
vt -0.203591 -0.236891
vt -0.200990 -0.241791
vt -0.203126 -0.242872
vt -0.161866 -0.156451
vt -0.159493 -0.156770
vt -0.158194 -0.162125
vt -0.160572 -0.161846
vt -0.008073 -0.115901
vt -0.006298 -0.117506
vt -0.007454 -0.122917
vt -0.009213 -0.121292
vt 0.137500 -0.210596
vt 0.138936 -0.212512
vt 0.136170 -0.217387
vt 0.134799 -0.215424
vt 0.195540 -0.254445
vt 0.197428 -0.255916
vt 0.194476 -0.260784
vt 0.192644 -0.259243
vt 0.192714 -0.203347
vt 0.195074 -0.203749
vt 0.192923 -0.209089
vt 0.190574 -0.208623
vt 0.094416 -0.115662
vt 0.096566 -0.114608
vt 0.096565 -0.120374
vt 0.094411 -0.121419
vt -0.078060 -0.160255
vt -0.076575 -0.158377
vt -0.074264 -0.163603
vt -0.075703 -0.165517
vt -0.177741 -0.264284
vt -0.177024 -0.261999
vt -0.175006 -0.260711
vt -0.172633 -0.261020
vt -0.171013 -0.262784
vt -0.170906 -0.265175
vt -0.172361 -0.267076
vt -0.174698 -0.267597
vt -0.176823 -0.266494
vt -0.176068 -0.252132
vt -0.174528 -0.250299
vt -0.171610 -0.254918
vt -0.173082 -0.256806
vt -0.203109 -0.240796
vt -0.200969 -0.239723
vt -0.198457 -0.244489
vt -0.200562 -0.245630
vt -0.159419 -0.158467
vt -0.157043 -0.158757
vt -0.155840 -0.163976
vt -0.158221 -0.163720
vt -0.009032 -0.120628
vt -0.007274 -0.122253
vt -0.008464 -0.127501
vt -0.010201 -0.125854
vt 0.135416 -0.217468
vt 0.136785 -0.219431
vt 0.134040 -0.224143
vt 0.132737 -0.222134
vt 0.193128 -0.259201
vt 0.194962 -0.260739
vt 0.192074 -0.265464
vt 0.190296 -0.263860
vt 0.189842 -0.204889
vt 0.192193 -0.205343
vt 0.190137 -0.210547
vt 0.187798 -0.210035
vt 0.093408 -0.118821
vt 0.095559 -0.117769
vt 0.095622 -0.123368
vt 0.093470 -0.124416
vt -0.076204 -0.166091
vt -0.074766 -0.164176
vt -0.072461 -0.169222
vt -0.073850 -0.171171
vt -0.173667 -0.271542
vt -0.172983 -0.269248
vt -0.170985 -0.267930
vt -0.168606 -0.268205
vt -0.166961 -0.269944
vt -0.166819 -0.272334
vt -0.168246 -0.274256
vt -0.170575 -0.274811
vt -0.172716 -0.273739
vt -0.179242 -0.253998
vt -0.177774 -0.252107
vt -0.175132 -0.256827
vt -0.176551 -0.258755
vt -0.200240 -0.247442
vt -0.198120 -0.246330
vt -0.195738 -0.251147
vt -0.197841 -0.252290
vt -0.158819 -0.179855
vt -0.156438 -0.180106
vt -0.155061 -0.185302
vt -0.157441 -0.185050
vt -0.015742 -0.132892
vt -0.013983 -0.134515
vt -0.014763 -0.139873
vt -0.016491 -0.138215
vt 0.138120 -0.220801
vt 0.139407 -0.222819
vt 0.136920 -0.227692
vt 0.135690 -0.225639
vt 0.192769 -0.262078
vt 0.194560 -0.263667
vt 0.191869 -0.268487
vt 0.190113 -0.266860
vt 0.186086 -0.219413
vt 0.188430 -0.219900
vt 0.186389 -0.225048
vt 0.184049 -0.224544
vt 0.099124 -0.141388
vt 0.101293 -0.140375
vt 0.100943 -0.145880
vt 0.098784 -0.146915
vt -0.075209 -0.170880
vt -0.073825 -0.168927
vt -0.071947 -0.174059
vt -0.073280 -0.176048
vt -0.171766 -0.276341
vt -0.171085 -0.274046
vt -0.169089 -0.272725
vt -0.166710 -0.272996
vt -0.165062 -0.274733
vt -0.164916 -0.277122
vt -0.166341 -0.279047
vt -0.168669 -0.279606
vt -0.170811 -0.278537
vt -0.175365 -0.261292
vt -0.173945 -0.259365
vt -0.171299 -0.263992
vt -0.172672 -0.265954
vt -0.197892 -0.250323
vt -0.195790 -0.249177
vt -0.193475 -0.253946
vt -0.195563 -0.255118
vt -0.157298 -0.180354
vt -0.154917 -0.180608
vt -0.153683 -0.185770
vt -0.156063 -0.185509
vt -0.017592 -0.138292
vt -0.015860 -0.139944
vt -0.016783 -0.145212
vt -0.018481 -0.143524
vt 0.133570 -0.228838
vt 0.134807 -0.230888
vt 0.132268 -0.235657
vt 0.131088 -0.233574
vt 0.189730 -0.267239
vt 0.191484 -0.268869
vt 0.188818 -0.273619
vt 0.187095 -0.271957
vt 0.184150 -0.220288
vt 0.186490 -0.220794
vt 0.184555 -0.225900
vt 0.182218 -0.225381
vt 0.098729 -0.143881
vt 0.100888 -0.142846
vt 0.100694 -0.148277
vt 0.098548 -0.149338
vt -0.071048 -0.178383
vt -0.069706 -0.176400
vt -0.067745 -0.181414
vt -0.069034 -0.183431
vt -0.170308 -0.280686
vt -0.169628 -0.278391
vt -0.167631 -0.277070
vt -0.165252 -0.277342
vt -0.163605 -0.279079
vt -0.163459 -0.281468
vt -0.164884 -0.283392
vt -0.167212 -0.283951
vt -0.169354 -0.282882
vt -0.156408 -0.278412
vt -0.155046 -0.276443
vt -0.151987 -0.281449
vt -0.153286 -0.283460
vt -0.195630 -0.247222
vt -0.193571 -0.246000
vt -0.191392 -0.251378
vt -0.193417 -0.252655
vt -0.154578 -0.166462
vt -0.152200 -0.166738
vt -0.151815 -0.172499
vt -0.154196 -0.172252
vt -0.027661 -0.155515
vt -0.025926 -0.157165
vt -0.027745 -0.162666
vt -0.029465 -0.161000
vt 0.108730 -0.248285
vt 0.109959 -0.250339
vt 0.106927 -0.255347
vt 0.105757 -0.253258
vt 0.181425 -0.275436
vt 0.183109 -0.277138
vt 0.180294 -0.282351
vt 0.178664 -0.280597
vt 0.183505 -0.206747
vt 0.185838 -0.207286
vt 0.184396 -0.213084
vt 0.182076 -0.212497
vt 0.097089 -0.143382
vt 0.099230 -0.142311
vt 0.100093 -0.148227
vt 0.097949 -0.149293
vt -0.047805 -0.200168
vt -0.046440 -0.198200
vt -0.043708 -0.203471
vt -0.045033 -0.205465
vt -0.167637 -0.286694
vt -0.166979 -0.284392
vt -0.164996 -0.283051
vt -0.162614 -0.283299
vt -0.160949 -0.285019
vt -0.160780 -0.287407
vt -0.162185 -0.289346
vt -0.164508 -0.289928
vt -0.166661 -0.288880
vt -0.165163 -0.277281
vt -0.163851 -0.275279
vt -0.160320 -0.279675
vt -0.161554 -0.281726
vt -0.193530 -0.250867
vt -0.191496 -0.249604
vt -0.188577 -0.254344
vt -0.190572 -0.255667
vt -0.151877 -0.145460
vt -0.149499 -0.145734
vt -0.148401 -0.151167
vt -0.150783 -0.150918
vt -0.000237 -0.120583
vt 0.001349 -0.122377
vt -0.000581 -0.127612
vt -0.002136 -0.125791
vt 0.128432 -0.241812
vt 0.129554 -0.243927
vt 0.126096 -0.248405
vt 0.125052 -0.246251
vt 0.181763 -0.278508
vt 0.183417 -0.280239
vt 0.179965 -0.284830
vt 0.178375 -0.283040
vt 0.182257 -0.202024
vt 0.184576 -0.202615
vt 0.182287 -0.207938
vt 0.179980 -0.207297
vt 0.083277 -0.105012
vt 0.085365 -0.103841
vt 0.085939 -0.109600
vt 0.083855 -0.110778
vt -0.076938 -0.182102
vt -0.075737 -0.180031
vt -0.072673 -0.184868
vt -0.073813 -0.186974
vt -0.164459 -0.292133
vt -0.163820 -0.289826
vt -0.161848 -0.288468
vt -0.159465 -0.288696
vt -0.157786 -0.290403
vt -0.157596 -0.292790
vt -0.158986 -0.294740
vt -0.161303 -0.295341
vt -0.163465 -0.294311
vt -0.193511 -0.000416
vt -0.191303 0.000511
vt -0.189016 -0.000199
vt -0.187721 -0.002212
vt -0.188022 -0.004587
vt -0.189780 -0.006213
vt -0.192171 -0.006328
vt -0.194077 -0.004880
vt -0.194606 -0.002545
vt -0.203724 -0.020800
vt -0.201619 -0.019659
vt -0.199273 -0.020138
vt -0.197784 -0.022013
vt -0.197848 -0.024406
vt -0.199435 -0.026198
vt -0.201803 -0.026550
vt -0.203844 -0.025298
vt -0.204602 -0.023027
vt -0.209646 -0.037592
vt -0.207631 -0.036298
vt -0.205257 -0.036603
vt -0.203633 -0.038362
vt -0.203520 -0.040754
vt -0.204971 -0.042658
vt -0.207307 -0.043184
vt -0.209434 -0.042086
vt -0.210358 -0.039878
vt -0.214373 -0.055972
vt -0.212464 -0.054527
vt -0.210073 -0.054647
vt -0.208319 -0.056276
vt -0.208022 -0.058652
vt -0.209322 -0.060663
vt -0.211610 -0.061367
vt -0.213815 -0.060437
vt -0.214907 -0.058306
vt -0.217166 -0.076011
vt -0.215355 -0.074446
vt -0.212961 -0.074412
vt -0.211105 -0.075924
vt -0.210655 -0.078276
vt -0.211823 -0.080366
vt -0.214061 -0.081217
vt -0.216322 -0.080431
vt -0.217549 -0.078375
vt -0.218785 -0.096674
vt -0.217093 -0.094980
vt -0.214708 -0.094770
vt -0.212746 -0.096143
vt -0.212126 -0.098455
vt -0.213136 -0.100625
vt -0.215306 -0.101638
vt -0.217619 -0.101019
vt -0.218993 -0.099059
vt -0.219061 -0.116418
vt -0.217481 -0.114620
vt -0.215114 -0.114258
vt -0.213069 -0.115502
vt -0.212301 -0.117770
vt -0.213171 -0.120000
vt -0.215272 -0.121150
vt -0.217619 -0.120681
vt -0.219116 -0.118812
vt -0.218306 -0.134741
vt -0.216829 -0.132857
vt -0.214486 -0.132364
vt -0.212374 -0.133491
vt -0.211481 -0.135713
vt -0.212225 -0.137988
vt -0.214257 -0.139253
vt -0.216628 -0.138916
vt -0.218227 -0.137134
vt -0.216377 -0.153708
vt -0.215011 -0.151742
vt -0.212701 -0.151114
vt -0.210527 -0.152118
vt -0.209508 -0.154284
vt -0.210119 -0.156599
vt -0.212075 -0.157979
vt -0.214461 -0.157779
vt -0.216160 -0.156093
vt -0.213422 -0.171337
vt -0.212156 -0.169305
vt -0.209880 -0.168562
vt -0.207659 -0.169455
vt -0.206532 -0.171567
vt -0.207026 -0.173910
vt -0.208910 -0.175387
vt -0.211303 -0.175307
vt -0.213085 -0.173708
vt -0.208809 -0.189654
vt -0.207661 -0.187553
vt -0.205432 -0.186681
vt -0.203163 -0.187446
vt -0.201917 -0.189490
vt -0.202276 -0.191857
vt -0.204073 -0.193439
vt -0.206467 -0.193496
vt -0.208337 -0.192001
vt -0.204671 -0.203949
vt -0.203607 -0.201805
vt -0.201413 -0.200846
vt -0.199116 -0.201522
vt -0.197791 -0.203515
vt -0.198057 -0.205895
vt -0.199791 -0.207546
vt -0.202180 -0.207697
vt -0.204107 -0.206276
vt -0.198438 -0.220749
vt -0.197481 -0.218555
vt -0.195338 -0.217488
vt -0.193010 -0.218049
vt -0.191588 -0.219975
vt -0.191736 -0.222364
vt -0.193386 -0.224100
vt -0.195765 -0.224369
vt -0.197760 -0.223046
vt -0.193494 -0.233172
vt -0.192605 -0.230950
vt -0.190495 -0.229819
vt -0.188151 -0.230309
vt -0.186671 -0.232190
vt -0.186746 -0.234583
vt -0.188343 -0.236368
vt -0.190712 -0.236709
vt -0.192747 -0.235447
vt -0.188880 -0.243601
vt -0.188048 -0.241356
vt -0.185969 -0.240170
vt -0.183613 -0.240599
vt -0.182084 -0.242442
vt -0.182097 -0.244836
vt -0.183647 -0.246661
vt -0.186007 -0.247064
vt -0.188073 -0.245855
vt -0.082529 -0.011293
vt -0.083623 -0.013660
vt -0.087280 -0.011969
vt -0.086186 -0.009603
vt -0.130766 -0.101576
vt -0.131953 -0.103897
vt -0.135541 -0.102062
vt -0.134354 -0.099741
vt -0.190112 -0.121694
vt -0.191762 -0.123713
vt -0.194881 -0.121163
vt -0.193231 -0.119144
vt -0.229694 0.033540
vt -0.232267 0.033119
vt -0.232917 0.037096
vt -0.230344 0.037517
vt -0.074600 0.166445
vt -0.076500 0.168231
vt -0.073740 0.171166
vt -0.071840 0.169381
vt 0.027170 0.095313
vt 0.025900 0.097590
vt 0.029418 0.099553
vt 0.030689 0.097277
vt 0.083623 -0.013660
vt 0.082529 -0.011293
vt 0.086186 -0.009603
vt 0.087280 -0.011969
vt 0.131953 -0.103897
vt 0.130766 -0.101576
vt 0.134354 -0.099741
vt 0.135541 -0.102062
vt 0.191762 -0.123713
vt 0.190112 -0.121694
vt 0.193231 -0.119144
vt 0.194881 -0.121162
vt 0.232267 0.033119
vt 0.229694 0.033540
vt 0.230344 0.037517
vt 0.232917 0.037096
vt 0.076500 0.168231
vt 0.074600 0.166445
vt 0.071840 0.169381
vt 0.073740 0.171166
vt -0.025900 0.097590
vt -0.027170 0.095313
vt -0.030689 0.097277
vt -0.029418 0.099553
vt -0.213704 -0.061162
vt -0.213507 -0.063762
vt -0.214637 -0.066111
vt -0.216790 -0.067581
vt -0.221740 -0.066648
vt -0.223210 -0.064495
vt -0.217524 -0.057879
vt -0.215174 -0.059009
vt 0.220124 -0.058075
vt 0.216790 -0.067581
vt -0.108276 -0.094046
vt -0.109166 -0.095932
vt -0.319459 0.002009
vt -0.318569 0.003895
vt -0.040864 0.048402
vt -0.041828 0.046552
vt -0.248210 0.152488
vt -0.247246 0.154337
vt 0.064276 0.171441
vt 0.062950 0.169831
vt -0.116886 0.316373
vt -0.115560 0.317983
vt 0.261937 0.105862
vt 0.259883 0.105504
vt 0.219362 0.333920
vt 0.221417 0.334278
vt 0.264443 -0.163795
vt 0.262908 -0.162382
vt 0.419966 0.008348
vt 0.421501 0.006936
vt 0.175359 -0.191577
vt 0.174328 -0.189764
vt 0.376325 -0.075689
vt 0.377356 -0.077502
vt 0.109187 -0.095922
vt 0.108297 -0.094036
vt 0.318590 0.003905
vt 0.319481 0.002019
vt 0.041828 0.046552
vt 0.040864 0.048402
vt 0.247246 0.154338
vt 0.248210 0.152488
vt -0.062969 0.169816
vt -0.064295 0.171426
vt 0.115542 0.317968
vt 0.116868 0.316358
vt -0.259890 0.105463
vt -0.261945 0.105821
vt -0.221424 0.334237
vt -0.219369 0.333879
vt -0.262876 -0.162418
vt -0.264411 -0.163830
vt -0.421469 0.006900
vt -0.419934 0.008312
vt -0.174292 -0.189784
vt -0.175323 -0.191597
vt -0.377321 -0.077523
vt -0.376289 -0.075710
vt -0.343682 -0.214334
vt -0.343188 -0.212718
vt -0.341078 -0.213155
vt -0.341687 -0.215150
vt -0.287616 -0.106482
vt -0.285731 -0.105590
vt -0.283652 -0.105759
vt -0.281936 -0.106945
vt -0.281043 -0.108830
vt -0.281213 -0.110909
vt -0.282399 -0.112624
vt -0.284284 -0.113517
vt -0.286362 -0.113348
vt -0.288078 -0.112162
vt -0.288971 -0.110277
vt -0.288802 -0.108198
vt -0.009515 0.421732
vt -0.008210 0.420658
vt -0.009421 0.418875
vt -0.011031 0.420200
vt 0.301327 0.262365
vt 0.301781 0.260738
vt 0.299767 0.259970
vt 0.299206 0.261979
vt 0.352929 0.138608
vt 0.353452 0.137001
vt 0.351473 0.136148
vt 0.350827 0.138131
vt 0.389601 0.037005
vt 0.390321 0.035477
vt 0.388465 0.034382
vt 0.387575 0.036269
vt 0.417198 0.004601
vt 0.418233 0.003266
vt 0.416659 0.001794
vt 0.415381 0.003443
vt 0.402819 0.094354
vt 0.404288 0.093519
vt 0.403400 0.091556
vt 0.401587 0.092586
vt 0.248796 0.254487
vt 0.250476 0.254661
vt 0.250894 0.252546
vt 0.248819 0.252332
vt 0.018846 0.251672
vt 0.020176 0.252714
vt 0.021656 0.251147
vt 0.020014 0.249861
vt -0.129951 0.109532
vt -0.129028 0.110947
vt -0.127123 0.109940
vt -0.128262 0.108194
vt -0.216880 -0.055420
vt -0.216231 -0.053860
vt -0.214173 -0.054500
vt -0.214974 -0.056427
vt -0.278417 -0.181544
vt -0.277933 -0.179925
vt -0.275820 -0.180351
vt -0.276418 -0.182349
vt -0.042300 -0.367081
vt -0.042874 -0.365991
vt -0.041812 -0.365173
vt -0.041025 -0.366668
vt 0.349008 -0.221875
vt 0.347823 -0.222212
vt 0.347242 -0.221004
vt 0.348867 -0.220542
vt 0.419216 0.051790
vt 0.418858 0.050612
vt 0.417527 0.050777
vt 0.418019 0.052394
vt 0.415630 0.060105
vt 0.415742 0.058878
vt 0.414447 0.058530
vt 0.414294 0.060213
vt 0.420418 0.029799
vt 0.420888 0.028661
vt 0.419755 0.027945
vt 0.419110 0.029507
vt 0.416573 0.031457
vt 0.417389 0.030534
vt 0.416551 0.029487
vt 0.415432 0.030753
vt 0.374371 0.089748
vt 0.375493 0.089239
vt 0.375156 0.087942
vt 0.373617 0.088640
vt 0.262003 0.157676
vt 0.263231 0.157775
vt 0.263565 0.156477
vt 0.261881 0.156341
vt 0.111917 0.141231
vt 0.112956 0.141894
vt 0.113859 0.140903
vt 0.112435 0.139994
vt -0.008781 0.031824
vt -0.008072 0.032831
vt -0.006860 0.032258
vt -0.007833 0.030877
vt -0.082368 -0.115024
vt -0.082005 -0.113847
vt -0.080676 -0.114017
vt -0.081172 -0.115632
vt -0.109197 -0.254665
vt -0.109210 -0.253434
vt -0.107891 -0.253191
vt -0.107874 -0.254880
vt 0.286643 -0.110031
vt 0.286743 -0.111258
vt 0.286216 -0.112371
vt 0.285203 -0.113072
vt 0.283976 -0.113172
vt 0.282862 -0.112644
vt 0.282162 -0.111631
vt 0.282062 -0.110404
vt 0.282589 -0.109291
vt 0.283603 -0.108590
vt 0.284830 -0.108490
vt 0.285943 -0.109017
vt -0.116165 -0.113865
vt -0.117056 -0.115751
vt -0.327349 -0.017809
vt -0.326458 -0.015923
vt -0.068995 -0.009063
vt -0.069959 -0.010912
vt -0.276340 0.095023
vt -0.275376 0.096873
vt 0.008682 0.101292
vt 0.007356 0.099682
vt -0.172481 0.246224
vt -0.171155 0.247834
vt 0.172500 0.088761
vt 0.170445 0.088403
vt 0.129924 0.316819
vt 0.131979 0.317177
vt 0.213426 -0.118514
vt 0.211891 -0.117102
vt 0.368948 0.053628
vt 0.370483 0.052216
vt 0.160984 -0.168593
vt 0.159953 -0.166780
vt 0.361950 -0.052706
vt 0.362981 -0.054519
vt 0.117077 -0.115741
vt 0.116186 -0.113855
vt 0.326480 -0.015913
vt 0.327370 -0.017799
vt 0.069958 -0.010912
vt 0.068995 -0.009062
vt 0.275376 0.096873
vt 0.276340 0.095023
vt -0.007374 0.099666
vt -0.008700 0.101276
vt 0.171137 0.247818
vt 0.172463 0.246208
vt -0.170452 0.088363
vt -0.172507 0.088721
vt -0.131987 0.317137
vt -0.129932 0.316779
vt -0.211859 -0.117137
vt -0.213394 -0.118549
vt -0.370451 0.052181
vt -0.368916 0.053593
vt -0.159917 -0.166800
vt -0.160948 -0.168613
vt -0.362945 -0.054539
vt -0.361914 -0.052726
vt -0.343412 -0.143108
vt -0.342919 -0.141493
vt -0.340808 -0.141929
vt -0.341417 -0.143924
vt -0.198598 -0.135089
vt -0.196713 -0.134196
vt -0.194634 -0.134365
vt -0.192918 -0.135551
vt -0.192025 -0.137436
vt -0.192195 -0.139515
vt -0.193381 -0.141231
vt -0.195266 -0.142124
vt -0.197344 -0.141955
vt -0.199060 -0.140769
vt -0.199953 -0.138884
vt -0.199784 -0.136805
vt 0.064492 0.368382
vt 0.065796 0.367309
vt 0.064586 0.365526
vt 0.062975 0.366851
vt 0.314926 0.173250
vt 0.315380 0.171623
vt 0.313366 0.170855
vt 0.312806 0.172864
vt 0.348969 0.070047
vt 0.349493 0.068440
vt 0.347514 0.067587
vt 0.346867 0.069570
vt 0.368941 0.003725
vt 0.369662 0.002197
vt 0.367805 0.001102
vt 0.366916 0.002989
vt 0.375040 0.006182
vt 0.376075 0.004847
vt 0.374501 0.003375
vt 0.373222 0.005023
vt 0.331887 0.107574
vt 0.333356 0.106739
vt 0.332468 0.104775
vt 0.330655 0.105805
vt 0.159141 0.236336
vt 0.160821 0.236510
vt 0.161239 0.234395
vt 0.159164 0.234181
vt -0.056417 0.202626
vt -0.055087 0.203668
vt -0.053608 0.202101
vt -0.055249 0.200814
vt -0.183317 0.067979
vt -0.182394 0.069394
vt -0.180488 0.068387
vt -0.181628 0.066640
vt -0.252626 -0.063623
vt -0.251978 -0.062063
vt -0.249920 -0.062703
vt -0.250720 -0.064629
vt -0.298752 -0.147189
vt -0.298267 -0.145570
vt -0.296155 -0.145995
vt -0.296752 -0.147994
vt -0.109601 -0.325440
vt -0.110175 -0.324350
vt -0.109113 -0.323532
vt -0.108326 -0.325027
vt 0.264856 -0.258826
vt 0.263672 -0.259162
vt 0.263091 -0.257954
vt 0.264716 -0.257492
vt 0.375241 -0.028374
vt 0.374882 -0.029553
vt 0.373552 -0.029387
vt 0.374044 -0.027771
vt 0.376273 -0.007700
vt 0.376384 -0.008927
vt 0.375090 -0.009275
vt 0.374936 -0.007592
vt 0.372982 -0.012823
vt 0.373452 -0.013962
vt 0.372319 -0.014677
vt 0.371674 -0.013116
vt 0.354345 0.012612
vt 0.355161 0.011690
vt 0.354322 0.010643
vt 0.353204 0.011909
vt 0.294663 0.079134
vt 0.295785 0.078626
vt 0.295448 0.077328
vt 0.293909 0.078026
vt 0.172462 0.135395
vt 0.173689 0.135494
vt 0.174024 0.134196
vt 0.172340 0.134060
vt 0.027709 0.106831
vt 0.028747 0.107493
vt 0.029650 0.106503
vt 0.028226 0.105594
vt -0.080667 0.004202
vt -0.079958 0.005209
vt -0.078746 0.004636
vt -0.079718 0.003254
vt -0.143743 -0.118417
vt -0.143381 -0.117239
vt -0.142051 -0.117409
vt -0.142548 -0.119024
vt -0.166139 -0.228179
vt -0.166152 -0.226948
vt -0.164834 -0.226705
vt -0.164816 -0.228394
vt 0.197625 -0.138637
vt 0.197725 -0.139865
vt 0.197198 -0.140978
vt 0.196185 -0.141678
vt 0.194957 -0.141778
vt 0.193844 -0.141251
vt 0.193144 -0.140238
vt 0.193044 -0.139010
vt 0.193571 -0.137897
vt 0.194585 -0.137197
vt 0.195812 -0.137097
vt 0.196925 -0.137624
vt -0.176905 -0.160712
vt -0.178011 -0.163053
vt -0.181628 -0.161344
vt -0.180522 -0.159004
vt -0.186961 -0.161234
vt -0.188157 -0.163529
vt -0.191704 -0.161681
vt -0.190508 -0.159386
vt -0.182619 -0.077375
vt -0.184270 -0.079368
vt -0.187351 -0.076817
vt -0.185700 -0.074823
vt -0.089647 0.077203
vt -0.092197 0.076763
vt -0.092877 0.080705
vt -0.090326 0.081144
vt 0.095533 0.036544
vt 0.093618 0.038285
vt 0.096309 0.041245
vt 0.098224 0.039504
vt 0.156459 -0.089541
vt 0.155173 -0.087295
vt 0.158645 -0.085308
vt 0.159930 -0.087554
vt 0.178011 -0.163053
vt 0.176905 -0.160712
vt 0.180522 -0.159004
vt 0.181628 -0.161344
vt 0.188157 -0.163529
vt 0.186961 -0.161234
vt 0.190508 -0.159386
vt 0.191704 -0.161681
vt 0.184270 -0.079368
vt 0.182619 -0.077375
vt 0.185700 -0.074823
vt 0.187351 -0.076817
vt 0.092197 0.076763
vt 0.089647 0.077202
vt 0.090326 0.081144
vt 0.092877 0.080705
vt -0.093618 0.038285
vt -0.095533 0.036544
vt -0.098224 0.039504
vt -0.096309 0.041245
vt -0.155173 -0.087295
vt -0.156459 -0.089541
vt -0.159930 -0.087554
vt -0.158645 -0.085308
vt -0.053542 -0.225968
vt -0.053332 -0.228548
vt -0.054440 -0.230887
vt -0.056569 -0.232359
vt -0.059149 -0.232569
vt -0.061488 -0.231461
vt -0.062960 -0.229332
vt -0.063170 -0.226752
vt -0.062062 -0.224413
vt -0.059933 -0.222941
vt -0.057353 -0.222731
vt -0.055014 -0.223839
vt 0.055014 -0.223839
vt 0.057353 -0.222731
vt 0.059933 -0.222941
vt 0.062062 -0.224413
vt 0.063170 -0.226752
vt 0.062960 -0.229332
vt 0.061488 -0.231461
vt 0.059149 -0.232569
vt 0.056569 -0.232359
vt 0.054440 -0.230887
vt 0.053332 -0.228548
vt 0.053542 -0.225968
vt -0.199049 -0.060809
vt -0.199270 -0.061277
vt -0.258041 -0.033511
vt -0.257820 -0.033043
vt -0.136781 0.070761
vt -0.137020 0.070302
vt -0.194665 0.100336
vt -0.194426 0.100796
vt -0.029765 0.205510
vt -0.030095 0.205112
vt -0.080158 0.246569
vt -0.079828 0.246968
vt 0.212131 0.192822
vt 0.211621 0.192734
vt 0.200583 0.256790
vt 0.201093 0.256878
vt 0.310452 -0.074114
vt 0.310069 -0.073765
vt 0.353794 -0.025670
vt 0.354177 -0.026019
vt 0.254123 -0.133954
vt 0.253866 -0.133505
vt 0.310277 -0.101214
vt 0.310534 -0.101663
vt 0.199270 -0.061277
vt 0.199049 -0.060809
vt 0.257820 -0.033043
vt 0.258041 -0.033511
vt 0.137020 0.070302
vt 0.136781 0.070761
vt 0.194426 0.100796
vt 0.194665 0.100336
vt 0.030095 0.205112
vt 0.029765 0.205510
vt 0.079828 0.246968
vt 0.080158 0.246569
vt -0.211621 0.192734
vt -0.212131 0.192822
vt -0.201093 0.256878
vt -0.200583 0.256790
vt -0.310069 -0.073765
vt -0.310452 -0.074114
vt -0.354177 -0.026019
vt -0.353794 -0.025670
vt -0.253866 -0.133505
vt -0.254123 -0.133954
vt -0.310534 -0.101663
vt -0.310277 -0.101214
vt 0.253059 -0.119870
vt 0.253101 -0.120386
vt 0.252880 -0.120854
vt 0.252454 -0.121148
vt 0.251938 -0.121190
vt 0.251470 -0.120969
vt 0.251176 -0.120543
vt 0.251134 -0.120027
vt 0.251355 -0.119559
vt 0.251781 -0.119265
vt 0.252297 -0.119223
vt 0.252765 -0.119444
vt -0.252765 -0.119445
vt -0.252297 -0.119223
vt -0.251781 -0.119265
vt -0.251355 -0.119559
vt -0.251134 -0.120027
vt -0.251176 -0.120543
vt -0.251470 -0.120969
vt -0.251938 -0.121190
vt -0.252454 -0.121148
vt -0.252880 -0.120854
vt -0.253101 -0.120386
vt -0.253059 -0.119870
vt -0.205370 -0.071848
vt -0.205591 -0.072316
vt -0.264363 -0.044551
vt -0.264141 -0.044083
vt -0.153678 0.040496
vt -0.153917 0.040037
vt -0.211562 0.070071
vt -0.211323 0.070530
vt -0.060723 0.169694
vt -0.061053 0.169296
vt -0.111116 0.210753
vt -0.110786 0.211152
vt 0.165318 0.185770
vt 0.164808 0.185682
vt 0.153770 0.249738
vt 0.154280 0.249826
vt 0.285488 -0.050066
vt 0.285105 -0.049718
vt 0.328829 -0.001623
vt 0.329212 -0.001971
vt 0.248690 -0.122451
vt 0.248433 -0.122001
vt 0.304845 -0.089710
vt 0.305102 -0.090160
vt 0.205591 -0.072316
vt 0.205370 -0.071848
vt 0.264141 -0.044083
vt 0.264363 -0.044551
vt 0.153917 0.040037
vt 0.153678 0.040496
vt 0.211323 0.070530
vt 0.211562 0.070071
vt 0.061053 0.169296
vt 0.060723 0.169694
vt 0.110786 0.211151
vt 0.111116 0.210753
vt -0.164808 0.185682
vt -0.165318 0.185770
vt -0.154280 0.249826
vt -0.153770 0.249738
vt -0.285105 -0.049718
vt -0.285488 -0.050066
vt -0.329212 -0.001971
vt -0.328829 -0.001623
vt -0.248433 -0.122001
vt -0.248690 -0.122451
vt -0.305102 -0.090160
vt -0.304845 -0.089710
vt 0.206914 -0.136351
vt 0.206956 -0.136867
vt 0.206734 -0.137334
vt 0.206309 -0.137629
vt 0.205793 -0.137671
vt 0.205325 -0.137449
vt 0.205031 -0.137023
vt 0.204989 -0.136507
vt 0.205210 -0.136040
vt 0.205636 -0.135745
vt 0.206152 -0.135703
vt 0.206620 -0.135925
vt -0.206620 -0.135925
vt -0.206152 -0.135703
vt -0.205636 -0.135745
vt -0.205210 -0.136040
vt -0.204988 -0.136508
vt -0.205031 -0.137023
vt -0.205325 -0.137449
vt -0.205793 -0.137671
vt -0.206309 -0.137629
vt -0.206734 -0.137335
vt -0.206956 -0.136867
vt -0.206914 -0.136351
vt -0.205129 -0.073680
vt -0.205350 -0.074148
vt -0.265026 -0.045955
vt -0.264805 -0.045487
vt -0.154751 0.036271
vt -0.154991 0.035812
vt -0.213522 0.066308
vt -0.213283 0.066767
vt -0.063649 0.164593
vt -0.063979 0.164194
vt -0.114812 0.206289
vt -0.114482 0.206688
vt 0.159776 0.183800
vt 0.159266 0.183712
vt 0.148059 0.248754
vt 0.148569 0.248842
vt 0.281675 -0.047952
vt 0.281292 -0.047604
vt 0.325690 0.001231
vt 0.326073 0.000883
vt 0.247051 -0.121600
vt 0.246794 -0.121151
vt 0.304073 -0.088363
vt 0.304330 -0.088812
vt 0.205350 -0.074148
vt 0.205129 -0.073680
vt 0.264805 -0.045487
vt 0.265026 -0.045955
vt 0.154990 0.035812
vt 0.154751 0.036271
vt 0.213283 0.066767
vt 0.213522 0.066308
vt 0.063979 0.164194
vt 0.063649 0.164593
vt 0.114482 0.206688
vt 0.114812 0.206289
vt -0.159266 0.183712
vt -0.159776 0.183800
vt -0.148569 0.248842
vt -0.148059 0.248754
vt -0.281292 -0.047604
vt -0.281675 -0.047952
vt -0.326073 0.000883
vt -0.325690 0.001231
vt -0.246794 -0.121151
vt -0.247051 -0.121600
vt -0.304330 -0.088812
vt -0.304073 -0.088363
vt 0.201264 -0.138369
vt 0.201306 -0.138885
vt 0.201084 -0.139352
vt 0.200658 -0.139647
vt 0.200143 -0.139689
vt 0.199675 -0.139467
vt 0.199380 -0.139041
vt 0.199338 -0.138526
vt 0.199560 -0.138058
vt 0.199986 -0.137763
vt 0.200502 -0.137721
vt 0.200970 -0.137943
vt -0.200969 -0.137943
vt -0.200502 -0.137721
vt -0.199986 -0.137763
vt -0.199560 -0.138058
vt -0.199338 -0.138526
vt -0.199380 -0.139041
vt -0.199675 -0.139467
vt -0.200142 -0.139689
vt -0.200658 -0.139647
vt -0.201084 -0.139353
vt -0.201306 -0.138885
vt -0.201264 -0.138369
vt -0.203802 -0.070871
vt -0.204024 -0.071340
vt -0.263699 -0.043147
vt -0.263478 -0.042679
vt -0.150831 0.043796
vt -0.151070 0.043337
vt -0.209602 0.073834
vt -0.209362 0.074293
vt -0.056256 0.173520
vt -0.056586 0.173122
vt -0.107419 0.215217
vt -0.107089 0.215615
vt 0.171199 0.185768
vt 0.170689 0.185681
vt 0.159482 0.250722
vt 0.159992 0.250810
vt 0.287954 -0.053660
vt 0.287571 -0.053312
vt 0.331969 -0.004477
vt 0.332352 -0.004825
vt 0.248594 -0.124295
vt 0.248337 -0.123846
vt 0.305616 -0.091058
vt 0.305874 -0.091507
vt 0.204023 -0.071339
vt 0.203802 -0.070871
vt 0.263478 -0.042679
vt 0.263699 -0.043147
vt 0.151070 0.043337
vt 0.150831 0.043796
vt 0.209362 0.074293
vt 0.209602 0.073834
vt 0.056586 0.173122
vt 0.056256 0.173520
vt 0.107089 0.215615
vt 0.107419 0.215217
vt -0.170689 0.185681
vt -0.171199 0.185768
vt -0.159992 0.250810
vt -0.159482 0.250722
vt -0.287571 -0.053312
vt -0.287954 -0.053660
vt -0.332352 -0.004825
vt -0.331969 -0.004477
vt -0.248337 -0.123846
vt -0.248594 -0.124295
vt -0.305874 -0.091507
vt -0.305616 -0.091058
vt 0.212565 -0.134333
vt 0.212607 -0.134849
vt 0.212385 -0.135316
vt 0.211959 -0.135611
vt 0.211443 -0.135653
vt 0.210976 -0.135431
vt 0.210681 -0.135005
vt 0.210639 -0.134489
vt 0.210861 -0.134022
vt 0.211287 -0.133727
vt 0.211803 -0.133685
vt 0.212270 -0.133907
vt -0.212270 -0.133907
vt -0.211802 -0.133685
vt -0.211287 -0.133727
vt -0.210861 -0.134022
vt -0.210639 -0.134490
vt -0.210681 -0.135006
vt -0.210975 -0.135431
vt -0.211443 -0.135653
vt -0.211959 -0.135611
vt -0.212385 -0.135317
vt -0.212607 -0.134849
vt -0.212564 -0.134333
vt -0.203933 -0.068806
vt -0.204154 -0.069274
vt -0.262925 -0.041509
vt -0.262704 -0.041041
vt -0.149430 0.048648
vt -0.149669 0.048189
vt -0.207314 0.078223
vt -0.207075 0.078682
vt -0.052714 0.179366
vt -0.053044 0.178967
vt -0.103107 0.220424
vt -0.102777 0.220823
vt 0.177693 0.187902
vt 0.177182 0.187814
vt 0.166145 0.251870
vt 0.166655 0.251958
vt 0.292289 -0.056250
vt 0.291906 -0.055901
vt 0.335631 -0.007806
vt 0.336014 -0.008155
vt 0.250362 -0.125371
vt 0.250105 -0.124922
vt 0.306516 -0.092631
vt 0.306774 -0.093080
vt 0.204154 -0.069274
vt 0.203933 -0.068806
vt 0.262704 -0.041041
vt 0.262925 -0.041509
vt 0.149669 0.048189
vt 0.149430 0.048648
vt 0.207075 0.078682
vt 0.207314 0.078223
vt 0.053044 0.178967
vt 0.052714 0.179366
vt 0.102777 0.220823
vt 0.103107 0.220424
vt -0.177182 0.187814
vt -0.177693 0.187902
vt -0.166655 0.251958
vt -0.166145 0.251870
vt -0.291906 -0.055901
vt -0.292289 -0.056250
vt -0.336014 -0.008155
vt -0.335631 -0.007806
vt -0.250104 -0.124922
vt -0.250362 -0.125371
vt -0.306774 -0.093080
vt -0.306516 -0.092631
vt 0.219157 -0.131978
vt 0.219199 -0.132494
vt 0.218977 -0.132962
vt 0.218551 -0.133256
vt 0.218035 -0.133299
vt 0.217568 -0.133077
vt 0.217273 -0.132651
vt 0.217231 -0.132135
vt 0.217453 -0.131667
vt 0.217879 -0.131373
vt 0.218395 -0.131331
vt 0.218862 -0.131553
vt -0.218862 -0.131553
vt -0.218395 -0.131331
vt -0.217879 -0.131373
vt -0.217453 -0.131667
vt -0.217231 -0.132135
vt -0.217273 -0.132651
vt -0.217568 -0.133077
vt -0.218035 -0.133299
vt -0.218551 -0.133257
vt -0.218977 -0.132962
vt -0.219199 -0.132494
vt -0.219157 -0.131978
vt -0.202365 -0.067829
vt -0.202586 -0.068297
vt -0.262262 -0.040105
vt -0.262041 -0.039637
vt -0.146583 0.051948
vt -0.146822 0.051489
vt -0.205354 0.081986
vt -0.205115 0.082445
vt -0.048247 0.183192
vt -0.048577 0.182793
vt -0.099410 0.224888
vt -0.099080 0.225287
vt 0.183574 0.187901
vt 0.183064 0.187813
vt 0.171856 0.252854
vt 0.172366 0.252942
vt 0.294756 -0.059844
vt 0.294373 -0.059495
vt 0.338770 -0.010660
vt 0.339153 -0.011009
vt 0.250265 -0.127215
vt 0.250008 -0.126766
vt 0.307288 -0.093978
vt 0.307545 -0.094428
vt 0.202586 -0.068297
vt 0.202365 -0.067829
vt 0.262041 -0.039637
vt 0.262262 -0.040105
vt 0.146822 0.051489
vt 0.146583 0.051948
vt 0.205115 0.082445
vt 0.205354 0.081986
vt 0.048577 0.182793
vt 0.048247 0.183192
vt 0.099080 0.225287
vt 0.099410 0.224888
vt -0.183064 0.187813
vt -0.183574 0.187901
vt -0.172366 0.252942
vt -0.171856 0.252854
vt -0.294373 -0.059495
vt -0.294756 -0.059844
vt -0.339153 -0.011009
vt -0.338770 -0.010660
vt -0.250008 -0.126766
vt -0.250265 -0.127215
vt -0.307545 -0.094428
vt -0.307288 -0.093978
vt 0.224807 -0.129960
vt 0.224849 -0.130476
vt 0.224628 -0.130944
vt 0.224202 -0.131238
vt 0.223686 -0.131280
vt 0.223218 -0.131059
vt 0.222924 -0.130633
vt 0.222882 -0.130117
vt 0.223103 -0.129649
vt 0.223529 -0.129355
vt 0.224045 -0.129313
vt 0.224513 -0.129534
vt -0.224513 -0.129535
vt -0.224045 -0.129313
vt -0.223529 -0.129355
vt -0.223103 -0.129649
vt -0.222882 -0.130117
vt -0.222924 -0.130633
vt -0.223218 -0.131059
vt -0.223686 -0.131280
vt -0.224202 -0.131239
vt -0.224628 -0.130944
vt -0.224849 -0.130476
vt -0.224807 -0.129960
vt 0.044571 0.304240
vt 0.045448 0.304791
vt 0.096480 0.223478
vt 0.095603 0.222928
vt 0.341144 -0.008448
vt 0.341880 -0.009176
vt 0.274341 -0.077401
vt 0.273605 -0.076672
vt 0.305750 -0.120194
vt 0.306156 -0.121146
vt 0.217866 -0.158840
vt 0.217460 -0.157888
vt 0.269244 -0.070906
vt 0.269565 -0.071890
vt 0.178294 -0.101650
vt 0.177973 -0.100666
vt 0.231529 0.045677
vt 0.231859 0.044696
vt 0.140879 0.014061
vt 0.140548 0.015042
vt 0.168313 0.189831
vt 0.168762 0.188898
vt 0.082265 0.147253
vt 0.081816 0.148185
vt -0.045448 0.304791
vt -0.044571 0.304240
vt -0.095603 0.222928
vt -0.096480 0.223478
vt -0.341880 -0.009176
vt -0.341144 -0.008448
vt -0.273605 -0.076672
vt -0.274341 -0.077401
vt -0.306156 -0.121146
vt -0.305750 -0.120194
vt -0.217460 -0.157888
vt -0.217866 -0.158840
vt -0.269565 -0.071890
vt -0.269244 -0.070906
vt -0.177973 -0.100666
vt -0.178294 -0.101650
vt -0.231859 0.044696
vt -0.231529 0.045677
vt -0.140548 0.015042
vt -0.140879 0.014061
vt -0.168762 0.188898
vt -0.168312 0.189831
vt -0.081816 0.148185
vt -0.082265 0.147253
vt 0.225396 -0.106437
vt 0.226410 -0.106229
vt 0.227392 -0.106557
vt 0.228079 -0.107331
vt 0.228286 -0.108346
vt 0.227959 -0.109328
vt 0.227185 -0.110015
vt 0.226170 -0.110222
vt 0.225188 -0.109895
vt 0.224501 -0.109120
vt 0.224294 -0.108106
vt 0.224621 -0.107124
vt -0.224621 -0.107124
vt -0.224294 -0.108106
vt -0.224501 -0.109120
vt -0.225188 -0.109895
vt -0.226170 -0.110222
vt -0.227184 -0.110014
vt -0.227959 -0.109328
vt -0.228286 -0.108346
vt -0.228079 -0.107331
vt -0.227392 -0.106557
vt -0.226410 -0.106229
vt -0.225396 -0.106437
vt -0.202606 -0.065998
vt -0.202827 -0.066466
vt -0.261599 -0.038701
vt -0.261378 -0.038233
vt -0.145510 0.056173
vt -0.145749 0.055714
vt -0.203394 0.085748
vt -0.203154 0.086207
vt -0.045321 0.188293
vt -0.045651 0.187895
vt -0.095714 0.229352
vt -0.095384 0.229750
vt 0.189115 0.189871
vt 0.188605 0.189783
vt 0.177568 0.253839
vt 0.178078 0.253926
vt 0.298568 -0.061958
vt 0.298185 -0.061609
vt 0.341910 -0.013514
vt 0.342292 -0.013863
vt 0.251905 -0.128066
vt 0.251648 -0.127617
vt 0.308059 -0.095326
vt 0.308316 -0.095775
vt 0.202827 -0.066466
vt 0.202606 -0.065998
vt 0.261378 -0.038233
vt 0.261599 -0.038701
vt 0.145749 0.055714
vt 0.145510 0.056173
vt 0.203154 0.086207
vt 0.203394 0.085748
vt 0.045651 0.187895
vt 0.045321 0.188293
vt 0.095384 0.229750
vt 0.095714 0.229352
vt -0.188605 0.189783
vt -0.189115 0.189870
vt -0.178078 0.253926
vt -0.177568 0.253839
vt -0.298185 -0.061609
vt -0.298568 -0.061958
vt -0.342292 -0.013863
vt -0.341910 -0.013514
vt -0.251648 -0.127617
vt -0.251905 -0.128066
vt -0.308316 -0.095775
vt -0.308059 -0.095326
vt 0.230458 -0.127942
vt 0.230500 -0.128458
vt 0.230278 -0.128926
vt 0.229852 -0.129221
vt 0.229336 -0.129263
vt 0.228868 -0.129041
vt 0.228574 -0.128615
vt 0.228532 -0.128099
vt 0.228754 -0.127631
vt 0.229180 -0.127337
vt 0.229695 -0.127295
vt 0.230163 -0.127517
vt -0.230163 -0.127517
vt -0.229695 -0.127295
vt -0.229180 -0.127337
vt -0.228754 -0.127631
vt -0.228532 -0.128099
vt -0.228574 -0.128615
vt -0.228868 -0.129041
vt -0.229336 -0.129263
vt -0.229852 -0.129221
vt -0.230278 -0.128926
vt -0.230500 -0.128458
vt -0.230457 -0.127942
vt -0.201038 -0.065021
vt -0.201260 -0.065489
vt -0.260935 -0.037297
vt -0.260714 -0.036829
vt -0.142662 0.059473
vt -0.142901 0.059014
vt -0.201433 0.089511
vt -0.201194 0.089970
vt -0.040854 0.192119
vt -0.041184 0.191721
vt -0.092018 0.233816
vt -0.091687 0.234214
vt 0.194997 0.189869
vt 0.194486 0.189781
vt 0.183279 0.254823
vt 0.183789 0.254911
vt 0.301034 -0.065552
vt 0.300651 -0.065203
vt 0.345049 -0.016368
vt 0.345432 -0.016717
vt 0.251808 -0.129911
vt 0.251551 -0.129462
vt 0.308831 -0.096674
vt 0.309088 -0.097123
vt 0.201260 -0.065489
vt 0.201038 -0.065021
vt 0.260714 -0.036828
vt 0.260935 -0.037297
vt 0.142901 0.059014
vt 0.142662 0.059473
vt 0.201194 0.089970
vt 0.201433 0.089511
vt 0.041184 0.191721
vt 0.040854 0.192119
vt 0.091687 0.234214
vt 0.092018 0.233816
vt -0.194486 0.189781
vt -0.194997 0.189869
vt -0.183789 0.254911
vt -0.183279 0.254823
vt -0.300651 -0.065203
vt -0.301034 -0.065552
vt -0.345432 -0.016717
vt -0.345049 -0.016368
vt -0.251551 -0.129462
vt -0.251808 -0.129911
vt -0.309088 -0.097123
vt -0.308831 -0.096674
vt 0.236108 -0.125924
vt 0.236150 -0.126440
vt 0.235929 -0.126908
vt 0.235503 -0.127202
vt 0.234987 -0.127244
vt 0.234519 -0.127023
vt 0.234225 -0.126597
vt 0.234183 -0.126081
vt 0.234404 -0.125613
vt 0.234830 -0.125319
vt 0.235346 -0.125277
vt 0.235814 -0.125498
vt -0.235814 -0.125499
vt -0.235346 -0.125277
vt -0.234830 -0.125319
vt -0.234404 -0.125613
vt -0.234183 -0.126081
vt -0.234225 -0.126597
vt -0.234519 -0.127023
vt -0.234987 -0.127245
vt -0.235503 -0.127202
vt -0.235929 -0.126908
vt -0.236150 -0.126440
vt -0.236108 -0.125924
vt -0.200375 -0.063617
vt -0.200596 -0.064085
vt -0.259368 -0.036320
vt -0.259147 -0.035852
vt -0.140702 0.063236
vt -0.140941 0.062777
vt -0.198586 0.092811
vt -0.198347 0.093270
vt -0.037158 0.196583
vt -0.037488 0.196184
vt -0.087551 0.237641
vt -0.087221 0.238040
vt 0.200708 0.190853
vt 0.200198 0.190765
vt 0.189160 0.254821
vt 0.189671 0.254909
vt 0.304173 -0.068406
vt 0.303790 -0.068057
vt 0.347515 -0.019962
vt 0.347898 -0.020311
vt 0.252580 -0.131259
vt 0.252323 -0.130809
vt 0.308734 -0.098518
vt 0.308991 -0.098968
vt 0.200596 -0.064085
vt 0.200375 -0.063617
vt 0.259147 -0.035852
vt 0.259368 -0.036320
vt 0.140941 0.062777
vt 0.140702 0.063236
vt 0.198347 0.093270
vt 0.198586 0.092811
vt 0.037488 0.196184
vt 0.037158 0.196583
vt 0.087221 0.238040
vt 0.087551 0.237641
vt -0.200198 0.190765
vt -0.200708 0.190853
vt -0.189671 0.254909
vt -0.189160 0.254821
vt -0.303790 -0.068057
vt -0.304173 -0.068406
vt -0.347898 -0.020311
vt -0.347515 -0.019962
vt -0.252322 -0.130809
vt -0.252580 -0.131259
vt -0.308991 -0.098968
vt -0.308734 -0.098518
vt 0.241758 -0.123906
vt 0.241801 -0.124422
vt 0.241579 -0.124890
vt 0.241153 -0.125184
vt 0.240637 -0.125226
vt 0.240169 -0.125005
vt 0.239875 -0.124579
vt 0.239833 -0.124063
vt 0.240055 -0.123595
vt 0.240480 -0.123301
vt 0.240996 -0.123259
vt 0.241464 -0.123480
vt -0.241464 -0.123481
vt -0.240996 -0.123259
vt -0.240480 -0.123301
vt -0.240055 -0.123595
vt -0.239833 -0.124063
vt -0.239875 -0.124579
vt -0.240169 -0.125005
vt -0.240637 -0.125226
vt -0.241153 -0.125185
vt -0.241579 -0.124890
vt -0.241800 -0.124422
vt -0.241758 -0.123906
vt -0.198808 -0.062640
vt -0.199029 -0.063108
vt -0.258705 -0.034916
vt -0.258483 -0.034447
vt -0.137855 0.066536
vt -0.138094 0.066077
vt -0.196626 0.096574
vt -0.196386 0.097033
vt -0.032691 0.200409
vt -0.033021 0.200010
vt -0.083855 0.242105
vt -0.083524 0.242504
vt 0.206589 0.190852
vt 0.206079 0.190764
vt 0.194872 0.255805
vt 0.195382 0.255893
vt 0.306640 -0.071999
vt 0.306257 -0.071651
vt 0.350655 -0.022816
vt 0.351038 -0.023165
vt 0.252483 -0.133103
vt 0.252226 -0.132654
vt 0.309506 -0.099866
vt 0.309763 -0.100315
vt 0.199029 -0.063108
vt 0.198808 -0.062640
vt 0.258483 -0.034447
vt 0.258704 -0.034915
vt 0.138094 0.066077
vt 0.137855 0.066536
vt 0.196386 0.097033
vt 0.196626 0.096574
vt 0.033021 0.200010
vt 0.032691 0.200409
vt 0.083524 0.242504
vt 0.083855 0.242105
vt -0.206079 0.190764
vt -0.206589 0.190852
vt -0.195382 0.255893
vt -0.194872 0.255805
vt -0.306257 -0.071651
vt -0.306640 -0.071999
vt -0.351038 -0.023164
vt -0.350655 -0.022816
vt -0.252226 -0.132654
vt -0.252483 -0.133103
vt -0.309763 -0.100315
vt -0.309506 -0.099866
vt 0.247409 -0.121888
vt 0.247451 -0.122404
vt 0.247230 -0.122872
vt 0.246804 -0.123166
vt 0.246288 -0.123208
vt 0.245820 -0.122987
vt 0.245526 -0.122561
vt 0.245484 -0.122045
vt 0.245705 -0.121577
vt 0.246131 -0.121283
vt 0.246647 -0.121241
vt 0.247115 -0.121462
vt -0.247115 -0.121463
vt -0.246647 -0.121241
vt -0.246131 -0.121283
vt -0.245705 -0.121577
vt -0.245484 -0.122045
vt -0.245525 -0.122561
vt -0.245820 -0.122987
vt -0.246288 -0.123208
vt -0.246804 -0.123166
vt -0.247229 -0.122872
vt -0.247451 -0.122404
vt -0.247409 -0.121888
vt -0.197481 -0.059832
vt -0.197702 -0.060300
vt -0.257378 -0.032107
vt -0.257157 -0.031639
vt -0.133934 0.074062
vt -0.134173 0.073602
vt -0.192705 0.104099
vt -0.192466 0.104558
vt -0.025298 0.209336
vt -0.025628 0.208938
vt -0.076462 0.251033
vt -0.076132 0.251431
vt 0.218012 0.192820
vt 0.217502 0.192732
vt 0.206295 0.257774
vt 0.206805 0.257862
vt 0.312918 -0.077707
vt 0.312535 -0.077359
vt 0.356933 -0.028524
vt 0.357316 -0.028873
vt 0.254026 -0.135798
vt 0.253769 -0.135349
vt 0.311049 -0.102562
vt 0.311306 -0.103011
vt 0.197702 -0.060300
vt 0.197481 -0.059832
vt 0.257157 -0.031639
vt 0.257378 -0.032107
vt 0.134173 0.073603
vt 0.133934 0.074062
vt 0.192466 0.104558
vt 0.192705 0.104099
vt 0.025629 0.208938
vt 0.025298 0.209336
vt 0.076132 0.251431
vt 0.076462 0.251033
vt -0.217502 0.192732
vt -0.218012 0.192820
vt -0.206805 0.257862
vt -0.206295 0.257774
vt -0.312535 -0.077359
vt -0.312918 -0.077707
vt -0.357316 -0.028872
vt -0.356933 -0.028524
vt -0.253769 -0.135349
vt -0.254026 -0.135798
vt -0.311306 -0.103011
vt -0.311049 -0.102562
vt 0.258710 -0.117852
vt 0.258752 -0.118368
vt 0.258530 -0.118836
vt 0.258105 -0.119130
vt 0.257589 -0.119172
vt 0.257121 -0.118951
vt 0.256827 -0.118525
vt 0.256785 -0.118009
vt 0.257006 -0.117541
vt 0.257432 -0.117247
vt 0.257948 -0.117205
vt 0.258416 -0.117426
vt -0.258415 -0.117426
vt -0.257948 -0.117205
vt -0.257432 -0.117247
vt -0.257006 -0.117541
vt -0.256784 -0.118009
vt -0.256826 -0.118525
vt -0.257121 -0.118951
vt -0.257589 -0.119172
vt -0.258105 -0.119130
vt -0.258530 -0.118836
vt -0.258752 -0.118368
vt -0.258710 -0.117852
vt -0.197611 -0.057766
vt -0.197832 -0.058235
vt -0.256604 -0.030469
vt -0.256383 -0.030001
vt -0.132534 0.078913
vt -0.132773 0.078454
vt -0.190418 0.108489
vt -0.190178 0.108948
vt -0.021756 0.215182
vt -0.022086 0.214783
vt -0.072149 0.256240
vt -0.071819 0.256639
vt 0.224505 0.194954
vt 0.223995 0.194866
vt 0.212958 0.258922
vt 0.213468 0.259010
vt 0.317253 -0.080297
vt 0.316871 -0.079949
vt 0.360595 -0.031854
vt 0.360978 -0.032202
vt 0.255794 -0.136874
vt 0.255537 -0.136425
vt 0.311949 -0.104134
vt 0.312206 -0.104583
vt 0.197832 -0.058234
vt 0.197611 -0.057766
vt 0.256383 -0.030001
vt 0.256604 -0.030469
vt 0.132773 0.078454
vt 0.132534 0.078913
vt 0.190178 0.108948
vt 0.190418 0.108489
vt 0.022086 0.214783
vt 0.021756 0.215182
vt 0.071819 0.256639
vt 0.072149 0.256240
vt -0.223995 0.194866
vt -0.224505 0.194954
vt -0.213468 0.259010
vt -0.212958 0.258922
vt -0.316871 -0.079949
vt -0.317254 -0.080297
vt -0.360978 -0.032202
vt -0.360595 -0.031854
vt -0.255537 -0.136425
vt -0.255794 -0.136874
vt -0.312206 -0.104583
vt -0.311949 -0.104134
vt 0.265302 -0.115498
vt 0.265344 -0.116014
vt 0.265122 -0.116482
vt 0.264697 -0.116776
vt 0.264181 -0.116818
vt 0.263713 -0.116596
vt 0.263418 -0.116171
vt 0.263377 -0.115655
vt 0.263598 -0.115187
vt 0.264024 -0.114892
vt 0.264540 -0.114850
vt 0.265008 -0.115072
vt -0.265008 -0.115072
vt -0.264540 -0.114851
vt -0.264024 -0.114893
vt -0.263598 -0.115187
vt -0.263377 -0.115655
vt -0.263418 -0.116171
vt -0.263713 -0.116596
vt -0.264181 -0.116818
vt -0.264697 -0.116776
vt -0.265122 -0.116482
vt -0.265344 -0.116014
vt -0.265302 -0.115498
vt -0.196044 -0.056790
vt -0.196265 -0.057258
vt -0.255940 -0.029065
vt -0.255719 -0.028597
vt -0.129686 0.082214
vt -0.129926 0.081755
vt -0.188457 0.112251
vt -0.188218 0.112710
vt -0.017289 0.219008
vt -0.017620 0.218609
vt -0.068453 0.260704
vt -0.068123 0.261103
vt 0.230387 0.194952
vt 0.229876 0.194864
vt 0.218669 0.259906
vt 0.219179 0.259994
vt 0.319720 -0.083891
vt 0.319337 -0.083543
vt 0.363735 -0.034708
vt 0.364118 -0.035056
vt 0.255698 -0.138719
vt 0.255441 -0.138269
vt 0.312720 -0.105482
vt 0.312977 -0.105931
vt 0.196265 -0.057257
vt 0.196044 -0.056789
vt 0.255719 -0.028597
vt 0.255940 -0.029065
vt 0.129926 0.081755
vt 0.129686 0.082214
vt 0.188218 0.112710
vt 0.188457 0.112251
vt 0.017620 0.218609
vt 0.017290 0.219008
vt 0.068123 0.261103
vt 0.068453 0.260704
vt -0.229876 0.194864
vt -0.230387 0.194952
vt -0.219179 0.259994
vt -0.218669 0.259906
vt -0.319337 -0.083543
vt -0.319720 -0.083891
vt -0.364118 -0.035056
vt -0.363735 -0.034708
vt -0.255441 -0.138269
vt -0.255698 -0.138719
vt -0.312977 -0.105931
vt -0.312720 -0.105482
vt 0.270953 -0.113480
vt 0.270995 -0.113996
vt 0.270773 -0.114464
vt 0.270347 -0.114758
vt 0.269831 -0.114800
vt 0.269364 -0.114578
vt 0.269069 -0.114152
vt 0.269027 -0.113637
vt 0.269249 -0.113169
vt 0.269675 -0.112874
vt 0.270191 -0.112832
vt 0.270658 -0.113054
vt -0.270658 -0.113054
vt -0.270190 -0.112833
vt -0.269674 -0.112875
vt -0.269249 -0.113169
vt -0.269027 -0.113637
vt -0.269069 -0.114153
vt -0.269363 -0.114578
vt -0.269831 -0.114800
vt -0.270347 -0.114758
vt -0.270773 -0.114464
vt -0.270995 -0.113996
vt -0.270952 -0.113480
vt -0.196285 -0.054958
vt -0.196506 -0.055426
vt -0.255277 -0.027661
vt -0.255056 -0.027193
vt -0.128613 0.086438
vt -0.128852 0.085979
vt -0.186497 0.116014
vt -0.186258 0.116473
vt -0.014363 0.224109
vt -0.014693 0.223711
vt -0.064757 0.265168
vt -0.064426 0.265566
vt 0.235928 0.196922
vt 0.235418 0.196834
vt 0.224381 0.260890
vt 0.224891 0.260978
vt 0.323532 -0.086005
vt 0.323149 -0.085657
vt 0.366874 -0.037562
vt 0.367257 -0.037910
vt 0.257337 -0.139570
vt 0.257080 -0.139120
vt 0.313492 -0.106829
vt 0.313749 -0.107279
vt 0.196506 -0.055426
vt 0.196285 -0.054958
vt 0.255056 -0.027193
vt 0.255277 -0.027661
vt 0.128852 0.085979
vt 0.128613 0.086438
vt 0.186258 0.116473
vt 0.186497 0.116014
vt 0.014693 0.223711
vt 0.014363 0.224109
vt 0.064426 0.265566
vt 0.064757 0.265168
vt -0.235418 0.196834
vt -0.235928 0.196922
vt -0.224891 0.260978
vt -0.224381 0.260890
vt -0.323149 -0.085657
vt -0.323532 -0.086005
vt -0.367257 -0.037910
vt -0.366874 -0.037562
vt -0.257080 -0.139120
vt -0.257337 -0.139570
vt -0.313749 -0.107279
vt -0.313492 -0.106829
vt 0.276603 -0.111462
vt 0.276645 -0.111978
vt 0.276423 -0.112446
vt 0.275997 -0.112740
vt 0.275482 -0.112782
vt 0.275014 -0.112560
vt 0.274719 -0.112135
vt 0.274677 -0.111619
vt 0.274899 -0.111151
vt 0.275325 -0.110857
vt 0.275841 -0.110814
vt 0.276309 -0.111036
vt -0.276309 -0.111036
vt -0.275841 -0.110815
vt -0.275325 -0.110857
vt -0.274899 -0.111151
vt -0.274677 -0.111619
vt -0.274719 -0.112135
vt -0.275014 -0.112561
vt -0.275481 -0.112782
vt -0.275997 -0.112740
vt -0.276423 -0.112446
vt -0.276645 -0.111978
vt -0.276603 -0.111462
vt 0.225595 -0.174396
vt 0.225188 -0.173444
vt 0.311639 -0.136534
vt 0.312046 -0.137487
vt 0.308713 -0.110020
vt 0.307978 -0.109292
vt 0.374109 -0.042489
vt 0.374845 -0.043217
vt 0.150764 0.258727
vt 0.149887 0.258177
vt 0.099919 0.337796
vt 0.100795 0.338346
vt -0.054642 0.206930
vt -0.055091 0.205997
vt -0.139786 0.246774
vt -0.139337 0.247707
vt -0.126377 0.060260
vt -0.126708 0.059279
vt -0.215793 0.089276
vt -0.215463 0.090257
vt -0.173548 -0.083869
vt -0.173869 -0.084853
vt -0.263239 -0.055714
vt -0.262918 -0.054729
vt -0.225188 -0.173444
vt -0.225595 -0.174396
vt -0.312046 -0.137487
vt -0.311639 -0.136534
vt -0.307978 -0.109292
vt -0.308713 -0.110020
vt -0.374845 -0.043217
vt -0.374109 -0.042489
vt -0.149887 0.258177
vt -0.150764 0.258727
vt -0.100795 0.338346
vt -0.099919 0.337796
vt 0.055091 0.205997
vt 0.054642 0.206930
vt 0.139337 0.247707
vt 0.139786 0.246774
vt 0.126708 0.059279
vt 0.126377 0.060260
vt 0.215463 0.090257
vt 0.215793 0.089276
vt 0.173869 -0.084853
vt 0.173548 -0.083869
vt 0.262918 -0.054729
vt 0.263239 -0.055714
vt -0.288006 -0.077368
vt -0.287319 -0.076593
vt -0.286337 -0.076266
vt -0.285322 -0.076473
vt -0.284548 -0.077160
vt -0.284220 -0.078142
vt -0.284428 -0.079157
vt -0.285115 -0.079931
vt -0.286097 -0.080259
vt -0.287111 -0.080051
vt -0.287886 -0.079364
vt -0.288213 -0.078382
vt 0.288213 -0.078382
vt 0.287886 -0.079364
vt 0.287111 -0.080051
vt 0.286097 -0.080259
vt 0.285115 -0.079931
vt 0.284428 -0.079157
vt 0.284220 -0.078143
vt 0.284548 -0.077160
vt 0.285322 -0.076473
vt 0.286337 -0.076266
vt 0.287319 -0.076593
vt 0.288006 -0.077368
vt -0.194717 -0.053981
vt -0.194938 -0.054449
vt -0.254614 -0.026257
vt -0.254393 -0.025789
vt -0.125766 0.089739
vt -0.126005 0.089280
vt -0.184537 0.119776
vt -0.184297 0.120236
vt -0.009897 0.227935
vt -0.010227 0.227537
vt -0.061060 0.269632
vt -0.060730 0.270030
vt 0.241809 0.196921
vt 0.241299 0.196833
vt 0.230092 0.261874
vt 0.230602 0.261962
vt 0.325999 -0.089599
vt 0.325615 -0.089251
vt 0.370013 -0.040416
vt 0.370396 -0.040764
vt 0.257241 -0.141414
vt 0.256983 -0.140965
vt 0.314263 -0.108177
vt 0.314520 -0.108626
vt 0.194938 -0.054449
vt 0.194717 -0.053981
vt 0.254393 -0.025789
vt 0.254614 -0.026257
vt 0.126005 0.089280
vt 0.125766 0.089739
vt 0.184297 0.120236
vt 0.184536 0.119776
vt 0.010227 0.227537
vt 0.009897 0.227935
vt 0.060730 0.270030
vt 0.061060 0.269632
vt -0.241299 0.196833
vt -0.241809 0.196921
vt -0.230602 0.261962
vt -0.230092 0.261874
vt -0.325615 -0.089251
vt -0.325999 -0.089599
vt -0.370396 -0.040764
vt -0.370013 -0.040416
vt -0.256983 -0.140965
vt -0.257241 -0.141414
vt -0.314520 -0.108626
vt -0.314263 -0.108177
vt 0.282254 -0.109444
vt 0.282296 -0.109960
vt 0.282074 -0.110427
vt 0.281648 -0.110722
vt 0.281132 -0.110764
vt 0.280665 -0.110542
vt 0.280370 -0.110116
vt 0.280328 -0.109600
vt 0.280550 -0.109133
vt 0.280976 -0.108838
vt 0.281491 -0.108796
vt 0.281959 -0.109018
vt -0.281959 -0.109018
vt -0.281491 -0.108796
vt -0.280975 -0.108838
vt -0.280550 -0.109133
vt -0.280328 -0.109601
vt -0.280370 -0.110117
vt -0.280664 -0.110542
vt -0.281132 -0.110764
vt -0.281648 -0.110722
vt -0.282074 -0.110428
vt -0.282295 -0.109960
vt -0.282253 -0.109444
vt -0.050479 -0.000797
vt -0.051370 -0.002683
vt -0.172510 0.054547
vt -0.171619 0.056433
vt -0.078992 -0.053569
vt -0.079956 -0.055419
vt -0.198774 0.006488
vt -0.197810 0.008338
vt -0.113304 -0.065797
vt -0.114634 -0.067403
vt -0.217824 0.018048
vt -0.216494 0.019654
vt -0.134479 0.022797
vt -0.136535 0.022443
vt -0.159285 0.154475
vt -0.157230 0.154829
vt -0.043234 0.100530
vt -0.044778 0.101933
vt 0.045348 0.201067
vt 0.046891 0.199664
vt 0.017654 0.060349
vt 0.016617 0.062159
vt 0.132893 0.128717
vt 0.133930 0.126907
vt 0.051370 -0.002683
vt 0.050479 -0.000797
vt 0.171619 0.056432
vt 0.172510 0.054547
vt 0.079956 -0.055419
vt 0.078992 -0.053569
vt 0.197810 0.008338
vt 0.198774 0.006488
vt 0.114634 -0.067403
vt 0.113304 -0.065797
vt 0.216494 0.019654
vt 0.217824 0.018048
vt 0.136535 0.022443
vt 0.134479 0.022797
vt 0.157230 0.154829
vt 0.159285 0.154475
vt 0.044778 0.101933
vt 0.043234 0.100530
vt -0.046892 0.199664
vt -0.045348 0.201067
vt -0.016617 0.062159
vt -0.017654 0.060349
vt -0.133930 0.126907
vt -0.132893 0.128717
vt -0.160638 0.153380
vt -0.160144 0.154996
vt -0.158034 0.154559
vt -0.158643 0.152564
vt 0.124769 -0.030702
vt 0.126654 -0.029809
vt 0.128733 -0.029978
vt 0.130449 -0.031164
vt 0.131342 -0.033049
vt 0.131173 -0.035128
vt 0.129987 -0.036844
vt 0.128102 -0.037737
vt 0.126023 -0.037567
vt 0.124307 -0.036381
vt 0.123414 -0.034496
vt 0.123583 -0.032417
vt 0.212056 0.054911
vt 0.213360 0.053838
vt 0.212150 0.052055
vt 0.210539 0.053380
vt 0.181150 -0.077318
vt 0.181604 -0.078946
vt 0.179590 -0.079713
vt 0.179030 -0.077704
vt 0.153895 -0.038411
vt 0.154418 -0.040017
vt 0.152439 -0.040870
vt 0.151793 -0.038887
vt 0.122117 0.032728
vt 0.122838 0.031200
vt 0.120981 0.030105
vt 0.120092 0.031992
vt 0.071987 0.113400
vt 0.073022 0.112065
vt 0.071448 0.110593
vt 0.070170 0.112241
vt -0.019193 0.171691
vt -0.017724 0.170857
vt -0.018612 0.168893
vt -0.020426 0.169923
vt -0.146401 0.146802
vt -0.144721 0.146975
vt -0.144303 0.144861
vt -0.146378 0.144646
vt -0.212056 0.068199
vt -0.210727 0.069241
vt -0.209247 0.067674
vt -0.210888 0.066387
vt -0.217613 0.039401
vt -0.216690 0.040816
vt -0.214785 0.039810
vt -0.215924 0.038063
vt -0.206708 0.059703
vt -0.206060 0.061263
vt -0.204002 0.060622
vt -0.204802 0.058696
vt -0.190383 0.102682
vt -0.189899 0.104300
vt -0.187786 0.103875
vt -0.188384 0.101877
vt -0.216992 -0.001205
vt -0.217566 -0.000115
vt -0.216503 0.000703
vt -0.215716 -0.000792
vt -0.082454 -0.182100
vt -0.083639 -0.182436
vt -0.084220 -0.181229
vt -0.082595 -0.180767
vt 0.068058 -0.149654
vt 0.067700 -0.150833
vt 0.066370 -0.150667
vt 0.066861 -0.149051
vt 0.079788 -0.077525
vt 0.079900 -0.078752
vt 0.078605 -0.079099
vt 0.078452 -0.077417
vt 0.058260 -0.000512
vt 0.058730 -0.001651
vt 0.057597 -0.002366
vt 0.056952 -0.000805
vt 0.013001 0.071892
vt 0.013816 0.070969
vt 0.012978 0.069923
vt 0.011860 0.071189
vt -0.058132 0.116999
vt -0.057010 0.116490
vt -0.057348 0.115193
vt -0.058886 0.115891
vt -0.139756 0.111560
vt -0.138528 0.111659
vt -0.138194 0.110361
vt -0.139878 0.110225
vt -0.194558 0.073277
vt -0.193520 0.073939
vt -0.192616 0.072949
vt -0.194041 0.072040
vt -0.215030 0.046573
vt -0.214321 0.047580
vt -0.213109 0.047007
vt -0.214081 0.045625
vt -0.218687 0.042228
vt -0.218324 0.043405
vt -0.216995 0.043236
vt -0.217491 0.041621
vt -0.218193 0.041732
vt -0.218206 0.042964
vt -0.216888 0.043207
vt -0.216870 0.041517
vt -0.125138 -0.032972
vt -0.125038 -0.034200
vt -0.125565 -0.035313
vt -0.126578 -0.036013
vt -0.127806 -0.036113
vt -0.128919 -0.035586
vt -0.129619 -0.034573
vt -0.129719 -0.033345
vt -0.129192 -0.032232
vt -0.128179 -0.031532
vt -0.126951 -0.031432
vt -0.125838 -0.031959
vt -0.120019 0.006036
vt -0.121113 0.003669
vt -0.124770 0.005360
vt -0.123677 0.007726
vt -0.167538 -0.082770
vt -0.168725 -0.085092
vt -0.172313 -0.083257
vt -0.171126 -0.080936
vt -0.222089 -0.095555
vt -0.223739 -0.097574
vt -0.226859 -0.095024
vt -0.225209 -0.093005
vt -0.236360 0.074300
vt -0.238933 0.073879
vt -0.239583 0.077856
vt -0.237010 0.078277
vt -0.046311 0.196537
vt -0.048211 0.198323
vt -0.045451 0.201259
vt -0.043551 0.199473
vt 0.063235 0.115441
vt 0.061965 0.117717
vt 0.065483 0.119681
vt 0.066754 0.117404
vt 0.121113 0.003669
vt 0.120019 0.006036
vt 0.123677 0.007726
vt 0.124770 0.005360
vt 0.168725 -0.085092
vt 0.167538 -0.082770
vt 0.171126 -0.080936
vt 0.172313 -0.083257
vt 0.223739 -0.097574
vt 0.222089 -0.095555
vt 0.225209 -0.093005
vt 0.226859 -0.095023
vt 0.238933 0.073879
vt 0.236360 0.074300
vt 0.237010 0.078277
vt 0.239583 0.077856
vt 0.048211 0.198323
vt 0.046311 0.196537
vt 0.043551 0.199473
vt 0.045451 0.201259
vt -0.061965 0.117717
vt -0.063235 0.115441
vt -0.066754 0.117404
vt -0.065483 0.119681
vt -0.213704 -0.061162
vt 0.215174 -0.059008
vt 0.217524 -0.057879
vt 0.220124 -0.058075
vt 0.219390 -0.067778
vt 0.214637 -0.066111
vt -0.060693 -0.021674
vt -0.061568 -0.023567
vt -0.183182 0.032647
vt -0.182307 0.034540
vt -0.109360 -0.112816
vt -0.110310 -0.114673
vt -0.229594 -0.053670
vt -0.228644 -0.051813
vt -0.171558 -0.137197
vt -0.172878 -0.138812
vt -0.276610 -0.054019
vt -0.275290 -0.052404
vt -0.226048 0.009639
vt -0.228107 0.009302
vt -0.249732 0.141523
vt -0.247674 0.141860
vt -0.091350 0.149008
vt -0.092869 0.150437
vt -0.001103 0.248053
vt 0.000417 0.246625
vt 0.005932 0.083759
vt 0.004916 0.085580
vt 0.121907 0.150872
vt 0.122924 0.149051
vt 0.061568 -0.023567
vt 0.060693 -0.021674
vt 0.182307 0.034540
vt 0.183183 0.032647
vt 0.110310 -0.114673
vt 0.109360 -0.112816
vt 0.228644 -0.051813
vt 0.229594 -0.053670
vt 0.172878 -0.138812
vt 0.171558 -0.137197
vt 0.275290 -0.052404
vt 0.276610 -0.054019
vt 0.228107 0.009302
vt 0.226048 0.009639
vt 0.247674 0.141860
vt 0.249732 0.141523
vt 0.092869 0.150437
vt 0.091350 0.149008
vt -0.000417 0.246625
vt 0.001102 0.248053
vt -0.004916 0.085580
vt -0.005932 0.083759
vt -0.122924 0.149051
vt -0.121907 0.150872
vt -0.167758 0.222688
vt -0.167300 0.224314
vt -0.165180 0.223922
vt -0.165746 0.221915
vt 0.215831 -0.059772
vt 0.217710 -0.058869
vt 0.219790 -0.059026
vt 0.221513 -0.060202
vt 0.222417 -0.062082
vt 0.222259 -0.064162
vt 0.221083 -0.065884
vt 0.219204 -0.066788
vt 0.217124 -0.066631
vt 0.215401 -0.065455
vt 0.214497 -0.063575
vt 0.214655 -0.061495
vt 0.289197 -0.001474
vt 0.290487 -0.002566
vt 0.289252 -0.004332
vt 0.287659 -0.002985
vt 0.195051 -0.171059
vt 0.195480 -0.172693
vt 0.193455 -0.173430
vt 0.192925 -0.171412
vt 0.151295 -0.110125
vt 0.151801 -0.111737
vt 0.149813 -0.112569
vt 0.149188 -0.110580
vt 0.103494 -0.002299
vt 0.104200 -0.003834
vt 0.102333 -0.004911
vt 0.101461 -0.003016
vt 0.032352 0.115129
vt 0.033373 0.113783
vt 0.031784 0.112328
vt 0.030522 0.113989
vt -0.088060 0.187496
vt -0.086600 0.186646
vt -0.087510 0.184692
vt -0.089312 0.185742
vt -0.237240 0.131532
vt -0.235559 0.131695
vt -0.235154 0.129578
vt -0.237230 0.129376
vt -0.290449 0.018850
vt -0.289121 0.019894
vt -0.287638 0.018330
vt -0.289278 0.017041
vt -0.274245 -0.003992
vt -0.273329 -0.002573
vt -0.271418 -0.003570
vt -0.272550 -0.005323
vt -0.245959 0.049533
vt -0.245321 0.051097
vt -0.243259 0.050470
vt -0.244046 0.048539
vt -0.215017 0.135391
vt -0.214548 0.137014
vt -0.212431 0.136610
vt -0.213010 0.134606
vt -0.287745 0.037959
vt -0.288325 0.039045
vt -0.287268 0.039870
vt -0.286472 0.038379
vt -0.173191 -0.217889
vt -0.174384 -0.218196
vt -0.174934 -0.216973
vt -0.173298 -0.216553
vt 0.021153 -0.233095
vt 0.020773 -0.234266
vt 0.019446 -0.234077
vt 0.019967 -0.232470
vt 0.040121 -0.147963
vt 0.040218 -0.149191
vt 0.038920 -0.149523
vt 0.038787 -0.147839
vt 0.011511 -0.044479
vt 0.011970 -0.045622
vt 0.010830 -0.046326
vt 0.010200 -0.044758
vt -0.048274 0.053317
vt -0.047467 0.052387
vt -0.048315 0.051348
vt -0.049421 0.052625
vt -0.137557 0.108123
vt -0.136440 0.107605
vt -0.136788 0.106310
vt -0.138321 0.107021
vt -0.230714 0.091061
vt -0.229485 0.091154
vt -0.229158 0.089854
vt -0.230842 0.089727
vt -0.281512 0.039128
vt -0.280473 0.039789
vt -0.279571 0.038798
vt -0.280996 0.037891
vt -0.290114 0.017869
vt -0.289407 0.018877
vt -0.288194 0.018307
vt -0.289164 0.016923
vt -0.283470 0.037160
vt -0.283112 0.038339
vt -0.281782 0.038174
vt -0.282272 0.036557
vt -0.278781 0.066229
vt -0.278801 0.067461
vt -0.277484 0.067711
vt -0.277457 0.066021
vt -0.216212 -0.062041
vt -0.216119 -0.063269
vt -0.216653 -0.064379
vt -0.217670 -0.065074
vt -0.218898 -0.065166
vt -0.220008 -0.064633
vt -0.220703 -0.063616
vt -0.220795 -0.062387
vt -0.220262 -0.061277
vt -0.219245 -0.060583
vt -0.218017 -0.060490
vt -0.216907 -0.061024
vt -0.052849 0.050784
vt -0.053963 0.048427
vt -0.057606 0.050148
vt -0.056492 0.052505
vt -0.043043 0.067750
vt -0.044248 0.065438
vt -0.047822 0.067299
vt -0.046617 0.069612
vt -0.023774 0.080224
vt -0.025437 0.078216
vt -0.028540 0.080786
vt -0.026878 0.082794
vt 0.028520 0.075416
vt 0.025951 0.074973
vt 0.025267 0.078944
vt 0.027836 0.079387
vt 0.064929 0.034869
vt 0.063000 0.036623
vt 0.065710 0.039605
vt 0.067640 0.037851
vt 0.061302 0.032761
vt 0.060007 0.035024
vt 0.063504 0.037026
vt 0.064799 0.034763
vt 0.053963 0.048427
vt 0.052849 0.050784
vt 0.056492 0.052505
vt 0.057606 0.050148
vt 0.044248 0.065438
vt 0.043043 0.067750
vt 0.046617 0.069612
vt 0.047822 0.067299
vt 0.025437 0.078216
vt 0.023774 0.080224
vt 0.026878 0.082794
vt 0.028540 0.080786
vt -0.025951 0.074973
vt -0.028520 0.075416
vt -0.027836 0.079387
vt -0.025267 0.078944
vt -0.063000 0.036623
vt -0.064929 0.034869
vt -0.067640 0.037851
vt -0.065710 0.039605
vt -0.060007 0.035024
vt -0.061302 0.032761
vt -0.064799 0.034763
vt -0.063504 0.037026
vt 0.042433 0.026874
vt 0.042645 0.024276
vt 0.041529 0.021919
vt 0.039384 0.020437
vt 0.036785 0.020225
vt 0.034429 0.021341
vt 0.032947 0.023486
vt 0.032735 0.026085
vt 0.033851 0.028441
vt 0.035996 0.029924
vt 0.038595 0.030135
vt 0.040951 0.029019
vt -0.040951 0.029019
vt -0.038595 0.030135
vt -0.035996 0.029924
vt -0.033851 0.028441
vt -0.032735 0.026085
vt -0.032947 0.023486
vt -0.034429 0.021341
vt -0.036785 0.020225
vt -0.039384 0.020437
vt -0.041529 0.021919
vt -0.042645 0.024276
vt -0.042433 0.026874
vt -0.095525 -0.350558
vt -0.095830 -0.349844
vt -0.016736 -0.316076
vt -0.016432 -0.316790
vt 0.021281 -0.338374
vt 0.020729 -0.337828
vt 0.081233 -0.276710
vt 0.081784 -0.277256
vt 0.250080 -0.109281
vt 0.249422 -0.109694
vt 0.203706 -0.036851
vt 0.204364 -0.036438
vt 0.208898 -0.085940
vt 0.208561 -0.086640
vt 0.131075 -0.049332
vt 0.131412 -0.048633
vt 0.171977 -0.195902
vt 0.171729 -0.196638
vt 0.090225 -0.169195
vt 0.090473 -0.168459
vt 0.140116 -0.297703
vt 0.139875 -0.298441
vt 0.058112 -0.271782
vt 0.058352 -0.271043
vt 0.095830 -0.349844
vt 0.095525 -0.350558
vt 0.016432 -0.316790
vt 0.016736 -0.316076
vt -0.020729 -0.337828
vt -0.021281 -0.338374
vt -0.081784 -0.277256
vt -0.081233 -0.276710
vt -0.249422 -0.109694
vt -0.250080 -0.109281
vt -0.204364 -0.036438
vt -0.203706 -0.036851
vt -0.208561 -0.086640
vt -0.208898 -0.085940
vt -0.131412 -0.048633
vt -0.131075 -0.049332
vt -0.171729 -0.196638
vt -0.171977 -0.195902
vt -0.090473 -0.168459
vt -0.090225 -0.169195
vt -0.139875 -0.298441
vt -0.140116 -0.297703
vt -0.058352 -0.271043
vt -0.058112 -0.271782
vt -0.199681 -0.203706
vt -0.199166 -0.203125
vt -0.198429 -0.202879
vt -0.197668 -0.203035
vt -0.197087 -0.203550
vt -0.196842 -0.204287
vt -0.196998 -0.205047
vt -0.197513 -0.205628
vt -0.198249 -0.205874
vt -0.199010 -0.205718
vt -0.199591 -0.205203
vt -0.199837 -0.204467
vt 0.199837 -0.204467
vt 0.199591 -0.205203
vt 0.199010 -0.205718
vt 0.198249 -0.205874
vt 0.197513 -0.205628
vt 0.196998 -0.205047
vt 0.196842 -0.204287
vt 0.197087 -0.203550
vt 0.197668 -0.203035
vt 0.198429 -0.202879
vt 0.199166 -0.203125
vt 0.199681 -0.203706
vt -0.114821 -0.302815
vt -0.115126 -0.302101
vt -0.036033 -0.268333
vt -0.035728 -0.269047
vt 0.004397 -0.320252
vt 0.003845 -0.319706
vt 0.064348 -0.258588
vt 0.064900 -0.259134
vt 0.256849 -0.103852
vt 0.256191 -0.104265
vt 0.210475 -0.031422
vt 0.211132 -0.031010
vt 0.225210 -0.049757
vt 0.224873 -0.050456
vt 0.147386 -0.013149
vt 0.147723 -0.012449
vt 0.190209 -0.138622
vt 0.189961 -0.139358
vt 0.108457 -0.111914
vt 0.108705 -0.111178
vt 0.159137 -0.236141
vt 0.158896 -0.236879
vt 0.077133 -0.210219
vt 0.077373 -0.209481
vt 0.115126 -0.302101
vt 0.114821 -0.302815
vt 0.035728 -0.269047
vt 0.036032 -0.268333
vt -0.003845 -0.319706
vt -0.004397 -0.320252
vt -0.064900 -0.259134
vt -0.064348 -0.258588
vt -0.256191 -0.104265
vt -0.256849 -0.103852
vt -0.211132 -0.031010
vt -0.210475 -0.031423
vt -0.224873 -0.050456
vt -0.225210 -0.049757
vt -0.147723 -0.012449
vt -0.147386 -0.013149
vt -0.189961 -0.139358
vt -0.190209 -0.138622
vt -0.108705 -0.111178
vt -0.108457 -0.111914
vt -0.158896 -0.236879
vt -0.159137 -0.236141
vt -0.077373 -0.209481
vt -0.077133 -0.210219
vt -0.195209 -0.138860
vt -0.194694 -0.138279
vt -0.193957 -0.138033
vt -0.193196 -0.138189
vt -0.192615 -0.138704
vt -0.192370 -0.139441
vt -0.192526 -0.140201
vt -0.193041 -0.140782
vt -0.193777 -0.141028
vt -0.194538 -0.140872
vt -0.195119 -0.140357
vt -0.195364 -0.139620
vt 0.195364 -0.139620
vt 0.195119 -0.140357
vt 0.194538 -0.140872
vt 0.193777 -0.141028
vt 0.193041 -0.140782
vt 0.192526 -0.140201
vt 0.192370 -0.139441
vt 0.192615 -0.138704
vt 0.193196 -0.138189
vt 0.193957 -0.138033
vt 0.194694 -0.138279
vt 0.195209 -0.138860
vt -0.088650 0.011202
vt -0.091438 0.015561
vt -0.067062 0.027594
vt -0.064274 0.023236
vt -0.014744 -0.096438
vt 0.024101 0.003262
vt 0.038108 -0.002195
vt -0.000736 -0.101895
vt -0.071277 0.022067
vt -0.067066 0.025074
vt -0.064059 0.020864
vt -0.068269 0.017856
vt 0.064059 0.020864
vt 0.067066 0.025074
vt 0.071277 0.022067
vt 0.068269 0.017856
vt 0.005647 -0.103118
vt 0.041635 -0.002351
vt 0.046508 -0.004092
vt 0.010520 -0.104858
vt -0.046508 -0.004092
vt -0.041635 -0.002351
vt -0.005647 -0.103118
vt -0.010520 -0.104858
vt 0.052434 0.030396
vt 0.055442 0.034607
vt 0.067066 0.025074
vt 0.064059 0.020864
vt -0.023780 0.003387
vt 0.015064 -0.096313
vt 0.001057 -0.101770
vt -0.037788 -0.002070
vt -0.055442 0.034607
vt -0.052434 0.030396
vt -0.064059 0.020864
vt -0.067066 0.025074
vt -0.038654 -0.087093
vt 0.000865 0.012342
vt 0.023245 0.003447
vt -0.016273 -0.095987
vt 0.034067 0.045973
vt 0.037074 0.050184
vt 0.055442 0.034607
vt 0.052434 0.030396
vt -0.000466 0.012501
vt 0.039053 -0.086934
vt 0.016673 -0.095829
vt -0.022846 0.003606
vt -0.037074 0.050184
vt -0.034067 0.045973
vt -0.052434 0.030396
vt -0.055442 0.034607
vt -0.093470 -0.063486
vt -0.047963 0.033355
vt -0.006942 0.016288
vt -0.052449 -0.080553
vt 0.000706 0.079840
vt 0.003435 0.084237
vt 0.034210 0.052192
vt 0.031482 0.047795
vt 0.049124 0.033900
vt 0.094631 -0.062941
vt 0.053610 -0.080007
vt 0.008102 0.016833
vt 0.000789 0.086858
vt 0.003518 0.082462
vt -0.027258 0.050417
vt -0.029986 0.054813
vt -0.109112 -0.054129
vt -0.061260 0.041574
vt -0.056632 0.039260
vt -0.104484 -0.056443
vt -0.048262 -0.112818
vt -0.078984 -0.010324
vt -0.052674 -0.003482
vt -0.021952 -0.105976
vt 0.094774 0.013426
vt 0.091986 0.009068
vt 0.067610 0.021101
vt 0.070398 0.025460
vt 0.078436 -0.010160
vt 0.047714 -0.112654
vt 0.021405 -0.105812
vt 0.052127 -0.003317
vt -0.120284 -0.023621
vt -0.123646 -0.019688
vt -0.100360 -0.003727
vt -0.096998 -0.007660
vt -0.074222 -0.122902
vt -0.105141 -0.020466
vt -0.078760 -0.010414
vt -0.047841 -0.112850
vt 0.117852 -0.014734
vt 0.114489 -0.018667
vt 0.091204 -0.002706
vt 0.094566 0.001227
vt 0.104613 -0.020307
vt 0.073694 -0.122742
vt 0.047313 -0.112690
vt 0.078233 -0.010255
vt -0.145106 -0.029503
vt -0.148296 -0.025429
vt -0.121748 -0.012267
vt -0.118559 -0.016342
vt -0.113362 -0.128329
vt -0.139160 -0.024485
vt -0.110661 -0.016375
vt -0.084863 -0.120218
vt 0.145392 -0.023156
vt 0.142203 -0.027230
vt 0.115655 -0.014069
vt 0.118845 -0.009994
vt 0.138143 -0.024233
vt 0.112345 -0.128076
vt 0.083845 -0.119966
vt 0.109643 -0.016122
vt 0.054843 0.038366
vt 0.059471 0.040680
vt 0.107323 -0.055024
vt 0.102695 -0.057338
vt -0.156987 -0.170353
vt -0.158101 -0.172710
vt -0.161744 -0.170989
vt -0.160631 -0.168632
vt -0.167608 -0.171979
vt -0.168813 -0.174291
vt -0.172386 -0.172429
vt -0.171182 -0.170117
vt -0.166090 -0.092107
vt -0.167753 -0.094115
vt -0.170857 -0.091545
vt -0.169194 -0.089537
vt -0.086683 0.055260
vt -0.089252 0.054817
vt -0.089936 0.058788
vt -0.087367 0.059231
vt 0.080214 0.020566
vt 0.078285 0.022320
vt 0.080995 0.025301
vt 0.082924 0.023548
vt 0.137151 -0.100353
vt 0.135856 -0.098090
vt 0.139353 -0.096088
vt 0.140648 -0.098351
vt 0.158101 -0.172710
vt 0.156987 -0.170353
vt 0.160631 -0.168632
vt 0.161744 -0.170989
vt 0.168813 -0.174291
vt 0.167608 -0.171979
vt 0.171182 -0.170117
vt 0.172386 -0.172429
vt 0.167753 -0.094115
vt 0.166090 -0.092107
vt 0.169194 -0.089537
vt 0.170857 -0.091545
vt 0.089252 0.054817
vt 0.086683 0.055260
vt 0.087367 0.059231
vt 0.089936 0.058788
vt -0.078285 0.022320
vt -0.080214 0.020566
vt -0.082925 0.023547
vt -0.080995 0.025301
vt -0.135856 -0.098090
vt -0.137151 -0.100353
vt -0.140648 -0.098351
vt -0.139353 -0.096088
vt -0.054302 -0.226239
vt -0.054090 -0.228838
vt -0.055206 -0.231194
vt -0.057351 -0.232677
vt -0.059950 -0.232888
vt -0.062306 -0.231772
vt -0.063788 -0.229628
vt -0.064000 -0.227029
vt -0.062884 -0.224673
vt -0.060739 -0.223190
vt -0.058140 -0.222979
vt -0.055784 -0.224095
vt 0.055784 -0.224095
vt 0.058140 -0.222979
vt 0.060739 -0.223190
vt 0.062884 -0.224673
vt 0.064000 -0.227029
vt 0.063788 -0.229628
vt 0.062306 -0.231772
vt 0.059950 -0.232888
vt 0.057351 -0.232677
vt 0.055206 -0.231194
vt 0.054090 -0.228838
vt 0.054302 -0.226239
vt -0.128064 -0.136931
vt -0.128955 -0.138817
vt -0.250095 -0.081587
vt -0.249204 -0.079701
vt -0.100301 -0.068497
vt -0.101265 -0.070347
vt -0.220083 -0.008440
vt -0.219119 -0.006590
vt -0.048405 0.031389
vt -0.049735 0.029783
vt -0.152925 0.115234
vt -0.151595 0.116840
vt 0.084652 0.072732
vt 0.082596 0.072378
vt 0.059846 0.204410
vt 0.061901 0.204764
vt 0.166449 -0.073882
vt 0.164906 -0.072479
vt 0.255031 0.026654
vt 0.256575 0.025251
vt 0.151029 -0.148500
vt 0.149993 -0.146690
vt 0.266269 -0.080132
vt 0.267305 -0.081942
vt 0.128955 -0.138817
vt 0.128064 -0.136931
vt 0.249204 -0.079701
vt 0.250095 -0.081587
vt 0.101265 -0.070347
vt 0.100301 -0.068497
vt 0.219119 -0.006590
vt 0.220083 -0.008440
vt 0.049735 0.029783
vt 0.048405 0.031389
vt 0.151595 0.116840
vt 0.152925 0.115234
vt -0.082596 0.072378
vt -0.084652 0.072732
vt -0.061902 0.204764
vt -0.059846 0.204410
vt -0.164906 -0.072479
vt -0.166449 -0.073882
vt -0.256575 0.025251
vt -0.255031 0.026654
vt -0.149993 -0.146690
vt -0.151029 -0.148500
vt -0.267305 -0.081942
vt -0.266269 -0.080132
vt -0.258550 -0.101621
vt -0.258057 -0.100005
vt -0.255947 -0.100442
vt -0.256555 -0.102437
vt -0.111594 -0.168207
vt -0.109710 -0.167314
vt -0.107631 -0.167484
vt -0.105915 -0.168670
vt -0.105022 -0.170555
vt -0.105191 -0.172633
vt -0.106377 -0.174349
vt -0.108262 -0.175242
vt -0.110341 -0.175073
vt -0.112057 -0.173887
vt -0.112950 -0.172002
vt -0.112780 -0.169923
vt 0.080120 0.247782
vt 0.081425 0.246708
vt 0.080214 0.244925
vt 0.078604 0.246250
vt 0.242925 0.060592
vt 0.243379 0.058965
vt 0.241365 0.058198
vt 0.240805 0.060207
vt 0.261028 -0.027777
vt 0.261552 -0.029384
vt 0.259573 -0.030237
vt 0.258926 -0.028254
vt 0.268887 -0.070791
vt 0.269608 -0.072319
vt 0.267751 -0.073414
vt 0.266862 -0.071527
vt 0.264228 -0.050734
vt 0.265264 -0.052069
vt 0.263689 -0.053541
vt 0.262411 -0.051893
vt 0.219349 0.039966
vt 0.220818 0.039132
vt 0.219930 0.037168
vt 0.218116 0.038198
vt 0.081212 0.127518
vt 0.082893 0.127692
vt 0.083311 0.125577
vt 0.081236 0.125363
vt -0.074903 0.081649
vt -0.073573 0.082692
vt -0.072093 0.081125
vt -0.073735 0.079838
vt -0.161027 -0.025074
vt -0.160104 -0.023659
vt -0.158198 -0.024666
vt -0.159338 -0.026413
vt -0.205638 -0.109918
vt -0.204990 -0.108358
vt -0.202932 -0.108998
vt -0.203732 -0.110924
vt -0.233748 -0.142697
vt -0.233263 -0.141079
vt -0.231151 -0.141504
vt -0.231749 -0.143502
vt -0.111338 -0.253515
vt -0.111912 -0.252425
vt -0.110850 -0.251607
vt -0.110063 -0.253102
vt 0.163548 -0.226772
vt 0.162364 -0.227109
vt 0.161783 -0.225901
vt 0.163408 -0.225439
vt 0.263811 -0.087695
vt 0.263452 -0.088873
vt 0.262122 -0.088708
vt 0.262614 -0.087092
vt 0.266511 -0.083719
vt 0.266623 -0.084946
vt 0.265328 -0.085293
vt 0.265175 -0.083611
vt 0.260523 -0.086014
vt 0.260994 -0.087153
vt 0.259860 -0.087868
vt 0.259215 -0.086307
vt 0.240099 -0.057733
vt 0.240914 -0.058656
vt 0.240076 -0.059702
vt 0.238957 -0.058436
vt 0.187617 -0.000830
vt 0.188738 -0.001339
vt 0.188401 -0.002637
vt 0.186863 -0.001939
vt 0.091347 0.038040
vt 0.092574 0.038139
vt 0.092909 0.036841
vt 0.091225 0.036704
vt -0.015371 0.008556
vt -0.014333 0.009218
vt -0.013429 0.008228
vt -0.014853 0.007319
vt -0.091673 -0.068469
vt -0.090964 -0.067461
vt -0.089752 -0.068034
vt -0.090725 -0.069416
vt -0.134627 -0.147088
vt -0.134265 -0.145911
vt -0.132935 -0.146081
vt -0.133432 -0.147696
vt -0.149548 -0.205070
vt -0.149561 -0.203839
vt -0.148243 -0.203596
vt -0.148225 -0.205285
vt 0.111226 -0.170478
vt 0.111326 -0.171706
vt 0.110799 -0.172819
vt 0.109786 -0.173519
vt 0.108558 -0.173619
vt 0.107445 -0.173092
vt 0.106745 -0.172079
vt 0.106645 -0.170851
vt 0.107172 -0.169738
vt 0.108185 -0.169038
vt 0.109413 -0.168938
vt 0.110526 -0.169465
vt -0.105094 -0.010045
vt -0.106208 -0.012402
vt -0.109851 -0.010681
vt -0.108738 -0.008324
vt -0.065672 0.070319
vt -0.066876 0.068007
vt -0.070450 0.069869
vt -0.069245 0.072181
vt 0.000135 0.142422
vt -0.001528 0.140414
vt -0.004631 0.142984
vt -0.002968 0.144992
vt 0.140767 0.116326
vt 0.138198 0.115883
vt 0.137514 0.119854
vt 0.140083 0.120297
vt 0.183165 -0.043898
vt 0.181236 -0.042144
vt 0.183947 -0.039162
vt 0.185876 -0.040916
vt 0.142215 -0.065806
vt 0.140920 -0.063544
vt 0.144417 -0.061542
vt 0.145712 -0.063805
vt 0.106208 -0.012402
vt 0.105094 -0.010045
vt 0.108738 -0.008324
vt 0.109851 -0.010681
vt 0.066876 0.068007
vt 0.065672 0.070320
vt 0.069245 0.072181
vt 0.070450 0.069869
vt 0.001528 0.140414
vt -0.000135 0.142422
vt 0.002968 0.144992
vt 0.004631 0.142984
vt -0.138198 0.115883
vt -0.140767 0.116326
vt -0.140083 0.120297
vt -0.137514 0.119854
vt -0.181236 -0.042144
vt -0.183165 -0.043898
vt -0.185876 -0.040916
vt -0.183947 -0.039162
vt -0.140920 -0.063544
vt -0.142215 -0.065806
vt -0.145712 -0.063805
vt -0.144417 -0.061542
vt 0.165882 -0.040649
vt 0.166094 -0.043248
vt 0.164978 -0.045604
vt 0.162833 -0.047087
vt 0.160235 -0.047298
vt 0.157878 -0.046182
vt 0.156396 -0.044037
vt 0.156184 -0.041439
vt 0.157300 -0.039083
vt 0.159445 -0.037600
vt 0.162044 -0.037389
vt 0.164400 -0.038505
vt -0.164400 -0.038505
vt -0.162044 -0.037389
vt -0.159445 -0.037600
vt -0.157300 -0.039083
vt -0.156184 -0.041439
vt -0.156396 -0.044037
vt -0.157878 -0.046182
vt -0.160234 -0.047298
vt -0.162833 -0.047087
vt -0.164978 -0.045604
vt -0.166094 -0.043248
vt -0.165882 -0.040649
vt -0.246560 -0.082325
vt -0.244320 -0.083171
vt -0.245766 -0.088379
vt -0.248055 -0.087679
vt -0.128698 -0.079740
vt -0.126737 -0.081113
vt -0.130066 -0.085106
vt -0.132138 -0.083908
vt 0.001127 -0.203818
vt 0.003138 -0.205119
vt -0.000495 -0.208606
vt -0.002592 -0.207450
vt 0.140438 -0.274582
vt 0.142677 -0.275431
vt 0.139729 -0.279460
vt 0.137475 -0.278654
vt 0.255642 -0.156820
vt 0.258022 -0.156567
vt 0.257678 -0.161645
vt 0.255289 -0.161801
vt 0.189845 -0.050854
vt 0.191901 -0.049627
vt 0.194583 -0.054176
vt 0.192436 -0.055235
vt 0.061728 -0.139159
vt 0.063682 -0.137775
vt 0.067489 -0.141714
vt 0.065426 -0.142928
vt -0.070382 -0.257915
vt -0.068272 -0.256782
vt -0.064551 -0.260951
vt -0.066712 -0.261981
vt -0.214687 -0.240617
vt -0.212323 -0.240236
vt -0.210297 -0.245412
vt -0.212655 -0.245822
vt -0.249537 -0.032143
vt -0.247363 -0.033146
vt -0.246342 -0.035311
vt -0.246952 -0.037626
vt -0.248908 -0.039008
vt -0.251294 -0.038809
vt -0.252994 -0.037123
vt -0.253212 -0.034739
vt -0.251847 -0.032772
vt 0.247870 -0.037731
vt 0.249336 -0.039623
vt 0.249243 -0.042016
vt 0.247634 -0.043788
vt 0.245262 -0.044112
vt 0.243237 -0.042835
vt 0.242506 -0.040555
vt 0.243412 -0.038339
vt 0.245530 -0.037224
vt -0.072196 -0.246672
vt -0.074400 -0.247608
vt -0.077758 -0.243305
vt -0.075585 -0.242299
vt 0.068940 -0.134690
vt 0.066815 -0.135794
vt 0.063530 -0.131598
vt 0.065591 -0.130380
vt 0.204384 -0.073011
vt 0.202161 -0.073899
vt 0.200142 -0.069103
vt 0.202316 -0.068100
vt 0.256223 -0.181789
vt 0.253830 -0.181851
vt 0.254533 -0.176756
vt 0.256924 -0.176632
vt 0.146802 -0.269471
vt 0.144521 -0.268743
vt 0.147344 -0.264407
vt 0.149615 -0.265165
vt 0.003532 -0.195618
vt 0.001383 -0.194561
vt 0.004785 -0.190521
vt 0.006882 -0.191676
vt -0.137277 -0.089414
vt -0.139423 -0.088353
vt -0.136518 -0.083780
vt -0.134436 -0.084961
vt -0.249856 -0.113569
vt -0.252189 -0.113033
vt -0.251334 -0.107584
vt -0.249025 -0.108216
vt -0.211565 -0.247234
vt -0.213926 -0.247629
vt -0.215974 -0.242490
vt -0.213610 -0.242112
vt -0.081059 -0.223504
vt -0.083311 -0.224316
vt -0.086714 -0.219464
vt -0.084503 -0.218546
vt 0.065776 -0.117535
vt 0.063603 -0.118538
vt 0.060568 -0.113595
vt 0.062686 -0.112478
vt 0.209269 -0.084347
vt 0.207007 -0.085131
vt 0.205619 -0.079584
vt 0.207853 -0.078722
vt 0.254592 -0.197291
vt 0.252198 -0.197343
vt 0.253535 -0.191783
vt 0.255928 -0.191731
vt 0.153330 -0.254160
vt 0.151014 -0.253552
vt 0.154091 -0.248635
vt 0.156384 -0.249325
vt 0.010412 -0.173047
vt 0.008213 -0.172101
vt 0.011601 -0.167239
vt 0.013747 -0.168300
vt -0.140294 -0.087601
vt -0.142488 -0.086643
vt -0.139981 -0.081151
vt -0.137833 -0.082209
vt -0.251572 -0.134473
vt -0.253923 -0.134018
vt -0.253808 -0.127938
vt -0.251466 -0.128437
vt -0.212688 -0.246321
vt -0.215061 -0.246642
vt -0.217520 -0.241128
vt -0.215154 -0.240762
vt -0.077978 -0.224855
vt -0.080257 -0.225586
vt -0.083009 -0.220955
vt -0.080757 -0.220142
vt 0.075501 -0.132153
vt 0.073282 -0.133053
vt 0.070854 -0.128348
vt 0.073036 -0.127363
vt 0.215935 -0.109823
vt 0.213640 -0.110508
vt 0.212597 -0.105378
vt 0.214873 -0.104637
vt 0.253419 -0.207483
vt 0.251026 -0.207536
vt 0.252109 -0.202412
vt 0.254502 -0.202361
vt 0.152544 -0.253021
vt 0.150211 -0.252482
vt 0.152696 -0.247799
vt 0.155013 -0.248401
vt 0.003779 -0.180247
vt 0.001542 -0.179394
vt 0.004278 -0.174744
vt 0.006480 -0.175685
vt -0.149912 -0.108558
vt -0.152151 -0.107709
vt -0.150198 -0.102592
vt -0.147989 -0.103516
vt -0.252637 -0.154157
vt -0.254998 -0.153759
vt -0.254964 -0.148252
vt -0.252609 -0.148680
vt -0.212103 -0.247677
vt -0.214481 -0.247953
vt -0.216447 -0.242847
vt -0.214073 -0.242535
vt -0.075078 -0.226318
vt -0.077383 -0.226963
vt -0.080102 -0.222213
vt -0.077822 -0.221482
vt 0.080342 -0.136189
vt 0.078086 -0.136991
vt 0.075729 -0.132160
vt 0.077950 -0.131266
vt 0.218562 -0.118833
vt 0.216247 -0.119443
vt 0.215295 -0.114218
vt 0.217593 -0.113546
vt 0.252282 -0.213779
vt 0.249889 -0.213832
vt 0.251006 -0.208639
vt 0.253399 -0.208586
vt 0.150628 -0.254990
vt 0.148281 -0.254518
vt 0.150749 -0.249741
vt 0.153082 -0.250279
vt -0.000215 -0.182147
vt -0.002486 -0.181390
vt 0.000197 -0.176616
vt 0.002434 -0.177468
vt -0.154257 -0.115542
vt -0.156528 -0.114785
vt -0.154670 -0.109542
vt -0.152427 -0.110381
vt -0.252883 -0.163158
vt -0.255251 -0.162801
vt -0.255290 -0.157205
vt -0.252928 -0.157595
vt -0.210604 -0.251456
vt -0.212986 -0.251693
vt -0.214954 -0.246492
vt -0.212575 -0.246219
vt -0.071106 -0.231756
vt -0.073439 -0.232295
vt -0.075993 -0.227094
vt -0.073688 -0.226448
vt 0.088514 -0.152987
vt 0.086226 -0.153692
vt 0.084001 -0.148436
vt 0.086262 -0.147648
vt 0.222734 -0.140531
vt 0.220407 -0.141094
vt 0.219494 -0.135483
vt 0.221816 -0.134897
vt 0.251290 -0.222001
vt 0.248898 -0.222106
vt 0.249892 -0.216458
vt 0.252285 -0.216404
vt 0.148812 -0.257189
vt 0.146446 -0.256819
vt 0.148769 -0.251467
vt 0.151116 -0.251938
vt -0.007069 -0.194082
vt -0.009373 -0.193429
vt -0.006801 -0.188076
vt -0.004529 -0.188830
vt -0.161666 -0.137476
vt -0.163963 -0.136799
vt -0.162189 -0.131071
vt -0.159910 -0.131804
vt -0.253354 -0.179187
vt -0.255721 -0.178829
vt -0.255717 -0.172847
vt -0.253348 -0.173190
vt -0.209605 -0.254127
vt -0.211995 -0.254277
vt -0.213794 -0.248655
vt -0.211411 -0.248423
vt -0.069949 -0.224719
vt -0.072304 -0.225153
vt -0.074860 -0.219497
vt -0.072527 -0.218959
vt 0.091573 -0.152507
vt 0.089255 -0.153109
vt 0.087205 -0.147362
vt 0.089494 -0.146659
vt 0.224637 -0.151385
vt 0.222294 -0.151881
vt 0.221693 -0.145868
vt 0.224022 -0.145315
vt 0.250008 -0.229697
vt 0.247617 -0.229818
vt 0.248866 -0.223888
vt 0.251258 -0.223784
vt 0.147967 -0.252421
vt 0.145589 -0.252140
vt 0.147983 -0.246483
vt 0.150349 -0.246849
vt -0.008911 -0.187938
vt -0.011243 -0.187393
vt -0.008787 -0.181641
vt -0.006484 -0.182295
vt -0.164623 -0.143031
vt -0.166945 -0.142444
vt -0.165446 -0.136282
vt -0.163148 -0.136953
vt -0.253273 -0.190793
vt -0.255645 -0.190464
vt -0.255947 -0.184108
vt -0.253578 -0.184459
vt -0.208371 -0.255273
vt -0.210764 -0.255365
vt -0.212732 -0.249370
vt -0.210343 -0.249223
vt -0.065487 -0.232727
vt -0.067859 -0.233052
vt -0.070191 -0.227260
vt -0.067836 -0.226826
vt 0.098434 -0.167874
vt 0.096090 -0.168364
vt 0.094199 -0.162520
vt 0.096520 -0.161930
vt 0.227266 -0.167557
vt 0.224911 -0.167992
vt 0.224320 -0.161926
vt 0.226665 -0.161444
vt 0.248905 -0.236501
vt 0.246516 -0.236651
vt 0.247590 -0.230623
vt 0.249982 -0.230502
vt 0.145405 -0.257451
vt 0.143018 -0.257264
vt 0.145183 -0.251439
vt 0.147560 -0.251720
vt -0.015148 -0.199841
vt -0.017503 -0.199411
vt -0.015245 -0.193503
vt -0.012913 -0.194043
vt -0.169926 -0.160293
vt -0.172268 -0.159799
vt -0.170874 -0.153548
vt -0.168549 -0.154119
vt -0.253281 -0.202577
vt -0.255655 -0.202265
vt -0.255870 -0.195854
vt -0.253498 -0.196176
vt -0.206869 -0.259634
vt -0.209263 -0.259658
vt -0.211006 -0.253551
vt -0.208613 -0.253461
vt -0.062618 -0.232032
vt -0.065002 -0.232250
vt -0.067104 -0.226512
vt -0.064732 -0.226186
vt 0.102775 -0.173641
vt 0.100413 -0.174030
vt 0.098802 -0.168236
vt 0.101147 -0.167751
vt 0.228931 -0.179312
vt 0.226567 -0.179694
vt 0.226186 -0.173737
vt 0.228542 -0.173311
vt 0.247761 -0.243036
vt 0.245374 -0.243215
vt 0.246464 -0.237317
vt 0.248853 -0.237167
vt 0.143529 -0.256909
vt 0.141137 -0.256815
vt 0.143134 -0.251064
vt 0.145521 -0.251251
vt -0.019036 -0.201604
vt -0.021408 -0.201284
vt -0.019423 -0.195415
vt -0.017067 -0.195843
vt -0.173332 -0.170316
vt -0.175691 -0.169905
vt -0.174571 -0.163735
vt -0.172227 -0.164220
vt -0.253089 -0.213016
vt -0.255464 -0.212717
vt -0.255804 -0.206447
vt -0.253429 -0.206754
vt -0.205453 -0.261920
vt -0.207847 -0.261878
vt -0.209499 -0.255885
vt -0.207105 -0.255861
vt -0.059695 -0.226310
vt -0.062087 -0.226415
vt -0.064115 -0.220310
vt -0.061730 -0.220092
vt 0.106630 -0.175307
vt 0.104251 -0.175583
vt 0.102884 -0.169407
vt 0.105247 -0.169024
vt 0.230162 -0.190064
vt 0.227789 -0.190383
vt 0.227718 -0.184114
vt 0.230082 -0.183739
vt 0.246322 -0.249518
vt 0.243936 -0.249719
vt 0.245240 -0.243564
vt 0.247628 -0.243386
vt 0.141362 -0.252614
vt 0.138968 -0.252614
vt 0.140990 -0.246560
vt 0.143382 -0.246655
vt -0.022640 -0.198047
vt -0.025026 -0.197846
vt -0.023214 -0.191605
vt -0.020841 -0.191923
vt -0.176168 -0.177782
vt -0.178541 -0.177464
vt -0.177726 -0.170929
vt -0.175366 -0.171332
vt -0.252602 -0.223521
vt -0.254981 -0.223245
vt -0.255599 -0.216671
vt -0.253223 -0.216965
vt -0.203677 -0.262595
vt -0.206068 -0.262490
vt -0.207839 -0.256192
vt -0.205445 -0.256234
vt -0.056314 -0.210102
vt -0.058708 -0.210093
vt -0.060403 -0.203980
vt -0.058012 -0.203876
vt 0.110238 -0.172723
vt 0.107849 -0.172888
vt 0.107058 -0.166698
vt 0.109437 -0.166430
vt 0.230988 -0.202751
vt 0.228608 -0.203010
vt 0.229102 -0.196841
vt 0.231476 -0.196530
vt 0.244350 -0.254736
vt 0.241966 -0.254962
vt 0.243546 -0.248951
vt 0.245931 -0.248752
vt 0.138490 -0.238520
vt 0.136098 -0.238615
vt 0.137979 -0.232597
vt 0.140373 -0.232597
vt -0.026365 -0.186921
vt -0.028757 -0.186840
vt -0.027431 -0.180560
vt -0.025045 -0.180756
vt -0.178596 -0.185062
vt -0.180980 -0.184837
vt -0.180784 -0.178338
vt -0.178410 -0.178647
vt -0.251689 -0.235492
vt -0.254069 -0.235235
vt -0.255140 -0.228809
vt -0.252761 -0.229080
vt -0.201203 -0.257145
vt -0.203591 -0.256975
vt -0.205425 -0.250788
vt -0.203033 -0.250892
vt -0.051494 -0.197920
vt -0.053885 -0.197796
vt -0.055367 -0.191584
vt -0.052973 -0.191598
vt 0.114611 -0.171596
vt 0.112217 -0.171630
vt 0.111850 -0.165373
vt 0.114239 -0.165221
vt 0.231294 -0.212865
vt 0.228906 -0.213040
vt 0.229839 -0.206917
vt 0.232219 -0.206666
vt 0.242174 -0.258901
vt 0.239790 -0.259129
vt 0.241620 -0.253209
vt 0.244003 -0.252985
vt 0.134645 -0.226999
vt 0.132258 -0.227182
vt 0.134083 -0.221177
vt 0.136475 -0.221079
vt -0.031428 -0.177632
vt -0.033821 -0.177681
vt -0.032841 -0.171360
vt -0.030448 -0.171433
vt -0.180878 -0.190804
vt -0.183270 -0.190693
vt -0.183545 -0.184199
vt -0.181161 -0.184414
vt -0.250354 -0.245102
vt -0.252739 -0.244889
vt -0.254175 -0.238511
vt -0.251794 -0.238764
vt -0.198356 -0.252982
vt -0.200740 -0.252765
vt -0.202668 -0.246564
vt -0.200280 -0.246734
vt -0.046026 -0.185548
vt -0.048409 -0.185313
vt -0.049438 -0.180190
vt -0.047048 -0.180324
vt 0.119201 -0.170588
vt 0.116809 -0.170511
vt 0.116838 -0.165382
vt 0.119232 -0.165363
vt 0.231385 -0.221776
vt 0.228993 -0.221892
vt 0.230073 -0.216927
vt 0.232462 -0.216760
vt 0.240155 -0.261046
vt 0.237774 -0.261295
vt 0.239438 -0.256474
vt 0.241822 -0.256247
vt 0.130496 -0.215269
vt 0.128117 -0.215541
vt 0.129543 -0.210561
vt 0.131930 -0.210374
vt -0.037075 -0.170863
vt -0.039464 -0.171030
vt -0.038942 -0.165773
vt -0.036549 -0.165709
vt -0.183053 -0.197398
vt -0.185447 -0.197376
vt -0.186024 -0.192047
vt -0.183632 -0.192147
vt -0.248994 -0.252943
vt -0.251381 -0.252750
vt -0.252815 -0.247569
vt -0.250430 -0.247779
vt -0.195565 -0.247161
vt -0.197943 -0.246885
vt -0.199574 -0.241819
vt -0.197190 -0.242036
vt -0.040224 -0.182958
vt -0.042590 -0.182591
vt -0.043470 -0.176231
vt -0.041089 -0.176479
vt 0.123657 -0.182033
vt 0.121273 -0.181814
vt 0.121726 -0.175536
vt 0.124118 -0.175629
vt 0.231068 -0.236464
vt 0.228674 -0.236494
vt 0.230256 -0.230480
vt 0.232647 -0.230371
vt 0.237659 -0.262630
vt 0.235278 -0.262887
vt 0.237316 -0.257003
vt 0.239697 -0.256755
vt 0.125811 -0.207962
vt 0.123446 -0.208337
vt 0.124920 -0.202196
vt 0.127298 -0.201916
vt -0.042916 -0.174260
vt -0.045290 -0.174573
vt -0.045081 -0.168133
vt -0.042694 -0.167949
vt -0.184856 -0.211939
vt -0.187248 -0.212038
vt -0.188325 -0.205576
vt -0.185931 -0.205586
vt -0.247166 -0.262062
vt -0.249555 -0.261911
vt -0.251451 -0.255601
vt -0.249064 -0.255792
vt -0.192296 -0.242230
vt -0.194667 -0.241895
vt -0.196512 -0.235625
vt -0.194134 -0.235903
vt -0.031298 -0.161149
vt -0.033639 -0.160649
vt -0.034094 -0.155313
vt -0.031732 -0.155706
vt 0.128953 -0.177569
vt 0.126583 -0.177232
vt 0.127438 -0.172043
vt 0.129820 -0.172284
vt 0.230271 -0.245035
vt 0.227877 -0.245013
vt 0.229658 -0.240112
vt 0.232052 -0.240087
vt 0.235068 -0.260284
vt 0.232691 -0.260574
vt 0.234658 -0.255713
vt 0.237038 -0.255456
vt 0.118706 -0.185366
vt 0.116362 -0.185853
vt 0.117484 -0.180641
vt 0.119846 -0.180248
vt -0.050738 -0.161997
vt -0.053090 -0.162443
vt -0.053337 -0.157010
vt -0.050968 -0.156670
vt -0.186334 -0.217384
vt -0.188721 -0.217571
vt -0.190123 -0.212238
vt -0.187732 -0.212128
vt -0.245231 -0.268747
vt -0.247621 -0.268605
vt -0.249594 -0.263447
vt -0.247205 -0.263597
vt -0.187965 -0.227526
vt -0.190324 -0.227115
vt -0.191958 -0.221906
vt -0.189588 -0.222247
vt -0.028634 -0.178860
vt -0.030951 -0.178255
vt -0.031103 -0.173065
vt -0.028764 -0.173572
vt 0.130407 -0.202210
vt 0.128053 -0.201774
vt 0.128989 -0.196759
vt 0.131358 -0.197104
vt 0.229291 -0.259239
vt 0.226898 -0.259167
vt 0.228510 -0.254375
vt 0.230904 -0.254400
vt 0.233204 -0.261759
vt 0.230830 -0.262075
vt 0.232450 -0.257261
vt 0.234826 -0.256970
vt 0.116315 -0.195595
vt 0.113991 -0.196171
vt 0.114752 -0.191069
vt 0.117095 -0.190576
vt -0.053118 -0.184266
vt -0.055447 -0.184821
vt -0.055899 -0.179583
vt -0.053548 -0.179126
vt -0.186400 -0.237413
vt -0.188779 -0.237680
vt -0.190141 -0.232526
vt -0.187755 -0.232333
vt -0.243550 -0.274385
vt -0.245941 -0.274257
vt -0.247644 -0.269192
vt -0.245254 -0.269334
vt -0.185967 -0.230938
vt -0.188314 -0.230466
vt -0.189566 -0.225328
vt -0.187208 -0.225741
vt -0.245961 -0.274009
vt -0.243570 -0.274137
vt -0.241125 -0.280101
vt -0.243517 -0.279996
vt -0.191408 -0.238008
vt -0.189030 -0.237734
vt -0.186893 -0.243711
vt -0.189258 -0.244084
vt -0.064533 -0.170108
vt -0.062212 -0.169522
vt -0.061244 -0.175666
vt -0.063530 -0.176375
vt 0.106199 -0.169491
vt 0.108515 -0.168885
vt 0.107723 -0.174955
vt 0.105436 -0.175663
vt 0.230114 -0.253042
vt 0.232487 -0.252723
vt 0.230267 -0.258403
vt 0.227898 -0.258748
vt 0.227664 -0.261982
vt 0.230057 -0.262056
vt 0.227651 -0.267727
vt 0.225261 -0.267586
vt 0.134271 -0.195398
vt 0.136621 -0.195855
vt 0.134971 -0.201915
vt 0.132647 -0.201341
vt -0.020826 -0.155559
vt -0.018519 -0.156198
vt -0.018715 -0.162595
vt -0.020985 -0.161837
vt -0.184798 -0.209943
vt -0.182453 -0.210428
vt -0.180903 -0.216706
vt -0.183231 -0.216149
vt 0.240405 -0.045758
vt 0.238037 -0.046112
vt 0.235995 -0.044861
vt 0.235236 -0.042590
vt 0.236113 -0.040363
vt 0.238217 -0.039220
vt 0.240563 -0.039698
vt 0.242054 -0.041571
vt 0.241991 -0.043965
vt -0.240544 -0.008167
vt -0.240427 -0.005776
vt -0.238800 -0.004019
vt -0.236425 -0.003719
vt -0.234412 -0.005016
vt -0.233704 -0.007303
vt -0.234632 -0.009511
vt -0.236762 -0.010605
vt -0.239096 -0.010074
vt -0.011202 -0.160216
vt -0.013432 -0.159344
vt -0.013113 -0.153725
vt -0.010852 -0.154512
vt 0.138510 -0.208158
vt 0.136211 -0.207488
vt 0.137867 -0.202193
vt 0.140186 -0.202785
vt 0.226060 -0.274879
vt 0.223673 -0.274696
vt 0.225977 -0.269690
vt 0.228366 -0.269833
vt 0.227915 -0.259327
vt 0.225550 -0.259700
vt 0.227597 -0.254560
vt 0.229966 -0.254213
vt 0.101847 -0.170483
vt 0.099593 -0.171288
vt 0.100163 -0.165712
vt 0.102443 -0.164982
vt -0.067318 -0.178664
vt -0.069567 -0.179484
vt -0.070674 -0.173899
vt -0.068396 -0.173164
vt -0.187219 -0.250998
vt -0.189571 -0.251444
vt -0.191677 -0.246086
vt -0.189314 -0.245704
vt -0.238826 -0.284991
vt -0.241218 -0.284895
vt -0.243527 -0.279612
vt -0.241135 -0.279718
vt -0.177360 -0.212864
vt -0.179671 -0.212241
vt -0.181065 -0.206699
vt -0.178739 -0.207266
vt 0.239138 -0.065898
vt 0.236761 -0.066184
vt 0.234757 -0.064875
vt 0.234063 -0.062583
vt 0.235004 -0.060382
vt 0.237140 -0.059301
vt 0.239471 -0.059845
vt 0.240907 -0.061761
vt 0.240775 -0.064152
vt -0.007774 -0.168819
vt -0.009964 -0.167853
vt -0.009580 -0.162402
vt -0.007356 -0.163288
vt 0.139998 -0.218563
vt 0.137725 -0.217810
vt 0.139359 -0.212676
vt 0.141655 -0.213356
vt 0.224361 -0.281308
vt 0.221977 -0.281090
vt 0.224185 -0.276210
vt 0.226572 -0.276394
vt 0.226023 -0.264038
vt 0.223663 -0.264439
vt 0.225596 -0.259417
vt 0.227961 -0.259045
vt 0.099202 -0.177187
vt 0.096979 -0.178076
vt 0.097455 -0.172644
vt 0.099706 -0.171829
vt -0.070097 -0.189122
vt -0.072309 -0.190037
vt -0.073446 -0.184617
vt -0.071203 -0.183783
vt -0.186731 -0.259869
vt -0.189070 -0.260377
vt -0.191118 -0.255170
vt -0.188767 -0.254719
vt -0.236632 -0.289930
vt -0.239024 -0.289838
vt -0.241222 -0.284688
vt -0.238830 -0.284784
vt -0.175556 -0.218105
vt -0.177850 -0.217423
vt -0.179137 -0.212027
vt -0.176826 -0.212652
vt 0.237442 -0.082934
vt 0.235061 -0.083179
vt 0.233079 -0.081836
vt 0.232424 -0.079533
vt 0.233402 -0.077348
vt 0.235556 -0.076303
vt 0.237878 -0.076887
vt 0.239281 -0.078827
vt 0.239109 -0.081215
vt 0.003079 -0.155273
vt 0.000935 -0.154209
vt 0.001123 -0.148803
vt 0.003294 -0.149812
vt 0.146256 -0.206686
vt 0.144005 -0.205871
vt 0.145639 -0.200751
vt 0.147902 -0.201533
vt 0.222800 -0.278309
vt 0.220416 -0.278090
vt 0.222784 -0.273264
vt 0.225168 -0.273484
vt 0.224330 -0.273640
vt 0.221977 -0.274084
vt 0.224252 -0.269170
vt 0.226613 -0.268773
vt 0.092915 -0.171452
vt 0.090727 -0.172426
vt 0.091493 -0.167008
vt 0.093706 -0.166096
vt -0.079209 -0.177844
vt -0.081385 -0.178843
vt -0.082441 -0.173425
vt -0.080245 -0.172472
vt -0.188150 -0.252168
vt -0.190483 -0.252706
vt -0.192596 -0.247587
vt -0.190260 -0.247067
vt -0.234156 -0.295689
vt -0.236547 -0.295572
vt -0.239005 -0.290634
vt -0.236612 -0.290726
vt -0.173168 -0.221691
vt -0.175443 -0.220945
vt -0.177126 -0.215746
vt -0.174832 -0.216432
vt 0.234368 -0.088528
vt 0.231991 -0.088818
vt 0.229984 -0.087513
vt 0.229286 -0.085223
vt 0.230223 -0.083019
vt 0.232357 -0.081934
vt 0.234689 -0.082474
vt 0.236128 -0.084387
vt 0.236002 -0.086778
vt 0.002904 -0.170381
vt 0.000786 -0.169264
vt 0.001023 -0.163939
vt 0.003167 -0.165004
vt 0.144583 -0.220227
vt 0.142342 -0.219383
vt 0.143910 -0.214320
vt 0.146161 -0.215135
vt 0.220324 -0.285555
vt 0.217939 -0.285344
vt 0.220161 -0.280524
vt 0.222545 -0.280742
vt 0.222524 -0.279048
vt 0.220181 -0.279537
vt 0.222277 -0.274618
vt 0.224630 -0.274176
vt 0.092551 -0.184505
vt 0.090391 -0.185537
vt 0.091040 -0.180173
vt 0.093228 -0.179201
vt -0.078134 -0.193141
vt -0.080290 -0.194181
vt -0.081337 -0.188835
vt -0.079161 -0.187836
vt -0.185898 -0.262657
vt -0.188229 -0.263206
vt -0.190231 -0.258126
vt -0.187897 -0.257589
vt -0.231848 -0.300639
vt -0.234238 -0.300494
vt -0.236524 -0.295563
vt -0.234133 -0.295679
vt -0.172136 -0.230755
vt -0.174391 -0.229953
vt -0.175918 -0.224790
vt -0.173642 -0.225533
vt 0.231273 -0.093481
vt 0.228903 -0.093821
vt 0.226870 -0.092558
vt 0.226124 -0.090283
vt 0.227015 -0.088061
vt 0.229126 -0.086931
vt 0.231469 -0.087422
vt 0.232948 -0.089305
vt 0.232871 -0.091698
vt -0.016864 -0.233610
vt -0.018978 -0.232486
vt -0.018745 -0.226624
vt -0.016596 -0.227680
vt 0.134879 -0.263769
vt 0.132651 -0.262891
vt 0.133792 -0.257202
vt 0.136042 -0.258019
vt 0.218392 -0.299626
vt 0.216010 -0.299388
vt 0.217549 -0.293823
vt 0.219934 -0.294032
vt 0.222194 -0.291716
vt 0.219854 -0.292222
vt 0.221217 -0.286591
vt 0.223562 -0.286107
vt 0.107342 -0.240753
vt 0.105185 -0.241793
vt 0.105573 -0.235953
vt 0.107758 -0.234974
vt -0.063343 -0.245550
vt -0.065488 -0.246615
vt -0.066280 -0.240744
vt -0.064104 -0.239746
vt -0.181737 -0.289346
vt -0.184058 -0.289935
vt -0.185502 -0.284138
vt -0.183170 -0.283597
vt -0.230316 -0.306254
vt -0.232706 -0.306115
vt -0.234233 -0.300334
vt -0.231843 -0.300479
vt -0.178046 -0.266734
vt -0.180295 -0.265913
vt -0.181219 -0.260049
vt -0.178954 -0.260824
vt 0.230268 -0.108738
vt 0.227894 -0.109045
vt 0.225877 -0.107754
vt 0.225163 -0.105469
vt 0.226084 -0.103259
vt 0.228211 -0.102159
vt 0.230547 -0.102682
vt 0.232000 -0.104585
vt 0.231890 -0.106977
vt -0.001340 -0.207952
vt -0.003381 -0.206702
vt -0.002278 -0.201172
vt -0.000189 -0.202343
vt 0.135944 -0.269909
vt 0.133747 -0.268958
vt 0.135783 -0.263777
vt 0.138008 -0.264661
vt 0.215763 -0.313133
vt 0.213383 -0.312870
vt 0.215612 -0.307795
vt 0.217994 -0.308033
vt 0.217936 -0.270027
vt 0.215610 -0.270594
vt 0.217108 -0.265220
vt 0.219444 -0.264693
vt 0.089697 -0.199399
vt 0.087613 -0.200578
vt 0.087316 -0.194928
vt 0.089441 -0.193826
vt -0.070654 -0.238971
vt -0.072746 -0.240135
vt -0.074488 -0.234662
vt -0.072355 -0.233575
vt -0.179087 -0.303768
vt -0.181394 -0.304407
vt -0.183677 -0.299082
vt -0.181357 -0.298493
vt -0.228373 -0.306127
vt -0.230762 -0.305977
vt -0.232760 -0.300545
vt -0.230370 -0.300688
vt -0.166399 -0.225806
vt -0.168603 -0.224872
vt -0.169226 -0.219180
vt -0.166996 -0.220049
vt 0.228299 -0.123455
vt 0.225923 -0.123752
vt 0.223912 -0.122453
vt 0.223207 -0.120165
vt 0.224137 -0.117959
vt 0.226268 -0.116867
vt 0.228602 -0.117400
vt 0.230047 -0.119309
vt 0.229927 -0.121700
vt -0.251945 -0.031011
vt -0.249730 -0.031920
vt -0.248618 -0.034039
vt -0.249128 -0.036379
vt -0.251022 -0.037843
vt -0.253415 -0.037746
vt -0.255185 -0.036135
vt -0.255506 -0.033762
vt -0.254226 -0.031739
vt -0.250071 -0.017400
vt -0.247861 -0.018320
vt -0.246759 -0.020446
vt -0.247281 -0.022782
vt -0.249183 -0.024237
vt -0.251575 -0.024128
vt -0.253337 -0.022507
vt -0.253645 -0.020133
vt -0.252355 -0.018116
vt -0.248222 -0.006015
vt -0.246019 -0.006953
vt -0.244935 -0.009088
vt -0.245476 -0.011420
vt -0.247390 -0.012858
vt -0.249781 -0.012730
vt -0.251530 -0.011095
vt -0.251819 -0.008719
vt -0.250513 -0.006712
vt -0.246318 0.006167
vt -0.244122 0.005211
vt -0.243054 0.003069
vt -0.243614 0.000741
vt -0.245539 -0.000683
vt -0.247929 -0.000536
vt -0.249665 0.001112
vt -0.249935 0.003491
vt -0.248613 0.005487
vt -0.237552 0.035054
vt -0.235440 0.033927
vt -0.234546 0.031705
vt -0.235290 0.029430
vt -0.237322 0.028164
vt -0.239692 0.028501
vt -0.241291 0.030282
vt -0.241371 0.032675
vt -0.239894 0.034560
vt -0.229679 0.059428
vt -0.227632 0.058185
vt -0.226863 0.055918
vt -0.227731 0.053687
vt -0.229831 0.052536
vt -0.232179 0.053003
vt -0.233677 0.054871
vt -0.233624 0.057265
vt -0.232045 0.059064
vt -0.214460 0.093208
vt -0.212552 0.091761
vt -0.212021 0.089427
vt -0.213114 0.087297
vt -0.215321 0.086368
vt -0.217608 0.087075
vt -0.218906 0.089087
vt -0.218607 0.091462
vt -0.216851 0.093090
vt -0.187856 0.134153
vt -0.186194 0.132430
vt -0.186028 0.130041
vt -0.187436 0.128105
vt -0.189759 0.127527
vt -0.191911 0.128578
vt -0.192883 0.130765
vt -0.192222 0.133066
vt -0.190237 0.134404
vt -0.137712 0.183265
vt -0.136513 0.181193
vt -0.136927 0.178835
vt -0.138760 0.177294
vt -0.141154 0.177293
vt -0.142990 0.178830
vt -0.143407 0.181188
vt -0.142211 0.183262
vt -0.139962 0.184082
vt -0.042713 0.223738
vt -0.042396 0.221365
vt -0.043679 0.219344
vt -0.045961 0.218620
vt -0.048175 0.219532
vt -0.049284 0.221654
vt -0.048770 0.223992
vt -0.046873 0.225453
vt -0.044481 0.225353
vt 0.094777 0.209676
vt 0.093818 0.207482
vt 0.091672 0.206419
vt 0.089346 0.206984
vt 0.087926 0.208912
vt 0.088078 0.211301
vt 0.089730 0.213034
vt 0.092110 0.213299
vt 0.094103 0.211973
vt 0.179010 0.145723
vt 0.177268 0.144081
vt 0.174878 0.143943
vt 0.172958 0.145374
vt 0.172407 0.147704
vt 0.173483 0.149843
vt 0.175682 0.150789
vt 0.177975 0.150101
vt 0.179290 0.148100
vt 0.226123 0.063876
vt 0.223937 0.062900
vt 0.221635 0.063558
vt 0.220295 0.065542
vt 0.220543 0.067923
vt 0.222264 0.069588
vt 0.224653 0.069757
vt 0.226590 0.068351
vt 0.227171 0.066028
vt 0.235465 0.021584
vt 0.233178 0.020876
vt 0.230971 0.021805
vt 0.229878 0.023934
vt 0.230408 0.026269
vt 0.232316 0.027716
vt 0.234707 0.027598
vt 0.236463 0.025971
vt 0.236763 0.023596
vt 0.239096 -0.010074
vt 0.236761 -0.010604
vt 0.234632 -0.009510
vt 0.233704 -0.007303
vt 0.234412 -0.005016
vt 0.236425 -0.003719
vt 0.238800 -0.004019
vt 0.240427 -0.005776
vt 0.240544 -0.008167
vt 0.057999 -0.047533
vt 0.058322 -0.048525
vt -0.100661 -0.100362
vt -0.100984 -0.099371
vt 0.034475 0.024237
vt 0.034808 0.023249
vt -0.123670 -0.030113
vt -0.124003 -0.029125
vt -0.000051 0.093250
vt 0.000402 0.092311
vt -0.150265 0.019769
vt -0.150717 0.020709
vt -0.091794 0.105316
vt -0.090910 0.104761
vt -0.179802 -0.036875
vt -0.180686 -0.036321
vt -0.133417 -0.075218
vt -0.132675 -0.074485
vt -0.015031 -0.193323
vt -0.015773 -0.194057
vt -0.085178 -0.096600
vt -0.084768 -0.095641
vt 0.069022 -0.161300
vt 0.068613 -0.162259
vt -0.058322 -0.048525
vt -0.057999 -0.047533
vt 0.100984 -0.099371
vt 0.100661 -0.100362
vt -0.034808 0.023249
vt -0.034475 0.024237
vt 0.124003 -0.029125
vt 0.123670 -0.030113
vt -0.000402 0.092310
vt 0.000051 0.093250
vt 0.150717 0.020709
vt 0.150265 0.019769
vt 0.090910 0.104761
vt 0.091794 0.105316
vt 0.180686 -0.036321
vt 0.179802 -0.036875
vt 0.132675 -0.074485
vt 0.133417 -0.075218
vt 0.015773 -0.194057
vt 0.015031 -0.193323
vt 0.084768 -0.095641
vt 0.085178 -0.096600
vt -0.068613 -0.162259
vt -0.069022 -0.161300
vt 0.145079 -0.034792
vt 0.145288 -0.035813
vt 0.144959 -0.036803
vt 0.144178 -0.037495
vt 0.143157 -0.037704
vt 0.142167 -0.037374
vt 0.141475 -0.036594
vt 0.141266 -0.035572
vt 0.141596 -0.034583
vt 0.142376 -0.033891
vt 0.143398 -0.033682
vt 0.144387 -0.034011
vt -0.144387 -0.034011
vt -0.143398 -0.033682
vt -0.142376 -0.033891
vt -0.141596 -0.034583
vt -0.141266 -0.035572
vt -0.141475 -0.036594
vt -0.142167 -0.037374
vt -0.143156 -0.037704
vt -0.144178 -0.037495
vt -0.144958 -0.036803
vt -0.145288 -0.035813
vt -0.145079 -0.034792
vt -0.194331 -0.152711
vt -0.195445 -0.155068
vt -0.199088 -0.153347
vt -0.197974 -0.150990
vt -0.204236 -0.152895
vt -0.205441 -0.155207
vt -0.209015 -0.153345
vt -0.207810 -0.151033
vt -0.197901 -0.065765
vt -0.199564 -0.067773
vt -0.202667 -0.065203
vt -0.201004 -0.063195
vt -0.093696 0.095961
vt -0.096265 0.095519
vt -0.096949 0.099490
vt -0.094380 0.099932
vt 0.107997 0.051126
vt 0.106068 0.052880
vt 0.108778 0.055861
vt 0.110707 0.054108
vt 0.172996 -0.079835
vt 0.171701 -0.077572
vt 0.175198 -0.075570
vt 0.176493 -0.077833
vt 0.195445 -0.155068
vt 0.194331 -0.152711
vt 0.197974 -0.150990
vt 0.199088 -0.153347
vt 0.205441 -0.155207
vt 0.204236 -0.152895
vt 0.207810 -0.151033
vt 0.209015 -0.153345
vt 0.199564 -0.067773
vt 0.197901 -0.065765
vt 0.201004 -0.063195
vt 0.202667 -0.065203
vt 0.096265 0.095519
vt 0.093696 0.095961
vt 0.094380 0.099932
vt 0.096949 0.099489
vt -0.106068 0.052880
vt -0.107997 0.051126
vt -0.110708 0.054107
vt -0.108778 0.055861
vt -0.171701 -0.077572
vt -0.172996 -0.079835
vt -0.176493 -0.077833
vt -0.175198 -0.075570
vt -0.054302 -0.226239
vt -0.054090 -0.228838
vt -0.055206 -0.231194
vt -0.057351 -0.232677
vt -0.059950 -0.232888
vt -0.062306 -0.231772
vt -0.063788 -0.229628
vt -0.064000 -0.227029
vt -0.062884 -0.224673
vt -0.060739 -0.223190
vt -0.058140 -0.222979
vt -0.055784 -0.224095
vt 0.055784 -0.224095
vt 0.058140 -0.222979
vt 0.060739 -0.223190
vt 0.062884 -0.224673
vt 0.064000 -0.227029
vt 0.063788 -0.229628
vt 0.062306 -0.231772
vt 0.059950 -0.232888
vt 0.057351 -0.232677
vt 0.055206 -0.231194
vt 0.054090 -0.228838
vt 0.054302 -0.226239
vt -0.031101 0.040221
vt -0.031992 0.038335
vt -0.153131 0.095565
vt -0.152240 0.097451
vt -0.021723 0.056347
vt -0.022687 0.054498
vt -0.141504 0.116405
vt -0.140541 0.118254
vt -0.005320 0.064603
vt -0.006650 0.062997
vt -0.109840 0.148448
vt -0.108510 0.150055
vt 0.032369 0.051546
vt 0.030313 0.051192
vt 0.007563 0.183224
vt 0.009618 0.183579
vt 0.048473 0.017156
vt 0.046929 0.018559
vt 0.137055 0.117693
vt 0.138599 0.116289
vt 0.040191 0.020977
vt 0.039154 0.022787
vt 0.155430 0.089345
vt 0.156466 0.087535
vt 0.031992 0.038335
vt 0.031101 0.040221
vt 0.152240 0.097451
vt 0.153131 0.095565
vt 0.022687 0.054498
vt 0.021723 0.056347
vt 0.140541 0.118254
vt 0.141504 0.116405
vt 0.006650 0.062997
vt 0.005320 0.064603
vt 0.108510 0.150055
vt 0.109840 0.148448
vt -0.030313 0.051192
vt -0.032369 0.051546
vt -0.009619 0.183579
vt -0.007563 0.183224
vt -0.046929 0.018559
vt -0.048473 0.017156
vt -0.138599 0.116289
vt -0.137055 0.117693
vt -0.039154 0.022787
vt -0.040191 0.020977
vt -0.156466 0.087535
vt -0.155430 0.089345
vt -0.155967 0.022370
vt -0.155474 0.023986
vt -0.153364 0.023549
vt -0.153972 0.021555
vt -0.040299 0.028251
vt -0.038414 0.029144
vt -0.036335 0.028975
vt -0.034619 0.027789
vt -0.033726 0.025904
vt -0.033895 0.023825
vt -0.035081 0.022109
vt -0.036966 0.021216
vt -0.039045 0.021386
vt -0.040761 0.022572
vt -0.041654 0.024457
vt -0.041485 0.026535
vt 0.071388 0.150420
vt 0.072693 0.149346
vt 0.071482 0.147563
vt 0.069871 0.148888
vt 0.150725 0.089964
vt 0.151178 0.088337
vt 0.149164 0.087569
vt 0.148604 0.089579
vt 0.156098 0.092664
vt 0.156621 0.091057
vt 0.154642 0.090204
vt 0.153996 0.092187
vt 0.155537 0.098643
vt 0.156258 0.097115
vt 0.154401 0.096021
vt 0.153511 0.097907
vt 0.145890 0.113306
vt 0.146925 0.111970
vt 0.145351 0.110499
vt 0.144073 0.112147
vt 0.109667 0.147597
vt 0.111136 0.146763
vt 0.110248 0.144799
vt 0.108434 0.145829
vt 0.020403 0.179747
vt 0.022084 0.179920
vt 0.022501 0.177806
vt 0.020427 0.177592
vt -0.069159 0.160338
vt -0.067830 0.161380
vt -0.066350 0.159813
vt -0.067991 0.158526
vt -0.114128 0.119875
vt -0.113205 0.121290
vt -0.111299 0.120284
vt -0.112439 0.118537
vt -0.135430 0.079215
vt -0.134782 0.080775
vt -0.132724 0.080135
vt -0.133525 0.078209
vt -0.147497 0.042498
vt -0.147013 0.044117
vt -0.144900 0.043692
vt -0.145498 0.041694
vt -0.088308 -0.073515
vt -0.088882 -0.072425
vt -0.087820 -0.071607
vt -0.087033 -0.073102
vt 0.072388 -0.107603
vt 0.071203 -0.107939
vt 0.070622 -0.106731
vt 0.072247 -0.106270
vt 0.145404 0.003785
vt 0.145046 0.002606
vt 0.143715 0.002772
vt 0.144207 0.004388
vt 0.148397 0.053169
vt 0.148509 0.051943
vt 0.147214 0.051595
vt 0.147061 0.053278
vt 0.142164 0.083217
vt 0.142635 0.082079
vt 0.141501 0.081363
vt 0.140856 0.082925
vt 0.125104 0.110413
vt 0.125919 0.109490
vt 0.125081 0.108444
vt 0.123962 0.109710
vt 0.087857 0.138803
vt 0.088979 0.138294
vt 0.088642 0.136996
vt 0.087103 0.137694
vt 0.026636 0.154448
vt 0.027864 0.154547
vt 0.028199 0.153249
vt 0.026515 0.153113
vt -0.036046 0.139608
vt -0.035008 0.140270
vt -0.034104 0.139280
vt -0.035529 0.138371
vt -0.078141 0.101793
vt -0.077432 0.102801
vt -0.076220 0.102228
vt -0.077192 0.100846
vt -0.100679 0.053387
vt -0.100316 0.054565
vt -0.098987 0.054395
vt -0.099483 0.052780
vt -0.108210 -0.002475
vt -0.108223 -0.001244
vt -0.106905 -0.001001
vt -0.106887 -0.002690
vt 0.039930 0.025980
vt 0.040030 0.024753
vt 0.039503 0.023640
vt 0.038490 0.022939
vt 0.037262 0.022839
vt 0.036149 0.023367
vt 0.035449 0.024380
vt 0.035349 0.025607
vt 0.035876 0.026720
vt 0.036889 0.027421
vt 0.038117 0.027521
vt 0.039230 0.026994
vt -0.085056 -0.019511
vt -0.086170 -0.021869
vt -0.089813 -0.020148
vt -0.088699 -0.017790
vt -0.046018 0.060079
vt -0.047222 0.057767
vt -0.050796 0.059629
vt -0.049591 0.061941
vt 0.017204 0.128287
vt 0.015541 0.126279
vt 0.012438 0.128849
vt 0.014101 0.130857
vt 0.144531 0.094486
vt 0.141961 0.094043
vt 0.141277 0.098014
vt 0.143846 0.098457
vt 0.168257 -0.060296
vt 0.166328 -0.058542
vt 0.169039 -0.055560
vt 0.170968 -0.057314
vt 0.122981 -0.076816
vt 0.121686 -0.074553
vt 0.125183 -0.072551
vt 0.126478 -0.074814
vt 0.086170 -0.021869
vt 0.085056 -0.019511
vt 0.088699 -0.017790
vt 0.089813 -0.020148
vt 0.047222 0.057767
vt 0.046018 0.060079
vt 0.049591 0.061941
vt 0.050796 0.059629
vt -0.015541 0.126279
vt -0.017204 0.128287
vt -0.014101 0.130857
vt -0.012438 0.128849
vt -0.141961 0.094043
vt -0.144531 0.094486
vt -0.143846 0.098456
vt -0.141277 0.098014
vt -0.166328 -0.058542
vt -0.168257 -0.060296
vt -0.170968 -0.057314
vt -0.169039 -0.055560
vt -0.121686 -0.074553
vt -0.122981 -0.076816
vt -0.126478 -0.074814
vt -0.125183 -0.072551
vt 0.165882 -0.040649
vt 0.166094 -0.043248
vt 0.164978 -0.045604
vt 0.162833 -0.047087
vt 0.160235 -0.047298
vt 0.157878 -0.046182
vt 0.156396 -0.044037
vt 0.156184 -0.041439
vt 0.157300 -0.039083
vt 0.159445 -0.037600
vt 0.162044 -0.037389
vt 0.164400 -0.038505
vt -0.164400 -0.038505
vt -0.162044 -0.037389
vt -0.159445 -0.037600
vt -0.157300 -0.039083
vt -0.156184 -0.041439
vt -0.156396 -0.044037
vt -0.157878 -0.046182
vt -0.160234 -0.047298
vt -0.162833 -0.047087
vt -0.164978 -0.045604
vt -0.166094 -0.043248
vt -0.165882 -0.040649
vt 0.056839 -0.015722
vt 0.055779 -0.013576
vt 0.267767 0.091090
vt 0.268827 0.088943
vt -0.034076 0.163772
vt -0.035163 0.165905
vt 0.175477 0.273258
vt 0.176564 0.271125
vt -0.173347 0.231650
vt -0.175057 0.233326
vt -0.009515 0.402115
vt -0.007806 0.400438
vt -0.269319 -0.075327
vt -0.271495 -0.076327
vt -0.370209 0.138497
vt -0.368033 0.139497
vt -0.107562 -0.095003
vt -0.108784 -0.097061
vt -0.312087 0.023610
vt -0.310865 0.025669
vt -0.011048 0.079777
vt -0.012069 0.077611
vt -0.225924 0.178405
vt -0.224904 0.180571
vt 0.092357 0.226379
vt 0.091068 0.224361
vt -0.108185 0.351608
vt -0.106897 0.353626
vt 0.278844 0.123005
vt 0.276537 0.122365
vt 0.213351 0.350184
vt 0.215658 0.350824
vt 0.179485 -0.138021
vt 0.177907 -0.136221
vt 0.355702 0.019609
vt 0.357280 0.017809
vt 0.293160 0.051289
vt 0.292440 0.053572
vt 0.293356 0.055784
vt 0.295480 0.056889
vt 0.297817 0.056371
vt 0.299275 0.054472
vt 0.299171 0.052080
vt 0.297553 0.050315
vt 0.295180 0.050002
vt -0.295180 0.050002
vt -0.297553 0.050315
vt -0.299171 0.052080
vt -0.299275 0.054472
vt -0.297817 0.056371
vt -0.295480 0.056890
vt -0.293356 0.055784
vt -0.292440 0.053572
vt -0.293160 0.051289
vt -0.057717 0.159201
vt 0.019588 0.103983
vt 0.017263 0.100728
vt -0.060042 0.155946
vt -0.017263 0.100729
vt -0.019588 0.103983
vt 0.057717 0.159201
vt 0.060042 0.155946
vt -0.075373 -0.078736
vt -0.107998 -0.170085
vt -0.197463 -0.138133
vt -0.164838 -0.046784
vt 0.197463 -0.138133
vt 0.107998 -0.170085
vt 0.075373 -0.078736
vt 0.164838 -0.046784
vt -0.170165 -0.134611
vt -0.173742 -0.132822
vt -0.130363 -0.046063
vt -0.126785 -0.047852
vt 0.130363 -0.046063
vt 0.173742 -0.132822
vt 0.170165 -0.134611
vt 0.126785 -0.047852
vt -0.016982 0.078594
vt -0.017873 0.076708
vt -0.228166 0.174650
vt -0.227275 0.176536
vt 0.033093 0.170870
vt 0.032129 0.169020
vt -0.174252 0.274956
vt -0.173289 0.276806
vt 0.104880 0.205645
vt 0.103554 0.204035
vt -0.076283 0.350577
vt -0.074957 0.352187
vt 0.212092 0.086996
vt 0.210037 0.086638
vt 0.169516 0.315053
vt 0.171571 0.315412
vt 0.152609 -0.074328
vt 0.151074 -0.072916
vt 0.308131 0.097814
vt 0.309666 0.096402
vt 0.070828 -0.026550
vt 0.069797 -0.024737
vt 0.271794 0.089337
vt 0.272825 0.087524
vt 0.017894 0.076718
vt 0.017003 0.078605
vt 0.227297 0.176546
vt 0.228187 0.174660
vt -0.032129 0.169020
vt -0.033093 0.170870
vt 0.173289 0.276806
vt 0.174252 0.274956
vt -0.103572 0.204020
vt -0.104898 0.205630
vt 0.074938 0.352172
vt 0.076264 0.350562
vt -0.210045 0.086597
vt -0.212099 0.086955
vt -0.171578 0.315371
vt -0.169524 0.315013
vt -0.151042 -0.072951
vt -0.152577 -0.074363
vt -0.309634 0.096367
vt -0.308099 0.097779
vt -0.069761 -0.024757
vt -0.070792 -0.026570
vt -0.272789 0.087504
vt -0.271758 0.089317
vt -0.246842 -0.094504
vt -0.246349 -0.092888
vt -0.244238 -0.093325
vt -0.244847 -0.095320
vt -0.219616 0.083720
vt -0.217731 0.084613
vt -0.215652 0.084444
vt -0.213936 0.083258
vt -0.213043 0.081373
vt -0.213213 0.079294
vt -0.214399 0.077578
vt -0.216284 0.076685
vt -0.218363 0.076855
vt -0.220078 0.078041
vt -0.220971 0.079926
vt -0.220802 0.082004
vt -0.017175 0.330040
vt -0.015870 0.328966
vt -0.017081 0.327183
vt -0.018691 0.328508
vt 0.214396 0.292330
vt 0.214849 0.290703
vt 0.212835 0.289935
vt 0.212275 0.291944
vt 0.253844 0.256491
vt 0.254367 0.254885
vt 0.252388 0.254032
vt 0.251742 0.256015
vt 0.282437 0.202167
vt 0.283157 0.200639
vt 0.281301 0.199545
vt 0.280411 0.201431
vt 0.305157 0.164640
vt 0.306192 0.163305
vt 0.304618 0.161833
vt 0.303340 0.163482
vt 0.298725 0.200368
vt 0.300194 0.199533
vt 0.299306 0.197569
vt 0.297492 0.198600
vt 0.190691 0.307573
vt 0.192371 0.307747
vt 0.192789 0.305633
vt 0.190714 0.305418
vt 0.023678 0.330151
vt 0.025008 0.331194
vt 0.026487 0.329627
vt 0.024846 0.328340
vt -0.086094 0.251404
vt -0.085171 0.252819
vt -0.083265 0.251812
vt -0.084405 0.250065
vt -0.150884 0.128421
vt -0.150236 0.129981
vt -0.148178 0.129341
vt -0.148978 0.127415
vt -0.197155 -0.002185
vt -0.196671 -0.000566
vt -0.194558 -0.000991
vt -0.195156 -0.002989
vt -0.021086 -0.194431
vt -0.021660 -0.193341
vt -0.020597 -0.192523
vt -0.019810 -0.194018
vt 0.262295 -0.108193
vt 0.261110 -0.108530
vt 0.260529 -0.107322
vt 0.262154 -0.106860
vt 0.307097 0.140471
vt 0.306738 0.139292
vt 0.305408 0.139458
vt 0.305900 0.141074
vt 0.303824 0.193307
vt 0.303935 0.192081
vt 0.302640 0.191733
vt 0.302487 0.193415
vt 0.308317 0.194579
vt 0.308787 0.193441
vt 0.307653 0.192725
vt 0.307008 0.194287
vt 0.307531 0.195495
vt 0.308346 0.194572
vt 0.307508 0.193526
vt 0.306389 0.194792
vt 0.279575 0.226628
vt 0.280697 0.226119
vt 0.280360 0.224822
vt 0.278821 0.225520
vt 0.200216 0.272396
vt 0.201444 0.272496
vt 0.201778 0.271197
vt 0.200094 0.271061
vt 0.091740 0.269928
vt 0.092778 0.270591
vt 0.093681 0.269601
vt 0.092257 0.268692
vt 0.003427 0.197826
vt 0.004136 0.198833
vt 0.005348 0.198260
vt 0.004375 0.196878
vt -0.050798 0.079381
vt -0.050436 0.080558
vt -0.049106 0.080388
vt -0.049603 0.078774
vt -0.070618 -0.059121
vt -0.070631 -0.057890
vt -0.069313 -0.057647
vt -0.069295 -0.059336
vt 0.218643 0.080171
vt 0.218743 0.078944
vt 0.218215 0.077831
vt 0.217202 0.077130
vt 0.215974 0.077030
vt 0.214861 0.077558
vt 0.214161 0.078571
vt 0.214061 0.079798
vt 0.214588 0.080911
vt 0.215602 0.081612
vt 0.216829 0.081712
vt 0.217942 0.081184
vt 0.059535 -0.052243
vt 0.059858 -0.053234
vt -0.099125 -0.105072
vt -0.099448 -0.104080
vt 0.038794 0.011411
vt 0.039126 0.010423
vt -0.119351 -0.042940
vt -0.119684 -0.041951
vt 0.007969 0.076593
vt 0.008422 0.075653
vt -0.142245 0.003112
vt -0.142697 0.004052
vt -0.076135 0.095488
vt -0.075251 0.094934
vt -0.164143 -0.046703
vt -0.165027 -0.046149
vt -0.123799 -0.065697
vt -0.123057 -0.064963
vt -0.005413 -0.183802
vt -0.006154 -0.184536
vt -0.083233 -0.092044
vt -0.082823 -0.091085
vt 0.070968 -0.156744
vt 0.070558 -0.157704
vt -0.059858 -0.053234
vt -0.059535 -0.052243
vt 0.099448 -0.104080
vt 0.099125 -0.105072
vt -0.039126 0.010423
vt -0.038794 0.011411
vt 0.119684 -0.041951
vt 0.119351 -0.042940
vt -0.008422 0.075653
vt -0.007969 0.076593
vt 0.142697 0.004052
vt 0.142245 0.003112
vt 0.075251 0.094934
vt 0.076135 0.095488
vt 0.165027 -0.046149
vt 0.164143 -0.046703
vt 0.123057 -0.064963
vt 0.123799 -0.065697
vt 0.006154 -0.184535
vt 0.005413 -0.183802
vt 0.082823 -0.091085
vt 0.083233 -0.092044
vt -0.070558 -0.157703
vt -0.070968 -0.156744
vt 0.127960 -0.043351
vt 0.128169 -0.044373
vt 0.127840 -0.045362
vt 0.127059 -0.046054
vt 0.126038 -0.046263
vt 0.125048 -0.045933
vt 0.124356 -0.045153
vt 0.124147 -0.044131
vt 0.124477 -0.043142
vt 0.125257 -0.042450
vt 0.126279 -0.042241
vt 0.127268 -0.042571
vt -0.127268 -0.042571
vt -0.126279 -0.042241
vt -0.125257 -0.042450
vt -0.124477 -0.043142
vt -0.124147 -0.044132
vt -0.124356 -0.045153
vt -0.125048 -0.045934
vt -0.126037 -0.046263
vt -0.127059 -0.046054
vt -0.127839 -0.045362
vt -0.128169 -0.044373
vt -0.127960 -0.043351
vt 0.212591 -0.137930
vt 0.212205 -0.135568
vt 0.216844 -0.132315
vt 0.217367 -0.134651
vt 0.320264 0.186839
vt 0.318053 0.187758
vt 0.316480 0.193076
vt 0.318744 0.192297
vt 0.040704 0.276159
vt 0.038664 0.274907
vt 0.033758 0.277372
vt 0.035764 0.278679
vt -0.057996 0.092516
vt -0.059280 0.090496
vt -0.064377 0.092621
vt -0.063066 0.094623
vt -0.144706 -0.079834
vt -0.145195 -0.082177
vt -0.150221 -0.079642
vt -0.149625 -0.077324
vt -0.314871 -0.097916
vt -0.315752 -0.100142
vt -0.319054 -0.095421
vt -0.318030 -0.093257
vt -0.136408 0.322519
vt -0.138728 0.323110
vt -0.134251 0.326885
vt -0.131962 0.326183
vt 0.026215 0.192259
vt 0.024534 0.193965
vt 0.029887 0.196372
vt 0.031557 0.194658
vt 0.108026 0.004832
vt 0.107150 0.007060
vt 0.112433 0.009436
vt 0.113379 0.007237
vt -0.238495 -0.033111
vt -0.236905 -0.031321
vt -0.234536 -0.030972
vt -0.232497 -0.032226
vt -0.231742 -0.034498
vt -0.232624 -0.036724
vt -0.234730 -0.037863
vt -0.237075 -0.037381
vt -0.238562 -0.035504
vt 0.224269 -0.031292
vt 0.222728 -0.033124
vt 0.220370 -0.033537
vt 0.218298 -0.032337
vt 0.217482 -0.030086
vt 0.218304 -0.027837
vt 0.220379 -0.026643
vt 0.222736 -0.027062
vt 0.224273 -0.028898
vt 0.213066 0.263177
vt 0.214257 0.261100
vt 0.209015 0.258505
vt 0.207807 0.260572
vt -0.061458 0.371575
vt -0.059370 0.370404
vt -0.061871 0.365210
vt -0.063999 0.366306
vt -0.361485 0.034693
vt -0.359747 0.036339
vt -0.355254 0.032911
vt -0.356912 0.031184
vt -0.314421 0.042833
vt -0.313146 0.044859
vt -0.307970 0.042814
vt -0.309170 0.040742
vt -0.258767 0.182693
vt -0.257625 0.184797
vt -0.252467 0.182762
vt -0.253591 0.180648
vt -0.135691 0.333841
vt -0.134269 0.335767
vt -0.129763 0.332440
vt -0.131230 0.330548
vt 0.319508 0.195951
vt 0.321801 0.195263
vt 0.319528 0.190030
vt 0.317268 0.190819
vt 0.338116 0.009487
vt 0.339545 0.007566
vt 0.334341 0.004980
vt 0.332999 0.006963
vt 0.287438 0.109014
vt 0.288624 0.106934
vt 0.283138 0.104850
vt 0.282003 0.106958
vt -0.251652 -0.034649
vt -0.250021 -0.032896
vt -0.247645 -0.032601
vt -0.245635 -0.033903
vt -0.244933 -0.036192
vt -0.245866 -0.038396
vt -0.247998 -0.039486
vt -0.250331 -0.038950
vt -0.251774 -0.037040
vt 0.158536 0.265886
vt 0.159946 0.263950
vt 0.155491 0.260262
vt 0.154088 0.262202
vt -0.125915 0.345478
vt -0.123699 0.344574
vt -0.125405 0.339152
vt -0.127658 0.339963
vt -0.365125 0.096031
vt -0.363099 0.097307
vt -0.359863 0.092832
vt -0.361798 0.091423
vt -0.321791 0.050182
vt -0.320383 0.052119
vt -0.315993 0.049018
vt -0.317279 0.046998
vt -0.230575 0.179973
vt -0.229303 0.182001
vt -0.224935 0.178980
vt -0.226152 0.176918
vt -0.049710 0.334520
vt -0.047970 0.336165
vt -0.044618 0.331984
vt -0.046390 0.330375
vt 0.300512 0.233175
vt 0.302884 0.232851
vt 0.301710 0.227480
vt 0.299361 0.227941
vt 0.352633 0.040904
vt 0.354286 0.039171
vt 0.350031 0.035436
vt 0.348501 0.037277
vt 0.279749 0.105347
vt 0.281030 0.103324
vt 0.276193 0.100168
vt 0.275009 0.102249
vt -0.268048 -0.038186
vt -0.266362 -0.036486
vt -0.263978 -0.036268
vt -0.262011 -0.037634
vt -0.261382 -0.039944
vt -0.262385 -0.042118
vt -0.264551 -0.043138
vt -0.266866 -0.042528
vt -0.268247 -0.040572
vt 0.142247 0.264322
vt 0.143705 0.262423
vt 0.139463 0.259088
vt 0.137995 0.260980
vt -0.127336 0.347980
vt -0.125152 0.346997
vt -0.127129 0.342088
vt -0.129352 0.342975
vt -0.368993 0.087061
vt -0.366928 0.088273
vt -0.364104 0.083972
vt -0.366091 0.082636
vt -0.312339 0.035602
vt -0.310883 0.037502
vt -0.306785 0.034592
vt -0.308144 0.032621
vt -0.213884 0.175412
vt -0.212546 0.177397
vt -0.208395 0.174630
vt -0.209702 0.172624
vt -0.038881 0.333943
vt -0.037139 0.335585
vt -0.033779 0.331814
vt -0.035563 0.330217
vt 0.302637 0.236722
vt 0.305022 0.236516
vt 0.304328 0.231379
vt 0.301958 0.231717
vt 0.349638 0.024739
vt 0.351329 0.023045
vt 0.347392 0.019458
vt 0.345805 0.021250
vt 0.265723 0.095802
vt 0.267066 0.093820
vt 0.262524 0.090884
vt 0.261251 0.092911
vt -0.283742 -0.036594
vt -0.281998 -0.034953
vt -0.279608 -0.034818
vt -0.277689 -0.036251
vt -0.277141 -0.038581
vt -0.278219 -0.040719
vt -0.280419 -0.041664
vt -0.282711 -0.040974
vt -0.284024 -0.038971
vt 0.113357 0.255852
vt 0.114888 0.254012
vt 0.110689 0.250215
vt 0.109151 0.252051
vt -0.147145 0.334707
vt -0.144947 0.333756
vt -0.147030 0.328583
vt -0.149259 0.329455
vt -0.370598 0.103596
vt -0.368448 0.104649
vt -0.366062 0.099746
vt -0.368156 0.098584
vt -0.310944 0.031865
vt -0.309426 0.033716
vt -0.305396 0.030197
vt -0.306833 0.028282
vt -0.193542 0.166806
vt -0.192144 0.168750
vt -0.187972 0.165459
vt -0.189341 0.163494
vt -0.005412 0.322394
vt -0.003597 0.323956
vt -0.000251 0.319763
vt -0.002097 0.318240
vt 0.300972 0.242325
vt 0.303364 0.242247
vt 0.303119 0.236778
vt 0.300732 0.236967
vt 0.353837 0.030924
vt 0.355616 0.029322
vt 0.351940 0.025105
vt 0.350244 0.026794
vt 0.255433 0.087786
vt 0.256827 0.085840
vt 0.252343 0.082371
vt 0.251010 0.084360
vt -0.296447 -0.033727
vt -0.294653 -0.032142
vt -0.292260 -0.032081
vt -0.290387 -0.033573
vt -0.289911 -0.035919
vt -0.291055 -0.038022
vt -0.293283 -0.038898
vt -0.295553 -0.038137
vt -0.296803 -0.036095
vt 0.091085 0.246714
vt 0.092648 0.244899
vt 0.088599 0.240730
vt 0.087014 0.242525
vt -0.163605 0.321449
vt -0.161411 0.320492
vt -0.163484 0.315172
vt -0.165717 0.316035
vt -0.371442 0.118945
vt -0.369221 0.119838
vt -0.367300 0.114597
vt -0.369470 0.113587
vt -0.312681 0.033208
vt -0.311098 0.035004
vt -0.307320 0.031024
vt -0.308831 0.029166
vt -0.178932 0.159423
vt -0.177505 0.161345
vt -0.173477 0.157641
vt -0.174891 0.155709
vt 0.020446 0.309688
vt 0.022288 0.311217
vt 0.025516 0.306711
vt 0.023629 0.305237
vt 0.301412 0.243872
vt 0.303805 0.243913
vt 0.303871 0.238247
vt 0.301478 0.238329
vt 0.358696 0.041310
vt 0.360565 0.039813
vt 0.357226 0.035091
vt 0.355433 0.036678
vt 0.249686 0.083145
vt 0.251118 0.081227
vt 0.246796 0.077298
vt 0.245411 0.079250
vt -0.310186 -0.025884
vt -0.308334 -0.024366
vt -0.305940 -0.024393
vt -0.304124 -0.025953
vt -0.303735 -0.028315
vt -0.304956 -0.030375
vt -0.307214 -0.031168
vt -0.309455 -0.030324
vt -0.310628 -0.028237
vt 0.072657 0.238088
vt 0.074226 0.236280
vt 0.070756 0.232190
vt 0.069157 0.233971
vt -0.179000 0.307408
vt -0.176807 0.306446
vt -0.178605 0.301485
vt -0.180831 0.302366
vt -0.371652 0.132105
vt -0.369385 0.132874
vt -0.367990 0.127883
vt -0.370225 0.127025
vt -0.316608 0.038855
vt -0.314980 0.040611
vt -0.311796 0.036594
vt -0.313381 0.034800
vt -0.168495 0.154062
vt -0.167066 0.155983
vt -0.163557 0.152235
vt -0.164992 0.150319
vt 0.042220 0.297077
vt 0.044074 0.298592
vt 0.046865 0.294203
vt 0.044969 0.292741
vt 0.303498 0.242001
vt 0.305889 0.242119
vt 0.306116 0.236826
vt 0.303722 0.236804
vt 0.363474 0.054576
vt 0.365409 0.053167
vt 0.362715 0.048512
vt 0.360829 0.049986
vt 0.247430 0.081761
vt 0.248878 0.079854
vt 0.245179 0.075915
vt 0.243752 0.077838
vt -0.320531 -0.016190
vt -0.318635 -0.014729
vt -0.316243 -0.014828
vt -0.314474 -0.016441
vt -0.314157 -0.018814
vt -0.315438 -0.020836
vt -0.317720 -0.021561
vt -0.319934 -0.020650
vt -0.321044 -0.018529
vt 0.028070 0.209377
vt 0.029688 0.207612
vt 0.026649 0.202860
vt 0.025018 0.204613
vt -0.208912 0.268506
vt -0.206706 0.267577
vt -0.208425 0.262307
vt -0.210668 0.263146
vt -0.369656 0.148800
vt -0.367336 0.149388
vt -0.366745 0.144009
vt -0.369030 0.143293
vt -0.320936 0.047862
vt -0.319224 0.049536
vt -0.316836 0.044796
vt -0.318470 0.043046
vt -0.137699 0.134355
vt -0.136235 0.136250
vt -0.133326 0.131844
vt -0.134766 0.129931
vt 0.091399 0.255506
vt 0.093306 0.256952
vt 0.095667 0.252162
vt 0.093723 0.250766
vt 0.308374 0.226781
vt 0.310759 0.226984
vt 0.311374 0.221557
vt 0.308982 0.221476
vt 0.369155 0.078469
vt 0.371195 0.077216
vt 0.369407 0.071923
vt 0.367438 0.073284
vt 0.237164 0.074190
vt 0.238657 0.072318
vt 0.235547 0.067591
vt 0.234114 0.069509
vt -0.333217 -0.005170
vt -0.331262 -0.003788
vt -0.328876 -0.003986
vt -0.327176 -0.005672
vt -0.326957 -0.008056
vt -0.328321 -0.010023
vt -0.330631 -0.010653
vt -0.332805 -0.009651
vt -0.333827 -0.007485
vt 0.042381 0.223134
vt 0.043969 0.221342
vt 0.040233 0.216381
vt 0.038626 0.218156
vt -0.200049 0.291324
vt -0.197901 0.290267
vt -0.200028 0.284552
vt -0.202224 0.285506
vt -0.373772 0.143932
vt -0.371431 0.144435
vt -0.370478 0.138563
vt -0.372783 0.137915
vt -0.315847 0.041078
vt -0.314080 0.042693
vt -0.311004 0.037736
vt -0.312690 0.036036
vt -0.146111 0.142109
vt -0.144626 0.143987
vt -0.141025 0.139432
vt -0.142488 0.137537
vt 0.074620 0.277852
vt 0.076459 0.279385
vt 0.079418 0.274304
vt 0.077532 0.272829
vt 0.310111 0.238630
vt 0.312483 0.238956
vt 0.313137 0.232973
vt 0.310751 0.232785
vt 0.366897 0.066367
vt 0.368975 0.065179
vt 0.366566 0.059510
vt 0.364562 0.060819
vt 0.236353 0.074848
vt 0.237901 0.073021
vt 0.234068 0.068102
vt 0.232581 0.069979
vt -0.346277 0.009145
vt -0.344258 0.010431
vt -0.341884 0.010118
vt -0.340267 0.008353
vt -0.340163 0.005961
vt -0.341621 0.004062
vt -0.343958 0.003544
vt -0.346081 0.004650
vt -0.346997 0.006861
vt 0.029594 0.215915
vt 0.031205 0.214145
vt 0.027965 0.209427
vt 0.026360 0.211203
vt -0.212148 0.281266
vt -0.210022 0.280164
vt -0.211896 0.274868
vt -0.214068 0.275874
vt -0.374975 0.148965
vt -0.372606 0.149311
vt -0.371949 0.143903
vt -0.374288 0.143390
vt -0.318132 0.048347
vt -0.316262 0.049843
vt -0.313774 0.045171
vt -0.315540 0.043555
vt -0.139114 0.138386
vt -0.137574 0.140219
vt -0.134583 0.135933
vt -0.136069 0.134055
vt 0.090953 0.266816
vt 0.092790 0.268351
vt 0.095253 0.263683
vt 0.093382 0.262189
vt 0.315578 0.233109
vt 0.317933 0.233538
vt 0.318571 0.228151
vt 0.316194 0.227867
vt 0.368968 0.076833
vt 0.371129 0.075803
vt 0.369258 0.070528
vt 0.367178 0.071713
vt 0.234814 0.075664
vt 0.236447 0.073914
vt 0.233204 0.069207
vt 0.231663 0.071039
vt -0.358954 0.024432
vt -0.356866 0.025603
vt -0.354513 0.025157
vt -0.352998 0.023304
vt -0.353028 0.020910
vt -0.354590 0.019096
vt -0.356953 0.018710
vt -0.359011 0.019933
vt -0.359801 0.022193
vt 0.016452 0.207488
vt 0.018058 0.205712
vt 0.014736 0.200965
vt 0.013110 0.202722
vt -0.218778 0.278566
vt -0.216688 0.277398
vt -0.218771 0.272108
vt -0.220912 0.273179
vt -0.376742 0.149826
vt -0.374359 0.150063
vt -0.373939 0.144532
vt -0.376303 0.144157
vt -0.312335 0.040932
vt -0.310422 0.042372
vt -0.307967 0.037516
vt -0.309813 0.035992
vt -0.126250 0.129089
vt -0.124694 0.130909
vt -0.121571 0.126481
vt -0.123110 0.124646
vt 0.100193 0.261911
vt 0.102001 0.263480
vt 0.104704 0.258701
vt 0.102849 0.257188
vt 0.318691 0.234645
vt 0.321025 0.235177
vt 0.321943 0.229631
vt 0.319583 0.229228
vt 0.367768 0.072855
vt 0.369968 0.071910
vt 0.368232 0.066426
vt 0.366088 0.067491
vt 0.224386 0.066341
vt 0.226053 0.064622
vt 0.222812 0.059787
vt 0.221196 0.061554
vt -0.367944 0.042821
vt -0.365799 0.043885
vt -0.363472 0.043321
vt -0.362053 0.041393
vt -0.362204 0.039004
vt -0.363855 0.037271
vt -0.366235 0.037005
vt -0.368228 0.038330
vt -0.368903 0.040627
vt -0.013086 0.184875
vt -0.011454 0.183123
vt -0.014740 0.177894
vt -0.016367 0.179650
vt -0.238127 0.257471
vt -0.236053 0.256274
vt -0.238333 0.250652
vt -0.240460 0.251752
vt -0.377480 0.154684
vt -0.375088 0.154764
vt -0.375201 0.148874
vt -0.377582 0.148618
vt -0.309831 0.041348
vt -0.307835 0.042671
vt -0.305847 0.037294
vt -0.307747 0.035838
vt -0.102820 0.110210
vt -0.101219 0.111990
vt -0.098334 0.107114
vt -0.099881 0.105287
vt 0.130533 0.235274
vt 0.132349 0.236834
vt 0.135006 0.231769
vt 0.133154 0.230252
vt 0.326143 0.224306
vt 0.328454 0.224931
vt 0.329718 0.219198
vt 0.327372 0.218720
vt 0.368374 0.082213
vt 0.370637 0.081430
vt 0.369488 0.075493
vt 0.367291 0.076443
vt 0.212371 0.055433
vt 0.214106 0.053783
vt 0.211149 0.048368
vt 0.209504 0.050108
vt -0.376223 0.065291
vt -0.374013 0.066212
vt -0.371728 0.065497
vt -0.370438 0.063480
vt -0.370745 0.061106
vt -0.372507 0.059485
vt -0.374899 0.059375
vt -0.376801 0.060829
vt -0.377324 0.063165
vt -0.052630 0.151144
vt -0.050993 0.149396
vt -0.054303 0.143631
vt -0.055944 0.145374
vt -0.261447 0.230638
vt -0.259413 0.229376
vt -0.262061 0.223444
vt -0.264171 0.224575
vt -0.378134 0.157419
vt -0.375742 0.157306
vt -0.376652 0.151101
vt -0.379043 0.150987
vt -0.302975 0.036207
vt -0.300893 0.037388
vt -0.299618 0.031444
vt -0.301592 0.030090
vt -0.067550 0.078487
vt -0.065919 0.080240
vt -0.063292 0.074836
vt -0.064866 0.073033
vt 0.167937 0.199424
vt 0.169733 0.201007
vt 0.172515 0.195588
vt 0.170664 0.194070
vt 0.335345 0.211229
vt 0.337617 0.211983
vt 0.339472 0.205973
vt 0.337146 0.205409
vt 0.366682 0.088214
vt 0.369003 0.087629
vt 0.368686 0.081124
vt 0.366431 0.081928
vt 0.191903 0.034178
vt 0.193704 0.032601
vt 0.191127 0.026466
vt 0.189429 0.028153
vt -0.381519 0.100033
vt -0.379235 0.100748
vt -0.377025 0.099827
vt -0.375923 0.097702
vt -0.376446 0.095365
vt -0.378348 0.093912
vt -0.380740 0.094021
vt -0.382502 0.095642
vt -0.382810 0.098016
vt -0.094447 0.114949
vt -0.092816 0.113196
vt -0.096016 0.107063
vt -0.097639 0.108823
vt -0.285555 0.203549
vt -0.283553 0.202236
vt -0.286542 0.196130
vt -0.288608 0.197341
vt -0.378185 0.159184
vt -0.375807 0.158919
vt -0.377546 0.152547
vt -0.379939 0.152616
vt -0.295651 0.032570
vt -0.293496 0.033613
vt -0.293076 0.027197
vt -0.295141 0.025985
vt -0.031303 0.044695
vt -0.029654 0.046430
vt -0.027317 0.040521
vt -0.028904 0.038729
vt 0.204726 0.165088
vt 0.206498 0.166697
vt 0.209419 0.160989
vt 0.207607 0.159424
vt 0.344983 0.197755
vt 0.347220 0.198608
vt 0.349654 0.192498
vt 0.347363 0.191802
vt 0.363622 0.096467
vt 0.365981 0.096060
vt 0.366662 0.089321
vt 0.364347 0.089931
vt 0.171455 0.012185
vt 0.173315 0.010677
vt 0.171399 0.004040
vt 0.169636 0.005661
vt -0.379895 0.133384
vt -0.377558 0.133904
vt -0.375433 0.132800
vt -0.374516 0.130588
vt -0.375234 0.128304
vt -0.377252 0.127017
vt -0.379626 0.127328
vt -0.381245 0.129092
vt -0.381351 0.131483
vt -0.098535 0.113377
vt -0.096867 0.111660
vt -0.098726 0.106137
vt -0.100353 0.107893
vt -0.304555 0.185403
vt -0.302592 0.184032
vt -0.304462 0.178616
vt -0.306480 0.179903
vt -0.378560 0.161285
vt -0.376203 0.160870
vt -0.377429 0.155476
vt -0.379813 0.155694
vt -0.305872 0.084433
vt -0.303615 0.085229
vt -0.303854 0.079906
vt -0.306027 0.078903
vt -0.048928 0.065536
vt -0.047161 0.067153
vt -0.046231 0.062024
vt -0.047901 0.060308
vt 0.225608 0.148958
vt 0.227361 0.150589
vt 0.228935 0.145594
vt 0.227164 0.143983
vt 0.356469 0.181296
vt 0.358667 0.182244
vt 0.360161 0.177065
vt 0.357907 0.176260
vt 0.361803 0.128376
vt 0.364189 0.128181
vt 0.364938 0.122628
vt 0.362581 0.123042
vt 0.193116 0.054848
vt 0.195124 0.053545
vt 0.194402 0.047813
vt 0.192509 0.049277
vt -0.371867 0.171512
vt -0.369490 0.171798
vt -0.367485 0.170490
vt -0.366791 0.168198
vt -0.367731 0.165997
vt -0.369867 0.164915
vt -0.372198 0.165459
vt -0.373635 0.167375
vt -0.373504 0.169765
vt -0.203114 0.028194
vt -0.201569 0.026365
vt -0.204820 0.020129
vt -0.206334 0.021983
vt -0.336042 0.152341
vt -0.334180 0.150836
vt -0.338161 0.145239
vt -0.340120 0.146613
vt -0.374983 0.161807
vt -0.372686 0.161136
vt -0.376406 0.155700
vt -0.378769 0.156077
vt -0.271641 0.008253
vt -0.269325 0.008859
vt -0.271453 0.002906
vt -0.273662 0.001983
vt 0.088346 -0.061935
vt 0.089962 -0.060169
vt 0.091488 -0.066173
vt 0.089990 -0.068040
vt 0.296417 0.091582
vt 0.298031 0.093350
vt 0.301394 0.088073
vt 0.299733 0.086349
vt 0.364151 0.171964
vt 0.366255 0.173103
vt 0.370090 0.167873
vt 0.367886 0.166943
vt 0.350600 0.108856
vt 0.352991 0.108945
vt 0.356175 0.102962
vt 0.353795 0.103212
vt 0.105535 -0.071444
vt 0.107540 -0.072752
vt 0.107343 -0.079745
vt 0.105496 -0.078221
vt -0.344079 0.228407
vt -0.341686 0.228330
vt -0.339903 0.226733
vt -0.339563 0.224363
vt -0.340827 0.222329
vt -0.343102 0.221583
vt -0.345324 0.222474
vt -0.346453 0.224585
vt -0.345962 0.226928
vt 0.343477 0.130236
vt 0.341084 0.130198
vt 0.338017 0.135410
vt 0.340393 0.135697
vt 0.372533 0.169350
vt 0.370433 0.168203
vt 0.367241 0.173161
vt 0.369265 0.174438
vt 0.316059 0.088225
vt 0.314497 0.086411
vt 0.311913 0.091700
vt 0.313467 0.093522
vt 0.069088 -0.055602
vt 0.067416 -0.057316
vt 0.066969 -0.051313
vt 0.068761 -0.049725
vt -0.270387 0.053184
vt -0.272704 0.052583
vt -0.270266 0.058326
vt -0.267897 0.058663
vt -0.369576 0.161273
vt -0.371884 0.161903
vt -0.368483 0.167377
vt -0.366239 0.166545
vt -0.351712 0.142445
vt -0.353550 0.143978
vt -0.350175 0.149575
vt -0.348397 0.147972
vt -0.214228 0.013915
vt -0.215742 0.015770
vt -0.213592 0.021869
vt -0.212017 0.020065
vt 0.129349 -0.037531
vt 0.127301 -0.036292
vt 0.126182 -0.030120
vt 0.128347 -0.031142
vt -0.310227 0.270909
vt -0.307861 0.270541
vt -0.306285 0.268739
vt -0.306236 0.266346
vt -0.307737 0.264480
vt -0.310086 0.264017
vt -0.312183 0.265171
vt -0.313048 0.267403
vt -0.312275 0.269669
vt 0.345962 0.226928
vt 0.346453 0.224585
vt 0.345324 0.222474
vt 0.343102 0.221583
vt 0.340827 0.222329
vt 0.339563 0.224363
vt 0.339903 0.226733
vt 0.341686 0.228330
vt 0.344079 0.228407
vt -0.291953 0.001795
vt -0.290642 -0.000209
vt -0.294156 -0.005816
vt -0.295414 -0.003779
vt -0.363731 0.153005
vt -0.362154 0.151205
vt -0.366787 0.146714
vt -0.368484 0.148401
vt -0.356943 0.171066
vt -0.354827 0.169952
vt -0.359529 0.165982
vt -0.361778 0.166794
vt -0.245647 -0.007707
vt -0.243253 -0.007678
vt -0.247083 -0.012128
vt -0.249439 -0.012555
vt 0.200285 -0.119274
vt 0.201752 -0.117383
vt 0.203052 -0.122960
vt 0.201741 -0.124962
vt 0.352897 0.104914
vt 0.354122 0.106972
vt 0.358050 0.102736
vt 0.356781 0.100706
vt 0.361860 0.183352
vt 0.363709 0.184868
vt 0.368296 0.180995
vt 0.366308 0.179667
vt 0.322491 0.118906
vt 0.324801 0.119529
vt 0.329361 0.115162
vt 0.326981 0.114921
vt 0.055789 -0.144682
vt 0.057971 -0.145667
vt 0.059376 -0.152075
vt 0.057349 -0.150801
vt -0.247469 0.317236
vt -0.245199 0.316476
vt -0.243948 0.314435
vt -0.244301 0.312067
vt -0.246094 0.310481
vt -0.248488 0.310418
vt -0.250361 0.311908
vt -0.250839 0.314254
vt -0.249696 0.316358
vt -0.280961 0.000178
vt -0.279538 -0.001748
vt -0.282670 -0.006699
vt -0.284024 -0.004724
vt -0.359927 0.163366
vt -0.358442 0.161489
vt -0.362625 0.157552
vt -0.364199 0.159357
vt -0.349420 0.161614
vt -0.347431 0.160282
vt -0.351544 0.156638
vt -0.353666 0.157745
vt -0.232094 -0.024753
vt -0.229711 -0.024985
vt -0.232772 -0.029229
vt -0.235165 -0.029311
vt 0.161427 -0.122841
vt 0.163192 -0.121224
vt 0.164180 -0.126204
vt 0.162545 -0.127953
vt 0.344257 0.106522
vt 0.345524 0.108554
vt 0.348949 0.104783
vt 0.347667 0.102761
vt 0.357386 0.186090
vt 0.359109 0.187752
vt 0.363117 0.184317
vt 0.361270 0.182794
vt 0.309979 0.095832
vt 0.312207 0.096706
vt 0.316061 0.092714
vt 0.313741 0.092129
vt 0.060852 -0.139488
vt 0.063141 -0.140187
vt 0.064300 -0.145851
vt 0.062105 -0.144894
vt -0.193201 0.340092
vt -0.191034 0.339073
vt -0.190029 0.336900
vt -0.190656 0.334589
vt -0.192621 0.333222
vt -0.195006 0.333438
vt -0.196693 0.335137
vt -0.196895 0.337522
vt -0.195515 0.339479
vt -0.341247 0.041487
vt -0.340314 0.039282
vt -0.344004 0.034669
vt -0.344903 0.036887
vt -0.354963 0.193125
vt -0.353774 0.191048
vt -0.358530 0.187742
vt -0.359817 0.189760
vt -0.320120 0.182470
vt -0.318238 0.180993
vt -0.323062 0.178171
vt -0.325072 0.179468
vt -0.216584 -0.014663
vt -0.214232 -0.015106
vt -0.218562 -0.018328
vt -0.220950 -0.018152
vt 0.256294 -0.121381
vt 0.257666 -0.119419
vt 0.258873 -0.124583
vt 0.257609 -0.126616
vt 0.353279 0.166523
vt 0.354043 0.168792
vt 0.358265 0.165517
vt 0.357462 0.163262
vt 0.330590 0.212685
vt 0.332113 0.214531
vt 0.336841 0.211717
vt 0.335197 0.209978
vt 0.282063 0.118458
vt 0.284223 0.119486
vt 0.289037 0.116409
vt 0.286778 0.115621
vt 0.039533 -0.180525
vt 0.041857 -0.181101
vt 0.044463 -0.186367
vt 0.042203 -0.185576
vt -0.144537 0.347039
vt -0.142467 0.345836
vt -0.141655 0.343584
vt -0.142481 0.341336
vt -0.144558 0.340146
vt -0.146914 0.340569
vt -0.148447 0.342407
vt -0.148440 0.344801
vt -0.146896 0.346631
vt -0.328728 0.032121
vt -0.327661 0.029978
vt -0.332287 0.025776
vt -0.333322 0.027934
vt -0.353536 0.185219
vt -0.352385 0.183119
vt -0.357757 0.180209
vt -0.359028 0.182238
vt -0.330962 0.151014
vt -0.329281 0.149310
vt -0.334500 0.146637
vt -0.336357 0.148148
vt -0.224863 -0.088060
vt -0.222601 -0.088842
vt -0.226750 -0.092647
vt -0.229087 -0.092128
vt 0.249317 -0.126262
vt 0.250822 -0.124400
vt 0.253248 -0.129352
vt 0.251845 -0.131293
vt 0.349898 0.144952
vt 0.350805 0.147167
vt 0.355560 0.144268
vt 0.354602 0.142074
vt 0.340533 0.192743
vt 0.341932 0.194685
vt 0.347111 0.192144
vt 0.345551 0.190329
vt 0.296830 0.059137
vt 0.298797 0.060501
vt 0.303886 0.057277
vt 0.301770 0.056158
vt 0.020074 -0.223083
vt 0.022422 -0.223547
vt 0.023911 -0.229582
vt 0.021613 -0.228907
vt -0.100253 0.343466
vt -0.098273 0.342120
vt -0.097621 0.339816
vt -0.098602 0.337633
vt -0.100758 0.336590
vt -0.103078 0.337178
vt -0.104479 0.339119
vt -0.104304 0.341507
vt -0.102635 0.343224
vt -0.349389 0.132527
vt -0.349045 0.130158
vt -0.353540 0.127022
vt -0.353848 0.129396
vt -0.322671 0.229680
vt -0.321849 0.227432
vt -0.326858 0.225373
vt -0.327741 0.227598
vt -0.286899 0.174972
vt -0.285254 0.173233
vt -0.290235 0.171466
vt -0.291982 0.173102
vt -0.201729 -0.062503
vt -0.199489 -0.063349
vt -0.204096 -0.065658
vt -0.206394 -0.064987
vt 0.324119 -0.043091
vt 0.324935 -0.040840
vt 0.327542 -0.045199
vt 0.326818 -0.047481
vt 0.322961 0.224702
vt 0.323291 0.227073
vt 0.327942 0.224994
vt 0.327596 0.222625
vt 0.294118 0.224773
vt 0.295348 0.226826
vt 0.300245 0.225097
vt 0.298930 0.223098
vt 0.254116 0.089505
vt 0.256093 0.090855
vt 0.261053 0.088897
vt 0.258984 0.087694
vt 0.015470 -0.239339
vt 0.017843 -0.239658
vt 0.020811 -0.244226
vt 0.018465 -0.243752
vt -0.068655 0.338426
vt -0.066734 0.336998
vt -0.066180 0.334668
vt -0.067253 0.332528
vt -0.069451 0.331579
vt -0.071745 0.332264
vt -0.073062 0.334263
vt -0.072785 0.336641
vt -0.071045 0.338286
vt -0.344310 0.105086
vt -0.343716 0.102766
vt -0.348915 0.099860
vt -0.349467 0.102190
vt -0.332795 0.211334
vt -0.331969 0.209087
vt -0.337507 0.207261
vt -0.338449 0.209462
vt -0.306802 0.144727
vt -0.305393 0.142793
vt -0.310753 0.141170
vt -0.312355 0.142948
vt -0.227713 -0.103365
vt -0.225686 -0.104639
vt -0.230409 -0.107201
vt -0.232566 -0.106161
vt 0.317709 -0.050028
vt 0.318692 -0.047846
vt 0.322154 -0.051801
vt 0.321291 -0.054034
vt 0.332292 0.199084
vt 0.332782 0.201428
vt 0.337779 0.199665
vt 0.337247 0.197331
vt 0.313303 0.200668
vt 0.314412 0.202789
vt 0.319682 0.201273
vt 0.318407 0.199247
vt 0.279854 0.045392
vt 0.281552 0.047080
vt 0.286908 0.045052
vt 0.285027 0.043571
vt 0.011460 -0.264765
vt 0.013851 -0.264883
vt 0.016120 -0.270345
vt 0.013749 -0.270014
vt -0.029695 0.324401
vt -0.027847 0.322879
vt -0.027409 0.320526
vt -0.028586 0.318441
vt -0.030828 0.317601
vt -0.033085 0.318399
vt -0.034302 0.320461
vt -0.033908 0.322822
vt -0.032089 0.324378
vt -0.335433 0.154984
vt -0.335176 0.152603
vt -0.341090 0.150586
vt -0.341329 0.152968
vt -0.318379 0.221592
vt -0.317727 0.219288
vt -0.323738 0.218073
vt -0.324501 0.220342
vt -0.299126 0.137482
vt -0.297886 0.135434
vt -0.303725 0.134354
vt -0.305140 0.136285
vt -0.246292 -0.103948
vt -0.244511 -0.105548
vt -0.249940 -0.107468
vt -0.251853 -0.106029
vt 0.335758 0.037056
vt 0.336180 0.039412
vt 0.340993 0.036406
vt 0.340660 0.034036
vt 0.316860 0.220361
vt 0.317154 0.222737
vt 0.322759 0.221563
vt 0.322414 0.219194
vt 0.302761 0.198561
vt 0.303714 0.200757
vt 0.309513 0.199738
vt 0.308408 0.197615
vt 0.280972 0.036631
vt 0.282463 0.038504
vt 0.288381 0.037075
vt 0.286720 0.035352
vt 0.023120 -0.289457
vt 0.025510 -0.289318
vt 0.028406 -0.294835
vt 0.026012 -0.294815
vt -0.001654 0.307704
vt 0.000148 0.306127
vt 0.000515 0.303762
vt -0.000724 0.301713
vt -0.002990 0.300941
vt -0.005223 0.301806
vt -0.006377 0.303903
vt -0.005913 0.306252
vt -0.004048 0.307753
vt -0.297694 0.237545
vt -0.298036 0.235176
vt -0.304010 0.234632
vt -0.303657 0.237000
vt -0.288538 0.240299
vt -0.288134 0.237940
vt -0.294010 0.237633
vt -0.294527 0.239970
vt -0.280304 0.132838
vt -0.279199 0.130715
vt -0.284895 0.130520
vt -0.286180 0.132539
vt -0.267191 -0.089744
vt -0.265753 -0.091659
vt -0.271279 -0.091958
vt -0.272874 -0.090172
vt 0.285581 0.220212
vt 0.284748 0.222456
vt 0.290197 0.222077
vt 0.291104 0.219862
vt 0.276046 0.263116
vt 0.275946 0.265508
vt 0.281460 0.265370
vt 0.281506 0.262976
vt 0.275596 0.202796
vt 0.276379 0.205058
vt 0.282048 0.204873
vt 0.281110 0.202671
vt 0.273478 0.030963
vt 0.274800 0.032958
vt 0.280648 0.032602
vt 0.279145 0.030738
vt 0.116502 -0.296399
vt 0.118691 -0.295432
vt 0.123405 -0.299126
vt 0.121159 -0.299954
vt 0.023792 0.287959
vt 0.025558 0.286342
vt 0.025871 0.283969
vt 0.024586 0.281949
vt 0.022303 0.281228
vt 0.020090 0.282143
vt 0.018984 0.284267
vt 0.019501 0.286604
vt 0.021400 0.288062
vt -0.311659 0.198240
vt -0.311660 0.195845
vt -0.317658 0.195048
vt -0.317618 0.197442
vt -0.301482 0.224527
vt -0.301131 0.222159
vt -0.307014 0.221706
vt -0.307513 0.224047
vt -0.292667 0.125221
vt -0.291900 0.122953
vt -0.297522 0.122590
vt -0.298548 0.124752
vt -0.274644 -0.075848
vt -0.273569 -0.077987
vt -0.278907 -0.078631
vt -0.280223 -0.076631
vt 0.311623 0.148865
vt 0.311438 0.151251
vt 0.316605 0.150325
vt 0.316922 0.147952
vt 0.294879 0.237970
vt 0.294929 0.240363
vt 0.300227 0.240055
vt 0.300119 0.237663
vt 0.291060 0.188894
vt 0.291632 0.191219
vt 0.297149 0.190899
vt 0.296362 0.188638
vt 0.285127 0.032864
vt 0.286052 0.035071
vt 0.291831 0.034519
vt 0.290637 0.032444
vt 0.128492 -0.279664
vt 0.130520 -0.278392
vt 0.134984 -0.282421
vt 0.132848 -0.283502
vt 0.055672 0.262123
vt 0.057399 0.260465
vt 0.057655 0.258085
vt 0.056322 0.256096
vt 0.054022 0.255430
vt 0.051833 0.256398
vt 0.050777 0.258547
vt 0.051350 0.260872
vt 0.053283 0.262284
vt -0.317093 0.163029
vt -0.316860 0.160646
vt -0.322877 0.159746
vt -0.323150 0.162124
vt -0.309512 0.212056
vt -0.309204 0.209681
vt -0.315136 0.209165
vt -0.315572 0.211519
vt -0.302931 0.130689
vt -0.302433 0.128348
vt -0.308209 0.127838
vt -0.308860 0.130142
vt -0.284933 -0.053460
vt -0.284155 -0.055724
vt -0.289745 -0.056775
vt -0.290629 -0.054549
vt 0.321468 0.065827
vt 0.321918 0.068179
vt 0.327361 0.066571
vt 0.326923 0.064218
vt 0.310603 0.205662
vt 0.310822 0.208046
vt 0.316560 0.207490
vt 0.316251 0.205116
vt 0.305116 0.183711
vt 0.305518 0.186071
vt 0.311414 0.185581
vt 0.310862 0.183251
vt 0.296917 0.048654
vt 0.297516 0.050972
vt 0.303531 0.050245
vt 0.302793 0.047968
vt 0.137945 -0.267107
vt 0.139875 -0.265690
vt 0.144058 -0.270162
vt 0.142090 -0.271525
vt 0.064176 0.243998
vt 0.065895 0.242332
vt 0.066140 0.239950
vt 0.064798 0.237968
vt 0.062495 0.237312
vt 0.060310 0.238290
vt 0.059265 0.240444
vt 0.059848 0.242766
vt 0.061788 0.244170
vt -0.267729 0.253796
vt -0.268143 0.251438
vt -0.274201 0.251624
vt -0.273713 0.253968
vt -0.271163 0.232887
vt -0.271123 0.230493
vt -0.277078 0.230606
vt -0.277222 0.232996
vt -0.272030 0.114674
vt -0.271594 0.112320
vt -0.277316 0.112487
vt -0.277986 0.114786
vt -0.277482 -0.056065
vt -0.276936 -0.058397
vt -0.282395 -0.057986
vt -0.283197 -0.055730
vt 0.243282 0.249676
vt 0.242432 0.251914
vt 0.247718 0.252528
vt 0.248715 0.250351
vt 0.259001 0.261548
vt 0.258740 0.263928
vt 0.264072 0.264166
vt 0.264318 0.261785
vt 0.264773 0.183082
vt 0.265034 0.185462
vt 0.270545 0.185632
vt 0.270107 0.183278
vt 0.271450 0.026721
vt 0.272004 0.029050
vt 0.277773 0.029224
vt 0.276958 0.026972
vt 0.305715 -0.073070
vt 0.305687 -0.070676
vt 0.311454 -0.069067
vt 0.311255 -0.071453
vt 0.094220 0.222255
vt 0.095921 0.220570
vt 0.096140 0.218186
vt 0.094776 0.216219
vt 0.092466 0.215588
vt 0.090292 0.216591
vt 0.089270 0.218756
vt 0.089879 0.221071
vt 0.091835 0.222453
vt -0.236337 0.281236
vt -0.236988 0.278933
vt -0.242977 0.279871
vt -0.242309 0.282170
vt -0.255514 0.234687
vt -0.255632 0.232296
vt -0.261544 0.232877
vt -0.261548 0.235272
vt -0.266173 0.109685
vt -0.265945 0.107302
vt -0.271645 0.107942
vt -0.272081 0.110296
vt -0.289940 -0.024274
vt -0.289882 -0.026668
vt -0.295252 -0.025276
vt -0.295509 -0.022896
vt 0.181478 0.300941
vt 0.180207 0.302970
vt 0.185338 0.304837
vt 0.186685 0.302857
vt 0.240261 0.269993
vt 0.239853 0.272352
vt 0.245322 0.273068
vt 0.245675 0.270700
vt 0.256458 0.178296
vt 0.256546 0.180689
vt 0.262204 0.181268
vt 0.261942 0.178888
vt 0.273329 0.030205
vt 0.273592 0.032585
vt 0.279436 0.033373
vt 0.278957 0.031027
vt 0.289353 0.141661
vt 0.287705 0.143398
vt 0.291007 0.148462
vt 0.292541 0.146623
vt 0.113306 0.200722
vt 0.115001 0.199032
vt 0.115213 0.196647
vt 0.113843 0.194684
vt 0.111531 0.194061
vt 0.109360 0.195070
vt 0.108345 0.197238
vt 0.108962 0.199552
vt 0.110921 0.200928
vt -0.192987 0.310161
vt -0.193913 0.307954
vt -0.199812 0.308639
vt -0.198861 0.310836
vt -0.210177 0.241123
vt -0.210507 0.238752
vt -0.216332 0.239182
vt -0.216099 0.241564
vt -0.219172 0.089034
vt -0.218913 0.086654
vt -0.224560 0.087128
vt -0.224996 0.089482
vt -0.241657 -0.089853
vt -0.241184 -0.092200
vt -0.246593 -0.091211
vt -0.247244 -0.088907
vt 0.148723 0.317460
vt 0.147332 0.319409
vt 0.152597 0.320667
vt 0.154062 0.318774
vt 0.192888 0.288210
vt 0.192205 0.290505
vt 0.197633 0.290998
vt 0.198279 0.288693
vt 0.206780 0.170837
vt 0.206764 0.173231
vt 0.212342 0.173649
vt 0.212214 0.171258
vt 0.223952 -0.006976
vt 0.224412 -0.004626
vt 0.230161 -0.004069
vt 0.229512 -0.006373
vt 0.309116 0.032718
vt 0.307992 0.034832
vt 0.311846 0.039316
vt 0.312836 0.037136
vt 0.131977 0.182839
vt 0.133674 0.181150
vt 0.133888 0.178765
vt 0.132519 0.176801
vt 0.130208 0.176176
vt 0.128036 0.177183
vt 0.127019 0.179351
vt 0.127633 0.181665
vt 0.129591 0.183042
vt -0.071800 0.341390
vt -0.073350 0.339565
vt -0.078384 0.341820
vt -0.076829 0.343641
vt -0.137614 0.235691
vt -0.138149 0.233357
vt -0.143310 0.235071
vt -0.142851 0.237421
vt -0.187883 0.073624
vt -0.187651 0.071241
vt -0.192627 0.073107
vt -0.192998 0.075472
vt -0.293542 0.003516
vt -0.294074 0.001181
vt -0.297491 0.005105
vt -0.297097 0.007467
vt -0.013612 0.358538
vt -0.015722 0.359668
vt -0.011480 0.362598
vt -0.009345 0.361516
vt 0.095326 0.290740
vt 0.094250 0.292878
vt 0.099106 0.294716
vt 0.100149 0.292561
vt 0.151233 0.157957
vt 0.151154 0.160350
vt 0.156175 0.162039
vt 0.156143 0.159645
vt 0.226454 -0.010574
vt 0.226707 -0.008194
vt 0.231585 -0.005826
vt 0.231182 -0.008185
vt 0.203621 0.280414
vt 0.201293 0.280974
vt 0.199594 0.286215
vt 0.201896 0.285555
vt 0.146006 0.166944
vt 0.147707 0.165259
vt 0.147928 0.162876
vt 0.146565 0.160908
vt 0.144255 0.160276
vt 0.142081 0.161277
vt 0.141058 0.163441
vt 0.141666 0.165757
vt 0.143620 0.167140
vt -0.028913 0.331092
vt -0.030624 0.329418
vt -0.035010 0.332442
vt -0.033320 0.334138
vt -0.118668 0.226013
vt -0.119283 0.223700
vt -0.123926 0.226184
vt -0.123373 0.228513
vt -0.201706 0.070106
vt -0.201632 0.067713
vt -0.206055 0.070450
vt -0.206206 0.072840
vt -0.302023 0.118324
vt -0.303363 0.116341
vt -0.304941 0.121257
vt -0.303641 0.123268
vt -0.053311 0.345775
vt -0.055520 0.346698
vt -0.051826 0.350314
vt -0.049619 0.349385
vt 0.071129 0.280704
vt 0.069956 0.282791
vt 0.074454 0.285436
vt 0.075585 0.283326
vt 0.153145 0.149138
vt 0.152985 0.151526
vt 0.157647 0.154014
vt 0.157733 0.151622
vt 0.261468 0.019535
vt 0.261288 0.021923
vt 0.265292 0.025456
vt 0.265402 0.023064
vt 0.187734 0.303584
vt 0.185370 0.303963
vt 0.183362 0.308930
vt 0.185723 0.308531
vt 0.150291 0.154760
vt 0.151994 0.153076
vt 0.152216 0.150693
vt 0.150855 0.148724
vt 0.148546 0.148091
vt 0.146370 0.149090
vt 0.145346 0.151254
vt 0.145952 0.153570
vt 0.147905 0.154954
vt -0.092145 0.019406
vt -0.093251 0.017066
vt -0.096868 0.018775
vt -0.095762 0.021115
vt -0.119665 -0.031422
vt -0.120861 -0.033717
vt -0.124408 -0.031869
vt -0.123213 -0.029574
vt -0.148288 -0.035443
vt -0.149938 -0.037437
vt -0.153019 -0.034886
vt -0.151368 -0.032892
vt -0.141292 0.068609
vt -0.143843 0.068170
vt -0.144522 0.072112
vt -0.141971 0.072551
vt -0.011459 0.134222
vt -0.013374 0.135963
vt -0.010683 0.138922
vt -0.008768 0.137181
vt 0.058073 0.082944
vt 0.056787 0.085191
vt 0.060258 0.087178
vt 0.061544 0.084931
vt 0.093251 0.017066
vt 0.092145 0.019406
vt 0.095762 0.021115
vt 0.096868 0.018775
vt 0.120861 -0.033717
vt 0.119665 -0.031422
vt 0.123213 -0.029574
vt 0.124408 -0.031869
vt 0.149938 -0.037437
vt 0.148288 -0.035443
vt 0.151368 -0.032892
vt 0.153019 -0.034886
vt 0.143843 0.068170
vt 0.141292 0.068609
vt 0.141971 0.072551
vt 0.144522 0.072112
vt 0.013374 0.135963
vt 0.011459 0.134222
vt 0.008768 0.137181
vt 0.010683 0.138922
vt -0.056787 0.085191
vt -0.058073 0.082944
vt -0.061544 0.084931
vt -0.060258 0.087178
vt -0.121875 -0.031807
vt -0.121665 -0.034387
vt -0.122773 -0.036726
vt -0.124902 -0.038198
vt -0.127482 -0.038408
vt -0.129821 -0.037300
vt -0.131293 -0.035171
vt -0.131503 -0.032591
vt -0.130395 -0.030252
vt -0.128266 -0.028780
vt -0.125686 -0.028570
vt -0.123347 -0.029678
vt 0.123347 -0.029678
vt 0.125686 -0.028570
vt 0.128266 -0.028780
vt 0.130395 -0.030252
vt 0.131503 -0.032591
vt 0.131293 -0.035171
vt 0.129821 -0.037300
vt 0.127482 -0.038408
vt 0.124902 -0.038198
vt 0.122773 -0.036726
vt 0.121665 -0.034387
vt 0.121875 -0.031807
vt -0.062857 -0.030297
vt -0.063748 -0.032183
vt -0.274041 0.065758
vt -0.273151 0.067644
vt -0.024697 0.048677
vt -0.025661 0.046827
vt -0.232043 0.152763
vt -0.231079 0.154612
vt 0.035056 0.113012
vt 0.033730 0.111402
vt -0.146106 0.257944
vt -0.144780 0.259554
vt 0.148192 0.071203
vt 0.146137 0.070845
vt 0.105616 0.299261
vt 0.107671 0.299619
vt 0.151229 -0.079020
vt 0.149694 -0.077607
vt 0.306752 0.093123
vt 0.308287 0.091711
vt 0.101144 -0.089154
vt 0.100113 -0.087341
vt 0.302110 0.026733
vt 0.303141 0.024920
vt 0.063769 -0.032173
vt 0.062879 -0.030287
vt 0.273172 0.067655
vt 0.274063 0.065768
vt 0.025661 0.046827
vt 0.024697 0.048677
vt 0.231079 0.154612
vt 0.232043 0.152763
vt -0.033748 0.111387
vt -0.035075 0.112997
vt 0.144762 0.259539
vt 0.146088 0.257929
vt -0.146144 0.070805
vt -0.148199 0.071163
vt -0.107679 0.299579
vt -0.105624 0.299221
vt -0.149662 -0.077643
vt -0.151197 -0.079055
vt -0.308255 0.091675
vt -0.306720 0.093087
vt -0.100077 -0.087362
vt -0.101109 -0.089175
vt -0.303106 0.024900
vt -0.302075 0.026713
vt -0.287308 -0.084415
vt -0.286814 -0.082799
vt -0.284704 -0.083236
vt -0.285313 -0.085231
vt -0.163748 -0.039272
vt -0.161863 -0.038380
vt -0.159784 -0.038549
vt -0.158068 -0.039735
vt -0.157175 -0.041620
vt -0.157345 -0.043699
vt -0.158531 -0.045414
vt -0.160416 -0.046307
vt -0.162494 -0.046138
vt -0.164210 -0.044952
vt -0.165103 -0.043067
vt -0.164934 -0.040988
vt 0.056264 0.315951
vt 0.057568 0.314878
vt 0.056358 0.313094
vt 0.054747 0.314420
vt 0.263855 0.185807
vt 0.264308 0.184180
vt 0.262294 0.183413
vt 0.261734 0.185422
vt 0.291753 0.126785
vt 0.292276 0.125178
vt 0.290297 0.124325
vt 0.289651 0.126308
vt 0.307898 0.083652
vt 0.308618 0.082124
vt 0.306762 0.081029
vt 0.305872 0.082916
vt 0.312270 0.082323
vt 0.313306 0.080988
vt 0.311731 0.079516
vt 0.310453 0.081165
vt 0.275195 0.154580
vt 0.276664 0.153745
vt 0.275776 0.151781
vt 0.273962 0.152812
vt 0.130057 0.255498
vt 0.131737 0.255671
vt 0.132155 0.253557
vt 0.130080 0.253343
vt -0.049765 0.235987
vt -0.048436 0.237029
vt -0.046956 0.235462
vt -0.048597 0.234175
vt -0.155172 0.135196
vt -0.154249 0.136611
vt -0.152343 0.135604
vt -0.153483 0.133857
vt -0.212553 0.026205
vt -0.211905 0.027765
vt -0.209847 0.027125
vt -0.210647 0.025199
vt -0.250621 -0.058633
vt -0.250137 -0.057015
vt -0.248024 -0.057440
vt -0.248622 -0.059438
vt -0.093863 -0.235199
vt -0.094437 -0.234109
vt -0.093375 -0.233291
vt -0.092588 -0.234786
vt 0.218913 -0.195767
vt 0.217729 -0.196104
vt 0.217147 -0.194896
vt 0.218773 -0.194434
vt 0.312519 0.017687
vt 0.312160 0.016509
vt 0.310830 0.016674
vt 0.311322 0.018291
vt 0.313495 0.058559
vt 0.313607 0.057332
vt 0.312312 0.056985
vt 0.312159 0.058667
vt 0.310448 0.067735
vt 0.310918 0.066597
vt 0.309784 0.065881
vt 0.309139 0.067443
vt 0.294340 0.091216
vt 0.295156 0.090293
vt 0.294317 0.089247
vt 0.293199 0.090513
vt 0.243809 0.142555
vt 0.244930 0.142047
vt 0.244593 0.140749
vt 0.243054 0.141447
vt 0.141239 0.187034
vt 0.142467 0.187133
vt 0.142801 0.185835
vt 0.141117 0.185699
vt 0.020326 0.166396
vt 0.021364 0.167058
vt 0.022267 0.166067
vt 0.020843 0.165159
vt -0.069912 0.084276
vt -0.069203 0.085284
vt -0.067991 0.084711
vt -0.068963 0.083329
vt -0.122309 -0.022134
vt -0.121946 -0.020957
vt -0.120617 -0.021127
vt -0.121114 -0.022741
vt -0.140870 -0.129272
vt -0.140883 -0.128040
vt -0.139564 -0.127798
vt -0.139546 -0.129487
vt 0.162775 -0.042821
vt 0.162875 -0.044048
vt 0.162348 -0.045161
vt 0.161335 -0.045862
vt 0.160107 -0.045962
vt 0.158994 -0.045434
vt 0.158294 -0.044421
vt 0.158194 -0.043194
vt 0.158721 -0.042081
vt 0.159734 -0.041380
vt 0.160962 -0.041280
vt 0.162075 -0.041808
vt -0.105902 0.252606
vt -0.028597 0.197388
vt -0.030922 0.194134
vt -0.108227 0.249351
vt 0.030922 0.194134
vt 0.028597 0.197388
vt 0.105902 0.252606
vt 0.108227 0.249351
vt -0.162249 -0.043993
vt -0.194873 -0.135342
vt -0.284339 -0.103390
vt -0.251714 -0.012041
vt 0.284339 -0.103390
vt 0.194873 -0.135342
vt 0.162249 -0.043993
vt 0.251714 -0.012041
vt -0.211532 -0.110014
vt -0.215110 -0.108226
vt -0.171730 -0.021466
vt -0.168152 -0.023255
vt 0.171730 -0.021466
vt 0.215110 -0.108226
vt 0.211532 -0.110014
vt 0.168152 -0.023255
vt -0.103471 -0.115665
vt -0.104346 -0.117559
vt -0.225961 -0.061345
vt -0.225086 -0.059452
vt -0.143131 -0.180179
vt -0.144081 -0.182036
vt -0.263364 -0.121033
vt -0.262415 -0.119176
vt -0.188333 -0.158675
vt -0.189653 -0.160290
vt -0.293385 -0.075498
vt -0.292065 -0.073883
vt -0.198160 0.013587
vt -0.200218 0.013250
vt -0.221843 0.145471
vt -0.219785 0.145808
vt -0.036375 0.096498
vt -0.037895 0.097926
vt 0.053872 0.195543
vt 0.055391 0.194114
vt 0.055849 -0.006925
vt 0.054832 -0.005103
vt 0.171824 0.060189
vt 0.172840 0.058367
vt 0.104347 -0.117559
vt 0.103472 -0.115666
vt 0.225086 -0.059452
vt 0.225961 -0.061345
vt 0.144080 -0.182036
vt 0.143131 -0.180179
vt 0.262415 -0.119176
vt 0.263364 -0.121033
vt 0.189653 -0.160290
vt 0.188333 -0.158675
vt 0.292065 -0.073883
vt 0.293385 -0.075498
vt 0.200218 0.013250
vt 0.198160 0.013587
vt 0.219785 0.145808
vt 0.221843 0.145471
vt 0.037895 0.097926
vt 0.036375 0.096498
vt -0.055392 0.194114
vt -0.053872 0.195542
vt -0.054832 -0.005103
vt -0.055848 -0.006925
vt -0.172840 0.058368
vt -0.171824 0.060189
vt -0.212827 0.156409
vt -0.212369 0.158035
vt -0.210250 0.157644
vt -0.210816 0.155636
vt 0.179966 -0.160623
vt 0.181846 -0.159719
vt 0.183926 -0.159876
vt 0.185648 -0.161053
vt 0.186552 -0.162932
vt 0.186395 -0.165012
vt 0.185219 -0.166735
vt 0.183339 -0.167639
vt 0.181259 -0.167481
vt 0.179537 -0.166305
vt 0.178633 -0.164425
vt 0.178790 -0.162346
vt 0.290316 0.043445
vt 0.291606 0.042354
vt 0.290371 0.040587
vt 0.288779 0.041935
vt 0.235921 -0.188494
vt 0.236350 -0.190128
vt 0.234324 -0.190865
vt 0.233795 -0.188847
vt 0.198344 -0.174321
vt 0.198850 -0.175932
vt 0.196863 -0.176765
vt 0.196237 -0.174775
vt 0.154947 -0.092300
vt 0.155653 -0.093835
vt 0.153786 -0.094912
vt 0.152914 -0.093017
vt 0.087012 0.026663
vt 0.088033 0.025318
vt 0.086444 0.023862
vt 0.085182 0.025524
vt -0.035747 0.126287
vt -0.034288 0.125436
vt -0.035198 0.123482
vt -0.037000 0.124532
vt -0.205718 0.098271
vt -0.204036 0.098434
vt -0.203632 0.096317
vt -0.205708 0.096115
vt -0.289474 -0.026476
vt -0.288146 -0.025431
vt -0.286664 -0.026996
vt -0.288304 -0.028285
vt -0.292639 -0.081811
vt -0.291723 -0.080392
vt -0.289812 -0.081389
vt -0.290944 -0.083142
vt -0.275449 -0.049966
vt -0.274811 -0.048402
vt -0.272749 -0.049029
vt -0.273537 -0.050960
vt -0.252199 0.038386
vt -0.251731 0.040009
vt -0.249614 0.039604
vt -0.250192 0.037600
vt -0.294513 -0.051841
vt -0.295094 -0.050755
vt -0.294036 -0.049930
vt -0.293240 -0.051421
vt -0.129412 -0.275130
vt -0.130605 -0.275437
vt -0.131156 -0.274214
vt -0.129519 -0.273794
vt 0.076010 -0.279507
vt 0.075631 -0.280679
vt 0.074304 -0.280490
vt 0.074824 -0.278882
vt 0.094619 -0.219241
vt 0.094716 -0.220469
vt 0.093417 -0.220802
vt 0.093284 -0.219117
vt 0.066456 -0.133700
vt 0.066914 -0.134843
vt 0.065774 -0.135547
vt 0.065145 -0.133979
vt 0.005882 -0.036732
vt 0.006689 -0.037663
vt 0.005841 -0.038701
vt 0.004735 -0.037425
vt -0.089286 0.031508
vt -0.088169 0.030990
vt -0.088517 0.029695
vt -0.090050 0.030406
vt -0.197560 0.026121
vt -0.196332 0.026213
vt -0.196004 0.024914
vt -0.197689 0.024786
vt -0.268292 -0.032373
vt -0.267253 -0.031711
vt -0.266351 -0.032703
vt -0.267776 -0.033610
vt -0.292725 -0.072323
vt -0.292018 -0.071314
vt -0.290805 -0.071885
vt -0.291775 -0.073269
vt -0.295601 -0.067079
vt -0.295243 -0.065900
vt -0.293913 -0.066065
vt -0.294404 -0.067682
vt -0.294286 -0.037544
vt -0.294306 -0.036312
vt -0.292989 -0.036062
vt -0.292962 -0.037752
vt -0.180348 -0.162892
vt -0.180255 -0.164120
vt -0.180788 -0.165230
vt -0.181806 -0.165924
vt -0.183034 -0.166017
vt -0.184144 -0.165483
vt -0.184838 -0.164466
vt -0.184931 -0.163238
vt -0.184397 -0.162128
vt -0.183380 -0.161434
vt -0.182152 -0.161341
vt -0.181042 -0.161874
vt 0.024225 0.169317
vt 0.023334 0.167431
vt -0.186959 0.265373
vt -0.186068 0.267259
vt 0.065688 0.236448
vt 0.064724 0.234598
vt -0.141657 0.340534
vt -0.140694 0.342384
vt 0.121322 0.227324
vt 0.119996 0.225714
vt -0.059841 0.372256
vt -0.058515 0.373866
vt 0.186201 0.083365
vt 0.184146 0.083007
vt 0.143625 0.311423
vt 0.145680 0.311781
vt 0.099934 -0.024583
vt 0.098399 -0.023171
vt 0.255456 0.147560
vt 0.256991 0.146147
vt 0.022798 0.060427
vt 0.021767 0.062240
vt 0.223764 0.176314
vt 0.224796 0.174501
vt -0.023313 0.167442
vt -0.024204 0.169328
vt 0.186090 0.267269
vt 0.186980 0.265383
vt -0.064724 0.234598
vt -0.065688 0.236448
vt 0.140694 0.342384
vt 0.141657 0.340534
vt -0.120014 0.225699
vt -0.121340 0.227309
vt 0.058496 0.373851
vt 0.059822 0.372241
vt -0.184153 0.082967
vt -0.186208 0.083325
vt -0.145687 0.311741
vt -0.143632 0.311383
vt -0.098367 -0.023205
vt -0.099902 -0.024617
vt -0.256959 0.146112
vt -0.255424 0.147525
vt -0.021732 0.062220
vt -0.022763 0.060406
vt -0.224760 0.174481
vt -0.223729 0.176294
vt -0.202818 -0.032195
vt -0.202325 -0.030579
vt -0.200215 -0.031016
vt -0.200824 -0.033011
vt -0.185488 0.180903
vt -0.183603 0.181796
vt -0.181524 0.181627
vt -0.179808 0.180441
vt -0.178916 0.178556
vt -0.179085 0.176477
vt -0.180271 0.174761
vt -0.182156 0.173869
vt -0.184235 0.174038
vt -0.185951 0.175224
vt -0.186843 0.177109
vt -0.186674 0.179188
vt -0.017980 0.287938
vt -0.016676 0.286864
vt -0.017886 0.285081
vt -0.019497 0.286407
vt 0.175378 0.309672
vt 0.175832 0.308045
vt 0.173818 0.307278
vt 0.173258 0.309287
vt 0.208667 0.318777
vt 0.209190 0.317171
vt 0.207211 0.316317
vt 0.206565 0.318301
vt 0.232983 0.289001
vt 0.233704 0.287473
vt 0.231847 0.286378
vt 0.230958 0.288265
vt 0.252709 0.249690
vt 0.253745 0.248355
vt 0.252170 0.246883
vt 0.250892 0.248531
vt 0.248847 0.259230
vt 0.250316 0.258396
vt 0.249428 0.256432
vt 0.247614 0.257462
vt 0.161037 0.340340
vt 0.162717 0.340514
vt 0.163135 0.338399
vt 0.161060 0.338185
vt 0.023150 0.374896
vt 0.024480 0.375938
vt 0.025960 0.374371
vt 0.024318 0.373085
vt -0.068094 0.327082
vt -0.067171 0.328497
vt -0.065265 0.327490
vt -0.066405 0.325743
vt -0.122183 0.224385
vt -0.121535 0.225946
vt -0.119477 0.225305
vt -0.120277 0.223379
vt -0.160959 0.090686
vt -0.160474 0.092305
vt -0.158362 0.091879
vt -0.158959 0.089881
vt -0.013880 -0.108759
vt -0.014454 -0.107669
vt -0.013392 -0.106851
vt -0.012605 -0.108346
vt 0.219838 -0.054368
vt 0.218654 -0.054705
vt 0.218072 -0.053497
vt 0.219698 -0.053035
vt 0.254547 0.184871
vt 0.254189 0.183693
vt 0.252858 0.183858
vt 0.253350 0.185475
vt 0.251583 0.262076
vt 0.251695 0.260849
vt 0.250400 0.260502
vt 0.250247 0.262184
vt 0.255650 0.280623
vt 0.256120 0.279485
vt 0.254986 0.278769
vt 0.254342 0.280331
vt 0.255719 0.282291
vt 0.256534 0.281368
vt 0.255696 0.280321
vt 0.254578 0.281588
vt 0.233606 0.300654
vt 0.234727 0.300145
vt 0.234390 0.298848
vt 0.232852 0.299546
vt 0.168893 0.335585
vt 0.170121 0.335684
vt 0.170456 0.334386
vt 0.168772 0.334250
vt 0.079521 0.339621
vt 0.080560 0.340283
vt 0.081463 0.339293
vt 0.080039 0.338384
vt 0.006375 0.285283
vt 0.007084 0.286290
vt 0.008296 0.285717
vt 0.007324 0.284336
vt -0.038673 0.179891
vt -0.038310 0.181068
vt -0.036981 0.180898
vt -0.037477 0.179283
vt -0.055146 0.040397
vt -0.055159 0.041628
vt -0.053840 0.041871
vt -0.053823 0.040182
vt 0.184515 0.177354
vt 0.184615 0.176127
vt 0.184087 0.175014
vt 0.183074 0.174314
vt 0.181847 0.174214
vt 0.180734 0.174741
vt 0.180033 0.175754
vt 0.179933 0.176982
vt 0.180461 0.178095
vt 0.181474 0.178795
vt 0.182701 0.178895
vt 0.183814 0.178368
vt -0.101526 -0.333954
vt -0.101831 -0.333240
vt -0.022738 -0.299472
vt -0.022433 -0.300186
vt 0.017965 -0.333684
vt 0.017413 -0.333137
vt 0.077916 -0.272020
vt 0.078468 -0.272566
vt 0.256180 -0.104272
vt 0.255522 -0.104685
vt 0.209806 -0.031842
vt 0.210463 -0.031430
vt 0.216334 -0.068192
vt 0.215997 -0.068891
vt 0.138510 -0.031584
vt 0.138847 -0.030884
vt 0.179152 -0.171458
vt 0.178904 -0.172194
vt 0.097401 -0.144751
vt 0.097648 -0.144015
vt 0.146876 -0.273744
vt 0.146635 -0.274483
vt 0.064872 -0.247823
vt 0.065112 -0.247085
vt 0.101831 -0.333240
vt 0.101526 -0.333954
vt 0.022433 -0.300186
vt 0.022738 -0.299472
vt -0.017413 -0.333137
vt -0.017965 -0.333683
vt -0.078468 -0.272566
vt -0.077916 -0.272020
vt -0.255522 -0.104685
vt -0.256180 -0.104272
vt -0.210463 -0.031430
vt -0.209806 -0.031842
vt -0.215997 -0.068891
vt -0.216334 -0.068192
vt -0.138847 -0.030884
vt -0.138510 -0.031584
vt -0.178904 -0.172194
vt -0.179152 -0.171458
vt -0.097648 -0.144015
vt -0.097401 -0.144751
vt -0.146635 -0.274483
vt -0.146876 -0.273744
vt -0.065112 -0.247085
vt -0.064872 -0.247823
vt -0.202364 -0.177767
vt -0.201849 -0.177187
vt -0.201112 -0.176941
vt -0.200352 -0.177097
vt -0.199771 -0.177612
vt -0.199525 -0.178348
vt -0.199681 -0.179109
vt -0.200196 -0.179690
vt -0.200933 -0.179936
vt -0.201693 -0.179780
vt -0.202274 -0.179265
vt -0.202520 -0.178528
vt 0.202520 -0.178528
vt 0.202274 -0.179265
vt 0.201693 -0.179780
vt 0.200933 -0.179936
vt 0.200196 -0.179690
vt 0.199681 -0.179109
vt 0.199525 -0.178348
vt 0.199771 -0.177612
vt 0.200352 -0.177097
vt 0.201112 -0.176941
vt 0.201849 -0.177187
vt 0.202364 -0.177767
vt -0.072887 0.060251
vt -0.074001 0.057893
vt -0.077644 0.059615
vt -0.076531 0.061972
vt -0.062697 0.077990
vt -0.063902 0.075678
vt -0.067476 0.077540
vt -0.066271 0.079852
vt -0.040843 0.094359
vt -0.042506 0.092351
vt -0.045610 0.094921
vt -0.043947 0.096929
vt 0.024757 0.097256
vt 0.022188 0.096813
vt 0.021504 0.100784
vt 0.024073 0.101227
vt 0.079837 0.051267
vt 0.077908 0.053021
vt 0.080618 0.056003
vt 0.082548 0.054249
vt 0.080536 0.043771
vt 0.079241 0.046034
vt 0.082738 0.048035
vt 0.084033 0.045773
vt 0.074001 0.057893
vt 0.072887 0.060251
vt 0.076531 0.061972
vt 0.077644 0.059615
vt 0.063902 0.075678
vt 0.062697 0.077990
vt 0.066271 0.079852
vt 0.067476 0.077540
vt 0.042506 0.092351
vt 0.040843 0.094359
vt 0.043947 0.096929
vt 0.045609 0.094921
vt -0.022188 0.096813
vt -0.024757 0.097256
vt -0.024073 0.101227
vt -0.021504 0.100784
vt -0.077908 0.053021
vt -0.079837 0.051267
vt -0.082548 0.054249
vt -0.080618 0.056003
vt -0.079241 0.046034
vt -0.080536 0.043771
vt -0.084033 0.045773
vt -0.082738 0.048035
vt 0.042433 0.026874
vt 0.042645 0.024276
vt 0.041529 0.021919
vt 0.039384 0.020437
vt 0.036785 0.020225
vt 0.034429 0.021341
vt 0.032947 0.023486
vt 0.032735 0.026085
vt 0.033851 0.028441
vt 0.035996 0.029924
vt 0.040951 0.029019
vt -0.040951 0.029019
vt -0.038595 0.030135
vt -0.035996 0.029924
vt -0.033851 0.028441
vt -0.032735 0.026085
vt -0.032947 0.023486
vt -0.034429 0.021341
vt -0.036785 0.020225
vt -0.039384 0.020437
vt -0.042645 0.024276
vt -0.069865 0.139613
vt 0.007440 0.084396
vt 0.005115 0.081141
vt -0.072190 0.136358
vt -0.005115 0.081141
vt -0.007440 0.084396
vt 0.069865 0.139613
vt 0.072190 0.136358
vt -0.038477 0.020113
vt -0.071102 -0.071236
vt -0.160567 -0.039284
vt -0.127942 0.052065
vt 0.160567 -0.039284
vt 0.071102 -0.071236
vt 0.038477 0.020113
vt 0.127942 0.052065
vt -0.102412 -0.050535
vt -0.105990 -0.048746
vt -0.062610 0.038013
vt -0.059032 0.036224
vt 0.062610 0.038013
vt 0.105990 -0.048746
vt 0.102412 -0.050535
vt 0.059032 0.036224
vt -0.108123 -0.318503
vt -0.108428 -0.317789
vt -0.029334 -0.284021
vt -0.029030 -0.284735
vt 0.011432 -0.327216
vt 0.010880 -0.326670
vt 0.071383 -0.265553
vt 0.071935 -0.266099
vt 0.256923 -0.103805
vt 0.256265 -0.104218
vt 0.210549 -0.031376
vt 0.211207 -0.030963
vt 0.220981 -0.058539
vt 0.220644 -0.059239
vt 0.143158 -0.021931
vt 0.143495 -0.021232
vt 0.184793 -0.154705
vt 0.184546 -0.155441
vt 0.103042 -0.127997
vt 0.103290 -0.127261
vt 0.153046 -0.254820
vt 0.152806 -0.255558
vt 0.071042 -0.228898
vt 0.071283 -0.228160
vt 0.108428 -0.317789
vt 0.108123 -0.318503
vt 0.029030 -0.284735
vt 0.029334 -0.284021
vt -0.010880 -0.326670
vt -0.011432 -0.327216
vt -0.071935 -0.266099
vt -0.071383 -0.265553
vt -0.256265 -0.104218
vt -0.256923 -0.103805
vt -0.211207 -0.030963
vt -0.210549 -0.031376
vt -0.220644 -0.059239
vt -0.220981 -0.058539
vt -0.143495 -0.021232
vt -0.143158 -0.021931
vt -0.184546 -0.155441
vt -0.184793 -0.154705
vt -0.103290 -0.127261
vt -0.103042 -0.127997
vt -0.152806 -0.255558
vt -0.153046 -0.254820
vt -0.071283 -0.228160
vt -0.071042 -0.228898
vt -0.199234 -0.158090
vt -0.198719 -0.157509
vt -0.197982 -0.157264
vt -0.197221 -0.157419
vt -0.196640 -0.157934
vt -0.196395 -0.158671
vt -0.196550 -0.159432
vt -0.197066 -0.160013
vt -0.197802 -0.160258
vt -0.198563 -0.160103
vt -0.199144 -0.159587
vt -0.199389 -0.158851
vt 0.199389 -0.158851
vt 0.199144 -0.159587
vt 0.198563 -0.160103
vt 0.197802 -0.160258
vt 0.197066 -0.160013
vt 0.196550 -0.159432
vt 0.196395 -0.158671
vt 0.196640 -0.157934
vt 0.197221 -0.157419
vt 0.197982 -0.157264
vt 0.198719 -0.157509
vt 0.199234 -0.158090
vt -0.115792 -0.083865
vt -0.116905 -0.086222
vt -0.120549 -0.084501
vt -0.119435 -0.082144
vt -0.134594 -0.109272
vt -0.135798 -0.111584
vt -0.139372 -0.109722
vt -0.138167 -0.107410
vt -0.148670 -0.071547
vt -0.150333 -0.073555
vt -0.153436 -0.070986
vt -0.151773 -0.068977
vt -0.110474 0.050852
vt -0.113043 0.050409
vt -0.113728 0.054380
vt -0.111158 0.054823
vt 0.029064 0.066657
vt 0.027135 0.068411
vt 0.029846 0.071393
vt 0.031775 0.069639
vt 0.089663 -0.018003
vt 0.088368 -0.015741
vt 0.091865 -0.013739
vt 0.093160 -0.016002
vt 0.116905 -0.086222
vt 0.115792 -0.083865
vt 0.119435 -0.082144
vt 0.120549 -0.084501
vt 0.135798 -0.111584
vt 0.134594 -0.109272
vt 0.138167 -0.107410
vt 0.139372 -0.109722
vt 0.150333 -0.073555
vt 0.148670 -0.071547
vt 0.151773 -0.068977
vt 0.153436 -0.070985
vt 0.113043 0.050409
vt 0.110474 0.050852
vt 0.111158 0.054823
vt 0.113728 0.054380
vt -0.027135 0.068411
vt -0.029065 0.066657
vt -0.031775 0.069639
vt -0.029846 0.071392
vt -0.088368 -0.015740
vt -0.089663 -0.018003
vt -0.093160 -0.016001
vt -0.091865 -0.013739
vt -0.086189 -0.132721
vt -0.085977 -0.135319
vt -0.087093 -0.137675
vt -0.089238 -0.139158
vt -0.091837 -0.139369
vt -0.094193 -0.138253
vt -0.095675 -0.136109
vt -0.095887 -0.133510
vt -0.094771 -0.131154
vt -0.092626 -0.129671
vt -0.090028 -0.129460
vt -0.087671 -0.130576
vt 0.087671 -0.130576
vt 0.090028 -0.129460
vt 0.092626 -0.129671
vt 0.094771 -0.131154
vt 0.095887 -0.133510
vt 0.095675 -0.136109
vt 0.094193 -0.138253
vt 0.091837 -0.139369
vt 0.089238 -0.139158
vt 0.087093 -0.137675
vt 0.085977 -0.135319
vt 0.086189 -0.132721
vt -0.109571 0.027408
vt -0.110685 0.025050
vt -0.114328 0.026772
vt -0.113215 0.029129
vt -0.136941 -0.023083
vt -0.138145 -0.025395
vt -0.141719 -0.023533
vt -0.140514 -0.021221
vt -0.163569 -0.023834
vt -0.165232 -0.025842
vt -0.168335 -0.023272
vt -0.166672 -0.021264
vt -0.145341 0.087368
vt -0.147911 0.086925
vt -0.148595 0.090896
vt -0.146025 0.091339
vt 0.001005 0.148804
vt -0.000924 0.150558
vt 0.001786 0.153539
vt 0.003716 0.151785
vt 0.074610 0.092651
vt 0.073314 0.094914
vt 0.076811 0.096915
vt 0.078107 0.094653
vt 0.110685 0.025050
vt 0.109571 0.027408
vt 0.113215 0.029129
vt 0.114328 0.026772
vt 0.138145 -0.025395
vt 0.136941 -0.023083
vt 0.140514 -0.021221
vt 0.141719 -0.023533
vt 0.165232 -0.025842
vt 0.163569 -0.023834
vt 0.166672 -0.021264
vt 0.168335 -0.023272
vt 0.147911 0.086925
vt 0.145341 0.087368
vt 0.146025 0.091339
vt 0.148595 0.090896
vt 0.000924 0.150557
vt -0.001005 0.148804
vt -0.003716 0.151785
vt -0.001787 0.153539
vt -0.073314 0.094914
vt -0.074610 0.092651
vt -0.078107 0.094653
vt -0.076811 0.096915
vt -0.122635 -0.032079
vt -0.122423 -0.034677
vt -0.123539 -0.037033
vt -0.125684 -0.038516
vt -0.128283 -0.038727
vt -0.130639 -0.037611
vt -0.132121 -0.035467
vt -0.132333 -0.032868
vt -0.131217 -0.030512
vt -0.129072 -0.029029
vt -0.126474 -0.028818
vt -0.124117 -0.029934
vt 0.124117 -0.029934
vt 0.126474 -0.028818
vt 0.129072 -0.029029
vt 0.131217 -0.030512
vt 0.132333 -0.032868
vt 0.132121 -0.035467
vt 0.130639 -0.037611
vt 0.128283 -0.038727
vt 0.125684 -0.038516
vt 0.123539 -0.037033
vt 0.122423 -0.034677
vt 0.122635 -0.032079
vt -0.135239 -0.180916
vt -0.136130 -0.182802
vt -0.257270 -0.125572
vt -0.256379 -0.123686
vt -0.146288 -0.183381
vt -0.147252 -0.185231
vt -0.266069 -0.123324
vt -0.265106 -0.121474
vt -0.147636 -0.107728
vt -0.148966 -0.109334
vt -0.252156 -0.023883
vt -0.250826 -0.022277
vt -0.082834 0.031390
vt -0.084890 0.031036
vt -0.107640 0.163068
vt -0.105584 0.163422
vt 0.063758 0.002853
vt 0.062214 0.004256
vt 0.152340 0.103389
vt 0.153883 0.101986
vt 0.116040 -0.112137
vt 0.115004 -0.110327
vt 0.231280 -0.043769
vt 0.232316 -0.045579
vt 0.136130 -0.182802
vt 0.135239 -0.180916
vt 0.256379 -0.123686
vt 0.257270 -0.125572
vt 0.147252 -0.185231
vt 0.146288 -0.183381
vt 0.265106 -0.121474
vt 0.266069 -0.123324
vt 0.148966 -0.109334
vt 0.147636 -0.107728
vt 0.250826 -0.022277
vt 0.252156 -0.023883
vt 0.084890 0.031036
vt 0.082834 0.031390
vt 0.105584 0.163422
vt 0.107640 0.163068
vt -0.062214 0.004256
vt -0.063758 0.002853
vt -0.153884 0.101986
vt -0.152340 0.103389
vt -0.115004 -0.110327
vt -0.116040 -0.112137
vt -0.232316 -0.045579
vt -0.231280 -0.043769
vt -0.250840 0.029438
vt -0.250347 0.031054
vt -0.248237 0.030618
vt -0.248846 0.028623
vt 0.056436 -0.224863
vt 0.058321 -0.223970
vt 0.060400 -0.224139
vt 0.062116 -0.225325
vt 0.063009 -0.227210
vt 0.062840 -0.229289
vt 0.061654 -0.231005
vt 0.059769 -0.231897
vt 0.057690 -0.231728
vt 0.055974 -0.230542
vt 0.055081 -0.228657
vt 0.055250 -0.226578
vt 0.215033 0.140925
vt 0.216337 0.139851
vt 0.215127 0.138068
vt 0.213516 0.139393
vt 0.261344 -0.111213
vt 0.261798 -0.112840
vt 0.259784 -0.113608
vt 0.259224 -0.111599
vt 0.246396 -0.162052
vt 0.246920 -0.163659
vt 0.244940 -0.164512
vt 0.244294 -0.162529
vt 0.223081 -0.139750
vt 0.223802 -0.141278
vt 0.221945 -0.142372
vt 0.221056 -0.140486
vt 0.178701 -0.055131
vt 0.179736 -0.056466
vt 0.178162 -0.057938
vt 0.176884 -0.056289
vt 0.081738 0.056071
vt 0.083207 0.055236
vt 0.082319 0.053272
vt 0.080506 0.054303
vt -0.087247 0.083669
vt -0.085567 0.083843
vt -0.085149 0.081728
vt -0.087224 0.081514
vt -0.212326 -0.019307
vt -0.210996 -0.018265
vt -0.209516 -0.019831
vt -0.211158 -0.021118
vt -0.255455 -0.110491
vt -0.254532 -0.109076
vt -0.252627 -0.110083
vt -0.253766 -0.111830
vt -0.266160 -0.131159
vt -0.265512 -0.129598
vt -0.263454 -0.130239
vt -0.264255 -0.132165
vt -0.264919 -0.082288
vt -0.264434 -0.080669
vt -0.262321 -0.081095
vt -0.262919 -0.083093
vt -0.232965 -0.173351
vt -0.233538 -0.172261
vt -0.232477 -0.171443
vt -0.231689 -0.172938
vt 0.003034 -0.291427
vt 0.001849 -0.291764
vt 0.001268 -0.290556
vt 0.002893 -0.290094
vt 0.174948 -0.238813
vt 0.174590 -0.239991
vt 0.173259 -0.239826
vt 0.173751 -0.238209
vt 0.186127 -0.214673
vt 0.186238 -0.215900
vt 0.184944 -0.216247
vt 0.184791 -0.214565
vt 0.165328 -0.171669
vt 0.165798 -0.172807
vt 0.164665 -0.173523
vt 0.164020 -0.171961
vt 0.118051 -0.100272
vt 0.118866 -0.101194
vt 0.118028 -0.102241
vt 0.116909 -0.100975
vt 0.034634 -0.029189
vt 0.035755 -0.029698
vt 0.035418 -0.030995
vt 0.033879 -0.030297
vt -0.077180 -0.012791
vt -0.075952 -0.012692
vt -0.075617 -0.013990
vt -0.077301 -0.014126
vt -0.171034 -0.064343
vt -0.169995 -0.063681
vt -0.169092 -0.064671
vt -0.170516 -0.065580
vt -0.222362 -0.127065
vt -0.221653 -0.126058
vt -0.220441 -0.126630
vt -0.221413 -0.128012
vt -0.244634 -0.158062
vt -0.244272 -0.156885
vt -0.242942 -0.157054
vt -0.243439 -0.158669
vt -0.250918 -0.157197
vt -0.250931 -0.155965
vt -0.249613 -0.155722
vt -0.249595 -0.157412
vt -0.056805 -0.227133
vt -0.056705 -0.228361
vt -0.057232 -0.229474
vt -0.058245 -0.230174
vt -0.059473 -0.230274
vt -0.060586 -0.229747
vt -0.061286 -0.228734
vt -0.061386 -0.227506
vt -0.060859 -0.226393
vt -0.059846 -0.225693
vt -0.058618 -0.225593
vt -0.057505 -0.226120
vt -0.144301 -0.202066
vt -0.145176 -0.203959
vt -0.266790 -0.147746
vt -0.265915 -0.145853
vt -0.175816 -0.242312
vt -0.176766 -0.244169
vt -0.296050 -0.183166
vt -0.295100 -0.181309
vt -0.205436 -0.178319
vt -0.206756 -0.179933
vt -0.310488 -0.095141
vt -0.309168 -0.093526
vt -0.173509 0.018439
vt -0.175568 0.018102
vt -0.197193 0.150324
vt -0.195134 0.150660
vt 0.014836 0.049467
vt 0.013316 0.050895
vt 0.105083 0.148512
vt 0.106603 0.147083
vt 0.103005 -0.089758
vt 0.101988 -0.087936
vt 0.218980 -0.022644
vt 0.219996 -0.024465
vt 0.145176 -0.203960
vt 0.144301 -0.202066
vt 0.265915 -0.145853
vt 0.266791 -0.147746
vt 0.176766 -0.244169
vt 0.175816 -0.242312
vt 0.295100 -0.181309
vt 0.296050 -0.183166
vt 0.206756 -0.179933
vt 0.205436 -0.178319
vt 0.309168 -0.093526
vt 0.310488 -0.095141
vt 0.175568 0.018103
vt 0.173509 0.018439
vt 0.195134 0.150660
vt 0.197193 0.150324
vt -0.013316 0.050895
vt -0.014836 0.049467
vt -0.106603 0.147083
vt -0.105083 0.148512
vt -0.101988 -0.087936
vt -0.103005 -0.089757
vt -0.219996 -0.024465
vt -0.218980 -0.022644
vt -0.255705 0.096261
vt -0.255247 0.097887
vt -0.253127 0.097495
vt -0.253693 0.095488
vt 0.147723 -0.254017
vt 0.149603 -0.253113
vt 0.151683 -0.253270
vt 0.153406 -0.254447
vt 0.154309 -0.256326
vt 0.154152 -0.258406
vt 0.152976 -0.260129
vt 0.151096 -0.261032
vt 0.149016 -0.260875
vt 0.147294 -0.259699
vt 0.146390 -0.257819
vt 0.146547 -0.255740
vt 0.292906 0.085382
vt 0.294196 0.084290
vt 0.292961 0.082524
vt 0.291368 0.083871
vt 0.275034 -0.205135
vt 0.275464 -0.206769
vt 0.273438 -0.207506
vt 0.272909 -0.205489
vt 0.242980 -0.233875
vt 0.243487 -0.235487
vt 0.241499 -0.236320
vt 0.240873 -0.234330
vt 0.203431 -0.175182
vt 0.204137 -0.176717
vt 0.202270 -0.177794
vt 0.201398 -0.175899
vt 0.138104 -0.054215
vt 0.139126 -0.055560
vt 0.137536 -0.057016
vt 0.136275 -0.055355
vt 0.012517 0.071029
vt 0.013976 0.070179
vt 0.013066 0.068225
vt 0.011265 0.069275
vt -0.177616 0.068681
vt -0.175934 0.068845
vt -0.175530 0.066728
vt -0.177606 0.066526
vt -0.290113 -0.067786
vt -0.288785 -0.066741
vt -0.287303 -0.068306
vt -0.288943 -0.069595
vt -0.311235 -0.153368
vt -0.310319 -0.151948
vt -0.308409 -0.152946
vt -0.309540 -0.154699
vt -0.304231 -0.141428
vt -0.303593 -0.139864
vt -0.301531 -0.140491
vt -0.302319 -0.142422
vt -0.287982 -0.050488
vt -0.287513 -0.048865
vt -0.285396 -0.049270
vt -0.285975 -0.051274
vt -0.302355 -0.134851
vt -0.302935 -0.133765
vt -0.301878 -0.132940
vt -0.301082 -0.134430
vt -0.089560 -0.329346
vt -0.090752 -0.329653
vt -0.091303 -0.328430
vt -0.089666 -0.328010
vt 0.127223 -0.323463
vt 0.126843 -0.324635
vt 0.125516 -0.324446
vt 0.126037 -0.322839
vt 0.145598 -0.285631
vt 0.145695 -0.286859
vt 0.144396 -0.287191
vt 0.144263 -0.285507
vt 0.117700 -0.216100
vt 0.118158 -0.217243
vt 0.117018 -0.217947
vt 0.116388 -0.216379
vt 0.056074 -0.119365
vt 0.056881 -0.120296
vt 0.056033 -0.121334
vt 0.054926 -0.120058
vt -0.045053 -0.038373
vt -0.043935 -0.038891
vt -0.044283 -0.040185
vt -0.045816 -0.039475
vt -0.167905 -0.033002
vt -0.166677 -0.032909
vt -0.166349 -0.034209
vt -0.168034 -0.034337
vt -0.257477 -0.097837
vt -0.256438 -0.097175
vt -0.255535 -0.098167
vt -0.256961 -0.099074
vt -0.296703 -0.155266
vt -0.295996 -0.154257
vt -0.294783 -0.154828
vt -0.295753 -0.156211
vt -0.308413 -0.163055
vt -0.308055 -0.161877
vt -0.306725 -0.162041
vt -0.307216 -0.163658
vt -0.310217 -0.133122
vt -0.310237 -0.131891
vt -0.308920 -0.131641
vt -0.308893 -0.133330
vt -0.148105 -0.256285
vt -0.148012 -0.257514
vt -0.148546 -0.258624
vt -0.149563 -0.259318
vt -0.150791 -0.259411
vt -0.151901 -0.258877
vt -0.152595 -0.257860
vt -0.152688 -0.256632
vt -0.152155 -0.255522
vt -0.151137 -0.254827
vt -0.149909 -0.254735
vt -0.148799 -0.255268
vt 0.019287 -0.098139
vt 0.020299 -0.097921
vt 0.040107 -0.189811
vt 0.039095 -0.190029
vt -0.100617 -0.090345
vt -0.099587 -0.090449
vt -0.109034 -0.183973
vt -0.110064 -0.183869
vt -0.181667 -0.036409
vt -0.180703 -0.036786
vt -0.214897 -0.124346
vt -0.215861 -0.123969
vt -0.205256 0.002732
vt -0.204359 0.002215
vt -0.251240 -0.079260
vt -0.252137 -0.078744
vt -0.184101 -0.005351
vt -0.183216 -0.005888
vt -0.231938 -0.086276
vt -0.232823 -0.085739
vt -0.123054 -0.052307
vt -0.122119 -0.052750
vt -0.162408 -0.137679
vt -0.163343 -0.137235
vt -0.020299 -0.097921
vt -0.019287 -0.098140
vt -0.039095 -0.190029
vt -0.040107 -0.189811
vt 0.099587 -0.090449
vt 0.100617 -0.090345
vt 0.110064 -0.183869
vt 0.109034 -0.183973
vt 0.180703 -0.036786
vt 0.181667 -0.036409
vt 0.215861 -0.123969
vt 0.214897 -0.124346
vt 0.204359 0.002215
vt 0.205256 0.002732
vt 0.252137 -0.078744
vt 0.251240 -0.079260
vt 0.183216 -0.005888
vt 0.184101 -0.005351
vt 0.232823 -0.085739
vt 0.231938 -0.086276
vt 0.122119 -0.052750
vt 0.123054 -0.052307
vt 0.163343 -0.137235
vt 0.162407 -0.137679
vt -0.065099 0.168559
vt -0.064129 0.168922
vt -0.063108 0.168752
vt -0.062309 0.168094
vt -0.061946 0.167125
vt -0.062116 0.166103
vt -0.062774 0.165304
vt -0.063743 0.164941
vt -0.064765 0.165111
vt -0.065564 0.165769
vt -0.065927 0.166739
vt -0.065757 0.167760
vt 0.065757 0.167760
vt 0.065927 0.166739
vt 0.065564 0.165769
vt 0.064765 0.165111
vt 0.063743 0.164941
vt 0.062774 0.165304
vt 0.062116 0.166103
vt 0.061946 0.167125
vt 0.062309 0.168094
vt 0.063108 0.168752
vt 0.064129 0.168922
vt 0.065099 0.168559
vt -0.154978 -0.148819
vt -0.155942 -0.148443
vt -0.121020 -0.059020
vt -0.120056 -0.059396
vt -0.061998 -0.189730
vt -0.063028 -0.189626
vt -0.053380 -0.094112
vt -0.052350 -0.094216
vt 0.057269 -0.187134
vt 0.056257 -0.187352
vt 0.036027 -0.093508
vt 0.037039 -0.093290
vt 0.148104 -0.145571
vt 0.147169 -0.146015
vt 0.106023 -0.059279
vt 0.106958 -0.058835
vt 0.192826 -0.111150
vt 0.191941 -0.111687
vt 0.142182 -0.029589
vt 0.143067 -0.029052
vt 0.196542 -0.111887
vt 0.195644 -0.112403
vt 0.147766 -0.029194
vt 0.148664 -0.028678
vt 0.155942 -0.148443
vt 0.154978 -0.148819
vt 0.120056 -0.059397
vt 0.121020 -0.059020
vt 0.063028 -0.189626
vt 0.061998 -0.189730
vt 0.052350 -0.094216
vt 0.053380 -0.094112
vt -0.056257 -0.187352
vt -0.057269 -0.187134
vt -0.037039 -0.093290
vt -0.036027 -0.093508
vt -0.147169 -0.146015
vt -0.148104 -0.145571
vt -0.106958 -0.058835
vt -0.106023 -0.059279
vt -0.191941 -0.111687
vt -0.192826 -0.111150
vt -0.143067 -0.029052
vt -0.142182 -0.029589
vt -0.195644 -0.112403
vt -0.196542 -0.111887
vt -0.148664 -0.028678
vt -0.147766 -0.029194
vt 0.023366 0.113574
vt 0.024165 0.114232
vt 0.025186 0.114402
vt 0.026156 0.114039
vt 0.026814 0.113240
vt 0.026984 0.112218
vt 0.026621 0.111249
vt 0.025821 0.110591
vt 0.024800 0.110421
vt 0.023831 0.110784
vt 0.023173 0.111583
vt 0.023003 0.112604
vt -0.023002 0.112604
vt -0.023173 0.111583
vt -0.023831 0.110784
vt -0.024800 0.110421
vt -0.025821 0.110591
vt -0.026621 0.111249
vt -0.026984 0.112218
vt -0.026814 0.113240
vt -0.026156 0.114039
vt -0.025186 0.114402
vt -0.024165 0.114232
vt -0.023366 0.113574
vt 0.073467 0.119207
vt 0.072957 0.119119
vt 0.061750 0.184160
vt 0.062260 0.184248
vt 0.193254 -0.033788
vt 0.192871 -0.033440
vt 0.237269 0.015395
vt 0.237652 0.015047
vt 0.187734 -0.116609
vt 0.187477 -0.116160
vt 0.244757 -0.083372
vt 0.245014 -0.083821
vt 0.168056 -0.109918
vt 0.167835 -0.109450
vt 0.227511 -0.081257
vt 0.227732 -0.081726
vt 0.140288 -0.042014
vt 0.140049 -0.041555
vt 0.198580 -0.011058
vt 0.198819 -0.011517
vt 0.084512 0.062572
vt 0.084182 0.062971
vt 0.135015 0.105066
vt 0.135346 0.104667
vt -0.072957 0.119118
vt -0.073467 0.119206
vt -0.062260 0.184248
vt -0.061750 0.184160
vt -0.192871 -0.033440
vt -0.193254 -0.033788
vt -0.237652 0.015047
vt -0.237269 0.015395
vt -0.187477 -0.116160
vt -0.187734 -0.116609
vt -0.245014 -0.083821
vt -0.244757 -0.083372
vt -0.167835 -0.109450
vt -0.168056 -0.109918
vt -0.227732 -0.081726
vt -0.227511 -0.081257
vt -0.140049 -0.041555
vt -0.140288 -0.042014
vt -0.198819 -0.011517
vt -0.198580 -0.011058
vt -0.084182 0.062971
vt -0.084512 0.062572
vt -0.135345 0.104667
vt -0.135015 0.105066
vt 0.106282 -0.163796
vt 0.105766 -0.163838
vt 0.105299 -0.163616
vt 0.105004 -0.163190
vt 0.104962 -0.162675
vt 0.105184 -0.162207
vt 0.105610 -0.161912
vt 0.106126 -0.161870
vt 0.106593 -0.162092
vt 0.106888 -0.162518
vt 0.106930 -0.163034
vt 0.106708 -0.163502
vt -0.106708 -0.163502
vt -0.106930 -0.163034
vt -0.106888 -0.162518
vt -0.106593 -0.162092
vt -0.106125 -0.161870
vt -0.105610 -0.161912
vt -0.105184 -0.162207
vt -0.104962 -0.162675
vt -0.105004 -0.163190
vt -0.105299 -0.163616
vt -0.105766 -0.163838
vt -0.106282 -0.163796
vt 0.071767 0.119928
vt 0.071257 0.119840
vt 0.060219 0.183896
vt 0.060729 0.183984
vt 0.190787 -0.030194
vt 0.190404 -0.029846
vt 0.234129 0.018249
vt 0.234512 0.017901
vt 0.185723 -0.111083
vt 0.185466 -0.110633
vt 0.241878 -0.078342
vt 0.242135 -0.078792
vt 0.166485 -0.104251
vt 0.166264 -0.103783
vt 0.225035 -0.076017
vt 0.225256 -0.076485
vt 0.139214 -0.037789
vt 0.138975 -0.037330
vt 0.196620 -0.007296
vt 0.196859 -0.007755
vt 0.084292 0.064406
vt 0.083962 0.064805
vt 0.134025 0.106262
vt 0.134355 0.105863
vt -0.071257 0.119840
vt -0.071767 0.119928
vt -0.060730 0.183984
vt -0.060220 0.183896
vt -0.190404 -0.029846
vt -0.190787 -0.030194
vt -0.234512 0.017901
vt -0.234129 0.018249
vt -0.185466 -0.110633
vt -0.185723 -0.111083
vt -0.242135 -0.078792
vt -0.241878 -0.078342
vt -0.166264 -0.103783
vt -0.166485 -0.104251
vt -0.225256 -0.076485
vt -0.225035 -0.076017
vt -0.138975 -0.037330
vt -0.139214 -0.037789
vt -0.196859 -0.007755
vt -0.196620 -0.007296
vt -0.083962 0.064805
vt -0.084292 0.064406
vt -0.134355 0.105863
vt -0.134025 0.106262
vt 0.104264 -0.158145
vt 0.103748 -0.158187
vt 0.103281 -0.157966
vt 0.102986 -0.157540
vt 0.102944 -0.157024
vt 0.103166 -0.156556
vt 0.103592 -0.156262
vt 0.104107 -0.156220
vt 0.104575 -0.156441
vt 0.104870 -0.156867
vt 0.104912 -0.157383
vt 0.104690 -0.157851
vt -0.104690 -0.157851
vt -0.104912 -0.157383
vt -0.104870 -0.156867
vt -0.104575 -0.156441
vt -0.104107 -0.156220
vt -0.103592 -0.156262
vt -0.103166 -0.156556
vt -0.102944 -0.157024
vt -0.102986 -0.157540
vt -0.103280 -0.157966
vt -0.103748 -0.158187
vt -0.104264 -0.158145
vt 0.068706 0.119401
vt 0.068196 0.119313
vt 0.057159 0.183369
vt 0.057669 0.183457
vt 0.184509 -0.024486
vt 0.184126 -0.024138
vt 0.227851 0.023957
vt 0.228234 0.023609
vt 0.179965 -0.101023
vt 0.179708 -0.100574
vt 0.236119 -0.068283
vt 0.236377 -0.068732
vt 0.161534 -0.093770
vt 0.161312 -0.093302
vt 0.220084 -0.065537
vt 0.220305 -0.066005
vt 0.135293 -0.030264
vt 0.135054 -0.029805
vt 0.192699 0.000230
vt 0.192938 -0.000230
vt 0.082311 0.066798
vt 0.081981 0.067197
vt 0.132044 0.108654
vt 0.132374 0.108255
vt -0.068196 0.119313
vt -0.068706 0.119401
vt -0.057669 0.183457
vt -0.057159 0.183369
vt -0.184126 -0.024138
vt -0.184509 -0.024486
vt -0.228234 0.023609
vt -0.227851 0.023957
vt -0.179708 -0.100574
vt -0.179965 -0.101023
vt -0.236377 -0.068732
vt -0.236119 -0.068283
vt -0.161312 -0.093302
vt -0.161534 -0.093770
vt -0.220305 -0.066005
vt -0.220084 -0.065537
vt -0.135054 -0.029805
vt -0.135293 -0.030264
vt -0.192938 -0.000230
vt -0.192699 0.000230
vt -0.081981 0.067197
vt -0.082311 0.066798
vt -0.132374 0.108255
vt -0.132044 0.108654
vt 0.100228 -0.146844
vt 0.099712 -0.146886
vt 0.099245 -0.146665
vt 0.098950 -0.146239
vt 0.098908 -0.145723
vt 0.099130 -0.145255
vt 0.099556 -0.144961
vt 0.100071 -0.144919
vt 0.100539 -0.145140
vt 0.100834 -0.145566
vt 0.100876 -0.146082
vt 0.100654 -0.146550
vt -0.100654 -0.146550
vt -0.100876 -0.146082
vt -0.100834 -0.145566
vt -0.100539 -0.145140
vt -0.100071 -0.144919
vt -0.099556 -0.144961
vt -0.099130 -0.145255
vt -0.098908 -0.145723
vt -0.098950 -0.146239
vt -0.099245 -0.146665
vt -0.099712 -0.146886
vt -0.100228 -0.146844
vt 0.070406 0.118679
vt 0.069896 0.118591
vt 0.058689 0.183633
vt 0.059199 0.183721
vt 0.186975 -0.028080
vt 0.186593 -0.027732
vt 0.230990 0.021103
vt 0.231373 0.020755
vt 0.181976 -0.106550
vt 0.181719 -0.106100
vt 0.238999 -0.073313
vt 0.239256 -0.073762
vt 0.163105 -0.099438
vt 0.162884 -0.098970
vt 0.222559 -0.070777
vt 0.222781 -0.071245
vt 0.136367 -0.034489
vt 0.136128 -0.034030
vt 0.194659 -0.003533
vt 0.194899 -0.003992
vt 0.082531 0.064964
vt 0.082201 0.065363
vt 0.133034 0.107458
vt 0.133365 0.107059
vt -0.069896 0.118591
vt -0.070407 0.118679
vt -0.059199 0.183720
vt -0.058689 0.183633
vt -0.186593 -0.027732
vt -0.186976 -0.028080
vt -0.231373 0.020755
vt -0.230990 0.021103
vt -0.181719 -0.106100
vt -0.181976 -0.106550
vt -0.239256 -0.073762
vt -0.238999 -0.073313
vt -0.162884 -0.098970
vt -0.163105 -0.099438
vt -0.222781 -0.071245
vt -0.222559 -0.070777
vt -0.136128 -0.034030
vt -0.136367 -0.034489
vt -0.194899 -0.003992
vt -0.194659 -0.003533
vt -0.082201 0.065363
vt -0.082531 0.064964
vt -0.133364 0.107059
vt -0.133034 0.107458
vt 0.102246 -0.152495
vt 0.101730 -0.152537
vt 0.101263 -0.152315
vt 0.100968 -0.151890
vt 0.100926 -0.151374
vt 0.101148 -0.150906
vt 0.101574 -0.150612
vt 0.102090 -0.150569
vt 0.102557 -0.150791
vt 0.102852 -0.151217
vt 0.102894 -0.151733
vt 0.102672 -0.152201
vt -0.102672 -0.152201
vt -0.102894 -0.151733
vt -0.102852 -0.151217
vt -0.102557 -0.150791
vt -0.102090 -0.150569
vt -0.101574 -0.150611
vt -0.101148 -0.150906
vt -0.100926 -0.151374
vt -0.100968 -0.151890
vt -0.101263 -0.152315
vt -0.101730 -0.152537
vt -0.102246 -0.152495
vt 0.062330 0.118302
vt 0.061820 0.118214
vt 0.050782 0.182270
vt 0.051292 0.182358
vt 0.171429 -0.012594
vt 0.171046 -0.012246
vt 0.214771 0.035849
vt 0.215154 0.035501
vt 0.167968 -0.080065
vt 0.167711 -0.079616
vt 0.224123 -0.047325
vt 0.224380 -0.047774
vt 0.151218 -0.071936
vt 0.150997 -0.071468
vt 0.209769 -0.043703
vt 0.209990 -0.044171
vt 0.127125 -0.014587
vt 0.126886 -0.014128
vt 0.184531 0.015907
vt 0.184770 0.015448
vt 0.078184 0.071782
vt 0.077854 0.072180
vt 0.127917 0.113637
vt 0.128247 0.113239
vt -0.061820 0.118214
vt -0.062330 0.118302
vt -0.051292 0.182358
vt -0.050782 0.182270
vt -0.171046 -0.012246
vt -0.171429 -0.012594
vt -0.215154 0.035501
vt -0.214771 0.035849
vt -0.167711 -0.079616
vt -0.167968 -0.080065
vt -0.224380 -0.047774
vt -0.224123 -0.047325
vt -0.150997 -0.071468
vt -0.151218 -0.071936
vt -0.209990 -0.044171
vt -0.209769 -0.043703
vt -0.126886 -0.014128
vt -0.127125 -0.014587
vt -0.184770 0.015448
vt -0.184531 0.015907
vt -0.077854 0.072180
vt -0.078184 0.071782
vt -0.128247 0.113239
vt -0.127917 0.113638
vt 0.091820 -0.123301
vt 0.091304 -0.123343
vt 0.090836 -0.123121
vt 0.090542 -0.122695
vt 0.090500 -0.122180
vt 0.090721 -0.121712
vt 0.091147 -0.121417
vt 0.091663 -0.121375
vt 0.092131 -0.121597
vt 0.092425 -0.122023
vt 0.092467 -0.122539
vt 0.092246 -0.123007
vt -0.092246 -0.123007
vt -0.092467 -0.122539
vt -0.092425 -0.122023
vt -0.092131 -0.121597
vt -0.091663 -0.121375
vt -0.091147 -0.121417
vt -0.090721 -0.121712
vt -0.090500 -0.122180
vt -0.090542 -0.122695
vt -0.090836 -0.123121
vt -0.091304 -0.123343
vt -0.091820 -0.123301
vt 0.064030 0.117580
vt 0.063520 0.117492
vt 0.052313 0.182534
vt 0.052823 0.182622
vt 0.173895 -0.016188
vt 0.173512 -0.015840
vt 0.217910 0.032995
vt 0.218293 0.032647
vt 0.169980 -0.085592
vt 0.169722 -0.085143
vt 0.227002 -0.052355
vt 0.227259 -0.052804
vt 0.152790 -0.077603
vt 0.152569 -0.077135
vt 0.212244 -0.048943
vt 0.212465 -0.049411
vt 0.128199 -0.018811
vt 0.127959 -0.018352
vt 0.186491 0.012144
vt 0.186730 0.011685
vt 0.078404 0.069948
vt 0.078074 0.070347
vt 0.128908 0.112442
vt 0.129238 0.112043
vt -0.063520 0.117492
vt -0.064030 0.117580
vt -0.052823 0.182622
vt -0.052313 0.182534
vt -0.173512 -0.015840
vt -0.173895 -0.016188
vt -0.218293 0.032647
vt -0.217910 0.032995
vt -0.169722 -0.085143
vt -0.169980 -0.085592
vt -0.227259 -0.052804
vt -0.227002 -0.052355
vt -0.152569 -0.077135
vt -0.152790 -0.077603
vt -0.212465 -0.049411
vt -0.212244 -0.048943
vt -0.127959 -0.018352
vt -0.128199 -0.018811
vt -0.186730 0.011685
vt -0.186491 0.012144
vt -0.078074 0.070347
vt -0.078404 0.069948
vt -0.129238 0.112043
vt -0.128908 0.112442
vt 0.093838 -0.128951
vt 0.093322 -0.128993
vt 0.092854 -0.128772
vt 0.092560 -0.128346
vt 0.092518 -0.127830
vt 0.092739 -0.127362
vt 0.093165 -0.127068
vt 0.093681 -0.127026
vt 0.094149 -0.127247
vt 0.094443 -0.127673
vt 0.094485 -0.128189
vt 0.094264 -0.128657
vt -0.094264 -0.128657
vt -0.094485 -0.128189
vt -0.094443 -0.127673
vt -0.094149 -0.127247
vt -0.093681 -0.127026
vt -0.093165 -0.127068
vt -0.092739 -0.127362
vt -0.092518 -0.127830
vt -0.092560 -0.128346
vt -0.092854 -0.128772
vt -0.093322 -0.128993
vt -0.093838 -0.128951
vt 0.065390 0.118830
vt 0.064880 0.118742
vt 0.053843 0.182798
vt 0.054353 0.182885
vt 0.177707 -0.018302
vt 0.177324 -0.017954
vt 0.221049 0.030141
vt 0.221432 0.029793
vt 0.173727 -0.090125
vt 0.173469 -0.089676
vt 0.229881 -0.057385
vt 0.230138 -0.057834
vt 0.156170 -0.082416
vt 0.155949 -0.081948
vt 0.214720 -0.054183
vt 0.214941 -0.054651
vt 0.131046 -0.022112
vt 0.130807 -0.021653
vt 0.188451 0.008382
vt 0.188691 0.007923
vt 0.080165 0.069390
vt 0.079835 0.069788
vt 0.129898 0.111245
vt 0.130228 0.110847
vt -0.064880 0.118742
vt -0.065391 0.118830
vt -0.054353 0.182885
vt -0.053843 0.182798
vt -0.177324 -0.017954
vt -0.177707 -0.018302
vt -0.221432 0.029793
vt -0.221049 0.030141
vt -0.173469 -0.089676
vt -0.173727 -0.090125
vt -0.230138 -0.057834
vt -0.229881 -0.057385
vt -0.155949 -0.081948
vt -0.156170 -0.082416
vt -0.214941 -0.054651
vt -0.214720 -0.054183
vt -0.130807 -0.021653
vt -0.131046 -0.022112
vt -0.188691 0.007923
vt -0.188451 0.008382
vt -0.079835 0.069788
vt -0.080165 0.069390
vt -0.130228 0.110847
vt -0.129898 0.111245
vt 0.095856 -0.134602
vt 0.095340 -0.134644
vt 0.094872 -0.134422
vt 0.094578 -0.133996
vt 0.094536 -0.133480
vt 0.094757 -0.133013
vt 0.095183 -0.132718
vt 0.095699 -0.132676
vt 0.096167 -0.132898
vt 0.096461 -0.133324
vt 0.096503 -0.133840
vt 0.096282 -0.134307
vt -0.096282 -0.134307
vt -0.096503 -0.133840
vt -0.096461 -0.133324
vt -0.096167 -0.132898
vt -0.095699 -0.132676
vt -0.095183 -0.132718
vt -0.094757 -0.133013
vt -0.094536 -0.133480
vt -0.094578 -0.133996
vt -0.094872 -0.134422
vt -0.095340 -0.134644
vt -0.095856 -0.134602
vt 0.067091 0.118108
vt 0.066580 0.118020
vt 0.055373 0.183061
vt 0.055883 0.183149
vt 0.180174 -0.021896
vt 0.179791 -0.021548
vt 0.224189 0.027287
vt 0.224571 0.026939
vt 0.175738 -0.095652
vt 0.175481 -0.095202
vt 0.232760 -0.062415
vt 0.233018 -0.062864
vt 0.157741 -0.088084
vt 0.157520 -0.087616
vt 0.217196 -0.059423
vt 0.217417 -0.059891
vt 0.132119 -0.026336
vt 0.131880 -0.025877
vt 0.190412 0.004619
vt 0.190651 0.004160
vt 0.080385 0.067556
vt 0.080055 0.067954
vt 0.130888 0.110049
vt 0.131219 0.109651
vt -0.066581 0.118020
vt -0.067091 0.118108
vt -0.055884 0.183149
vt -0.055373 0.183061
vt -0.179791 -0.021548
vt -0.180174 -0.021896
vt -0.224571 0.026939
vt -0.224189 0.027287
vt -0.175481 -0.095202
vt -0.175738 -0.095652
vt -0.233018 -0.062864
vt -0.232760 -0.062415
vt -0.157520 -0.087616
vt -0.157741 -0.088084
vt -0.217417 -0.059891
vt -0.217196 -0.059423
vt -0.131880 -0.025877
vt -0.132119 -0.026336
vt -0.190651 0.004160
vt -0.190412 0.004619
vt -0.080055 0.067954
vt -0.080385 0.067556
vt -0.131219 0.109651
vt -0.130888 0.110049
vt 0.097874 -0.140252
vt 0.097358 -0.140294
vt 0.096890 -0.140073
vt 0.096596 -0.139647
vt 0.096554 -0.139131
vt 0.096775 -0.138663
vt 0.097201 -0.138369
vt 0.097717 -0.138327
vt 0.098185 -0.138548
vt 0.098479 -0.138974
vt 0.098521 -0.139490
vt 0.098300 -0.139958
vt -0.098300 -0.139958
vt -0.098521 -0.139490
vt -0.098479 -0.138974
vt -0.098185 -0.138548
vt -0.097717 -0.138327
vt -0.097201 -0.138369
vt -0.096775 -0.138663
vt -0.096554 -0.139131
vt -0.096596 -0.139647
vt -0.096890 -0.140073
vt -0.097358 -0.140294
vt -0.097874 -0.140252
vt 0.051362 0.116412
vt 0.050852 0.116324
vt 0.039645 0.181366
vt 0.040155 0.181454
vt 0.148931 0.007859
vt 0.148548 0.008208
vt 0.192946 0.057042
vt 0.193329 0.056694
vt 0.147335 -0.044018
vt 0.147077 -0.043569
vt 0.204357 -0.010781
vt 0.204614 -0.011231
vt 0.133476 -0.034381
vt 0.133255 -0.033913
vt 0.192931 -0.005721
vt 0.193152 -0.006189
vt 0.113076 0.012378
vt 0.112836 0.012837
vt 0.171368 0.043334
vt 0.171607 0.042875
vt 0.071086 0.080353
vt 0.070756 0.080752
vt 0.121589 0.122847
vt 0.121919 0.122448
vt -0.050852 0.116324
vt -0.051362 0.116412
vt -0.040155 0.181454
vt -0.039645 0.181366
vt -0.148548 0.008208
vt -0.148931 0.007859
vt -0.193329 0.056694
vt -0.192946 0.057042
vt -0.147077 -0.043569
vt -0.147335 -0.044018
vt -0.204614 -0.011231
vt -0.204357 -0.010781
vt -0.133255 -0.033913
vt -0.133476 -0.034381
vt -0.193152 -0.006189
vt -0.192931 -0.005721
vt -0.112836 0.012837
vt -0.113076 0.012378
vt -0.171607 0.042875
vt -0.171368 0.043334
vt -0.070756 0.080752
vt -0.071086 0.080353
vt -0.121919 0.122448
vt -0.121589 0.122847
vt 0.077357 -0.082806
vt 0.076841 -0.082848
vt 0.076374 -0.082626
vt 0.076079 -0.082201
vt 0.076037 -0.081685
vt 0.076259 -0.081217
vt 0.076685 -0.080923
vt 0.077201 -0.080881
vt 0.077668 -0.081102
vt 0.077963 -0.081528
vt 0.078005 -0.082044
vt 0.077783 -0.082512
vt -0.077783 -0.082512
vt -0.078005 -0.082044
vt -0.077963 -0.081528
vt -0.077668 -0.081102
vt -0.077201 -0.080880
vt -0.076685 -0.080922
vt -0.076259 -0.081217
vt -0.076037 -0.081685
vt -0.076079 -0.082201
vt -0.076374 -0.082626
vt -0.076841 -0.082848
vt -0.077357 -0.082806
vt 0.052723 0.117661
vt 0.052213 0.117574
vt 0.041175 0.181630
vt 0.041685 0.181718
vt 0.152743 0.005745
vt 0.152360 0.006093
vt 0.196085 0.054188
vt 0.196468 0.053840
vt 0.151082 -0.048552
vt 0.150824 -0.048102
vt 0.207236 -0.015811
vt 0.207493 -0.016261
vt 0.136856 -0.039194
vt 0.136635 -0.038726
vt 0.195407 -0.010961
vt 0.195628 -0.011429
vt 0.115923 0.009078
vt 0.115684 0.009537
vt 0.173328 0.039571
vt 0.173568 0.039112
vt 0.072847 0.079795
vt 0.072516 0.080194
vt 0.122580 0.121651
vt 0.122910 0.121252
vt -0.052213 0.117573
vt -0.052723 0.117661
vt -0.041685 0.181718
vt -0.041175 0.181630
vt -0.152360 0.006093
vt -0.152743 0.005745
vt -0.196468 0.053840
vt -0.196085 0.054188
vt -0.150824 -0.048102
vt -0.151082 -0.048552
vt -0.207493 -0.016260
vt -0.207236 -0.015811
vt -0.136635 -0.038726
vt -0.136856 -0.039194
vt -0.195628 -0.011429
vt -0.195407 -0.010961
vt -0.115684 0.009537
vt -0.115923 0.009078
vt -0.173568 0.039112
vt -0.173328 0.039571
vt -0.072516 0.080194
vt -0.072847 0.079795
vt -0.122910 0.121252
vt -0.122580 0.121651
vt 0.079375 -0.088456
vt 0.078859 -0.088498
vt 0.078392 -0.088277
vt 0.078097 -0.087851
vt 0.078055 -0.087335
vt 0.078277 -0.086867
vt 0.078703 -0.086573
vt 0.079219 -0.086531
vt 0.079686 -0.086752
vt 0.079981 -0.087178
vt 0.080023 -0.087694
vt 0.079801 -0.088162
vt -0.079801 -0.088162
vt -0.080023 -0.087694
vt -0.079981 -0.087178
vt -0.079686 -0.086752
vt -0.079219 -0.086531
vt -0.078703 -0.086573
vt -0.078277 -0.086867
vt -0.078055 -0.087335
vt -0.078097 -0.087851
vt -0.078392 -0.088277
vt -0.078859 -0.088498
vt -0.079375 -0.088456
vt 0.054423 0.116940
vt 0.053913 0.116852
vt 0.042705 0.181893
vt 0.043216 0.181981
vt 0.155209 0.002151
vt 0.154827 0.002500
vt 0.199224 0.051334
vt 0.199607 0.050986
vt 0.153093 -0.054078
vt 0.152836 -0.053629
vt 0.210115 -0.020841
vt 0.210372 -0.021290
vt 0.138428 -0.044862
vt 0.138206 -0.044394
vt 0.197882 -0.016201
vt 0.198103 -0.016669
vt 0.116996 0.004853
vt 0.116757 0.005312
vt 0.175289 0.035809
vt 0.175528 0.035350
vt 0.073067 0.077961
vt 0.072737 0.078360
vt 0.123570 0.120455
vt 0.123900 0.120056
vt -0.053913 0.116852
vt -0.054423 0.116940
vt -0.043216 0.181981
vt -0.042706 0.181893
vt -0.154827 0.002500
vt -0.155210 0.002151
vt -0.199607 0.050986
vt -0.199224 0.051334
vt -0.152836 -0.053629
vt -0.153093 -0.054078
vt -0.210372 -0.021290
vt -0.210115 -0.020841
vt -0.138206 -0.044394
vt -0.138428 -0.044862
vt -0.198103 -0.016669
vt -0.197882 -0.016201
vt -0.116757 0.005312
vt -0.116996 0.004853
vt -0.175528 0.035350
vt -0.175289 0.035809
vt -0.072737 0.078360
vt -0.073067 0.077961
vt -0.123900 0.120056
vt -0.123570 0.120455
vt 0.081393 -0.094107
vt 0.080878 -0.094149
vt 0.080410 -0.093927
vt 0.080115 -0.093502
vt 0.080073 -0.092986
vt 0.080295 -0.092518
vt 0.080721 -0.092224
vt 0.081237 -0.092181
vt 0.081705 -0.092403
vt 0.081999 -0.092829
vt 0.082041 -0.093345
vt 0.081819 -0.093813
vt -0.081819 -0.093813
vt -0.082041 -0.093345
vt -0.081999 -0.092829
vt -0.081704 -0.092403
vt -0.081237 -0.092181
vt -0.080721 -0.092223
vt -0.080295 -0.092518
vt -0.080073 -0.092986
vt -0.080115 -0.093501
vt -0.080410 -0.093927
vt -0.080877 -0.094149
vt -0.081393 -0.094107
vt 0.056038 0.118233
vt 0.055528 0.118145
vt 0.044491 0.182201
vt 0.045001 0.182289
vt 0.159545 -0.000438
vt 0.159162 -0.000090
vt 0.202887 0.048005
vt 0.203270 0.047657
vt 0.157320 -0.059449
vt 0.157063 -0.059000
vt 0.213474 -0.026709
vt 0.213731 -0.027158
vt 0.142220 -0.050548
vt 0.141999 -0.050080
vt 0.200770 -0.022315
vt 0.200992 -0.022783
vt 0.120170 0.000926
vt 0.119931 0.001385
vt 0.177576 0.031419
vt 0.177815 0.030960
vt 0.074993 0.077204
vt 0.074662 0.077602
vt 0.124725 0.119060
vt 0.125056 0.118661
vt -0.055528 0.118145
vt -0.056039 0.118233
vt -0.045001 0.182289
vt -0.044491 0.182201
vt -0.159162 -0.000090
vt -0.159545 -0.000438
vt -0.203270 0.047657
vt -0.202887 0.048005
vt -0.157063 -0.059000
vt -0.157320 -0.059449
vt -0.213731 -0.027158
vt -0.213474 -0.026709
vt -0.141999 -0.050080
vt -0.142220 -0.050548
vt -0.200992 -0.022783
vt -0.200770 -0.022315
vt -0.119931 0.001385
vt -0.120170 0.000926
vt -0.177815 0.030960
vt -0.177576 0.031419
vt -0.074662 0.077602
vt -0.074993 0.077204
vt -0.125056 0.118661
vt -0.124725 0.119060
vt 0.083748 -0.100699
vt 0.083232 -0.100741
vt 0.082764 -0.100519
vt 0.082470 -0.100094
vt 0.082428 -0.099578
vt 0.082649 -0.099110
vt 0.083075 -0.098816
vt 0.083591 -0.098774
vt 0.084059 -0.098995
vt 0.084353 -0.099421
vt 0.084395 -0.099937
vt 0.084174 -0.100405
vt -0.084174 -0.100405
vt -0.084395 -0.099937
vt -0.084353 -0.099421
vt -0.084059 -0.098995
vt -0.083591 -0.098774
vt -0.083075 -0.098816
vt -0.082649 -0.099110
vt -0.082428 -0.099578
vt -0.082470 -0.100094
vt -0.082764 -0.100519
vt -0.083232 -0.100741
vt -0.083748 -0.100699
vt 0.057739 0.117511
vt 0.057229 0.117423
vt 0.046021 0.182465
vt 0.046531 0.182553
vt 0.162011 -0.004032
vt 0.161628 -0.003684
vt 0.206026 0.045151
vt 0.206409 0.044803
vt 0.159331 -0.064976
vt 0.159074 -0.064527
vt 0.216353 -0.031739
vt 0.216611 -0.032188
vt 0.143791 -0.056215
vt 0.143570 -0.055747
vt 0.203246 -0.027555
vt 0.203467 -0.028023
vt 0.121244 -0.003299
vt 0.121005 -0.002840
vt 0.179536 0.027657
vt 0.179776 0.027198
vt 0.075213 0.075370
vt 0.074883 0.075769
vt 0.125716 0.117863
vt 0.126046 0.117465
vt -0.057229 0.117423
vt -0.057739 0.117511
vt -0.046532 0.182553
vt -0.046021 0.182465
vt -0.161628 -0.003684
vt -0.162011 -0.004032
vt -0.206409 0.044803
vt -0.206026 0.045151
vt -0.159074 -0.064527
vt -0.159331 -0.064976
vt -0.216611 -0.032188
vt -0.216353 -0.031739
vt -0.143570 -0.055747
vt -0.143791 -0.056215
vt -0.203467 -0.028023
vt -0.203246 -0.027555
vt -0.121005 -0.002840
vt -0.121244 -0.003299
vt -0.179776 0.027198
vt -0.179536 0.027657
vt -0.074883 0.075769
vt -0.075213 0.075370
vt -0.126046 0.117465
vt -0.125716 0.117863
vt 0.085766 -0.106350
vt 0.085250 -0.106392
vt 0.084782 -0.106170
vt 0.084488 -0.105744
vt 0.084446 -0.105228
vt 0.084667 -0.104760
vt 0.085093 -0.104466
vt 0.085609 -0.104424
vt 0.086077 -0.104646
vt 0.086371 -0.105071
vt 0.086413 -0.105587
vt 0.086192 -0.106055
vt -0.086192 -0.106055
vt -0.086413 -0.105587
vt -0.086371 -0.105071
vt -0.086077 -0.104646
vt -0.085609 -0.104424
vt -0.085093 -0.104466
vt -0.084667 -0.104760
vt -0.084446 -0.105228
vt -0.084488 -0.105744
vt -0.084782 -0.106170
vt -0.085250 -0.106391
vt -0.085766 -0.106349
vt 0.059099 0.118760
vt 0.058589 0.118672
vt 0.047552 0.182728
vt 0.048062 0.182816
vt 0.165823 -0.006146
vt 0.165440 -0.005798
vt 0.209165 0.042297
vt 0.209548 0.041949
vt 0.163078 -0.069509
vt 0.162821 -0.069060
vt 0.219233 -0.036769
vt 0.219490 -0.037218
vt 0.147171 -0.061028
vt 0.146950 -0.060560
vt 0.205722 -0.032795
vt 0.205943 -0.033263
vt 0.124091 -0.006599
vt 0.123852 -0.006140
vt 0.181497 0.023894
vt 0.181736 0.023435
vt 0.076974 0.074812
vt 0.076643 0.075210
vt 0.126706 0.116668
vt 0.127036 0.116269
vt -0.058589 0.118672
vt -0.059099 0.118760
vt -0.048062 0.182816
vt -0.047552 0.182728
vt -0.165440 -0.005798
vt -0.165823 -0.006146
vt -0.209548 0.041949
vt -0.209165 0.042297
vt -0.162821 -0.069060
vt -0.163078 -0.069509
vt -0.219490 -0.037218
vt -0.219233 -0.036769
vt -0.146950 -0.060560
vt -0.147171 -0.061028
vt -0.205943 -0.033263
vt -0.205722 -0.032795
vt -0.123852 -0.006140
vt -0.124091 -0.006599
vt -0.181736 0.023435
vt -0.181497 0.023894
vt -0.076643 0.075210
vt -0.076973 0.074812
vt -0.127036 0.116269
vt -0.126706 0.116668
vt 0.087784 -0.112000
vt 0.087268 -0.112042
vt 0.086800 -0.111820
vt 0.086506 -0.111395
vt 0.086464 -0.110879
vt 0.086685 -0.110411
vt 0.087111 -0.110116
vt 0.087627 -0.110074
vt 0.088095 -0.110296
vt 0.088389 -0.110722
vt 0.088431 -0.111238
vt 0.088210 -0.111706
vt -0.088210 -0.111706
vt -0.088431 -0.111238
vt -0.088389 -0.110722
vt -0.088095 -0.110296
vt -0.087627 -0.110074
vt -0.087111 -0.110116
vt -0.086685 -0.110411
vt -0.086464 -0.110879
vt -0.086506 -0.111395
vt -0.086800 -0.111820
vt -0.087268 -0.112042
vt -0.087784 -0.112000
vt 0.060799 0.118038
vt 0.060289 0.117950
vt 0.049082 0.182992
vt 0.049592 0.183080
vt 0.168290 -0.009740
vt 0.167907 -0.009392
vt 0.212304 0.039443
vt 0.212687 0.039095
vt 0.165089 -0.075036
vt 0.164832 -0.074586
vt 0.222112 -0.041799
vt 0.222369 -0.042248
vt 0.148743 -0.066696
vt 0.148522 -0.066228
vt 0.208197 -0.038035
vt 0.208418 -0.038503
vt 0.125165 -0.010824
vt 0.124925 -0.010365
vt 0.183457 0.020131
vt 0.183696 0.019672
vt 0.077194 0.072978
vt 0.076864 0.073376
vt 0.127697 0.115471
vt 0.128027 0.115073
vt -0.060289 0.117950
vt -0.060799 0.118038
vt -0.049592 0.183080
vt -0.049082 0.182992
vt -0.167907 -0.009392
vt -0.168290 -0.009740
vt -0.212687 0.039095
vt -0.212304 0.039443
vt -0.164832 -0.074586
vt -0.165089 -0.075036
vt -0.222369 -0.042248
vt -0.222112 -0.041799
vt -0.148522 -0.066228
vt -0.148743 -0.066696
vt -0.208418 -0.038503
vt -0.208197 -0.038035
vt -0.124925 -0.010365
vt -0.125165 -0.010824
vt -0.183696 0.019672
vt -0.183457 0.020131
vt -0.076864 0.073376
vt -0.077194 0.072978
vt -0.128027 0.115073
vt -0.127697 0.115471
vt 0.089802 -0.117651
vt 0.089286 -0.117693
vt 0.088818 -0.117471
vt 0.088524 -0.117045
vt 0.088482 -0.116529
vt 0.088703 -0.116061
vt 0.089129 -0.115767
vt 0.089645 -0.115725
vt 0.090113 -0.115947
vt 0.090407 -0.116372
vt 0.090449 -0.116888
vt 0.090228 -0.117356
vt -0.090228 -0.117356
vt -0.090449 -0.116888
vt -0.090407 -0.116372
vt -0.090113 -0.115947
vt -0.089645 -0.115725
vt -0.089129 -0.115767
vt -0.088703 -0.116061
vt -0.088482 -0.116529
vt -0.088524 -0.117045
vt -0.088818 -0.117471
vt -0.089286 -0.117692
vt -0.089802 -0.117650
vt 0.150942 -0.017641
vt 0.228114 -0.073044
vt 0.225781 -0.076294
vt 0.148609 -0.020891
vt -0.225781 -0.076294
vt -0.228114 -0.073045
vt -0.150942 -0.017641
vt -0.148609 -0.020891
vt 0.217699 -0.067900
vt 0.185602 -0.159436
vt 0.095954 -0.128001
vt 0.128051 -0.036465
vt -0.095954 -0.128001
vt -0.185602 -0.159436
vt -0.217699 -0.067900
vt -0.128051 -0.036465
vt -0.101703 -0.049418
vt -0.105297 -0.047662
vt -0.062726 0.039497
vt -0.059132 0.037742
vt 0.062726 0.039497
vt 0.105297 -0.047662
vt 0.101703 -0.049418
vt 0.059132 0.037742
vt -0.122400 -0.001869
vt -0.123514 -0.004227
vt -0.127157 -0.002505
vt -0.126043 -0.000148
vt -0.082646 0.079163
vt -0.083850 0.076851
vt -0.087424 0.078713
vt -0.086219 0.081025
vt -0.014606 0.154629
vt -0.016269 0.152621
vt -0.019373 0.155191
vt -0.017710 0.157200
vt 0.137517 0.135187
vt 0.134948 0.134745
vt 0.134264 0.138716
vt 0.136833 0.139158
vt 0.196040 -0.029736
vt 0.194111 -0.027982
vt 0.196822 -0.025000
vt 0.198751 -0.026754
vt 0.158826 -0.056298
vt 0.157531 -0.054035
vt 0.161028 -0.052034
vt 0.162323 -0.054296
vt 0.123514 -0.004227
vt 0.122400 -0.001869
vt 0.126043 -0.000148
vt 0.127157 -0.002505
vt 0.083850 0.076851
vt 0.082646 0.079163
vt 0.086219 0.081025
vt 0.087424 0.078713
vt 0.016269 0.152621
vt 0.014606 0.154629
vt 0.017710 0.157199
vt 0.019372 0.155191
vt -0.134948 0.134745
vt -0.137517 0.135187
vt -0.136833 0.139158
vt -0.134264 0.138716
vt -0.194111 -0.027982
vt -0.196040 -0.029736
vt -0.198751 -0.026754
vt -0.196822 -0.025000
vt -0.157531 -0.054035
vt -0.158826 -0.056298
vt -0.162323 -0.054296
vt -0.161028 -0.052034
vt 0.165882 -0.040649
vt -0.164400 -0.038505
vt -0.162044 -0.037389
vt -0.159445 -0.037600
vt -0.156184 -0.041439
vt -0.156396 -0.044037
vt -0.160234 -0.047298
vt -0.166094 -0.043248
vt -0.165882 -0.040649
vt -0.203627 -0.174357
vt -0.204721 -0.176723
vt -0.208378 -0.175033
vt -0.207284 -0.172666
vt -0.233994 -0.212267
vt -0.235181 -0.214588
vt -0.238769 -0.212753
vt -0.237582 -0.210432
vt -0.255967 -0.136677
vt -0.257617 -0.138695
vt -0.260737 -0.136145
vt -0.259087 -0.134126
vt -0.183821 0.083101
vt -0.186394 0.082680
vt -0.187044 0.086656
vt -0.184471 0.087077
vt 0.059874 0.096995
vt 0.057975 0.098781
vt 0.060735 0.101717
vt 0.062634 0.099931
vt 0.160308 -0.058075
vt 0.159037 -0.055799
vt 0.162556 -0.053835
vt 0.163826 -0.056112
vt 0.204721 -0.176723
vt 0.203627 -0.174357
vt 0.207284 -0.172666
vt 0.208378 -0.175033
vt 0.235181 -0.214588
vt 0.233994 -0.212267
vt 0.237582 -0.210432
vt 0.238769 -0.212753
vt 0.257617 -0.138695
vt 0.255967 -0.136677
vt 0.259087 -0.134126
vt 0.260737 -0.136145
vt 0.186394 0.082680
vt 0.183821 0.083100
vt 0.184471 0.087077
vt 0.187044 0.086656
vt -0.057975 0.098781
vt -0.059874 0.096995
vt -0.062634 0.099931
vt -0.060735 0.101717
vt -0.159037 -0.055799
vt -0.160308 -0.058075
vt -0.163826 -0.056112
vt -0.162556 -0.053835
vt -0.145597 -0.255406
vt -0.145400 -0.258006
vt -0.146530 -0.260356
vt -0.148683 -0.261826
vt -0.151283 -0.262022
vt -0.153633 -0.260893
vt -0.155103 -0.258740
vt -0.155299 -0.256140
vt -0.154169 -0.253790
vt -0.152016 -0.252320
vt -0.149416 -0.252123
vt -0.147067 -0.253253
vt 0.147067 -0.253253
vt 0.149417 -0.252123
vt 0.152016 -0.252320
vt 0.154169 -0.253790
vt 0.155299 -0.256140
vt 0.155103 -0.258740
vt 0.153633 -0.260893
vt 0.151283 -0.262022
vt 0.148683 -0.261826
vt 0.146530 -0.260356
vt 0.145400 -0.258006
vt 0.145597 -0.255406
vt -0.094043 -0.094428
vt -0.094934 -0.096314
vt -0.216074 -0.039084
vt -0.215183 -0.037198
vt -0.113274 -0.120674
vt -0.114237 -0.122524
vt -0.233055 -0.060617
vt -0.232091 -0.058767
vt -0.130215 -0.087168
vt -0.131546 -0.088774
vt -0.234736 -0.003323
vt -0.233405 -0.001717
vt -0.106625 0.026982
vt -0.108681 0.026628
vt -0.131431 0.158660
vt -0.129376 0.159014
vt 0.012608 0.048944
vt 0.011065 0.050347
vt 0.101191 0.149480
vt 0.102734 0.148077
vt 0.068552 -0.029788
vt 0.067515 -0.027977
vt 0.183791 0.038581
vt 0.184828 0.036771
vt 0.094934 -0.096314
vt 0.094043 -0.094428
vt 0.215183 -0.037198
vt 0.216074 -0.039084
vt 0.114237 -0.122524
vt 0.113273 -0.120674
vt 0.232091 -0.058767
vt 0.233055 -0.060617
vt 0.131546 -0.088774
vt 0.130215 -0.087168
vt 0.233405 -0.001717
vt 0.234736 -0.003323
vt 0.108681 0.026628
vt 0.106625 0.026982
vt 0.129376 0.159015
vt 0.131431 0.158660
vt -0.011065 0.050347
vt -0.012608 0.048944
vt -0.102734 0.148077
vt -0.101191 0.149480
vt -0.067515 -0.027977
vt -0.068552 -0.029787
vt -0.184828 0.036771
vt -0.183791 0.038581
vt -0.207116 0.088082
vt -0.206623 0.089698
vt -0.204513 0.089261
vt -0.205121 0.087266
vt 0.088323 -0.131343
vt 0.090208 -0.130451
vt 0.092287 -0.130620
vt 0.094003 -0.131806
vt 0.094896 -0.133691
vt 0.094727 -0.135770
vt 0.093541 -0.137486
vt 0.091656 -0.138378
vt 0.089577 -0.138209
vt 0.087861 -0.137023
vt 0.086968 -0.135138
vt 0.087137 -0.133059
vt 0.212560 0.099842
vt 0.213864 0.098769
vt 0.212653 0.096986
vt 0.211043 0.098311
vt 0.222279 -0.094134
vt 0.222733 -0.095761
vt 0.220719 -0.096529
vt 0.220159 -0.094519
vt 0.201609 -0.102114
vt 0.202133 -0.103720
vt 0.200153 -0.104573
vt 0.199507 -0.102590
vt 0.174424 -0.056779
vt 0.175145 -0.058308
vt 0.173288 -0.059402
vt 0.172399 -0.057516
vt 0.127556 0.025502
vt 0.128591 0.024167
vt 0.127017 0.022695
vt 0.125738 0.024343
vt 0.033796 0.111067
vt 0.035265 0.110233
vt 0.034377 0.108269
vt 0.032564 0.109299
vt -0.114676 0.113734
vt -0.112995 0.113908
vt -0.112578 0.111794
vt -0.114653 0.111579
vt -0.211148 0.022871
vt -0.209818 0.023914
vt -0.208338 0.022347
vt -0.209980 0.021060
vt -0.236368 -0.038331
vt -0.235445 -0.036916
vt -0.233539 -0.037923
vt -0.234679 -0.039670
vt -0.236842 -0.039603
vt -0.236194 -0.038042
vt -0.234136 -0.038683
vt -0.234936 -0.040609
vt -0.228503 0.006041
vt -0.228018 0.007660
vt -0.225906 0.007234
vt -0.226503 0.005236
vt -0.224285 -0.090964
vt -0.224859 -0.089874
vt -0.223797 -0.089056
vt -0.223009 -0.090551
vt -0.037237 -0.238212
vt -0.038422 -0.238548
vt -0.039003 -0.237340
vt -0.037378 -0.236879
vt 0.123743 -0.195072
vt 0.123384 -0.196250
vt 0.122054 -0.196085
vt 0.122546 -0.194468
vt 0.135124 -0.148154
vt 0.135236 -0.149381
vt 0.133941 -0.149728
vt 0.133788 -0.148046
vt 0.114084 -0.089185
vt 0.114555 -0.090324
vt 0.113421 -0.091039
vt 0.112776 -0.089478
vt 0.067991 -0.017650
vt 0.068807 -0.018573
vt 0.067969 -0.019619
vt 0.066850 -0.018353
vt -0.009227 0.040787
vt -0.008106 0.040279
vt -0.008443 0.038981
vt -0.009982 0.039679
vt -0.106269 0.046791
vt -0.105041 0.046890
vt -0.104707 0.045592
vt -0.106391 0.045456
vt -0.181266 0.001790
vt -0.180227 0.002452
vt -0.179324 0.001462
vt -0.180748 0.000553
vt -0.217807 -0.043614
vt -0.217098 -0.042607
vt -0.215886 -0.043180
vt -0.216859 -0.044561
vt -0.231201 -0.061965
vt -0.230839 -0.060788
vt -0.229510 -0.060958
vt -0.230006 -0.062573
vt -0.234261 -0.061955
vt -0.234275 -0.060724
vt -0.232956 -0.060481
vt -0.232938 -0.062170
vt -0.088692 -0.133614
vt -0.088592 -0.134842
vt -0.089119 -0.135955
vt -0.090132 -0.136655
vt -0.091360 -0.136755
vt -0.092473 -0.136228
vt -0.093173 -0.135215
vt -0.093273 -0.133987
vt -0.092746 -0.132874
vt -0.091733 -0.132174
vt -0.090505 -0.132074
vt -0.089392 -0.132601
vt -0.162798 -0.087956
vt -0.163892 -0.090323
vt -0.167549 -0.088632
vt -0.166455 -0.086265
vt -0.201309 -0.150134
vt -0.202496 -0.152455
vt -0.206083 -0.150620
vt -0.204896 -0.148299
vt -0.238864 -0.117033
vt -0.240514 -0.119052
vt -0.243634 -0.116502
vt -0.241984 -0.114483
vt -0.208471 0.078248
vt -0.211045 0.077827
vt -0.211695 0.081804
vt -0.209122 0.082225
vt 0.008663 0.144026
vt 0.006763 0.145812
vt 0.009523 0.148748
vt 0.011423 0.146962
vt 0.113152 0.024757
vt 0.111881 0.027034
vt 0.115400 0.028998
vt 0.116670 0.026721
vt 0.163892 -0.090323
vt 0.162798 -0.087956
vt 0.166455 -0.086265
vt 0.167549 -0.088632
vt 0.202496 -0.152455
vt 0.201309 -0.150134
vt 0.204896 -0.148299
vt 0.206083 -0.150620
vt 0.240514 -0.119052
vt 0.238864 -0.117033
vt 0.241984 -0.114483
vt 0.243634 -0.116502
vt 0.211045 0.077827
vt 0.208472 0.078248
vt 0.209122 0.082224
vt 0.211695 0.081804
vt -0.006764 0.145812
vt -0.008663 0.144026
vt -0.011423 0.146962
vt -0.009523 0.148748
vt -0.111881 0.027034
vt -0.113152 0.024758
vt -0.116670 0.026721
vt -0.115400 0.028998
vt -0.177839 -0.162012
vt -0.181659 -0.158729
vt 0.184259 -0.158926
vt 0.180926 -0.168432
vt 0.177643 -0.164612
vt -0.054968 -0.010479
vt -0.055858 -0.012365
vt -0.266151 0.085577
vt -0.265261 0.087463
vt 0.003433 0.106141
vt 0.002469 0.104291
vt -0.203912 0.210227
vt -0.202949 0.212077
vt 0.090651 0.183162
vt 0.089325 0.181552
vt -0.090512 0.328094
vt -0.089186 0.329704
vt 0.237629 0.088304
vt 0.235575 0.087946
vt 0.195054 0.316362
vt 0.197109 0.316720
vt 0.202247 -0.124300
vt 0.200712 -0.122888
vt 0.357769 0.047842
vt 0.359304 0.046430
vt 0.115520 -0.112138
vt 0.114488 -0.110325
vt 0.316486 0.003749
vt 0.317517 0.001936
vt 0.055880 -0.012355
vt 0.054989 -0.010468
vt 0.265282 0.087473
vt 0.266173 0.085587
vt -0.002469 0.104292
vt -0.003433 0.106141
vt 0.202949 0.212077
vt 0.203912 0.210227
vt -0.089343 0.181537
vt -0.090669 0.183147
vt 0.089168 0.329689
vt 0.090494 0.328079
vt -0.235582 0.087905
vt -0.237637 0.088263
vt -0.197116 0.316679
vt -0.195061 0.316321
vt -0.200679 -0.122923
vt -0.202215 -0.124335
vt -0.359272 0.046395
vt -0.357737 0.047807
vt -0.114453 -0.110345
vt -0.115484 -0.112158
vt -0.317481 0.001916
vt -0.316450 0.003729
vt -0.287577 -0.155641
vt -0.287084 -0.154025
vt -0.284974 -0.154462
vt -0.285582 -0.156457
vt -0.252766 -0.010666
vt -0.250881 -0.009773
vt -0.248802 -0.009942
vt -0.247086 -0.011128
vt -0.246193 -0.013013
vt -0.246363 -0.015092
vt -0.247549 -0.016808
vt -0.249434 -0.017701
vt -0.251512 -0.017531
vt -0.253228 -0.016345
vt -0.254121 -0.014460
vt -0.253952 -0.012382
vt -0.017743 0.369300
vt -0.016438 0.368227
vt -0.017649 0.366444
vt -0.019259 0.367769
vt 0.250255 0.274922
vt 0.250709 0.273295
vt 0.248695 0.272527
vt 0.248135 0.274537
vt 0.295712 0.195346
vt 0.296236 0.193740
vt 0.294257 0.192886
vt 0.293610 0.194869
vt 0.328557 0.116932
vt 0.329278 0.115404
vt 0.327421 0.114309
vt 0.326532 0.116196
vt 0.354428 0.080743
vt 0.355464 0.079408
vt 0.353889 0.077936
vt 0.352611 0.079584
vt 0.346127 0.141360
vt 0.347596 0.140526
vt 0.346708 0.138562
vt 0.344894 0.139592
vt 0.219712 0.273649
vt 0.221392 0.273822
vt 0.221810 0.271708
vt 0.219735 0.271493
vt 0.025498 0.285033
vt 0.026828 0.286076
vt 0.028308 0.284509
vt 0.026666 0.283222
vt -0.101806 0.176749
vt -0.100883 0.178164
vt -0.098978 0.177157
vt -0.100117 0.175410
vt -0.176806 0.034408
vt -0.176158 0.035968
vt -0.174100 0.035328
vt -0.174900 0.033401
vt -0.230286 -0.092989
vt -0.229802 -0.091370
vt -0.227689 -0.091795
vt -0.228287 -0.093794
vt -0.026562 -0.276840
vt -0.027136 -0.275750
vt -0.026074 -0.274932
vt -0.025287 -0.276427
vt 0.303065 -0.158817
vt 0.301880 -0.159154
vt 0.301299 -0.157946
vt 0.302924 -0.157484
vt 0.356494 0.097852
vt 0.356136 0.096674
vt 0.354805 0.096839
vt 0.355297 0.098456
vt 0.352853 0.126364
vt 0.352965 0.125137
vt 0.351670 0.124789
vt 0.351517 0.126472
vt 0.357884 0.110358
vt 0.358354 0.109219
vt 0.357220 0.108503
vt 0.356575 0.110065
vt 0.356568 0.110060
vt 0.357384 0.109137
vt 0.356546 0.108091
vt 0.355427 0.109357
vt 0.323516 0.153169
vt 0.324638 0.152660
vt 0.324301 0.151363
vt 0.322762 0.152061
vt 0.230780 0.209315
vt 0.232008 0.209414
vt 0.232343 0.208116
vt 0.230659 0.207980
vt 0.104534 0.200796
vt 0.105572 0.201458
vt 0.106476 0.200468
vt 0.105052 0.199559
vt 0.001974 0.111899
vt 0.002683 0.112906
vt 0.003895 0.112333
vt 0.002922 0.110951
vt -0.060933 -0.018742
vt -0.060571 -0.017565
vt -0.059242 -0.017735
vt -0.059738 -0.019349
vt -0.083927 -0.155758
vt -0.083940 -0.154527
vt -0.082622 -0.154284
vt -0.082604 -0.155973
vt 0.251793 -0.014214
vt 0.251893 -0.015442
vt 0.251366 -0.016555
vt 0.250353 -0.017255
vt 0.249125 -0.017355
vt 0.248012 -0.016828
vt 0.247312 -0.015815
vt 0.247212 -0.014587
vt 0.247739 -0.013474
vt 0.248752 -0.012774
vt 0.249980 -0.012674
vt 0.251093 -0.013201
vt -0.153135 -0.066222
vt -0.154249 -0.068580
vt -0.157892 -0.066859
vt -0.156779 -0.064501
vt -0.171222 -0.090188
vt -0.172426 -0.092500
vt -0.176000 -0.090638
vt -0.174795 -0.088326
vt -0.180480 -0.045205
vt -0.182143 -0.047213
vt -0.185247 -0.044643
vt -0.183584 -0.042635
vt -0.117487 0.091554
vt -0.120057 0.091111
vt -0.120741 0.095082
vt -0.118171 0.095524
vt 0.056848 0.097217
vt 0.054918 0.098971
vt 0.057629 0.101953
vt 0.059558 0.100199
vt 0.125508 0.002515
vt 0.124212 0.004777
vt 0.127709 0.006779
vt 0.129005 0.004516
vt 0.154249 -0.068580
vt 0.153135 -0.066222
vt 0.156779 -0.064501
vt 0.157892 -0.066859
vt 0.172426 -0.092500
vt 0.171222 -0.090188
vt 0.174795 -0.088326
vt 0.176000 -0.090638
vt 0.182143 -0.047213
vt 0.180480 -0.045205
vt 0.183584 -0.042635
vt 0.185247 -0.044643
vt 0.120057 0.091111
vt 0.117487 0.091553
vt 0.118171 0.095524
vt 0.120741 0.095082
vt -0.054919 0.098971
vt -0.056848 0.097217
vt -0.059558 0.100198
vt -0.057629 0.101952
vt -0.124212 0.004778
vt -0.125508 0.002515
vt -0.129005 0.004517
vt -0.127709 0.006779
vt -0.086189 -0.132721
vt -0.085977 -0.135319
vt -0.087093 -0.137675
vt -0.089238 -0.139158
vt -0.091837 -0.139369
vt -0.095675 -0.136109
vt -0.095887 -0.133510
vt -0.094771 -0.131154
vt -0.092626 -0.129671
vt -0.090028 -0.129460
vt -0.087671 -0.130576
vt 0.087671 -0.130576
vt 0.090028 -0.129460
vt 0.092626 -0.129671
vt 0.094771 -0.131154
vt 0.095887 -0.133510
vt 0.095676 -0.136109
vt 0.094193 -0.138253
vt 0.091837 -0.139369
vt 0.089238 -0.139158
vt 0.087093 -0.137675
vt 0.085977 -0.135319
vt 0.086189 -0.132721
vt -0.116452 -0.033380
vt -0.117565 -0.035737
vt -0.121208 -0.034016
vt -0.120095 -0.031658
vt -0.096978 0.010885
vt -0.098183 0.008573
vt -0.101757 0.010435
vt -0.100552 0.012747
vt -0.057755 0.072988
vt -0.059418 0.070980
vt -0.062521 0.073550
vt -0.060858 0.075558
vt 0.052611 0.101441
vt 0.050042 0.100998
vt 0.049357 0.104969
vt 0.051927 0.105412
vt 0.135679 -0.000319
vt 0.133750 0.001435
vt 0.136461 0.004416
vt 0.138390 0.002662
vt 0.131434 -0.046365
vt 0.130139 -0.044102
vt 0.133636 -0.042101
vt 0.134931 -0.044363
vt 0.117565 -0.035737
vt 0.116452 -0.033380
vt 0.120095 -0.031658
vt 0.121208 -0.034016
vt 0.098183 0.008573
vt 0.096978 0.010885
vt 0.100552 0.012747
vt 0.101757 0.010435
vt 0.059418 0.070980
vt 0.057755 0.072988
vt 0.060858 0.075558
vt 0.062521 0.073550
vt -0.050042 0.100998
vt -0.052611 0.101441
vt -0.051927 0.105412
vt -0.049357 0.104969
vt -0.133750 0.001435
vt -0.135679 -0.000319
vt -0.138390 0.002662
vt -0.136461 0.004416
vt -0.130139 -0.044102
vt -0.131434 -0.046365
vt -0.134931 -0.044363
vt -0.133636 -0.042101
vt 0.078879 -0.073768
vt 0.079091 -0.076366
vt 0.077975 -0.078723
vt 0.075830 -0.080205
vt 0.073231 -0.080417
vt 0.070875 -0.079300
vt 0.069392 -0.077156
vt 0.069181 -0.074557
vt 0.070297 -0.072201
vt 0.072442 -0.070718
vt 0.075040 -0.070507
vt 0.077397 -0.071623
vt -0.077397 -0.071623
vt -0.075040 -0.070507
vt -0.072442 -0.070718
vt -0.070297 -0.072201
vt -0.069181 -0.074557
vt -0.069392 -0.077156
vt -0.070875 -0.079300
vt -0.073231 -0.080417
vt -0.078879 -0.073768
vt -0.024872 0.058776
vt -0.025762 0.056890
vt -0.236055 0.154831
vt -0.235165 0.156717
vt 0.004963 0.113406
vt 0.003999 0.111556
vt -0.202383 0.217491
vt -0.201419 0.219341
vt 0.049285 0.135495
vt 0.047959 0.133885
vt -0.131877 0.280427
vt -0.130551 0.282037
vt 0.122655 0.069895
vt 0.120600 0.069537
vt 0.080079 0.297953
vt 0.082133 0.298311
vt 0.101591 -0.029047
vt 0.100056 -0.027635
vt 0.257114 0.143095
vt 0.258649 0.141683
vt 0.056453 -0.003566
vt 0.055421 -0.001753
vt 0.257419 0.112321
vt 0.258450 0.110508
vt 0.025784 0.056900
vt 0.024893 0.058786
vt 0.235186 0.156728
vt 0.236077 0.154841
vt -0.003999 0.111556
vt -0.004963 0.113406
vt 0.201419 0.219341
vt 0.202383 0.217491
vt -0.047978 0.133870
vt -0.049304 0.135480
vt 0.130533 0.282022
vt 0.131859 0.280412
vt -0.120607 0.069496
vt -0.122662 0.069854
vt -0.082141 0.298270
vt -0.080086 0.297912
vt -0.100024 -0.027670
vt -0.101559 -0.029082
vt -0.258617 0.141648
vt -0.257082 0.143060
vt -0.055386 -0.001774
vt -0.056417 -0.003587
vt -0.258414 0.110488
vt -0.257383 0.112301
vt -0.246572 -0.023278
vt -0.246079 -0.021663
vt -0.243968 -0.022099
vt -0.244577 -0.024094
vt -0.130598 0.055114
vt -0.128713 0.056007
vt -0.126634 0.055837
vt -0.124918 0.054651
vt -0.124026 0.052766
vt -0.124195 0.050687
vt -0.125381 0.048972
vt -0.127266 0.048079
vt -0.129345 0.048248
vt -0.131060 0.049434
vt -0.131953 0.051319
vt -0.131784 0.053398
vt 0.056831 0.276689
vt 0.058136 0.275616
vt 0.056925 0.273833
vt 0.055315 0.275158
vt 0.227995 0.203215
vt 0.228449 0.201588
vt 0.226435 0.200820
vt 0.225875 0.202829
vt 0.249884 0.187930
vt 0.250407 0.186324
vt 0.248428 0.185470
vt 0.247782 0.187453
vt 0.261777 0.168887
vt 0.262498 0.167359
vt 0.260641 0.166265
vt 0.259752 0.168151
vt 0.262999 0.166221
vt 0.264034 0.164886
vt 0.262460 0.163414
vt 0.261182 0.165062
vt 0.227793 0.213587
vt 0.229262 0.212752
vt 0.228374 0.210789
vt 0.226560 0.211819
vt 0.101035 0.289423
vt 0.102716 0.289596
vt 0.103134 0.287482
vt 0.101059 0.287268
vt -0.051585 0.281105
vt -0.050256 0.282147
vt -0.048776 0.280580
vt -0.050418 0.279293
vt -0.139460 0.209850
vt -0.138537 0.211265
vt -0.136631 0.210259
vt -0.137771 0.208512
vt -0.186631 0.120219
vt -0.185982 0.121779
vt -0.183925 0.121138
vt -0.184725 0.119212
vt -0.217490 0.032171
vt -0.217006 0.033790
vt -0.214893 0.033364
vt -0.215491 0.031366
vt -0.088387 -0.152790
vt -0.088960 -0.151700
vt -0.087898 -0.150882
vt -0.087111 -0.152377
vt 0.178144 -0.145143
vt 0.176959 -0.145480
vt 0.176378 -0.144272
vt 0.178003 -0.143810
vt 0.263121 0.060306
vt 0.262763 0.059128
vt 0.261432 0.059293
vt 0.261924 0.060909
vt 0.264466 0.125503
vt 0.264578 0.124276
vt 0.263283 0.123928
vt 0.263130 0.125611
vt 0.260881 0.151957
vt 0.261351 0.150819
vt 0.260217 0.150103
vt 0.259572 0.151664
vt 0.245302 0.176651
vt 0.246118 0.175728
vt 0.245279 0.174681
vt 0.244161 0.175948
vt 0.199868 0.216014
vt 0.200990 0.215505
vt 0.200652 0.214208
vt 0.199114 0.214906
vt 0.110675 0.250115
vt 0.111902 0.250214
vt 0.112237 0.248916
vt 0.110553 0.248780
vt 0.007531 0.235528
vt 0.008569 0.236191
vt 0.009473 0.235200
vt 0.008048 0.234292
vt -0.068458 0.170204
vt -0.067749 0.171211
vt -0.066537 0.170638
vt -0.067510 0.169256
vt -0.112174 0.075989
vt -0.111812 0.077166
vt -0.110482 0.076996
vt -0.110978 0.075381
vt -0.127561 -0.032635
vt -0.127574 -0.031403
vt -0.126255 -0.031160
vt -0.126237 -0.032850
vt 0.129625 0.051565
vt 0.129724 0.050337
vt 0.129197 0.049224
vt 0.128184 0.048524
vt 0.126956 0.048424
vt 0.125843 0.048951
vt 0.125143 0.049964
vt 0.125043 0.051192
vt 0.125570 0.052305
vt 0.126584 0.053005
vt 0.127811 0.053105
vt 0.128924 0.052578
vt 0.048812 0.119017
vt 0.048302 0.118929
vt 0.037265 0.182985
vt 0.037775 0.183073
vt 0.146764 0.013884
vt 0.146380 0.014233
vt 0.190105 0.062328
vt 0.190489 0.061979
vt 0.146099 -0.035822
vt 0.145842 -0.035372
vt 0.202254 -0.003081
vt 0.202511 -0.003531
vt 0.132888 -0.026113
vt 0.132667 -0.025645
vt 0.191438 0.002121
vt 0.191660 0.001653
vt 0.113122 0.018781
vt 0.112883 0.019240
vt 0.170528 0.049275
vt 0.170767 0.048816
vt 0.072076 0.083862
vt 0.071746 0.084260
vt 0.121809 0.125717
vt 0.122139 0.125319
vt -0.048302 0.118929
vt -0.048812 0.119017
vt -0.037775 0.183073
vt -0.037265 0.182985
vt -0.146380 0.014233
vt -0.146764 0.013884
vt -0.190489 0.061979
vt -0.190105 0.062328
vt -0.145842 -0.035372
vt -0.146099 -0.035822
vt -0.202511 -0.003531
vt -0.202254 -0.003081
vt -0.132667 -0.025645
vt -0.132888 -0.026113
vt -0.191660 0.001653
vt -0.191438 0.002121
vt -0.112883 0.019240
vt -0.113122 0.018781
vt -0.170767 0.048816
vt -0.170528 0.049275
vt -0.071746 0.084260
vt -0.072076 0.083862
vt -0.122139 0.125319
vt -0.121809 0.125717
vt 0.074667 -0.075272
vt 0.074151 -0.075314
vt 0.073683 -0.075092
vt 0.073389 -0.074667
vt 0.073347 -0.074151
vt 0.073568 -0.073683
vt 0.073994 -0.073389
vt 0.074510 -0.073347
vt 0.074978 -0.073568
vt 0.075272 -0.073994
vt 0.075314 -0.074510
vt 0.075092 -0.074978
vt -0.075092 -0.074978
vt -0.075314 -0.074510
vt -0.075272 -0.073994
vt -0.074978 -0.073568
vt -0.074510 -0.073347
vt -0.073994 -0.073389
vt -0.073568 -0.073683
vt -0.073347 -0.074151
vt -0.073389 -0.074667
vt -0.073683 -0.075092
vt -0.074151 -0.075314
vt -0.074667 -0.075272
vt 0.059826 0.013919
vt 0.060838 0.014137
vt 0.080646 -0.077752
vt 0.079634 -0.077970
vt -0.095391 0.010641
vt -0.094361 0.010537
vt -0.103808 -0.082987
vt -0.104838 -0.082883
vt -0.211821 0.083796
vt -0.210857 0.083419
vt -0.245051 -0.004141
vt -0.246016 -0.003764
vt -0.258408 0.149841
vt -0.257511 0.149325
vt -0.304392 0.067850
vt -0.305289 0.068366
vt -0.247250 0.151025
vt -0.246365 0.150489
vt -0.295087 0.070101
vt -0.295972 0.070638
vt -0.183205 0.088016
vt -0.182269 0.087572
vt -0.222558 0.002644
vt -0.223493 0.003088
vt -0.060838 0.014137
vt -0.059826 0.013919
vt -0.079634 -0.077970
vt -0.080646 -0.077752
vt 0.094361 0.010537
vt 0.095391 0.010641
vt 0.104838 -0.082883
vt 0.103808 -0.082987
vt 0.210857 0.083419
vt 0.211821 0.083796
vt 0.246016 -0.003764
vt 0.245051 -0.004141
vt 0.257511 0.149325
vt 0.258408 0.149841
vt 0.305289 0.068366
vt 0.304392 0.067850
vt 0.246365 0.150489
vt 0.247250 0.151025
vt 0.295972 0.070638
vt 0.295087 0.070101
vt 0.182269 0.087572
vt 0.183205 0.088016
vt 0.223493 0.003088
vt 0.222558 0.002644
vt -0.047778 0.302593
vt -0.046809 0.302956
vt -0.045787 0.302786
vt -0.044988 0.302128
vt -0.044625 0.301158
vt -0.044795 0.300137
vt -0.045453 0.299338
vt -0.046423 0.298975
vt -0.047444 0.299145
vt -0.048243 0.299803
vt -0.048606 0.300772
vt -0.048436 0.301793
vt 0.048436 0.301793
vt 0.048606 0.300772
vt 0.048243 0.299803
vt 0.047444 0.299145
vt 0.046422 0.298975
vt 0.045453 0.299338
vt 0.044795 0.300137
vt 0.044625 0.301158
vt 0.044988 0.302128
vt 0.045787 0.302786
vt 0.046808 0.302956
vt 0.047778 0.302593
vt 0.110393 0.227043
vt 0.109883 0.226955
vt 0.098845 0.291011
vt 0.099356 0.291099
vt 0.239595 0.059231
vt 0.239212 0.059579
vt 0.282937 0.107674
vt 0.283320 0.107326
vt 0.223010 0.023060
vt 0.222752 0.023509
vt 0.279164 0.055800
vt 0.279421 0.055351
vt 0.193839 0.069612
vt 0.193618 0.070080
vt 0.252389 0.097845
vt 0.252610 0.097377
vt 0.155784 0.144662
vt 0.155545 0.145121
vt 0.213190 0.175156
vt 0.213429 0.174697
vt 0.083064 0.221110
vt 0.082734 0.221508
vt 0.132797 0.262965
vt 0.133127 0.262567
vt -0.109883 0.226955
vt -0.110393 0.227043
vt -0.099356 0.291099
vt -0.098846 0.291011
vt -0.239212 0.059579
vt -0.239595 0.059231
vt -0.283320 0.107326
vt -0.282937 0.107674
vt -0.222752 0.023509
vt -0.223010 0.023060
vt -0.279421 0.055351
vt -0.279164 0.055800
vt -0.193618 0.070080
vt -0.193839 0.069612
vt -0.252610 0.097377
vt -0.252389 0.097845
vt -0.155545 0.145121
vt -0.155784 0.144662
vt -0.213429 0.174697
vt -0.213190 0.175156
vt -0.082734 0.221508
vt -0.083064 0.221110
vt -0.133127 0.262567
vt -0.132797 0.262966
vt 0.148526 -0.008543
vt 0.148010 -0.008585
vt 0.147542 -0.008363
vt 0.147248 -0.007937
vt 0.147206 -0.007421
vt 0.147428 -0.006954
vt 0.147853 -0.006659
vt 0.148369 -0.006617
vt 0.148837 -0.006839
vt 0.149132 -0.007265
vt 0.149174 -0.007781
vt 0.148952 -0.008248
vt -0.148952 -0.008248
vt -0.149173 -0.007781
vt -0.149132 -0.007265
vt -0.148837 -0.006839
vt -0.148369 -0.006617
vt -0.147853 -0.006659
vt -0.147428 -0.006954
vt -0.147206 -0.007421
vt -0.147248 -0.007937
vt -0.147542 -0.008363
vt -0.148010 -0.008585
vt -0.148526 -0.008543
vt 0.097725 0.225875
vt 0.097215 0.225787
vt 0.086178 0.289843
vt 0.086688 0.289931
vt 0.214631 0.083279
vt 0.214248 0.083627
vt 0.257973 0.131722
vt 0.258356 0.131374
vt 0.200365 0.064633
vt 0.200107 0.065083
vt 0.256519 0.097374
vt 0.256776 0.096924
vt 0.174525 0.112834
vt 0.174304 0.113302
vt 0.233076 0.141068
vt 0.233297 0.140600
vt 0.140661 0.175852
vt 0.140422 0.176311
vt 0.198067 0.206345
vt 0.198306 0.205886
vt 0.075745 0.231515
vt 0.075415 0.231914
vt 0.125478 0.273371
vt 0.125808 0.272972
vt -0.097215 0.225787
vt -0.097726 0.225875
vt -0.086688 0.289931
vt -0.086178 0.289843
vt -0.214248 0.083627
vt -0.214631 0.083279
vt -0.258356 0.131374
vt -0.257973 0.131722
vt -0.200107 0.065083
vt -0.200365 0.064633
vt -0.256776 0.096924
vt -0.256519 0.097374
vt -0.174304 0.113302
vt -0.174525 0.112834
vt -0.233297 0.140600
vt -0.233076 0.141068
vt -0.140422 0.176311
vt -0.140661 0.175852
vt -0.198306 0.205886
vt -0.198067 0.206345
vt -0.075415 0.231914
vt -0.075745 0.231515
vt -0.125808 0.272972
vt -0.125478 0.273371
vt 0.132046 0.037603
vt 0.131530 0.037561
vt 0.131062 0.037782
vt 0.130768 0.038208
vt 0.130726 0.038724
vt 0.130947 0.039192
vt 0.131373 0.039486
vt 0.131889 0.039528
vt 0.132357 0.039306
vt 0.132651 0.038881
vt 0.132693 0.038365
vt 0.132472 0.037897
vt -0.132472 0.037897
vt -0.132693 0.038365
vt -0.132651 0.038881
vt -0.132357 0.039306
vt -0.131889 0.039528
vt -0.131373 0.039486
vt -0.130947 0.039192
vt -0.130726 0.038724
vt -0.130768 0.038208
vt -0.131062 0.037782
vt -0.131530 0.037561
vt -0.132046 0.037603
vt 0.096365 0.224626
vt 0.095855 0.224538
vt 0.084647 0.289579
vt 0.085158 0.289667
vt 0.210819 0.085393
vt 0.210436 0.085741
vt 0.254833 0.134576
vt 0.255216 0.134228
vt 0.196617 0.069166
vt 0.196360 0.069616
vt 0.253640 0.102403
vt 0.253897 0.101954
vt 0.171146 0.117647
vt 0.170925 0.118115
vt 0.230600 0.146308
vt 0.230821 0.145840
vt 0.137814 0.179152
vt 0.137575 0.179611
vt 0.196106 0.210108
vt 0.196345 0.209649
vt 0.073985 0.232074
vt 0.073655 0.232472
vt 0.124488 0.274567
vt 0.124818 0.274168
vt -0.095855 0.224538
vt -0.096365 0.224625
vt -0.085158 0.289667
vt -0.084648 0.289579
vt -0.210436 0.085741
vt -0.210819 0.085393
vt -0.255216 0.134228
vt -0.254833 0.134576
vt -0.196360 0.069616
vt -0.196617 0.069166
vt -0.253897 0.101954
vt -0.253640 0.102403
vt -0.170925 0.118115
vt -0.171146 0.117647
vt -0.230821 0.145840
vt -0.230600 0.146308
vt -0.137575 0.179611
vt -0.137814 0.179152
vt -0.196345 0.209649
vt -0.196106 0.210108
vt -0.073655 0.232472
vt -0.073985 0.232074
vt -0.124818 0.274168
vt -0.124488 0.274567
vt 0.130028 0.043253
vt 0.129512 0.043211
vt 0.129044 0.043432
vt 0.128750 0.043858
vt 0.128708 0.044374
vt 0.128929 0.044842
vt 0.129355 0.045136
vt 0.129871 0.045178
vt 0.130339 0.044957
vt 0.130633 0.044531
vt 0.130675 0.044015
vt 0.130453 0.043547
vt -0.130453 0.043547
vt -0.130675 0.044015
vt -0.130633 0.044531
vt -0.130339 0.044957
vt -0.129871 0.045178
vt -0.129355 0.045136
vt -0.128929 0.044842
vt -0.128708 0.044374
vt -0.128750 0.043858
vt -0.129044 0.043433
vt -0.129512 0.043211
vt -0.130028 0.043253
vt 0.099426 0.225153
vt 0.098915 0.225065
vt 0.087708 0.290107
vt 0.088218 0.290195
vt 0.217097 0.079685
vt 0.216714 0.080033
vt 0.261112 0.128868
vt 0.261495 0.128520
vt 0.202376 0.059107
vt 0.202119 0.059556
vt 0.259398 0.092344
vt 0.259655 0.091895
vt 0.176097 0.107167
vt 0.175876 0.107635
vt 0.235552 0.135827
vt 0.235773 0.135359
vt 0.141735 0.171627
vt 0.141495 0.172086
vt 0.200027 0.202583
vt 0.200266 0.202124
vt 0.075966 0.229681
vt 0.075636 0.230080
vt 0.126469 0.272175
vt 0.126799 0.271776
vt -0.098916 0.225065
vt -0.099426 0.225153
vt -0.088218 0.290194
vt -0.087708 0.290107
vt -0.216714 0.080033
vt -0.217097 0.079685
vt -0.261495 0.128520
vt -0.261112 0.128868
vt -0.202119 0.059556
vt -0.202376 0.059107
vt -0.259655 0.091895
vt -0.259398 0.092344
vt -0.175876 0.107635
vt -0.176097 0.107167
vt -0.235773 0.135359
vt -0.235551 0.135827
vt -0.141495 0.172086
vt -0.141735 0.171627
vt -0.200266 0.202124
vt -0.200027 0.202583
vt -0.075636 0.230080
vt -0.075966 0.229681
vt -0.126799 0.271776
vt -0.126469 0.272175
vt 0.134064 0.031952
vt 0.133548 0.031910
vt 0.133080 0.032131
vt 0.132786 0.032557
vt 0.132744 0.033073
vt 0.132965 0.033541
vt 0.133391 0.033835
vt 0.133907 0.033877
vt 0.134375 0.033656
vt 0.134669 0.033230
vt 0.134711 0.032714
vt 0.134490 0.032246
vt -0.134490 0.032246
vt -0.134711 0.032714
vt -0.134669 0.033230
vt -0.134375 0.033656
vt -0.133907 0.033877
vt -0.133391 0.033836
vt -0.132965 0.033541
vt -0.132744 0.033073
vt -0.132786 0.032557
vt -0.133080 0.032132
vt -0.133548 0.031910
vt -0.134064 0.031952
vt 0.101041 0.226446
vt 0.100531 0.226358
vt 0.089494 0.290414
vt 0.090004 0.290502
vt 0.221432 0.077095
vt 0.221049 0.077443
vt 0.264774 0.125538
vt 0.265157 0.125190
vt 0.206603 0.053736
vt 0.206345 0.054185
vt 0.262757 0.086476
vt 0.263014 0.086027
vt 0.179889 0.101480
vt 0.179668 0.101948
vt 0.238440 0.129714
vt 0.238661 0.129246
vt 0.144909 0.167700
vt 0.144669 0.168159
vt 0.202314 0.198193
vt 0.202553 0.197734
vt 0.077891 0.228924
vt 0.077561 0.229322
vt 0.127624 0.270780
vt 0.127954 0.270381
vt -0.100531 0.226358
vt -0.101041 0.226446
vt -0.090004 0.290502
vt -0.089494 0.290414
vt -0.221049 0.077443
vt -0.221432 0.077095
vt -0.265157 0.125190
vt -0.264774 0.125538
vt -0.206345 0.054185
vt -0.206603 0.053735
vt -0.263014 0.086027
vt -0.262757 0.086476
vt -0.179668 0.101948
vt -0.179889 0.101480
vt -0.238661 0.129246
vt -0.238440 0.129714
vt -0.144669 0.168159
vt -0.144909 0.167700
vt -0.202553 0.197734
vt -0.202314 0.198193
vt -0.077561 0.229322
vt -0.077891 0.228924
vt -0.127954 0.270381
vt -0.127624 0.270780
vt 0.136418 0.025360
vt 0.135902 0.025318
vt 0.135434 0.025539
vt 0.135140 0.025965
vt 0.135098 0.026481
vt 0.135320 0.026949
vt 0.135745 0.027243
vt 0.136261 0.027285
vt 0.136729 0.027064
vt 0.137023 0.026638
vt 0.137066 0.026122
vt 0.136844 0.025654
vt -0.136844 0.025654
vt -0.137065 0.026122
vt -0.137023 0.026638
vt -0.136729 0.027064
vt -0.136261 0.027285
vt -0.135745 0.027243
vt -0.135320 0.026949
vt -0.135098 0.026481
vt -0.135140 0.025965
vt -0.135434 0.025540
vt -0.135902 0.025318
vt -0.136418 0.025360
vt 0.102741 0.225724
vt 0.102231 0.225636
vt 0.091024 0.290678
vt 0.091534 0.290766
vt 0.223899 0.073501
vt 0.223516 0.073849
vt 0.267913 0.122684
vt 0.268297 0.122336
vt 0.208614 0.048209
vt 0.208357 0.048658
vt 0.265636 0.081446
vt 0.265894 0.080997
vt 0.181461 0.095813
vt 0.181240 0.096281
vt 0.240915 0.124474
vt 0.241137 0.124006
vt 0.145982 0.163475
vt 0.145743 0.163934
vt 0.204275 0.194431
vt 0.204514 0.193971
vt 0.078112 0.227090
vt 0.077782 0.227489
vt 0.128615 0.269583
vt 0.128945 0.269185
vt -0.102231 0.225636
vt -0.102742 0.225724
vt -0.091534 0.290766
vt -0.091024 0.290678
vt -0.223516 0.073849
vt -0.223899 0.073501
vt -0.268297 0.122336
vt -0.267913 0.122684
vt -0.208357 0.048658
vt -0.208614 0.048209
vt -0.265894 0.080997
vt -0.265636 0.081446
vt -0.181240 0.096281
vt -0.181461 0.095813
vt -0.241136 0.124006
vt -0.240915 0.124474
vt -0.145743 0.163934
vt -0.145982 0.163475
vt -0.204514 0.193971
vt -0.204275 0.194431
vt -0.077781 0.227489
vt -0.078112 0.227090
vt -0.128945 0.269185
vt -0.128615 0.269583
vt 0.138436 0.019709
vt 0.137920 0.019667
vt 0.137452 0.019889
vt 0.137158 0.020315
vt 0.137116 0.020831
vt 0.137338 0.021298
vt 0.137763 0.021593
vt 0.138279 0.021635
vt 0.138747 0.021413
vt 0.139041 0.020987
vt 0.139084 0.020471
vt 0.138862 0.020004
vt -0.138862 0.020004
vt -0.139084 0.020472
vt -0.139041 0.020987
vt -0.138747 0.021413
vt -0.138279 0.021635
vt -0.137763 0.021593
vt -0.137338 0.021299
vt -0.137116 0.020831
vt -0.137158 0.020315
vt -0.137452 0.019889
vt -0.137920 0.019667
vt -0.138436 0.019709
vt -0.185132 -0.028615
vt -0.186096 -0.028238
vt -0.151174 0.061185
vt -0.150210 0.060808
vt -0.056772 -0.088744
vt -0.057802 -0.088639
vt -0.048154 0.006874
vt -0.047124 0.006770
vt 0.097808 -0.075075
vt 0.096796 -0.075294
vt 0.076566 0.018551
vt 0.077578 0.018769
vt 0.208255 -0.005248
vt 0.207319 -0.005692
vt 0.166174 0.081044
vt 0.167109 0.081487
vt 0.255975 0.045227
vt 0.255090 0.044690
vt 0.205331 0.126788
vt 0.206216 0.127325
vt 0.249694 0.035223
vt 0.248796 0.034707
vt 0.200918 0.117916
vt 0.201816 0.118432
vt 0.186096 -0.028238
vt 0.185132 -0.028615
vt 0.150210 0.060808
vt 0.151174 0.061185
vt 0.057802 -0.088639
vt 0.056772 -0.088744
vt 0.047124 0.006770
vt 0.048154 0.006874
vt -0.096796 -0.075294
vt -0.097808 -0.075075
vt -0.077578 0.018769
vt -0.076566 0.018551
vt -0.207319 -0.005692
vt -0.208255 -0.005248
vt -0.167109 0.081487
vt -0.166174 0.081044
vt -0.255090 0.044690
vt -0.255975 0.045227
vt -0.206216 0.127325
vt -0.205331 0.126788
vt -0.248796 0.034707
vt -0.249694 0.035223
vt -0.201816 0.118432
vt -0.200918 0.117916
vt 0.006045 0.247607
vt 0.006844 0.248266
vt 0.007865 0.248436
vt 0.008835 0.248073
vt 0.009493 0.247273
vt 0.009663 0.246252
vt 0.009300 0.245283
vt 0.008500 0.244624
vt 0.007479 0.244454
vt 0.006510 0.244817
vt 0.005852 0.245617
vt 0.005682 0.246638
vt -0.005681 0.246638
vt -0.005852 0.245617
vt -0.006510 0.244818
vt -0.007479 0.244454
vt -0.008500 0.244625
vt -0.009300 0.245283
vt -0.009663 0.246252
vt -0.009493 0.247273
vt -0.008835 0.248073
vt -0.007865 0.248436
vt -0.006844 0.248266
vt -0.006045 0.247607
vt 0.104102 0.226974
vt 0.103592 0.226886
vt 0.092554 0.290942
vt 0.093064 0.291030
vt 0.227711 0.071387
vt 0.227328 0.071735
vt 0.271053 0.119830
vt 0.271436 0.119482
vt 0.212361 0.043676
vt 0.212104 0.044125
vt 0.268516 0.076416
vt 0.268773 0.075967
vt 0.184841 0.091000
vt 0.184620 0.091468
vt 0.243391 0.119233
vt 0.243612 0.118765
vt 0.148829 0.160174
vt 0.148590 0.160634
vt 0.206235 0.190668
vt 0.206474 0.190209
vt 0.079872 0.226532
vt 0.079542 0.226930
vt 0.129605 0.268387
vt 0.129935 0.267989
vt -0.103592 0.226886
vt -0.104102 0.226974
vt -0.093065 0.291030
vt -0.092554 0.290942
vt -0.227328 0.071735
vt -0.227711 0.071387
vt -0.271436 0.119482
vt -0.271053 0.119830
vt -0.212104 0.044125
vt -0.212361 0.043676
vt -0.268773 0.075967
vt -0.268516 0.076416
vt -0.184620 0.091468
vt -0.184841 0.091000
vt -0.243612 0.118765
vt -0.243391 0.119233
vt -0.148590 0.160634
vt -0.148829 0.160174
vt -0.206474 0.190209
vt -0.206235 0.190668
vt -0.079542 0.226930
vt -0.079872 0.226532
vt -0.129935 0.267989
vt -0.129605 0.268387
vt 0.140454 0.014059
vt 0.139938 0.014017
vt 0.139470 0.014239
vt 0.139176 0.014664
vt 0.139134 0.015180
vt 0.139356 0.015648
vt 0.139781 0.015942
vt 0.140297 0.015984
vt 0.140765 0.015763
vt 0.141060 0.015337
vt 0.141101 0.014821
vt 0.140880 0.014353
vt -0.140880 0.014353
vt -0.141101 0.014821
vt -0.141060 0.015337
vt -0.140765 0.015763
vt -0.140297 0.015984
vt -0.139781 0.015942
vt -0.139356 0.015648
vt -0.139134 0.015180
vt -0.139176 0.014664
vt -0.139470 0.014239
vt -0.139938 0.014017
vt -0.140454 0.014059
vt 0.105802 0.226252
vt 0.105292 0.226164
vt 0.094085 0.291205
vt 0.094595 0.291293
vt 0.230177 0.067793
vt 0.229794 0.068141
vt 0.274192 0.116976
vt 0.274575 0.116628
vt 0.214372 0.038149
vt 0.214115 0.038599
vt 0.271395 0.071386
vt 0.271652 0.070937
vt 0.186412 0.085333
vt 0.186191 0.085801
vt 0.245867 0.113993
vt 0.246088 0.113525
vt 0.149903 0.155950
vt 0.149664 0.156409
vt 0.208195 0.186905
vt 0.208435 0.186446
vt 0.080093 0.224698
vt 0.079762 0.225096
vt 0.130596 0.267191
vt 0.130926 0.266793
vt -0.105292 0.226164
vt -0.105802 0.226252
vt -0.094595 0.291293
vt -0.094085 0.291205
vt -0.229794 0.068141
vt -0.230177 0.067793
vt -0.274575 0.116628
vt -0.274192 0.116976
vt -0.214115 0.038599
vt -0.214372 0.038149
vt -0.271652 0.070937
vt -0.271395 0.071386
vt -0.186191 0.085801
vt -0.186412 0.085333
vt -0.246088 0.113525
vt -0.245867 0.113993
vt -0.149664 0.156409
vt -0.149903 0.155950
vt -0.208435 0.186446
vt -0.208195 0.186905
vt -0.079762 0.225096
vt -0.080093 0.224698
vt -0.130926 0.266793
vt -0.130596 0.267191
vt 0.142472 0.008408
vt 0.141956 0.008366
vt 0.141488 0.008588
vt 0.141194 0.009014
vt 0.141152 0.009530
vt 0.141374 0.009997
vt 0.141799 0.010292
vt 0.142315 0.010334
vt 0.142783 0.010112
vt 0.143078 0.009686
vt 0.143119 0.009170
vt 0.142898 0.008703
vt -0.142898 0.008703
vt -0.143119 0.009171
vt -0.143077 0.009687
vt -0.142783 0.010112
vt -0.142315 0.010334
vt -0.141799 0.010292
vt -0.141374 0.009998
vt -0.141152 0.009530
vt -0.141194 0.009014
vt -0.141488 0.008588
vt -0.141956 0.008366
vt -0.142472 0.008408
vt 0.107332 0.226515
vt 0.106822 0.226427
vt 0.095785 0.290484
vt 0.096295 0.290572
vt 0.233316 0.064939
vt 0.232934 0.065287
vt 0.276659 0.113382
vt 0.277041 0.113034
vt 0.217251 0.033119
vt 0.216994 0.033569
vt 0.273406 0.065860
vt 0.273663 0.065410
vt 0.188888 0.080092
vt 0.188666 0.080561
vt 0.247438 0.108326
vt 0.247659 0.107858
vt 0.151863 0.152187
vt 0.151624 0.152646
vt 0.209269 0.182681
vt 0.209508 0.182222
vt 0.081083 0.223502
vt 0.080753 0.223900
vt 0.130816 0.265358
vt 0.131146 0.264959
vt -0.106822 0.226427
vt -0.107332 0.226515
vt -0.096295 0.290571
vt -0.095785 0.290484
vt -0.232934 0.065287
vt -0.233316 0.064939
vt -0.277041 0.113034
vt -0.276659 0.113382
vt -0.216994 0.033569
vt -0.217251 0.033119
vt -0.273663 0.065410
vt -0.273406 0.065860
vt -0.188666 0.080561
vt -0.188888 0.080092
vt -0.247659 0.107858
vt -0.247438 0.108326
vt -0.151624 0.152646
vt -0.151863 0.152187
vt -0.209508 0.182222
vt -0.209269 0.182681
vt -0.080753 0.223900
vt -0.081083 0.223502
vt -0.131146 0.264959
vt -0.130816 0.265358
vt 0.144490 0.002758
vt 0.143974 0.002716
vt 0.143506 0.002938
vt 0.143212 0.003363
vt 0.143170 0.003879
vt 0.143392 0.004347
vt 0.143817 0.004642
vt 0.144333 0.004684
vt 0.144801 0.004462
vt 0.145096 0.004036
vt 0.145138 0.003520
vt 0.144916 0.003052
vt -0.144916 0.003052
vt -0.145138 0.003520
vt -0.145095 0.004036
vt -0.144801 0.004462
vt -0.144333 0.004684
vt -0.143817 0.004642
vt -0.143392 0.004347
vt -0.143170 0.003879
vt -0.143212 0.003364
vt -0.143506 0.002938
vt -0.143974 0.002716
vt -0.144490 0.002758
vt 0.109033 0.225794
vt 0.108522 0.225706
vt 0.097315 0.290747
vt 0.097825 0.290835
vt 0.235783 0.061345
vt 0.235400 0.061693
vt 0.279798 0.110528
vt 0.280181 0.110180
vt 0.219263 0.027593
vt 0.219005 0.028042
vt 0.276285 0.060830
vt 0.276542 0.060381
vt 0.190459 0.074425
vt 0.190238 0.074893
vt 0.249914 0.103086
vt 0.250135 0.102618
vt 0.152937 0.147963
vt 0.152698 0.148422
vt 0.211229 0.178918
vt 0.211469 0.178459
vt 0.081303 0.221668
vt 0.080973 0.222067
vt 0.131806 0.264161
vt 0.132136 0.263763
vt -0.108523 0.225706
vt -0.109033 0.225794
vt -0.097826 0.290835
vt -0.097315 0.290747
vt -0.235400 0.061693
vt -0.235783 0.061345
vt -0.280181 0.110180
vt -0.279798 0.110528
vt -0.219005 0.028042
vt -0.219263 0.027593
vt -0.276542 0.060381
vt -0.276285 0.060830
vt -0.190238 0.074893
vt -0.190459 0.074425
vt -0.250135 0.102618
vt -0.249914 0.103086
vt -0.152698 0.148422
vt -0.152937 0.147963
vt -0.211469 0.178459
vt -0.211229 0.178918
vt -0.080973 0.222067
vt -0.081303 0.221668
vt -0.132136 0.263763
vt -0.131806 0.264161
vt 0.146508 -0.002893
vt 0.145992 -0.002935
vt 0.145525 -0.002713
vt 0.145230 -0.002287
vt 0.145188 -0.001771
vt 0.145410 -0.001303
vt 0.145836 -0.001009
vt 0.146351 -0.000967
vt 0.146819 -0.001189
vt 0.147114 -0.001615
vt 0.147156 -0.002130
vt 0.146934 -0.002598
vt -0.146934 -0.002598
vt -0.147155 -0.002130
vt -0.147114 -0.001614
vt -0.146819 -0.001189
vt -0.146351 -0.000967
vt -0.145836 -0.001009
vt -0.145410 -0.001303
vt -0.145188 -0.001771
vt -0.145230 -0.002287
vt -0.145524 -0.002713
vt -0.145992 -0.002934
vt -0.146508 -0.002892
vt 0.112093 0.226321
vt 0.111583 0.226233
vt 0.100376 0.291275
vt 0.100886 0.291362
vt 0.242061 0.055637
vt 0.241679 0.055985
vt 0.286076 0.104820
vt 0.286459 0.104472
vt 0.225021 0.017533
vt 0.224764 0.017982
vt 0.282043 0.050770
vt 0.282301 0.050321
vt 0.195410 0.063945
vt 0.195189 0.064413
vt 0.254865 0.092605
vt 0.255086 0.092137
vt 0.156858 0.140437
vt 0.156618 0.140896
vt 0.215150 0.171393
vt 0.215389 0.170934
vt 0.083284 0.219276
vt 0.082954 0.219674
vt 0.133787 0.261769
vt 0.134117 0.261371
vt -0.111583 0.226233
vt -0.112094 0.226321
vt -0.100886 0.291362
vt -0.100376 0.291274
vt -0.241679 0.055985
vt -0.242061 0.055637
vt -0.286459 0.104472
vt -0.286076 0.104820
vt -0.224764 0.017982
vt -0.225021 0.017533
vt -0.282301 0.050321
vt -0.282043 0.050770
vt -0.195189 0.064413
vt -0.195410 0.063945
vt -0.255086 0.092137
vt -0.254865 0.092605
vt -0.156618 0.140896
vt -0.156858 0.140437
vt -0.215389 0.170934
vt -0.215150 0.171393
vt -0.082954 0.219674
vt -0.083284 0.219276
vt -0.134117 0.261371
vt -0.133787 0.261769
vt 0.150544 -0.014194
vt 0.150028 -0.014236
vt 0.149560 -0.014014
vt 0.149266 -0.013588
vt 0.149224 -0.013072
vt 0.149446 -0.012604
vt 0.149872 -0.012310
vt 0.150387 -0.012268
vt 0.150855 -0.012490
vt 0.151150 -0.012915
vt 0.151192 -0.013431
vt 0.150970 -0.013899
vt -0.150970 -0.013899
vt -0.151192 -0.013431
vt -0.151150 -0.012915
vt -0.150855 -0.012489
vt -0.150387 -0.012268
vt -0.149871 -0.012310
vt -0.149446 -0.012604
vt -0.149224 -0.013072
vt -0.149266 -0.013588
vt -0.149560 -0.014014
vt -0.150028 -0.014235
vt -0.150544 -0.014193
vt 0.113709 0.227614
vt 0.113199 0.227526
vt 0.102161 0.291582
vt 0.102671 0.291670
vt 0.246397 0.053048
vt 0.246014 0.053396
vt 0.289739 0.101491
vt 0.290122 0.101143
vt 0.229248 0.012162
vt 0.228991 0.012611
vt 0.285402 0.044902
vt 0.285660 0.044453
vt 0.199203 0.058258
vt 0.198982 0.058726
vt 0.257753 0.086492
vt 0.257974 0.086024
vt 0.160032 0.136510
vt 0.159792 0.136969
vt 0.217437 0.167003
vt 0.217676 0.166544
vt 0.085210 0.218518
vt 0.084880 0.218917
vt 0.134943 0.260374
vt 0.135273 0.259975
vt -0.113199 0.227526
vt -0.113709 0.227614
vt -0.102672 0.291670
vt -0.102161 0.291582
vt -0.246014 0.053396
vt -0.246397 0.053047
vt -0.290122 0.101143
vt -0.289739 0.101491
vt -0.228991 0.012611
vt -0.229248 0.012162
vt -0.285660 0.044453
vt -0.285402 0.044902
vt -0.198982 0.058726
vt -0.199203 0.058258
vt -0.257974 0.086024
vt -0.257753 0.086492
vt -0.159792 0.136969
vt -0.160032 0.136510
vt -0.217676 0.166544
vt -0.217437 0.167003
vt -0.084880 0.218917
vt -0.085210 0.218518
vt -0.135273 0.259975
vt -0.134943 0.260374
vt 0.152899 -0.020785
vt 0.152383 -0.020827
vt 0.151915 -0.020606
vt 0.151621 -0.020180
vt 0.151579 -0.019664
vt 0.151800 -0.019196
vt 0.152226 -0.018902
vt 0.152742 -0.018860
vt 0.153210 -0.019082
vt 0.153504 -0.019507
vt 0.153546 -0.020023
vt 0.153324 -0.020491
vt -0.153324 -0.020491
vt -0.153546 -0.020023
vt -0.153504 -0.019507
vt -0.153210 -0.019082
vt -0.152742 -0.018860
vt -0.152226 -0.018902
vt -0.151800 -0.019196
vt -0.151579 -0.019664
vt -0.151620 -0.020180
vt -0.151915 -0.020606
vt -0.152383 -0.020827
vt -0.152899 -0.020785
vt 0.115409 0.226892
vt 0.114899 0.226804
vt 0.103692 0.291846
vt 0.104202 0.291934
vt 0.248863 0.049454
vt 0.248480 0.049802
vt 0.292878 0.098637
vt 0.293261 0.098289
vt 0.231259 0.006635
vt 0.231002 0.007085
vt 0.288282 0.039872
vt 0.288539 0.039423
vt 0.200774 0.052591
vt 0.200553 0.053059
vt 0.260229 0.081251
vt 0.260450 0.080783
vt 0.161105 0.132285
vt 0.160866 0.132744
vt 0.219398 0.163241
vt 0.219637 0.162782
vt 0.085430 0.216684
vt 0.085100 0.217083
vt 0.135933 0.259178
vt 0.136263 0.258779
vt -0.114899 0.226804
vt -0.115409 0.226892
vt -0.104202 0.291934
vt -0.103692 0.291846
vt -0.248480 0.049802
vt -0.248863 0.049454
vt -0.293261 0.098289
vt -0.292878 0.098637
vt -0.231002 0.007085
vt -0.231259 0.006635
vt -0.288539 0.039423
vt -0.288282 0.039872
vt -0.200553 0.053059
vt -0.200774 0.052591
vt -0.260450 0.080783
vt -0.260229 0.081251
vt -0.160866 0.132744
vt -0.161105 0.132285
vt -0.219637 0.162782
vt -0.219398 0.163241
vt -0.085100 0.217083
vt -0.085430 0.216684
vt -0.136263 0.258779
vt -0.135933 0.259178
vt 0.154917 -0.026436
vt 0.154401 -0.026478
vt 0.153933 -0.026257
vt 0.153638 -0.025831
vt 0.153597 -0.025315
vt 0.153818 -0.024847
vt 0.154244 -0.024553
vt 0.154760 -0.024511
vt 0.155228 -0.024732
vt 0.155522 -0.025158
vt 0.155564 -0.025674
vt 0.155342 -0.026142
vt -0.155342 -0.026142
vt -0.155564 -0.025674
vt -0.155522 -0.025158
vt -0.155228 -0.024732
vt -0.154760 -0.024510
vt -0.154244 -0.024552
vt -0.153818 -0.024847
vt -0.153597 -0.025315
vt -0.153638 -0.025831
vt -0.153933 -0.026256
vt -0.154401 -0.026478
vt -0.154916 -0.026436
vt 0.116770 0.228142
vt 0.116260 0.228054
vt 0.105222 0.292110
vt 0.105732 0.292198
vt 0.252675 0.047340
vt 0.252292 0.047688
vt 0.296017 0.095783
vt 0.296400 0.095435
vt 0.235006 0.002102
vt 0.234749 0.002552
vt 0.291161 0.034843
vt 0.291418 0.034393
vt 0.204154 0.047778
vt 0.203933 0.048246
vt 0.262704 0.076011
vt 0.262925 0.075543
vt 0.163952 0.128985
vt 0.163713 0.129444
vt 0.221358 0.159478
vt 0.221597 0.159019
vt 0.087191 0.216126
vt 0.086861 0.216525
vt 0.136924 0.257982
vt 0.137254 0.257583
vt -0.116260 0.228054
vt -0.116770 0.228142
vt -0.105732 0.292197
vt -0.105222 0.292110
vt -0.252292 0.047688
vt -0.252675 0.047339
vt -0.296400 0.095435
vt -0.296017 0.095783
vt -0.234749 0.002552
vt -0.235006 0.002102
vt -0.291418 0.034393
vt -0.291161 0.034843
vt -0.203933 0.048246
vt -0.204154 0.047778
vt -0.262925 0.075543
vt -0.262704 0.076011
vt -0.163713 0.129444
vt -0.163952 0.128985
vt -0.221597 0.159019
vt -0.221358 0.159478
vt -0.086861 0.216525
vt -0.087191 0.216126
vt -0.137254 0.257583
vt -0.136924 0.257982
vt 0.156935 -0.032086
vt 0.156419 -0.032128
vt 0.155951 -0.031907
vt 0.155657 -0.031481
vt 0.155614 -0.030965
vt 0.155836 -0.030497
vt 0.156262 -0.030203
vt 0.156778 -0.030161
vt 0.157246 -0.030382
vt 0.157540 -0.030808
vt 0.157582 -0.031324
vt 0.157360 -0.031792
vt -0.157360 -0.031792
vt -0.157582 -0.031324
vt -0.157540 -0.030808
vt -0.157246 -0.030382
vt -0.156778 -0.030161
vt -0.156262 -0.030203
vt -0.155836 -0.030497
vt -0.155614 -0.030965
vt -0.155657 -0.031481
vt -0.155951 -0.031907
vt -0.156419 -0.032128
vt -0.156934 -0.032086
vt 0.118470 0.227420
vt 0.117960 0.227332
vt 0.106752 0.292373
vt 0.107263 0.292461
vt 0.255142 0.043746
vt 0.254759 0.044094
vt 0.299156 0.092929
vt 0.299539 0.092581
vt 0.237017 -0.003424
vt 0.236760 -0.002975
vt 0.294040 0.029813
vt 0.294297 0.029364
vt 0.205726 0.042111
vt 0.205504 0.042579
vt 0.265180 0.070771
vt 0.265401 0.070303
vt 0.165026 0.124760
vt 0.164787 0.125219
vt 0.223318 0.155716
vt 0.223558 0.155257
vt 0.087411 0.214292
vt 0.087081 0.214691
vt 0.137914 0.256786
vt 0.138244 0.256387
vt -0.117960 0.227332
vt -0.118470 0.227420
vt -0.107263 0.292461
vt -0.106753 0.292373
vt -0.254759 0.044094
vt -0.255142 0.043746
vt -0.299539 0.092581
vt -0.299156 0.092929
vt -0.236760 -0.002975
vt -0.237017 -0.003424
vt -0.294297 0.029364
vt -0.294040 0.029813
vt -0.205504 0.042579
vt -0.205726 0.042111
vt -0.265401 0.070303
vt -0.265180 0.070771
vt -0.164787 0.125219
vt -0.165026 0.124760
vt -0.223558 0.155257
vt -0.223319 0.155716
vt -0.087081 0.214691
vt -0.087411 0.214292
vt -0.138244 0.256387
vt -0.137914 0.256786
vt 0.158953 -0.037737
vt 0.158437 -0.037779
vt 0.157969 -0.037557
vt 0.157675 -0.037132
vt 0.157633 -0.036616
vt 0.157854 -0.036148
vt 0.158280 -0.035854
vt 0.158796 -0.035812
vt 0.159264 -0.036033
vt 0.159558 -0.036459
vt 0.159600 -0.036975
vt 0.159378 -0.037443
vt -0.159378 -0.037443
vt -0.159600 -0.036975
vt -0.159558 -0.036459
vt -0.159264 -0.036033
vt -0.158796 -0.035811
vt -0.158280 -0.035853
vt -0.157854 -0.036148
vt -0.157632 -0.036616
vt -0.157675 -0.037131
vt -0.157969 -0.037557
vt -0.158437 -0.037779
vt -0.158953 -0.037737
vt -0.186253 -0.182387
vt -0.187347 -0.184754
vt -0.191005 -0.183063
vt -0.189911 -0.180697
vt -0.216954 -0.220981
vt -0.218141 -0.223303
vt -0.221728 -0.221468
vt -0.220541 -0.219147
vt -0.241148 -0.148790
vt -0.242798 -0.150808
vt -0.245918 -0.148258
vt -0.244268 -0.146240
vt -0.180731 0.064212
vt -0.183305 0.063791
vt -0.183955 0.067768
vt -0.181382 0.068188
vt 0.046765 0.083050
vt 0.044865 0.084836
vt 0.047625 0.087772
vt 0.049525 0.085986
vt 0.143595 -0.067403
vt 0.142324 -0.065126
vt 0.145843 -0.063162
vt 0.147113 -0.065439
vt 0.187347 -0.184754
vt 0.186253 -0.182387
vt 0.189911 -0.180697
vt 0.191005 -0.183063
vt 0.218141 -0.223303
vt 0.216954 -0.220981
vt 0.220541 -0.219147
vt 0.221728 -0.221468
vt 0.242798 -0.150808
vt 0.241148 -0.148790
vt 0.244268 -0.146240
vt 0.245918 -0.148258
vt 0.183305 0.063791
vt 0.180732 0.064212
vt 0.181382 0.068188
vt 0.183955 0.067767
vt -0.044865 0.084836
vt -0.046765 0.083050
vt -0.049525 0.085986
vt -0.047625 0.087772
vt -0.142324 -0.065126
vt -0.143595 -0.067403
vt -0.147113 -0.065439
vt -0.145843 -0.063162
vt -0.147067 -0.253253
vt 0.147067 -0.253253
vt 0.149416 -0.252123
vt 0.148683 -0.261826
vt 0.146530 -0.260356
vt 0.039487 0.112855
vt 0.040499 0.113073
vt 0.060307 0.021184
vt 0.059295 0.020966
vt -0.084536 0.111059
vt -0.083506 0.110955
vt -0.092953 0.017430
vt -0.093984 0.017534
vt -0.174839 0.177782
vt -0.173875 0.177405
vt -0.208069 0.089845
vt -0.209034 0.090222
vt -0.208261 0.237513
vt -0.207364 0.236997
vt -0.254244 0.155521
vt -0.255141 0.156038
vt -0.195504 0.237766
vt -0.194619 0.237229
vt -0.243341 0.156842
vt -0.244226 0.157378
vt -0.140789 0.179683
vt -0.139853 0.179239
vt -0.180142 0.094311
vt -0.181077 0.094755
vt -0.040499 0.113073
vt -0.039487 0.112855
vt -0.059295 0.020966
vt -0.060307 0.021184
vt 0.083506 0.110954
vt 0.084536 0.111059
vt 0.093984 0.017534
vt 0.092954 0.017430
vt 0.173875 0.177405
vt 0.174839 0.177782
vt 0.209034 0.090222
vt 0.208069 0.089845
vt 0.207363 0.236997
vt 0.208261 0.237513
vt 0.255141 0.156038
vt 0.254244 0.155521
vt 0.194619 0.237229
vt 0.195504 0.237766
vt 0.244226 0.157378
vt 0.243341 0.156842
vt 0.139853 0.179239
vt 0.140789 0.179683
vt 0.181077 0.094755
vt 0.180142 0.094311
vt -0.046964 0.303174
vt -0.045995 0.303537
vt -0.044974 0.303367
vt -0.044174 0.302709
vt -0.043811 0.301739
vt -0.043981 0.300718
vt -0.044639 0.299919
vt -0.045609 0.299556
vt -0.046630 0.299726
vt -0.047429 0.300384
vt -0.047792 0.301353
vt -0.047622 0.302375
vt 0.047622 0.302375
vt 0.047792 0.301353
vt 0.047429 0.300384
vt 0.046630 0.299726
vt 0.045609 0.299556
vt 0.044639 0.299919
vt 0.043981 0.300718
vt 0.043811 0.301739
vt 0.044174 0.302709
vt 0.044973 0.303367
vt 0.045995 0.303537
vt 0.046964 0.303174
vt 0.085584 0.222768
vt 0.085074 0.222680
vt 0.074036 0.286736
vt 0.074546 0.286824
vt 0.187275 0.106798
vt 0.186891 0.107146
vt 0.230616 0.155241
vt 0.230999 0.154893
vt 0.174673 0.107504
vt 0.174415 0.107953
vt 0.230827 0.140244
vt 0.231084 0.139795
vt 0.152055 0.158056
vt 0.151834 0.158524
vt 0.210606 0.186290
vt 0.210827 0.185822
vt 0.122457 0.208626
vt 0.122218 0.209085
vt 0.179863 0.239119
vt 0.180102 0.238660
vt 0.065775 0.241987
vt 0.065445 0.242386
vt 0.115508 0.283843
vt 0.115838 0.283444
vt -0.085074 0.222680
vt -0.085584 0.222768
vt -0.074547 0.286824
vt -0.074037 0.286736
vt -0.186891 0.107146
vt -0.187275 0.106798
vt -0.230999 0.154893
vt -0.230616 0.155241
vt -0.174415 0.107953
vt -0.174673 0.107504
vt -0.231084 0.139795
vt -0.230827 0.140244
vt -0.151834 0.158524
vt -0.152055 0.158056
vt -0.210827 0.185822
vt -0.210606 0.186290
vt -0.122218 0.209085
vt -0.122457 0.208626
vt -0.180102 0.238660
vt -0.179863 0.239119
vt -0.065445 0.242386
vt -0.065775 0.241987
vt -0.115838 0.283444
vt -0.115508 0.283843
vt 0.115498 0.086909
vt 0.114982 0.086867
vt 0.114514 0.087089
vt 0.114220 0.087515
vt 0.114178 0.088031
vt 0.114400 0.088499
vt 0.114825 0.088793
vt 0.115341 0.088835
vt 0.115809 0.088613
vt 0.116103 0.088188
vt 0.116145 0.087672
vt 0.115924 0.087204
vt -0.115924 0.087204
vt -0.116145 0.087672
vt -0.116103 0.088188
vt -0.115809 0.088613
vt -0.115341 0.088835
vt -0.114825 0.088793
vt -0.114400 0.088499
vt -0.114178 0.088031
vt -0.114220 0.087515
vt -0.114514 0.087089
vt -0.114982 0.086867
vt -0.115498 0.086909
vt 0.072916 0.221600
vt 0.072406 0.221512
vt 0.061369 0.285568
vt 0.061879 0.285656
vt 0.162310 0.130845
vt 0.161927 0.131193
vt 0.205652 0.179288
vt 0.206035 0.178940
vt 0.152028 0.149077
vt 0.151770 0.149526
vt 0.208182 0.181818
vt 0.208439 0.181368
vt 0.132742 0.201278
vt 0.132521 0.201746
vt 0.191292 0.229512
vt 0.191513 0.229044
vt 0.107334 0.239815
vt 0.107095 0.240274
vt 0.164740 0.270309
vt 0.164979 0.269850
vt 0.058457 0.252393
vt 0.058127 0.252791
vt 0.108190 0.294249
vt 0.108520 0.293850
vt -0.072406 0.221512
vt -0.072916 0.221600
vt -0.061879 0.285656
vt -0.061369 0.285568
vt -0.161927 0.131193
vt -0.162310 0.130845
vt -0.206035 0.178940
vt -0.205652 0.179288
vt -0.151770 0.149526
vt -0.152028 0.149077
vt -0.208439 0.181368
vt -0.208182 0.181817
vt -0.132521 0.201746
vt -0.132742 0.201278
vt -0.191513 0.229044
vt -0.191292 0.229512
vt -0.107095 0.240274
vt -0.107334 0.239815
vt -0.164979 0.269850
vt -0.164740 0.270309
vt -0.058127 0.252791
vt -0.058457 0.252393
vt -0.108520 0.293850
vt -0.108190 0.294249
vt 0.099017 0.133055
vt 0.098502 0.133013
vt 0.098034 0.133234
vt 0.097739 0.133660
vt 0.097697 0.134176
vt 0.097919 0.134644
vt 0.098345 0.134938
vt 0.098861 0.134980
vt 0.099329 0.134759
vt 0.099623 0.134333
vt 0.099665 0.133817
vt 0.099443 0.133349
vt -0.099443 0.133349
vt -0.099665 0.133817
vt -0.099623 0.134333
vt -0.099329 0.134759
vt -0.098861 0.134980
vt -0.098345 0.134938
vt -0.097919 0.134644
vt -0.097697 0.134176
vt -0.097739 0.133660
vt -0.098034 0.133234
vt -0.098502 0.133013
vt -0.099017 0.133055
vt 0.071556 0.220351
vt 0.071046 0.220263
vt 0.059838 0.285304
vt 0.060348 0.285392
vt 0.158498 0.132959
vt 0.158115 0.133307
vt 0.202513 0.182142
vt 0.202896 0.181794
vt 0.148281 0.153610
vt 0.148023 0.154059
vt 0.205303 0.186847
vt 0.205560 0.186398
vt 0.129362 0.206091
vt 0.129141 0.206559
vt 0.188817 0.234752
vt 0.189038 0.234284
vt 0.104487 0.243116
vt 0.104248 0.243575
vt 0.162780 0.274071
vt 0.163019 0.273612
vt 0.056696 0.252951
vt 0.056366 0.253350
vt 0.107199 0.295445
vt 0.107529 0.295046
vt -0.071046 0.220263
vt -0.071556 0.220351
vt -0.060349 0.285392
vt -0.059838 0.285304
vt -0.158115 0.133307
vt -0.158498 0.132959
vt -0.202896 0.181794
vt -0.202513 0.182142
vt -0.148023 0.154059
vt -0.148281 0.153610
vt -0.205560 0.186398
vt -0.205303 0.186847
vt -0.129141 0.206559
vt -0.129362 0.206091
vt -0.189038 0.234284
vt -0.188817 0.234752
vt -0.104248 0.243575
vt -0.104487 0.243116
vt -0.163019 0.273612
vt -0.162780 0.274071
vt -0.056366 0.253350
vt -0.056696 0.252951
vt -0.107529 0.295046
vt -0.107199 0.295445
vt 0.097000 0.138705
vt 0.096484 0.138663
vt 0.096016 0.138885
vt 0.095721 0.139310
vt 0.095679 0.139826
vt 0.095901 0.140294
vt 0.096327 0.140589
vt 0.096843 0.140630
vt 0.097311 0.140409
vt 0.097605 0.139983
vt 0.097647 0.139467
vt 0.097425 0.138999
vt -0.097425 0.139000
vt -0.097647 0.139467
vt -0.097605 0.139983
vt -0.097311 0.140409
vt -0.096843 0.140631
vt -0.096327 0.140589
vt -0.095901 0.140294
vt -0.095679 0.139827
vt -0.095721 0.139311
vt -0.096016 0.138885
vt -0.096484 0.138663
vt -0.096999 0.138705
vt 0.074616 0.220878
vt 0.074106 0.220790
vt 0.062899 0.285832
vt 0.063409 0.285920
vt 0.164777 0.127251
vt 0.164394 0.127599
vt 0.208791 0.176434
vt 0.209174 0.176086
vt 0.154039 0.143551
vt 0.153782 0.144000
vt 0.211061 0.176788
vt 0.211318 0.176338
vt 0.134313 0.195611
vt 0.134092 0.196079
vt 0.193768 0.224272
vt 0.193989 0.223804
vt 0.108408 0.235591
vt 0.108169 0.236050
vt 0.166700 0.266546
vt 0.166940 0.266087
vt 0.058677 0.250559
vt 0.058347 0.250957
vt 0.109180 0.293052
vt 0.109510 0.292654
vt -0.074106 0.220790
vt -0.074616 0.220878
vt -0.063409 0.285919
vt -0.062899 0.285832
vt -0.164394 0.127599
vt -0.164777 0.127251
vt -0.209174 0.176086
vt -0.208791 0.176434
vt -0.153782 0.144000
vt -0.154039 0.143551
vt -0.211318 0.176338
vt -0.211061 0.176788
vt -0.134092 0.196079
vt -0.134313 0.195611
vt -0.193989 0.223804
vt -0.193768 0.224272
vt -0.108169 0.236050
vt -0.108408 0.235591
vt -0.166940 0.266087
vt -0.166700 0.266546
vt -0.058347 0.250958
vt -0.058677 0.250559
vt -0.109510 0.292654
vt -0.109180 0.293052
vt 0.101035 0.127404
vt 0.100520 0.127362
vt 0.100052 0.127584
vt 0.099757 0.128009
vt 0.099715 0.128525
vt 0.099937 0.128993
vt 0.100363 0.129288
vt 0.100879 0.129330
vt 0.101347 0.129108
vt 0.101641 0.128682
vt 0.101683 0.128166
vt 0.101461 0.127698
vt -0.101461 0.127699
vt -0.101683 0.128166
vt -0.101641 0.128682
vt -0.101347 0.129108
vt -0.100879 0.129330
vt -0.100363 0.129288
vt -0.099937 0.128993
vt -0.099715 0.128526
vt -0.099757 0.128010
vt -0.100052 0.127584
vt -0.100520 0.127362
vt -0.101035 0.127404
vt 0.076232 0.222171
vt 0.075722 0.222083
vt 0.064684 0.286139
vt 0.065194 0.286227
vt 0.169112 0.124661
vt 0.168729 0.125010
vt 0.212454 0.173105
vt 0.212837 0.172756
vt 0.158266 0.138179
vt 0.158009 0.138628
vt 0.214420 0.170920
vt 0.214677 0.170470
vt 0.138106 0.189925
vt 0.137885 0.190393
vt 0.196656 0.218158
vt 0.196877 0.217690
vt 0.111582 0.231663
vt 0.111343 0.232122
vt 0.168987 0.262157
vt 0.169227 0.261698
vt 0.060603 0.249801
vt 0.060273 0.250200
vt 0.110336 0.291657
vt 0.110666 0.291259
vt -0.075722 0.222083
vt -0.076232 0.222171
vt -0.065195 0.286227
vt -0.064685 0.286139
vt -0.168729 0.125010
vt -0.169112 0.124661
vt -0.212837 0.172756
vt -0.212454 0.173105
vt -0.158009 0.138628
vt -0.158266 0.138179
vt -0.214677 0.170470
vt -0.214420 0.170920
vt -0.137885 0.190393
vt -0.138106 0.189925
vt -0.196877 0.217690
vt -0.196656 0.218158
vt -0.111343 0.232122
vt -0.111582 0.231663
vt -0.169227 0.261698
vt -0.168987 0.262157
vt -0.060273 0.250200
vt -0.060603 0.249801
vt -0.110666 0.291259
vt -0.110336 0.291657
vt 0.103390 0.120812
vt 0.102874 0.120770
vt 0.102406 0.120992
vt 0.102112 0.121418
vt 0.102070 0.121933
vt 0.102291 0.122401
vt 0.102717 0.122696
vt 0.103233 0.122738
vt 0.103701 0.122516
vt 0.103995 0.122090
vt 0.104037 0.121574
vt 0.103816 0.121106
vt -0.103816 0.121106
vt -0.104037 0.121574
vt -0.103995 0.122090
vt -0.103701 0.122516
vt -0.103233 0.122738
vt -0.102717 0.122696
vt -0.102291 0.122401
vt -0.102070 0.121933
vt -0.102112 0.121418
vt -0.102406 0.120992
vt -0.102874 0.120770
vt -0.103390 0.120812
vt 0.077932 0.221449
vt 0.077422 0.221362
vt 0.066215 0.286403
vt 0.066725 0.286491
vt 0.171578 0.121068
vt 0.171195 0.121416
vt 0.215593 0.170251
vt 0.215976 0.169903
vt 0.160277 0.132653
vt 0.160020 0.133102
vt 0.217299 0.165890
vt 0.217557 0.165440
vt 0.139677 0.184257
vt 0.139456 0.184725
vt 0.199132 0.212918
vt 0.199353 0.212450
vt 0.112655 0.227438
vt 0.112416 0.227897
vt 0.170948 0.258394
vt 0.171187 0.257935
vt 0.060823 0.247967
vt 0.060493 0.248366
vt 0.111326 0.290461
vt 0.111656 0.290062
vt -0.077422 0.221362
vt -0.077932 0.221449
vt -0.066725 0.286491
vt -0.066215 0.286403
vt -0.171195 0.121416
vt -0.171578 0.121068
vt -0.215976 0.169902
vt -0.215593 0.170251
vt -0.160020 0.133102
vt -0.160277 0.132653
vt -0.217557 0.165440
vt -0.217299 0.165890
vt -0.139456 0.184725
vt -0.139677 0.184257
vt -0.199353 0.212450
vt -0.199132 0.212918
vt -0.112416 0.227897
vt -0.112655 0.227438
vt -0.171187 0.257935
vt -0.170948 0.258394
vt -0.060493 0.248366
vt -0.060823 0.247967
vt -0.111656 0.290062
vt -0.111326 0.290461
vt 0.105408 0.115162
vt 0.104892 0.115120
vt 0.104424 0.115341
vt 0.104130 0.115767
vt 0.104088 0.116283
vt 0.104309 0.116751
vt 0.104735 0.117045
vt 0.105251 0.117087
vt 0.105719 0.116865
vt 0.106013 0.116440
vt 0.106055 0.115924
vt 0.105834 0.115456
vt -0.105834 0.115456
vt -0.106055 0.115924
vt -0.106013 0.116440
vt -0.105719 0.116866
vt -0.105251 0.117087
vt -0.104735 0.117045
vt -0.104309 0.116751
vt -0.104088 0.116283
vt -0.104130 0.115767
vt -0.104424 0.115341
vt -0.104892 0.115120
vt -0.105408 0.115162
vt -0.148150 0.065371
vt -0.149114 0.065748
vt -0.114192 0.155171
vt -0.113228 0.154794
vt -0.045918 0.011674
vt -0.046948 0.011778
vt -0.037299 0.107292
vt -0.036269 0.107188
vt 0.077469 0.023860
vt 0.076457 0.023642
vt 0.056228 0.117487
vt 0.057240 0.117705
vt 0.165839 0.086419
vt 0.164903 0.085975
vt 0.123757 0.172710
vt 0.124693 0.173154
vt 0.204229 0.131967
vt 0.203344 0.131430
vt 0.153585 0.213528
vt 0.154470 0.214065
vt 0.199546 0.122895
vt 0.198649 0.122378
vt 0.150771 0.205587
vt 0.151668 0.206103
vt 0.149114 0.065748
vt 0.148150 0.065371
vt 0.113228 0.154794
vt 0.114192 0.155171
vt 0.046948 0.011778
vt 0.045918 0.011674
vt 0.036269 0.107188
vt 0.037299 0.107292
vt -0.076457 0.023642
vt -0.077469 0.023860
vt -0.057240 0.117705
vt -0.056228 0.117487
vt -0.164903 0.085975
vt -0.165839 0.086419
vt -0.124693 0.173154
vt -0.123757 0.172710
vt -0.203344 0.131430
vt -0.204229 0.131967
vt -0.154470 0.214065
vt -0.153585 0.213528
vt -0.198649 0.122378
vt -0.199546 0.122895
vt -0.151668 0.206103
vt -0.150771 0.205587
vt 0.005231 0.248189
vt 0.006030 0.248847
vt 0.007051 0.249017
vt 0.008021 0.248654
vt 0.008679 0.247854
vt 0.008849 0.246833
vt 0.008486 0.245864
vt 0.007687 0.245206
vt 0.006665 0.245036
vt 0.005696 0.245399
vt 0.005038 0.246198
vt 0.004868 0.247219
vt -0.004868 0.247219
vt -0.005038 0.246198
vt -0.005696 0.245399
vt -0.006665 0.245036
vt -0.007687 0.245206
vt -0.008486 0.245864
vt -0.008849 0.246833
vt -0.008679 0.247854
vt -0.008021 0.248654
vt -0.007051 0.249017
vt -0.006030 0.248847
vt -0.005231 0.248189
vt 0.079293 0.222699
vt 0.078783 0.222611
vt 0.067745 0.286667
vt 0.068255 0.286755
vt 0.175390 0.118953
vt 0.175007 0.119302
vt 0.218732 0.167397
vt 0.219115 0.167048
vt 0.164024 0.128120
vt 0.163767 0.128569
vt 0.220179 0.160860
vt 0.220436 0.160411
vt 0.143057 0.179444
vt 0.142836 0.179912
vt 0.201607 0.207677
vt 0.201828 0.207209
vt 0.115503 0.224138
vt 0.115263 0.224597
vt 0.172908 0.254631
vt 0.173147 0.254172
vt 0.062584 0.247409
vt 0.062253 0.247808
vt 0.112316 0.289265
vt 0.112647 0.288866
vt -0.078783 0.222611
vt -0.079293 0.222699
vt -0.068255 0.286755
vt -0.067745 0.286667
vt -0.175007 0.119302
vt -0.175390 0.118953
vt -0.219115 0.167048
vt -0.218732 0.167397
vt -0.163767 0.128569
vt -0.164024 0.128120
vt -0.220436 0.160411
vt -0.220179 0.160860
vt -0.142836 0.179912
vt -0.143057 0.179444
vt -0.201828 0.207209
vt -0.201607 0.207677
vt -0.115263 0.224597
vt -0.115503 0.224138
vt -0.173147 0.254172
vt -0.172908 0.254631
vt -0.062253 0.247808
vt -0.062584 0.247409
vt -0.112647 0.288866
vt -0.112316 0.289265
vt 0.107426 0.109511
vt 0.106910 0.109469
vt 0.106442 0.109691
vt 0.106148 0.110117
vt 0.106106 0.110633
vt 0.106327 0.111100
vt 0.106753 0.111395
vt 0.107269 0.111437
vt 0.107737 0.111215
vt 0.108031 0.110789
vt 0.108073 0.110273
vt 0.107852 0.109806
vt -0.107852 0.109806
vt -0.108073 0.110273
vt -0.108031 0.110789
vt -0.107737 0.111215
vt -0.107269 0.111437
vt -0.106753 0.111395
vt -0.106327 0.111100
vt -0.106106 0.110633
vt -0.106148 0.110117
vt -0.106442 0.109691
vt -0.106910 0.109469
vt -0.107426 0.109511
vt 0.080993 0.221977
vt 0.080483 0.221889
vt 0.069275 0.286930
vt 0.069786 0.287018
vt 0.177857 0.115360
vt 0.177474 0.115708
vt 0.221871 0.164543
vt 0.222254 0.164194
vt 0.166035 0.122593
vt 0.165778 0.123042
vt 0.223058 0.155830
vt 0.223315 0.155381
vt 0.144628 0.173777
vt 0.144407 0.174245
vt 0.204083 0.202437
vt 0.204304 0.201969
vt 0.116576 0.219913
vt 0.116337 0.220372
vt 0.174869 0.250869
vt 0.175108 0.250410
vt 0.062804 0.245575
vt 0.062474 0.245974
vt 0.113307 0.288069
vt 0.113637 0.287670
vt -0.080483 0.221889
vt -0.080993 0.221977
vt -0.069786 0.287018
vt -0.069276 0.286930
vt -0.177474 0.115708
vt -0.177857 0.115360
vt -0.222254 0.164194
vt -0.221871 0.164543
vt -0.165778 0.123042
vt -0.166035 0.122593
vt -0.223315 0.155381
vt -0.223058 0.155830
vt -0.144407 0.174245
vt -0.144628 0.173777
vt -0.204304 0.201969
vt -0.204083 0.202437
vt -0.116337 0.220372
vt -0.116576 0.219913
vt -0.175108 0.250410
vt -0.174869 0.250869
vt -0.062474 0.245974
vt -0.062804 0.245575
vt -0.113637 0.287670
vt -0.113307 0.288069
vt 0.109444 0.103861
vt 0.108928 0.103819
vt 0.108460 0.104040
vt 0.108166 0.104466
vt 0.108124 0.104982
vt 0.108345 0.105450
vt 0.108771 0.105744
vt 0.109287 0.105786
vt 0.109755 0.105564
vt 0.110049 0.105139
vt 0.110091 0.104623
vt 0.109870 0.104155
vt -0.109870 0.104155
vt -0.110091 0.104623
vt -0.110049 0.105139
vt -0.109755 0.105565
vt -0.109287 0.105786
vt -0.108771 0.105744
vt -0.108345 0.105450
vt -0.108124 0.104982
vt -0.108166 0.104466
vt -0.108460 0.104040
vt -0.108928 0.103819
vt -0.109444 0.103861
vt 0.082523 0.222240
vt 0.082013 0.222153
vt 0.070976 0.286209
vt 0.071486 0.286297
vt 0.180996 0.112506
vt 0.180613 0.112854
vt 0.224338 0.160949
vt 0.224721 0.160600
vt 0.168914 0.117563
vt 0.168657 0.118013
vt 0.225069 0.150303
vt 0.225326 0.149854
vt 0.147104 0.168537
vt 0.146883 0.169005
vt 0.205655 0.196770
vt 0.205876 0.196302
vt 0.118537 0.216151
vt 0.118297 0.216610
vt 0.175942 0.246644
vt 0.176181 0.246185
vt 0.063794 0.244379
vt 0.063464 0.244778
vt 0.113527 0.286235
vt 0.113857 0.285836
vt -0.082013 0.222153
vt -0.082523 0.222240
vt -0.071486 0.286296
vt -0.070976 0.286209
vt -0.180613 0.112854
vt -0.180996 0.112506
vt -0.224721 0.160600
vt -0.224338 0.160949
vt -0.168657 0.118013
vt -0.168914 0.117563
vt -0.225326 0.149854
vt -0.225069 0.150303
vt -0.146883 0.169005
vt -0.147104 0.168537
vt -0.205876 0.196302
vt -0.205655 0.196770
vt -0.118297 0.216610
vt -0.118537 0.216151
vt -0.176181 0.246185
vt -0.175942 0.246644
vt -0.063464 0.244778
vt -0.063794 0.244379
vt -0.113857 0.285836
vt -0.113527 0.286235
vt 0.111462 0.098210
vt 0.110946 0.098168
vt 0.110478 0.098390
vt 0.110184 0.098816
vt 0.110142 0.099332
vt 0.110363 0.099799
vt 0.110789 0.100094
vt 0.111305 0.100136
vt 0.111773 0.099914
vt 0.112067 0.099488
vt 0.112109 0.098972
vt 0.111888 0.098505
vt -0.111888 0.098505
vt -0.112109 0.098973
vt -0.112067 0.099488
vt -0.111773 0.099914
vt -0.111305 0.100136
vt -0.110789 0.100094
vt -0.110363 0.099800
vt -0.110142 0.099332
vt -0.110184 0.098816
vt -0.110478 0.098390
vt -0.110946 0.098168
vt -0.111462 0.098210
vt 0.084223 0.221519
vt 0.083713 0.221431
vt 0.072506 0.286472
vt 0.073016 0.286560
vt 0.183463 0.108912
vt 0.183080 0.109260
vt 0.227477 0.158095
vt 0.227860 0.157747
vt 0.170926 0.112037
vt 0.170668 0.112486
vt 0.227948 0.145274
vt 0.228205 0.144825
vt 0.148676 0.162869
vt 0.148454 0.163337
vt 0.208130 0.191530
vt 0.208351 0.191062
vt 0.119610 0.211926
vt 0.119371 0.212385
vt 0.177903 0.242882
vt 0.178142 0.242423
vt 0.064015 0.242545
vt 0.063684 0.242944
vt 0.114518 0.285039
vt 0.114848 0.284640
vt -0.083713 0.221431
vt -0.084224 0.221519
vt -0.073016 0.286560
vt -0.072506 0.286472
vt -0.183080 0.109260
vt -0.183463 0.108912
vt -0.227860 0.157746
vt -0.227477 0.158095
vt -0.170668 0.112486
vt -0.170926 0.112037
vt -0.228205 0.144825
vt -0.227948 0.145274
vt -0.148454 0.163337
vt -0.148676 0.162869
vt -0.208351 0.191062
vt -0.208130 0.191530
vt -0.119371 0.212385
vt -0.119610 0.211926
vt -0.178142 0.242423
vt -0.177903 0.242882
vt -0.063684 0.242944
vt -0.064015 0.242545
vt -0.114848 0.284640
vt -0.114518 0.285039
vt 0.113480 0.092560
vt 0.112964 0.092518
vt 0.112496 0.092739
vt 0.112202 0.093165
vt 0.112160 0.093681
vt 0.112382 0.094149
vt 0.112807 0.094443
vt 0.113323 0.094485
vt 0.113791 0.094264
vt 0.114085 0.093838
vt 0.114127 0.093322
vt 0.113906 0.092854
vt -0.113906 0.092854
vt -0.114127 0.093322
vt -0.114085 0.093838
vt -0.113791 0.094264
vt -0.113323 0.094485
vt -0.112807 0.094443
vt -0.112381 0.094149
vt -0.112160 0.093681
vt -0.112202 0.093165
vt -0.112496 0.092739
vt -0.112964 0.092518
vt -0.113480 0.092560
vt 0.087284 0.222046
vt 0.086774 0.221958
vt 0.075567 0.287000
vt 0.076077 0.287088
vt 0.189741 0.103204
vt 0.189358 0.103552
vt 0.233756 0.152387
vt 0.234139 0.152039
vt 0.176684 0.101977
vt 0.176427 0.102426
vt 0.233706 0.135214
vt 0.233964 0.134765
vt 0.153627 0.152389
vt 0.153406 0.152857
vt 0.213081 0.181049
vt 0.213302 0.180581
vt 0.123531 0.204401
vt 0.123292 0.204860
vt 0.181823 0.235356
vt 0.182063 0.234897
vt 0.065995 0.240153
vt 0.065665 0.240552
vt 0.116499 0.282647
vt 0.116829 0.282248
vt -0.086774 0.221958
vt -0.087284 0.222046
vt -0.076077 0.287088
vt -0.075567 0.287000
vt -0.189358 0.103552
vt -0.189741 0.103204
vt -0.234139 0.152038
vt -0.233756 0.152387
vt -0.176427 0.102426
vt -0.176684 0.101977
vt -0.233964 0.134765
vt -0.233706 0.135214
vt -0.153406 0.152857
vt -0.153627 0.152389
vt -0.213302 0.180581
vt -0.213081 0.181049
vt -0.123292 0.204860
vt -0.123531 0.204401
vt -0.182063 0.234897
vt -0.181823 0.235356
vt -0.065665 0.240552
vt -0.065995 0.240153
vt -0.116829 0.282248
vt -0.116499 0.282647
vt 0.117516 0.081259
vt 0.117000 0.081217
vt 0.116532 0.081438
vt 0.116238 0.081864
vt 0.116196 0.082380
vt 0.116417 0.082848
vt 0.116843 0.083142
vt 0.117359 0.083184
vt 0.117827 0.082963
vt 0.118121 0.082537
vt 0.118163 0.082021
vt 0.117942 0.081553
vt -0.117942 0.081553
vt -0.118163 0.082021
vt -0.118121 0.082537
vt -0.117827 0.082963
vt -0.117359 0.083184
vt -0.116843 0.083142
vt -0.116417 0.082848
vt -0.116196 0.082380
vt -0.116238 0.081864
vt -0.116532 0.081438
vt -0.117000 0.081217
vt -0.117516 0.081259
vt 0.088900 0.223339
vt 0.088390 0.223251
vt 0.077352 0.287307
vt 0.077862 0.287395
vt 0.194076 0.100614
vt 0.193693 0.100962
vt 0.237418 0.149057
vt 0.237801 0.148709
vt 0.180911 0.096606
vt 0.180654 0.097055
vt 0.237065 0.129346
vt 0.237322 0.128897
vt 0.157419 0.146702
vt 0.157198 0.147170
vt 0.215970 0.174936
vt 0.216191 0.174468
vt 0.126705 0.200473
vt 0.126466 0.200933
vt 0.184111 0.230967
vt 0.184350 0.230508
vt 0.067921 0.239396
vt 0.067591 0.239794
vt 0.117654 0.281251
vt 0.117984 0.280853
vt -0.088390 0.223251
vt -0.088900 0.223339
vt -0.077862 0.287395
vt -0.077352 0.287307
vt -0.193693 0.100962
vt -0.194076 0.100614
vt -0.237801 0.148709
vt -0.237418 0.149057
vt -0.180654 0.097055
vt -0.180911 0.096606
vt -0.237323 0.128897
vt -0.237065 0.129346
vt -0.157198 0.147170
vt -0.157419 0.146702
vt -0.216191 0.174468
vt -0.215970 0.174936
vt -0.126466 0.200933
vt -0.126705 0.200473
vt -0.184350 0.230508
vt -0.184111 0.230967
vt -0.067591 0.239794
vt -0.067921 0.239396
vt -0.117984 0.280853
vt -0.117654 0.281251
vt 0.119870 0.074667
vt 0.119354 0.074625
vt 0.118887 0.074846
vt 0.118592 0.075272
vt 0.118550 0.075788
vt 0.118772 0.076256
vt 0.119198 0.076550
vt 0.119714 0.076592
vt 0.120181 0.076371
vt 0.120476 0.075945
vt 0.120518 0.075429
vt 0.120296 0.074961
vt -0.120296 0.074961
vt -0.120518 0.075429
vt -0.120476 0.075945
vt -0.120181 0.076371
vt -0.119714 0.076592
vt -0.119198 0.076550
vt -0.118772 0.076256
vt -0.118550 0.075788
vt -0.118592 0.075272
vt -0.118887 0.074846
vt -0.119354 0.074625
vt -0.119870 0.074667
vt 0.090600 0.222618
vt 0.090090 0.222530
vt 0.078883 0.287571
vt 0.079393 0.287659
vt 0.196543 0.097020
vt 0.196160 0.097368
vt 0.240557 0.146203
vt 0.240940 0.145855
vt 0.182922 0.091079
vt 0.182665 0.091528
vt 0.239945 0.124316
vt 0.240202 0.123867
vt 0.158991 0.141035
vt 0.158770 0.141503
vt 0.218445 0.169696
vt 0.218666 0.169227
vt 0.127778 0.196249
vt 0.127539 0.196708
vt 0.186071 0.227204
vt 0.186310 0.226745
vt 0.068141 0.237562
vt 0.067811 0.237961
vt 0.118644 0.280055
vt 0.118975 0.279657
vt -0.090090 0.222530
vt -0.090600 0.222617
vt -0.079393 0.287659
vt -0.078883 0.287571
vt -0.196160 0.097368
vt -0.196543 0.097020
vt -0.240940 0.145855
vt -0.240557 0.146203
vt -0.182665 0.091528
vt -0.182922 0.091079
vt -0.240202 0.123867
vt -0.239945 0.124316
vt -0.158770 0.141503
vt -0.158991 0.141035
vt -0.218666 0.169227
vt -0.218445 0.169696
vt -0.127539 0.196708
vt -0.127778 0.196249
vt -0.186310 0.226745
vt -0.186071 0.227204
vt -0.067811 0.237961
vt -0.068141 0.237562
vt -0.118975 0.279657
vt -0.118644 0.280055
vt 0.121888 0.069016
vt 0.121372 0.068974
vt 0.120905 0.069196
vt 0.120610 0.069622
vt 0.120568 0.070137
vt 0.120790 0.070605
vt 0.121216 0.070900
vt 0.121732 0.070942
vt 0.122199 0.070720
vt 0.122494 0.070294
vt 0.122536 0.069778
vt 0.122314 0.069310
vt -0.122314 0.069311
vt -0.122536 0.069778
vt -0.122494 0.070294
vt -0.122199 0.070720
vt -0.121732 0.070942
vt -0.121216 0.070900
vt -0.120790 0.070605
vt -0.120568 0.070138
vt -0.120610 0.069622
vt -0.120905 0.069196
vt -0.121372 0.068974
vt -0.121888 0.069016
vt 0.091960 0.223867
vt 0.091450 0.223779
vt 0.080413 0.287835
vt 0.080923 0.287923
vt 0.200355 0.094906
vt 0.199972 0.095254
vt 0.243697 0.143349
vt 0.244080 0.143001
vt 0.186669 0.086546
vt 0.186412 0.086995
vt 0.242824 0.119286
vt 0.243081 0.118837
vt 0.162370 0.136222
vt 0.162149 0.136690
vt 0.220921 0.164455
vt 0.221142 0.163987
vt 0.130626 0.192948
vt 0.130387 0.193407
vt 0.188031 0.223442
vt 0.188270 0.222983
vt 0.069902 0.237004
vt 0.069572 0.237402
vt 0.119635 0.278859
vt 0.119965 0.278461
vt -0.091450 0.223779
vt -0.091961 0.223867
vt -0.080923 0.287923
vt -0.080413 0.287835
vt -0.199972 0.095254
vt -0.200355 0.094906
vt -0.244080 0.143001
vt -0.243697 0.143349
vt -0.186412 0.086995
vt -0.186669 0.086546
vt -0.243081 0.118837
vt -0.242824 0.119286
vt -0.162149 0.136690
vt -0.162370 0.136222
vt -0.221142 0.163987
vt -0.220921 0.164455
vt -0.130387 0.193407
vt -0.130626 0.192948
vt -0.188270 0.222983
vt -0.188031 0.223442
vt -0.069572 0.237402
vt -0.069902 0.237004
vt -0.119965 0.278461
vt -0.119635 0.278859
vt 0.123906 0.063366
vt 0.123391 0.063324
vt 0.122923 0.063546
vt 0.122628 0.063971
vt 0.122586 0.064487
vt 0.122808 0.064955
vt 0.123234 0.065249
vt 0.123750 0.065291
vt 0.124218 0.065070
vt 0.124512 0.064644
vt 0.124554 0.064128
vt 0.124332 0.063660
vt -0.124332 0.063660
vt -0.124554 0.064128
vt -0.124512 0.064644
vt -0.124217 0.065070
vt -0.123750 0.065291
vt -0.123234 0.065249
vt -0.122808 0.064955
vt -0.122586 0.064487
vt -0.122628 0.063971
vt -0.122923 0.063546
vt -0.123390 0.063324
vt -0.123906 0.063366
vt 0.093661 0.223145
vt 0.093150 0.223057
vt 0.081943 0.288099
vt 0.082453 0.288186
vt 0.202821 0.091312
vt 0.202438 0.091660
vt 0.246836 0.140495
vt 0.247219 0.140147
vt 0.188680 0.081019
vt 0.188423 0.081469
vt 0.245703 0.114257
vt 0.245960 0.113807
vt 0.163942 0.130555
vt 0.163721 0.131023
vt 0.223396 0.159215
vt 0.223618 0.158747
vt 0.131699 0.188724
vt 0.131460 0.189183
vt 0.189992 0.219679
vt 0.190231 0.219220
vt 0.070122 0.235170
vt 0.069792 0.235568
vt 0.120625 0.277663
vt 0.120956 0.277265
vt -0.093151 0.223057
vt -0.093661 0.223145
vt -0.082454 0.288186
vt -0.081943 0.288098
vt -0.202438 0.091660
vt -0.202821 0.091312
vt -0.247219 0.140147
vt -0.246836 0.140495
vt -0.188423 0.081469
vt -0.188680 0.081019
vt -0.245960 0.113807
vt -0.245703 0.114257
vt -0.163721 0.131023
vt -0.163942 0.130555
vt -0.223617 0.158747
vt -0.223396 0.159215
vt -0.131460 0.189183
vt -0.131699 0.188724
vt -0.190231 0.219220
vt -0.189992 0.219679
vt -0.069792 0.235568
vt -0.070122 0.235170
vt -0.120955 0.277265
vt -0.120625 0.277663
vt 0.125924 0.057715
vt 0.125409 0.057673
vt 0.124941 0.057895
vt 0.124646 0.058321
vt 0.124604 0.058837
vt 0.124826 0.059304
vt 0.125252 0.059599
vt 0.125768 0.059641
vt 0.126235 0.059419
vt 0.126530 0.058993
vt 0.126572 0.058477
vt 0.126350 0.058010
vt -0.126350 0.058010
vt -0.126572 0.058477
vt -0.126530 0.058993
vt -0.126235 0.059419
vt -0.125768 0.059641
vt -0.125252 0.059599
vt -0.124826 0.059305
vt -0.124604 0.058837
vt -0.124646 0.058321
vt -0.124941 0.057895
vt -0.125408 0.057673
vt -0.125924 0.057715
vt -0.125308 -0.105285
vt -0.126401 -0.107652
vt -0.130059 -0.105961
vt -0.128965 -0.103594
vt -0.164537 -0.168939
vt -0.165724 -0.171261
vt -0.169312 -0.169426
vt -0.168124 -0.167104
vt -0.206887 -0.143173
vt -0.208537 -0.145191
vt -0.211656 -0.142641
vt -0.210006 -0.140622
vt -0.201805 0.037488
vt -0.204378 0.037067
vt -0.205028 0.041044
vt -0.202455 0.041465
vt -0.019626 0.113934
vt -0.021526 0.115720
vt -0.018766 0.118656
vt -0.016866 0.116870
vt 0.077087 0.004630
vt 0.075816 0.006906
vt 0.079335 0.008870
vt 0.080605 0.006593
vt 0.126401 -0.107652
vt 0.125308 -0.105285
vt 0.128965 -0.103594
vt 0.130059 -0.105961
vt 0.165724 -0.171261
vt 0.164537 -0.168939
vt 0.168124 -0.167104
vt 0.169312 -0.169426
vt 0.208537 -0.145191
vt 0.206887 -0.143172
vt 0.210006 -0.140622
vt 0.211656 -0.142641
vt 0.204378 0.037067
vt 0.201805 0.037488
vt 0.202455 0.041465
vt 0.205028 0.041044
vt 0.021525 0.115720
vt 0.019626 0.113934
vt 0.016866 0.116870
vt 0.018766 0.118656
vt -0.075816 0.006906
vt -0.077087 0.004630
vt -0.080605 0.006593
vt -0.079335 0.008870
vt -0.084326 0.087163
vt -0.085440 0.084806
vt -0.089083 0.086527
vt -0.087969 0.088884
vt -0.052986 0.143892
vt -0.054190 0.141580
vt -0.057764 0.143442
vt -0.056559 0.145754
vt -0.000545 0.177263
vt -0.002208 0.175254
vt -0.005311 0.177824
vt -0.003648 0.179833
vt 0.111891 0.134430
vt 0.109322 0.133987
vt 0.108638 0.137958
vt 0.111207 0.138401
vt 0.146402 0.020265
vt 0.144473 0.022019
vt 0.147183 0.025001
vt 0.149112 0.023247
vt 0.114019 0.029236
vt 0.112724 0.031498
vt 0.116221 0.033500
vt 0.117516 0.031237
vt 0.085440 0.084806
vt 0.084326 0.087163
vt 0.087969 0.088884
vt 0.089083 0.086527
vt 0.054190 0.141580
vt 0.052986 0.143892
vt 0.056559 0.145754
vt 0.057764 0.143442
vt 0.002208 0.175254
vt 0.000545 0.177263
vt 0.003648 0.179833
vt 0.005311 0.177824
vt -0.109322 0.133988
vt -0.111891 0.134430
vt -0.111207 0.138401
vt -0.108638 0.137958
vt -0.144473 0.022019
vt -0.146402 0.020265
vt -0.149112 0.023247
vt -0.147183 0.025001
vt -0.112724 0.031498
vt -0.114019 0.029236
vt -0.117516 0.031237
vt -0.116221 0.033500
vt 0.123246 0.050349
vt -0.128894 0.056998
vt -0.126295 0.056786
vt -0.124151 0.055303
vt -0.123034 0.052947
vt -0.209031 0.076967
vt -0.209542 0.076883
vt -0.220033 0.141031
vt -0.219523 0.141115
vt 0.006873 0.144098
vt 0.006496 0.144452
vt 0.051017 0.191811
vt 0.051394 0.191457
vt 0.111218 0.025814
vt 0.110966 0.026266
vt 0.167725 0.057943
vt 0.167977 0.057491
vt 0.161921 -0.088857
vt 0.161704 -0.088388
vt 0.220706 -0.061115
vt 0.220923 -0.061585
vt 0.200472 -0.151075
vt 0.200236 -0.150614
vt 0.258107 -0.121018
vt 0.258343 -0.121479
vt 0.238436 -0.118364
vt 0.238108 -0.117963
vt 0.288434 -0.076826
vt 0.288762 -0.077227
vt 0.209542 0.076883
vt 0.209031 0.076967
vt 0.219523 0.141115
vt 0.220033 0.141031
vt -0.006496 0.144452
vt -0.006873 0.144098
vt -0.051394 0.191457
vt -0.051017 0.191811
vt -0.110966 0.026266
vt -0.111218 0.025814
vt -0.167977 0.057491
vt -0.167725 0.057943
vt -0.161704 -0.088388
vt -0.161921 -0.088857
vt -0.220923 -0.061585
vt -0.220706 -0.061115
vt -0.200236 -0.150614
vt -0.200472 -0.151075
vt -0.258343 -0.121479
vt -0.258107 -0.121018
vt -0.238108 -0.117963
vt -0.238436 -0.118364
vt -0.288762 -0.077227
vt -0.288434 -0.076826
vt -0.182060 -0.163492
vt -0.182577 -0.163531
vt -0.183043 -0.163307
vt -0.183335 -0.162879
vt -0.183374 -0.162363
vt -0.183150 -0.161897
vt -0.182722 -0.161605
vt -0.182206 -0.161566
vt -0.181739 -0.161790
vt -0.181448 -0.162218
vt -0.181409 -0.162734
vt -0.181633 -0.163200
vt 0.181633 -0.163200
vt 0.181409 -0.162734
vt 0.181448 -0.162218
vt 0.181739 -0.161790
vt 0.182206 -0.161566
vt 0.182722 -0.161605
vt 0.183150 -0.161897
vt 0.183374 -0.162363
vt 0.183335 -0.162879
vt 0.183043 -0.163307
vt 0.182577 -0.163531
vt 0.182060 -0.163492
vt -0.072227 0.009766
vt -0.073341 0.007408
vt -0.076984 0.009129
vt -0.075871 0.011487
vt -0.100313 -0.042167
vt -0.101517 -0.044479
vt -0.105091 -0.042617
vt -0.103886 -0.040305
vt -0.131758 -0.050176
vt -0.133421 -0.052184
vt -0.136525 -0.049614
vt -0.134862 -0.047606
vt -0.138328 0.046667
vt -0.140897 0.046224
vt -0.141581 0.050195
vt -0.139012 0.050637
vt -0.026778 0.118244
vt -0.028707 0.119998
vt -0.025997 0.122979
vt -0.024067 0.121225
vt 0.038765 0.072133
vt 0.037470 0.074396
vt 0.040967 0.076397
vt 0.042262 0.074135
vt 0.073341 0.007408
vt 0.072227 0.009766
vt 0.075871 0.011487
vt 0.076984 0.009129
vt 0.101517 -0.044479
vt 0.100313 -0.042167
vt 0.103886 -0.040305
vt 0.105091 -0.042617
vt 0.133421 -0.052184
vt 0.131758 -0.050176
vt 0.134862 -0.047606
vt 0.136525 -0.049614
vt 0.140897 0.046224
vt 0.138328 0.046667
vt 0.139012 0.050637
vt 0.141581 0.050195
vt 0.028707 0.119998
vt 0.026778 0.118244
vt 0.024067 0.121225
vt 0.025997 0.122979
vt -0.037470 0.074396
vt -0.038765 0.072133
vt -0.042262 0.074135
vt -0.040967 0.076397
vt -0.122423 -0.034677
vt -0.123539 -0.037033
vt -0.125684 -0.038516
vt -0.128283 -0.038727
vt -0.130639 -0.037611
vt -0.132121 -0.035467
vt -0.132333 -0.032868
vt -0.131217 -0.030512
vt -0.129072 -0.029029
vt -0.126473 -0.028818
vt -0.124117 -0.029934
vt 0.132121 -0.035467
vt -0.092163 -0.363525
vt -0.092468 -0.362811
vt -0.013375 -0.329043
vt -0.013070 -0.329757
vt 0.020879 -0.340790
vt 0.020327 -0.340244
vt 0.080831 -0.279126
vt 0.081382 -0.279673
vt 0.241999 -0.116714
vt 0.241341 -0.117127
vt 0.195625 -0.044284
vt 0.196283 -0.043871
vt 0.201975 -0.104930
vt 0.201638 -0.105630
vt 0.124151 -0.068322
vt 0.124488 -0.067623
vt 0.166200 -0.219325
vt 0.165952 -0.220061
vt 0.084449 -0.192618
vt 0.084696 -0.191882
vt 0.135344 -0.318790
vt 0.135103 -0.319528
vt 0.053340 -0.292869
vt 0.053580 -0.292131
vt 0.092468 -0.362811
vt 0.092163 -0.363525
vt 0.013070 -0.329757
vt 0.013375 -0.329043
vt -0.020327 -0.340244
vt -0.020879 -0.340790
vt -0.081382 -0.279673
vt -0.080831 -0.279126
vt -0.241341 -0.117127
vt -0.241999 -0.116714
vt -0.196283 -0.043872
vt -0.195625 -0.044284
vt -0.201638 -0.105630
vt -0.201975 -0.104930
vt -0.124488 -0.067623
vt -0.124151 -0.068322
vt -0.165952 -0.220061
vt -0.166200 -0.219325
vt -0.084696 -0.191882
vt -0.084449 -0.192618
vt -0.135103 -0.319528
vt -0.135344 -0.318790
vt -0.053580 -0.292131
vt -0.053340 -0.292869
vt -0.193420 -0.226961
vt -0.192905 -0.226380
vt -0.192168 -0.226134
vt -0.191407 -0.226290
vt -0.190826 -0.226805
vt -0.190581 -0.227542
vt -0.190737 -0.228302
vt -0.191252 -0.228884
vt -0.191988 -0.229129
vt -0.192749 -0.228973
vt -0.193330 -0.228458
vt -0.193576 -0.227722
vt 0.193576 -0.227722
vt 0.193330 -0.228458
vt 0.192749 -0.228973
vt 0.191988 -0.229129
vt 0.191252 -0.228884
vt 0.190737 -0.228302
vt 0.190581 -0.227542
vt 0.190827 -0.226805
vt 0.191407 -0.226290
vt 0.192168 -0.226134
vt 0.192905 -0.226380
vt 0.193420 -0.226961
vt 0.183782 -0.062680
vt 0.184794 -0.062462
vt 0.204602 -0.154351
vt 0.203590 -0.154569
vt -0.000716 -0.100437
vt 0.000314 -0.100541
vt -0.009133 -0.194065
vt -0.010163 -0.193961
vt -0.176414 -0.038461
vt -0.175449 -0.038837
vt -0.209644 -0.126397
vt -0.210608 -0.126021
vt -0.283820 0.047937
vt -0.282923 0.047421
vt -0.329803 -0.034054
vt -0.330701 -0.033538
vt -0.323184 0.078945
vt -0.322299 0.078409
vt -0.371021 -0.001979
vt -0.371906 -0.001442
vt -0.295667 0.029578
vt -0.294731 0.029134
vt -0.335020 -0.055794
vt -0.335955 -0.055351
vt -0.184794 -0.062462
vt -0.183782 -0.062680
vt -0.203590 -0.154570
vt -0.204602 -0.154351
vt -0.000314 -0.100541
vt 0.000716 -0.100437
vt 0.010164 -0.193961
vt 0.009133 -0.194065
vt 0.175449 -0.038837
vt 0.176414 -0.038461
vt 0.210608 -0.126021
vt 0.209644 -0.126397
vt 0.282923 0.047421
vt 0.283820 0.047937
vt 0.330701 -0.033538
vt 0.329803 -0.034054
vt 0.322299 0.078409
vt 0.323184 0.078946
vt 0.371906 -0.001442
vt 0.371021 -0.001979
vt 0.294731 0.029134
vt 0.295667 0.029578
vt 0.335955 -0.055351
vt 0.335020 -0.055794
vt 0.060681 0.312474
vt 0.061650 0.312837
vt 0.062672 0.312667
vt 0.063471 0.312009
vt 0.063834 0.311039
vt 0.063664 0.310018
vt 0.063006 0.309219
vt 0.062036 0.308856
vt 0.061015 0.309026
vt 0.060216 0.309684
vt 0.059853 0.310653
vt 0.060023 0.311675
vt -0.060023 0.311675
vt -0.059853 0.310653
vt -0.060216 0.309684
vt -0.061015 0.309026
vt -0.062036 0.308856
vt -0.063006 0.309219
vt -0.063664 0.310018
vt -0.063834 0.311039
vt -0.063471 0.312009
vt -0.062672 0.312667
vt -0.061650 0.312837
vt -0.060681 0.312474
vt 0.234972 0.192698
vt 0.234462 0.192611
vt 0.223424 0.256667
vt 0.223935 0.256754
vt 0.304622 -0.074219
vt 0.304239 -0.073871
vt 0.347964 -0.025776
vt 0.348347 -0.026124
vt 0.235829 -0.110046
vt 0.235571 -0.109597
vt 0.291983 -0.077306
vt 0.292240 -0.077755
vt 0.175390 -0.020094
vt 0.175169 -0.019626
vt 0.233940 0.008139
vt 0.234161 0.007671
vt 0.109295 0.114859
vt 0.109056 0.115318
vt 0.166700 0.145352
vt 0.166940 0.144893
vt -0.000535 0.235829
vt -0.000865 0.236227
vt 0.049198 0.277685
vt 0.049528 0.277286
vt -0.234462 0.192610
vt -0.234972 0.192698
vt -0.223935 0.256754
vt -0.223425 0.256666
vt -0.304239 -0.073871
vt -0.304622 -0.074219
vt -0.348347 -0.026124
vt -0.347964 -0.025776
vt -0.235571 -0.109597
vt -0.235829 -0.110046
vt -0.292240 -0.077755
vt -0.291983 -0.077306
vt -0.175169 -0.019626
vt -0.175390 -0.020094
vt -0.234161 0.007671
vt -0.233940 0.008139
vt -0.109056 0.115318
vt -0.109295 0.114859
vt -0.166940 0.144893
vt -0.166700 0.145352
vt 0.000865 0.236228
vt 0.000535 0.235829
vt -0.049528 0.277286
vt -0.049198 0.277685
vt 0.271020 -0.072043
vt 0.270504 -0.072085
vt 0.270036 -0.071864
vt 0.269742 -0.071438
vt 0.269700 -0.070922
vt 0.269921 -0.070454
vt 0.270347 -0.070160
vt 0.270863 -0.070118
vt 0.271331 -0.070339
vt 0.271625 -0.070765
vt 0.271667 -0.071281
vt 0.271446 -0.071749
vt -0.271446 -0.071749
vt -0.271667 -0.071281
vt -0.271625 -0.070765
vt -0.271331 -0.070339
vt -0.270863 -0.070118
vt -0.270347 -0.070160
vt -0.269921 -0.070454
vt -0.269700 -0.070922
vt -0.269742 -0.071438
vt -0.270036 -0.071864
vt -0.270504 -0.072085
vt -0.271020 -0.072043
vt 0.222304 0.191530
vt 0.221794 0.191443
vt 0.210757 0.255498
vt 0.211267 0.255586
vt 0.279658 -0.050172
vt 0.279274 -0.049824
vt 0.322999 -0.001729
vt 0.323382 -0.002077
vt 0.213183 -0.068473
vt 0.212926 -0.068023
vt 0.269338 -0.035732
vt 0.269595 -0.036182
vt 0.156076 0.023128
vt 0.155855 0.023596
vt 0.214627 0.051361
vt 0.214848 0.050893
vt 0.094172 0.146048
vt 0.093933 0.146507
vt 0.151578 0.176542
vt 0.151817 0.176083
vt -0.007853 0.246234
vt -0.008184 0.246633
vt 0.041879 0.288090
vt 0.042210 0.287692
vt -0.221794 0.191442
vt -0.222304 0.191530
vt -0.211267 0.255586
vt -0.210757 0.255498
vt -0.279274 -0.049824
vt -0.279658 -0.050172
vt -0.323382 -0.002077
vt -0.322999 -0.001729
vt -0.212926 -0.068023
vt -0.213183 -0.068473
vt -0.269595 -0.036182
vt -0.269338 -0.035732
vt -0.155855 0.023596
vt -0.156076 0.023128
vt -0.214848 0.050893
vt -0.214627 0.051361
vt -0.093933 0.146507
vt -0.094172 0.146048
vt -0.151817 0.176083
vt -0.151578 0.176542
vt 0.008184 0.246633
vt 0.007854 0.246234
vt -0.042210 0.287692
vt -0.041879 0.288090
vt 0.254539 -0.025898
vt 0.254023 -0.025940
vt 0.253556 -0.025718
vt 0.253261 -0.025292
vt 0.253219 -0.024776
vt 0.253441 -0.024309
vt 0.253867 -0.024014
vt 0.254383 -0.023972
vt 0.254850 -0.024194
vt 0.255145 -0.024620
vt 0.255187 -0.025136
vt 0.254965 -0.025603
vt -0.254965 -0.025603
vt -0.255187 -0.025136
vt -0.255145 -0.024620
vt -0.254850 -0.024194
vt -0.254383 -0.023972
vt -0.253867 -0.024014
vt -0.253441 -0.024309
vt -0.253219 -0.024776
vt -0.253261 -0.025292
vt -0.253556 -0.025718
vt -0.254023 -0.025940
vt -0.254539 -0.025898
vt 0.220944 0.190281
vt 0.220434 0.190193
vt 0.209226 0.255235
vt 0.209736 0.255323
vt 0.275846 -0.048058
vt 0.275463 -0.047709
vt 0.319860 0.001125
vt 0.320243 0.000777
vt 0.209436 -0.063940
vt 0.209179 -0.063490
vt 0.266459 -0.030703
vt 0.266716 -0.031152
vt 0.152697 0.027941
vt 0.152476 0.028409
vt 0.212151 0.056602
vt 0.212372 0.056134
vt 0.091325 0.149349
vt 0.091085 0.149808
vt 0.149617 0.180304
vt 0.149856 0.179845
vt -0.009614 0.246793
vt -0.009944 0.247191
vt 0.040889 0.289286
vt 0.041219 0.288888
vt -0.220434 0.190193
vt -0.220944 0.190281
vt -0.209737 0.255322
vt -0.209227 0.255235
vt -0.275463 -0.047709
vt -0.275845 -0.048058
vt -0.320243 0.000777
vt -0.319860 0.001125
vt -0.209179 -0.063490
vt -0.209436 -0.063940
vt -0.266716 -0.031152
vt -0.266459 -0.030703
vt -0.152476 0.028409
vt -0.152697 0.027941
vt -0.212372 0.056134
vt -0.212151 0.056602
vt -0.091085 0.149808
vt -0.091325 0.149349
vt -0.149856 0.179845
vt -0.149617 0.180304
vt 0.009944 0.247191
vt 0.009614 0.246793
vt -0.041219 0.288888
vt -0.040889 0.289286
vt 0.252521 -0.020248
vt 0.252005 -0.020290
vt 0.251538 -0.020068
vt 0.251243 -0.019642
vt 0.251201 -0.019126
vt 0.251423 -0.018658
vt 0.251849 -0.018364
vt 0.252365 -0.018322
vt 0.252832 -0.018544
vt 0.253127 -0.018969
vt 0.253169 -0.019485
vt 0.252947 -0.019953
vt -0.252947 -0.019953
vt -0.253169 -0.019485
vt -0.253127 -0.018969
vt -0.252832 -0.018544
vt -0.252365 -0.018322
vt -0.251849 -0.018364
vt -0.251423 -0.018658
vt -0.251201 -0.019126
vt -0.251243 -0.019642
vt -0.251538 -0.020068
vt -0.252005 -0.020289
vt -0.252521 -0.020247
vt 0.224004 0.190809
vt 0.223494 0.190721
vt 0.212287 0.255762
vt 0.212797 0.255850
vt 0.282124 -0.053766
vt 0.281741 -0.053417
vt 0.326139 -0.004583
vt 0.326522 -0.004931
vt 0.215195 -0.073999
vt 0.214937 -0.073550
vt 0.272217 -0.040762
vt 0.272474 -0.041211
vt 0.157648 0.017461
vt 0.157427 0.017929
vt 0.217102 0.046121
vt 0.217324 0.045653
vt 0.095245 0.141824
vt 0.095006 0.142283
vt 0.153538 0.172779
vt 0.153777 0.172320
vt -0.007633 0.244401
vt -0.007963 0.244799
vt 0.042870 0.286894
vt 0.043200 0.286496
vt -0.223494 0.190720
vt -0.224005 0.190808
vt -0.212797 0.255850
vt -0.212287 0.255762
vt -0.281741 -0.053417
vt -0.282124 -0.053766
vt -0.326522 -0.004931
vt -0.326139 -0.004583
vt -0.214937 -0.073550
vt -0.215195 -0.073999
vt -0.272474 -0.041211
vt -0.272217 -0.040762
vt -0.157427 0.017929
vt -0.157648 0.017461
vt -0.217324 0.045653
vt -0.217102 0.046121
vt -0.095006 0.142283
vt -0.095245 0.141824
vt -0.153777 0.172320
vt -0.153538 0.172779
vt 0.007963 0.244799
vt 0.007633 0.244401
vt -0.043200 0.286496
vt -0.042870 0.286894
vt 0.256557 -0.031548
vt 0.256041 -0.031590
vt 0.255574 -0.031369
vt 0.255279 -0.030943
vt 0.255237 -0.030427
vt 0.255459 -0.029959
vt 0.255885 -0.029665
vt 0.256401 -0.029623
vt 0.256869 -0.029845
vt 0.257163 -0.030270
vt 0.257205 -0.030786
vt 0.256983 -0.031254
vt -0.256983 -0.031254
vt -0.257205 -0.030786
vt -0.257163 -0.030270
vt -0.256868 -0.029844
vt -0.256401 -0.029623
vt -0.255885 -0.029665
vt -0.255459 -0.029959
vt -0.255237 -0.030427
vt -0.255279 -0.030943
vt -0.255574 -0.031369
vt -0.256041 -0.031590
vt -0.256557 -0.031548
vt 0.225620 0.192102
vt 0.225110 0.192014
vt 0.214072 0.256070
vt 0.214583 0.256158
vt 0.286459 -0.056355
vt 0.286076 -0.056007
vt 0.329801 -0.007912
vt 0.330184 -0.008260
vt 0.219422 -0.079371
vt 0.219164 -0.078921
vt 0.275576 -0.046630
vt 0.275833 -0.047080
vt 0.161440 0.011774
vt 0.161219 0.012242
vt 0.219991 0.040008
vt 0.220212 0.039540
vt 0.098419 0.137896
vt 0.098180 0.138355
vt 0.155825 0.168390
vt 0.156064 0.167930
vt -0.005707 0.243643
vt -0.006038 0.244042
vt 0.044025 0.285499
vt 0.044356 0.285100
vt -0.225110 0.192014
vt -0.225620 0.192102
vt -0.214583 0.256158
vt -0.214073 0.256070
vt -0.286076 -0.056007
vt -0.286459 -0.056355
vt -0.330184 -0.008260
vt -0.329801 -0.007912
vt -0.219164 -0.078921
vt -0.219422 -0.079371
vt -0.275833 -0.047080
vt -0.275576 -0.046630
vt -0.161219 0.012242
vt -0.161440 0.011774
vt -0.220212 0.039540
vt -0.219991 0.040008
vt -0.098180 0.138355
vt -0.098419 0.137896
vt -0.156064 0.167931
vt -0.155825 0.168390
vt 0.006038 0.244042
vt 0.005708 0.243643
vt -0.044356 0.285100
vt -0.044025 0.285499
vt 0.258912 -0.038140
vt 0.258396 -0.038182
vt 0.257928 -0.037961
vt 0.257634 -0.037535
vt 0.257592 -0.037019
vt 0.257813 -0.036551
vt 0.258239 -0.036257
vt 0.258755 -0.036215
vt 0.259223 -0.036437
vt 0.259517 -0.036862
vt 0.259559 -0.037378
vt 0.259338 -0.037846
vt -0.259338 -0.037846
vt -0.259559 -0.037378
vt -0.259517 -0.036862
vt -0.259223 -0.036437
vt -0.258755 -0.036215
vt -0.258239 -0.036257
vt -0.257813 -0.036551
vt -0.257592 -0.037019
vt -0.257634 -0.037535
vt -0.257928 -0.037961
vt -0.258396 -0.038182
vt -0.258912 -0.038140
vt 0.227320 0.191380
vt 0.226810 0.191292
vt 0.215603 0.256334
vt 0.216113 0.256421
vt 0.288926 -0.059949
vt 0.288543 -0.059601
vt 0.332940 -0.010766
vt 0.333323 -0.011114
vt 0.221433 -0.084897
vt 0.221176 -0.084448
vt 0.278455 -0.051660
vt 0.278713 -0.052109
vt 0.163012 0.006107
vt 0.162791 0.006575
vt 0.222466 0.034767
vt 0.222687 0.034299
vt 0.099493 0.133672
vt 0.099254 0.134130
vt 0.157785 0.164627
vt 0.158025 0.164168
vt -0.005487 0.241809
vt -0.005817 0.242208
vt 0.045016 0.284303
vt 0.045346 0.283904
vt -0.226810 0.191292
vt -0.227320 0.191380
vt -0.216113 0.256421
vt -0.215603 0.256333
vt -0.288543 -0.059601
vt -0.288926 -0.059949
vt -0.333323 -0.011114
vt -0.332940 -0.010766
vt -0.221176 -0.084448
vt -0.221433 -0.084897
vt -0.278713 -0.052109
vt -0.278455 -0.051660
vt -0.162791 0.006575
vt -0.163012 0.006107
vt -0.222687 0.034299
vt -0.222466 0.034768
vt -0.099254 0.134130
vt -0.099493 0.133671
vt -0.158025 0.164168
vt -0.157785 0.164627
vt 0.005817 0.242208
vt 0.005487 0.241809
vt -0.045346 0.283904
vt -0.045016 0.284303
vt 0.260930 -0.043791
vt 0.260414 -0.043833
vt 0.259946 -0.043611
vt 0.259652 -0.043186
vt 0.259610 -0.042670
vt 0.259831 -0.042202
vt 0.260257 -0.041908
vt 0.260773 -0.041866
vt 0.261241 -0.042087
vt 0.261535 -0.042513
vt 0.261577 -0.043029
vt 0.261356 -0.043497
vt -0.261355 -0.043497
vt -0.261577 -0.043029
vt -0.261535 -0.042513
vt -0.261241 -0.042087
vt -0.260773 -0.041865
vt -0.260257 -0.041907
vt -0.259831 -0.042202
vt -0.259610 -0.042670
vt -0.259652 -0.043186
vt -0.259946 -0.043611
vt -0.260414 -0.043833
vt -0.260930 -0.043791
vt -0.149725 -0.150871
vt -0.150689 -0.150494
vt -0.115767 -0.061071
vt -0.114803 -0.061448
vt 0.037902 -0.199821
vt 0.036872 -0.199717
vt 0.046521 -0.104203
vt 0.047551 -0.104307
vt 0.221765 -0.151675
vt 0.220753 -0.151893
vt 0.200523 -0.058048
vt 0.201535 -0.057830
vt 0.320717 -0.063686
vt 0.319781 -0.064130
vt 0.278636 0.022605
vt 0.279571 0.023049
vt 0.331909 -0.026853
vt 0.331024 -0.027390
vt 0.281265 0.054708
vt 0.282150 0.055245
vt 0.275106 -0.066681
vt 0.274208 -0.067198
vt 0.226330 0.016011
vt 0.227227 0.016527
vt 0.150689 -0.150494
vt 0.149725 -0.150871
vt 0.114803 -0.061448
vt 0.115767 -0.061071
vt -0.036872 -0.199717
vt -0.037902 -0.199821
vt -0.047551 -0.104307
vt -0.046521 -0.104203
vt -0.220753 -0.151893
vt -0.221765 -0.151675
vt -0.201535 -0.057830
vt -0.200523 -0.058048
vt -0.319781 -0.064130
vt -0.320717 -0.063686
vt -0.279571 0.023049
vt -0.278636 0.022605
vt -0.331024 -0.027390
vt -0.331909 -0.026853
vt -0.282150 0.055245
vt -0.281265 0.054708
vt -0.274208 -0.067198
vt -0.275106 -0.066681
vt -0.227227 0.016527
vt -0.226330 0.016011
vt -0.102414 0.257488
vt -0.101615 0.258146
vt -0.100594 0.258317
vt -0.099624 0.257953
vt -0.098966 0.257154
vt -0.098796 0.256133
vt -0.099159 0.255163
vt -0.099959 0.254505
vt -0.100980 0.254335
vt -0.101949 0.254698
vt -0.102607 0.255498
vt -0.102778 0.256519
vt 0.102778 0.256519
vt 0.102607 0.255498
vt 0.101949 0.254699
vt 0.100980 0.254335
vt 0.099959 0.254506
vt 0.099159 0.255164
vt 0.098796 0.256133
vt 0.098966 0.257154
vt 0.099624 0.257953
vt 0.100594 0.258317
vt 0.101615 0.258146
vt 0.102414 0.257488
vt 0.228681 0.192629
vt 0.228171 0.192541
vt 0.217133 0.256597
vt 0.217643 0.256685
vt 0.292738 -0.062063
vt 0.292355 -0.061715
vt 0.336080 -0.013620
vt 0.336463 -0.013968
vt 0.225180 -0.089430
vt 0.224923 -0.088981
vt 0.281334 -0.056690
vt 0.281592 -0.057139
vt 0.166392 0.001294
vt 0.166170 0.001762
vt 0.224942 0.029527
vt 0.225163 0.029059
vt 0.102340 0.130371
vt 0.102101 0.130830
vt 0.159746 0.160865
vt 0.159985 0.160405
vt -0.003727 0.241251
vt -0.004057 0.241649
vt 0.046006 0.283107
vt 0.046336 0.282708
vt -0.228171 0.192541
vt -0.228681 0.192629
vt -0.217643 0.256685
vt -0.217133 0.256597
vt -0.292355 -0.061715
vt -0.292738 -0.062063
vt -0.336463 -0.013968
vt -0.336080 -0.013620
vt -0.224923 -0.088981
vt -0.225180 -0.089430
vt -0.281592 -0.057139
vt -0.281334 -0.056690
vt -0.166170 0.001762
vt -0.166392 0.001294
vt -0.225163 0.029059
vt -0.224942 0.029527
vt -0.102101 0.130830
vt -0.102340 0.130371
vt -0.159985 0.160405
vt -0.159746 0.160865
vt 0.004057 0.241650
vt 0.003727 0.241251
vt -0.046336 0.282708
vt -0.046006 0.283107
vt 0.262948 -0.049441
vt 0.262432 -0.049483
vt 0.261964 -0.049262
vt 0.261670 -0.048836
vt 0.261628 -0.048320
vt 0.261849 -0.047852
vt 0.262275 -0.047558
vt 0.262791 -0.047516
vt 0.263259 -0.047737
vt 0.263553 -0.048163
vt 0.263595 -0.048679
vt 0.263374 -0.049147
vt -0.263374 -0.049147
vt -0.263595 -0.048679
vt -0.263553 -0.048163
vt -0.263259 -0.047737
vt -0.262791 -0.047516
vt -0.262275 -0.047558
vt -0.261849 -0.047852
vt -0.261628 -0.048320
vt -0.261670 -0.048836
vt -0.261964 -0.049262
vt -0.262432 -0.049483
vt -0.262948 -0.049441
vt 0.230381 0.191907
vt 0.229871 0.191819
vt 0.218663 0.256861
vt 0.219174 0.256949
vt 0.295204 -0.065657
vt 0.294821 -0.065309
vt 0.339219 -0.016474
vt 0.339602 -0.016822
vt 0.227191 -0.094957
vt 0.226934 -0.094508
vt 0.284214 -0.061720
vt 0.284471 -0.062169
vt 0.167963 -0.004373
vt 0.167742 -0.003905
vt 0.227417 0.024287
vt 0.227639 0.023819
vt 0.103414 0.126146
vt 0.103175 0.126605
vt 0.161706 0.157102
vt 0.161945 0.156643
vt -0.003506 0.239417
vt -0.003836 0.239816
vt 0.046997 0.281911
vt 0.047327 0.281512
vt -0.229871 0.191819
vt -0.230381 0.191907
vt -0.219174 0.256949
vt -0.218664 0.256861
vt -0.294821 -0.065309
vt -0.295204 -0.065657
vt -0.339602 -0.016822
vt -0.339219 -0.016474
vt -0.226934 -0.094508
vt -0.227191 -0.094957
vt -0.284471 -0.062169
vt -0.284214 -0.061720
vt -0.167742 -0.003905
vt -0.167963 -0.004373
vt -0.227639 0.023819
vt -0.227417 0.024287
vt -0.103175 0.126605
vt -0.103414 0.126146
vt -0.161945 0.156643
vt -0.161706 0.157102
vt 0.003836 0.239816
vt 0.003506 0.239417
vt -0.047327 0.281512
vt -0.046997 0.281911
vt 0.264966 -0.055092
vt 0.264450 -0.055134
vt 0.263982 -0.054912
vt 0.263688 -0.054487
vt 0.263646 -0.053971
vt 0.263867 -0.053503
vt 0.264293 -0.053208
vt 0.264809 -0.053166
vt 0.265277 -0.053388
vt 0.265571 -0.053814
vt 0.265613 -0.054330
vt 0.265392 -0.054798
vt -0.265392 -0.054798
vt -0.265613 -0.054330
vt -0.265571 -0.053814
vt -0.265277 -0.053388
vt -0.264809 -0.053166
vt -0.264293 -0.053208
vt -0.263867 -0.053503
vt -0.263646 -0.053971
vt -0.263688 -0.054486
vt -0.263982 -0.054912
vt -0.264450 -0.055134
vt -0.264966 -0.055092
vt 0.231911 0.192171
vt 0.231401 0.192083
vt 0.220364 0.256139
vt 0.220874 0.256227
vt 0.298343 -0.068511
vt 0.297960 -0.068163
vt 0.341685 -0.020068
vt 0.342068 -0.020416
vt 0.230070 -0.099987
vt 0.229813 -0.099537
vt 0.286225 -0.067246
vt 0.286482 -0.067696
vt 0.170439 -0.009614
vt 0.170217 -0.009146
vt 0.228989 0.018620
vt 0.229210 0.018152
vt 0.105374 0.122384
vt 0.105135 0.122843
vt 0.162780 0.152877
vt 0.163019 0.152418
vt -0.002516 0.238221
vt -0.002846 0.238620
vt 0.047217 0.280077
vt 0.047547 0.279678
vt -0.231401 0.192083
vt -0.231911 0.192171
vt -0.220874 0.256227
vt -0.220364 0.256139
vt -0.297960 -0.068163
vt -0.298343 -0.068511
vt -0.342068 -0.020416
vt -0.341685 -0.020068
vt -0.229813 -0.099537
vt -0.230070 -0.099987
vt -0.286482 -0.067696
vt -0.286225 -0.067246
vt -0.170217 -0.009146
vt -0.170439 -0.009614
vt -0.229210 0.018152
vt -0.228989 0.018620
vt -0.105135 0.122843
vt -0.105374 0.122384
vt -0.163019 0.152418
vt -0.162780 0.152877
vt 0.002846 0.238620
vt 0.002516 0.238221
vt -0.047547 0.279678
vt -0.047217 0.280077
vt 0.266984 -0.060742
vt 0.266468 -0.060784
vt 0.266000 -0.060563
vt 0.265706 -0.060137
vt 0.265664 -0.059621
vt 0.265885 -0.059153
vt 0.266311 -0.058859
vt 0.266827 -0.058817
vt 0.267295 -0.059038
vt 0.267589 -0.059464
vt 0.267631 -0.059980
vt 0.267410 -0.060448
vt -0.267410 -0.060448
vt -0.267631 -0.059980
vt -0.267589 -0.059464
vt -0.267295 -0.059038
vt -0.266827 -0.058817
vt -0.266311 -0.058859
vt -0.265885 -0.059153
vt -0.265664 -0.059621
vt -0.265706 -0.060137
vt -0.266000 -0.060563
vt -0.266468 -0.060784
vt -0.266984 -0.060742
vt 0.233611 0.191449
vt 0.233101 0.191361
vt 0.221894 0.256403
vt 0.222404 0.256491
vt 0.300810 -0.072105
vt 0.300427 -0.071757
vt 0.344825 -0.022922
vt 0.345208 -0.023270
vt 0.232082 -0.105513
vt 0.231824 -0.105064
vt 0.289104 -0.072276
vt 0.289361 -0.072725
vt 0.172010 -0.015281
vt 0.171789 -0.014813
vt 0.231465 0.013380
vt 0.231686 0.012911
vt 0.106448 0.118159
vt 0.106208 0.118618
vt 0.164740 0.149115
vt 0.164979 0.148656
vt -0.002296 0.236387
vt -0.002626 0.236786
vt 0.048207 0.278881
vt 0.048538 0.278482
vt -0.233102 0.191361
vt -0.233612 0.191449
vt -0.222404 0.256491
vt -0.221894 0.256403
vt -0.300427 -0.071757
vt -0.300810 -0.072105
vt -0.345208 -0.023270
vt -0.344824 -0.022922
vt -0.231824 -0.105064
vt -0.232082 -0.105513
vt -0.289361 -0.072725
vt -0.289104 -0.072276
vt -0.171789 -0.014813
vt -0.172010 -0.015281
vt -0.231686 0.012911
vt -0.231465 0.013380
vt -0.106208 0.118618
vt -0.106448 0.118159
vt -0.164979 0.148656
vt -0.164740 0.149115
vt 0.002626 0.236786
vt 0.002296 0.236387
vt -0.048538 0.278482
vt -0.048207 0.278881
vt 0.269002 -0.066393
vt 0.268486 -0.066435
vt 0.268018 -0.066213
vt 0.267724 -0.065787
vt 0.267682 -0.065272
vt 0.267903 -0.064804
vt 0.268329 -0.064509
vt 0.268845 -0.064467
vt 0.269313 -0.064689
vt 0.269607 -0.065115
vt 0.269649 -0.065631
vt 0.269428 -0.066099
vt -0.269428 -0.066098
vt -0.269649 -0.065631
vt -0.269607 -0.065115
vt -0.269313 -0.064689
vt -0.268845 -0.064467
vt -0.268329 -0.064509
vt -0.267903 -0.064804
vt -0.267682 -0.065271
vt -0.267724 -0.065787
vt -0.268018 -0.066213
vt -0.268486 -0.066435
vt -0.269002 -0.066393
vt 0.236672 0.191977
vt 0.236162 0.191889
vt 0.224955 0.256930
vt 0.225465 0.257018
vt 0.307088 -0.077813
vt 0.306705 -0.077465
vt 0.351103 -0.028630
vt 0.351486 -0.028978
vt 0.237840 -0.115573
vt 0.237583 -0.115124
vt 0.294862 -0.082336
vt 0.295119 -0.082785
vt 0.176961 -0.025761
vt 0.176740 -0.025293
vt 0.236416 0.002899
vt 0.236637 0.002431
vt 0.110368 0.110634
vt 0.110129 0.111093
vt 0.168661 0.141590
vt 0.168900 0.141131
vt -0.000315 0.233995
vt -0.000645 0.234394
vt 0.050188 0.276489
vt 0.050519 0.276090
vt -0.236162 0.191888
vt -0.236672 0.191976
vt -0.225465 0.257018
vt -0.224955 0.256930
vt -0.306705 -0.077465
vt -0.307088 -0.077813
vt -0.351486 -0.028978
vt -0.351103 -0.028630
vt -0.237583 -0.115124
vt -0.237840 -0.115573
vt -0.295119 -0.082785
vt -0.294862 -0.082336
vt -0.176740 -0.025293
vt -0.176961 -0.025761
vt -0.236637 0.002431
vt -0.236416 0.002899
vt -0.110129 0.111093
vt -0.110368 0.110634
vt -0.168900 0.141131
vt -0.168661 0.141590
vt 0.000645 0.234394
vt 0.000315 0.233995
vt -0.050518 0.276090
vt -0.050188 0.276489
vt 0.273038 -0.077694
vt 0.272522 -0.077736
vt 0.272054 -0.077514
vt 0.271760 -0.077088
vt 0.271718 -0.076572
vt 0.271939 -0.076105
vt 0.272365 -0.075810
vt 0.272881 -0.075768
vt 0.273349 -0.075990
vt 0.273643 -0.076416
vt 0.273685 -0.076932
vt 0.273464 -0.077399
vt -0.273464 -0.077399
vt -0.273685 -0.076932
vt -0.273643 -0.076416
vt -0.273349 -0.075990
vt -0.272881 -0.075768
vt -0.272365 -0.075810
vt -0.271939 -0.076105
vt -0.271718 -0.076572
vt -0.271760 -0.077088
vt -0.272054 -0.077514
vt -0.272522 -0.077736
vt -0.273038 -0.077694
vt 0.238288 0.193270
vt 0.237778 0.193182
vt 0.226740 0.257238
vt 0.227250 0.257326
vt 0.311424 -0.080403
vt 0.311040 -0.080055
vt 0.354765 -0.031960
vt 0.355148 -0.032308
vt 0.242067 -0.120944
vt 0.241810 -0.120495
vt 0.298221 -0.088204
vt 0.298478 -0.088653
vt 0.180754 -0.031448
vt 0.180533 -0.030980
vt 0.239304 -0.003214
vt 0.239525 -0.003683
vt 0.113542 0.106706
vt 0.113303 0.107166
vt 0.170948 0.137200
vt 0.171187 0.136741
vt 0.001611 0.233237
vt 0.001281 0.233636
vt 0.051344 0.275093
vt 0.051674 0.274695
vt -0.237778 0.193182
vt -0.238288 0.193270
vt -0.227251 0.257326
vt -0.226740 0.257238
vt -0.311040 -0.080055
vt -0.311424 -0.080403
vt -0.355148 -0.032308
vt -0.354766 -0.031960
vt -0.241810 -0.120495
vt -0.242067 -0.120944
vt -0.298478 -0.088653
vt -0.298221 -0.088204
vt -0.180533 -0.030980
vt -0.180754 -0.031448
vt -0.239525 -0.003683
vt -0.239304 -0.003214
vt -0.113303 0.107166
vt -0.113542 0.106706
vt -0.171187 0.136741
vt -0.170948 0.137200
vt -0.001281 0.233636
vt -0.001611 0.233237
vt -0.051674 0.274695
vt -0.051344 0.275093
vt 0.275392 -0.084286
vt 0.274876 -0.084328
vt 0.274408 -0.084106
vt 0.274114 -0.083680
vt 0.274072 -0.083164
vt 0.274294 -0.082697
vt 0.274720 -0.082402
vt 0.275236 -0.082360
vt 0.275703 -0.082582
vt 0.275998 -0.083008
vt 0.276040 -0.083524
vt 0.275818 -0.083991
vt -0.275818 -0.083991
vt -0.276040 -0.083524
vt -0.275998 -0.083008
vt -0.275703 -0.082582
vt -0.275236 -0.082360
vt -0.274720 -0.082402
vt -0.274294 -0.082697
vt -0.274072 -0.083164
vt -0.274114 -0.083680
vt -0.274408 -0.084106
vt -0.274876 -0.084328
vt -0.275392 -0.084286
vt 0.239988 0.192548
vt 0.239478 0.192460
vt 0.228271 0.257502
vt 0.228781 0.257589
vt 0.313890 -0.083997
vt 0.313507 -0.083649
vt 0.357905 -0.034814
vt 0.358288 -0.035162
vt 0.244078 -0.126471
vt 0.243821 -0.126022
vt 0.301100 -0.093234
vt 0.301358 -0.093683
vt 0.182325 -0.037115
vt 0.182104 -0.036647
vt 0.241780 -0.008455
vt 0.242001 -0.008923
vt 0.114616 0.102482
vt 0.114377 0.102941
vt 0.172908 0.133437
vt 0.173148 0.132978
vt 0.001831 0.231403
vt 0.001501 0.231802
vt 0.052334 0.273897
vt 0.052664 0.273499
vt -0.239478 0.192460
vt -0.239988 0.192548
vt -0.228781 0.257589
vt -0.228271 0.257501
vt -0.313507 -0.083649
vt -0.313890 -0.083997
vt -0.358288 -0.035162
vt -0.357905 -0.034814
vt -0.243821 -0.126022
vt -0.244078 -0.126471
vt -0.301358 -0.093683
vt -0.301100 -0.093234
vt -0.182104 -0.036647
vt -0.182325 -0.037115
vt -0.242001 -0.008923
vt -0.241780 -0.008455
vt -0.114377 0.102941
vt -0.114616 0.102482
vt -0.173148 0.132978
vt -0.172908 0.133437
vt -0.001501 0.231802
vt -0.001831 0.231404
vt -0.052664 0.273499
vt -0.052334 0.273897
vt 0.277410 -0.089936
vt 0.276894 -0.089978
vt 0.276426 -0.089757
vt 0.276132 -0.089331
vt 0.276090 -0.088815
vt 0.276312 -0.088347
vt 0.276738 -0.088053
vt 0.277254 -0.088011
vt 0.277721 -0.088233
vt 0.278016 -0.088658
vt 0.278058 -0.089174
vt 0.277836 -0.089642
vt -0.277836 -0.089642
vt -0.278058 -0.089174
vt -0.278016 -0.088658
vt -0.277721 -0.088232
vt -0.277253 -0.088011
vt -0.276738 -0.088053
vt -0.276312 -0.088347
vt -0.276090 -0.088815
vt -0.276132 -0.089331
vt -0.276426 -0.089757
vt -0.276894 -0.089978
vt -0.277410 -0.089936
vt 0.241349 0.193797
vt 0.240838 0.193709
vt 0.229801 0.257765
vt 0.230311 0.257853
vt 0.317702 -0.086111
vt 0.317319 -0.085763
vt 0.361044 -0.037668
vt 0.361427 -0.038016
vt 0.247825 -0.131004
vt 0.247568 -0.130555
vt 0.303979 -0.098264
vt 0.304237 -0.098713
vt 0.185705 -0.041928
vt 0.185484 -0.041460
vt 0.244255 -0.013695
vt 0.244476 -0.014163
vt 0.117463 0.099181
vt 0.117224 0.099640
vt 0.174869 0.129675
vt 0.175108 0.129216
vt 0.003592 0.230845
vt 0.003262 0.231244
vt 0.053325 0.272701
vt 0.053655 0.272302
vt -0.240838 0.193709
vt -0.241349 0.193797
vt -0.230311 0.257853
vt -0.229801 0.257765
vt -0.317319 -0.085763
vt -0.317702 -0.086111
vt -0.361427 -0.038016
vt -0.361044 -0.037668
vt -0.247568 -0.130554
vt -0.247825 -0.131004
vt -0.304237 -0.098713
vt -0.303980 -0.098264
vt -0.185484 -0.041460
vt -0.185705 -0.041928
vt -0.244476 -0.014163
vt -0.244255 -0.013695
vt -0.117224 0.099640
vt -0.117463 0.099181
vt -0.175108 0.129216
vt -0.174869 0.129675
vt -0.003262 0.231244
vt -0.003592 0.230845
vt -0.053655 0.272302
vt -0.053325 0.272701
vt 0.279428 -0.095587
vt 0.278912 -0.095629
vt 0.278444 -0.095407
vt 0.278150 -0.094981
vt 0.278108 -0.094465
vt 0.278330 -0.093998
vt 0.278756 -0.093703
vt 0.279272 -0.093661
vt 0.279739 -0.093883
vt 0.280034 -0.094309
vt 0.280076 -0.094825
vt 0.279854 -0.095292
vt -0.279854 -0.095292
vt -0.280076 -0.094825
vt -0.280034 -0.094309
vt -0.279739 -0.093883
vt -0.279272 -0.093661
vt -0.278756 -0.093703
vt -0.278330 -0.093998
vt -0.278108 -0.094465
vt -0.278150 -0.094981
vt -0.278444 -0.095407
vt -0.278912 -0.095629
vt -0.279428 -0.095587
vt 0.243049 0.193075
vt 0.242538 0.192987
vt 0.231331 0.258029
vt 0.231841 0.258117
vt 0.320168 -0.089705
vt 0.319786 -0.089357
vt 0.364183 -0.040522
vt 0.364566 -0.040870
vt 0.249836 -0.136530
vt 0.249579 -0.136081
vt 0.306859 -0.103293
vt 0.307116 -0.103743
vt 0.187276 -0.047596
vt 0.187055 -0.047128
vt 0.246731 -0.018935
vt 0.246952 -0.019403
vt 0.118537 0.094957
vt 0.118298 0.095416
vt 0.176829 0.125912
vt 0.177068 0.125453
vt 0.003812 0.229011
vt 0.003482 0.229410
vt 0.054315 0.271505
vt 0.054645 0.271106
vt -0.242539 0.192987
vt -0.243049 0.193075
vt -0.231842 0.258117
vt -0.231331 0.258029
vt -0.319785 -0.089357
vt -0.320168 -0.089705
vt -0.364566 -0.040870
vt -0.364183 -0.040522
vt -0.249579 -0.136081
vt -0.249836 -0.136530
vt -0.307116 -0.103743
vt -0.306859 -0.103293
vt -0.187055 -0.047128
vt -0.187276 -0.047596
vt -0.246952 -0.019403
vt -0.246731 -0.018935
vt -0.118298 0.095416
vt -0.118537 0.094957
vt -0.177068 0.125453
vt -0.176829 0.125912
vt -0.003482 0.229410
vt -0.003812 0.229012
vt -0.054645 0.271106
vt -0.054315 0.271505
vt 0.281446 -0.101237
vt 0.280930 -0.101279
vt 0.280463 -0.101058
vt 0.280168 -0.100632
vt 0.280126 -0.100116
vt 0.280348 -0.099648
vt 0.280774 -0.099354
vt 0.281290 -0.099312
vt 0.281757 -0.099533
vt 0.282052 -0.099959
vt 0.282094 -0.100475
vt 0.281872 -0.100943
vt -0.281872 -0.100943
vt -0.282094 -0.100475
vt -0.282052 -0.099959
vt -0.281757 -0.099533
vt -0.281289 -0.099312
vt -0.280774 -0.099354
vt -0.280348 -0.099648
vt -0.280126 -0.100116
vt -0.280168 -0.100632
vt -0.280463 -0.101058
vt -0.280930 -0.101279
vt -0.281446 -0.101237
vt 0.026986 0.046056
vt 0.027309 0.045064
vt -0.131674 -0.006773
vt -0.131997 -0.005782
vt 0.014056 0.083395
vt 0.014389 0.082407
vt -0.144089 0.029044
vt -0.144422 0.030033
vt -0.004728 0.101875
vt -0.004276 0.100935
vt -0.154943 0.028394
vt -0.155395 0.029334
vt -0.053417 0.080672
vt -0.052533 0.080117
vt -0.141425 -0.061519
vt -0.142309 -0.060965
vt -0.069982 -0.013087
vt -0.069241 -0.012353
vt 0.048403 -0.131192
vt 0.047662 -0.131925
vt -0.042263 0.002712
vt -0.041854 0.003671
vt 0.111937 -0.061988
vt 0.111528 -0.062947
vt -0.027309 0.045064
vt -0.026986 0.046056
vt 0.131997 -0.005782
vt 0.131674 -0.006773
vt -0.014389 0.082407
vt -0.014056 0.083395
vt 0.144422 0.030033
vt 0.144089 0.029044
vt 0.004276 0.100935
vt 0.004728 0.101875
vt 0.155395 0.029334
vt 0.154943 0.028394
vt 0.052533 0.080117
vt 0.053417 0.080672
vt 0.142309 -0.060965
vt 0.141425 -0.061519
vt 0.069241 -0.012353
vt 0.069982 -0.013087
vt -0.047662 -0.131925
vt -0.048403 -0.131192
vt 0.041854 0.003671
vt 0.042263 0.002712
vt -0.111528 -0.062947
vt -0.111937 -0.061988
vt 0.080633 0.052656
vt 0.080842 0.051634
vt 0.080513 0.050645
vt 0.079732 0.049953
vt 0.078711 0.049744
vt 0.077721 0.050074
vt 0.077029 0.050854
vt 0.076820 0.051876
vt 0.077150 0.052865
vt 0.077930 0.053557
vt 0.078952 0.053766
vt 0.079941 0.053436
vt -0.079941 0.053436
vt -0.078952 0.053766
vt -0.077930 0.053557
vt -0.077150 0.052865
vt -0.076820 0.051876
vt -0.077029 0.050854
vt -0.077721 0.050074
vt -0.078710 0.049744
vt -0.079732 0.049953
vt -0.080512 0.050645
vt -0.080842 0.051634
vt -0.080633 0.052656
vt -0.184783 0.175366
vt -0.095318 0.143414
vt -0.127606 0.053007
vt -0.217072 0.084959
vt -0.000465 0.238075
vt -0.002790 0.241330
vt 0.074515 0.296548
vt 0.076840 0.293293
vt -0.127606 0.053007
vt -0.160231 -0.038342
vt -0.249696 -0.006390
vt -0.217072 0.084959
vt 0.249696 -0.006390
vt 0.160231 -0.038342
vt 0.127606 0.053007
vt 0.217072 0.084959
vt -0.213768 0.006261
vt -0.217346 0.008050
vt -0.173966 0.094809
vt -0.170388 0.093020
vt 0.173966 0.094809
vt 0.217346 0.008050
vt 0.213768 0.006261
vt 0.170388 0.093020
vt 0.127456 0.178885
vt 0.131034 0.180674
vt 0.173966 0.094809
vt 0.170388 0.093020
vt 0.095318 0.143414
vt 0.184783 0.175366
vt 0.217072 0.084959
vt 0.127606 0.053007
vt -0.131034 0.180674
vt -0.127456 0.178885
vt -0.170388 0.093020
vt -0.173966 0.094809
vt -0.074515 0.296548
vt 0.002790 0.241330
vt 0.000465 0.238075
vt -0.076840 0.293293
vt -0.026100 0.258853
vt -0.033755 0.269360
vt -0.006338 0.252906
vt 0.001319 0.242400
vt 0.215421 0.248110
vt 0.193161 0.237934
vt 0.023850 0.325260
vt -0.139333 0.054088
vt -0.203052 0.104097
vt -0.091367 0.247782
vt 0.094139 0.248472
vt 0.207604 0.096968
vt 0.143075 0.048009
vt 0.031957 0.296433
vt 0.025053 0.307448
vt 0.056243 0.299472
vt 0.063133 0.288448
vt -0.004534 0.252374
vt 0.061379 0.299454
vt 0.068935 0.288875
vt 0.003022 0.241795
vt -0.025053 0.307448
vt -0.031957 0.296433
vt -0.063133 0.288448
vt -0.056243 0.299472
vt -0.096919 0.242248
vt -0.031867 0.193986
vt -0.136027 0.046573
vt 0.139132 0.040426
vt 0.033356 0.195635
vt 0.099161 0.242867
vt -0.134819 0.262716
vt -0.122838 0.242123
vt -0.124523 0.229233
vt 0.078018 0.266425
vt 0.095437 0.240250
vt 0.031251 0.190842
vt 0.114285 0.225728
vt 0.097318 0.207741
vt 0.097793 0.220733
vt -0.079629 0.273487
vt -0.032901 0.196003
vt -0.098653 0.243307
vt 0.060088 0.276228
vt 0.051308 0.285816
vt 0.082311 0.276955
vt 0.091084 0.267361
vt -0.051308 0.285816
vt -0.060088 0.276228
vt -0.091084 0.267361
vt -0.082311 0.276955
vt -0.092563 0.273477
vt -0.019852 0.237782
vt -0.039094 0.200481
vt 0.037952 0.197157
vt 0.020447 0.230526
vt 0.092669 0.267200
vt -0.145708 0.226753
vt -0.140114 0.201610
vt -0.144121 0.189242
vt 0.100217 0.360971
vt 0.114332 0.315600
vt 0.037051 0.291341
vt 0.144629 0.192760
vt 0.136817 0.168657
vt 0.134045 0.181358
vt -0.099651 0.362466
vt -0.037212 0.291173
vt -0.114504 0.315403
vt 0.074876 0.231855
vt 0.066238 0.241571
vt 0.096824 0.231104
vt 0.105458 0.221386
vt -0.066238 0.241571
vt -0.074876 0.231856
vt -0.105458 0.221386
vt -0.096824 0.231104
vt -0.103850 0.363287
vt -0.025667 0.342108
vt -0.039960 0.293292
vt 0.039507 0.293926
vt 0.025933 0.341038
vt 0.104113 0.362223
vt -0.149135 0.285616
vt -0.154259 0.258361
vt -0.162281 0.248132
vt 0.095703 0.430763
vt 0.109674 0.376873
vt 0.030945 0.357824
vt 0.156328 0.217430
vt 0.156924 0.190753
vt 0.150838 0.202241
vt -0.095550 0.431072
vt -0.031188 0.356678
vt -0.109915 0.375734
vt -0.157849 0.144269
vt -0.151844 0.155800
vt -0.080001 0.118388
vt -0.086006 0.106858
vt -0.095979 0.431087
vt -0.017867 0.409651
vt -0.031514 0.356782
vt 0.031244 0.357965
vt 0.017990 0.409386
vt 0.096105 0.430812
vt 0.062319 0.430965
vt 0.083268 0.410089
vt 0.053420 0.361328
vt -0.147815 0.368198
vt -0.161393 0.341049
vt -0.171948 0.333460
vt -0.050756 0.436873
vt -0.043789 0.368517
vt -0.072817 0.416022
vt 0.097183 0.402697
vt 0.109726 0.396764
vt 0.082039 0.342386
vt 0.070264 0.349724
vt 0.010911 0.364040
vt -0.010235 0.348658
vt -0.041804 0.384172
vt 0.000678 0.373135
vt 0.063223 0.386372
vt 0.021617 0.357472
vt 0.040599 0.312419
vt 0.072105 0.352162
vt 0.083882 0.344825
vt 0.038283 0.392790
vt 0.056905 0.372965
vt 0.023957 0.336222
vt -0.051510 0.400850
vt -0.028075 0.352292
vt -0.069927 0.380835
vt 0.085801 0.343047
vt 0.053240 0.301642
vt 0.042594 0.310540
vt 0.019773 0.365169
vt -0.000423 0.349024
vt -0.028950 0.362244
vt 0.005048 0.363915
vt 0.062329 0.350997
vt 0.024025 0.346353
vt 0.013513 0.295669
vt 0.043634 0.310463
vt 0.054273 0.301555
vt 0.022139 0.370515
vt 0.039129 0.352426
vt 0.007024 0.336870
vt -0.048408 0.372245
vt -0.025966 0.348789
vt -0.064300 0.353185
vt 0.055308 0.296665
vt 0.021666 0.278829
vt 0.014554 0.290743
vt 0.222704 0.245389
vt 0.196723 0.238046
vt 0.034217 0.335101
vt -0.220178 0.241680
vt -0.025913 0.322812
vt -0.194351 0.233812
vt -0.165596 0.196800
vt 0.014560 0.288226
vt 0.021570 0.276252
vt 0.174803 0.235315
vt 0.159454 0.217505
vt 0.157769 0.230396
vt -0.207647 0.248501
vt -0.028538 0.329452
vt -0.186278 0.238695
vt -0.147862 0.187917
vt -0.160497 0.193653
vt 0.026473 0.273567
vt 0.153239 0.207991
vt 0.150467 0.235469
vt 0.157570 0.223550
vt -0.043953 0.437567
vt -0.014860 0.385756
vt -0.036975 0.369212
vt 0.045948 0.362283
vt 0.024940 0.378735
vt 0.054859 0.431918
vt -0.165706 0.369293
vt -0.150419 0.394610
vt -0.138462 0.401649
vt -0.159812 0.285920
vt -0.151421 0.311445
vt -0.141549 0.321195
vt 0.003163 0.366727
vt 0.046730 0.398750
vt 0.065749 0.379771
vt -0.044674 0.378329
vt -0.024396 0.397247
vt 0.008076 0.358290
vt 0.136797 0.177900
vt 0.143843 0.203257
vt 0.146907 0.189725
vt -0.042326 0.403717
vt 0.001069 0.371463
vt -0.019398 0.354918
vt 0.015626 0.338008
vt -0.003944 0.354102
vt 0.029687 0.394643
vt -0.150023 0.210042
vt -0.152202 0.234762
vt -0.146528 0.247423
vt 0.000482 0.366400
vt 0.041195 0.372599
vt 0.057938 0.354283
vt -0.028248 0.359283
vt -0.009589 0.377041
vt 0.020479 0.362138
vt 0.098608 0.215230
vt 0.116117 0.234137
vt 0.115077 0.220301
vt -0.039946 0.372688
vt 0.000736 0.366286
vt -0.018088 0.348688
vt -0.001082 0.338179
vt -0.020043 0.354050
vt 0.013509 0.372054
vt -0.130656 0.230854
vt -0.141229 0.251108
vt -0.139180 0.264831
vt -0.201127 0.276651
vt -0.014321 0.356947
vt -0.000072 0.339087
vt 0.008984 0.346656
vt 0.024321 0.364887
vt 0.204482 0.273472
vt -0.000304 0.338837
vt 0.010320 0.358587
vt 0.197189 0.278440
vt -0.189013 0.272281
vt -0.014609 0.357789
vt -0.003819 0.338129
vt 0.154285 0.228278
vt 0.169606 0.247365
vt 0.171203 0.233581
vt 0.090720 0.380864
vt 0.122078 0.372615
vt 0.104087 0.322654
vt -0.067693 0.172709
vt -0.075533 0.162339
vt -0.105114 0.149061
vt -0.097274 0.159431
vt -0.101572 0.377188
vt -0.114399 0.317608
vt -0.132938 0.368966
vt -0.105785 0.385256
vt -0.094259 0.391267
vt -0.068514 0.344824
vt -0.079270 0.337524
vt -0.058475 0.269076
vt -0.089461 0.260173
vt -0.114724 0.304322
vt 0.058929 0.286584
vt 0.104176 0.327633
vt 0.090045 0.278149
vt -0.047301 0.297515
vt -0.079220 0.337119
vt -0.068466 0.344424
vt 0.073106 0.318045
vt 0.104227 0.309296
vt 0.080087 0.266622
vt -0.072866 0.336000
vt -0.090253 0.278153
vt -0.104113 0.327714
vt -0.068884 0.343909
vt -0.038247 0.305631
vt -0.047898 0.296921
vt 0.047307 0.229241
vt 0.077821 0.218822
vt 0.047871 0.195956
vt -0.048536 0.265962
vt -0.057497 0.223668
vt -0.079442 0.256769
vt -0.038193 0.301998
vt -0.004911 0.284329
vt -0.011143 0.272920
vt -0.024010 0.200511
vt -0.054438 0.190030
vt -0.087432 0.215972
vt 0.026285 0.233775
vt 0.079211 0.257428
vt 0.057085 0.224448
vt -0.010505 0.274483
vt -0.047285 0.294704
vt -0.037670 0.303454
vt 0.130330 0.093191
vt 0.100612 0.081386
vt -0.051091 0.179192
vt -0.128144 0.100424
vt 0.045214 0.197915
vt -0.098269 0.089024
vt 0.154950 0.196051
vt -0.009530 0.270390
vt -0.003420 0.281864
vt 0.016041 0.193298
vt 0.046242 0.182150
vt -0.107155 0.073763
vt -0.016624 0.201189
vt 0.093636 0.077772
vt -0.046949 0.190381
vt -0.003819 0.279588
vt 0.165906 0.199140
vt 0.154292 0.193299
vt -0.102155 0.375971
vt -0.083332 0.324716
vt -0.114541 0.316298
vt 0.104168 0.321398
vt 0.072963 0.329839
vt 0.091221 0.379703
vt 0.059067 0.285259
vt 0.072886 0.334831
vt 0.104125 0.326516
vt -0.114685 0.302432
vt -0.083575 0.311213
vt -0.058625 0.266888
vt -0.072995 0.334920
vt -0.058899 0.285426
vt -0.090007 0.276962
vt 0.079775 0.265698
vt 0.048796 0.274643
vt 0.073189 0.317173
vt -0.048306 0.265180
vt -0.026181 0.232199
vt -0.056967 0.222824
vt 0.047376 0.195561
vt 0.016980 0.206167
vt 0.047069 0.228849
vt 0.026546 0.231241
vt 0.048486 0.264345
vt 0.079378 0.255105
vt -0.087575 0.212573
vt -0.057068 0.222998
vt -0.024209 0.196884
vt -0.124220 0.086811
vt 0.016485 0.199270
vt 0.046780 0.188381
vt -0.052593 0.169230
vt -0.022475 0.180570
vt 0.126842 0.079158
vt -0.015054 0.207625
vt 0.128581 0.098934
vt 0.098737 0.087455
vt -0.112204 0.084866
vt -0.141915 0.096683
vt 0.014478 0.200700
vt -0.166137 -0.191686
vt -0.167231 -0.194053
vt -0.170888 -0.192362
vt -0.169794 -0.189995
vt -0.197222 -0.231072
vt -0.198409 -0.233393
vt -0.201997 -0.231559
vt -0.200810 -0.229237
vt -0.223990 -0.162816
vt -0.225640 -0.164834
vt -0.228759 -0.162284
vt -0.227109 -0.160266
vt -0.177154 0.042341
vt -0.179727 0.041920
vt -0.180378 0.045896
vt -0.177805 0.046317
vt 0.031585 0.066903
vt 0.029686 0.068689
vt 0.032446 0.071625
vt 0.034345 0.069839
vt 0.124243 -0.078203
vt 0.122972 -0.075926
vt 0.126491 -0.073963
vt 0.127761 -0.076239
vt 0.167231 -0.194053
vt 0.166137 -0.191686
vt 0.169794 -0.189995
vt 0.170888 -0.192362
vt 0.198409 -0.233393
vt 0.197222 -0.231072
vt 0.200810 -0.229237
vt 0.201997 -0.231559
vt 0.225640 -0.164834
vt 0.223990 -0.162816
vt 0.227109 -0.160266
vt 0.228759 -0.162284
vt 0.179727 0.041920
vt 0.177154 0.042340
vt 0.177805 0.046317
vt 0.180378 0.045896
vt -0.029686 0.068689
vt -0.031585 0.066903
vt -0.034345 0.069839
vt -0.032446 0.071625
vt -0.122972 -0.075926
vt -0.124243 -0.078203
vt -0.127761 -0.076239
vt -0.126491 -0.073963
vt -0.090193 0.068426
vt -0.091307 0.066069
vt -0.094950 0.067790
vt -0.093836 0.070148
vt -0.079671 0.086834
vt -0.080876 0.084522
vt -0.084450 0.086384
vt -0.083245 0.088696
vt -0.055585 0.106566
vt -0.057247 0.104558
vt -0.060351 0.107128
vt -0.058688 0.109136
vt 0.021507 0.116118
vt 0.018938 0.115675
vt 0.018253 0.119646
vt 0.020823 0.120089
vt 0.092712 0.065429
vt 0.090783 0.067183
vt 0.093494 0.070165
vt 0.095423 0.068411
vt 0.097147 0.053279
vt 0.095851 0.055542
vt 0.099348 0.057544
vt 0.100644 0.055281
vt 0.091307 0.066069
vt 0.090193 0.068426
vt 0.093836 0.070148
vt 0.094950 0.067790
vt 0.080876 0.084522
vt 0.079671 0.086834
vt 0.083245 0.088696
vt 0.084450 0.086384
vt 0.057247 0.104558
vt 0.055585 0.106566
vt 0.058688 0.109136
vt 0.060351 0.107128
vt -0.018938 0.115675
vt -0.021507 0.116118
vt -0.020823 0.120089
vt -0.018253 0.119646
vt -0.090783 0.067183
vt -0.092712 0.065429
vt -0.095423 0.068411
vt -0.093494 0.070165
vt -0.095851 0.055542
vt -0.097147 0.053279
vt -0.100644 0.055281
vt -0.099348 0.057544
vt 0.042433 0.026874
vt 0.042645 0.024276
vt 0.041529 0.021919
vt 0.039384 0.020437
vt 0.036785 0.020225
vt 0.034429 0.021341
vt 0.032947 0.023486
vt 0.032735 0.026085
vt 0.033851 0.028441
vt 0.035996 0.029924
vt 0.038595 0.030135
vt 0.040951 0.029019
vt -0.040951 0.029019
vt -0.038594 0.030135
vt -0.035996 0.029924
vt -0.033851 0.028441
vt -0.032735 0.026085
vt -0.032947 0.023486
vt -0.034429 0.021341
vt -0.036785 0.020225
vt -0.039384 0.020437
vt -0.041529 0.021919
vt -0.042645 0.024276
vt -0.042433 0.026874
s 1
usemtl mat10
f 4/1/1 3/2/1 2/3/1 1/4/1
f 3/5/2 6/6/2 5/7/2 2/8/2
f 6/9/3 8/10/3 7/11/3 5/12/3
f 8/13/4 10/14/4 9/15/4 7/16/4
f 10/17/5 12/18/5 11/19/5 9/20/5
f 12/21/6 14/22/6 13/23/6 11/24/6
f 14/25/7 16/26/7 15/27/7 13/28/7
f 16/29/8 18/30/8 17/31/8 15/32/8
f 18/33/9 20/34/9 19/35/9 17/36/9
f 20/37/10 22/38/10 21/39/10 19/40/10
f 22/41/11 24/42/11 23/43/11 21/44/11
f 24/45/12 4/46/12 1/47/12 23/48/12
f 1/49/13 2/50/13 5/51/13 7/52/13 9/53/13 11/54/13 13/55/13 15/56/13 17/57/13 19/58/13 21/59/13 23/60/13
f 24/61/14 22/62/14 20/63/14 18/64/14 16/65/14 14/66/14 12/67/14 10/68/14 8/69/14 6/70/14 3/71/14 4/72/14
f 28/73/15 27/74/15 26/75/15 25/76/15
f 27/77/16 30/78/16 29/79/16 26/80/16
f 30/81/3 32/82/3 31/83/3 29/84/3
f 32/85/17 34/86/17 33/87/17 31/88/17
f 34/89/18 36/90/18 35/91/18 33/92/18
f 36/93/19 38/94/19 37/95/19 35/96/19
f 38/97/20 40/98/20 39/99/20 37/100/20
f 40/101/21 42/102/21 41/103/21 39/104/21
f 42/105/22 44/106/22 43/107/22 41/108/22
f 44/109/23 46/110/23 45/111/23 43/112/23
f 46/113/24 48/114/24 47/115/24 45/116/24
f 48/117/25 28/118/25 25/119/25 47/120/25
f 25/121/13 26/122/13 29/123/13 31/124/13 33/125/13 35/126/13 37/127/13 39/128/13 41/129/13 43/130/13 45/131/13 47/132/13
f 48/133/14 46/134/14 44/135/14 42/136/14 40/137/14 38/138/14 36/139/14 34/140/14 32/141/14 30/142/14 27/143/14 28/144/14
f 52/145/26 51/146/26 50/147/26 49/148/26
f 51/149/27 54/150/27 53/151/27 50/152/27
f 54/153/28 56/154/28 55/155/28 53/156/28
f 56/157/29 58/158/29 57/159/29 55/160/29
f 58/161/30 60/162/30 59/163/30 57/164/30
f 60/165/31 62/166/31 61/167/31 59/168/31
f 62/169/32 64/170/32 63/171/32 61/172/32
f 64/173/33 66/174/33 65/175/33 63/176/33
f 66/177/34 68/178/34 67/179/34 65/180/34
f 68/181/35 70/182/35 69/183/35 67/184/35
f 70/185/36 72/186/36 71/187/36 69/188/36
f 72/189/37 52/190/37 49/191/37 71/192/37
f 49/193/38 50/194/38 53/195/38 55/196/38 57/197/38 59/198/38 61/199/38 63/200/38 65/201/38 67/202/38 69/203/38 71/204/38
f 72/205/39 70/206/39 68/207/39 66/208/39 64/209/39 62/210/39 60/211/39 58/212/39 56/213/39 54/214/39 51/215/39 52/216/39
f 124/385/76 123/386/76 122/387/76 121/388/76
f 123/389/77 126/390/77 125/391/77 122/392/77
f 126/393/78 128/394/78 127/395/78 125/396/78
f 128/397/79 130/398/79 129/399/79 127/400/79
f 130/401/80 132/402/80 131/403/80 129/404/80
f 132/405/81 134/406/81 133/407/81 131/408/81
f 134/409/82 136/410/82 135/411/82 133/412/82
f 136/413/83 138/414/83 137/415/83 135/416/83
f 138/417/84 140/418/84 139/419/84 137/420/84
f 140/421/85 142/422/85 141/423/85 139/424/85
f 142/425/86 144/426/86 143/427/86 141/428/86
f 144/429/87 124/430/87 121/431/87 143/432/87
f 121/433/88 122/434/88 125/435/88 127/436/88 129/437/88 131/438/88 133/439/88 135/440/88 137/441/88 139/442/88 141/443/88 143/444/88
f 144/445/89 142/446/89 140/447/89 138/448/89 136/449/89 134/450/89 132/451/89 130/452/89 128/453/89 126/454/89 123/455/89 124/456/89
f 148/457/26 147/458/26 146/459/26 145/460/26
f 147/461/27 150/462/27 149/463/27 146/464/27
f 150/465/28 152/466/28 151/467/28 149/468/28
f 152/469/29 154/470/29 153/471/29 151/472/29
f 154/473/30 156/474/30 155/475/30 153/476/30
f 156/477/31 158/478/31 157/479/31 155/480/31
f 158/481/32 160/482/32 159/483/32 157/484/32
f 160/485/33 162/486/33 161/487/33 159/488/33
f 162/489/34 164/490/34 163/491/34 161/492/34
f 164/493/35 166/494/35 165/495/35 163/496/35
f 166/497/36 168/498/36 167/499/36 165/500/36
f 168/501/37 148/502/37 145/503/37 167/504/37
f 145/193/38 146/505/38 149/506/38 151/196/38 153/507/38 155/508/38 157/199/38 159/509/38 161/201/38 163/510/38 165/511/38 167/512/38
f 168/513/39 166/514/39 164/515/39 162/516/39 160/517/39 158/518/39 156/519/39 154/520/39 152/521/39 150/522/39 147/523/39 148/524/39
f 172/525/90 171/526/90 170/527/90 169/528/90
f 171/529/91 174/530/91 173/531/91 170/532/91
f 174/533/92 176/534/92 175/535/92 173/536/92
f 176/537/93 178/538/93 177/539/93 175/540/93
f 178/541/94 180/542/94 179/543/94 177/544/94
f 180/545/95 182/546/95 181/547/95 179/548/95
f 182/549/96 184/550/96 183/551/96 181/552/96
f 184/553/97 186/554/97 185/555/97 183/556/97
f 186/557/98 188/558/98 187/559/98 185/560/98
f 188/561/99 190/562/99 189/563/99 187/564/99
f 190/565/100 192/566/100 191/567/100 189/568/100
f 192/569/101 172/570/101 169/571/101 191/572/101
f 169/573/102 170/574/102 173/575/102 175/576/102 177/577/102 179/578/102 181/579/102 183/580/102 185/581/102 187/582/102 189/583/102 191/584/102
f 192/585/103 190/586/103 188/587/103 186/588/103 184/589/103 182/590/103 180/591/103 178/592/103 176/593/103 174/594/103 171/595/103 172/596/103
f 196/597/104 195/598/104 194/599/104 193/600/104
f 195/601/105 198/602/105 197/603/105 194/604/105
f 198/605/106 200/606/106 199/607/106 197/608/106
f 200/609/107 202/610/107 201/611/107 199/612/107
f 202/613/47 204/614/47 203/615/47 201/616/47
f 204/617/108 206/618/108 205/619/108 203/620/108
f 206/621/109 208/622/109 207/623/109 205/624/109
f 208/625/110 210/626/110 209/627/110 207/628/110
f 210/629/111 212/630/111 211/631/111 209/632/111
f 212/633/112 214/634/112 213/635/112 211/636/112
f 214/637/113 216/638/113 215/639/113 213/640/113
f 216/641/114 196/642/114 193/643/114 215/644/114
f 193/645/38 194/646/38 197/647/38 199/648/38 201/649/38 203/650/38 205/651/38 207/652/38 209/653/38 211/654/38 213/655/38 215/656/38
f 216/657/39 214/658/39 212/659/39 210/660/39 208/661/39 206/662/39 204/663/39 202/664/39 200/665/39 198/666/39 195/667/39 196/668/39
f 220/669/115 219/670/115 218/671/115 217/672/115
f 219/673/116 222/674/116 221/675/116 218/676/116
f 222/677/117 224/678/117 223/679/117 221/680/117
f 224/681/118 226/682/118 225/683/118 223/684/118
f 226/685/47 228/686/47 227/687/47 225/688/47
f 228/689/119 230/690/119 229/691/119 227/692/119
f 230/693/120 232/694/120 231/695/120 229/696/120
f 232/697/110 234/698/110 233/699/110 231/700/110
f 234/701/37 236/702/37 235/703/37 233/704/37
f 236/705/26 238/706/26 237/707/26 235/708/26
f 238/709/41 240/710/41 239/711/41 237/712/41
f 240/713/121 220/714/121 217/715/121 239/716/121
f 217/717/38 218/718/38 221/719/38 223/720/38 225/721/38 227/722/38 229/723/38 231/724/38 233/725/38 235/726/38 237/727/38 239/728/38
f 240/729/39 238/730/39 236/731/39 234/732/39 232/733/39 230/734/39 228/735/39 226/736/39 224/737/39 222/738/39 219/739/39 220/740/39
f 244/741/122 243/742/122 242/743/122 241/744/122
f 243/745/116 246/746/116 245/747/116 242/748/116
f 246/749/31 248/750/31 247/751/31 245/752/31
f 248/753/118 250/754/118 249/755/118 247/756/118
f 250/757/123 252/758/123 251/759/123 249/760/123
f 252/761/124 254/762/124 253/763/124 251/764/124
f 254/765/125 256/766/125 255/767/125 253/768/125
f 256/769/126 258/770/126 257/771/126 255/772/126
f 258/773/127 260/774/127 259/775/127 257/776/127
f 260/777/128 262/778/128 261/779/128 259/780/128
f 262/781/129 264/782/129 263/783/129 261/784/129
f 264/785/130 244/786/130 241/787/130 263/788/130
f 241/789/38 242/790/38 245/791/38 247/792/38 249/793/38 251/794/38 253/795/38 255/796/38 257/797/38 259/798/38 261/799/38 263/800/38
f 264/801/39 262/802/39 260/803/39 258/804/39 256/805/39 254/806/39 252/807/39 250/808/39 248/809/39 246/810/39 243/811/39 244/812/39
f 268/813/131 267/814/131 266/815/131 265/816/131
f 267/817/30 270/818/30 269/819/30 266/820/30
f 270/821/106 272/822/106 271/823/106 269/824/106
f 272/825/107 274/826/107 273/827/107 271/828/107
f 274/829/132 276/830/132 275/831/132 273/832/132
f 276/833/124 278/834/124 277/835/124 275/836/124
f 278/837/125 280/838/125 279/839/125 277/840/125
f 280/841/126 282/842/126 281/843/126 279/844/126
f 282/845/111 284/846/111 283/847/111 281/848/111
f 284/849/128 286/850/128 285/851/128 283/852/128
f 286/853/41 288/854/41 287/855/41 285/856/41
f 288/857/133 268/858/133 265/859/133 287/860/133
f 265/861/38 266/862/38 269/863/38 271/864/38 273/865/38 275/866/38 277/867/38 279/868/38 281/869/38 283/870/38 285/871/38 287/872/38
f 288/873/39 286/874/39 284/875/39 282/876/39 280/877/39 278/878/39 276/879/39 274/880/39 272/881/39 270/882/39 267/883/39 268/884/39
f 292/885/29 291/886/29 290/887/29 289/888/29
f 291/889/116 294/890/116 293/891/116 290/892/116
f 294/893/117 296/894/117 295/895/117 293/896/117
f 296/897/134 298/898/134 297/899/134 295/900/134
f 298/901/132 300/902/132 299/903/132 297/904/132
f 300/905/135 302/906/135 301/907/135 299/908/135
f 302/909/120 304/910/120 303/911/120 301/912/120
f 304/913/110 306/914/110 305/915/110 303/916/110
f 306/917/127 308/918/127 307/919/127 305/920/127
f 308/921/128 310/922/128 309/923/128 307/924/128
f 310/925/41 312/926/41 311/927/41 309/928/41
f 312/929/130 292/930/130 289/931/130 311/932/130
f 289/933/38 290/934/38 293/935/38 295/936/38 297/937/38 299/938/38 301/939/38 303/940/38 305/941/38 307/942/38 309/943/38 311/944/38
f 312/945/39 310/946/39 308/947/39 306/948/39 304/949/39 302/950/39 300/951/39 298/952/39 296/953/39 294/954/39 291/955/39 292/956/39
f 316/957/136 315/958/136 314/959/136 313/960/136
f 315/961/116 318/962/116 317/963/116 314/964/116
f 318/965/117 320/966/117 319/967/117 317/968/117
f 320/969/107 322/970/107 321/971/107 319/972/107
f 322/973/137 324/974/137 323/975/137 321/976/137
f 324/977/138 326/978/138 325/979/138 323/980/138
f 326/981/109 328/982/109 327/983/109 325/984/109
f 328/985/139 330/986/139 329/987/139 327/988/139
f 330/989/37 332/990/37 331/991/37 329/992/37
f 332/993/26 334/994/26 333/995/26 331/996/26
f 334/997/41 336/998/41 335/999/41 333/1000/41
f 336/1001/130 316/1002/130 313/1003/130 335/1004/130
f 313/1005/38 314/1006/38 317/1007/38 319/1008/38 321/1009/38 323/1010/38 325/1011/38 327/1012/38 329/1013/38 331/1014/38 333/1015/38 335/1016/38
f 336/1017/39 334/1018/39 332/1019/39 330/1020/39 328/1021/39 326/1022/39 324/1023/39 322/1024/39 320/1025/39 318/1026/39 315/1027/39 316/1028/39
f 340/1029/92 339/1030/92 338/1031/92 337/1032/92
f 339/1033/140 342/1034/140 341/1035/140 338/1036/140
f 342/1037/90 344/1038/90 343/1039/90 341/1040/90
f 344/1041/141 346/1042/141 345/1043/141 343/1044/141
f 346/1045/100 348/1046/100 347/1047/100 345/1048/100
f 348/1049/142 350/1050/142 349/1051/142 347/1052/142
f 350/1053/143 352/1054/143 351/1055/143 349/1056/143
f 352/1057/97 354/1058/97 353/1059/97 351/1060/97
f 354/1061/144 356/1062/144 355/1063/144 353/1064/144
f 356/1065/95 358/1066/95 357/1067/95 355/1068/95
f 358/1069/145 360/1070/145 359/1071/145 357/1072/145
f 360/1073/93 340/1074/93 337/1075/93 359/1076/93
f 337/1077/103 338/1078/103 341/1079/103 343/1080/103 345/1081/103 347/1082/103 349/1083/103 351/1084/103 353/1085/103 355/1086/103 357/1087/103 359/1088/103
f 360/1089/102 358/1090/102 356/1091/102 354/1092/102 352/1093/102 350/1094/102 348/1095/102 346/1096/102 344/1097/102 342/1098/102 339/1099/102 340/1100/102
f 364/1101/115 363/1102/115 362/1103/115 361/1104/115
f 363/1105/116 366/1106/116 365/1107/116 362/1108/116
f 366/1109/117 368/1110/117 367/1111/117 365/1112/117
f 368/1113/107 370/1114/107 369/1115/107 367/1116/107
f 370/1117/47 372/1118/47 371/1119/47 369/1120/47
f 372/1121/135 374/1122/135 373/1123/135 371/1124/135
f 374/1125/109 376/1126/109 375/1127/109 373/1128/109
f 376/1129/126 378/1130/126 377/1131/126 375/1132/126
f 378/1133/111 380/1134/111 379/1135/111 377/1136/111
f 380/1137/128 382/1138/128 381/1139/128 379/1140/128
f 382/1141/41 384/1142/41 383/1143/41 381/1144/41
f 384/1145/121 364/1146/121 361/1147/121 383/1148/121
f 361/1149/38 362/1150/38 365/1151/38 367/1152/38 369/1153/38 371/1154/38 373/1155/38 375/1156/38 377/1157/38 379/1158/38 381/1159/38 383/1160/38
f 384/1161/39 382/1162/39 380/1163/39 378/1164/39 376/1165/39 374/1166/39 372/1167/39 370/1168/39 368/1169/39 366/1170/39 363/1171/39 364/1172/39
f 388/1173/146 387/1174/146 386/1175/146 385/1176/146
f 387/1177/116 390/1178/116 389/1179/116 386/1180/116
f 390/1181/117 392/1182/117 391/1183/117 389/1184/117
f 392/1185/118 394/1186/118 393/1187/118 391/1188/118
f 394/1189/47 396/1190/47 395/1191/47 393/1192/47
f 396/1193/124 398/1194/124 397/1195/124 395/1196/124
f 398/1197/125 400/1198/125 399/1199/125 397/1200/125
f 400/1201/126 402/1202/126 401/1203/126 399/1204/126
f 402/1205/127 404/1206/127 403/1207/127 401/1208/127
f 404/1209/128 406/1210/128 405/1211/128 403/1212/128
f 406/1213/41 408/1214/41 407/1215/41 405/1216/41
f 408/1217/133 388/1218/133 385/1219/133 407/1220/133
f 385/1221/38 386/1222/38 389/1223/38 391/1224/38 393/1225/38 395/1226/38 397/1227/38 399/1228/38 401/1229/38 403/1230/38 405/1231/38 407/1232/38
f 408/1233/39 406/1234/39 404/1235/39 402/1236/39 400/1237/39 398/1238/39 396/1239/39 394/1240/39 392/1241/39 390/1242/39 387/1243/39 388/1244/39
f 412/1245/115 411/1246/115 410/1247/115 409/1248/115
f 411/1249/147 414/1250/147 413/1251/147 410/1252/147
f 414/1253/106 416/1254/106 415/1255/106 413/1256/106
f 416/1257/118 418/1258/118 417/1259/118 415/1260/118
f 418/1261/132 420/1262/132 419/1263/132 417/1264/132
f 420/1265/148 422/1266/148 421/1267/148 419/1268/148
f 422/1269/149 424/1270/149 423/1271/149 421/1272/149
f 424/1273/126 426/1274/126 425/1275/126 423/1276/126
f 426/1277/150 428/1278/150 427/1279/150 425/1280/150
f 428/1281/128 430/1282/128 429/1283/128 427/1284/128
f 430/1285/41 432/1286/41 431/1287/41 429/1288/41
f 432/1289/151 412/1290/151 409/1291/151 431/1292/151
f 409/1293/38 410/1294/38 413/1295/38 415/1296/38 417/1297/38 419/1298/38 421/1299/38 423/1300/38 425/1301/38 427/1302/38 429/1303/38 431/1304/38
f 432/1305/39 430/1306/39 428/1307/39 426/1308/39 424/1309/39 422/1310/39 420/1311/39 418/1312/39 416/1313/39 414/1314/39 411/1315/39 412/1316/39
f 436/1317/146 435/1318/146 434/1319/146 433/1320/146
f 435/1321/116 438/1322/116 437/1323/116 434/1324/116
f 438/1325/106 440/1326/106 439/1327/106 437/1328/106
f 440/1329/107 442/1330/107 441/1331/107 439/1332/107
f 442/1333/137 444/1334/137 443/1335/137 441/1336/137
f 444/1337/135 446/1338/135 445/1339/135 443/1340/135
f 446/1341/125 448/1342/125 447/1343/125 445/1344/125
f 448/1345/126 450/1346/126 449/1347/126 447/1348/126
f 450/1349/127 452/1350/127 451/1351/127 449/1352/127
f 452/1353/128 454/1354/128 453/1355/128 451/1356/128
f 454/1357/41 456/1358/41 455/1359/41 453/1360/41
f 456/1361/133 436/1362/133 433/1363/133 455/1364/133
f 433/1365/38 434/1366/38 437/1367/38 439/1368/38 441/1369/38 443/1370/38 445/1371/38 447/1372/38 449/1373/38 451/1374/38 453/1375/38 455/1376/38
f 456/1377/39 454/1378/39 452/1379/39 450/1380/39 448/1381/39 446/1382/39 444/1383/39 442/1384/39 440/1385/39 438/1386/39 435/1387/39 436/1388/39
f 460/1389/104 459/1390/104 458/1391/104 457/1392/104
f 459/1393/116 462/1394/116 461/1395/116 458/1396/116
f 462/1397/31 464/1398/31 463/1399/31 461/1400/31
f 464/1401/134 466/1402/134 465/1403/134 463/1404/134
f 466/1405/47 468/1406/47 467/1407/47 465/1408/47
f 468/1409/135 470/1410/135 469/1411/135 467/1412/135
f 470/1413/152 472/1414/152 471/1415/152 469/1416/152
f 472/1417/126 474/1418/126 473/1419/126 471/1420/126
f 474/1421/111 476/1422/111 475/1423/111 473/1424/111
f 476/1425/128 478/1426/128 477/1427/128 475/1428/128
f 478/1429/41 480/1430/41 479/1431/41 477/1432/41
f 480/1433/130 460/1434/130 457/1435/130 479/1436/130
f 457/1437/38 458/1438/38 461/1439/38 463/1440/38 465/1441/38 467/1442/38 469/1443/38 471/1444/38 473/1445/38 475/1446/38 477/1447/38 479/1448/38
f 480/1449/39 478/1450/39 476/1451/39 474/1452/39 472/1453/39 470/1454/39 468/1455/39 466/1456/39 464/1457/39 462/1458/39 459/1459/39 460/1460/39
f 484/1461/115 483/1462/115 482/1463/115 481/1464/115
f 483/1465/116 486/1466/116 485/1467/116 482/1468/116
f 486/1469/117 488/1470/117 487/1471/117 485/1472/117
f 488/1473/118 490/1474/118 489/1475/118 487/1476/118
f 490/1477/137 492/1478/137 491/1479/137 489/1480/137
f 492/1481/138 494/1482/138 493/1483/138 491/1484/138
f 494/1485/120 496/1486/120 495/1487/120 493/1488/120
f 496/1489/110 498/1490/110 497/1491/110 495/1492/110
f 498/1493/127 500/1494/127 499/1495/127 497/1496/127
f 500/1497/26 502/1498/26 501/1499/26 499/1500/26
f 502/1501/41 504/1502/41 503/1503/41 501/1504/41
f 504/1505/121 484/1506/121 481/1507/121 503/1508/121
f 481/1509/38 482/1510/38 485/1511/38 487/1512/38 489/1513/38 491/1514/38 493/1515/38 495/1516/38 497/1517/38 499/1518/38 501/1519/38 503/1520/38
f 504/1521/39 502/1522/39 500/1523/39 498/1524/39 496/1525/39 494/1526/39 492/1527/39 490/1528/39 488/1529/39 486/1530/39 483/1531/39 484/1532/39
f 508/1533/131 507/1534/131 506/1535/131 505/1536/131
f 507/1537/116 510/1538/116 509/1539/116 506/1540/116
f 510/1541/106 512/1542/106 511/1543/106 509/1544/106
f 512/1545/107 514/1546/107 513/1547/107 511/1548/107
f 514/1549/137 516/1550/137 515/1551/137 513/1552/137
f 516/1553/138 518/1554/138 517/1555/138 515/1556/138
f 518/1557/152 520/1558/152 519/1559/152 517/1560/152
f 520/1561/126 522/1562/126 521/1563/126 519/1564/126
f 522/1565/127 524/1566/127 523/1567/127 521/1568/127
f 524/1569/128 526/1570/128 525/1571/128 523/1572/128
f 526/1573/41 528/1574/41 527/1575/41 525/1576/41
f 528/1577/153 508/1578/153 505/1579/153 527/1580/153
f 505/1581/38 506/1582/38 509/1583/38 511/1584/38 513/1585/38 515/1586/38 517/1587/38 519/1588/38 521/1589/38 523/1590/38 525/1591/38 527/1592/38
f 528/1593/39 526/1594/39 524/1595/39 522/1596/39 520/1597/39 518/1598/39 516/1599/39 514/1600/39 512/1601/39 510/1602/39 507/1603/39 508/1604/39
f 532/1605/104 531/1606/104 530/1607/104 529/1608/104
f 531/1609/147 534/1610/147 533/1611/147 530/1612/147
f 534/1613/106 536/1614/106 535/1615/106 533/1616/106
f 536/1617/107 538/1618/107 537/1619/107 535/1620/107
f 538/1621/132 540/1622/132 539/1623/132 537/1624/132
f 540/1625/108 542/1626/108 541/1627/108 539/1628/108
f 542/1629/120 544/1630/120 543/1631/120 541/1632/120
f 544/1633/110 546/1634/110 545/1635/110 543/1636/110
f 546/1637/127 548/1638/127 547/1639/127 545/1640/127
f 548/1641/128 550/1642/128 549/1643/128 547/1644/128
f 550/1645/41 552/1646/41 551/1647/41 549/1648/41
f 552/1649/114 532/1650/114 529/1651/114 551/1652/114
f 529/1653/38 530/1654/38 533/1655/38 535/1656/38 537/1657/38 539/1658/38 541/1659/38 543/1660/38 545/1661/38 547/1662/38 549/1663/38 551/1664/38
f 552/1665/39 550/1666/39 548/1667/39 546/1668/39 544/1669/39 542/1670/39 540/1671/39 538/1672/39 536/1673/39 534/1674/39 531/1675/39 532/1676/39
f 556/1677/122 555/1678/122 554/1679/122 553/1680/122
f 555/1681/116 558/1682/116 557/1683/116 554/1684/116
f 558/1685/117 560/1686/117 559/1687/117 557/1688/117
f 560/1689/107 562/1690/107 561/1691/107 559/1692/107
f 562/1693/47 564/1694/47 563/1695/47 561/1696/47
f 564/1697/124 566/1698/124 565/1699/124 563/1700/124
f 566/1701/125 568/1702/125 567/1703/125 565/1704/125
f 568/1705/126 570/1706/126 569/1707/126 567/1708/126
f 570/1709/111 572/1710/111 571/1711/111 569/1712/111
f 572/1713/128 574/1714/128 573/1715/128 571/1716/128
f 574/1717/154 576/1718/154 575/1719/154 573/1720/154
f 576/1721/130 556/1722/130 553/1723/130 575/1724/130
f 553/1725/38 554/1726/38 557/1727/38 559/1728/38 561/1729/38 563/1730/38 565/1731/38 567/1732/38 569/1733/38 571/1734/38 573/1735/38 575/1736/38
f 576/1737/39 574/1738/39 572/1739/39 570/1740/39 568/1741/39 566/1742/39 564/1743/39 562/1744/39 560/1745/39 558/1746/39 555/1747/39 556/1748/39
f 580/1749/26 579/1750/26 578/1751/26 577/1752/26
f 579/1753/41 582/1754/41 581/1755/41 578/1756/41
f 582/1757/28 584/1758/28 583/1759/28 581/1760/28
f 584/1761/155 586/1762/155 585/1763/155 583/1764/155
f 586/1765/30 588/1766/30 587/1767/30 585/1768/30
f 588/1769/31 590/1770/31 589/1771/31 587/1772/31
f 590/1773/134 592/1774/134 591/1775/134 589/1776/134
f 592/1777/47 594/1778/47 593/1779/47 591/1780/47
f 594/1781/108 596/1782/108 595/1783/108 593/1784/108
f 596/1785/120 598/1786/120 597/1787/120 595/1788/120
f 598/1789/36 600/1790/36 599/1791/36 597/1792/36
f 600/1793/37 580/1794/37 577/1795/37 599/1796/37
f 577/1797/38 578/1798/38 581/1799/38 583/1800/38 585/1801/38 587/1802/38 589/1803/38 591/1804/38 593/1805/38 595/1806/38 597/1807/38 599/1808/38
f 600/1809/39 598/1810/39 596/1811/39 594/1812/39 592/1813/39 590/1814/39 588/1815/39 586/1816/39 584/1817/39 582/1818/39 579/1819/39 580/1820/39
f 612/1845/26 611/1846/26 610/1847/26 609/1848/26
f 611/1849/41 614/1850/41 613/1851/41 610/1852/41
f 614/1853/28 616/1854/28 615/1855/28 613/1856/28
f 616/1857/155 618/1858/155 617/1859/155 615/1860/155
f 618/1861/30 620/1862/30 619/1863/30 617/1864/30
f 620/1865/31 622/1866/31 621/1867/31 619/1868/31
f 622/1869/134 624/1870/134 623/1871/134 621/1872/134
f 624/1873/47 626/1874/47 625/1875/47 623/1876/47
f 626/1877/108 628/1878/108 627/1879/108 625/1880/108
f 628/1881/120 630/1882/120 629/1883/120 627/1884/120
f 630/1885/36 632/1886/36 631/1887/36 629/1888/36
f 632/1889/37 612/1890/37 609/1891/37 631/1892/37
f 609/1797/38 610/1893/38 613/1799/38 615/1894/38 617/1895/38 619/1896/38 621/1897/38 623/1898/38 625/1805/38 627/1806/38 629/1899/38 631/1900/38
f 632/1901/39 630/1810/39 628/1811/39 626/1812/39 624/1902/39 622/1903/39 620/1904/39 618/1905/39 616/1906/39 614/1907/39 611/1819/39 612/1820/39
f 636/1908/26 635/1909/26 634/1910/26 633/1911/26
f 635/1912/41 638/1913/41 637/1914/41 634/1915/41
f 638/1916/28 640/1917/28 639/1918/28 637/1919/28
f 640/1920/29 642/1921/29 641/1922/29 639/1923/29
f 642/1924/30 644/1925/30 643/1926/30 641/1927/30
f 644/1928/31 646/1929/31 645/1930/31 643/1931/31
f 646/1932/134 648/1933/134 647/1934/134 645/1935/134
f 648/1936/47 650/1937/47 649/1938/47 647/1939/47
f 650/1940/34 652/1941/34 651/1942/34 649/1943/34
f 652/1944/120 654/1945/120 653/1946/120 651/1947/120
f 654/1948/126 656/1949/126 655/1950/126 653/1951/126
f 656/1952/37 636/1953/37 633/1954/37 655/1955/37
f 633/1956/38 634/1957/38 637/1958/38 639/1959/38 641/1960/38 643/1961/38 645/1962/38 647/1963/38 649/1964/38 651/1965/38 653/1966/38 655/1967/38
f 656/1968/39 654/1969/39 652/1970/39 650/1971/39 648/1972/39 646/1973/39 644/1974/39 642/1975/39 640/1976/39 638/1977/39 635/1978/39 636/1979/39
f 708/2148/179 707/2149/179 706/2150/179 705/2151/179
f 707/2152/180 710/2153/180 709/2154/180 706/2155/180
f 710/2156/181 712/2157/181 711/2158/181 709/2159/181
f 712/2160/182 714/2161/182 713/2162/182 711/2163/182
f 714/2164/183 716/2165/183 715/2166/183 713/2167/183
f 716/2168/184 718/2169/184 717/2170/184 715/2171/184
f 718/2172/185 720/2173/185 719/2174/185 717/2175/185
f 720/2176/186 722/2177/186 721/2178/186 719/2179/186
f 722/2180/187 708/2181/187 705/2182/187 721/2183/187
f 722/2184/188 720/2185/188 718/2186/188 716/2187/188 714/2188/188 712/2189/188 710/2190/188 707/2191/188 708/2192/188
f 705/2193/189 706/2194/189 709/2195/189 711/2196/189 713/2197/189 715/2198/189 717/2199/189 719/2200/189 721/2201/189
f 722/2202/190 720/2203/190 724/2204/190 723/2205/190
f 720/2206/191 718/2207/191 725/2208/191 724/2209/191
f 718/2210/192 716/2211/192 726/2212/192 725/2213/192
f 716/2214/193 714/2215/193 727/2216/193 726/2217/193
f 714/2218/194 712/2219/194 728/2220/194 727/2221/194
f 712/2222/195 710/2223/195 729/2224/195 728/2225/195
f 710/2226/196 707/2227/196 730/2228/196 729/2229/196
f 707/2230/197 708/2231/197 731/2232/197 730/2233/197
f 708/2234/198 722/2235/198 723/2236/198 731/2237/198
f 723/2238/199 724/2239/199 733/2240/199 732/2241/199
f 724/2242/200 725/2243/200 734/2244/200 733/2245/200
f 725/2246/201 726/2247/201 735/2248/201 734/2249/201
f 726/2250/202 727/2251/202 736/2252/202 735/2253/202
f 727/2254/203 728/2255/203 737/2256/203 736/2257/203
f 728/2258/204 729/2259/204 738/2260/204 737/2261/204
f 729/2262/205 730/2263/205 739/2264/205 738/2265/205
f 730/2266/206 731/2267/206 740/2268/206 739/2269/206
f 731/2270/207 723/2271/207 732/2272/207 740/2273/207
f 732/2274/208 733/2275/208 742/2276/208 741/2277/208
f 733/2278/209 734/2279/209 743/2280/209 742/2281/209
f 734/2282/210 735/2283/210 744/2284/210 743/2285/210
f 735/2286/211 736/2287/211 745/2288/211 744/2289/211
f 736/2290/212 737/2291/212 746/2292/212 745/2293/212
f 737/2294/213 738/2295/213 747/2296/213 746/2297/213
f 738/2298/214 739/2299/214 748/2300/214 747/2301/214
f 739/2302/215 740/2303/215 749/2304/215 748/2305/215
f 740/2306/216 732/2307/216 741/2308/216 749/2309/216
f 741/2310/217 742/2311/217 751/2312/217 750/2313/217
f 742/2314/218 743/2315/218 752/2316/218 751/2317/218
f 743/2318/219 744/2319/219 753/2320/219 752/2321/219
f 744/2322/220 745/2323/220 754/2324/220 753/2325/220
f 745/2326/221 746/2327/221 755/2328/221 754/2329/221
f 746/2330/222 747/2331/222 756/2332/222 755/2333/222
f 747/2334/223 748/2335/223 757/2336/223 756/2337/223
f 748/2338/224 749/2339/224 758/2340/224 757/2341/224
f 749/2342/225 741/2343/225 750/2344/225 758/2345/225
f 750/2346/226 751/2347/226 760/2348/226 759/2349/226
f 751/2350/227 752/2351/227 761/2352/227 760/2353/227
f 752/2354/228 753/2355/228 762/2356/228 761/2357/228
f 753/2358/229 754/2359/229 763/2360/229 762/2361/229
f 754/2362/230 755/2363/230 764/2364/230 763/2365/230
f 755/2366/231 756/2367/231 765/2368/231 764/2369/231
f 756/2370/232 757/2371/232 766/2372/232 765/2373/232
f 757/2374/233 758/2375/233 767/2376/233 766/2377/233
f 758/2378/234 750/2379/234 759/2380/234 767/2381/234
f 759/2382/235 760/2383/235 769/2384/235 768/2385/235
f 760/2386/236 761/2387/236 770/2388/236 769/2389/236
f 761/2390/237 762/2391/237 771/2392/237 770/2393/237
f 762/2394/238 763/2395/238 772/2396/238 771/2397/238
f 763/2398/239 764/2399/239 773/2400/239 772/2401/239
f 764/2402/240 765/2403/240 774/2404/240 773/2405/240
f 765/2406/241 766/2407/241 775/2408/241 774/2409/241
f 766/2410/242 767/2411/242 776/2412/242 775/2413/242
f 767/2414/243 759/2415/243 768/2416/243 776/2417/243
f 768/2418/244 769/2419/244 778/2420/244 777/2421/244
f 769/2422/245 770/2423/245 779/2424/245 778/2425/245
f 770/2426/246 771/2427/246 780/2428/246 779/2429/246
f 771/2430/247 772/2431/247 781/2432/247 780/2433/247
f 772/2434/248 773/2435/248 782/2436/248 781/2437/248
f 773/2438/249 774/2439/249 783/2440/249 782/2441/249
f 774/2442/250 775/2443/250 784/2444/250 783/2445/250
f 775/2446/251 776/2447/251 785/2448/251 784/2449/251
f 776/2450/252 768/2451/252 777/2452/252 785/2453/252
f 777/2454/253 778/2455/253 787/2456/253 786/2457/253
f 778/2458/254 779/2459/254 788/2460/254 787/2461/254
f 779/2462/255 780/2463/255 789/2464/255 788/2465/255
f 780/2466/256 781/2467/256 790/2468/256 789/2469/256
f 781/2470/257 782/2471/257 791/2472/257 790/2473/257
f 782/2474/258 783/2475/258 792/2476/258 791/2477/258
f 783/2478/259 784/2479/259 793/2480/259 792/2481/259
f 784/2482/260 785/2483/260 794/2484/260 793/2485/260
f 785/2486/261 777/2487/261 786/2488/261 794/2489/261
f 786/2490/262 787/2491/262 796/2492/262 795/2493/262
f 787/2494/263 788/2495/263 797/2496/263 796/2497/263
f 788/2498/264 789/2499/264 798/2500/264 797/2501/264
f 789/2502/265 790/2503/265 799/2504/265 798/2505/265
f 790/2506/266 791/2507/266 800/2508/266 799/2509/266
f 791/2510/267 792/2511/267 801/2512/267 800/2513/267
f 792/2514/268 793/2515/268 802/2516/268 801/2517/268
f 793/2518/269 794/2519/269 803/2520/269 802/2521/269
f 794/2522/270 786/2523/270 795/2524/270 803/2525/270
f 795/2526/271 796/2527/271 805/2528/271 804/2529/271
f 796/2530/272 797/2531/272 806/2532/272 805/2533/272
f 797/2534/273 798/2535/273 807/2536/273 806/2537/273
f 798/2538/274 799/2539/274 808/2540/274 807/2541/274
f 799/2542/275 800/2543/275 809/2544/275 808/2545/275
f 800/2546/276 801/2547/276 810/2548/276 809/2549/276
f 801/2550/277 802/2551/277 811/2552/277 810/2553/277
f 802/2554/278 803/2555/278 812/2556/278 811/2557/278
f 803/2558/279 795/2559/279 804/2560/279 812/2561/279
f 804/2562/280 805/2563/280 814/2564/280 813/2565/280
f 805/2566/281 806/2567/281 815/2568/281 814/2569/281
f 806/2570/282 807/2571/282 816/2572/282 815/2573/282
f 807/2574/283 808/2575/283 817/2576/283 816/2577/283
f 808/2578/284 809/2579/284 818/2580/284 817/2581/284
f 809/2582/285 810/2583/285 819/2584/285 818/2585/285
f 810/2586/286 811/2587/286 820/2588/286 819/2589/286
f 811/2590/287 812/2591/287 821/2592/287 820/2593/287
f 812/2594/288 804/2595/288 813/2596/288 821/2597/288
f 813/2598/289 814/2599/289 823/2600/289 822/2601/289
f 814/2602/290 815/2603/290 824/2604/290 823/2605/290
f 815/2606/291 816/2607/291 825/2608/291 824/2609/291
f 816/2610/292 817/2611/292 826/2612/292 825/2613/292
f 817/2614/293 818/2615/293 827/2616/293 826/2617/293
f 818/2618/294 819/2619/294 828/2620/294 827/2621/294
f 819/2622/295 820/2623/295 829/2624/295 828/2625/295
f 820/2626/296 821/2627/296 830/2628/296 829/2629/296
f 821/2630/297 813/2631/297 822/2632/297 830/2633/297
f 822/2634/298 823/2635/298 832/2636/298 831/2637/298
f 823/2638/299 824/2639/299 833/2640/299 832/2641/299
f 824/2642/300 825/2643/300 834/2644/300 833/2645/300
f 825/2646/301 826/2647/301 835/2648/301 834/2649/301
f 826/2650/302 827/2651/302 836/2652/302 835/2653/302
f 827/2654/303 828/2655/303 837/2656/303 836/2657/303
f 828/2658/304 829/2659/304 838/2660/304 837/2661/304
f 829/2662/305 830/2663/305 839/2664/305 838/2665/305
f 830/2666/306 822/2667/306 831/2668/306 839/2669/306
f 831/2670/307 832/2671/307 841/2672/307 840/2673/307
f 832/2674/308 833/2675/308 842/2676/308 841/2677/308
f 833/2678/309 834/2679/309 843/2680/309 842/2681/309
f 834/2682/310 835/2683/310 844/2684/310 843/2685/310
f 835/2686/311 836/2687/311 845/2688/311 844/2689/311
f 836/2690/312 837/2691/312 846/2692/312 845/2693/312
f 837/2694/313 838/2695/313 847/2696/313 846/2697/313
f 838/2698/314 839/2699/314 848/2700/314 847/2701/314
f 839/2702/315 831/2703/315 840/2704/315 848/2705/315
f 840/2706/316 841/2707/316 850/2708/316 849/2709/316
f 841/2710/317 842/2711/317 851/2712/317 850/2713/317
f 842/2714/318 843/2715/318 852/2716/318 851/2717/318
f 843/2718/319 844/2719/319 853/2720/319 852/2721/319
f 844/2722/320 845/2723/320 854/2724/320 853/2725/320
f 845/2726/321 846/2727/321 855/2728/321 854/2729/321
f 846/2730/322 847/2731/322 856/2732/322 855/2733/322
f 847/2734/323 848/2735/323 857/2736/323 856/2737/323
f 848/2738/324 840/2739/324 849/2740/324 857/2741/324
f 861/2742/325 860/2743/325 859/2744/325 858/2745/325
f 860/2746/326 863/2747/326 862/2748/326 859/2749/326
f 863/2750/327 865/2751/327 864/2752/327 862/2753/327
f 865/2754/328 867/2755/328 866/2756/328 864/2757/328
f 867/2758/329 869/2759/329 868/2760/329 866/2761/329
f 869/2762/330 871/2763/330 870/2764/330 868/2765/330
f 871/2766/331 873/2767/331 872/2768/331 870/2769/331
f 873/2770/332 875/2771/332 874/2772/332 872/2773/332
f 875/2774/333 861/2775/333 858/2776/333 874/2777/333
f 875/2778/334 873/2779/334 871/2780/334 869/2781/334 867/2782/334 865/2783/334 863/2784/334 860/2785/334 861/2786/334
f 858/2787/335 859/2788/335 862/2789/335 864/2790/335 866/2791/335 868/2792/335 870/2793/335 872/2794/335 874/2795/335
f 875/2796/336 873/2797/336 877/2798/336 876/2799/336
f 873/2800/337 871/2801/337 878/2802/337 877/2803/337
f 871/2804/338 869/2805/338 879/2806/338 878/2807/338
f 869/2808/339 867/2809/339 880/2810/339 879/2811/339
f 867/2812/340 865/2813/340 881/2814/340 880/2815/340
f 865/2816/341 863/2817/341 882/2818/341 881/2819/341
f 863/2820/342 860/2821/342 883/2822/342 882/2823/342
f 860/2824/343 861/2825/343 884/2826/343 883/2827/343
f 861/2828/344 875/2829/344 876/2830/344 884/2831/344
f 876/2832/345 877/2833/345 878/2834/345 879/2835/345 880/2836/345 881/2837/345 882/2838/345 883/2839/345 884/2840/345
f 876/2841/346 877/2842/346 886/2843/346 885/2844/346
f 877/2845/347 878/2846/347 887/2847/347 886/2848/347
f 878/2849/348 879/2850/348 888/2851/348 887/2852/348
f 879/2853/349 880/2854/349 889/2855/349 888/2856/349
f 880/2857/350 881/2858/350 890/2859/350 889/2860/350
f 881/2861/351 882/2862/351 891/2863/351 890/2864/351
f 882/2865/352 883/2866/352 892/2867/352 891/2868/352
f 883/2869/353 884/2870/353 893/2871/353 892/2872/353
f 884/2873/354 876/2874/354 885/2875/354 893/2876/354
f 885/2877/355 886/2878/355 887/2879/355 888/2880/355 889/2881/355 890/2882/355 891/2883/355 892/2884/355 893/2885/355
f 885/2886/356 886/2887/356 895/2888/356 894/2889/356
f 886/2890/357 887/2891/357 896/2892/357 895/2893/357
f 887/2894/358 888/2895/358 897/2896/358 896/2897/358
f 888/2898/359 889/2899/359 898/2900/359 897/2901/359
f 889/2902/360 890/2903/360 899/2904/360 898/2905/360
f 890/2906/361 891/2907/361 900/2908/361 899/2909/361
f 891/2910/362 892/2911/362 901/2912/362 900/2913/362
f 892/2914/363 893/2915/363 902/2916/363 901/2917/363
f 893/2918/364 885/2919/364 894/2920/364 902/2921/364
f 894/2922/365 895/2923/365 896/2924/365 897/2925/365 898/2926/365 899/2927/365 900/2928/365 901/2929/365 902/2930/365
f 894/2931/366 895/2932/366 904/2933/366 903/2934/366
f 895/2935/367 896/2936/367 905/2937/367 904/2938/367
f 896/2939/368 897/2940/368 906/2941/368 905/2942/368
f 897/2943/369 898/2944/369 907/2945/369 906/2946/369
f 898/2947/370 899/2948/370 908/2949/370 907/2950/370
f 899/2951/371 900/2952/371 909/2953/371 908/2954/371
f 900/2955/372 901/2956/372 910/2957/372 909/2958/372
f 901/2959/373 902/2960/373 911/2961/373 910/2962/373
f 902/2963/374 894/2964/374 903/2965/374 911/2966/374
f 903/2967/375 904/2968/375 905/2969/375 906/2970/375 907/2971/375 908/2972/375 909/2973/375 910/2974/375 911/2975/375
f 903/2976/376 904/2977/376 913/2978/376 912/2979/376
f 904/2980/377 905/2981/377 914/2982/377 913/2983/377
f 905/2984/378 906/2985/378 915/2986/378 914/2987/378
f 906/2988/379 907/2989/379 916/2990/379 915/2991/379
f 907/2992/380 908/2993/380 917/2994/380 916/2995/380
f 908/2996/381 909/2997/381 918/2998/381 917/2999/381
f 909/3000/382 910/3001/382 919/3002/382 918/3003/382
f 910/3004/383 911/3005/383 920/3006/383 919/3007/383
f 911/3008/384 903/3009/384 912/3010/384 920/3011/384
f 912/3012/385 913/3013/385 914/3014/385 915/3015/385 916/3016/385 917/3017/385 918/3018/385 919/3019/385 920/3020/385
f 912/3021/386 913/3022/386 922/3023/386 921/3024/386
f 913/3025/387 914/3026/387 923/3027/387 922/3028/387
f 914/3029/388 915/3030/388 924/3031/388 923/3032/388
f 915/3033/389 916/3034/389 925/3035/389 924/3036/389
f 916/3037/390 917/3038/390 926/3039/390 925/3040/390
f 917/3041/391 918/3042/391 927/3043/391 926/3044/391
f 918/3045/392 919/3046/392 928/3047/392 927/3048/392
f 919/3049/393 920/3050/393 929/3051/393 928/3052/393
f 920/3053/394 912/3054/394 921/3055/394 929/3056/394
f 921/3057/395 922/3058/395 923/3059/395 924/3060/395 925/3061/395 926/3062/395 927/3063/395 928/3064/395 929/3065/395
f 933/3201/411 932/3202/411 931/3203/411 930/3204/411
f 932/3205/412 935/3206/412 934/3207/412 931/3208/412
f 935/3209/413 937/3210/413 936/3211/413 934/3212/413
f 937/3213/414 939/3214/414 938/3215/414 936/3216/414
f 939/3217/18 941/3218/18 940/3219/18 938/3220/18
f 941/3221/19 943/3222/19 942/3223/19 940/3224/19
f 943/3225/20 945/3226/20 944/3227/20 942/3228/20
f 945/3229/21 947/3230/21 946/3231/21 944/3232/21
f 947/3233/22 949/3234/22 948/3235/22 946/3236/22
f 949/3237/23 951/3238/23 950/3239/23 948/3240/23
f 951/3241/24 953/3242/24 952/3243/24 950/3244/24
f 953/3245/25 933/3246/25 930/3247/25 952/3248/25
f 930/3249/13 931/3250/13 934/3251/13 936/3252/13 938/53/13 940/3253/13 942/3254/13 944/56/13 946/57/13 948/58/13 950/3255/13 952/3256/13
f 953/61/14 951/62/14 949/3257/14 947/64/14 945/65/14 943/66/14 941/67/14 939/68/14 937/3258/14 935/70/14 932/71/14 933/72/14
f 1053/3595/26 1052/3596/26 1051/3597/26 1050/3598/26
f 1052/3599/41 1055/3600/41 1054/3601/41 1051/3602/41
f 1055/3603/133 1057/3604/133 1056/3605/133 1054/3606/133
f 1057/3607/155 1059/3608/155 1058/3609/155 1056/3610/155
f 1059/3611/30 1061/3612/30 1060/3613/30 1058/3614/30
f 1061/3615/31 1063/3616/31 1062/3617/31 1060/3618/31
f 1063/3619/134 1065/3620/134 1064/3621/134 1062/3622/134
f 1065/3623/47 1067/3624/47 1066/3625/47 1064/3626/47
f 1067/3627/34 1069/3628/34 1068/3629/34 1066/3630/34
f 1069/3631/120 1071/3632/120 1070/3633/120 1068/3634/120
f 1071/3635/126 1073/3636/126 1072/3637/126 1070/3638/126
f 1073/3639/37 1053/3640/37 1050/3641/37 1072/3642/37
f 1050/3643/38 1051/3644/38 1054/3645/38 1056/3646/38 1058/3647/38 1060/3648/38 1062/3649/38 1064/3650/38 1066/3651/38 1068/3652/38 1070/3653/38 1072/3654/38
f 1073/3655/39 1071/3656/39 1069/3657/39 1067/3658/39 1065/3659/39 1063/3660/39 1061/3661/39 1059/3662/39 1057/3663/39 1055/3664/39 1052/3665/39 1053/3666/39
f 1077/3667/26 1076/3668/26 1075/3669/26 1074/3670/26
f 1076/3671/154 1079/3672/154 1078/3673/154 1075/3674/154
f 1079/3675/121 1081/3676/121 1080/3677/121 1078/3678/121
f 1081/3679/115 1083/3680/115 1082/3681/115 1080/3682/115
f 1083/3683/30 1085/3684/30 1084/3685/30 1082/3686/30
f 1085/3687/31 1087/3688/31 1086/3689/31 1084/3690/31
f 1087/3691/134 1089/3692/134 1088/3693/134 1086/3694/134
f 1089/3695/47 1091/3696/47 1090/3697/47 1088/3698/47
f 1091/3699/34 1093/3700/34 1092/3701/34 1090/3702/34
f 1093/3703/109 1095/3704/109 1094/3705/109 1092/3706/109
f 1095/3707/126 1097/3708/126 1096/3709/126 1094/3710/126
f 1097/3711/445 1077/3712/445 1074/3713/445 1096/3714/445
f 1074/3715/38 1075/3716/38 1078/3717/38 1080/3718/38 1082/3719/38 1084/3720/38 1086/3721/38 1088/3722/38 1090/3723/38 1092/3724/38 1094/3725/38 1096/3726/38
f 1097/3727/39 1095/3728/39 1093/3729/39 1091/3730/39 1089/3731/39 1087/3732/39 1085/3733/39 1083/3734/39 1081/3735/39 1079/3736/39 1076/3737/39 1077/3738/39
f 1101/3739/26 1100/3740/26 1099/3741/26 1098/3742/26
f 1100/3743/446 1103/3744/446 1102/3745/446 1099/3746/446
f 1103/3747/151 1105/3748/151 1104/3749/151 1102/3750/151
f 1105/3751/29 1107/3752/29 1106/3753/29 1104/3754/29
f 1107/3755/30 1109/3756/30 1108/3757/30 1106/3758/30
f 1109/3759/31 1111/3760/31 1110/3761/31 1108/3762/31
f 1111/3763/134 1113/3764/134 1112/3765/134 1110/3766/134
f 1113/3767/447 1115/3768/447 1114/3769/447 1112/3770/447
f 1115/3771/119 1117/3772/119 1116/3773/119 1114/3774/119
f 1117/3775/120 1119/3776/120 1118/3777/120 1116/3778/120
f 1119/3779/126 1121/3780/126 1120/3781/126 1118/3782/126
f 1121/3783/37 1101/3784/37 1098/3785/37 1120/3786/37
f 1098/3787/38 1099/3788/38 1102/3789/38 1104/3790/38 1106/3791/38 1108/3792/38 1110/3793/38 1112/3794/38 1114/3795/38 1116/3796/38 1118/3797/38 1120/3798/38
f 1121/3799/39 1119/3800/39 1117/3801/39 1115/3802/39 1113/3803/39 1111/3804/39 1109/3805/39 1107/3806/39 1105/3807/39 1103/3808/39 1100/3809/39 1101/3810/39
f 1125/3811/448 1124/3812/448 1123/3813/448 1122/3814/448
f 1124/3815/449 1127/3816/449 1126/3817/449 1123/3818/449
f 1127/3819/133 1129/3820/133 1128/3821/133 1126/3822/133
f 1129/3823/146 1131/3824/146 1130/3825/146 1128/3826/146
f 1131/3827/116 1133/3828/116 1132/3829/116 1130/3830/116
f 1133/3831/117 1135/3832/117 1134/3833/117 1132/3834/117
f 1135/3835/118 1137/3836/118 1136/3837/118 1134/3838/118
f 1137/3839/33 1139/3840/33 1138/3841/33 1136/3842/33
f 1139/3843/450 1141/3844/450 1140/3845/450 1138/3846/450
f 1141/3847/149 1143/3848/149 1142/3849/149 1140/3850/149
f 1143/3851/36 1145/3852/36 1144/3853/36 1142/3854/36
f 1145/3855/111 1125/3856/111 1122/3857/111 1144/3858/111
f 1122/3859/38 1123/3860/38 1126/3861/38 1128/3862/38 1130/3863/38 1132/3864/38 1134/3865/38 1136/3866/38 1138/3867/38 1140/3868/38 1142/3869/38 1144/3870/38
f 1145/3871/39 1143/3872/39 1141/3873/39 1139/3874/39 1137/3875/39 1135/3876/39 1133/3877/39 1131/3878/39 1129/3879/39 1127/3880/39 1124/3881/39 1125/3882/39
f 1149/3883/448 1148/3884/448 1147/3885/448 1146/3886/448
f 1148/3887/449 1151/3888/449 1150/3889/449 1147/3890/449
f 1151/3891/133 1153/3892/133 1152/3893/133 1150/3894/133
f 1153/3895/122 1155/3896/122 1154/3897/122 1152/3898/122
f 1155/3899/116 1157/3900/116 1156/3901/116 1154/3902/116
f 1157/3903/451 1159/3904/451 1158/3905/451 1156/3906/451
f 1159/3907/134 1161/3908/134 1160/3909/134 1158/3910/134
f 1161/3911/47 1163/3912/47 1162/3913/47 1160/3914/47
f 1163/3915/450 1165/3916/450 1164/3917/450 1162/3918/450
f 1165/3919/125 1167/3920/125 1166/3921/125 1164/3922/125
f 1167/3923/36 1169/3924/36 1168/3925/36 1166/3926/36
f 1169/3927/452 1149/3928/452 1146/3929/452 1168/3930/452
f 1146/3931/38 1147/3932/38 1150/3933/38 1152/3934/38 1154/3935/38 1156/3936/38 1158/3937/38 1160/3938/38 1162/3939/38 1164/3940/38 1166/3941/38 1168/3942/38
f 1169/3943/39 1167/3944/39 1165/3945/39 1163/3946/39 1161/3947/39 1159/3948/39 1157/3949/39 1155/3950/39 1153/3951/39 1151/3952/39 1148/3953/39 1149/3954/39
f 1173/3955/26 1172/3956/26 1171/3957/26 1170/3958/26
f 1172/3959/446 1175/3960/446 1174/3961/446 1171/3962/446
f 1175/3963/453 1177/3964/453 1176/3965/453 1174/3966/453
f 1177/3967/115 1179/3968/115 1178/3969/115 1176/3970/115
f 1179/3971/116 1181/3972/116 1180/3973/116 1178/3974/116
f 1181/3975/31 1183/3976/31 1182/3977/31 1180/3978/31
f 1183/3979/134 1185/3980/134 1184/3981/134 1182/3982/134
f 1185/3983/47 1187/3984/47 1186/3985/47 1184/3986/47
f 1187/3987/108 1189/3988/108 1188/3989/108 1186/3990/108
f 1189/3991/109 1191/3992/109 1190/3993/109 1188/3994/109
f 1191/3995/36 1193/3996/36 1192/3997/36 1190/3998/36
f 1193/3999/37 1173/4000/37 1170/4001/37 1192/4002/37
f 1170/4003/38 1171/4004/38 1174/4005/38 1176/4006/38 1178/4007/38 1180/4008/38 1182/4009/38 1184/4010/38 1186/4011/38 1188/4012/38 1190/4013/38 1192/4014/38
f 1193/4015/39 1191/4016/39 1189/4017/39 1187/4018/39 1185/4019/39 1183/4020/39 1181/4021/39 1179/4022/39 1177/4023/39 1175/4024/39 1172/4025/39 1173/4026/39
f 1197/4027/454 1196/4028/454 1195/4029/454 1194/4030/454
f 1196/4031/41 1199/4032/41 1198/4033/41 1195/4034/41
f 1199/4035/133 1201/4036/133 1200/4037/133 1198/4038/133
f 1201/4039/122 1203/4040/122 1202/4041/122 1200/4042/122
f 1203/4043/30 1205/4044/30 1204/4045/30 1202/4046/30
f 1205/4047/31 1207/4048/31 1206/4049/31 1204/4050/31
f 1207/4051/134 1209/4052/134 1208/4053/134 1206/4054/134
f 1209/4055/447 1211/4056/447 1210/4057/447 1208/4058/447
f 1211/4059/450 1213/4060/450 1212/4061/450 1210/4062/450
f 1213/4063/125 1215/4064/125 1214/4065/125 1212/4066/125
f 1215/4067/126 1217/4068/126 1216/4069/126 1214/4070/126
f 1217/4071/452 1197/4072/452 1194/4073/452 1216/4074/452
f 1194/4075/38 1195/4076/38 1198/4077/38 1200/4078/38 1202/4079/38 1204/4080/38 1206/4081/38 1208/4082/38 1210/4083/38 1212/4084/38 1214/4085/38 1216/4086/38
f 1217/4087/39 1215/4088/39 1213/4089/39 1211/4090/39 1209/4091/39 1207/4092/39 1205/4093/39 1203/4094/39 1201/4095/39 1199/4096/39 1196/4097/39 1197/4098/39
f 1221/4099/455 1220/4100/455 1219/4101/455 1218/4102/455
f 1220/4103/456 1223/4104/456 1222/4105/456 1219/4106/456
f 1223/4107/87 1225/4108/87 1224/4109/87 1222/4110/87
f 1225/4111/76 1227/4112/76 1226/4113/76 1224/4114/76
f 1227/4115/457 1229/4116/457 1228/4117/457 1226/4118/457
f 1229/4119/458 1231/4120/458 1230/4121/458 1228/4122/458
f 1231/4123/459 1233/4124/459 1232/4125/459 1230/4126/459
f 1233/4127/460 1235/4128/460 1234/4129/460 1232/4130/460
f 1235/4131/81 1237/4132/81 1236/4133/81 1234/4134/81
f 1237/4135/82 1239/4136/82 1238/4137/82 1236/4138/82
f 1239/4139/461 1241/4140/461 1240/4141/461 1238/4142/461
f 1241/4143/462 1221/4144/462 1218/4145/462 1240/4146/462
f 1218/4147/88 1219/4148/88 1222/4149/88 1224/4150/88 1226/4151/88 1228/4152/88 1230/4153/88 1232/4154/88 1234/4155/88 1236/4156/88 1238/4157/88 1240/4158/88
f 1241/4159/89 1239/4160/89 1237/4161/89 1235/4162/89 1233/4163/89 1231/4164/89 1229/4165/89 1227/4166/89 1225/4167/89 1223/4168/89 1220/4169/89 1221/4170/89
f 1245/4171/26 1244/4172/26 1243/4173/26 1242/4174/26
f 1244/4175/449 1247/4176/449 1246/4177/449 1243/4178/449
f 1247/4179/151 1249/4180/151 1248/4181/151 1246/4182/151
f 1249/4183/463 1251/4184/463 1250/4185/463 1248/4186/463
f 1251/4187/464 1253/4188/464 1252/4189/464 1250/4190/464
f 1253/4191/31 1255/4192/31 1254/4193/31 1252/4194/31
f 1255/4195/118 1257/4196/118 1256/4197/118 1254/4198/118
f 1257/4199/132 1259/4200/132 1258/4201/132 1256/4202/132
f 1259/4203/135 1261/4204/135 1260/4205/135 1258/4206/135
f 1261/4207/120 1263/4208/120 1262/4209/120 1260/4210/120
f 1263/4211/126 1265/4212/126 1264/4213/126 1262/4214/126
f 1265/4215/37 1245/4216/37 1242/4217/37 1264/4218/37
f 1242/4219/38 1243/4220/38 1246/4221/38 1248/4222/38 1250/4223/38 1252/4224/38 1254/4225/38 1256/4226/38 1258/4227/38 1260/4228/38 1262/4229/38 1264/4230/38
f 1265/4231/39 1263/4232/39 1261/4233/39 1259/4234/39 1257/4235/39 1255/4236/39 1253/4237/39 1251/4238/39 1249/4239/39 1247/4240/39 1244/4241/39 1245/4242/39
f 1269/4243/26 1268/4244/26 1267/4245/26 1266/4246/26
f 1268/4247/449 1271/4248/449 1270/4249/449 1267/4250/449
f 1271/4251/133 1273/4252/133 1272/4253/133 1270/4254/133
f 1273/4255/146 1275/4256/146 1274/4257/146 1272/4258/146
f 1275/4259/30 1277/4260/30 1276/4261/30 1274/4262/30
f 1277/4263/31 1279/4264/31 1278/4265/31 1276/4266/31
f 1279/4267/134 1281/4268/134 1280/4269/134 1278/4270/134
f 1281/4271/447 1283/4272/447 1282/4273/447 1280/4274/447
f 1283/4275/450 1285/4276/450 1284/4277/450 1282/4278/450
f 1285/4279/465 1287/4280/465 1286/4281/465 1284/4282/465
f 1287/4283/466 1289/4284/466 1288/4285/466 1286/4286/466
f 1289/4287/37 1269/4288/37 1266/4289/37 1288/4290/37
f 1266/4291/38 1267/4292/38 1270/4293/38 1272/4294/38 1274/4295/38 1276/4296/38 1278/4297/38 1280/4298/38 1282/4299/38 1284/4300/38 1286/4301/38 1288/4302/38
f 1289/4303/39 1287/4304/39 1285/4305/39 1283/4306/39 1281/4307/39 1279/4308/39 1277/4309/39 1275/4310/39 1273/4311/39 1271/4312/39 1268/4313/39 1269/4314/39
f 1293/4315/26 1292/4316/26 1291/4317/26 1290/4318/26
f 1292/4319/449 1295/4320/449 1294/4321/449 1291/4322/449
f 1295/4323/467 1297/4324/467 1296/4325/467 1294/4326/467
f 1297/4327/146 1299/4328/146 1298/4329/146 1296/4330/146
f 1299/4331/468 1301/4332/468 1300/4333/468 1298/4334/468
f 1301/4335/31 1303/4336/31 1302/4337/31 1300/4338/31
f 1303/4339/118 1305/4340/118 1304/4341/118 1302/4342/118
f 1305/4343/47 1307/4344/47 1306/4345/47 1304/4346/47
f 1307/4347/119 1309/4348/119 1308/4349/119 1306/4350/119
f 1309/4351/120 1311/4352/120 1310/4353/120 1308/4354/120
f 1311/4355/126 1313/4356/126 1312/4357/126 1310/4358/126
f 1313/4359/37 1293/4360/37 1290/4361/37 1312/4362/37
f 1290/4363/38 1291/4364/38 1294/4365/38 1296/4366/38 1298/4367/38 1300/4368/38 1302/4369/38 1304/4370/38 1306/4371/38 1308/4372/38 1310/4373/38 1312/4374/38
f 1313/4375/39 1311/4376/39 1309/4377/39 1307/4378/39 1305/4379/39 1303/4380/39 1301/4381/39 1299/4382/39 1297/4383/39 1295/4384/39 1292/4385/39 1293/4386/39
f 1317/4387/26 1316/4388/26 1315/4389/26 1314/4390/26
f 1316/4391/449 1319/4392/449 1318/4393/449 1315/4394/449
f 1319/4395/133 1321/4396/133 1320/4397/133 1318/4398/133
f 1321/4399/131 1323/4400/131 1322/4401/131 1320/4402/131
f 1323/4403/468 1325/4404/468 1324/4405/468 1322/4406/468
f 1325/4407/469 1327/4408/469 1326/4409/469 1324/4410/469
f 1327/4411/470 1329/4412/470 1328/4413/470 1326/4414/470
f 1329/4415/33 1331/4416/33 1330/4417/33 1328/4418/33
f 1331/4419/124 1333/4420/124 1332/4421/124 1330/4422/124
f 1333/4423/465 1335/4424/465 1334/4425/465 1332/4426/465
f 1335/4427/466 1337/4428/466 1336/4429/466 1334/4430/466
f 1337/4431/37 1317/4432/37 1314/4433/37 1336/4434/37
f 1314/4435/38 1315/4436/38 1318/4437/38 1320/4438/38 1322/4439/38 1324/4440/38 1326/4441/38 1328/4442/38 1330/4443/38 1332/4444/38 1334/4445/38 1336/4446/38
f 1337/4447/39 1335/4448/39 1333/4449/39 1331/4450/39 1329/4451/39 1327/4452/39 1325/4453/39 1323/4454/39 1321/4455/39 1319/4456/39 1316/4457/39 1317/4458/39
f 1341/4459/26 1340/4460/26 1339/4461/26 1338/4462/26
f 1340/4463/446 1343/4464/446 1342/4465/446 1339/4466/446
f 1343/4467/153 1345/4468/153 1344/4469/153 1342/4470/153
f 1345/4471/146 1347/4472/146 1346/4473/146 1344/4474/146
f 1347/4475/30 1349/4476/30 1348/4477/30 1346/4478/30
f 1349/4479/31 1351/4480/31 1350/4481/31 1348/4482/31
f 1351/4483/134 1353/4484/134 1352/4485/134 1350/4486/134
f 1353/4487/447 1355/4488/447 1354/4489/447 1352/4490/447
f 1355/4491/450 1357/4492/450 1356/4493/450 1354/4494/450
f 1357/4495/152 1359/4496/152 1358/4497/152 1356/4498/152
f 1359/4499/36 1361/4500/36 1360/4501/36 1358/4502/36
f 1361/4503/37 1341/4504/37 1338/4505/37 1360/4506/37
f 1338/4507/38 1339/4508/38 1342/4509/38 1344/4510/38 1346/4511/38 1348/4512/38 1350/4513/38 1352/4514/38 1354/4515/38 1356/4516/38 1358/4517/38 1360/4518/38
f 1361/4519/39 1359/4520/39 1357/4521/39 1355/4522/39 1353/4523/39 1351/4524/39 1349/4525/39 1347/4526/39 1345/4527/39 1343/4528/39 1340/4529/39 1341/4530/39
f 1365/4531/26 1364/4532/26 1363/4533/26 1362/4534/26
f 1364/4535/41 1367/4536/41 1366/4537/41 1363/4538/41
f 1367/4539/121 1369/4540/121 1368/4541/121 1366/4542/121
f 1369/4543/29 1371/4544/29 1370/4545/29 1368/4546/29
f 1371/4547/468 1373/4548/468 1372/4549/468 1370/4550/468
f 1373/4551/471 1375/4552/471 1374/4553/471 1372/4554/471
f 1375/4555/32 1377/4556/32 1376/4557/32 1374/4558/32
f 1377/4559/132 1379/4560/132 1378/4561/132 1376/4562/132
f 1379/4563/34 1381/4564/34 1380/4565/34 1378/4566/34
f 1381/4567/120 1383/4568/120 1382/4569/120 1380/4570/120
f 1383/4571/36 1385/4572/36 1384/4573/36 1382/4574/36
f 1385/4575/37 1365/4576/37 1362/4577/37 1384/4578/37
f 1362/4579/38 1363/4580/38 1366/4581/38 1368/4582/38 1370/4583/38 1372/4584/38 1374/4585/38 1376/4586/38 1378/4587/38 1380/4588/38 1382/4589/38 1384/4590/38
f 1385/4591/39 1383/4592/39 1381/4593/39 1379/4594/39 1377/4595/39 1375/4596/39 1373/4597/39 1371/4598/39 1369/4599/39 1367/4600/39 1364/4601/39 1365/4602/39
f 1389/4603/128 1388/4604/128 1387/4605/128 1386/4606/128
f 1388/4607/27 1391/4608/27 1390/4609/27 1387/4610/27
f 1391/4611/453 1393/4612/453 1392/4613/453 1390/4614/453
f 1393/4615/131 1395/4616/131 1394/4617/131 1392/4618/131
f 1395/4619/468 1397/4620/468 1396/4621/468 1394/4622/468
f 1397/4623/451 1399/4624/451 1398/4625/451 1396/4626/451
f 1399/4627/134 1401/4628/134 1400/4629/134 1398/4630/134
f 1401/4631/447 1403/4632/447 1402/4633/447 1400/4634/447
f 1403/4635/124 1405/4636/124 1404/4637/124 1402/4638/124
f 1405/4639/125 1407/4640/125 1406/4641/125 1404/4642/125
f 1407/4643/126 1409/4644/126 1408/4645/126 1406/4646/126
f 1409/4647/127 1389/4648/127 1386/4649/127 1408/4650/127
f 1386/4651/38 1387/4652/38 1390/4653/38 1392/4654/38 1394/4655/38 1396/4656/38 1398/4657/38 1400/4658/38 1402/4659/38 1404/4660/38 1406/4661/38 1408/4662/38
f 1409/4663/39 1407/4664/39 1405/4665/39 1403/4666/39 1401/4667/39 1399/4668/39 1397/4669/39 1395/4670/39 1393/4671/39 1391/4672/39 1388/4673/39 1389/4674/39
f 1413/4675/448 1412/4676/448 1411/4677/448 1410/4678/448
f 1412/4679/449 1415/4680/449 1414/4681/449 1411/4682/449
f 1415/4683/121 1417/4684/121 1416/4685/121 1414/4686/121
f 1417/4687/115 1419/4688/115 1418/4689/115 1416/4690/115
f 1419/4691/30 1421/4692/30 1420/4693/30 1418/4694/30
f 1421/4695/117 1423/4696/117 1422/4697/117 1420/4698/117
f 1423/4699/118 1425/4700/118 1424/4701/118 1422/4702/118
f 1425/4703/132 1427/4704/132 1426/4705/132 1424/4706/132
f 1427/4707/108 1429/4708/108 1428/4709/108 1426/4710/108
f 1429/4711/120 1431/4712/120 1430/4713/120 1428/4714/120
f 1431/4715/36 1433/4716/36 1432/4717/36 1430/4718/36
f 1433/4719/37 1413/4720/37 1410/4721/37 1432/4722/37
f 1410/4723/38 1411/4724/38 1414/4725/38 1416/4726/38 1418/4727/38 1420/4728/38 1422/4729/38 1424/4730/38 1426/4731/38 1428/4732/38 1430/4733/38 1432/4734/38
f 1433/4735/39 1431/4736/39 1429/4737/39 1427/4738/39 1425/4739/39 1423/4740/39 1421/4741/39 1419/4742/39 1417/4743/39 1415/4744/39 1412/4745/39 1413/4746/39
f 1461/4747/87 1460/4748/87 1459/4749/87 1458/4750/87
f 1460/4751/456 1463/4752/456 1462/4753/456 1459/4754/456
f 1463/4755/85 1465/4756/85 1464/4757/85 1462/4758/85
f 1465/4759/84 1467/4760/84 1466/4761/84 1464/4762/84
f 1467/4763/461 1469/4764/461 1468/4765/461 1466/4766/461
f 1469/4767/82 1471/4768/82 1470/4769/82 1468/4770/82
f 1471/4771/81 1473/4772/81 1472/4773/81 1470/4774/81
f 1473/4775/460 1475/4776/460 1474/4777/460 1472/4778/460
f 1475/4779/459 1477/4780/459 1476/4781/459 1474/4782/459
f 1477/4783/458 1479/4784/458 1478/4785/458 1476/4786/458
f 1479/4787/457 1481/4788/457 1480/4789/457 1478/4790/457
f 1481/4791/76 1461/4792/76 1458/4793/76 1480/4794/76
f 1458/4795/89 1459/4796/89 1462/4797/89 1464/4798/89 1466/4799/89 1468/4800/89 1470/4801/89 1472/4802/89 1474/4803/89 1476/4804/89 1478/4805/89 1480/4806/89
f 1481/4807/88 1479/4808/88 1477/4809/88 1475/4810/88 1473/4811/88 1471/4812/88 1469/4813/88 1467/4814/88 1465/4815/88 1463/4816/88 1460/4817/88 1461/4818/88
f 1533/5059/15 1532/5060/15 1531/5061/15 1530/5062/15
f 1532/5063/412 1535/5064/412 1534/5065/412 1531/5066/412
f 1535/5067/482 1537/5068/482 1536/5069/482 1534/5070/482
f 1537/5071/414 1539/5072/414 1538/5073/414 1536/5074/414
f 1539/5075/483 1541/5076/483 1540/5077/483 1538/5078/483
f 1541/5079/19 1543/5080/19 1542/5081/19 1540/5082/19
f 1543/5083/20 1545/5084/20 1544/5085/20 1542/5086/20
f 1545/5087/21 1547/5088/21 1546/5089/21 1544/5090/21
f 1547/5091/484 1549/5092/484 1548/5093/484 1546/5094/484
f 1549/5095/23 1551/5096/23 1550/5097/23 1548/5098/23
f 1551/5099/24 1553/5100/24 1552/5101/24 1550/5102/24
f 1553/5103/25 1533/5104/25 1530/5105/25 1552/5106/25
f 1530/5107/13 1531/3250/13 1534/51/13 1536/3252/13 1538/53/13 1540/3253/13 1542/3254/13 1544/56/13 1546/57/13 1548/58/13 1550/3255/13 1552/3256/13
f 1553/5108/14 1551/5109/14 1549/5110/14 1547/64/14 1545/65/14 1543/66/14 1541/67/14 1539/5111/14 1537/3258/14 1535/5112/14 1532/71/14 1533/72/14
f 1605/5281/454 1604/5282/454 1603/5283/454 1602/5284/454
f 1604/5285/41 1607/5286/41 1606/5287/41 1603/5288/41
f 1607/5289/28 1609/5290/28 1608/5291/28 1606/5292/28
f 1609/5293/29 1611/5294/29 1610/5295/29 1608/5296/29
f 1611/5297/30 1613/5298/30 1612/5299/30 1610/5300/30
f 1613/5301/31 1615/5302/31 1614/5303/31 1612/5304/31
f 1615/5305/32 1617/5306/32 1616/5307/32 1614/5308/32
f 1617/5309/33 1619/5310/33 1618/5311/33 1616/5312/33
f 1619/5313/34 1621/5314/34 1620/5315/34 1618/5316/34
f 1621/5317/35 1623/5318/35 1622/5319/35 1620/5320/35
f 1623/5321/36 1625/5322/36 1624/5323/36 1622/5324/36
f 1625/5325/37 1605/5326/37 1602/5327/37 1624/5328/37
f 1602/5329/38 1603/5330/38 1606/5331/38 1608/5332/38 1610/5333/38 1612/5334/38 1614/5335/38 1616/5336/38 1618/5337/38 1620/5338/38 1622/5339/38 1624/5340/38
f 1625/5341/39 1623/5342/39 1621/5343/39 1619/5344/39 1617/5345/39 1615/5346/39 1613/5347/39 1611/5348/39 1609/5349/39 1607/5350/39 1604/5351/39 1605/5352/39
f 1629/5353/87 1628/5354/87 1627/5355/87 1626/5356/87
f 1628/5357/513 1631/5358/513 1630/5359/513 1627/5360/513
f 1631/5361/514 1633/5362/514 1632/5363/514 1630/5364/514
f 1633/5365/515 1635/5366/515 1634/5367/515 1632/5368/515
f 1635/5369/516 1637/5370/516 1636/5371/516 1634/5372/516
f 1637/5373/82 1639/5374/82 1638/5375/82 1636/5376/82
f 1639/5377/81 1641/5378/81 1640/5379/81 1638/5380/81
f 1641/5381/80 1643/5382/80 1642/5383/80 1640/5384/80
f 1643/5385/517 1645/5386/517 1644/5387/517 1642/5388/517
f 1645/5389/518 1647/5390/518 1646/5391/518 1644/5392/518
f 1647/5393/77 1649/5394/77 1648/5395/77 1646/5396/77
f 1649/5397/76 1629/5398/76 1626/5399/76 1648/5400/76
f 1626/5401/89 1627/5402/89 1630/5403/89 1632/5404/89 1634/5405/89 1636/5406/89 1638/5407/89 1640/5408/89 1642/5409/89 1644/5410/89 1646/5411/89 1648/5412/89
f 1649/5413/88 1647/5414/88 1645/5415/88 1643/5416/88 1641/5417/88 1639/5418/88 1637/5419/88 1635/5420/88 1633/5421/88 1631/5422/88 1628/5423/88 1629/5424/88
f 1653/5425/87 1652/5426/87 1651/5427/87 1650/5428/87
f 1652/5429/86 1655/5430/86 1654/5431/86 1651/5432/86
f 1655/5433/85 1657/5434/85 1656/5435/85 1654/5436/85
f 1657/5437/84 1659/5438/84 1658/5439/84 1656/5440/84
f 1659/5441/83 1661/5442/83 1660/5443/83 1658/5444/83
f 1661/5445/82 1663/5446/82 1662/5447/82 1660/5448/82
f 1663/5449/81 1665/5450/81 1664/5451/81 1662/5452/81
f 1665/5453/80 1667/5454/80 1666/5455/80 1664/5456/80
f 1667/5457/519 1669/5458/519 1668/5459/519 1666/5460/519
f 1669/5461/520 1671/5462/520 1670/5463/520 1668/5464/520
f 1671/5465/77 1673/5466/77 1672/5467/77 1670/5468/77
f 1673/5469/76 1653/5470/76 1650/5471/76 1672/5472/76
f 1650/5473/89 1651/5474/89 1654/5475/89 1656/5476/89 1658/5477/89 1660/5478/89 1662/5479/89 1664/5480/89 1666/5481/89 1668/5482/89 1670/5483/89 1672/5484/89
f 1673/5485/88 1671/5486/88 1669/5487/88 1667/5488/88 1665/5489/88 1663/5490/88 1661/5491/88 1659/5492/88 1657/5493/88 1655/5494/88 1652/5495/88 1653/5496/88
f 1709/5617/26 1708/5618/26 1707/5619/26 1706/5620/26
f 1708/5621/27 1711/5622/27 1710/5623/27 1707/5624/27
f 1711/5625/28 1713/5626/28 1712/5627/28 1710/5628/28
f 1713/5629/29 1715/5630/29 1714/5631/29 1712/5632/29
f 1715/5633/30 1717/5634/30 1716/5635/30 1714/5636/30
f 1717/5637/31 1719/5638/31 1718/5639/31 1716/5640/31
f 1719/5641/134 1721/5642/134 1720/5643/134 1718/5644/134
f 1721/5645/47 1723/5646/47 1722/5647/47 1720/5648/47
f 1723/5649/108 1725/5650/108 1724/5651/108 1722/5652/108
f 1725/5653/120 1727/5654/120 1726/5655/120 1724/5656/120
f 1727/5657/36 1729/5658/36 1728/5659/36 1726/5660/36
f 1729/5661/37 1709/5662/37 1706/5663/37 1728/5664/37
f 1706/5665/38 1707/5666/38 1710/5667/38 1712/5668/38 1714/5669/38 1716/5670/38 1718/5671/38 1720/5672/38 1722/5673/38 1724/5674/38 1726/5675/38 1728/5676/38
f 1729/5677/39 1727/5678/39 1725/5679/39 1723/5680/39 1721/5681/39 1719/5682/39 1717/5683/39 1715/5684/39 1713/5685/39 1711/5686/39 1708/5687/39 1709/5688/39
f 1781/5857/26 1780/5858/26 1779/5859/26 1778/5860/26
f 1780/5861/41 1783/5862/41 1782/5863/41 1779/5864/41
f 1783/5865/133 1785/5866/133 1784/5867/133 1782/5868/133
f 1785/5869/29 1787/5870/29 1786/5871/29 1784/5872/29
f 1787/5873/30 1789/5874/30 1788/5875/30 1786/5876/30
f 1789/5877/31 1791/5878/31 1790/5879/31 1788/5880/31
f 1791/5881/32 1793/5882/32 1792/5883/32 1790/5884/32
f 1793/5885/47 1795/5886/47 1794/5887/47 1792/5888/47
f 1795/5889/108 1797/5890/108 1796/5891/108 1794/5892/108
f 1797/5893/35 1799/5894/35 1798/5895/35 1796/5896/35
f 1799/5897/36 1801/5898/36 1800/5899/36 1798/5900/36
f 1801/5901/37 1781/5902/37 1778/5903/37 1800/5904/37
f 1778/5905/38 1779/5906/38 1782/5907/38 1784/5908/38 1786/5909/38 1788/5910/38 1790/5911/38 1792/5912/38 1794/5913/38 1796/5914/38 1798/5915/38 1800/5916/38
f 1801/5917/39 1799/5918/39 1797/5919/39 1795/5920/39 1793/5921/39 1791/5922/39 1789/5923/39 1787/5924/39 1785/5925/39 1783/5926/39 1780/5927/39 1781/5928/39
f 1805/5929/550 1804/5930/550 1803/5931/550 1802/5932/550
f 1804/5933/551 1807/5934/551 1806/5935/551 1803/5936/551
f 1807/5937/552 1809/5938/552 1808/5939/552 1806/5940/552
f 1809/5941/553 1811/5942/553 1810/5943/553 1808/5944/553
f 1811/5945/554 1813/5946/554 1812/5947/554 1810/5948/554
f 1813/5949/555 1815/5950/555 1814/5951/555 1812/5952/555
f 1815/5953/556 1817/5954/556 1816/5955/556 1814/5956/556
f 1817/5957/557 1819/5958/557 1818/5959/557 1816/5960/557
f 1819/5961/558 1805/5962/558 1802/5963/558 1818/5964/558
f 1802/5965/559 1803/5966/559 1806/5967/559 1808/5968/559 1810/5969/559 1812/5970/559 1814/5971/559 1816/5972/559 1818/5973/559
f 1819/5974/560 1817/5975/560 1815/5976/560 1813/5977/560 1811/5978/560 1809/5979/560 1807/5980/560 1804/5981/560 1805/5982/560
f 1821/5983/561 1820/5984/561 1816/5985/561 1818/5986/561
f 1820/5987/562 1822/5988/562 1814/5989/562 1816/5990/562
f 1822/5991/563 1823/5992/563 1812/5993/563 1814/5994/563
f 1823/5995/564 1824/5996/564 1810/5997/564 1812/5998/564
f 1824/5999/565 1825/6000/565 1808/6001/565 1810/6002/565
f 1825/6003/566 1826/6004/566 1806/6005/566 1808/6006/566
f 1826/6007/567 1827/6008/567 1803/6009/567 1806/6010/567
f 1827/6011/568 1828/6012/568 1802/6013/568 1803/6014/568
f 1828/6015/569 1821/6016/569 1818/6017/569 1802/6018/569
f 1830/6019/570 1829/6020/570 1820/6021/570 1821/6022/570
f 1829/6023/571 1831/6024/571 1822/6025/571 1820/6026/571
f 1831/6027/572 1832/6028/572 1823/6029/572 1822/6030/572
f 1832/6031/573 1833/6032/573 1824/6033/573 1823/6034/573
f 1833/6035/574 1834/6036/574 1825/6037/574 1824/6038/574
f 1834/6039/575 1835/6040/575 1826/6041/575 1825/6042/575
f 1835/6043/576 1836/6044/576 1827/6045/576 1826/6046/576
f 1836/6047/577 1837/6048/577 1828/6049/577 1827/6050/577
f 1837/6051/578 1830/6052/578 1821/6053/578 1828/6054/578
f 1839/6055/579 1838/6056/579 1829/6057/579 1830/6058/579
f 1838/6059/580 1840/6060/580 1831/6061/580 1829/6062/580
f 1840/6063/581 1841/6064/581 1832/6065/581 1831/6066/581
f 1841/6067/582 1842/6068/582 1833/6069/582 1832/6070/582
f 1842/6071/583 1843/6072/583 1834/6073/583 1833/6074/583
f 1843/6075/584 1844/6076/584 1835/6077/584 1834/6078/584
f 1844/6079/585 1845/6080/585 1836/6081/585 1835/6082/585
f 1845/6083/586 1846/6084/586 1837/6085/586 1836/6086/586
f 1846/6087/587 1839/6088/587 1830/6089/587 1837/6090/587
f 1848/6091/588 1847/6092/588 1838/6093/588 1839/6094/588
f 1847/6095/589 1849/6096/589 1840/6097/589 1838/6098/589
f 1849/6099/590 1850/6100/590 1841/6101/590 1840/6102/590
f 1850/6103/591 1851/6104/591 1842/6105/591 1841/6106/591
f 1851/6107/592 1852/6108/592 1843/6109/592 1842/6110/592
f 1852/6111/593 1853/6112/593 1844/6113/593 1843/6114/593
f 1853/6115/594 1854/6116/594 1845/6117/594 1844/6118/594
f 1854/6119/595 1855/6120/595 1846/6121/595 1845/6122/595
f 1855/6123/596 1848/6124/596 1839/6125/596 1846/6126/596
f 1857/6127/597 1856/6128/597 1847/6129/597 1848/6130/597
f 1856/6131/598 1858/6132/598 1849/6133/598 1847/6134/598
f 1858/6135/599 1859/6136/599 1850/6137/599 1849/6138/599
f 1859/6139/600 1860/6140/600 1851/6141/600 1850/6142/600
f 1860/6143/601 1861/6144/601 1852/6145/601 1851/6146/601
f 1861/6147/602 1862/6148/602 1853/6149/602 1852/6150/602
f 1862/6151/603 1863/6152/603 1854/6153/603 1853/6154/603
f 1863/6155/604 1864/6156/604 1855/6157/604 1854/6158/604
f 1864/6159/605 1857/6160/605 1848/6161/605 1855/6162/605
f 1866/6163/606 1865/6164/606 1856/6165/606 1857/6166/606
f 1865/6167/607 1867/6168/607 1858/6169/607 1856/6170/607
f 1867/6171/608 1868/6172/608 1859/6173/608 1858/6174/608
f 1868/6175/609 1869/6176/609 1860/6177/609 1859/6178/609
f 1869/6179/610 1870/6180/610 1861/6181/610 1860/6182/610
f 1870/6183/611 1871/6184/611 1862/6185/611 1861/6186/611
f 1871/6187/612 1872/6188/612 1863/6189/612 1862/6190/612
f 1872/6191/613 1873/6192/613 1864/6193/613 1863/6194/613
f 1873/6195/614 1866/6196/614 1857/6197/614 1864/6198/614
f 1875/6199/615 1874/6200/615 1865/6201/615 1866/6202/615
f 1874/6203/616 1876/6204/616 1867/6205/616 1865/6206/616
f 1876/6207/617 1877/6208/617 1868/6209/617 1867/6210/617
f 1877/6211/618 1878/6212/618 1869/6213/618 1868/6214/618
f 1878/6215/619 1879/6216/619 1870/6217/619 1869/6218/619
f 1879/6219/620 1880/6220/620 1871/6221/620 1870/6222/620
f 1880/6223/621 1881/6224/621 1872/6225/621 1871/6226/621
f 1881/6227/622 1882/6228/622 1873/6229/622 1872/6230/622
f 1882/6231/623 1875/6232/623 1866/6233/623 1873/6234/623
f 1884/6235/624 1883/6236/624 1874/6237/624 1875/6238/624
f 1883/6239/625 1885/6240/625 1876/6241/625 1874/6242/625
f 1885/6243/626 1886/6244/626 1877/6245/626 1876/6246/626
f 1886/6247/627 1887/6248/627 1878/6249/627 1877/6250/627
f 1887/6251/628 1888/6252/628 1879/6253/628 1878/6254/628
f 1888/6255/629 1889/6256/629 1880/6257/629 1879/6258/629
f 1889/6259/630 1890/6260/630 1881/6261/630 1880/6262/630
f 1890/6263/631 1891/6264/631 1882/6265/631 1881/6266/631
f 1891/6267/632 1884/6268/632 1875/6269/632 1882/6270/632
f 1893/6271/633 1892/6272/633 1883/6273/633 1884/6274/633
f 1892/6275/634 1894/6276/634 1885/6277/634 1883/6278/634
f 1894/6279/635 1895/6280/635 1886/6281/635 1885/6282/635
f 1895/6283/636 1896/6284/636 1887/6285/636 1886/6286/636
f 1896/6287/637 1897/6288/637 1888/6289/637 1887/6290/637
f 1897/6291/638 1898/6292/638 1889/6293/638 1888/6294/638
f 1898/6295/639 1899/6296/639 1890/6297/639 1889/6298/639
f 1899/6299/640 1900/6300/640 1891/6301/640 1890/6302/640
f 1900/6303/641 1893/6304/641 1884/6305/641 1891/6306/641
f 1902/6307/642 1901/6308/642 1892/6309/642 1893/6310/642
f 1901/6311/643 1903/6312/643 1894/6313/643 1892/6314/643
f 1903/6315/644 1904/6316/644 1895/6317/644 1894/6318/644
f 1904/6319/645 1905/6320/645 1896/6321/645 1895/6322/645
f 1905/6323/646 1906/6324/646 1897/6325/646 1896/6326/646
f 1906/6327/647 1907/6328/647 1898/6329/647 1897/6330/647
f 1907/6331/648 1908/6332/648 1899/6333/648 1898/6334/648
f 1908/6335/649 1909/6336/649 1900/6337/649 1899/6338/649
f 1909/6339/650 1902/6340/650 1893/6341/650 1900/6342/650
f 1911/6343/651 1910/6344/651 1901/6345/651 1902/6346/651
f 1910/6347/652 1912/6348/652 1903/6349/652 1901/6350/652
f 1912/6351/653 1913/6352/653 1904/6353/653 1903/6354/653
f 1913/6355/654 1914/6356/654 1905/6357/654 1904/6358/654
f 1914/6359/655 1915/6360/655 1906/6361/655 1905/6362/655
f 1915/6363/656 1916/6364/656 1907/6365/656 1906/6366/656
f 1916/6367/657 1917/6368/657 1908/6369/657 1907/6370/657
f 1917/6371/658 1918/6372/658 1909/6373/658 1908/6374/658
f 1918/6375/659 1911/6376/659 1902/6377/659 1909/6378/659
f 1920/6379/660 1919/6380/660 1910/6381/660 1911/6382/660
f 1919/6383/661 1921/6384/661 1912/6385/661 1910/6386/661
f 1921/6387/662 1922/6388/662 1913/6389/662 1912/6390/662
f 1922/6391/663 1923/6392/663 1914/6393/663 1913/6394/663
f 1923/6395/664 1924/6396/664 1915/6397/664 1914/6398/664
f 1924/6399/665 1925/6400/665 1916/6401/665 1915/6402/665
f 1925/6403/666 1926/6404/666 1917/6405/666 1916/6406/666
f 1926/6407/667 1927/6408/667 1918/6409/667 1917/6410/667
f 1927/6411/668 1920/6412/668 1911/6413/668 1918/6414/668
f 1929/6415/669 1928/6416/669 1919/6417/669 1920/6418/669
f 1928/6419/670 1930/6420/670 1921/6421/670 1919/6422/670
f 1930/6423/671 1931/6424/671 1922/6425/671 1921/6426/671
f 1931/6427/672 1932/6428/672 1923/6429/672 1922/6430/672
f 1932/6431/673 1933/6432/673 1924/6433/673 1923/6434/673
f 1933/6435/674 1934/6436/674 1925/6437/674 1924/6438/674
f 1934/6439/675 1935/6440/675 1926/6441/675 1925/6442/675
f 1935/6443/676 1936/6444/676 1927/6445/676 1926/6446/676
f 1936/6447/677 1929/6448/677 1920/6449/677 1927/6450/677
f 1938/6451/678 1937/6452/678 1928/6453/678 1929/6454/678
f 1937/6455/679 1939/6456/679 1930/6457/679 1928/6458/679
f 1939/6459/680 1940/6460/680 1931/6461/680 1930/6462/680
f 1940/6463/681 1941/6464/681 1932/6465/681 1931/6466/681
f 1941/6467/682 1942/6468/682 1933/6469/682 1932/6470/682
f 1942/6471/683 1943/6472/683 1934/6473/683 1933/6474/683
f 1943/6475/684 1944/6476/684 1935/6477/684 1934/6478/684
f 1944/6479/685 1945/6480/685 1936/6481/685 1935/6482/685
f 1945/6483/686 1938/6484/686 1929/6485/686 1936/6486/686
f 1947/6487/687 1946/6488/687 1937/6489/687 1938/6490/687
f 1946/6491/688 1948/6492/688 1939/6493/688 1937/6494/688
f 1948/6495/689 1949/6496/689 1940/6497/689 1939/6498/689
f 1949/6499/690 1950/6500/690 1941/6501/690 1940/6502/690
f 1950/6503/691 1951/6504/691 1942/6505/691 1941/6506/691
f 1951/6507/692 1952/6508/692 1943/6509/692 1942/6510/692
f 1952/6511/693 1953/6512/693 1944/6513/693 1943/6514/693
f 1953/6515/694 1954/6516/694 1945/6517/694 1944/6518/694
f 1954/6519/695 1947/6520/695 1938/6521/695 1945/6522/695
f 1958/6523/696 1957/6524/696 1956/6525/696 1955/6526/696
f 1957/6527/697 1960/6528/697 1959/6529/697 1956/6530/697
f 1960/6531/698 1962/6532/698 1961/6533/698 1959/6534/698
f 1962/6535/699 1964/6536/699 1963/6537/699 1961/6538/699
f 1964/6539/700 1966/6540/700 1965/6541/700 1963/6542/700
f 1966/6543/701 1968/6544/701 1967/6545/701 1965/6546/701
f 1968/6547/702 1970/6548/702 1969/6549/702 1967/6550/702
f 1970/6551/703 1972/6552/703 1971/6553/703 1969/6554/703
f 1972/6555/704 1958/6556/704 1955/6557/704 1971/6558/704
f 1955/6559/705 1956/6560/705 1959/6561/705 1961/6562/705 1963/6563/705 1965/6564/705 1967/6565/705 1969/6566/705 1971/6567/705
f 1972/6568/706 1970/6569/706 1968/6570/706 1966/6571/706 1964/6572/706 1962/6573/706 1960/6574/706 1957/6575/706 1958/6576/706
f 1974/6577/707 1973/6578/707 1969/6579/707 1971/6580/707
f 1973/6581/708 1975/6582/708 1967/6583/708 1969/6584/708
f 1975/6585/709 1976/6586/709 1965/6587/709 1967/6588/709
f 1976/6589/710 1977/6590/710 1963/6591/710 1965/6592/710
f 1977/6593/711 1978/6594/711 1961/6595/711 1963/6596/711
f 1978/6597/712 1979/6598/712 1959/6599/712 1961/6600/712
f 1979/6601/713 1980/6602/713 1956/6603/713 1959/6604/713
f 1980/6605/714 1981/6606/714 1955/6607/714 1956/6608/714
f 1981/6609/715 1974/6610/715 1971/6611/715 1955/6612/715
f 1981/6613/716 1980/6614/716 1979/6615/716 1978/6616/716 1977/6617/716 1976/6618/716 1975/6619/716 1973/6620/716 1974/6621/716
f 1983/6622/717 1982/6623/717 1973/6624/717 1974/6625/717
f 1982/6626/718 1984/6627/718 1975/6628/718 1973/6629/718
f 1984/6630/719 1985/6631/719 1976/6632/719 1975/6633/719
f 1985/6634/720 1986/6635/720 1977/6636/720 1976/6637/720
f 1986/6638/721 1987/6639/721 1978/6640/721 1977/6641/721
f 1987/6642/722 1988/6643/722 1979/6644/722 1978/6645/722
f 1988/6646/723 1989/6647/723 1980/6648/723 1979/6649/723
f 1989/6650/724 1990/6651/724 1981/6652/724 1980/6653/724
f 1990/6654/725 1983/6655/725 1974/6656/725 1981/6657/725
f 1990/6658/726 1989/6659/726 1988/6660/726 1987/6661/726 1986/6662/726 1985/6663/726 1984/6664/726 1982/6665/726 1983/6666/726
f 1992/6667/727 1991/6668/727 1982/6669/727 1983/6670/727
f 1991/6671/728 1993/6672/728 1984/6673/728 1982/6674/728
f 1993/6675/729 1994/6676/729 1985/6677/729 1984/6678/729
f 1994/6679/730 1995/6680/730 1986/6681/730 1985/6682/730
f 1995/6683/731 1996/6684/731 1987/6685/731 1986/6686/731
f 1996/6687/732 1997/6688/732 1988/6689/732 1987/6690/732
f 1997/6691/733 1998/6692/733 1989/6693/733 1988/6694/733
f 1998/6695/734 1999/6696/734 1990/6697/734 1989/6698/734
f 1999/6699/735 1992/6700/735 1983/6701/735 1990/6702/735
f 1999/6703/736 1998/6704/736 1997/6705/736 1996/6706/736 1995/6707/736 1994/6708/736 1993/6709/736 1991/6710/736 1992/6711/736
f 2001/6712/737 2000/6713/737 1991/6714/737 1992/6715/737
f 2000/6716/738 2002/6717/738 1993/6718/738 1991/6719/738
f 2002/6720/739 2003/6721/739 1994/6722/739 1993/6723/739
f 2003/6724/740 2004/6725/740 1995/6726/740 1994/6727/740
f 2004/6728/741 2005/6729/741 1996/6730/741 1995/6731/741
f 2005/6732/742 2006/6733/742 1997/6734/742 1996/6735/742
f 2006/6736/743 2007/6737/743 1998/6738/743 1997/6739/743
f 2007/6740/744 2008/6741/744 1999/6742/744 1998/6743/744
f 2008/6744/745 2001/6745/745 1992/6746/745 1999/6747/745
f 2008/6748/746 2007/6749/746 2006/6750/746 2005/6751/746 2004/6752/746 2003/6753/746 2002/6754/746 2000/6755/746 2001/6756/746
f 2010/6757/747 2009/6758/747 2000/6759/747 2001/6760/747
f 2009/6761/748 2011/6762/748 2002/6763/748 2000/6764/748
f 2011/6765/749 2012/6766/749 2003/6767/749 2002/6768/749
f 2012/6769/750 2013/6770/750 2004/6771/750 2003/6772/750
f 2013/6773/751 2014/6774/751 2005/6775/751 2004/6776/751
f 2014/6777/752 2015/6778/752 2006/6779/752 2005/6780/752
f 2015/6781/753 2016/6782/753 2007/6783/753 2006/6784/753
f 2016/6785/754 2017/6786/754 2008/6787/754 2007/6788/754
f 2017/6789/755 2010/6790/755 2001/6791/755 2008/6792/755
f 2017/6793/756 2016/6794/756 2015/6795/756 2014/6796/756 2013/6797/756 2012/6798/756 2011/6799/756 2009/6800/756 2010/6801/756
f 2019/6802/757 2018/6803/757 2009/6804/757 2010/6805/757
f 2018/6806/758 2020/6807/758 2011/6808/758 2009/6809/758
f 2020/6810/759 2021/6811/759 2012/6812/759 2011/6813/759
f 2021/6814/760 2022/6815/760 2013/6816/760 2012/6817/760
f 2022/6818/761 2023/6819/761 2014/6820/761 2013/6821/761
f 2023/6822/762 2024/6823/762 2015/6824/762 2014/6825/762
f 2024/6826/763 2025/6827/763 2016/6828/763 2015/6829/763
f 2025/6830/764 2026/6831/764 2017/6832/764 2016/6833/764
f 2026/6834/765 2019/6835/765 2010/6836/765 2017/6837/765
f 2026/6838/766 2025/6839/766 2024/6840/766 2023/6841/766 2022/6842/766 2021/6843/766 2020/6844/766 2018/6845/766 2019/6846/766
f 2030/6982/76 2029/6983/76 2028/6984/76 2027/6985/76
f 2029/6986/77 2032/6987/77 2031/6988/77 2028/6989/77
f 2032/6990/78 2034/6991/78 2033/6992/78 2031/6993/78
f 2034/6994/79 2036/6995/79 2035/6996/79 2033/6997/79
f 2036/6998/80 2038/6999/80 2037/7000/80 2035/7001/80
f 2038/7002/81 2040/7003/81 2039/7004/81 2037/7005/81
f 2040/7006/82 2042/7007/82 2041/7008/82 2039/7009/82
f 2042/7010/461 2044/7011/461 2043/7012/461 2041/7013/461
f 2044/7014/462 2046/7015/462 2045/7016/462 2043/7017/462
f 2046/7018/455 2048/7019/455 2047/7020/455 2045/7021/455
f 2048/7022/86 2050/7023/86 2049/7024/86 2047/7025/86
f 2050/7026/87 2030/7027/87 2027/7028/87 2049/7029/87
f 2027/7030/88 2028/7031/88 2031/7032/88 2033/7033/88 2035/7034/88 2037/7035/88 2039/7036/88 2041/7037/88 2043/7038/88 2045/7039/88 2047/7040/88 2049/7041/88
f 2050/7042/89 2048/7043/89 2046/7044/89 2044/7045/89 2042/7046/89 2040/7047/89 2038/7048/89 2036/7049/89 2034/7050/89 2032/7051/89 2029/7052/89 2030/7053/89
f 2054/7054/26 2053/7055/26 2052/7056/26 2051/7057/26
f 2053/7058/27 2056/7059/27 2055/7060/27 2052/7061/27
f 2056/7062/28 2058/7063/28 2057/7064/28 2055/7065/28
f 2058/7066/29 2060/7067/29 2059/7068/29 2057/7069/29
f 2060/7070/116 2062/7071/116 2061/7072/116 2059/7073/116
f 2062/7074/31 2064/7075/31 2063/7076/31 2061/7077/31
f 2064/7078/134 2066/7079/134 2065/7080/134 2063/7081/134
f 2066/7082/47 2068/7083/47 2067/7084/47 2065/7085/47
f 2068/7086/108 2070/7087/108 2069/7088/108 2067/7089/108
f 2070/7090/120 2072/7091/120 2071/7092/120 2069/7093/120
f 2072/7094/36 2074/7095/36 2073/7096/36 2071/7097/36
f 2074/7098/37 2054/7099/37 2051/7100/37 2073/7101/37
f 2051/7102/38 2052/7103/38 2055/7104/38 2057/7105/38 2059/7106/38 2061/7107/38 2063/7108/38 2065/7109/38 2067/7110/38 2069/7111/38 2071/7112/38 2073/7113/38
f 2074/7114/39 2072/7115/39 2070/7116/39 2068/7117/39 2066/7118/39 2064/7119/39 2062/7120/39 2060/7121/39 2058/7122/39 2056/7123/39 2053/7124/39 2054/7125/39
f 2126/7294/26 2125/7295/26 2124/7296/26 2123/7297/26
f 2125/7298/41 2128/7299/41 2127/7300/41 2124/7301/41
f 2128/7302/114 2130/7303/114 2129/7304/114 2127/7305/114
f 2130/7306/29 2132/7307/29 2131/7308/29 2129/7309/29
f 2132/7310/30 2134/7311/30 2133/7312/30 2131/7313/30
f 2134/7314/31 2136/7315/31 2135/7316/31 2133/7317/31
f 2136/7318/32 2138/7319/32 2137/7320/32 2135/7321/32
f 2138/7322/47 2140/7323/47 2139/7324/47 2137/7325/47
f 2140/7326/135 2142/7327/135 2141/7328/135 2139/7329/135
f 2142/7330/120 2144/7331/120 2143/7332/120 2141/7333/120
f 2144/7334/36 2146/7335/36 2145/7336/36 2143/7337/36
f 2146/7338/37 2126/7339/37 2123/7340/37 2145/7341/37
f 2123/7342/38 2124/7343/38 2127/7344/38 2129/7345/38 2131/7346/38 2133/7347/38 2135/7348/38 2137/7349/38 2139/7350/38 2141/7351/38 2143/7352/38 2145/7353/38
f 2146/7354/39 2144/7355/39 2142/7356/39 2140/7357/39 2138/7358/39 2136/7359/39 2134/7360/39 2132/7361/39 2130/7362/39 2128/7363/39 2125/7364/39 2126/7365/39
f 2150/7366/785 2149/7367/785 2148/7368/785 2147/7369/785
f 2149/7370/786 2152/7371/786 2151/7372/786 2148/7373/786
f 2152/7374/787 2154/7375/787 2153/7376/787 2151/7377/787
f 2154/7378/788 2156/7379/788 2155/7380/788 2153/7381/788
f 2156/7382/789 2158/7383/789 2157/7384/789 2155/7385/789
f 2158/7386/790 2160/7387/790 2159/7388/790 2157/7389/790
f 2160/7390/791 2162/7391/791 2161/7392/791 2159/7393/791
f 2162/7394/792 2164/7395/792 2163/7396/792 2161/7397/792
f 2164/7398/793 2150/7399/793 2147/7400/793 2163/7401/793
f 2147/7402/38 2148/7403/38 2151/7404/38 2153/7405/38 2155/7406/38 2157/7407/38 2159/7408/38 2161/7409/38 2163/7410/38
f 2164/7411/39 2162/7412/39 2160/7413/39 2158/7414/39 2156/7415/39 2154/7416/39 2152/7417/39 2149/7418/39 2150/7419/39
f 2224/7612/76 2223/7613/76 2222/7614/76 2221/7615/76
f 2223/7616/77 2226/7617/77 2225/7618/77 2222/7619/77
f 2226/7620/78 2228/7621/78 2227/7622/78 2225/7623/78
f 2228/7624/79 2230/7625/79 2229/7626/79 2227/7627/79
f 2230/7628/80 2232/7629/80 2231/7630/80 2229/7631/80
f 2232/7632/81 2234/7633/81 2233/7634/81 2231/7635/81
f 2234/7636/82 2236/7637/82 2235/7638/82 2233/7639/82
f 2236/7640/461 2238/7641/461 2237/7642/461 2235/7643/461
f 2238/7644/462 2240/7645/462 2239/7646/462 2237/7647/462
f 2240/7648/455 2242/7649/455 2241/7650/455 2239/7651/455
f 2242/7652/86 2244/7653/86 2243/7654/86 2241/7655/86
f 2244/7656/87 2224/7657/87 2221/7658/87 2243/7659/87
f 2221/7660/88 2222/7661/88 2225/7662/88 2227/7663/88 2229/7664/88 2231/7665/88 2233/7666/88 2235/7667/88 2237/7668/88 2239/7669/88 2241/7670/88 2243/7671/88
f 2244/7672/89 2242/7673/89 2240/7674/89 2238/7675/89 2236/7676/89 2234/7677/89 2232/7678/89 2230/7679/89 2228/7680/89 2226/7681/89 2223/7682/89 2224/7683/89
f 2248/7684/802 2247/7685/802 2246/7686/802 2245/7687/802
f 2247/7688/803 2250/7689/803 2249/7690/803 2246/7691/803
f 2250/7692/804 2252/7693/804 2251/7694/804 2249/7695/804
f 2252/7696/805 2254/7697/805 2253/7698/805 2251/7699/805
f 2254/7700/806 2256/7701/806 2255/7702/806 2253/7703/806
f 2256/7704/807 2258/7705/807 2257/7706/807 2255/7707/807
f 2258/7708/808 2260/7709/808 2259/7710/808 2257/7711/808
f 2260/7712/809 2262/7713/809 2261/7714/809 2259/7715/809
f 2262/7716/810 2248/7717/810 2245/7718/810 2261/7719/810
f 2245/7720/811 2246/7721/811 2249/7722/811 2251/7723/811 2253/7724/811 2255/7725/811 2257/7726/811 2259/7727/811 2261/7728/811
f 2262/7729/812 2260/7730/812 2258/7731/812 2256/7732/812 2254/7733/812 2252/7734/812 2250/7735/812 2247/7736/812 2248/7737/812
f 2264/7738/813 2263/7739/813 2259/7740/813 2261/7741/813
f 2263/7742/814 2265/7743/814 2257/7744/814 2259/7745/814
f 2265/7746/815 2266/7747/815 2255/7748/815 2257/7749/815
f 2266/7750/816 2267/7751/816 2253/7752/816 2255/7753/816
f 2267/7754/817 2268/7755/817 2251/7756/817 2253/7757/817
f 2268/7758/818 2269/7759/818 2249/7760/818 2251/7761/818
f 2269/7762/819 2270/7763/819 2246/7764/819 2249/7765/819
f 2270/7766/820 2271/7767/820 2245/7768/820 2246/7769/820
f 2271/7770/821 2264/7771/821 2261/7772/821 2245/7773/821
f 2271/7774/822 2270/7775/822 2269/7776/822 2268/7777/822 2267/7778/822 2266/7779/822 2265/7780/822 2263/7781/822 2264/7782/822
f 2273/7783/823 2272/7784/823 2263/7785/823 2264/7786/823
f 2272/7787/824 2274/7788/824 2265/7789/824 2263/7790/824
f 2274/7791/825 2275/7792/825 2266/7793/825 2265/7794/825
f 2275/7795/826 2276/7796/826 2267/7797/826 2266/7798/826
f 2276/7799/827 2277/7800/827 2268/7801/827 2267/7802/827
f 2277/7803/828 2278/7804/828 2269/7805/828 2268/7806/828
f 2278/7807/829 2279/7808/829 2270/7809/829 2269/7810/829
f 2279/7811/830 2280/7812/830 2271/7813/830 2270/7814/830
f 2280/7815/831 2273/7816/831 2264/7817/831 2271/7818/831
f 2280/7819/832 2279/7820/832 2278/7821/832 2277/7822/832 2276/7823/832 2275/7824/832 2274/7825/832 2272/7826/832 2273/7827/832
f 2282/7828/833 2281/7829/833 2272/7830/833 2273/7831/833
f 2281/7832/834 2283/7833/834 2274/7834/834 2272/7835/834
f 2283/7836/835 2284/7837/835 2275/7838/835 2274/7839/835
f 2284/7840/836 2285/7841/836 2276/7842/836 2275/7843/836
f 2285/7844/837 2286/7845/837 2277/7846/837 2276/7847/837
f 2286/7848/838 2287/7849/838 2278/7850/838 2277/7851/838
f 2287/7852/839 2288/7853/839 2279/7854/839 2278/7855/839
f 2288/7856/840 2289/7857/840 2280/7858/840 2279/7859/840
f 2289/7860/841 2282/7861/841 2273/7862/841 2280/7863/841
f 2289/7864/842 2288/7865/842 2287/7866/842 2286/7867/842 2285/7868/842 2284/7869/842 2283/7870/842 2281/7871/842 2282/7872/842
f 2291/7873/843 2290/7874/843 2281/7875/843 2282/7876/843
f 2290/7877/844 2292/7878/844 2283/7879/844 2281/7880/844
f 2292/7881/845 2293/7882/845 2284/7883/845 2283/7884/845
f 2293/7885/846 2294/7886/846 2285/7887/846 2284/7888/846
f 2294/7889/847 2295/7890/847 2286/7891/847 2285/7892/847
f 2295/7893/848 2296/7894/848 2287/7895/848 2286/7896/848
f 2296/7897/849 2297/7898/849 2288/7899/849 2287/7900/849
f 2297/7901/850 2298/7902/850 2289/7903/850 2288/7904/850
f 2298/7905/851 2291/7906/851 2282/7907/851 2289/7908/851
f 2298/7909/852 2297/7910/852 2296/7911/852 2295/7912/852 2294/7913/852 2293/7914/852 2292/7915/852 2290/7916/852 2291/7917/852
f 2300/7918/853 2299/7919/853 2290/7920/853 2291/7921/853
f 2299/7922/854 2301/7923/854 2292/7924/854 2290/7925/854
f 2301/7926/855 2302/7927/855 2293/7928/855 2292/7929/855
f 2302/7930/856 2303/7931/856 2294/7932/856 2293/7933/856
f 2303/7934/857 2304/7935/857 2295/7936/857 2294/7937/857
f 2304/7938/858 2305/7939/858 2296/7940/858 2295/7941/858
f 2305/7942/859 2306/7943/859 2297/7944/859 2296/7945/859
f 2306/7946/860 2307/7947/860 2298/7948/860 2297/7949/860
f 2307/7950/861 2300/7951/861 2291/7952/861 2298/7953/861
f 2307/7954/862 2306/7955/862 2305/7956/862 2304/7957/862 2303/7958/862 2302/7959/862 2301/7960/862 2299/7961/862 2300/7962/862
f 2309/7963/863 2308/7964/863 2299/7965/863 2300/7966/863
f 2308/7967/864 2310/7968/864 2301/7969/864 2299/7970/864
f 2310/7971/865 2311/7972/865 2302/7973/865 2301/7974/865
f 2311/7975/866 2312/7976/866 2303/7977/866 2302/7978/866
f 2312/7979/867 2313/7980/867 2304/7981/867 2303/7982/867
f 2313/7983/868 2314/7984/868 2305/7985/868 2304/7986/868
f 2314/7987/869 2315/7988/869 2306/7989/869 2305/7990/869
f 2315/7991/870 2316/7992/870 2307/7993/870 2306/7994/870
f 2316/7995/871 2309/7996/871 2300/7997/871 2307/7998/871
f 2316/7999/872 2315/8000/872 2314/8001/872 2313/8002/872 2312/8003/872 2311/8004/872 2310/8005/872 2308/8006/872 2309/8007/872
f 2318/8008/873 2317/8009/873 2308/8010/873 2309/8011/873
f 2317/8012/874 2319/8013/874 2310/8014/874 2308/8015/874
f 2319/8016/875 2320/8017/875 2311/8018/875 2310/8019/875
f 2320/8020/876 2321/8021/876 2312/8022/876 2311/8023/876
f 2321/8024/877 2322/8025/877 2313/8026/877 2312/8027/877
f 2322/8028/878 2323/8029/878 2314/8030/878 2313/8031/878
f 2323/8032/879 2324/8033/879 2315/8034/879 2314/8035/879
f 2324/8036/880 2325/8037/880 2316/8038/880 2315/8039/880
f 2325/8040/881 2318/8041/881 2309/8042/881 2316/8043/881
f 2325/8044/882 2324/8045/882 2323/8046/882 2322/8047/882 2321/8048/882 2320/8049/882 2319/8050/882 2317/8051/882 2318/8052/882
f 2327/8053/883 2326/8054/883 2317/8055/883 2318/8056/883
f 2326/8057/884 2328/8058/884 2319/8059/884 2317/8060/884
f 2328/8061/885 2329/8062/885 2320/8063/885 2319/8064/885
f 2329/8065/886 2330/8066/886 2321/8067/886 2320/8068/886
f 2330/8069/887 2331/8070/887 2322/8071/887 2321/8072/887
f 2331/8073/888 2332/8074/888 2323/8075/888 2322/8076/888
f 2332/8077/889 2333/8078/889 2324/8079/889 2323/8080/889
f 2333/8081/890 2334/8082/890 2325/8083/890 2324/8084/890
f 2334/8085/891 2327/8086/891 2318/8087/891 2325/8088/891
f 2334/8089/892 2333/8090/892 2332/8091/892 2331/8092/892 2330/8093/892 2329/8094/892 2328/8095/892 2326/8096/892 2327/8097/892
f 2336/8098/893 2335/8099/893 2326/8100/893 2327/8101/893
f 2335/8102/894 2337/8103/894 2328/8104/894 2326/8105/894
f 2337/8106/895 2338/8107/895 2329/8108/895 2328/8109/895
f 2338/8110/896 2339/8111/896 2330/8112/896 2329/8113/896
f 2339/8114/897 2340/8115/897 2331/8116/897 2330/8117/897
f 2340/8118/898 2341/8119/898 2332/8120/898 2331/8121/898
f 2341/8122/899 2342/8123/899 2333/8124/899 2332/8125/899
f 2342/8126/900 2343/8127/900 2334/8128/900 2333/8129/900
f 2343/8130/901 2336/8131/901 2327/8132/901 2334/8133/901
f 2343/8134/902 2342/8135/902 2341/8136/902 2340/8137/902 2339/8138/902 2338/8139/902 2337/8140/902 2335/8141/902 2336/8142/902
f 2345/8143/903 2344/8144/903 2335/8145/903 2336/8146/903
f 2344/8147/904 2346/8148/904 2337/8149/904 2335/8150/904
f 2346/8151/905 2347/8152/905 2338/8153/905 2337/8154/905
f 2347/8155/906 2348/8156/906 2339/8157/906 2338/8158/906
f 2348/8159/907 2349/8160/907 2340/8161/907 2339/8162/907
f 2349/8163/908 2350/8164/908 2341/8165/908 2340/8166/908
f 2350/8167/909 2351/8168/909 2342/8169/909 2341/8170/909
f 2351/8171/910 2352/8172/910 2343/8173/910 2342/8174/910
f 2352/8175/911 2345/8176/911 2336/8177/911 2343/8178/911
f 2352/8179/912 2351/8180/912 2350/8181/912 2349/8182/912 2348/8183/912 2347/8184/912 2346/8185/912 2344/8186/912 2345/8187/912
f 2354/8188/913 2353/8189/913 2344/8190/913 2345/8191/913
f 2353/8192/914 2355/8193/914 2346/8194/914 2344/8195/914
f 2355/8196/915 2356/8197/915 2347/8198/915 2346/8199/915
f 2356/8200/916 2357/8201/916 2348/8202/916 2347/8203/916
f 2357/8204/917 2358/8205/917 2349/8206/917 2348/8207/917
f 2358/8208/918 2359/8209/918 2350/8210/918 2349/8211/918
f 2359/8212/919 2360/8213/919 2351/8214/919 2350/8215/919
f 2360/8216/920 2361/8217/920 2352/8218/920 2351/8219/920
f 2361/8220/921 2354/8221/921 2345/8222/921 2352/8223/921
f 2361/8224/922 2360/8225/922 2359/8226/922 2358/8227/922 2357/8228/922 2356/8229/922 2355/8230/922 2353/8231/922 2354/8232/922
f 2363/8233/923 2362/8234/923 2353/8235/923 2354/8236/923
f 2362/8237/924 2364/8238/924 2355/8239/924 2353/8240/924
f 2364/8241/925 2365/8242/925 2356/8243/925 2355/8244/925
f 2365/8245/926 2366/8246/926 2357/8247/926 2356/8248/926
f 2366/8249/927 2367/8250/927 2358/8251/927 2357/8252/927
f 2367/8253/928 2368/8254/928 2359/8255/928 2358/8256/928
f 2368/8257/929 2369/8258/929 2360/8259/929 2359/8260/929
f 2369/8261/930 2370/8262/930 2361/8263/930 2360/8264/930
f 2370/8265/931 2363/8266/931 2354/8267/931 2361/8268/931
f 2370/8269/932 2369/8270/932 2368/8271/932 2367/8272/932 2366/8273/932 2365/8274/932 2364/8275/932 2362/8276/932 2363/8277/932
f 2372/8278/933 2371/8279/933 2362/8280/933 2363/8281/933
f 2371/8282/934 2373/8283/934 2364/8284/934 2362/8285/934
f 2373/8286/935 2374/8287/935 2365/8288/935 2364/8289/935
f 2374/8290/936 2375/8291/936 2366/8292/936 2365/8293/936
f 2375/8294/937 2376/8295/937 2367/8296/937 2366/8297/937
f 2376/8298/938 2377/8299/938 2368/8300/938 2367/8301/938
f 2377/8302/939 2378/8303/939 2369/8304/939 2368/8305/939
f 2378/8306/940 2379/8307/940 2370/8308/940 2369/8309/940
f 2379/8310/941 2372/8311/941 2363/8312/941 2370/8313/941
f 2379/8314/942 2378/8315/942 2377/8316/942 2376/8317/942 2375/8318/942 2374/8319/942 2373/8320/942 2371/8321/942 2372/8322/942
f 2381/8323/943 2380/8324/943 2371/8325/943 2372/8326/943
f 2380/8327/944 2382/8328/944 2373/8329/944 2371/8330/944
f 2382/8331/945 2383/8332/945 2374/8333/945 2373/8334/945
f 2383/8335/946 2384/8336/946 2375/8337/946 2374/8338/946
f 2384/8339/947 2385/8340/947 2376/8341/947 2375/8342/947
f 2385/8343/948 2386/8344/948 2377/8345/948 2376/8346/948
f 2386/8347/949 2387/8348/949 2378/8349/949 2377/8350/949
f 2387/8351/950 2388/8352/950 2379/8353/950 2378/8354/950
f 2388/8355/951 2381/8356/951 2372/8357/951 2379/8358/951
f 2388/8359/952 2387/8360/952 2386/8361/952 2385/8362/952 2384/8363/952 2383/8364/952 2382/8365/952 2380/8366/952 2381/8367/952
f 2390/8368/953 2389/8369/953 2380/8370/953 2381/8371/953
f 2389/8372/954 2391/8373/954 2382/8374/954 2380/8375/954
f 2391/8376/955 2392/8377/955 2383/8378/955 2382/8379/955
f 2392/8380/956 2393/8381/956 2384/8382/956 2383/8383/956
f 2393/8384/957 2394/8385/957 2385/8386/957 2384/8387/957
f 2394/8388/958 2395/8389/958 2386/8390/958 2385/8391/958
f 2395/8392/959 2396/8393/959 2387/8394/959 2386/8395/959
f 2396/8396/960 2397/8397/960 2388/8398/960 2387/8399/960
f 2397/8400/961 2390/8401/961 2381/8402/961 2388/8403/961
f 2397/8404/962 2396/8405/962 2395/8406/962 2394/8407/962 2393/8408/962 2392/8409/962 2391/8410/962 2389/8411/962 2390/8412/962
f 2401/8413/963 2400/8414/963 2399/8415/963 2398/8416/963
f 2400/8417/964 2403/8418/964 2402/8419/964 2399/8420/964
f 2403/8421/965 2405/8422/965 2404/8423/965 2402/8424/965
f 2405/8425/966 2407/8426/966 2406/8427/966 2404/8428/966
f 2407/8429/967 2409/8430/967 2408/8431/967 2406/8432/967
f 2409/8433/968 2411/8434/968 2410/8435/968 2408/8436/968
f 2411/8437/969 2413/8438/969 2412/8439/969 2410/8440/969
f 2413/8441/970 2415/8442/970 2414/8443/970 2412/8444/970
f 2415/8445/971 2401/8446/971 2398/8447/971 2414/8448/971
f 2398/8449/972 2399/8450/972 2402/8451/972 2404/8452/972 2406/8453/972 2408/8454/972 2410/8455/972 2412/8456/972 2414/8457/972
f 2415/8458/973 2413/8459/973 2411/8460/973 2409/8461/973 2407/8462/973 2405/8463/973 2403/8464/973 2400/8465/973 2401/8466/973
f 2417/8467/974 2416/8468/974 2412/8469/974 2414/8470/974
f 2416/8471/975 2418/8472/975 2410/8473/975 2412/8474/975
f 2418/8475/976 2419/8476/976 2408/8477/976 2410/8478/976
f 2419/8479/977 2420/8480/977 2406/8481/977 2408/8482/977
f 2420/8483/978 2421/8484/978 2404/8485/978 2406/8486/978
f 2421/8487/979 2422/8488/979 2402/8489/979 2404/8490/979
f 2422/8491/980 2423/8492/980 2399/8493/980 2402/8494/980
f 2423/8495/981 2424/8496/981 2398/8497/981 2399/8498/981
f 2424/8499/982 2417/8500/982 2414/8501/982 2398/8502/982
f 2424/8503/983 2423/8504/983 2422/8505/983 2421/8506/983 2420/8507/983 2419/8508/983 2418/8509/983 2416/8510/983 2417/8511/983
f 2426/8512/984 2425/8513/984 2416/8514/984 2417/8515/984
f 2425/8516/985 2427/8517/985 2418/8518/985 2416/8519/985
f 2427/8520/986 2428/8521/986 2419/8522/986 2418/8523/986
f 2428/8524/987 2429/8525/987 2420/8526/987 2419/8527/987
f 2429/8528/988 2430/8529/988 2421/8530/988 2420/8531/988
f 2430/8532/989 2431/8533/989 2422/8534/989 2421/8535/989
f 2431/8536/990 2432/8537/990 2423/8538/990 2422/8539/990
f 2432/8540/991 2433/8541/991 2424/8542/991 2423/8543/991
f 2433/8544/992 2426/8545/992 2417/8546/992 2424/8547/992
f 2433/8548/993 2432/8549/993 2431/8550/993 2430/8551/993 2429/8552/993 2428/8553/993 2427/8554/993 2425/8555/993 2426/8556/993
f 2435/8557/994 2434/8558/994 2425/8559/994 2426/8560/994
f 2434/8561/995 2436/8562/995 2427/8563/995 2425/8564/995
f 2436/8565/996 2437/8566/996 2428/8567/996 2427/8568/996
f 2437/8569/997 2438/8570/997 2429/8571/997 2428/8572/997
f 2438/8573/998 2439/8574/998 2430/8575/998 2429/8576/998
f 2439/8577/999 2440/8578/999 2431/8579/999 2430/8580/999
f 2440/8581/1000 2441/8582/1000 2432/8583/1000 2431/8584/1000
f 2441/8585/1001 2442/8586/1001 2433/8587/1001 2432/8588/1001
f 2442/8589/1002 2435/8590/1002 2426/8591/1002 2433/8592/1002
f 2442/8593/1003 2441/8594/1003 2440/8595/1003 2439/8596/1003 2438/8597/1003 2437/8598/1003 2436/8599/1003 2434/8600/1003 2435/8601/1003
f 2444/8602/1004 2443/8603/1004 2434/8604/1004 2435/8605/1004
f 2443/8606/1005 2445/8607/1005 2436/8608/1005 2434/8609/1005
f 2445/8610/1006 2446/8611/1006 2437/8612/1006 2436/8613/1006
f 2446/8614/1007 2447/8615/1007 2438/8616/1007 2437/8617/1007
f 2447/8618/1008 2448/8619/1008 2439/8620/1008 2438/8621/1008
f 2448/8622/1009 2449/8623/1009 2440/8624/1009 2439/8625/1009
f 2449/8626/1010 2450/8627/1010 2441/8628/1010 2440/8629/1010
f 2450/8630/1011 2451/8631/1011 2442/8632/1011 2441/8633/1011
f 2451/8634/1012 2444/8635/1012 2435/8636/1012 2442/8637/1012
f 2451/8638/1013 2450/8639/1013 2449/8640/1013 2448/8641/1013 2447/8642/1013 2446/8643/1013 2445/8644/1013 2443/8645/1013 2444/8646/1013
f 2453/8647/1014 2452/8648/1014 2443/8649/1014 2444/8650/1014
f 2452/8651/1015 2454/8652/1015 2445/8653/1015 2443/8654/1015
f 2454/8655/1016 2455/8656/1016 2446/8657/1016 2445/8658/1016
f 2455/8659/1017 2456/8660/1017 2447/8661/1017 2446/8662/1017
f 2456/8663/1018 2457/8664/1018 2448/8665/1018 2447/8666/1018
f 2457/8667/1019 2458/8668/1019 2449/8669/1019 2448/8670/1019
f 2458/8671/1020 2459/8672/1020 2450/8673/1020 2449/8674/1020
f 2459/8675/1021 2460/8676/1021 2451/8677/1021 2450/8678/1021
f 2460/8679/1022 2453/8680/1022 2444/8681/1022 2451/8682/1022
f 2460/8683/1023 2459/8684/1023 2458/8685/1023 2457/8686/1023 2456/8687/1023 2455/8688/1023 2454/8689/1023 2452/8690/1023 2453/8691/1023
f 2462/8692/1024 2461/8693/1024 2452/8694/1024 2453/8695/1024
f 2461/8696/1025 2463/8697/1025 2454/8698/1025 2452/8699/1025
f 2463/8700/1026 2464/8701/1026 2455/8702/1026 2454/8703/1026
f 2464/8704/1027 2465/8705/1027 2456/8706/1027 2455/8707/1027
f 2465/8708/1028 2466/8709/1028 2457/8710/1028 2456/8711/1028
f 2466/8712/1029 2467/8713/1029 2458/8714/1029 2457/8715/1029
f 2467/8716/1030 2468/8717/1030 2459/8718/1030 2458/8719/1030
f 2468/8720/1031 2469/8721/1031 2460/8722/1031 2459/8723/1031
f 2469/8724/1032 2462/8725/1032 2453/8726/1032 2460/8727/1032
f 2469/8728/1033 2468/8729/1033 2467/8730/1033 2466/8731/1033 2465/8732/1033 2464/8733/1033 2463/8734/1033 2461/8735/1033 2462/8736/1033
f 2471/8737/1034 2470/8738/1034 2461/8739/1034 2462/8740/1034
f 2470/8741/1035 2472/8742/1035 2463/8743/1035 2461/8744/1035
f 2472/8745/1036 2473/8746/1036 2464/8747/1036 2463/8748/1036
f 2473/8749/1037 2474/8750/1037 2465/8751/1037 2464/8752/1037
f 2474/8753/1038 2475/8754/1038 2466/8755/1038 2465/8756/1038
f 2475/8757/1039 2476/8758/1039 2467/8759/1039 2466/8760/1039
f 2476/8761/1040 2477/8762/1040 2468/8763/1040 2467/8764/1040
f 2477/8765/1041 2478/8766/1041 2469/8767/1041 2468/8768/1041
f 2478/8769/1042 2471/8770/1042 2462/8771/1042 2469/8772/1042
f 2478/8773/1043 2477/8774/1043 2476/8775/1043 2475/8776/1043 2474/8777/1043 2473/8778/1043 2472/8779/1043 2470/8780/1043 2471/8781/1043
f 2480/8782/1044 2479/8783/1044 2470/8784/1044 2471/8785/1044
f 2479/8786/1045 2481/8787/1045 2472/8788/1045 2470/8789/1045
f 2481/8790/1046 2482/8791/1046 2473/8792/1046 2472/8793/1046
f 2482/8794/1047 2483/8795/1047 2474/8796/1047 2473/8797/1047
f 2483/8798/1048 2484/8799/1048 2475/8800/1048 2474/8801/1048
f 2484/8802/1049 2485/8803/1049 2476/8804/1049 2475/8805/1049
f 2485/8806/1050 2486/8807/1050 2477/8808/1050 2476/8809/1050
f 2486/8810/1051 2487/8811/1051 2478/8812/1051 2477/8813/1051
f 2487/8814/1052 2480/8815/1052 2471/8816/1052 2478/8817/1052
f 2487/8818/1053 2486/8819/1053 2485/8820/1053 2484/8821/1053 2483/8822/1053 2482/8823/1053 2481/8824/1053 2479/8825/1053 2480/8826/1053
f 2489/8827/1054 2488/8828/1054 2479/8829/1054 2480/8830/1054
f 2488/8831/1055 2490/8832/1055 2481/8833/1055 2479/8834/1055
f 2490/8835/1056 2491/8836/1056 2482/8837/1056 2481/8838/1056
f 2491/8839/1057 2492/8840/1057 2483/8841/1057 2482/8842/1057
f 2492/8843/1058 2493/8844/1058 2484/8845/1058 2483/8846/1058
f 2493/8847/1059 2494/8848/1059 2485/8849/1059 2484/8850/1059
f 2494/8851/1060 2495/8852/1060 2486/8853/1060 2485/8854/1060
f 2495/8855/1061 2496/8856/1061 2487/8857/1061 2486/8858/1061
f 2496/8859/1062 2489/8860/1062 2480/8861/1062 2487/8862/1062
f 2496/8863/1063 2495/8864/1063 2494/8865/1063 2493/8866/1063 2492/8867/1063 2491/8868/1063 2490/8869/1063 2488/8870/1063 2489/8871/1063
f 2498/8872/1064 2497/8873/1064 2488/8874/1064 2489/8875/1064
f 2497/8876/1065 2499/8877/1065 2490/8878/1065 2488/8879/1065
f 2499/8880/1066 2500/8881/1066 2491/8882/1066 2490/8883/1066
f 2500/8884/1067 2501/8885/1067 2492/8886/1067 2491/8887/1067
f 2501/8888/1068 2502/8889/1068 2493/8890/1068 2492/8891/1068
f 2502/8892/1069 2503/8893/1069 2494/8894/1069 2493/8895/1069
f 2503/8896/1070 2504/8897/1070 2495/8898/1070 2494/8899/1070
f 2504/8900/1071 2505/8901/1071 2496/8902/1071 2495/8903/1071
f 2505/8904/1072 2498/8905/1072 2489/8906/1072 2496/8907/1072
f 2505/8908/1073 2504/8909/1073 2503/8910/1073 2502/8911/1073 2501/8912/1073 2500/8913/1073 2499/8914/1073 2497/8915/1073 2498/8916/1073
f 2507/8917/1074 2506/8918/1074 2497/8919/1074 2498/8920/1074
f 2506/8921/1075 2508/8922/1075 2499/8923/1075 2497/8924/1075
f 2508/8925/1076 2509/8926/1076 2500/8927/1076 2499/8928/1076
f 2509/8929/1077 2510/8930/1077 2501/8931/1077 2500/8932/1077
f 2510/8933/1078 2511/8934/1078 2502/8935/1078 2501/8936/1078
f 2511/8937/1079 2512/8938/1079 2503/8939/1079 2502/8940/1079
f 2512/8941/1080 2513/8942/1080 2504/8943/1080 2503/8944/1080
f 2513/8945/1081 2514/8946/1081 2505/8947/1081 2504/8948/1081
f 2514/8949/1082 2507/8950/1082 2498/8951/1082 2505/8952/1082
f 2514/8953/1083 2513/8954/1083 2512/8955/1083 2511/8956/1083 2510/8957/1083 2509/8958/1083 2508/8959/1083 2506/8960/1083 2507/8961/1083
f 2516/8962/1084 2515/8963/1084 2506/8964/1084 2507/8965/1084
f 2515/8966/1085 2517/8967/1085 2508/8968/1085 2506/8969/1085
f 2517/8970/1086 2518/8971/1086 2509/8972/1086 2508/8973/1086
f 2518/8974/1087 2519/8975/1087 2510/8976/1087 2509/8977/1087
f 2519/8978/1088 2520/8979/1088 2511/8980/1088 2510/8981/1088
f 2520/8982/1089 2521/8983/1089 2512/8984/1089 2511/8985/1089
f 2521/8986/1090 2522/8987/1090 2513/8988/1090 2512/8989/1090
f 2522/8990/1091 2523/8991/1091 2514/8992/1091 2513/8993/1091
f 2523/8994/1092 2516/8995/1092 2507/8996/1092 2514/8997/1092
f 2523/8998/1093 2522/8999/1093 2521/9000/1093 2520/9001/1093 2519/9002/1093 2518/9003/1093 2517/9004/1093 2515/9005/1093 2516/9006/1093
f 2525/9007/1094 2524/9008/1094 2515/9009/1094 2516/9010/1094
f 2524/9011/1095 2526/9012/1095 2517/9013/1095 2515/9014/1095
f 2526/9015/1096 2527/9016/1096 2518/9017/1096 2517/9018/1096
f 2527/9019/1097 2528/9020/1097 2519/9021/1097 2518/9022/1097
f 2528/9023/1098 2529/9024/1098 2520/9025/1098 2519/9026/1098
f 2529/9027/1099 2530/9028/1099 2521/9029/1099 2520/9030/1099
f 2530/9031/1100 2531/9032/1100 2522/9033/1100 2521/9034/1100
f 2531/9035/1101 2532/9036/1101 2523/9037/1101 2522/9038/1101
f 2532/9039/1102 2525/9040/1102 2516/9041/1102 2523/9042/1102
f 2532/9043/1103 2531/9044/1103 2530/9045/1103 2529/9046/1103 2528/9047/1103 2527/9048/1103 2526/9049/1103 2524/9050/1103 2525/9051/1103
f 2534/9052/1104 2533/9053/1104 2524/9054/1104 2525/9055/1104
f 2533/9056/1105 2535/9057/1105 2526/9058/1105 2524/9059/1105
f 2535/9060/1106 2536/9061/1106 2527/9062/1106 2526/9063/1106
f 2536/9064/1107 2537/9065/1107 2528/9066/1107 2527/9067/1107
f 2537/9068/1108 2538/9069/1108 2529/9070/1108 2528/9071/1108
f 2538/9072/1109 2539/9073/1109 2530/9074/1109 2529/9075/1109
f 2539/9076/1110 2540/9077/1110 2531/9078/1110 2530/9079/1110
f 2540/9080/1111 2541/9081/1111 2532/9082/1111 2531/9083/1111
f 2541/9084/1112 2534/9085/1112 2525/9086/1112 2532/9087/1112
f 2541/9088/1113 2540/9089/1113 2539/9090/1113 2538/9091/1113 2537/9092/1113 2536/9093/1113 2535/9094/1113 2533/9095/1113 2534/9096/1113
f 2543/9097/1114 2542/9098/1114 2533/9099/1114 2534/9100/1114
f 2542/9101/1115 2544/9102/1115 2535/9103/1115 2533/9104/1115
f 2544/9105/1116 2545/9106/1116 2536/9107/1116 2535/9108/1116
f 2545/9109/1117 2546/9110/1117 2537/9111/1117 2536/9112/1117
f 2546/9113/1118 2547/9114/1118 2538/9115/1118 2537/9116/1118
f 2547/9117/1119 2548/9118/1119 2539/9119/1119 2538/9120/1119
f 2548/9121/1120 2549/9122/1120 2540/9123/1120 2539/9124/1120
f 2549/9125/1121 2550/9126/1121 2541/9127/1121 2540/9128/1121
f 2550/9129/1122 2543/9130/1122 2534/9131/1122 2541/9132/1122
f 2550/9133/1123 2549/9134/1123 2548/9135/1123 2547/9136/1123 2546/9137/1123 2545/9138/1123 2544/9139/1123 2542/9140/1123 2543/9141/1123
f 2554/9142/454 2553/9143/454 2552/9144/454 2551/9145/454
f 2553/9146/27 2556/9147/27 2555/9148/27 2552/9149/27
f 2556/9150/28 2558/9151/28 2557/9152/28 2555/9153/28
f 2558/9154/29 2560/9155/29 2559/9156/29 2557/9157/29
f 2560/9158/30 2562/9159/30 2561/9160/30 2559/9161/30
f 2562/9162/451 2564/9163/451 2563/9164/451 2561/9165/451
f 2564/9166/32 2566/9167/32 2565/9168/32 2563/9169/32
f 2566/9170/33 2568/9171/33 2567/9172/33 2565/9173/33
f 2568/9174/34 2570/9175/34 2569/9176/34 2567/9177/34
f 2570/9178/120 2572/9179/120 2571/9180/120 2569/9181/120
f 2572/9182/36 2574/9183/36 2573/9184/36 2571/9185/36
f 2574/9186/452 2554/9187/452 2551/9188/452 2573/9189/452
f 2551/9190/38 2552/9191/38 2555/9192/38 2557/9193/38 2559/9194/38 2561/9195/38 2563/9196/38 2565/9197/38 2567/9198/38 2569/9199/38 2571/9200/38 2573/9201/38
f 2574/9202/39 2572/9203/39 2570/9204/39 2568/9205/39 2566/9206/39 2564/9207/39 2562/9208/39 2560/9209/39 2558/9210/39 2556/9211/39 2553/9212/39 2554/9213/39
f 2730/9742/87 2729/9743/87 2728/9744/87 2727/9745/87
f 2729/9746/86 2732/9747/86 2731/9748/86 2728/9749/86
f 2732/9750/455 2734/9751/455 2733/9752/455 2731/9753/455
f 2734/9754/462 2736/9755/462 2735/9756/462 2733/9757/462
f 2736/9758/83 2738/9759/83 2737/9760/83 2735/9761/83
f 2738/9762/82 2740/9763/82 2739/9764/82 2737/9765/82
f 2740/9766/81 2742/9767/81 2741/9768/81 2739/9769/81
f 2742/9770/460 2744/9771/460 2743/9772/460 2741/9773/460
f 2744/9774/459 2746/9775/459 2745/9776/459 2743/9777/459
f 2746/9778/458 2748/9779/458 2747/9780/458 2745/9781/458
f 2748/9782/457 2750/9783/457 2749/9784/457 2747/9785/457
f 2750/9786/76 2730/9787/76 2727/9788/76 2749/9789/76
f 2727/9790/89 2728/9791/89 2731/9792/89 2733/9793/89 2735/9794/89 2737/9795/89 2739/9796/89 2741/9797/89 2743/9798/89 2745/9799/89 2747/9800/89 2749/9801/89
f 2750/9802/88 2748/9803/88 2746/9804/88 2744/9805/88 2742/9806/88 2740/9807/88 2738/9808/88 2736/9809/88 2734/9810/88 2732/9811/88 2729/9812/88 2730/9813/88
f 2754/9814/454 2753/9815/454 2752/9816/454 2751/9817/454
f 2753/9818/41 2756/9819/41 2755/9820/41 2752/9821/41
f 2756/9822/28 2758/9823/28 2757/9824/28 2755/9825/28
f 2758/9826/29 2760/9827/29 2759/9828/29 2757/9829/29
f 2760/9830/30 2762/9831/30 2761/9832/30 2759/9833/30
f 2762/9834/31 2764/9835/31 2763/9836/31 2761/9837/31
f 2764/9838/32 2766/9839/32 2765/9840/32 2763/9841/32
f 2766/9842/33 2768/9843/33 2767/9844/33 2765/9845/33
f 2768/9846/34 2770/9847/34 2769/9848/34 2767/9849/34
f 2770/9850/35 2772/9851/35 2771/9852/35 2769/9853/35
f 2772/9854/36 2774/9855/36 2773/9856/36 2771/9857/36
f 2774/9858/37 2754/9859/37 2751/9860/37 2773/9861/37
f 2751/9862/38 2752/9863/38 2755/9864/38 2757/9865/38 2759/9866/38 2761/9867/38 2763/9868/38 2765/9869/38 2767/9870/38 2769/9871/38 2771/5339/38 2773/9872/38
f 2774/9873/39 2772/9874/39 2770/9875/39 2768/9876/39 2766/9877/39 2764/9878/39 2762/9879/39 2760/9880/39 2758/9881/39 2756/5350/39 2753/9882/39 2754/5352/39
f 2786/9907/87 2785/9908/87 2784/9909/87 2783/9910/87
f 2785/9911/1153 2788/9912/1153 2787/9913/1153 2784/9914/1153
f 2788/9915/1154 2790/9916/1154 2789/9917/1154 2787/9918/1154
f 2790/9919/1155 2792/9920/1155 2791/9921/1155 2789/9922/1155
f 2792/9923/516 2794/9924/516 2793/9925/516 2791/9926/516
f 2794/9927/82 2796/9928/82 2795/9929/82 2793/9930/82
f 2796/9931/81 2798/9932/81 2797/9933/81 2795/9934/81
f 2798/9935/460 2800/9936/460 2799/9937/460 2797/9938/460
f 2800/9939/459 2802/9940/459 2801/9941/459 2799/9942/459
f 2802/9943/458 2804/9944/458 2803/9945/458 2801/9946/458
f 2804/9947/457 2806/9948/457 2805/9949/457 2803/9950/457
f 2806/9951/76 2786/9952/76 2783/9953/76 2805/9954/76
f 2783/9955/89 2784/9956/89 2787/9957/89 2789/9958/89 2791/9959/89 2793/9960/89 2795/9961/89 2797/9962/89 2799/9963/89 2801/9964/89 2803/9965/89 2805/9966/89
f 2806/9967/88 2804/9968/88 2802/9969/88 2800/9970/88 2798/9971/88 2796/9972/88 2794/9973/88 2792/9974/88 2790/9975/88 2788/9976/88 2785/9977/88 2786/9978/88
f 2810/9979/26 2809/9980/26 2808/9981/26 2807/9982/26
f 2809/9983/27 2812/9984/27 2811/9985/27 2808/9986/27
f 2812/9987/133 2814/9988/133 2813/9989/133 2811/9990/133
f 2814/9991/155 2816/9992/155 2815/9993/155 2813/9994/155
f 2816/9995/30 2818/9996/30 2817/9997/30 2815/9998/30
f 2818/9999/31 2820/10000/31 2819/10001/31 2817/10002/31
f 2820/10003/32 2822/10004/32 2821/10005/32 2819/10006/32
f 2822/10007/33 2824/10008/33 2823/10009/33 2821/10010/33
f 2824/10011/34 2826/10012/34 2825/10013/34 2823/10014/34
f 2826/10015/120 2828/10016/120 2827/10017/120 2825/10018/120
f 2828/10019/36 2830/10020/36 2829/10021/36 2827/10022/36
f 2830/10023/37 2810/10024/37 2807/10025/37 2829/10026/37
f 2807/10027/38 2808/10028/38 2811/10029/38 2813/10030/38 2815/10031/38 2817/10032/38 2819/10033/38 2821/10034/38 2823/10035/38 2825/10036/38 2827/10037/38 2829/10038/38
f 2830/10039/39 2828/10040/39 2826/10041/39 2824/10042/39 2822/10043/39 2820/10044/39 2818/10045/39 2816/10046/39 2814/10047/39 2812/10048/39 2809/10049/39 2810/10050/39
f 2834/10051/454 2833/10052/454 2832/10053/454 2831/10054/454
f 2833/10055/27 2836/10056/27 2835/10057/27 2832/10058/27
f 2836/10059/28 2838/10060/28 2837/10061/28 2835/10062/28
f 2838/10063/29 2840/10064/29 2839/10065/29 2837/10066/29
f 2840/10067/30 2842/10068/30 2841/10069/30 2839/10070/30
f 2842/10071/31 2844/10072/31 2843/10073/31 2841/10074/31
f 2844/10075/32 2846/10076/32 2845/10077/32 2843/10078/32
f 2846/10079/33 2848/10080/33 2847/10081/33 2845/10082/33
f 2848/10083/34 2850/10084/34 2849/10085/34 2847/10086/34
f 2850/10087/120 2852/10088/120 2851/10089/120 2849/10090/120
f 2852/10091/36 2854/10092/36 2853/10093/36 2851/10094/36
f 2854/10095/37 2834/10096/37 2831/10097/37 2853/10098/37
f 2831/10099/38 2832/10100/38 2835/10101/38 2837/10102/38 2839/10103/38 2841/10104/38 2843/10105/38 2845/10106/38 2847/10107/38 2849/10108/38 2851/10109/38 2853/10110/38
f 2854/10111/39 2852/10112/39 2850/10113/39 2848/10114/39 2846/10115/39 2844/10116/39 2842/10117/39 2840/10118/39 2838/10119/39 2836/10120/39 2833/10121/39 2834/10122/39
f 2954/10459/90 2953/10460/90 2952/10461/90 2951/10462/90
f 2953/10463/91 2956/10464/91 2955/10465/91 2952/10466/91
f 2956/10467/92 2958/10468/92 2957/10469/92 2955/10470/92
f 2958/10471/93 2960/10472/93 2959/10473/93 2957/10474/93
f 2960/10475/94 2962/10476/94 2961/10477/94 2959/10478/94
f 2962/10479/95 2964/10480/95 2963/10481/95 2961/10482/95
f 2964/10483/96 2966/10484/96 2965/10485/96 2963/10486/96
f 2966/10487/97 2968/10488/97 2967/10489/97 2965/10490/97
f 2968/10491/143 2970/10492/143 2969/10493/143 2967/10494/143
f 2970/10495/142 2972/10496/142 2971/10497/142 2969/10498/142
f 2972/10499/100 2974/10500/100 2973/10501/100 2971/10502/100
f 2974/10503/101 2954/10504/101 2951/10505/101 2973/10506/101
f 2951/10507/102 2952/10508/102 2955/10509/102 2957/10510/102 2959/10511/102 2961/10512/102 2963/10513/102 2965/10514/102 2967/10515/102 2969/10516/102 2971/10517/102 2973/10518/102
f 2974/10519/103 2972/10520/103 2970/10521/103 2968/10522/103 2966/10523/103 2964/10524/103 2962/10525/103 2960/10526/103 2958/10527/103 2956/10528/103 2953/10529/103 2954/10530/103
f 2978/10531/92 2977/10532/92 2976/10533/92 2975/10534/92
f 2977/10535/91 2980/10536/91 2979/10537/91 2976/10538/91
f 2980/10539/1168 2982/10540/1168 2981/10541/1168 2979/10542/1168
f 2982/10543/101 2984/10544/101 2983/10545/101 2981/10546/101
f 2984/10547/1169 2986/10548/1169 2985/10549/1169 2983/10550/1169
f 2986/10551/142 2988/10552/142 2987/10553/142 2985/10554/142
f 2988/10555/143 2990/10556/143 2989/10557/143 2987/10558/143
f 2990/10559/1170 2992/10560/1170 2991/10561/1170 2989/10562/1170
f 2992/10563/96 2994/10564/96 2993/10565/96 2991/10566/96
f 2994/10567/1171 2996/10568/1171 2995/10569/1171 2993/10570/1171
f 2996/10571/94 2998/10572/94 2997/10573/94 2995/10574/94
f 2998/10575/93 2978/10576/93 2975/10577/93 2997/10578/93
f 2975/10579/103 2976/10580/103 2979/10581/103 2981/10582/103 2983/10583/103 2985/10584/103 2987/10585/103 2989/10586/103 2991/10587/103 2993/10588/103 2995/10589/103 2997/10590/103
f 2998/10591/102 2996/10592/102 2994/10593/102 2992/10594/102 2990/10595/102 2988/10596/102 2986/10597/102 2984/10598/102 2982/10599/102 2980/10600/102 2977/10601/102 2978/10602/102
f 3002/10603/146 3001/10604/146 3000/10605/146 2999/10606/146
f 3001/10607/116 3004/10608/116 3003/10609/116 3000/10610/116
f 3004/10611/31 3006/10612/31 3005/10613/31 3003/10614/31
f 3006/10615/134 3008/10616/134 3007/10617/134 3005/10618/134
f 3008/10619/1172 3010/10620/1172 3009/10621/1172 3007/10622/1172
f 3010/10623/450 3012/10624/450 3011/10625/450 3009/10626/450
f 3012/10627/125 3014/10628/125 3013/10629/125 3011/10630/125
f 3014/10631/36 3016/10632/36 3015/10633/36 3013/10634/36
f 3016/10635/452 3018/10636/452 3017/10637/452 3015/10638/452
f 3018/10639/454 3020/10640/454 3019/10641/454 3017/10642/454
f 3020/10643/449 3022/10644/449 3021/10645/449 3019/10646/449
f 3022/10647/153 3002/10648/153 2999/10649/153 3021/10650/153
f 2999/10651/38 3000/10652/38 3003/10653/38 3005/10654/38 3007/10655/38 3009/10656/38 3011/10657/38 3013/10658/38 3015/10659/38 3017/10660/38 3019/10661/38 3021/10662/38
f 3022/10663/39 3020/10664/39 3018/10665/39 3016/10666/39 3014/10667/39 3012/10668/39 3010/10669/39 3008/10670/39 3006/10671/39 3004/10672/39 3001/10673/39 3002/10674/39
f 3026/10675/29 3025/10676/29 3024/10677/29 3023/10678/29
f 3025/10679/116 3028/10680/116 3027/10681/116 3024/10682/116
f 3028/10683/1173 3030/10684/1173 3029/10685/1173 3027/10686/1173
f 3030/10687/134 3032/10688/134 3031/10689/134 3029/10690/134
f 3032/10691/47 3034/10692/47 3033/10693/47 3031/10694/47
f 3034/10695/1174 3036/10696/1174 3035/10697/1174 3033/10698/1174
f 3036/10699/1175 3038/10700/1175 3037/10701/1175 3035/10702/1175
f 3038/10703/36 3040/10704/36 3039/10705/36 3037/10706/36
f 3040/10707/37 3042/10708/37 3041/10709/37 3039/10710/37
f 3042/10711/26 3044/10712/26 3043/10713/26 3041/10714/26
f 3044/10715/449 3046/10716/449 3045/10717/449 3043/10718/449
f 3046/10719/121 3026/10720/121 3023/10721/121 3045/10722/121
f 3023/10723/38 3024/10724/38 3027/10725/38 3029/10726/38 3031/10727/38 3033/10728/38 3035/10729/38 3037/10730/38 3039/10731/38 3041/10732/38 3043/10733/38 3045/10734/38
f 3046/10735/39 3044/10736/39 3042/10737/39 3040/10738/39 3038/10739/39 3036/10740/39 3034/10741/39 3032/10742/39 3030/10743/39 3028/10744/39 3025/10745/39 3026/10746/39
f 3050/10747/115 3049/10748/115 3048/10749/115 3047/10750/115
f 3049/10751/147 3052/10752/147 3051/10753/147 3048/10754/147
f 3052/10755/31 3054/10756/31 3053/10757/31 3051/10758/31
f 3054/10759/134 3056/10760/134 3055/10761/134 3053/10762/134
f 3056/10763/123 3058/10764/123 3057/10765/123 3055/10766/123
f 3058/10767/108 3060/10768/108 3059/10769/108 3057/10770/108
f 3060/10771/1175 3062/10772/1175 3061/10773/1175 3059/10774/1175
f 3062/10775/1176 3064/10776/1176 3063/10777/1176 3061/10778/1176
f 3064/10779/1177 3066/10780/1177 3065/10781/1177 3063/10782/1177
f 3066/10783/26 3068/10784/26 3067/10785/26 3065/10786/26
f 3068/10787/41 3070/10788/41 3069/10789/41 3067/10790/41
f 3070/10791/121 3050/10792/121 3047/10793/121 3069/10794/121
f 3047/10795/38 3048/10796/38 3051/10797/38 3053/10798/38 3055/10799/38 3057/10800/38 3059/10801/38 3061/10802/38 3063/10803/38 3065/10804/38 3067/10805/38 3069/10806/38
f 3070/10807/39 3068/10808/39 3066/10809/39 3064/10810/39 3062/10811/39 3060/10812/39 3058/10813/39 3056/10814/39 3054/10815/39 3052/10816/39 3049/10817/39 3050/10818/39
f 3074/10819/122 3073/10820/122 3072/10821/122 3071/10822/122
f 3073/10823/147 3076/10824/147 3075/10825/147 3072/10826/147
f 3076/10827/31 3078/10828/31 3077/10829/31 3075/10830/31
f 3078/10831/134 3080/10832/134 3079/10833/134 3077/10834/134
f 3080/10835/47 3082/10836/47 3081/10837/47 3079/10838/47
f 3082/10839/124 3084/10840/124 3083/10841/124 3081/10842/124
f 3084/10843/125 3086/10844/125 3085/10845/125 3083/10846/125
f 3086/10847/466 3088/10848/466 3087/10849/466 3085/10850/466
f 3088/10851/37 3090/10852/37 3089/10853/37 3087/10854/37
f 3090/10855/26 3092/10856/26 3091/10857/26 3089/10858/26
f 3092/10859/27 3094/10860/27 3093/10861/27 3091/10862/27
f 3094/10863/133 3074/10864/133 3071/10865/133 3093/10866/133
f 3071/10867/38 3072/10868/38 3075/10869/38 3077/10870/38 3079/10871/38 3081/10872/38 3083/10873/38 3085/10874/38 3087/10875/38 3089/10876/38 3091/10877/38 3093/10878/38
f 3094/10879/39 3092/10880/39 3090/10881/39 3088/10882/39 3086/10883/39 3084/10884/39 3082/10885/39 3080/10886/39 3078/10887/39 3076/10888/39 3073/10889/39 3074/10890/39
f 3098/10891/115 3097/10892/115 3096/10893/115 3095/10894/115
f 3097/10895/116 3100/10896/116 3099/10897/116 3096/10898/116
f 3100/10899/117 3102/10900/117 3101/10901/117 3099/10902/117
f 3102/10903/134 3104/10904/134 3103/10905/134 3101/10906/134
f 3104/10907/137 3106/10908/137 3105/10909/137 3103/10910/137
f 3106/10911/138 3108/10912/138 3107/10913/138 3105/10914/138
f 3108/10915/120 3110/10916/120 3109/10917/120 3107/10918/120
f 3110/10919/36 3112/10920/36 3111/10921/36 3109/10922/36
f 3112/10923/37 3114/10924/37 3113/10925/37 3111/10926/37
f 3114/10927/26 3116/10928/26 3115/10929/26 3113/10930/26
f 3116/10931/41 3118/10932/41 3117/10933/41 3115/10934/41
f 3118/10935/28 3098/10936/28 3095/10937/28 3117/10938/28
f 3095/10939/38 3096/10940/38 3099/10941/38 3101/10942/38 3103/10943/38 3105/10944/38 3107/10945/38 3109/10946/38 3111/10947/38 3113/10948/38 3115/10949/38 3117/10950/38
f 3118/10951/39 3116/10952/39 3114/10953/39 3112/10954/39 3110/10955/39 3108/10956/39 3106/10957/39 3104/10958/39 3102/10959/39 3100/10960/39 3097/10961/39 3098/10962/39
f 3122/10963/122 3121/10964/122 3120/10965/122 3119/10966/122
f 3121/10967/116 3124/10968/116 3123/10969/116 3120/10970/116
f 3124/10971/31 3126/10972/31 3125/10973/31 3123/10974/31
f 3126/10975/107 3128/10976/107 3127/10977/107 3125/10978/107
f 3128/10979/123 3130/10980/123 3129/10981/123 3127/10982/123
f 3130/10983/135 3132/10984/135 3131/10985/135 3129/10986/135
f 3132/10987/125 3134/10988/125 3133/10989/125 3131/10990/125
f 3134/10991/36 3136/10992/36 3135/10993/36 3133/10994/36
f 3136/10995/111 3138/10996/111 3137/10997/111 3135/10998/111
f 3138/10999/26 3140/11000/26 3139/11001/26 3137/11002/26
f 3140/11003/41 3142/11004/41 3141/11005/41 3139/11006/41
f 3142/11007/130 3122/11008/130 3119/11009/130 3141/11010/130
f 3119/11011/38 3120/11012/38 3123/11013/38 3125/11014/38 3127/11015/38 3129/11016/38 3131/11017/38 3133/11018/38 3135/11019/38 3137/11020/38 3139/11021/38 3141/11022/38
f 3142/11023/39 3140/11024/39 3138/11025/39 3136/11026/39 3134/11027/39 3132/11028/39 3130/11029/39 3128/11030/39 3126/11031/39 3124/11032/39 3121/11033/39 3122/11034/39
f 3146/11035/104 3145/11036/104 3144/11037/104 3143/11038/104
f 3145/11039/147 3148/11040/147 3147/11041/147 3144/11042/147
f 3148/11043/31 3150/11044/31 3149/11045/31 3147/11046/31
f 3150/11047/118 3152/11048/118 3151/11049/118 3149/11050/118
f 3152/11051/47 3154/11052/47 3153/11053/47 3151/11054/47
f 3154/11055/119 3156/11056/119 3155/11057/119 3153/11058/119
f 3156/11059/1175 3158/11060/1175 3157/11061/1175 3155/11062/1175
f 3158/11063/36 3160/11064/36 3159/11065/36 3157/11066/36
f 3160/11067/37 3162/11068/37 3161/11069/37 3159/11070/37
f 3162/11071/26 3164/11072/26 3163/11073/26 3161/11074/26
f 3164/11075/27 3166/11076/27 3165/11077/27 3163/11078/27
f 3166/11079/114 3146/11080/114 3143/11081/114 3165/11082/114
f 3143/11083/38 3144/11084/38 3147/11085/38 3149/11086/38 3151/11087/38 3153/11088/38 3155/11089/38 3157/11090/38 3159/11091/38 3161/11092/38 3163/11093/38 3165/11094/38
f 3166/11095/39 3164/11096/39 3162/11097/39 3160/11098/39 3158/11099/39 3156/11100/39 3154/11101/39 3152/11102/39 3150/11103/39 3148/11104/39 3145/11105/39 3146/11106/39
f 3170/11107/122 3169/11108/122 3168/11109/122 3167/11110/122
f 3169/11111/116 3172/11112/116 3171/11113/116 3168/11114/116
f 3172/11115/106 3174/11116/106 3173/11117/106 3171/11118/106
f 3174/11119/134 3176/11120/134 3175/11121/134 3173/11122/134
f 3176/11123/47 3178/11124/47 3177/11125/47 3175/11126/47
f 3178/11127/450 3180/11128/450 3179/11129/450 3177/11130/450
f 3180/11131/125 3182/11132/125 3181/11133/125 3179/11134/125
f 3182/11135/36 3184/11136/36 3183/11137/36 3181/11138/36
f 3184/11139/37 3186/11140/37 3185/11141/37 3183/11142/37
f 3186/11143/26 3188/11144/26 3187/11145/26 3185/11146/26
f 3188/11147/449 3190/11148/449 3189/11149/449 3187/11150/449
f 3190/11151/130 3170/11152/130 3167/11153/130 3189/11154/130
f 3167/11155/38 3168/11156/38 3171/11157/38 3173/11158/38 3175/11159/38 3177/11160/38 3179/11161/38 3181/11162/38 3183/11163/38 3185/11164/38 3187/11165/38 3189/11166/38
f 3190/11167/39 3188/11168/39 3186/11169/39 3184/11170/39 3182/11171/39 3180/11172/39 3178/11173/39 3176/11174/39 3174/11175/39 3172/11176/39 3169/11177/39 3170/11178/39
f 3194/11179/122 3193/11180/122 3192/11181/122 3191/11182/122
f 3193/11183/1178 3196/11184/1178 3195/11185/1178 3192/11186/1178
f 3196/11187/117 3198/11188/117 3197/11189/117 3195/11190/117
f 3198/11191/107 3200/11192/107 3199/11193/107 3197/11194/107
f 3200/11195/47 3202/11196/47 3201/11197/47 3199/11198/47
f 3202/11199/124 3204/11200/124 3203/11201/124 3201/11202/124
f 3204/11203/125 3206/11204/125 3205/11205/125 3203/11206/125
f 3206/11207/36 3208/11208/36 3207/11209/36 3205/11210/36
f 3208/11211/37 3210/11212/37 3209/11213/37 3207/11214/37
f 3210/11215/448 3212/11216/448 3211/11217/448 3209/11218/448
f 3212/11219/27 3214/11220/27 3213/11221/27 3211/11222/27
f 3214/11223/133 3194/11224/133 3191/11225/133 3213/11226/133
f 3191/11227/38 3192/11228/38 3195/11229/38 3197/11230/38 3199/11231/38 3201/11232/38 3203/11233/38 3205/11234/38 3207/11235/38 3209/11236/38 3211/11237/38 3213/11238/38
f 3214/11239/39 3212/11240/39 3210/11241/39 3208/11242/39 3206/11243/39 3204/11244/39 3202/11245/39 3200/11246/39 3198/11247/39 3196/11248/39 3193/11249/39 3194/11250/39
f 3218/11251/29 3217/11252/29 3216/11253/29 3215/11254/29
f 3217/11255/147 3220/11256/147 3219/11257/147 3216/11258/147
f 3220/11259/31 3222/11260/31 3221/11261/31 3219/11262/31
f 3222/11263/118 3224/11264/118 3223/11265/118 3221/11266/118
f 3224/11267/47 3226/11268/47 3225/11269/47 3223/11270/47
f 3226/11271/108 3228/11272/108 3227/11273/108 3225/11274/108
f 3228/11275/109 3230/11276/109 3229/11277/109 3227/11278/109
f 3230/11279/126 3232/11280/126 3231/11281/126 3229/11282/126
f 3232/11283/37 3234/11284/37 3233/11285/37 3231/11286/37
f 3234/11287/26 3236/11288/26 3235/11289/26 3233/11290/26
f 3236/11291/27 3238/11292/27 3237/11293/27 3235/11294/27
f 3238/11295/121 3218/11296/121 3215/11297/121 3237/11298/121
f 3215/11299/38 3216/11300/38 3219/11301/38 3221/11302/38 3223/11303/38 3225/11304/38 3227/11305/38 3229/11306/38 3231/11307/38 3233/11308/38 3235/11309/38 3237/11310/38
f 3238/11311/39 3236/11312/39 3234/11313/39 3232/11314/39 3230/11315/39 3228/11316/39 3226/11317/39 3224/11318/39 3222/11319/39 3220/11320/39 3217/11321/39 3218/11322/39
f 3242/11323/146 3241/11324/146 3240/11325/146 3239/11326/146
f 3241/11327/30 3244/11328/30 3243/11329/30 3240/11330/30
f 3244/11331/31 3246/11332/31 3245/11333/31 3243/11334/31
f 3246/11335/134 3248/11336/134 3247/11337/134 3245/11338/134
f 3248/11339/132 3250/11340/132 3249/11341/132 3247/11342/132
f 3250/11343/135 3252/11344/135 3251/11345/135 3249/11346/135
f 3252/11347/152 3254/11348/152 3253/11349/152 3251/11350/152
f 3254/11351/36 3256/11352/36 3255/11353/36 3253/11354/36
f 3256/11355/452 3258/11356/452 3257/11357/452 3255/11358/452
f 3258/11359/26 3260/11360/26 3259/11361/26 3257/11362/26
f 3260/11363/449 3262/11364/449 3261/11365/449 3259/11366/449
f 3262/11367/133 3242/11368/133 3239/11369/133 3261/11370/133
f 3239/11371/38 3240/11372/38 3243/11373/38 3245/11374/38 3247/11375/38 3249/11376/38 3251/11377/38 3253/11378/38 3255/11379/38 3257/11380/38 3259/11381/38 3261/11382/38
f 3262/11383/39 3260/11384/39 3258/11385/39 3256/11386/39 3254/11387/39 3252/11388/39 3250/11389/39 3248/11390/39 3246/11391/39 3244/11392/39 3241/11393/39 3242/11394/39
f 3266/11395/115 3265/11396/115 3264/11397/115 3263/11398/115
f 3265/11399/147 3268/11400/147 3267/11401/147 3264/11402/147
f 3268/11403/31 3270/11404/31 3269/11405/31 3267/11406/31
f 3270/11407/134 3272/11408/134 3271/11409/134 3269/11410/134
f 3272/11411/47 3274/11412/47 3273/11413/47 3271/11414/47
f 3274/11415/450 3276/11416/450 3275/11417/450 3273/11418/450
f 3276/11419/1175 3278/11420/1175 3277/11421/1175 3275/11422/1175
f 3278/11423/36 3280/11424/36 3279/11425/36 3277/11426/36
f 3280/11427/37 3282/11428/37 3281/11429/37 3279/11430/37
f 3282/11431/26 3284/11432/26 3283/11433/26 3281/11434/26
f 3284/11435/113 3286/11436/113 3285/11437/113 3283/11438/113
f 3286/11439/121 3266/11440/121 3263/11441/121 3285/11442/121
f 3263/11443/38 3264/11444/38 3267/11445/38 3269/11446/38 3271/11447/38 3273/11448/38 3275/11449/38 3277/11450/38 3279/11451/38 3281/11452/38 3283/11453/38 3285/11454/38
f 3286/11455/39 3284/11456/39 3282/11457/39 3280/11458/39 3278/11459/39 3276/11460/39 3274/11461/39 3272/11462/39 3270/11463/39 3268/11464/39 3265/11465/39 3266/11466/39
f 3290/11467/146 3289/11468/146 3288/11469/146 3287/11470/146
f 3289/11471/116 3292/11472/116 3291/11473/116 3288/11474/116
f 3292/11475/31 3294/11476/31 3293/11477/31 3291/11478/31
f 3294/11479/134 3296/11480/134 3295/11481/134 3293/11482/134
f 3296/11483/47 3298/11484/47 3297/11485/47 3295/11486/47
f 3298/11487/135 3300/11488/135 3299/11489/135 3297/11490/135
f 3300/11491/152 3302/11492/152 3301/11493/152 3299/11494/152
f 3302/11495/126 3304/11496/126 3303/11497/126 3301/11498/126
f 3304/11499/111 3306/11500/111 3305/11501/111 3303/11502/111
f 3306/11503/26 3308/11504/26 3307/11505/26 3305/11506/26
f 3308/11507/449 3310/11508/449 3309/11509/449 3307/11510/449
f 3310/11511/133 3290/11512/133 3287/11513/133 3309/11514/133
f 3287/11515/38 3288/11516/38 3291/11517/38 3293/11518/38 3295/11519/38 3297/11520/38 3299/11521/38 3301/11522/38 3303/11523/38 3305/11524/38 3307/11525/38 3309/11526/38
f 3310/11527/39 3308/11528/39 3306/11529/39 3304/11530/39 3302/11531/39 3300/11532/39 3298/11533/39 3296/11534/39 3294/11535/39 3292/11536/39 3289/11537/39 3290/11538/39
f 3314/11539/1179 3313/11540/1179 3312/11541/1179 3311/11542/1179
f 3313/11543/116 3316/11544/116 3315/11545/116 3312/11546/116
f 3316/11547/31 3318/11548/31 3317/11549/31 3315/11550/31
f 3318/11551/134 3320/11552/134 3319/11553/134 3317/11554/134
f 3320/11555/47 3322/11556/47 3321/11557/47 3319/11558/47
f 3322/11559/135 3324/11560/135 3323/11561/135 3321/11562/135
f 3324/11563/109 3326/11564/109 3325/11565/109 3323/11566/109
f 3326/11567/126 3328/11568/126 3327/11569/126 3325/11570/126
f 3328/11571/37 3330/11572/37 3329/11573/37 3327/11574/37
f 3330/11575/26 3332/11576/26 3331/11577/26 3329/11578/26
f 3332/11579/449 3334/11580/449 3333/11581/449 3331/11582/449
f 3334/11583/121 3314/11584/121 3311/11585/121 3333/11586/121
f 3311/11587/38 3312/11588/38 3315/11589/38 3317/11590/38 3319/11591/38 3321/11592/38 3323/11593/38 3325/11594/38 3327/11595/38 3329/11596/38 3331/11597/38 3333/11598/38
f 3334/11599/39 3332/11600/39 3330/11601/39 3328/11602/39 3326/11603/39 3324/11604/39 3322/11605/39 3320/11606/39 3318/11607/39 3316/11608/39 3313/11609/39 3314/11610/39
f 3338/11611/122 3337/11612/122 3336/11613/122 3335/11614/122
f 3337/11615/147 3340/11616/147 3339/11617/147 3336/11618/147
f 3340/11619/31 3342/11620/31 3341/11621/31 3339/11622/31
f 3342/11623/32 3344/11624/32 3343/11625/32 3341/11626/32
f 3344/11627/132 3346/11628/132 3345/11629/132 3343/11630/132
f 3346/11631/124 3348/11632/124 3347/11633/124 3345/11634/124
f 3348/11635/152 3350/11636/152 3349/11637/152 3347/11638/152
f 3350/11639/126 3352/11640/126 3351/11641/126 3349/11642/126
f 3352/11643/452 3354/11644/452 3353/11645/452 3351/11646/452
f 3354/11647/26 3356/11648/26 3355/11649/26 3353/11650/26
f 3356/11651/113 3358/11652/113 3357/11653/113 3355/11654/113
f 3358/11655/130 3338/11656/130 3335/11657/130 3357/11658/130
f 3335/11659/38 3336/11660/38 3339/11661/38 3341/11662/38 3343/11663/38 3345/11664/38 3347/11665/38 3349/11666/38 3351/11667/38 3353/11668/38 3355/11669/38 3357/11670/38
f 3358/11671/39 3356/11672/39 3354/11673/39 3352/11674/39 3350/11675/39 3348/11676/39 3346/11677/39 3344/11678/39 3342/11679/39 3340/11680/39 3337/11681/39 3338/11682/39
f 3370/11707/26 3369/11708/26 3368/11709/26 3367/11710/26
f 3369/11711/41 3372/11712/41 3371/11713/41 3368/11714/41
f 3372/11715/28 3374/11716/28 3373/11717/28 3371/11718/28
f 3374/11719/122 3376/11720/122 3375/11721/122 3373/11722/122
f 3376/11723/30 3378/11724/30 3377/11725/30 3375/11726/30
f 3378/11727/31 3380/11728/31 3379/11729/31 3377/11730/31
f 3380/11731/32 3382/11732/32 3381/11733/32 3379/11734/32
f 3382/11735/47 3384/11736/47 3383/11737/47 3381/11738/47
f 3384/11739/108 3386/11740/108 3385/11741/108 3383/11742/108
f 3386/11743/120 3388/11744/120 3387/11745/120 3385/11746/120
f 3388/11747/1181 3390/11748/1181 3389/11749/1181 3387/11750/1181
f 3390/11751/37 3370/11752/37 3367/11753/37 3389/11754/37
f 3367/11755/38 3368/7343/38 3371/7344/38 3373/7345/38 3375/7346/38 3377/7347/38 3379/7348/38 3381/7349/38 3383/7350/38 3385/7351/38 3387/7352/38 3389/7353/38
f 3390/11756/39 3388/11757/39 3386/11758/39 3384/7357/39 3382/11759/39 3380/11760/39 3378/7360/39 3376/11761/39 3374/7362/39 3372/7363/39 3369/11762/39 3370/11763/39
f 3394/11764/1182 3393/11765/1182 3392/11766/1182 3391/11767/1182
f 3393/11768/16 3396/11769/16 3395/11770/16 3392/11771/16
f 3396/11772/482 3398/11773/482 3397/11774/482 3395/11775/482
f 3398/11776/17 3400/11777/17 3399/11778/17 3397/11779/17
f 3400/11780/18 3402/11781/18 3401/11782/18 3399/11783/18
f 3402/11784/19 3404/11785/19 3403/11786/19 3401/11787/19
f 3404/11788/1127 3406/11789/1127 3405/11790/1127 3403/11791/1127
f 3406/11792/21 3408/11793/21 3407/11794/21 3405/11795/21
f 3408/11796/484 3410/11797/484 3409/11798/484 3407/11799/484
f 3410/11800/23 3412/11801/23 3411/11802/23 3409/11803/23
f 3412/11804/24 3414/11805/24 3413/11806/24 3411/11807/24
f 3414/11808/25 3394/11809/25 3391/11810/25 3413/11811/25
f 3391/11812/13 3392/11813/13 3395/11814/13 3397/11815/13 3399/11816/13 3401/11817/13 3403/11818/13 3405/11819/13 3407/11820/13 3409/11821/13 3411/11822/13 3413/11823/13
f 3414/11824/14 3412/11825/14 3410/11826/14 3408/11827/14 3406/11828/14 3404/11829/14 3402/11830/14 3400/11831/14 3398/11832/14 3396/11833/14 3393/11834/14 3394/11835/14
f 3466/12004/15 3465/12005/15 3464/12006/15 3463/12007/15
f 3465/12008/412 3468/12009/412 3467/12010/412 3464/12011/412
f 3468/12012/482 3470/12013/482 3469/12014/482 3467/12015/482
f 3470/12016/17 3472/12017/17 3471/12018/17 3469/12019/17
f 3472/12020/18 3474/12021/18 3473/12022/18 3471/12023/18
f 3474/12024/19 3476/12025/19 3475/12026/19 3473/12027/19
f 3476/12028/20 3478/12029/20 3477/12030/20 3475/12031/20
f 3478/12032/1184 3480/12033/1184 3479/12034/1184 3477/12035/1184
f 3480/12036/22 3482/12037/22 3481/12038/22 3479/12039/22
f 3482/12040/23 3484/12041/23 3483/12042/23 3481/12043/23
f 3484/12044/24 3486/12045/24 3485/12046/24 3483/12047/24
f 3486/12048/25 3466/12049/25 3463/12050/25 3485/12051/25
f 3463/12052/13 3464/122/13 3467/123/13 3469/124/13 3471/125/13 3473/126/13 3475/127/13 3477/128/13 3479/129/13 3481/130/13 3483/12053/13 3485/132/13
f 3486/133/14 3484/134/14 3482/12054/14 3480/136/14 3478/137/14 3476/138/14 3474/139/14 3472/140/14 3470/12055/14 3468/142/14 3465/12056/14 3466/144/14
f 3538/12225/26 3537/12226/26 3536/12227/26 3535/12228/26
f 3537/12229/27 3540/12230/27 3539/12231/27 3536/12232/27
f 3540/12233/28 3542/12234/28 3541/12235/28 3539/12236/28
f 3542/12237/155 3544/12238/155 3543/12239/155 3541/12240/155
f 3544/12241/30 3546/12242/30 3545/12243/30 3543/12244/30
f 3546/12245/31 3548/12246/31 3547/12247/31 3545/12248/31
f 3548/12249/32 3550/12250/32 3549/12251/32 3547/12252/32
f 3550/12253/33 3552/12254/33 3551/12255/33 3549/12256/33
f 3552/12257/34 3554/12258/34 3553/12259/34 3551/12260/34
f 3554/12261/120 3556/12262/120 3555/12263/120 3553/12264/120
f 3556/12265/36 3558/12266/36 3557/12267/36 3555/12268/36
f 3558/12269/37 3538/12270/37 3535/12271/37 3557/12272/37
f 3535/12273/38 3536/12274/38 3539/12275/38 3541/12276/38 3543/12277/38 3545/10032/38 3547/12278/38 3549/12279/38 3551/12280/38 3553/12281/38 3555/12282/38 3557/12283/38
f 3558/12284/39 3556/12285/39 3554/12286/39 3552/12287/39 3550/12288/39 3548/12289/39 3546/12290/39 3544/12291/39 3542/12292/39 3540/12293/39 3537/12294/39 3538/12295/39
f 3562/12296/26 3561/12297/26 3560/12298/26 3559/12299/26
f 3561/12300/27 3564/12301/27 3563/12302/27 3560/12303/27
f 3564/12304/28 3566/12305/28 3565/12306/28 3563/12307/28
f 3566/12308/29 3568/12309/29 3567/12310/29 3565/12311/29
f 3568/12312/30 3570/12313/30 3569/12314/30 3567/12315/30
f 3570/12316/31 3572/12317/31 3571/12318/31 3569/12319/31
f 3572/12320/32 3574/12321/32 3573/12322/32 3571/12323/32
f 3574/12324/33 3576/12325/33 3575/12326/33 3573/12327/33
f 3576/12328/34 3578/12329/34 3577/12330/34 3575/12331/34
f 3578/12332/35 3580/12333/35 3579/12334/35 3577/12335/35
f 3580/12336/36 3582/12337/36 3581/12338/36 3579/12339/36
f 3582/12340/37 3562/12341/37 3559/12342/37 3581/12343/37
f 3559/12344/38 3560/12345/38 3563/12346/38 3565/12347/38 3567/12348/38 3569/12349/38 3571/12350/38 3573/12351/38 3575/12352/38 3577/12353/38 3579/12354/38 3581/12355/38
f 3582/12356/39 3580/12357/39 3578/12358/39 3576/12359/39 3574/12360/39 3572/12361/39 3570/12362/39 3568/12363/39 3566/521/39 3564/522/39 3561/523/39 3562/12364/39
f 3658/12605/90 3657/12606/90 3656/12607/90 3655/12608/90
f 3657/12609/91 3660/12610/91 3659/12611/91 3656/12612/91
f 3660/12613/92 3662/12614/92 3661/12615/92 3659/12616/92
f 3662/12617/93 3664/12618/93 3663/12619/93 3661/12620/93
f 3664/12621/94 3666/12622/94 3665/12623/94 3663/12624/94
f 3666/12625/1171 3668/12626/1171 3667/12627/1171 3665/12628/1171
f 3668/12629/1193 3670/12630/1193 3669/12631/1193 3667/12632/1193
f 3670/12633/1170 3672/12634/1170 3671/12635/1170 3669/12636/1170
f 3672/12637/98 3674/12638/98 3673/12639/98 3671/12640/98
f 3674/12641/99 3676/12642/99 3675/12643/99 3673/12644/99
f 3676/12645/1169 3678/12646/1169 3677/12647/1169 3675/12648/1169
f 3678/12649/1194 3658/12650/1194 3655/12651/1194 3677/12652/1194
f 3655/12653/102 3656/12654/102 3659/12655/102 3661/12656/102 3663/12657/102 3665/12658/102 3667/12659/102 3669/12660/102 3671/12661/102 3673/12662/102 3675/12663/102 3677/12664/102
f 3678/12665/103 3676/12666/103 3674/12667/103 3672/12668/103 3670/12669/103 3668/12670/103 3666/12671/103 3664/12672/103 3662/12673/103 3660/12674/103 3657/12675/103 3658/12676/103
f 3682/12677/29 3681/12678/29 3680/12679/29 3679/12680/29
f 3681/12681/30 3684/12682/30 3683/12683/30 3680/12684/30
f 3684/12685/31 3686/12686/31 3685/12687/31 3683/12688/31
f 3686/12689/118 3688/12690/118 3687/12691/118 3685/12692/118
f 3688/12693/1172 3690/12694/1172 3689/12695/1172 3687/12696/1172
f 3690/12697/138 3692/12698/138 3691/12699/138 3689/12700/138
f 3692/12701/1175 3694/12702/1175 3693/12703/1175 3691/12704/1175
f 3694/12705/36 3696/12706/36 3695/12707/36 3693/12708/36
f 3696/12709/37 3698/12710/37 3697/12711/37 3695/12712/37
f 3698/12713/26 3700/12714/26 3699/12715/26 3697/12716/26
f 3700/12717/129 3702/12718/129 3701/12719/129 3699/12720/129
f 3702/12721/114 3682/12722/114 3679/12723/114 3701/12724/114
f 3679/12725/38 3680/12726/38 3683/12727/38 3685/12728/38 3687/12729/38 3689/12730/38 3691/12731/38 3693/12732/38 3695/12733/38 3697/12734/38 3699/12735/38 3701/12736/38
f 3702/12737/39 3700/12738/39 3698/12739/39 3696/12740/39 3694/12741/39 3692/12742/39 3690/12743/39 3688/12744/39 3686/12745/39 3684/12746/39 3681/12747/39 3682/12748/39
f 3706/12749/29 3705/12750/29 3704/12751/29 3703/12752/29
f 3705/12753/30 3708/12754/30 3707/12755/30 3704/12756/30
f 3708/12757/31 3710/12758/31 3709/12759/31 3707/12760/31
f 3710/12761/134 3712/12762/134 3711/12763/134 3709/12764/134
f 3712/12765/447 3714/12766/447 3713/12767/447 3711/12768/447
f 3714/12769/108 3716/12770/108 3715/12771/108 3713/12772/108
f 3716/12773/120 3718/12774/120 3717/12775/120 3715/12776/120
f 3718/12777/36 3720/12778/36 3719/12779/36 3717/12780/36
f 3720/12781/37 3722/12782/37 3721/12783/37 3719/12784/37
f 3722/12785/448 3724/12786/448 3723/12787/448 3721/12788/448
f 3724/12789/27 3726/12790/27 3725/12791/27 3723/12792/27
f 3726/12793/28 3706/12794/28 3703/12795/28 3725/12796/28
f 3703/12797/38 3704/12798/38 3707/12799/38 3709/12800/38 3711/12801/38 3713/12802/38 3715/12803/38 3717/12804/38 3719/12805/38 3721/12806/38 3723/12807/38 3725/12808/38
f 3726/12809/39 3724/12810/39 3722/12811/39 3720/12812/39 3718/12813/39 3716/12814/39 3714/12815/39 3712/12816/39 3710/12817/39 3708/12818/39 3705/12819/39 3706/12820/39
f 3730/12821/122 3729/12822/122 3728/12823/122 3727/12824/122
f 3729/12825/30 3732/12826/30 3731/12827/30 3728/12828/30
f 3732/12829/451 3734/12830/451 3733/12831/451 3731/12832/451
f 3734/12833/32 3736/12834/32 3735/12835/32 3733/12836/32
f 3736/12837/1195 3738/12838/1195 3737/12839/1195 3735/12840/1195
f 3738/12841/124 3740/12842/124 3739/12843/124 3737/12844/124
f 3740/12845/152 3742/12846/152 3741/12847/152 3739/12848/152
f 3742/12849/36 3744/12850/36 3743/12851/36 3741/12852/36
f 3744/12853/452 3746/12854/452 3745/12855/452 3743/12856/452
f 3746/12857/26 3748/12858/26 3747/12859/26 3745/12860/26
f 3748/12861/41 3750/12862/41 3749/12863/41 3747/12864/41
f 3750/12865/114 3730/12866/114 3727/12867/114 3749/12868/114
f 3727/12869/38 3728/12870/38 3731/12871/38 3733/12872/38 3735/12873/38 3737/12874/38 3739/12875/38 3741/12876/38 3743/12877/38 3745/12878/38 3747/12879/38 3749/12880/38
f 3750/12881/39 3748/12882/39 3746/12883/39 3744/12884/39 3742/12885/39 3740/12886/39 3738/12887/39 3736/12888/39 3734/12889/39 3732/12890/39 3729/12891/39 3730/12892/39
f 3754/12893/146 3753/12894/146 3752/12895/146 3751/12896/146
f 3753/12897/30 3756/12898/30 3755/12899/30 3752/12900/30
f 3756/12901/31 3758/12902/31 3757/12903/31 3755/12904/31
f 3758/12905/134 3760/12906/134 3759/12907/134 3757/12908/134
f 3760/12909/447 3762/12910/447 3761/12911/447 3759/12912/447
f 3762/12913/124 3764/12914/124 3763/12915/124 3761/12916/124
f 3764/12917/125 3766/12918/125 3765/12919/125 3763/12920/125
f 3766/12921/36 3768/12922/36 3767/12923/36 3765/12924/36
f 3768/12925/37 3770/12926/37 3769/12927/37 3767/12928/37
f 3770/12929/26 3772/12930/26 3771/12931/26 3769/12932/26
f 3772/12933/449 3774/12934/449 3773/12935/449 3771/12936/449
f 3774/12937/133 3754/12938/133 3751/12939/133 3773/12940/133
f 3751/12941/38 3752/12942/38 3755/12943/38 3757/12944/38 3759/12945/38 3761/12946/38 3763/12947/38 3765/12948/38 3767/12949/38 3769/12950/38 3771/12951/38 3773/12952/38
f 3774/12953/39 3772/12954/39 3770/12955/39 3768/12956/39 3766/12957/39 3764/12958/39 3762/12959/39 3760/12960/39 3758/12961/39 3756/12962/39 3753/12963/39 3754/12964/39
f 3778/12965/29 3777/12966/29 3776/12967/29 3775/12968/29
f 3777/12969/1196 3780/12970/1196 3779/12971/1196 3776/12972/1196
f 3780/12973/117 3782/12974/117 3781/12975/117 3779/12976/117
f 3782/12977/118 3784/12978/118 3783/12979/118 3781/12980/118
f 3784/12981/33 3786/12982/33 3785/12983/33 3783/12984/33
f 3786/12985/119 3788/12986/119 3787/12987/119 3785/12988/119
f 3788/12989/1175 3790/12990/1175 3789/12991/1175 3787/12992/1175
f 3790/12993/1197 3792/12994/1197 3791/12995/1197 3789/12996/1197
f 3792/12997/111 3794/12998/111 3793/12999/111 3791/13000/111
f 3794/13001/26 3796/13002/26 3795/13003/26 3793/13004/26
f 3796/13005/41 3798/13006/41 3797/13007/41 3795/13008/41
f 3798/13009/114 3778/13010/114 3775/13011/114 3797/13012/114
f 3775/13013/38 3776/13014/38 3779/13015/38 3781/13016/38 3783/13017/38 3785/13018/38 3787/13019/38 3789/13020/38 3791/13021/38 3793/13022/38 3795/13023/38 3797/13024/38
f 3798/13025/39 3796/13026/39 3794/13027/39 3792/13028/39 3790/13029/39 3788/13030/39 3786/13031/39 3784/13032/39 3782/13033/39 3780/13034/39 3777/13035/39 3778/13036/39
f 3802/13037/136 3801/13038/136 3800/13039/136 3799/13040/136
f 3801/13041/1178 3804/13042/1178 3803/13043/1178 3800/13044/1178
f 3804/13045/31 3806/13046/31 3805/13047/31 3803/13048/31
f 3806/13049/32 3808/13050/32 3807/13051/32 3805/13052/32
f 3808/13053/47 3810/13054/47 3809/13055/47 3807/13056/47
f 3810/13057/135 3812/13058/135 3811/13059/135 3809/13060/135
f 3812/13061/152 3814/13062/152 3813/13063/152 3811/13064/152
f 3814/13065/36 3816/13066/36 3815/13067/36 3813/13068/36
f 3816/13069/37 3818/13070/37 3817/13071/37 3815/13072/37
f 3818/13073/26 3820/13074/26 3819/13075/26 3817/13076/26
f 3820/13077/41 3822/13078/41 3821/13079/41 3819/13080/41
f 3822/13081/114 3802/13082/114 3799/13083/114 3821/13084/114
f 3799/13085/38 3800/13086/38 3803/13087/38 3805/13088/38 3807/13089/38 3809/13090/38 3811/13091/38 3813/13092/38 3815/13093/38 3817/13094/38 3819/13095/38 3821/13096/38
f 3822/13097/39 3820/13098/39 3818/13099/39 3816/13100/39 3814/13101/39 3812/13102/39 3810/13103/39 3808/13104/39 3806/13105/39 3804/13106/39 3801/13107/39 3802/13108/39
f 3826/13109/92 3825/13110/92 3824/13111/92 3823/13112/92
f 3825/13113/91 3828/13114/91 3827/13115/91 3824/13116/91
f 3828/13117/90 3830/13118/90 3829/13119/90 3827/13120/90
f 3830/13121/101 3832/13122/101 3831/13123/101 3829/13124/101
f 3832/13125/1169 3834/13126/1169 3833/13127/1169 3831/13128/1169
f 3834/13129/99 3836/13130/99 3835/13131/99 3833/13132/99
f 3836/13133/98 3838/13134/98 3837/13135/98 3835/13136/98
f 3838/13137/1170 3840/13138/1170 3839/13139/1170 3837/13140/1170
f 3840/13141/96 3842/13142/96 3841/13143/96 3839/13144/96
f 3842/13145/95 3844/13146/95 3843/13147/95 3841/13148/95
f 3844/13149/94 3846/13150/94 3845/13151/94 3843/13152/94
f 3846/13153/93 3826/13154/93 3823/13155/93 3845/13156/93
f 3823/13157/103 3824/13158/103 3827/13159/103 3829/13160/103 3831/13161/103 3833/13162/103 3835/13163/103 3837/13164/103 3839/13165/103 3841/13166/103 3843/13167/103 3845/13168/103
f 3846/13169/1198 3844/13170/1198 3842/13171/1198 3840/13172/1198 3838/13173/1198 3836/13174/1198 3834/13175/1198 3832/13176/1198 3830/13177/1198 3828/13178/1198 3825/13179/1198 3826/13180/1198
f 3850/13181/29 3849/13182/29 3848/13183/29 3847/13184/29
f 3849/13185/468 3852/13186/468 3851/13187/468 3848/13188/468
f 3852/13189/31 3854/13190/31 3853/13191/31 3851/13192/31
f 3854/13193/118 3856/13194/118 3855/13195/118 3853/13196/118
f 3856/13197/132 3858/13198/132 3857/13199/132 3855/13200/132
f 3858/13201/138 3860/13202/138 3859/13203/138 3857/13204/138
f 3860/13205/120 3862/13206/120 3861/13207/120 3859/13208/120
f 3862/13209/36 3864/13210/36 3863/13211/36 3861/13212/36
f 3864/13213/37 3866/13214/37 3865/13215/37 3863/13216/37
f 3866/13217/454 3868/13218/454 3867/13219/454 3865/13220/454
f 3868/13221/27 3870/13222/27 3869/13223/27 3867/13224/27
f 3870/13225/114 3850/13226/114 3847/13227/114 3869/13228/114
f 3847/13229/38 3848/13230/38 3851/13231/38 3853/13232/38 3855/13233/38 3857/13234/38 3859/13235/38 3861/13236/38 3863/13237/38 3865/13238/38 3867/13239/38 3869/13240/38
f 3870/13241/39 3868/13242/39 3866/13243/39 3864/13244/39 3862/13245/39 3860/13246/39 3858/13247/39 3856/13248/39 3854/13249/39 3852/13250/39 3849/13251/39 3850/13252/39
f 3874/13253/146 3873/13254/146 3872/13255/146 3871/13256/146
f 3873/13257/116 3876/13258/116 3875/13259/116 3872/13260/116
f 3876/13261/31 3878/13262/31 3877/13263/31 3875/13264/31
f 3878/13265/134 3880/13266/134 3879/13267/134 3877/13268/134
f 3880/13269/47 3882/13270/47 3881/13271/47 3879/13272/47
f 3882/13273/135 3884/13274/135 3883/13275/135 3881/13276/135
f 3884/13277/125 3886/13278/125 3885/13279/125 3883/13280/125
f 3886/13281/36 3888/13282/36 3887/13283/36 3885/13284/36
f 3888/13285/111 3890/13286/111 3889/13287/111 3887/13288/111
f 3890/13289/128 3892/13290/128 3891/13291/128 3889/13292/128
f 3892/13293/41 3894/13294/41 3893/13295/41 3891/13296/41
f 3894/13297/121 3874/13298/121 3871/13299/121 3893/13300/121
f 3871/13301/38 3872/13302/38 3875/13303/38 3877/13304/38 3879/13305/38 3881/13306/38 3883/13307/38 3885/13308/38 3887/13309/38 3889/13310/38 3891/13311/38 3893/13312/38
f 3894/13313/39 3892/13314/39 3890/13315/39 3888/13316/39 3886/13317/39 3884/13318/39 3882/13319/39 3880/13320/39 3878/13321/39 3876/13322/39 3873/13323/39 3874/13324/39
f 3898/13325/29 3897/13326/29 3896/13327/29 3895/13328/29
f 3897/13329/468 3900/13330/468 3899/13331/468 3896/13332/468
f 3900/13333/31 3902/13334/31 3901/13335/31 3899/13336/31
f 3902/13337/118 3904/13338/118 3903/13339/118 3901/13340/118
f 3904/13341/33 3906/13342/33 3905/13343/33 3903/13344/33
f 3906/13345/108 3908/13346/108 3907/13347/108 3905/13348/108
f 3908/13349/120 3910/13350/120 3909/13351/120 3907/13352/120
f 3910/13353/36 3912/13354/36 3911/13355/36 3909/13356/36
f 3912/13357/37 3914/13358/37 3913/13359/37 3911/13360/37
f 3914/13361/26 3916/13362/26 3915/13363/26 3913/13364/26
f 3916/13365/27 3918/13366/27 3917/13367/27 3915/13368/27
f 3918/13369/114 3898/13370/114 3895/13371/114 3917/13372/114
f 3895/13373/38 3896/13374/38 3899/13375/38 3901/13376/38 3903/13377/38 3905/13378/38 3907/13379/38 3909/13380/38 3911/13381/38 3913/13382/38 3915/13383/38 3917/13384/38
f 3918/13385/39 3916/13386/39 3914/13387/39 3912/13388/39 3910/13389/39 3908/13390/39 3906/13391/39 3904/13392/39 3902/13393/39 3900/13394/39 3897/13395/39 3898/13396/39
f 3922/13397/104 3921/13398/104 3920/13399/104 3919/13400/104
f 3921/13401/116 3924/13402/116 3923/13403/116 3920/13404/116
f 3924/13405/31 3926/13406/31 3925/13407/31 3923/13408/31
f 3926/13409/32 3928/13410/32 3927/13411/32 3925/13412/32
f 3928/13413/33 3930/13414/33 3929/13415/33 3927/13416/33
f 3930/13417/135 3932/13418/135 3931/13419/135 3929/13420/135
f 3932/13421/152 3934/13422/152 3933/13423/152 3931/13424/152
f 3934/13425/36 3936/13426/36 3935/13427/36 3933/13428/36
f 3936/13429/37 3938/13430/37 3937/13431/37 3935/13432/37
f 3938/13433/26 3940/13434/26 3939/13435/26 3937/13436/26
f 3940/13437/449 3942/13438/449 3941/13439/449 3939/13440/449
f 3942/13441/114 3922/13442/114 3919/13443/114 3941/13444/114
f 3919/13445/38 3920/13446/38 3923/13447/38 3925/13448/38 3927/13449/38 3929/13450/38 3931/13451/38 3933/13452/38 3935/13453/38 3937/13454/38 3939/13455/38 3941/13456/38
f 3942/13457/39 3940/13458/39 3938/13459/39 3936/13460/39 3934/13461/39 3932/13462/39 3930/13463/39 3928/13464/39 3926/13465/39 3924/13466/39 3921/13467/39 3922/13468/39
f 3946/13469/122 3945/13470/122 3944/13471/122 3943/13472/122
f 3945/13473/147 3948/13474/147 3947/13475/147 3944/13476/147
f 3948/13477/31 3950/13478/31 3949/13479/31 3947/13480/31
f 3950/13481/134 3952/13482/134 3951/13483/134 3949/13484/134
f 3952/13485/33 3954/13486/33 3953/13487/33 3951/13488/33
f 3954/13489/124 3956/13490/124 3955/13491/124 3953/13492/124
f 3956/13493/125 3958/13494/125 3957/13495/125 3955/13496/125
f 3958/13497/466 3960/13498/466 3959/13499/466 3957/13500/466
f 3960/13501/37 3962/13502/37 3961/13503/37 3959/13504/37
f 3962/13505/26 3964/13506/26 3963/13507/26 3961/13508/26
f 3964/13509/449 3966/13510/449 3965/13511/449 3963/13512/449
f 3966/13513/121 3946/13514/121 3943/13515/121 3965/13516/121
f 3943/13517/38 3944/13518/38 3947/13519/38 3949/13520/38 3951/13521/38 3953/13522/38 3955/13523/38 3957/13524/38 3959/13525/38 3961/13526/38 3963/13527/38 3965/13528/38
f 3966/13529/39 3964/13530/39 3962/13531/39 3960/13532/39 3958/13533/39 3956/13534/39 3954/13535/39 3952/13536/39 3950/13537/39 3948/13538/39 3945/13539/39 3946/13540/39
f 3970/13541/115 3969/13542/115 3968/13543/115 3967/13544/115
f 3969/13545/30 3972/13546/30 3971/13547/30 3968/13548/30
f 3972/13549/31 3974/13550/31 3973/13551/31 3971/13552/31
f 3974/13553/32 3976/13554/32 3975/13555/32 3973/13556/32
f 3976/13557/47 3978/13558/47 3977/13559/47 3975/13560/47
f 3978/13561/108 3980/13562/108 3979/13563/108 3977/13564/108
f 3980/13565/1175 3982/13566/1175 3981/13567/1175 3979/13568/1175
f 3982/13569/36 3984/13570/36 3983/13571/36 3981/13572/36
f 3984/13573/37 3986/13574/37 3985/13575/37 3983/13576/37
f 3986/13577/26 3988/13578/26 3987/13579/26 3985/13580/26
f 3988/13581/41 3990/13582/41 3989/13583/41 3987/13584/41
f 3990/13585/114 3970/13586/114 3967/13587/114 3989/13588/114
f 3967/13589/38 3968/13590/38 3971/13591/38 3973/13592/38 3975/13593/38 3977/13594/38 3979/13595/38 3981/13596/38 3983/13597/38 3985/13598/38 3987/13599/38 3989/13600/38
f 3990/13601/39 3988/13602/39 3986/13603/39 3984/13604/39 3982/13605/39 3980/13606/39 3978/13607/39 3976/13608/39 3974/13609/39 3972/13610/39 3969/13611/39 3970/13612/39
f 3994/13613/122 3993/13614/122 3992/13615/122 3991/13616/122
f 3993/13617/116 3996/13618/116 3995/13619/116 3992/13620/116
f 3996/13621/31 3998/13622/31 3997/13623/31 3995/13624/31
f 3998/13625/134 4000/13626/134 3999/13627/134 3997/13628/134
f 4000/13629/132 4002/13630/132 4001/13631/132 3999/13632/132
f 4002/13633/34 4004/13634/34 4003/13635/34 4001/13636/34
f 4004/13637/125 4006/13638/125 4005/13639/125 4003/13640/125
f 4006/13641/36 4008/13642/36 4007/13643/36 4005/13644/36
f 4008/13645/37 4010/13646/37 4009/13647/37 4007/13648/37
f 4010/13649/26 4012/13650/26 4011/13651/26 4009/13652/26
f 4012/13653/113 4014/13654/113 4013/13655/113 4011/13656/113
f 4014/13657/130 3994/13658/130 3991/13659/130 4013/13660/130
f 3991/13661/38 3992/13662/38 3995/13663/38 3997/13664/38 3999/13665/38 4001/13666/38 4003/13667/38 4005/13668/38 4007/13669/38 4009/13670/38 4011/13671/38 4013/13672/38
f 4014/13673/39 4012/13674/39 4010/13675/39 4008/13676/39 4006/13677/39 4004/13678/39 4002/13679/39 4000/13680/39 3998/13681/39 3996/13682/39 3993/13683/39 3994/13684/39
f 4018/13685/104 4017/13686/104 4016/13687/104 4015/13688/104
f 4017/13689/1196 4020/13690/1196 4019/13691/1196 4016/13692/1196
f 4020/13693/117 4022/13694/117 4021/13695/117 4019/13696/117
f 4022/13697/118 4024/13698/118 4023/13699/118 4021/13700/118
f 4024/13701/33 4026/13702/33 4025/13703/33 4023/13704/33
f 4026/13705/119 4028/13706/119 4027/13707/119 4025/13708/119
f 4028/13709/120 4030/13710/120 4029/13711/120 4027/13712/120
f 4030/13713/36 4032/13714/36 4031/13715/36 4029/13716/36
f 4032/13717/37 4034/13718/37 4033/13719/37 4031/13720/37
f 4034/13721/26 4036/13722/26 4035/13723/26 4033/13724/26
f 4036/13725/129 4038/13726/129 4037/13727/129 4035/13728/129
f 4038/13729/114 4018/13730/114 4015/13731/114 4037/13732/114
f 4015/13733/38 4016/13734/38 4019/13735/38 4021/13736/38 4023/13737/38 4025/13738/38 4027/13739/38 4029/13740/38 4031/13741/38 4033/13742/38 4035/13743/38 4037/13744/38
f 4038/13745/39 4036/13746/39 4034/13747/39 4032/13748/39 4030/13749/39 4028/13750/39 4026/13751/39 4024/13752/39 4022/13753/39 4020/13754/39 4017/13755/39 4018/13756/39
f 4042/13757/104 4041/13758/104 4040/13759/104 4039/13760/104
f 4041/13761/116 4044/13762/116 4043/13763/116 4040/13764/116
f 4044/13765/31 4046/13766/31 4045/13767/31 4043/13768/31
f 4046/13769/134 4048/13770/134 4047/13771/134 4045/13772/134
f 4048/13773/47 4050/13774/47 4049/13775/47 4047/13776/47
f 4050/13777/124 4052/13778/124 4051/13779/124 4049/13780/124
f 4052/13781/152 4054/13782/152 4053/13783/152 4051/13784/152
f 4054/13785/126 4056/13786/126 4055/13787/126 4053/13788/126
f 4056/13789/37 4058/13790/37 4057/13791/37 4055/13792/37
f 4058/13793/26 4060/13794/26 4059/13795/26 4057/13796/26
f 4060/13797/27 4062/13798/27 4061/13799/27 4059/13800/27
f 4062/13801/130 4042/13802/130 4039/13803/130 4061/13804/130
f 4039/13805/38 4040/13806/38 4043/13807/38 4045/13808/38 4047/13809/38 4049/13810/38 4051/13811/38 4053/13812/38 4055/13813/38 4057/13814/38 4059/13815/38 4061/13816/38
f 4062/13817/39 4060/13818/39 4058/13819/39 4056/13820/39 4054/13821/39 4052/13822/39 4050/13823/39 4048/13824/39 4046/13825/39 4044/13826/39 4041/13827/39 4042/13828/39
f 4066/13829/1182 4065/13830/1182 4064/13831/1182 4063/13832/1182
f 4065/13833/1199 4068/13834/1199 4067/13835/1199 4064/13836/1199
f 4068/13837/1200 4070/13838/1200 4069/13839/1200 4067/13840/1200
f 4070/13841/17 4072/13842/17 4071/13843/17 4069/13844/17
f 4072/13845/18 4074/13846/18 4073/13847/18 4071/13848/18
f 4074/13849/19 4076/13850/19 4075/13851/19 4073/13852/19
f 4076/13853/20 4078/13854/20 4077/13855/20 4075/13856/20
f 4078/13857/21 4080/13858/21 4079/13859/21 4077/13860/21
f 4080/13861/22 4082/13862/22 4081/13863/22 4079/13864/22
f 4082/13865/486 4084/13866/486 4083/13867/486 4081/13868/486
f 4084/13869/24 4086/13870/24 4085/13871/24 4083/13872/24
f 4086/13873/25 4066/13874/25 4063/13875/25 4085/13876/25
f 4063/11812/13 4064/11813/13 4067/11814/13 4069/11815/13 4071/11816/13 4073/11817/13 4075/11818/13 4077/11819/13 4079/11820/13 4081/11821/13 4083/11822/13 4085/13877/13
f 4086/13878/14 4084/13879/14 4082/11826/14 4080/11827/14 4078/11828/14 4076/11829/14 4074/11830/14 4072/11831/14 4070/13880/14 4068/13881/14 4065/11834/14 4066/11835/14
f 4090/13882/1201 4089/13883/1201 4088/13884/1201 4087/13885/1201
f 4089/13886/1202 4092/13887/1202 4091/13888/1202 4088/13889/1202
f 4092/13890/1203 4094/13891/1203 4093/13892/1203 4091/13893/1203
f 4094/13894/1204 4096/13895/1204 4095/13896/1204 4093/13897/1204
f 4096/13898/1205 4098/13899/1205 4097/13900/1205 4095/13901/1205
f 4098/13902/95 4100/13903/95 4099/13904/95 4097/13905/95
f 4100/13906/144 4102/13907/144 4101/13908/144 4099/13909/144
f 4102/13910/97 4104/13911/97 4103/13912/97 4101/13913/97
f 4104/13914/98 4106/13915/98 4105/13916/98 4103/13917/98
f 4106/13918/99 4108/13919/99 4107/13920/99 4105/13921/99
f 4108/13922/100 4110/13923/100 4109/13924/100 4107/13925/100
f 4110/13926/1206 4090/13927/1206 4087/13928/1206 4109/13929/1206
f 4087/13930/102 4088/13931/102 4091/13932/102 4093/13933/102 4095/13934/102 4097/13935/102 4099/13936/102 4101/13937/102 4103/13938/102 4105/13939/102 4107/13940/102 4109/13941/102
f 4110/13942/103 4108/13943/103 4106/13944/103 4104/13945/103 4102/13946/103 4100/13947/103 4098/13948/103 4096/13949/103 4094/13950/103 4092/13951/103 4089/13952/103 4090/13953/103
f 4114/13954/115 4113/13955/115 4112/13956/115 4111/13957/115
f 4113/13958/30 4116/13959/30 4115/13960/30 4112/13961/30
f 4116/13962/31 4118/13963/31 4117/13964/31 4115/13965/31
f 4118/13966/134 4120/13967/134 4119/13968/134 4117/13969/134
f 4120/13970/33 4122/13971/33 4121/13972/33 4119/13973/33
f 4122/13974/450 4124/13975/450 4123/13976/450 4121/13977/450
f 4124/13978/1175 4126/13979/1175 4125/13980/1175 4123/13981/1175
f 4126/13982/1176 4128/13983/1176 4127/13984/1176 4125/13985/1176
f 4128/13986/37 4130/13987/37 4129/13988/37 4127/13989/37
f 4130/13990/26 4132/13991/26 4131/13992/26 4129/13993/26
f 4132/13994/449 4134/13995/449 4133/13996/449 4131/13997/449
f 4134/13998/121 4114/13999/121 4111/14000/121 4133/14001/121
f 4111/14002/38 4112/14003/38 4115/14004/38 4117/14005/38 4119/14006/38 4121/14007/38 4123/14008/38 4125/14009/38 4127/14010/38 4129/14011/38 4131/14012/38 4133/14013/38
f 4134/14014/39 4132/14015/39 4130/14016/39 4128/14017/39 4126/14018/39 4124/14019/39 4122/14020/39 4120/14021/39 4118/14022/39 4116/14023/39 4113/14024/39 4114/14025/39
f 4138/14026/115 4137/14027/115 4136/14028/115 4135/14029/115
f 4137/14030/30 4140/14031/30 4139/14032/30 4136/14033/30
f 4140/14034/31 4142/14035/31 4141/14036/31 4139/14037/31
f 4142/14038/134 4144/14039/134 4143/14040/134 4141/14041/134
f 4144/14042/33 4146/14043/33 4145/14044/33 4143/14045/33
f 4146/14046/450 4148/14047/450 4147/14048/450 4145/14049/450
f 4148/14050/1175 4150/14051/1175 4149/14052/1175 4147/14053/1175
f 4150/14054/1207 4152/14055/1207 4151/14056/1207 4149/14057/1207
f 4152/14058/111 4154/14059/111 4153/14060/111 4151/14061/111
f 4154/14062/26 4156/14063/26 4155/14064/26 4153/14065/26
f 4156/14066/27 4158/14067/27 4157/14068/27 4155/14069/27
f 4158/14070/130 4138/14071/130 4135/14072/130 4157/14073/130
f 4135/14074/38 4136/14075/38 4139/14076/38 4141/14077/38 4143/14078/38 4145/14079/38 4147/14080/38 4149/14081/38 4151/14082/38 4153/14083/38 4155/14084/38 4157/14085/38
f 4158/14086/39 4156/14087/39 4154/14088/39 4152/14089/39 4150/14090/39 4148/14091/39 4146/14092/39 4144/14093/39 4142/14094/39 4140/14095/39 4137/14096/39 4138/14097/39
f 4162/14098/122 4161/14099/122 4160/14100/122 4159/14101/122
f 4161/14102/1208 4164/14103/1208 4163/14104/1208 4160/14105/1208
f 4164/14106/117 4166/14107/117 4165/14108/117 4163/14109/117
f 4166/14110/134 4168/14111/134 4167/14112/134 4165/14113/134
f 4168/14114/132 4170/14115/132 4169/14116/132 4167/14117/132
f 4170/14118/135 4172/14119/135 4171/14120/135 4169/14121/135
f 4172/14122/125 4174/14123/125 4173/14124/125 4171/14125/125
f 4174/14126/466 4176/14127/466 4175/14128/466 4173/14129/466
f 4176/14130/37 4178/14131/37 4177/14132/37 4175/14133/37
f 4178/14134/112 4180/14135/112 4179/14136/112 4177/14137/112
f 4180/14138/113 4182/14139/113 4181/14140/113 4179/14141/113
f 4182/14142/133 4162/14143/133 4159/14144/133 4181/14145/133
f 4159/14146/38 4160/14147/38 4163/14148/38 4165/14149/38 4167/14150/38 4169/14151/38 4171/14152/38 4173/14153/38 4175/14154/38 4177/14155/38 4179/14156/38 4181/14157/38
f 4182/14158/39 4180/14159/39 4178/14160/39 4176/14161/39 4174/14162/39 4172/14163/39 4170/14164/39 4168/14165/39 4166/14166/39 4164/14167/39 4161/14168/39 4162/14169/39
f 4186/14170/122 4185/14171/122 4184/14172/122 4183/14173/122
f 4185/14174/116 4188/14175/116 4187/14176/116 4184/14177/116
f 4188/14178/31 4190/14179/31 4189/14180/31 4187/14181/31
f 4190/14182/134 4192/14183/134 4191/14184/134 4189/14185/134
f 4192/14186/132 4194/14187/132 4193/14188/132 4191/14189/132
f 4194/14190/135 4196/14191/135 4195/14192/135 4193/14193/135
f 4196/14194/152 4198/14195/152 4197/14196/152 4195/14197/152
f 4198/14198/126 4200/14199/126 4199/14200/126 4197/14201/126
f 4200/14202/37 4202/14203/37 4201/14204/37 4199/14205/37
f 4202/14206/26 4204/14207/26 4203/14208/26 4201/14209/26
f 4204/14210/449 4206/14211/449 4205/14212/449 4203/14213/449
f 4206/14214/130 4186/14215/130 4183/14216/130 4205/14217/130
f 4183/14218/38 4184/14219/38 4187/14220/38 4189/14221/38 4191/14222/38 4193/14223/38 4195/14224/38 4197/14225/38 4199/14226/38 4201/14227/38 4203/14228/38 4205/14229/38
f 4206/14230/39 4204/14231/39 4202/14232/39 4200/14233/39 4198/14234/39 4196/14235/39 4194/14236/39 4192/14237/39 4190/14238/39 4188/14239/39 4185/14240/39 4186/14241/39
f 4210/14242/115 4209/14243/115 4208/14244/115 4207/14245/115
f 4209/14246/1196 4212/14247/1196 4211/14248/1196 4208/14249/1196
f 4212/14250/117 4214/14251/117 4213/14252/117 4211/14253/117
f 4214/14254/134 4216/14255/134 4215/14256/134 4213/14257/134
f 4216/14258/1172 4218/14259/1172 4217/14260/1172 4215/14261/1172
f 4218/14262/450 4220/14263/450 4219/14264/450 4217/14265/450
f 4220/14266/149 4222/14267/149 4221/14268/149 4219/14269/149
f 4222/14270/1176 4224/14271/1176 4223/14272/1176 4221/14273/1176
f 4224/14274/37 4226/14275/37 4225/14276/37 4223/14277/37
f 4226/14278/26 4228/14279/26 4227/14280/26 4225/14281/26
f 4228/14282/449 4230/14283/449 4229/14284/449 4227/14285/449
f 4230/14286/151 4210/14287/151 4207/14288/151 4229/14289/151
f 4207/14290/38 4208/14291/38 4211/14292/38 4213/14293/38 4215/14294/38 4217/14295/38 4219/14296/38 4221/14297/38 4223/14298/38 4225/14299/38 4227/14300/38 4229/14301/38
f 4230/14302/39 4228/14303/39 4226/14304/39 4224/14305/39 4222/14306/39 4220/14307/39 4218/14308/39 4216/14309/39 4214/14310/39 4212/14311/39 4209/14312/39 4210/14313/39
f 4234/14314/136 4233/14315/136 4232/14316/136 4231/14317/136
f 4233/14318/1208 4236/14319/1208 4235/14320/1208 4232/14321/1208
f 4236/14322/31 4238/14323/31 4237/14324/31 4235/14325/31
f 4238/14326/134 4240/14327/134 4239/14328/134 4237/14329/134
f 4240/14330/47 4242/14331/47 4241/14332/47 4239/14333/47
f 4242/14334/135 4244/14335/135 4243/14336/135 4241/14337/135
f 4244/14338/152 4246/14339/152 4245/14340/152 4243/14341/152
f 4246/14342/36 4248/14343/36 4247/14344/36 4245/14345/36
f 4248/14346/111 4250/14347/111 4249/14348/111 4247/14349/111
f 4250/14350/112 4252/14351/112 4251/14352/112 4249/14353/112
f 4252/14354/113 4254/14355/113 4253/14356/113 4251/14357/113
f 4254/14358/130 4234/14359/130 4231/14360/130 4253/14361/130
f 4231/14362/38 4232/14363/38 4235/14364/38 4237/14365/38 4239/14366/38 4241/14367/38 4243/14368/38 4245/14369/38 4247/14370/38 4249/14371/38 4251/14372/38 4253/14373/38
f 4254/14374/39 4252/14375/39 4250/14376/39 4248/14377/39 4246/14378/39 4244/14379/39 4242/14380/39 4240/14381/39 4238/14382/39 4236/14383/39 4233/14384/39 4234/14385/39
f 4258/14386/92 4257/14387/92 4256/14388/92 4255/14389/92
f 4257/14390/1209 4260/14391/1209 4259/14392/1209 4256/14393/1209
f 4260/14394/90 4262/14395/90 4261/14396/90 4259/14397/90
f 4262/14398/101 4264/14399/101 4263/14400/101 4261/14401/101
f 4264/14402/100 4266/14403/100 4265/14404/100 4263/14405/100
f 4266/14406/1210 4268/14407/1210 4267/14408/1210 4265/14409/1210
f 4268/14410/1211 4270/14411/1211 4269/14412/1211 4267/14413/1211
f 4270/14414/97 4272/14415/97 4271/14416/97 4269/14417/97
f 4272/14418/96 4274/14419/96 4273/14420/96 4271/14421/96
f 4274/14422/95 4276/14423/95 4275/14424/95 4273/14425/95
f 4276/14426/1212 4278/14427/1212 4277/14428/1212 4275/14429/1212
f 4278/14430/93 4258/14431/93 4255/14432/93 4277/14433/93
f 4255/14434/103 4256/14435/103 4259/14436/103 4261/14437/103 4263/14438/103 4265/14439/103 4267/14440/103 4269/14441/103 4271/14442/103 4273/14443/103 4275/14444/103 4277/14445/103
f 4278/14446/102 4276/14447/102 4274/14448/102 4272/14449/102 4270/14450/102 4268/14451/102 4266/14452/102 4264/14453/102 4262/14454/102 4260/14455/102 4257/14456/102 4258/14457/102
f 4282/14458/104 4281/14459/104 4280/14460/104 4279/14461/104
f 4281/14462/1196 4284/14463/1196 4283/14464/1196 4280/14465/1196
f 4284/14466/31 4286/14467/31 4285/14468/31 4283/14469/31
f 4286/14470/134 4288/14471/134 4287/14472/134 4285/14473/134
f 4288/14474/33 4290/14475/33 4289/14476/33 4287/14477/33
f 4290/14478/34 4292/14479/34 4291/14480/34 4289/14481/34
f 4292/14482/120 4294/14483/120 4293/14484/120 4291/14485/120
f 4294/14486/36 4296/14487/36 4295/14488/36 4293/14489/36
f 4296/14490/37 4298/14491/37 4297/14492/37 4295/14493/37
f 4298/14494/26 4300/14495/26 4299/14496/26 4297/14497/26
f 4300/14498/27 4302/14499/27 4301/14500/27 4299/14501/27
f 4302/14502/114 4282/14503/114 4279/14504/114 4301/14505/114
f 4279/14506/38 4280/14507/38 4283/14508/38 4285/14509/38 4287/14510/38 4289/14511/38 4291/14512/38 4293/14513/38 4295/14514/38 4297/14515/38 4299/14516/38 4301/14517/38
f 4302/14518/39 4300/14519/39 4298/14520/39 4296/14521/39 4294/14522/39 4292/14523/39 4290/14524/39 4288/14525/39 4286/14526/39 4284/14527/39 4281/14528/39 4282/14529/39
f 4306/14530/122 4305/14531/122 4304/14532/122 4303/14533/122
f 4305/14534/116 4308/14535/116 4307/14536/116 4304/14537/116
f 4308/14538/117 4310/14539/117 4309/14540/117 4307/14541/117
f 4310/14542/134 4312/14543/134 4311/14544/134 4309/14545/134
f 4312/14546/47 4314/14547/47 4313/14548/47 4311/14549/47
f 4314/14550/135 4316/14551/135 4315/14552/135 4313/14553/135
f 4316/14554/152 4318/14555/152 4317/14556/152 4315/14557/152
f 4318/14558/36 4320/14559/36 4319/14560/36 4317/14561/36
f 4320/14562/37 4322/14563/37 4321/14564/37 4319/14565/37
f 4322/14566/26 4324/14567/26 4323/14568/26 4321/14569/26
f 4324/14570/27 4326/14571/27 4325/14572/27 4323/14573/27
f 4326/14574/130 4306/14575/130 4303/14576/130 4325/14577/130
f 4303/14578/38 4304/14579/38 4307/14580/38 4309/14581/38 4311/14582/38 4313/14583/38 4315/14584/38 4317/14585/38 4319/14586/38 4321/14587/38 4323/14588/38 4325/14589/38
f 4326/14590/39 4324/14591/39 4322/14592/39 4320/14593/39 4318/14594/39 4316/14595/39 4314/14596/39 4312/14597/39 4310/14598/39 4308/14599/39 4305/14600/39 4306/14601/39
f 4330/14602/115 4329/14603/115 4328/14604/115 4327/14605/115
f 4329/14606/30 4332/14607/30 4331/14608/30 4328/14609/30
f 4332/14610/31 4334/14611/31 4333/14612/31 4331/14613/31
f 4334/14614/134 4336/14615/134 4335/14616/134 4333/14617/134
f 4336/14618/1172 4338/14619/1172 4337/14620/1172 4335/14621/1172
f 4338/14622/138 4340/14623/138 4339/14624/138 4337/14625/138
f 4340/14626/120 4342/14627/120 4341/14628/120 4339/14629/120
f 4342/14630/36 4344/14631/36 4343/14632/36 4341/14633/36
f 4344/14634/37 4346/14635/37 4345/14636/37 4343/14637/37
f 4346/14638/26 4348/14639/26 4347/14640/26 4345/14641/26
f 4348/14642/113 4350/14643/113 4349/14644/113 4347/14645/113
f 4350/14646/130 4330/14647/130 4327/14648/130 4349/14649/130
f 4327/14650/38 4328/14651/38 4331/14652/38 4333/14653/38 4335/14654/38 4337/14655/38 4339/14656/38 4341/14657/38 4343/14658/38 4345/14659/38 4347/14660/38 4349/14661/38
f 4350/14662/39 4348/14663/39 4346/14664/39 4344/14665/39 4342/14666/39 4340/14667/39 4338/14668/39 4336/14669/39 4334/14670/39 4332/14671/39 4329/14672/39 4330/14673/39
f 4354/14674/146 4353/14675/146 4352/14676/146 4351/14677/146
f 4353/14678/30 4356/14679/30 4355/14680/30 4352/14681/30
f 4356/14682/31 4358/14683/31 4357/14684/31 4355/14685/31
f 4358/14686/134 4360/14687/134 4359/14688/134 4357/14689/134
f 4360/14690/132 4362/14691/132 4361/14692/132 4359/14693/132
f 4362/14694/124 4364/14695/124 4363/14696/124 4361/14697/124
f 4364/14698/152 4366/14699/152 4365/14700/152 4363/14701/152
f 4366/14702/36 4368/14703/36 4367/14704/36 4365/14705/36
f 4368/14706/37 4370/14707/37 4369/14708/37 4367/14709/37
f 4370/14710/454 4372/14711/454 4371/14712/454 4369/14713/454
f 4372/14714/449 4374/14715/449 4373/14716/449 4371/14717/449
f 4374/14718/130 4354/14719/130 4351/14720/130 4373/14721/130
f 4351/14722/38 4352/14723/38 4355/14724/38 4357/14725/38 4359/14726/38 4361/14727/38 4363/14728/38 4365/14729/38 4367/14730/38 4369/14731/38 4371/14732/38 4373/14733/38
f 4374/14734/39 4372/14735/39 4370/14736/39 4368/14737/39 4366/14738/39 4364/14739/39 4362/14740/39 4360/14741/39 4358/14742/39 4356/14743/39 4353/14744/39 4354/14745/39
f 4378/14746/104 4377/14747/104 4376/14748/104 4375/14749/104
f 4377/14750/1208 4380/14751/1208 4379/14752/1208 4376/14753/1208
f 4380/14754/31 4382/14755/31 4381/14756/31 4379/14757/31
f 4382/14758/32 4384/14759/32 4383/14760/32 4381/14761/32
f 4384/14762/132 4386/14763/132 4385/14764/132 4383/14765/132
f 4386/14766/124 4388/14767/124 4387/14768/124 4385/14769/124
f 4388/14770/125 4390/14771/125 4389/14772/125 4387/14773/125
f 4390/14774/1207 4392/14775/1207 4391/14776/1207 4389/14777/1207
f 4392/14778/452 4394/14779/452 4393/14780/452 4391/14781/452
f 4394/14782/26 4396/14783/26 4395/14784/26 4393/14785/26
f 4396/14786/154 4398/14787/154 4397/14788/154 4395/14789/154
f 4398/14790/1213 4378/14791/1213 4375/14792/1213 4397/14793/1213
f 4375/14794/38 4376/14795/38 4379/14796/38 4381/14797/38 4383/14798/38 4385/14799/38 4387/14800/38 4389/14801/38 4391/14802/38 4393/14803/38 4395/14804/38 4397/14805/38
f 4398/14806/39 4396/14807/39 4394/14808/39 4392/14809/39 4390/14810/39 4388/14811/39 4386/14812/39 4384/14813/39 4382/14814/39 4380/14815/39 4377/14816/39 4378/14817/39
f 4402/14818/115 4401/14819/115 4400/14820/115 4399/14821/115
f 4401/14822/1196 4404/14823/1196 4403/14824/1196 4400/14825/1196
f 4404/14826/31 4406/14827/31 4405/14828/31 4403/14829/31
f 4406/14830/134 4408/14831/134 4407/14832/134 4405/14833/134
f 4408/14834/33 4410/14835/33 4409/14836/33 4407/14837/33
f 4410/14838/34 4412/14839/34 4411/14840/34 4409/14841/34
f 4412/14842/120 4414/14843/120 4413/14844/120 4411/14845/120
f 4414/14846/36 4416/14847/36 4415/14848/36 4413/14849/36
f 4416/14850/37 4418/14851/37 4417/14852/37 4415/14853/37
f 4418/14854/26 4420/14855/26 4419/14856/26 4417/14857/26
f 4420/14858/113 4422/14859/113 4421/14860/113 4419/14861/113
f 4422/14862/121 4402/14863/121 4399/14864/121 4421/14865/121
f 4399/14866/38 4400/14867/38 4403/14868/38 4405/14869/38 4407/14870/38 4409/14871/38 4411/14872/38 4413/14873/38 4415/14874/38 4417/14875/38 4419/14876/38 4421/14877/38
f 4422/14878/39 4420/14879/39 4418/14880/39 4416/14881/39 4414/14882/39 4412/14883/39 4410/14884/39 4408/14885/39 4406/14886/39 4404/14887/39 4401/14888/39 4402/14889/39
f 4426/14890/146 4425/14891/146 4424/14892/146 4423/14893/146
f 4425/14894/116 4428/14895/116 4427/14896/116 4424/14897/116
f 4428/14898/31 4430/14899/31 4429/14900/31 4427/14901/31
f 4430/14902/134 4432/14903/134 4431/14904/134 4429/14905/134
f 4432/14906/132 4434/14907/132 4433/14908/132 4431/14909/132
f 4434/14910/135 4436/14911/135 4435/14912/135 4433/14913/135
f 4436/14914/152 4438/14915/152 4437/14916/152 4435/14917/152
f 4438/14918/110 4440/14919/110 4439/14920/110 4437/14921/110
f 4440/14922/37 4442/14923/37 4441/14924/37 4439/14925/37
f 4442/14926/26 4444/14927/26 4443/14928/26 4441/14929/26
f 4444/14930/27 4446/14931/27 4445/14932/27 4443/14933/27
f 4446/14934/28 4426/14935/28 4423/14936/28 4445/14937/28
f 4423/14938/38 4424/14939/38 4427/14940/38 4429/14941/38 4431/14942/38 4433/14943/38 4435/14944/38 4437/14945/38 4439/14946/38 4441/14947/38 4443/14948/38 4445/14949/38
f 4446/14950/39 4444/14951/39 4442/14952/39 4440/14953/39 4438/14954/39 4436/14955/39 4434/14956/39 4432/14957/39 4430/14958/39 4428/14959/39 4425/14960/39 4426/14961/39
f 4450/14962/29 4449/14963/29 4448/14964/29 4447/14965/29
f 4449/14966/30 4452/14967/30 4451/14968/30 4448/14969/30
f 4452/14970/31 4454/14971/31 4453/14972/31 4451/14973/31
f 4454/14974/134 4456/14975/134 4455/14976/134 4453/14977/134
f 4456/14978/33 4458/14979/33 4457/14980/33 4455/14981/33
f 4458/14982/34 4460/14983/34 4459/14984/34 4457/14985/34
f 4460/14986/120 4462/14987/120 4461/14988/120 4459/14989/120
f 4462/14990/1176 4464/14991/1176 4463/14992/1176 4461/14993/1176
f 4464/14994/1177 4466/14995/1177 4465/14996/1177 4463/14997/1177
f 4466/14998/26 4468/14999/26 4467/15000/26 4465/15001/26
f 4468/15002/449 4470/15003/449 4469/15004/449 4467/15005/449
f 4470/15006/130 4450/15007/130 4447/15008/130 4469/15009/130
f 4447/15010/38 4448/15011/38 4451/15012/38 4453/15013/38 4455/15014/38 4457/15015/38 4459/15016/38 4461/15017/38 4463/15018/38 4465/15019/38 4467/15020/38 4469/15021/38
f 4470/15022/39 4468/15023/39 4466/15024/39 4464/15025/39 4462/15026/39 4460/15027/39 4458/15028/39 4456/15029/39 4454/15030/39 4452/15031/39 4449/15032/39 4450/15033/39
f 4474/15034/122 4473/15035/122 4472/15036/122 4471/15037/122
f 4473/15038/147 4476/15039/147 4475/15040/147 4472/15041/147
f 4476/15042/31 4478/15043/31 4477/15044/31 4475/15045/31
f 4478/15046/134 4480/15047/134 4479/15048/134 4477/15049/134
f 4480/15050/47 4482/15051/47 4481/15052/47 4479/15053/47
f 4482/15054/1214 4484/15055/1214 4483/15056/1214 4481/15057/1214
f 4484/15058/465 4486/15059/465 4485/15060/465 4483/15061/465
f 4486/15062/126 4488/15063/126 4487/15064/126 4485/15065/126
f 4488/15066/37 4490/15067/37 4489/15068/37 4487/15069/37
f 4490/15070/26 4492/15071/26 4491/15072/26 4489/15073/26
f 4492/15074/113 4494/15075/113 4493/15076/113 4491/15077/113
f 4494/15078/28 4474/15079/28 4471/15080/28 4493/15081/28
f 4471/15082/38 4472/15083/38 4475/15084/38 4477/15085/38 4479/15086/38 4481/15087/38 4483/15088/38 4485/15089/38 4487/15090/38 4489/15091/38 4491/15092/38 4493/15093/38
f 4494/15094/39 4492/15095/39 4490/15096/39 4488/15097/39 4486/15098/39 4484/15099/39 4482/15100/39 4480/15101/39 4478/15102/39 4476/15103/39 4473/15104/39 4474/15105/39
f 4498/15106/15 4497/15107/15 4496/15108/15 4495/15109/15
f 4497/15110/412 4500/15111/412 4499/15112/412 4496/15113/412
f 4500/15114/482 4502/15115/482 4501/15116/482 4499/15117/482
f 4502/15118/414 4504/15119/414 4503/15120/414 4501/15121/414
f 4504/15122/18 4506/15123/18 4505/15124/18 4503/15125/18
f 4506/15126/19 4508/15127/19 4507/15128/19 4505/15129/19
f 4508/15130/20 4510/15131/20 4509/15132/20 4507/15133/20
f 4510/15134/21 4512/15135/21 4511/15136/21 4509/15137/21
f 4512/15138/22 4514/15139/22 4513/15140/22 4511/15141/22
f 4514/15142/486 4516/15143/486 4515/15144/486 4513/15145/486
f 4516/15146/24 4518/15147/24 4517/15148/24 4515/15149/24
f 4518/15150/25 4498/15151/25 4495/15152/25 4517/15153/25
f 4495/12052/13 4496/122/13 4499/123/13 4501/124/13 4503/125/13 4505/126/13 4507/127/13 4509/128/13 4511/129/13 4513/130/13 4515/12053/13 4517/132/13
f 4518/133/14 4516/134/14 4514/12054/14 4512/136/14 4510/137/14 4508/138/14 4506/139/14 4504/140/14 4502/12055/14 4500/142/14 4497/12056/14 4498/144/14
f 4522/15154/26 4521/15155/26 4520/15156/26 4519/15157/26
f 4521/15158/41 4524/15159/41 4523/15160/41 4520/15161/41
f 4524/15162/28 4526/15163/28 4525/15164/28 4523/15165/28
f 4526/15166/155 4528/15167/155 4527/15168/155 4525/15169/155
f 4528/15170/30 4530/15171/30 4529/15172/30 4527/15173/30
f 4530/15174/31 4532/15175/31 4531/15176/31 4529/15177/31
f 4532/15178/134 4534/15179/134 4533/15180/134 4531/15181/134
f 4534/15182/47 4536/15183/47 4535/15184/47 4533/15185/47
f 4536/15186/108 4538/15187/108 4537/15188/108 4535/15189/108
f 4538/15190/120 4540/15191/120 4539/15192/120 4537/15193/120
f 4540/15194/36 4542/15195/36 4541/15196/36 4539/15197/36
f 4542/15198/37 4522/15199/37 4519/15200/37 4541/15201/37
f 4519/1797/38 4520/1893/38 4523/1799/38 4525/1894/38 4527/1895/38 4529/1896/38 4531/15202/38 4533/1804/38 4535/1805/38 4537/1806/38 4539/1899/38 4541/1900/38
f 4542/1901/39 4540/15203/39 4538/15204/39 4536/15205/39 4534/15206/39 4532/1903/39 4530/1904/39 4528/1905/39 4526/1906/39 4524/1907/39 4521/1819/39 4522/1820/39
f 4570/15279/26 4569/15280/26 4568/15281/26 4567/15282/26
f 4569/15283/27 4572/15284/27 4571/15285/27 4568/15286/27
f 4572/15287/28 4574/15288/28 4573/15289/28 4571/15290/28
f 4574/15291/29 4576/15292/29 4575/15293/29 4573/15294/29
f 4576/15295/30 4578/15296/30 4577/15297/30 4575/15298/30
f 4578/15299/31 4580/15300/31 4579/15301/31 4577/15302/31
f 4580/15303/32 4582/15304/32 4581/15305/32 4579/15306/32
f 4582/15307/33 4584/15308/33 4583/15309/33 4581/15310/33
f 4584/15311/34 4586/15312/34 4585/15313/34 4583/15314/34
f 4586/15315/35 4588/15316/35 4587/15317/35 4585/15318/35
f 4588/15319/36 4590/15320/36 4589/15321/36 4587/15322/36
f 4590/15323/37 4570/15324/37 4567/15325/37 4589/15326/37
f 4567/10099/38 4568/15327/38 4571/15328/38 4573/15329/38 4575/15330/38 4577/15331/38 4579/15332/38 4581/15333/38 4583/15334/38 4585/15335/38 4587/15336/38 4589/15337/38
f 4590/10111/39 4588/10112/39 4586/10113/39 4584/10114/39 4582/10115/39 4580/15338/39 4578/10117/39 4576/10118/39 4574/10119/39 4572/10120/39 4569/10121/39 4570/10122/39
f 4594/15339/87 4593/15340/87 4592/15341/87 4591/15342/87
f 4593/15343/1153 4596/15344/1153 4595/15345/1153 4592/15346/1153
f 4596/15347/1222 4598/15348/1222 4597/15349/1222 4595/15350/1222
f 4598/15351/1223 4600/15352/1223 4599/15353/1223 4597/15354/1223
f 4600/15355/516 4602/15356/516 4601/15357/516 4599/15358/516
f 4602/15359/82 4604/15360/82 4603/15361/82 4601/15362/82
f 4604/15363/81 4606/15364/81 4605/15365/81 4603/15366/81
f 4606/15367/80 4608/15368/80 4607/15369/80 4605/15370/80
f 4608/15371/79 4610/15372/79 4609/15373/79 4607/15374/79
f 4610/15375/78 4612/15376/78 4611/15377/78 4609/15378/78
f 4612/15379/77 4614/15380/77 4613/15381/77 4611/15382/77
f 4614/15383/76 4594/15384/76 4591/15385/76 4613/15386/76
f 4591/15387/89 4592/15388/89 4595/15389/89 4597/15390/89 4599/15391/89 4601/15392/89 4603/15393/89 4605/15394/89 4607/15395/89 4609/15396/89 4611/15397/89 4613/15398/89
f 4614/15399/88 4612/15400/88 4610/15401/88 4608/15402/88 4606/15403/88 4604/15404/88 4602/15405/88 4600/15406/88 4598/15407/88 4596/15408/88 4593/15409/88 4594/15410/88
f 4618/15411/90 4617/15412/90 4616/15413/90 4615/15414/90
f 4617/15415/140 4620/15416/140 4619/15417/140 4616/15418/140
f 4620/15419/92 4622/15420/92 4621/15421/92 4619/15422/92
f 4622/15423/93 4624/15424/93 4623/15425/93 4621/15426/93
f 4624/15427/145 4626/15428/145 4625/15429/145 4623/15430/145
f 4626/15431/95 4628/15432/95 4627/15433/95 4625/15434/95
f 4628/15435/96 4630/15436/96 4629/15437/96 4627/15438/96
f 4630/15439/97 4632/15440/97 4631/15441/97 4629/15442/97
f 4632/15443/1224 4634/15444/1224 4633/15445/1224 4631/15446/1224
f 4634/15447/1225 4636/15448/1225 4635/15449/1225 4633/15450/1225
f 4636/15451/100 4638/15452/100 4637/15453/100 4635/15454/100
f 4638/15455/101 4618/15456/101 4615/15457/101 4637/15458/101
f 4615/15459/1226 4616/15460/1226 4619/15461/1226 4621/15462/1226 4623/15463/1226 4625/15464/1226 4627/15465/1226 4629/15466/1226 4631/15467/1226 4633/15468/1226 4635/15469/1226 4637/15470/1226
f 4638/15471/103 4636/15472/103 4634/15473/103 4632/15474/103 4630/15475/103 4628/15476/103 4626/15477/103 4624/15478/103 4622/15479/103 4620/15480/103 4617/15481/103 4618/15482/103
f 4642/15483/104 4641/15484/104 4640/15485/104 4639/15486/104
f 4641/15487/147 4644/15488/147 4643/15489/147 4640/15490/147
f 4644/15491/117 4646/15492/117 4645/15493/117 4643/15494/117
f 4646/15495/118 4648/15496/118 4647/15497/118 4645/15498/118
f 4648/15499/33 4650/15500/33 4649/15501/33 4647/15502/33
f 4650/15503/124 4652/15504/124 4651/15505/124 4649/15506/124
f 4652/15507/120 4654/15508/120 4653/15509/120 4651/15510/120
f 4654/15511/36 4656/15512/36 4655/15513/36 4653/15514/36
f 4656/15515/37 4658/15516/37 4657/15517/37 4655/15518/37
f 4658/15519/128 4660/15520/128 4659/15521/128 4657/15522/128
f 4660/15523/1227 4662/15524/1227 4661/15525/1227 4659/15526/1227
f 4662/15527/1228 4642/15528/1228 4639/15529/1228 4661/15530/1228
f 4639/15531/38 4640/15532/38 4643/15533/38 4645/15534/38 4647/15535/38 4649/15536/38 4651/15537/38 4653/15538/38 4655/15539/38 4657/15540/38 4659/15541/38 4661/15542/38
f 4662/15543/39 4660/15544/39 4658/15545/39 4656/15546/39 4654/15547/39 4652/15548/39 4650/15549/39 4648/15550/39 4646/15551/39 4644/15552/39 4641/15553/39 4642/15554/39
f 4666/15555/104 4665/15556/104 4664/15557/104 4663/15558/104
f 4665/15559/116 4668/15560/116 4667/15561/116 4664/15562/116
f 4668/15563/117 4670/15564/117 4669/15565/117 4667/15566/117
f 4670/15567/107 4672/15568/107 4671/15569/107 4669/15570/107
f 4672/15571/1172 4674/15572/1172 4673/15573/1172 4671/15574/1172
f 4674/15575/108 4676/15576/108 4675/15577/108 4673/15578/108
f 4676/15579/120 4678/15580/120 4677/15581/120 4675/15582/120
f 4678/15583/126 4680/15584/126 4679/15585/126 4677/15586/126
f 4680/15587/111 4682/15588/111 4681/15589/111 4679/15590/111
f 4682/15591/26 4684/15592/26 4683/15593/26 4681/15594/26
f 4684/15595/41 4686/15596/41 4685/15597/41 4683/15598/41
f 4686/15599/114 4666/15600/114 4663/15601/114 4685/15602/114
f 4663/15603/38 4664/15604/38 4667/15605/38 4669/15606/38 4671/15607/38 4673/15608/38 4675/15609/38 4677/15610/38 4679/15611/38 4681/15612/38 4683/15613/38 4685/15614/38
f 4686/15615/39 4684/15616/39 4682/15617/39 4680/15618/39 4678/15619/39 4676/15620/39 4674/15621/39 4672/15622/39 4670/15623/39 4668/15624/39 4665/15625/39 4666/15626/39
f 4690/15627/122 4689/15628/122 4688/15629/122 4687/15630/122
f 4689/15631/116 4692/15632/116 4691/15633/116 4688/15634/116
f 4692/15635/31 4694/15636/31 4693/15637/31 4691/15638/31
f 4694/15639/134 4696/15640/134 4695/15641/134 4693/15642/134
f 4696/15643/47 4698/15644/47 4697/15645/47 4695/15646/47
f 4698/15647/135 4700/15648/135 4699/15649/135 4697/15650/135
f 4700/15651/152 4702/15652/152 4701/15653/152 4699/15654/152
f 4702/15655/126 4704/15656/126 4703/15657/126 4701/15658/126
f 4704/15659/111 4706/15660/111 4705/15661/111 4703/15662/111
f 4706/15663/128 4708/15664/128 4707/15665/128 4705/15666/128
f 4708/15667/41 4710/15668/41 4709/15669/41 4707/15670/41
f 4710/15671/133 4690/15672/133 4687/15673/133 4709/15674/133
f 4687/15675/38 4688/15676/38 4691/15677/38 4693/15678/38 4695/15679/38 4697/15680/38 4699/15681/38 4701/15682/38 4703/15683/38 4705/15684/38 4707/15685/38 4709/15686/38
f 4710/15687/39 4708/15688/39 4706/15689/39 4704/15690/39 4702/15691/39 4700/15692/39 4698/15693/39 4696/15694/39 4694/15695/39 4692/15696/39 4689/15697/39 4690/15698/39
f 4714/15699/131 4713/15700/131 4712/15701/131 4711/15702/131
f 4713/15703/30 4716/15704/30 4715/15705/30 4712/15706/30
f 4716/15707/117 4718/15708/117 4717/15709/117 4715/15710/117
f 4718/15711/107 4720/15712/107 4719/15713/107 4717/15714/107
f 4720/15715/47 4722/15716/47 4721/15717/47 4719/15718/47
f 4722/15719/450 4724/15720/450 4723/15721/450 4721/15722/450
f 4724/15723/125 4726/15724/125 4725/15725/125 4723/15726/125
f 4726/15727/110 4728/15728/110 4727/15729/110 4725/15730/110
f 4728/15731/127 4730/15732/127 4729/15733/127 4727/15734/127
f 4730/15735/128 4732/15736/128 4731/15737/128 4729/15738/128
f 4732/15739/41 4734/15740/41 4733/15741/41 4731/15742/41
f 4734/15743/133 4714/15744/133 4711/15745/133 4733/15746/133
f 4711/15747/38 4712/15748/38 4715/15749/38 4717/15750/38 4719/15751/38 4721/15752/38 4723/15753/38 4725/15754/38 4727/15755/38 4729/15756/38 4731/15757/38 4733/15758/38
f 4734/15759/39 4732/15760/39 4730/15761/39 4728/15762/39 4726/15763/39 4724/15764/39 4722/15765/39 4720/15766/39 4718/15767/39 4716/15768/39 4713/15769/39 4714/15770/39
f 4738/15771/104 4737/15772/104 4736/15773/104 4735/15774/104
f 4737/15775/1178 4740/15776/1178 4739/15777/1178 4736/15778/1178
f 4740/15779/117 4742/15780/117 4741/15781/117 4739/15782/117
f 4742/15783/118 4744/15784/118 4743/15785/118 4741/15786/118
f 4744/15787/132 4746/15788/132 4745/15789/132 4743/15790/132
f 4746/15791/108 4748/15792/108 4747/15793/108 4745/15794/108
f 4748/15795/120 4750/15796/120 4749/15797/120 4747/15798/120
f 4750/15799/110 4752/15800/110 4751/15801/110 4749/15802/110
f 4752/15803/127 4754/15804/127 4753/15805/127 4751/15806/127
f 4754/15807/128 4756/15808/128 4755/15809/128 4753/15810/128
f 4756/15811/41 4758/15812/41 4757/15813/41 4755/15814/41
f 4758/15815/121 4738/15816/121 4735/15817/121 4757/15818/121
f 4735/15819/38 4736/15820/38 4739/15821/38 4741/15822/38 4743/15823/38 4745/15824/38 4747/15825/38 4749/15826/38 4751/15827/38 4753/15828/38 4755/15829/38 4757/15830/38
f 4758/15831/39 4756/15832/39 4754/15833/39 4752/15834/39 4750/15835/39 4748/15836/39 4746/15837/39 4744/15838/39 4742/15839/39 4740/15840/39 4737/15841/39 4738/15842/39
f 4762/15843/122 4761/15844/122 4760/15845/122 4759/15846/122
f 4761/15847/147 4764/15848/147 4763/15849/147 4760/15850/147
f 4764/15851/117 4766/15852/117 4765/15853/117 4763/15854/117
f 4766/15855/107 4768/15856/107 4767/15857/107 4765/15858/107
f 4768/15859/123 4770/15860/123 4769/15861/123 4767/15862/123
f 4770/15863/34 4772/15864/34 4771/15865/34 4769/15866/34
f 4772/15867/125 4774/15868/125 4773/15869/125 4771/15870/125
f 4774/15871/126 4776/15872/126 4775/15873/126 4773/15874/126
f 4776/15875/111 4778/15876/111 4777/15877/111 4775/15878/111
f 4778/15879/112 4780/15880/112 4779/15881/112 4777/15882/112
f 4780/15883/113 4782/15884/113 4781/15885/113 4779/15886/113
f 4782/15887/133 4762/15888/133 4759/15889/133 4781/15890/133
f 4759/15891/38 4760/15892/38 4763/15893/38 4765/15894/38 4767/15895/38 4769/15896/38 4771/15897/38 4773/15898/38 4775/15899/38 4777/15900/38 4779/15901/38 4781/15902/38
f 4782/15903/39 4780/15904/39 4778/15905/39 4776/15906/39 4774/15907/39 4772/15908/39 4770/15909/39 4768/15910/39 4766/15911/39 4764/15912/39 4761/15913/39 4762/15914/39
f 4786/15915/92 4785/15916/92 4784/15917/92 4783/15918/92
f 4785/15919/1209 4788/15920/1209 4787/15921/1209 4784/15922/1209
f 4788/15923/90 4790/15924/90 4789/15925/90 4787/15926/90
f 4790/15927/1194 4792/15928/1194 4791/15929/1194 4789/15930/1194
f 4792/15931/1229 4794/15932/1229 4793/15933/1229 4791/15934/1229
f 4794/15935/1230 4796/15936/1230 4795/15937/1230 4793/15938/1230
f 4796/15939/1231 4798/15940/1231 4797/15941/1231 4795/15942/1231
f 4798/15943/1232 4800/15944/1232 4799/15945/1232 4797/15946/1232
f 4800/15947/1233 4802/15948/1233 4801/15949/1233 4799/15950/1233
f 4802/15951/95 4804/15952/95 4803/15953/95 4801/15954/95
f 4804/15955/1212 4806/15956/1212 4805/15957/1212 4803/15958/1212
f 4806/15959/93 4786/15960/93 4783/15961/93 4805/15962/93
f 4783/15963/103 4784/15964/103 4787/15965/103 4789/15966/103 4791/15967/103 4793/15968/103 4795/15969/103 4797/15970/103 4799/15971/103 4801/15972/103 4803/15973/103 4805/15974/103
f 4806/15975/102 4804/15976/102 4802/15977/102 4800/15978/102 4798/15979/102 4796/15980/102 4794/15981/102 4792/15982/102 4790/15983/102 4788/15984/102 4785/15985/102 4786/15986/102
f 4810/15987/29 4809/15988/29 4808/15989/29 4807/15990/29
f 4809/15991/147 4812/15992/147 4811/15993/147 4808/15994/147
f 4812/15995/106 4814/15996/106 4813/15997/106 4811/15998/106
f 4814/15999/107 4816/16000/107 4815/16001/107 4813/16002/107
f 4816/16003/132 4818/16004/132 4817/16005/132 4815/16006/132
f 4818/16007/34 4820/16008/34 4819/16009/34 4817/16010/34
f 4820/16011/1175 4822/16012/1175 4821/16013/1175 4819/16014/1175
f 4822/16015/126 4824/16016/126 4823/16017/126 4821/16018/126
f 4824/16019/127 4826/16020/127 4825/16021/127 4823/16022/127
f 4826/16023/26 4828/16024/26 4827/16025/26 4825/16026/26
f 4828/16027/41 4830/16028/41 4829/16029/41 4827/16030/41
f 4830/16031/121 4810/16032/121 4807/16033/121 4829/16034/121
f 4807/16035/38 4808/16036/38 4811/16037/38 4813/16038/38 4815/16039/38 4817/16040/38 4819/16041/38 4821/16042/38 4823/16043/38 4825/16044/38 4827/16045/38 4829/16046/38
f 4830/16047/39 4828/16048/39 4826/16049/39 4824/16050/39 4822/16051/39 4820/16052/39 4818/16053/39 4816/16054/39 4814/16055/39 4812/16056/39 4809/16057/39 4810/16058/39
f 4834/16059/146 4833/16060/146 4832/16061/146 4831/16062/146
f 4833/16063/116 4836/16064/116 4835/16065/116 4832/16066/116
f 4836/16067/117 4838/16068/117 4837/16069/117 4835/16070/117
f 4838/16071/107 4840/16072/107 4839/16073/107 4837/16074/107
f 4840/16075/47 4842/16076/47 4841/16077/47 4839/16078/47
f 4842/16079/135 4844/16080/135 4843/16081/135 4841/16082/135
f 4844/16083/152 4846/16084/152 4845/16085/152 4843/16086/152
f 4846/16087/126 4848/16088/126 4847/16089/126 4845/16090/126
f 4848/16091/1234 4850/16092/1234 4849/16093/1234 4847/16094/1234
f 4850/16095/128 4852/16096/128 4851/16097/128 4849/16098/128
f 4852/16099/41 4854/16100/41 4853/16101/41 4851/16102/41
f 4854/16103/133 4834/16104/133 4831/16105/133 4853/16106/133
f 4831/16107/38 4832/16108/38 4835/16109/38 4837/16110/38 4839/16111/38 4841/16112/38 4843/16113/38 4845/16114/38 4847/16115/38 4849/16116/38 4851/16117/38 4853/16118/38
f 4854/16119/39 4852/16120/39 4850/16121/39 4848/16122/39 4846/16123/39 4844/16124/39 4842/16125/39 4840/16126/39 4838/16127/39 4836/16128/39 4833/16129/39 4834/16130/39
f 4858/16131/115 4857/16132/115 4856/16133/115 4855/16134/115
f 4857/16135/116 4860/16136/116 4859/16137/116 4856/16138/116
f 4860/16139/117 4862/16140/117 4861/16141/117 4859/16142/117
f 4862/16143/118 4864/16144/118 4863/16145/118 4861/16146/118
f 4864/16147/132 4866/16148/132 4865/16149/132 4863/16150/132
f 4866/16151/108 4868/16152/108 4867/16153/108 4865/16154/108
f 4868/16155/120 4870/16156/120 4869/16157/120 4867/16158/120
f 4870/16159/126 4872/16160/126 4871/16161/126 4869/16162/126
f 4872/16163/111 4874/16164/111 4873/16165/111 4871/16166/111
f 4874/16167/128 4876/16168/128 4875/16169/128 4873/16170/128
f 4876/16171/41 4878/16172/41 4877/16173/41 4875/16174/41
f 4878/16175/121 4858/16176/121 4855/16177/121 4877/16178/121
f 4855/16179/38 4856/16180/38 4859/16181/38 4861/16182/38 4863/16183/38 4865/16184/38 4867/16185/38 4869/16186/38 4871/16187/38 4873/16188/38 4875/16189/38 4877/16190/38
f 4878/16191/39 4876/16192/39 4874/16193/39 4872/16194/39 4870/16195/39 4868/16196/39 4866/16197/39 4864/16198/39 4862/16199/39 4860/16200/39 4857/16201/39 4858/16202/39
f 4882/16203/146 4881/16204/146 4880/16205/146 4879/16206/146
f 4881/16207/116 4884/16208/116 4883/16209/116 4880/16210/116
f 4884/16211/1235 4886/16212/1235 4885/16213/1235 4883/16214/1235
f 4886/16215/107 4888/16216/107 4887/16217/107 4885/16218/107
f 4888/16219/132 4890/16220/132 4889/16221/132 4887/16222/132
f 4890/16223/135 4892/16224/135 4891/16225/135 4889/16226/135
f 4892/16227/125 4894/16228/125 4893/16229/125 4891/16230/125
f 4894/16231/126 4896/16232/126 4895/16233/126 4893/16234/126
f 4896/16235/127 4898/16236/127 4897/16237/127 4895/16238/127
f 4898/16239/128 4900/16240/128 4899/16241/128 4897/16242/128
f 4900/16243/41 4902/16244/41 4901/16245/41 4899/16246/41
f 4902/16247/133 4882/16248/133 4879/16249/133 4901/16250/133
f 4879/16251/38 4880/16252/38 4883/16253/38 4885/16254/38 4887/16255/38 4889/16256/38 4891/16257/38 4893/16258/38 4895/16259/38 4897/16260/38 4899/16261/38 4901/16262/38
f 4902/16263/39 4900/16264/39 4898/16265/39 4896/16266/39 4894/16267/39 4892/16268/39 4890/16269/39 4888/16270/39 4886/16271/39 4884/16272/39 4881/16273/39 4882/16274/39
f 4906/16275/122 4905/16276/122 4904/16277/122 4903/16278/122
f 4905/16279/147 4908/16280/147 4907/16281/147 4904/16282/147
f 4908/16283/117 4910/16284/117 4909/16285/117 4907/16286/117
f 4910/16287/107 4912/16288/107 4911/16289/107 4909/16290/107
f 4912/16291/47 4914/16292/47 4913/16293/47 4911/16294/47
f 4914/16295/450 4916/16296/450 4915/16297/450 4913/16298/450
f 4916/16299/125 4918/16300/125 4917/16301/125 4915/16302/125
f 4918/16303/126 4920/16304/126 4919/16305/126 4917/16306/126
f 4920/16307/111 4922/16308/111 4921/16309/111 4919/16310/111
f 4922/16311/128 4924/16312/128 4923/16313/128 4921/16314/128
f 4924/16315/113 4926/16316/113 4925/16317/113 4923/16318/113
f 4926/16319/130 4906/16320/130 4903/16321/130 4925/16322/130
f 4903/16323/38 4904/16324/38 4907/16325/38 4909/16326/38 4911/16327/38 4913/16328/38 4915/16329/38 4917/16330/38 4919/16331/38 4921/16332/38 4923/16333/38 4925/16334/38
f 4926/16335/39 4924/16336/39 4922/16337/39 4920/16338/39 4918/16339/39 4916/16340/39 4914/16341/39 4912/16342/39 4910/16343/39 4908/16344/39 4905/16345/39 4906/16346/39
f 4930/16347/29 4929/16348/29 4928/16349/29 4927/16350/29
f 4929/16351/147 4932/16352/147 4931/16353/147 4928/16354/147
f 4932/16355/1235 4934/16356/1235 4933/16357/1235 4931/16358/1235
f 4934/16359/107 4936/16360/107 4935/16361/107 4933/16362/107
f 4936/16363/132 4938/16364/132 4937/16365/132 4935/16366/132
f 4938/16367/135 4940/16368/135 4939/16369/135 4937/16370/135
f 4940/16371/1175 4942/16372/1175 4941/16373/1175 4939/16374/1175
f 4942/16375/126 4944/16376/126 4943/16377/126 4941/16378/126
f 4944/16379/127 4946/16380/127 4945/16381/127 4943/16382/127
f 4946/16383/128 4948/16384/128 4947/16385/128 4945/16386/128
f 4948/16387/113 4950/16388/113 4949/16389/113 4947/16390/113
f 4950/16391/130 4930/16392/130 4927/16393/130 4949/16394/130
f 4927/16395/38 4928/16396/38 4931/16397/38 4933/16398/38 4935/16399/38 4937/16400/38 4939/16401/38 4941/16402/38 4943/16403/38 4945/16404/38 4947/16405/38 4949/16406/38
f 4950/16407/39 4948/16408/39 4946/16409/39 4944/16410/39 4942/16411/39 4940/16412/39 4938/16413/39 4936/16414/39 4934/16415/39 4932/16416/39 4929/16417/39 4930/16418/39
f 4954/16419/146 4953/16420/146 4952/16421/146 4951/16422/146
f 4953/16423/116 4956/16424/116 4955/16425/116 4952/16426/116
f 4956/16427/106 4958/16428/106 4957/16429/106 4955/16430/106
f 4958/16431/134 4960/16432/134 4959/16433/134 4957/16434/134
f 4960/16435/132 4962/16436/132 4961/16437/132 4959/16438/132
f 4962/16439/135 4964/16440/135 4963/16441/135 4961/16442/135
f 4964/16443/125 4966/16444/125 4965/16445/125 4963/16446/125
f 4966/16447/126 4968/16448/126 4967/16449/126 4965/16450/126
f 4968/16451/127 4970/16452/127 4969/16453/127 4967/16454/127
f 4970/16455/128 4972/16456/128 4971/16457/128 4969/16458/128
f 4972/16459/1227 4974/16460/1227 4973/16461/1227 4971/16462/1227
f 4974/16463/1236 4954/16464/1236 4951/16465/1236 4973/16466/1236
f 4951/16467/38 4952/16468/38 4955/16469/38 4957/16470/38 4959/16471/38 4961/16472/38 4963/16473/38 4965/16474/38 4967/16475/38 4969/16476/38 4971/16477/38 4973/16478/38
f 4974/16479/39 4972/16480/39 4970/16481/39 4968/16482/39 4966/16483/39 4964/16484/39 4962/16485/39 4960/16486/39 4958/16487/39 4956/16488/39 4953/16489/39 4954/16490/39
f 4978/16491/29 4977/16492/29 4976/16493/29 4975/16494/29
f 4977/16495/116 4980/16496/116 4979/16497/116 4976/16498/116
f 4980/16499/117 4982/16500/117 4981/16501/117 4979/16502/117
f 4982/16503/107 4984/16504/107 4983/16505/107 4981/16506/107
f 4984/16507/137 4986/16508/137 4985/16509/137 4983/16510/137
f 4986/16511/34 4988/16512/34 4987/16513/34 4985/16514/34
f 4988/16515/1175 4990/16516/1175 4989/16517/1175 4987/16518/1175
f 4990/16519/126 4992/16520/126 4991/16521/126 4989/16522/126
f 4992/16523/37 4994/16524/37 4993/16525/37 4991/16526/37
f 4994/16527/26 4996/16528/26 4995/16529/26 4993/16530/26
f 4996/16531/113 4998/16532/113 4997/16533/113 4995/16534/113
f 4998/16535/130 4978/16536/130 4975/16537/130 4997/16538/130
f 4975/16539/38 4976/16540/38 4979/16541/38 4981/16542/38 4983/16543/38 4985/16544/38 4987/16545/38 4989/16546/38 4991/16547/38 4993/16548/38 4995/16549/38 4997/16550/38
f 4998/16551/39 4996/16552/39 4994/16553/39 4992/16554/39 4990/16555/39 4988/16556/39 4986/16557/39 4984/16558/39 4982/16559/39 4980/16560/39 4977/16561/39 4978/16562/39
f 5002/16563/122 5001/16564/122 5000/16565/122 4999/16566/122
f 5001/16567/116 5004/16568/116 5003/16569/116 5000/16570/116
f 5004/16571/31 5006/16572/31 5005/16573/31 5003/16574/31
f 5006/16575/134 5008/16576/134 5007/16577/134 5005/16578/134
f 5008/16579/47 5010/16580/47 5009/16581/47 5007/16582/47
f 5010/16583/450 5012/16584/450 5011/16585/450 5009/16586/450
f 5012/16587/125 5014/16588/125 5013/16589/125 5011/16590/125
f 5014/16591/126 5016/16592/126 5015/16593/126 5013/16594/126
f 5016/16595/111 5018/16596/111 5017/16597/111 5015/16598/111
f 5018/16599/128 5020/16600/128 5019/16601/128 5017/16602/128
f 5020/16603/41 5022/16604/41 5021/16605/41 5019/16606/41
f 5022/16607/133 5002/16608/133 4999/16609/133 5021/16610/133
f 4999/16611/38 5000/16612/38 5003/16613/38 5005/16614/38 5007/16615/38 5009/16616/38 5011/16617/38 5013/16618/38 5015/16619/38 5017/16620/38 5019/16621/38 5021/16622/38
f 5022/16623/39 5020/16624/39 5018/16625/39 5016/16626/39 5014/16627/39 5012/16628/39 5010/16629/39 5008/16630/39 5006/16631/39 5004/16632/39 5001/16633/39 5002/16634/39
f 5026/16635/76 5025/16636/76 5024/16637/76 5023/16638/76
f 5025/16639/77 5028/16640/77 5027/16641/77 5024/16642/77
f 5028/16643/78 5030/16644/78 5029/16645/78 5027/16646/78
f 5030/16647/79 5032/16648/79 5031/16649/79 5029/16650/79
f 5032/16651/80 5034/16652/80 5033/16653/80 5031/16654/80
f 5034/16655/81 5036/16656/81 5035/16657/81 5033/16658/81
f 5036/16659/82 5038/16660/82 5037/16661/82 5035/16662/82
f 5038/16663/83 5040/16664/83 5039/16665/83 5037/16666/83
f 5040/16667/84 5042/16668/84 5041/16669/84 5039/16670/84
f 5042/16671/85 5044/16672/85 5043/16673/85 5041/16674/85
f 5044/16675/86 5046/16676/86 5045/16677/86 5043/16678/86
f 5046/16679/87 5026/16680/87 5023/16681/87 5045/16682/87
f 5023/16683/88 5024/16684/88 5027/16685/88 5029/16686/88 5031/16687/88 5033/16688/88 5035/16689/88 5037/16690/88 5039/16691/88 5041/16692/88 5043/16693/88 5045/16694/88
f 5046/16695/89 5044/16696/89 5042/16697/89 5040/16698/89 5038/16699/89 5036/16700/89 5034/16701/89 5032/16702/89 5030/16703/89 5028/16704/89 5025/16705/89 5026/16706/89
f 5126/17095/1182 5125/17096/1182 5124/17097/1182 5123/17098/1182
f 5125/17099/412 5128/17100/412 5127/17101/412 5124/17102/412
f 5128/17103/482 5130/17104/482 5129/17105/482 5127/17106/482
f 5130/17107/414 5132/17108/414 5131/17109/414 5129/17110/414
f 5132/17111/18 5134/17112/18 5133/17113/18 5131/17114/18
f 5134/17115/19 5136/17116/19 5135/17117/19 5133/17118/19
f 5136/17119/20 5138/17120/20 5137/17121/20 5135/17122/20
f 5138/17123/21 5140/17124/21 5139/17125/21 5137/17126/21
f 5140/17127/485 5142/17128/485 5141/17129/485 5139/17130/485
f 5142/17131/486 5144/17132/486 5143/17133/486 5141/17134/486
f 5144/17135/24 5146/17136/24 5145/17137/24 5143/17138/24
f 5146/17139/25 5126/17140/25 5123/17141/25 5145/17142/25
f 5123/11812/13 5124/11813/13 5127/11814/13 5129/11815/13 5131/11816/13 5133/11817/13 5135/11818/13 5137/11819/13 5139/11820/13 5141/11821/13 5143/11822/13 5145/11823/13
f 5146/13878/14 5144/13879/14 5142/11826/14 5140/11827/14 5138/11828/14 5136/11829/14 5134/11830/14 5132/11831/14 5130/13880/14 5128/13881/14 5125/11834/14 5126/11835/14
f 5150/17143/454 5149/17144/454 5148/17145/454 5147/17146/454
f 5149/17147/41 5152/17148/41 5151/17149/41 5148/17150/41
f 5152/17151/114 5154/17152/114 5153/17153/114 5151/17154/114
f 5154/17155/29 5156/17156/29 5155/17157/29 5153/17158/29
f 5156/17159/30 5158/17160/30 5157/17161/30 5155/17162/30
f 5158/17163/31 5160/17164/31 5159/17165/31 5157/17166/31
f 5160/17167/32 5162/17168/32 5161/17169/32 5159/17170/32
f 5162/17171/33 5164/17172/33 5163/17173/33 5161/17174/33
f 5164/17175/34 5166/17176/34 5165/17177/34 5163/17178/34
f 5166/17179/35 5168/17180/35 5167/17181/35 5165/17182/35
f 5168/17183/36 5170/17184/36 5169/17185/36 5167/17186/36
f 5170/17187/37 5150/17188/37 5147/17189/37 5169/17190/37
f 5147/17191/38 5148/17192/38 5151/17193/38 5153/17194/38 5155/17195/38 5157/17196/38 5159/17197/38 5161/17198/38 5163/17199/38 5165/17200/38 5167/17201/38 5169/17202/38
f 5170/17203/39 5168/17204/39 5166/17205/39 5164/17206/39 5162/17207/39 5160/17208/39 5158/17209/39 5156/17210/39 5154/17211/39 5152/17212/39 5149/17213/39 5150/17214/39
usemtl mat2
f 76/217/40 75/218/40 74/219/40 73/220/40
f 75/221/41 78/222/41 77/223/41 74/224/41
f 78/225/42 80/226/42 79/227/42 77/228/42
f 80/229/43 82/230/43 81/231/43 79/232/43
f 82/233/44 84/234/44 83/235/44 81/236/44
f 84/237/45 86/238/45 85/239/45 83/240/45
f 86/241/46 88/242/46 87/243/46 85/244/46
f 88/245/47 90/246/47 89/247/47 87/248/47
f 90/249/48 92/250/48 91/251/48 89/252/48
f 92/253/49 94/254/49 93/255/49 91/256/49
f 94/257/50 96/258/50 95/259/50 93/260/50
f 96/261/51 76/262/51 73/263/51 95/264/51
f 98/265/52 97/266/52 93/267/52 95/268/52
f 96/269/39 94/270/39 92/271/39 90/272/39 88/273/39 86/274/39 84/275/39 82/276/39 80/277/39 78/278/39 75/279/39 76/280/39
f 97/281/53 99/282/53 91/283/53 93/284/53
f 99/285/54 100/286/54 89/287/54 91/288/54
f 100/289/55 101/290/55 87/291/55 89/292/55
f 101/293/56 102/294/56 85/295/56 87/296/56
f 102/297/57 103/298/57 83/299/57 85/300/57
f 103/301/58 104/302/58 81/303/58 83/304/58
f 104/305/59 105/306/59 79/307/59 81/308/59
f 105/309/60 106/310/60 77/311/60 79/312/60
f 106/313/61 107/314/61 74/315/61 77/316/61
f 107/317/62 108/318/62 73/319/62 74/320/62
f 108/321/63 98/322/63 95/323/63 73/324/63
f 110/325/64 109/326/64 97/327/64 98/328/64
f 109/329/65 111/330/65 99/331/65 97/332/65
f 111/333/66 112/334/66 100/335/66 99/336/66
f 112/337/67 113/338/67 101/339/67 100/340/67
f 113/341/68 114/342/68 102/343/68 101/344/68
f 114/345/69 115/346/69 103/347/69 102/348/69
f 115/349/70 116/350/70 104/351/70 103/352/70
f 116/353/71 117/354/71 105/355/71 104/356/71
f 117/357/72 118/358/72 106/359/72 105/360/72
f 118/361/73 119/362/73 107/363/73 106/364/73
f 119/365/74 120/366/74 108/367/74 107/368/74
f 120/369/75 110/370/75 98/371/75 108/372/75
f 120/373/38 119/374/38 118/375/38 117/376/38 116/377/38 115/378/38 114/379/38 113/380/38 112/381/38 111/382/38 109/383/38 110/384/38
f 660/1980/26 659/1981/26 658/1982/26 657/1983/26
f 659/1984/27 662/1985/27 661/1986/27 658/1987/27
f 662/1988/28 664/1989/28 663/1990/28 661/1991/28
f 664/1992/29 666/1993/29 665/1994/29 663/1995/29
f 666/1996/116 668/1997/116 667/1998/116 665/1999/116
f 668/2000/31 670/2001/31 669/2002/31 667/2003/31
f 670/2004/134 672/2005/134 671/2006/134 669/2007/134
f 672/2008/33 674/2009/33 673/2010/33 671/2011/33
f 674/2012/34 676/2013/34 675/2014/34 673/2015/34
f 676/2016/120 678/2017/120 677/2018/120 675/2019/120
f 678/2020/36 680/2021/36 679/2022/36 677/2023/36
f 680/2024/37 660/2025/37 657/2026/37 679/2027/37
f 682/2028/52 681/2029/52 677/2030/52 679/2031/52
f 680/2032/39 678/2033/39 676/2034/39 674/2035/39 672/2036/39 670/2037/39 668/2038/39 666/2039/39 664/2040/39 662/2041/39 659/2042/39 660/2043/39
f 681/2044/160 683/2045/160 675/2046/160 677/2047/160
f 683/2048/161 684/2049/161 673/2050/161 675/2051/161
f 684/2052/162 685/2053/162 671/2054/162 673/2055/162
f 685/2056/56 686/2057/56 669/2058/56 671/2059/56
f 686/2060/163 687/2061/163 667/2062/163 669/2063/163
f 687/2064/164 688/2065/164 665/2066/164 667/2067/164
f 688/2068/59 689/2069/59 663/2070/59 665/2071/59
f 689/2072/165 690/2073/165 661/2074/165 663/2075/165
f 690/2076/166 691/2077/166 658/2078/166 661/2079/166
f 691/2080/62 692/2081/62 657/2082/62 658/2083/62
f 692/2084/167 682/2085/167 679/2086/167 657/2087/167
f 694/2088/64 693/2089/64 681/2090/64 682/2091/64
f 693/2092/168 695/2093/168 683/2094/168 681/2095/168
f 695/2096/169 696/2097/169 684/2098/169 683/2099/169
f 696/2100/170 697/2101/170 685/2102/170 684/2103/170
f 697/2104/171 698/2105/171 686/2106/171 685/2107/171
f 698/2108/172 699/2109/172 687/2110/172 686/2111/172
f 699/2112/173 700/2113/173 688/2114/173 687/2115/173
f 700/2116/174 701/2117/174 689/2118/174 688/2119/174
f 701/2120/175 702/2121/175 690/2122/175 689/2123/175
f 702/2124/176 703/2125/176 691/2126/176 690/2127/176
f 703/2128/177 704/2129/177 692/2130/177 691/2131/177
f 704/2132/178 694/2133/178 682/2134/178 692/2135/178
f 704/2136/38 703/2137/38 702/2138/38 701/2139/38 700/2140/38 699/2141/38 698/2142/38 697/2143/38 696/2144/38 695/2145/38 693/2146/38 694/2147/38
f 957/3259/415 956/3260/415 955/3261/415 954/3262/415
f 956/3263/41 959/3264/41 958/3265/41 955/3266/41
f 959/3267/416 961/3268/416 960/3269/416 958/3270/416
f 961/3271/417 963/3272/417 962/3273/417 960/3274/417
f 963/3275/418 965/3276/418 964/3277/418 962/3278/418
f 965/3279/45 967/3280/45 966/3281/45 964/3282/45
f 967/3283/419 969/3284/419 968/3285/419 966/3286/419
f 969/3287/47 971/3288/47 970/3289/47 968/3290/47
f 971/3291/420 973/3292/420 972/3293/420 970/3294/420
f 973/3295/421 975/3296/421 974/3297/421 972/3298/421
f 975/3299/50 977/3300/50 976/3301/50 974/3302/50
f 977/3303/422 957/3304/422 954/3305/422 976/3306/422
f 979/3307/423 978/3308/423 974/3309/423 976/3310/423
f 977/3311/39 975/3312/39 973/3313/39 971/3314/39 969/3315/39 967/3316/39 965/3317/39 963/3318/39 961/3319/39 959/3320/39 956/3321/39 957/3322/39
f 978/3323/424 980/3324/424 972/3325/424 974/3326/424
f 980/3327/425 981/3328/425 970/3329/425 972/3330/425
f 981/3331/55 982/3332/55 968/3333/55 970/3334/55
f 982/3335/56 983/3336/56 966/3337/56 968/3338/56
f 983/3339/163 984/3340/163 964/3341/163 966/3342/163
f 984/3343/58 985/3344/58 962/3345/58 964/3346/58
f 985/3347/426 986/3348/426 960/3349/426 962/3350/426
f 986/3351/165 987/3352/165 958/3353/165 960/3354/165
f 987/3355/427 988/3356/427 955/3357/427 958/3358/427
f 988/3359/428 989/3360/428 954/3361/428 955/3362/428
f 989/3363/429 979/3364/429 976/3365/429 954/3366/429
f 991/3367/64 990/3368/64 978/3369/64 979/3370/64
f 990/3371/430 992/3372/430 980/3373/430 978/3374/430
f 992/3375/431 993/3376/431 981/3377/431 980/3378/431
f 993/3379/67 994/3380/67 982/3381/67 981/3382/67
f 994/3383/68 995/3384/68 983/3385/68 982/3386/68
f 995/3387/432 996/3388/432 984/3389/432 983/3390/432
f 996/3391/173 997/3392/173 985/3393/173 984/3394/173
f 997/3395/174 998/3396/174 986/3397/174 985/3398/174
f 998/3399/433 999/3400/433 987/3401/433 986/3402/433
f 999/3403/176 1000/3404/176 988/3405/176 987/3406/176
f 1000/3407/434 1001/3408/434 989/3409/434 988/3410/434
f 1001/3411/75 991/3412/75 979/3413/75 989/3414/75
f 1001/3415/38 1000/3416/38 999/3417/38 998/3418/38 997/3419/38 996/3420/38 995/3421/38 994/3422/38 993/3423/38 992/3424/38 990/3425/38 991/3426/38
f 1005/3427/40 1004/3428/40 1003/3429/40 1002/3430/40
f 1004/3431/41 1007/3432/41 1006/3433/41 1003/3434/41
f 1007/3435/416 1009/3436/416 1008/3437/416 1006/3438/416
f 1009/3439/417 1011/3440/417 1010/3441/417 1008/3442/417
f 1011/3443/435 1013/3444/435 1012/3445/435 1010/3446/435
f 1013/3447/45 1015/3448/45 1014/3449/45 1012/3450/45
f 1015/3451/419 1017/3452/419 1016/3453/419 1014/3454/419
f 1017/3455/47 1019/3456/47 1018/3457/47 1016/3458/47
f 1019/3459/436 1021/3460/436 1020/3461/436 1018/3462/436
f 1021/3463/421 1023/3464/421 1022/3465/421 1020/3466/421
f 1023/3467/50 1025/3468/50 1024/3469/50 1022/3470/50
f 1025/3471/51 1005/3472/51 1002/3473/51 1024/3474/51
f 1027/3475/52 1026/3476/52 1022/3477/52 1024/3478/52
f 1025/3479/39 1023/3480/39 1021/3481/39 1019/3482/39 1017/3483/39 1015/3484/39 1013/3485/39 1011/3486/39 1009/3487/39 1007/3488/39 1004/3489/39 1005/3490/39
f 1026/3491/437 1028/3492/437 1020/3493/437 1022/3494/437
f 1028/3495/438 1029/3496/438 1018/3497/438 1020/3498/438
f 1029/3499/162 1030/3500/162 1016/3501/162 1018/3502/162
f 1030/3503/56 1031/3504/56 1014/3505/56 1016/3506/56
f 1031/3507/163 1032/3508/163 1012/3509/163 1014/3510/163
f 1032/3511/439 1033/3512/439 1010/3513/439 1012/3514/439
f 1033/3515/426 1034/3516/426 1008/3517/426 1010/3518/426
f 1034/3519/165 1035/3520/165 1006/3521/165 1008/3522/165
f 1035/3523/61 1036/3524/61 1003/3525/61 1006/3526/61
f 1036/3527/428 1037/3528/428 1002/3529/428 1003/3530/428
f 1037/3531/167 1027/3532/167 1024/3533/167 1002/3534/167
f 1039/3535/440 1038/3536/440 1026/3537/440 1027/3538/440
f 1038/3539/441 1040/3540/441 1028/3541/441 1026/3542/441
f 1040/3543/169 1041/3544/169 1029/3545/169 1028/3546/169
f 1041/3547/67 1042/3548/67 1030/3549/67 1029/3550/67
f 1042/3551/442 1043/3552/442 1031/3553/442 1030/3554/442
f 1043/3555/69 1044/3556/69 1032/3557/69 1031/3558/69
f 1044/3559/70 1045/3560/70 1033/3561/70 1032/3562/70
f 1045/3563/174 1046/3564/174 1034/3565/174 1033/3566/174
f 1046/3567/443 1047/3568/443 1035/3569/443 1034/3570/443
f 1047/3571/73 1048/3572/73 1036/3573/73 1035/3574/73
f 1048/3575/444 1049/3576/444 1037/3577/444 1036/3578/444
f 1049/3579/75 1039/3580/75 1027/3581/75 1037/3582/75
f 1049/3583/38 1048/3584/38 1047/3585/38 1046/3586/38 1045/3587/38 1044/3588/38 1043/3589/38 1042/3590/38 1041/3591/38 1040/3592/38 1038/3593/38 1039/3594/38
f 1485/4891/26 1484/4892/26 1483/4893/26 1482/4894/26
f 1484/4895/27 1487/4896/27 1486/4897/27 1483/4898/27
f 1487/4899/28 1489/4900/28 1488/4901/28 1486/4902/28
f 1489/4903/122 1491/4904/122 1490/4905/122 1488/4906/122
f 1491/4907/30 1493/4908/30 1492/4909/30 1490/4910/30
f 1493/4911/451 1495/4912/451 1494/4913/451 1492/4914/451
f 1495/4915/32 1497/4916/32 1496/4917/32 1494/4918/32
f 1497/4919/33 1499/4920/33 1498/4921/33 1496/4922/33
f 1499/4923/34 1501/4924/34 1500/4925/34 1498/4926/34
f 1501/4927/120 1503/4928/120 1502/4929/120 1500/4930/120
f 1503/4931/36 1505/4932/36 1504/4933/36 1502/4934/36
f 1505/4935/37 1485/4936/37 1482/4937/37 1504/4938/37
f 1507/4939/52 1506/4940/52 1502/4941/52 1504/4942/52
f 1505/4943/39 1503/4944/39 1501/4945/39 1499/4946/39 1497/4947/39 1495/4948/39 1493/4949/39 1491/4950/39 1489/4951/39 1487/4952/39 1484/4953/39 1485/4954/39
f 1506/4955/160 1508/4956/160 1500/4957/160 1502/4958/160
f 1508/4959/438 1509/4960/438 1498/4961/438 1500/4962/438
f 1509/4963/472 1510/4964/472 1496/4965/472 1498/4966/472
f 1510/4967/56 1511/4968/56 1494/4969/56 1496/4970/56
f 1511/4971/57 1512/4972/57 1492/4973/57 1494/4974/57
f 1512/4975/473 1513/4976/473 1490/4977/473 1492/4978/473
f 1513/4979/426 1514/4980/426 1488/4981/426 1490/4982/426
f 1514/4983/474 1515/4984/474 1486/4985/474 1488/4986/474
f 1515/4987/166 1516/4988/166 1483/4989/166 1486/4990/166
f 1516/4991/428 1517/4992/428 1482/4993/428 1483/4994/428
f 1517/4995/167 1507/4996/167 1504/4997/167 1482/4998/167
f 1519/4999/64 1518/5000/64 1506/5001/64 1507/5002/64
f 1518/5003/475 1520/5004/475 1508/5005/475 1506/5006/475
f 1520/5007/169 1521/5008/169 1509/5009/169 1508/5010/169
f 1521/5011/170 1522/5012/170 1510/5013/170 1509/5014/170
f 1522/5015/476 1523/5016/476 1511/5017/476 1510/5018/476
f 1523/5019/477 1524/5020/477 1512/5021/477 1511/5022/477
f 1524/5023/478 1525/5024/478 1513/5025/478 1512/5026/478
f 1525/5027/479 1526/5028/479 1514/5029/479 1513/5030/479
f 1526/5031/72 1527/5032/72 1515/5033/72 1514/5034/72
f 1527/5035/480 1528/5036/480 1516/5037/480 1515/5038/480
f 1528/5039/481 1529/5040/481 1517/5041/481 1516/5042/481
f 1529/5043/75 1519/5044/75 1507/5045/75 1517/5046/75
f 1529/5047/38 1528/5048/38 1527/5049/38 1526/5050/38 1525/5051/38 1524/5052/38 1523/5053/38 1522/5054/38 1521/5055/38 1520/5056/38 1518/5057/38 1519/5058/38
f 1557/5113/15 1556/5114/15 1555/5115/15 1554/5116/15
f 1556/5117/412 1559/5118/412 1558/5119/412 1555/5120/412
f 1559/5121/482 1561/5122/482 1560/5123/482 1558/5124/482
f 1561/5125/17 1563/5126/17 1562/5127/17 1560/5128/17
f 1563/5129/18 1565/5130/18 1564/5131/18 1562/5132/18
f 1565/5133/19 1567/5134/19 1566/5135/19 1564/5136/19
f 1567/5137/20 1569/5138/20 1568/5139/20 1566/5140/20
f 1569/5141/21 1571/5142/21 1570/5143/21 1568/5144/21
f 1571/5145/485 1573/5146/485 1572/5147/485 1570/5148/485
f 1573/5149/486 1575/5150/486 1574/5151/486 1572/5152/486
f 1575/5153/487 1577/5154/487 1576/5155/487 1574/5156/487
f 1577/5157/488 1557/5158/488 1554/5159/488 1576/5160/488
f 1579/5161/489 1578/5162/489 1574/5163/489 1576/5164/489
f 1577/5165/14 1575/5166/14 1573/5167/14 1571/5168/14 1569/5169/14 1567/5170/14 1565/5171/14 1563/5172/14 1561/5173/14 1559/5174/14 1556/5175/14 1557/5176/14
f 1578/5177/490 1580/5178/490 1572/5179/490 1574/5180/490
f 1580/5181/491 1581/5182/491 1570/5183/491 1572/5184/491
f 1581/5185/492 1582/5186/492 1568/5187/492 1570/5188/492
f 1582/5189/493 1583/5190/493 1566/5191/493 1568/5192/493
f 1583/5193/494 1584/5194/494 1564/5195/494 1566/5196/494
f 1584/5197/495 1585/5198/495 1562/5199/495 1564/5200/495
f 1585/5201/496 1586/5202/496 1560/5203/496 1562/5204/496
f 1586/5205/497 1587/5206/497 1558/5207/497 1560/5208/497
f 1587/5209/498 1588/5210/498 1555/5211/498 1558/5212/498
f 1588/5213/499 1589/5214/499 1554/5215/499 1555/5216/499
f 1589/5217/500 1579/5218/500 1576/5219/500 1554/5220/500
f 1591/5221/501 1590/5222/501 1578/5223/501 1579/5224/501
f 1590/5225/502 1592/5226/502 1580/5227/502 1578/5228/502
f 1592/5229/503 1593/5230/503 1581/5231/503 1580/5232/503
f 1593/5233/504 1594/5234/504 1582/5235/504 1581/5236/504
f 1594/5237/505 1595/5238/505 1583/5239/505 1582/5240/505
f 1595/5241/506 1596/5242/506 1584/5243/506 1583/5244/506
f 1596/5245/507 1597/5246/507 1585/5247/507 1584/5248/507
f 1597/5249/508 1598/5250/508 1586/5251/508 1585/5252/508
f 1598/5253/509 1599/5254/509 1587/5255/509 1586/5256/509
f 1599/5257/510 1600/5258/510 1588/5259/510 1587/5260/510
f 1600/5261/511 1601/5262/511 1589/5263/511 1588/5264/511
f 1601/5265/512 1591/5266/512 1579/5267/512 1589/5268/512
f 1601/5269/13 1600/5270/13 1599/5271/13 1598/5272/13 1597/5273/13 1596/5274/13 1595/5275/13 1594/5276/13 1593/5277/13 1592/5278/13 1590/5279/13 1591/5280/13
f 1733/5689/26 1732/5690/26 1731/5691/26 1730/5692/26
f 1732/5693/41 1735/5694/41 1734/5695/41 1731/5696/41
f 1735/5697/28 1737/5698/28 1736/5699/28 1734/5700/28
f 1737/5701/29 1739/5702/29 1738/5703/29 1736/5704/29
f 1739/5705/30 1741/5706/30 1740/5707/30 1738/5708/30
f 1741/5709/31 1743/5710/31 1742/5711/31 1740/5712/31
f 1743/5713/134 1745/5714/134 1744/5715/134 1742/5716/134
f 1745/5717/33 1747/5718/33 1746/5719/33 1744/5720/33
f 1747/5721/34 1749/5722/34 1748/5723/34 1746/5724/34
f 1749/5725/120 1751/5726/120 1750/5727/120 1748/5728/120
f 1751/5729/126 1753/5730/126 1752/5731/126 1750/5732/126
f 1753/5733/37 1733/5734/37 1730/5735/37 1752/5736/37
f 1755/5737/52 1754/5738/52 1750/5739/52 1752/5740/52
f 1753/5741/39 1751/5742/39 1749/5743/39 1747/5744/39 1745/5745/39 1743/5746/39 1741/5747/39 1739/5748/39 1737/5749/39 1735/5750/39 1732/5751/39 1733/5752/39
f 1754/5753/437 1756/5754/437 1748/5755/437 1750/5756/437
f 1756/5757/54 1757/5758/54 1746/5759/54 1748/5760/54
f 1757/5761/472 1758/5762/472 1744/5763/472 1746/5764/472
f 1758/5765/545 1759/5766/545 1742/5767/545 1744/5768/545
f 1759/5769/163 1760/5770/163 1740/5771/163 1742/5772/163
f 1760/5773/546 1761/5774/546 1738/5775/546 1740/5776/546
f 1761/5777/426 1762/5778/426 1736/5779/426 1738/5780/426
f 1762/5781/165 1763/5782/165 1734/5783/165 1736/5784/165
f 1763/5785/61 1764/5786/61 1731/5787/61 1734/5788/61
f 1764/5789/428 1765/5790/428 1730/5791/428 1731/5792/428
f 1765/5793/167 1755/5794/167 1752/5795/167 1730/5796/167
f 1767/5797/440 1766/5798/440 1754/5799/440 1755/5800/440
f 1766/5801/441 1768/5802/441 1756/5803/441 1754/5804/441
f 1768/5805/431 1769/5806/431 1757/5807/431 1756/5808/431
f 1769/5809/170 1770/5810/170 1758/5811/170 1757/5812/170
f 1770/5813/547 1771/5814/547 1759/5815/547 1758/5816/547
f 1771/5817/432 1772/5818/432 1760/5819/432 1759/5820/432
f 1772/5821/70 1773/5822/70 1761/5823/70 1760/5824/70
f 1773/5825/548 1774/5826/548 1762/5827/548 1761/5828/548
f 1774/5829/433 1775/5830/433 1763/5831/433 1762/5832/433
f 1775/5833/176 1776/5834/176 1764/5835/176 1763/5836/176
f 1776/5837/549 1777/5838/549 1765/5839/549 1764/5840/549
f 1777/5841/75 1767/5842/75 1755/5843/75 1765/5844/75
f 1777/5845/38 1776/5846/38 1775/5847/38 1774/5848/38 1773/5849/38 1772/5850/38 1771/5851/38 1770/5852/38 1769/5853/38 1768/5854/38 1766/5855/38 1767/5856/38
f 2078/7126/26 2077/7127/26 2076/7128/26 2075/7129/26
f 2077/7130/27 2080/7131/27 2079/7132/27 2076/7133/27
f 2080/7134/28 2082/7135/28 2081/7136/28 2079/7137/28
f 2082/7138/29 2084/7139/29 2083/7140/29 2081/7141/29
f 2084/7142/30 2086/7143/30 2085/7144/30 2083/7145/30
f 2086/7146/31 2088/7147/31 2087/7148/31 2085/7149/31
f 2088/7150/134 2090/7151/134 2089/7152/134 2087/7153/134
f 2090/7154/47 2092/7155/47 2091/7156/47 2089/7157/47
f 2092/7158/108 2094/7159/108 2093/7160/108 2091/7161/108
f 2094/7162/35 2096/7163/35 2095/7164/35 2093/7165/35
f 2096/7166/36 2098/7167/36 2097/7168/36 2095/7169/36
f 2098/7170/37 2078/7171/37 2075/7172/37 2097/7173/37
f 2100/7174/52 2099/7175/52 2095/7176/52 2097/7177/52
f 2098/7178/39 2096/7179/39 2094/7180/39 2092/7181/39 2090/7182/39 2088/7183/39 2086/7184/39 2084/7185/39 2082/7186/39 2080/7187/39 2077/7188/39 2078/7189/39
f 2099/7190/160 2101/7191/160 2093/7192/160 2095/7193/160
f 2101/7194/161 2102/7195/161 2091/7196/161 2093/7197/161
f 2102/7198/472 2103/7199/472 2089/7200/472 2091/7201/472
f 2103/7202/56 2104/7203/56 2087/7204/56 2089/7205/56
f 2104/7206/57 2105/7207/57 2085/7208/57 2087/7209/57
f 2105/7210/439 2106/7211/439 2083/7212/439 2085/7213/439
f 2106/7214/426 2107/7215/426 2081/7216/426 2083/7217/426
f 2107/7218/165 2108/7219/165 2079/7220/165 2081/7221/165
f 2108/7222/166 2109/7223/166 2076/7224/166 2079/7225/166
f 2109/7226/428 2110/7227/428 2075/7228/428 2076/7229/428
f 2110/7230/167 2100/7231/167 2097/7232/167 2075/7233/167
f 2112/7234/782 2111/7235/782 2099/7236/782 2100/7237/782
f 2111/7238/783 2113/7239/783 2101/7240/783 2099/7241/783
f 2113/7242/784 2114/7243/784 2102/7244/784 2101/7245/784
f 2114/7246/170 2115/7247/170 2103/7248/170 2102/7249/170
f 2115/7250/476 2116/7251/476 2104/7252/476 2103/7253/476
f 2116/7254/432 2117/7255/432 2105/7256/432 2104/7257/432
f 2117/7258/173 2118/7259/173 2106/7260/173 2105/7261/173
f 2118/7262/548 2119/7263/548 2107/7264/548 2106/7265/548
f 2119/7266/433 2120/7267/433 2108/7268/433 2107/7269/433
f 2120/7270/480 2121/7271/480 2109/7272/480 2108/7273/480
f 2121/7274/481 2122/7275/481 2110/7276/481 2109/7277/481
f 2122/7278/75 2112/7279/75 2100/7280/75 2110/7281/75
f 2122/7282/38 2121/7283/38 2120/7284/38 2119/7285/38 2118/7286/38 2117/7287/38 2116/7288/38 2115/7289/38 2114/7290/38 2113/7291/38 2111/7292/38 2112/7293/38
f 2176/7444/40 2175/7445/40 2174/7446/40 2173/7447/40
f 2175/7448/41 2178/7449/41 2177/7450/41 2174/7451/41
f 2178/7452/42 2180/7453/42 2179/7454/42 2177/7455/42
f 2180/7456/43 2182/7457/43 2181/7458/43 2179/7459/43
f 2182/7460/435 2184/7461/435 2183/7462/435 2181/7463/435
f 2184/7464/45 2186/7465/45 2185/7466/45 2183/7467/45
f 2186/7468/419 2188/7469/419 2187/7470/419 2185/7471/419
f 2188/7472/47 2190/7473/47 2189/7474/47 2187/7475/47
f 2190/7476/794 2192/7477/794 2191/7478/794 2189/7479/794
f 2192/7480/421 2194/7481/421 2193/7482/421 2191/7483/421
f 2194/7484/50 2196/7485/50 2195/7486/50 2193/7487/50
f 2196/7488/51 2176/7489/51 2173/7490/51 2195/7491/51
f 2198/7492/52 2197/7493/52 2193/7494/52 2195/7495/52
f 2196/7496/39 2194/7497/39 2192/7498/39 2190/7499/39 2188/7500/39 2186/7501/39 2184/7502/39 2182/7503/39 2180/7504/39 2178/7505/39 2175/7506/39 2176/7507/39
f 2197/7508/160 2199/7509/160 2191/7510/160 2193/7511/160
f 2199/7512/438 2200/7513/438 2189/7514/438 2191/7515/438
f 2200/7516/795 2201/7517/795 2187/7518/795 2189/7519/795
f 2201/7520/56 2202/7521/56 2185/7522/56 2187/7523/56
f 2202/7524/163 2203/7525/163 2183/7526/163 2185/7527/163
f 2203/7528/58 2204/7529/58 2181/7530/58 2183/7531/58
f 2204/7532/59 2205/7533/59 2179/7534/59 2181/7535/59
f 2205/7536/60 2206/7537/60 2177/7538/60 2179/7539/60
f 2206/7540/796 2207/7541/796 2174/7542/796 2177/7543/796
f 2207/7544/428 2208/7545/428 2173/7546/428 2174/7547/428
f 2208/7548/429 2198/7549/429 2195/7550/429 2173/7551/429
f 2210/7552/797 2209/7553/797 2197/7554/797 2198/7555/797
f 2209/7556/798 2211/7557/798 2199/7558/798 2197/7559/798
f 2211/7560/66 2212/7561/66 2200/7562/66 2199/7563/66
f 2212/7564/799 2213/7565/799 2201/7566/799 2200/7567/799
f 2213/7568/800 2214/7569/800 2202/7570/800 2201/7571/800
f 2214/7572/69 2215/7573/69 2203/7574/69 2202/7575/69
f 2215/7576/70 2216/7577/70 2204/7578/70 2203/7579/70
f 2216/7580/801 2217/7581/801 2205/7582/801 2204/7583/801
f 2217/7584/433 2218/7585/433 2206/7586/433 2205/7587/433
f 2218/7588/480 2219/7589/480 2207/7590/480 2206/7591/480
f 2219/7592/74 2220/7593/74 2208/7594/74 2207/7595/74
f 2220/7596/75 2210/7597/75 2198/7598/75 2208/7599/75
f 2220/7600/38 2219/7601/38 2218/7602/38 2217/7603/38 2216/7604/38 2215/7605/38 2214/7606/38 2213/7607/38 2212/7608/38 2211/7609/38 2209/7610/38 2210/7611/38
f 2578/9214/40 2577/9215/40 2576/9216/40 2575/9217/40
f 2577/9218/41 2580/9219/41 2579/9220/41 2576/9221/41
f 2580/9222/42 2582/9223/42 2581/9224/42 2579/9225/42
f 2582/9226/417 2584/9227/417 2583/9228/417 2581/9229/417
f 2584/9230/418 2586/9231/418 2585/9232/418 2583/9233/418
f 2586/9234/45 2588/9235/45 2587/9236/45 2585/9237/45
f 2588/9238/419 2590/9239/419 2589/9240/419 2587/9241/419
f 2590/9242/47 2592/9243/47 2591/9244/47 2589/9245/47
f 2592/9246/794 2594/9247/794 2593/9248/794 2591/9249/794
f 2594/9250/421 2596/9251/421 2595/9252/421 2593/9253/421
f 2596/9254/50 2598/9255/50 2597/9256/50 2595/9257/50
f 2598/9258/51 2578/9259/51 2575/9260/51 2597/9261/51
f 2600/9262/423 2599/9263/423 2595/9264/423 2597/9265/423
f 2598/9266/39 2596/9267/39 2594/9268/39 2592/9269/39 2590/9270/39 2588/9271/39 2586/9272/39 2584/9273/39 2582/9274/39 2580/9275/39 2577/9276/39 2578/9277/39
f 2599/9278/437 2601/9279/437 2593/9280/437 2595/9281/437
f 2601/9282/438 2602/9283/438 2591/9284/438 2593/9285/438
f 2602/9286/472 2603/9287/472 2589/9288/472 2591/9289/472
f 2603/9290/56 2604/9291/56 2587/9292/56 2589/9293/56
f 2604/9294/57 2605/9295/57 2585/9296/57 2587/9297/57
f 2605/9298/58 2606/9299/58 2583/9300/58 2585/9301/58
f 2606/9302/426 2607/9303/426 2581/9304/426 2583/9305/426
f 2607/9306/1124 2608/9307/1124 2579/9308/1124 2581/9309/1124
f 2608/9310/166 2609/9311/166 2576/9312/166 2579/9313/166
f 2609/9314/428 2610/9315/428 2575/9316/428 2576/9317/428
f 2610/9318/167 2600/9319/167 2597/9320/167 2575/9321/167
f 2612/9322/440 2611/9323/440 2599/9324/440 2600/9325/440
f 2611/9326/430 2613/9327/430 2601/9328/430 2599/9329/430
f 2613/9330/169 2614/9331/169 2602/9332/169 2601/9333/169
f 2614/9334/1125 2615/9335/1125 2603/9336/1125 2602/9337/1125
f 2615/9338/476 2616/9339/476 2604/9340/476 2603/9341/476
f 2616/9342/477 2617/9343/477 2605/9344/477 2604/9345/477
f 2617/9346/70 2618/9347/70 2606/9348/70 2605/9349/70
f 2618/9350/801 2619/9351/801 2607/9352/801 2606/9353/801
f 2619/9354/72 2620/9355/72 2608/9356/72 2607/9357/72
f 2620/9358/176 2621/9359/176 2609/9360/176 2608/9361/176
f 2621/9362/177 2622/9363/177 2610/9364/177 2609/9365/177
f 2622/9366/1126 2612/9367/1126 2600/9368/1126 2610/9369/1126
f 2622/9370/38 2621/9371/38 2620/9372/38 2619/9373/38 2618/9374/38 2617/9375/38 2616/9376/38 2615/9377/38 2614/9378/38 2613/9379/38 2611/9380/38 2612/9381/38
f 2634/9406/15 2633/9407/15 2632/9408/15 2631/9409/15
f 2633/9410/412 2636/9411/412 2635/9412/412 2632/9413/412
f 2636/9414/482 2638/9415/482 2637/9416/482 2635/9417/482
f 2638/9418/414 2640/9419/414 2639/9420/414 2637/9421/414
f 2640/9422/18 2642/9423/18 2641/9424/18 2639/9425/18
f 2642/9426/19 2644/9427/19 2643/9428/19 2641/9429/19
f 2644/9430/1127 2646/9431/1127 2645/9432/1127 2643/9433/1127
f 2646/9434/21 2648/9435/21 2647/9436/21 2645/9437/21
f 2648/9438/485 2650/9439/485 2649/9440/485 2647/9441/485
f 2650/9442/486 2652/9443/486 2651/9444/486 2649/9445/486
f 2652/9446/24 2654/9447/24 2653/9448/24 2651/9449/24
f 2654/9450/25 2634/9451/25 2631/9452/25 2653/9453/25
f 2656/9454/1128 2655/9455/1128 2651/9456/1128 2653/9457/1128
f 2654/9458/14 2652/9459/14 2650/9460/14 2648/9461/14 2646/9462/14 2644/9463/14 2642/9464/14 2640/9465/14 2638/9466/14 2636/9467/14 2633/9468/14 2634/9469/14
f 2655/9470/1129 2657/9471/1129 2649/9472/1129 2651/9473/1129
f 2657/9474/491 2658/9475/491 2647/9476/491 2649/9477/491
f 2658/9478/1130 2659/9479/1130 2645/9480/1130 2647/9481/1130
f 2659/9482/493 2660/9483/493 2643/9484/493 2645/9485/493
f 2660/9486/494 2661/9487/494 2641/9488/494 2643/9489/494
f 2661/9490/495 2662/9491/495 2639/9492/495 2641/9493/495
f 2662/9494/496 2663/9495/496 2637/9496/496 2639/9497/496
f 2663/9498/1131 2664/9499/1131 2635/9500/1131 2637/9501/1131
f 2664/9502/1132 2665/9503/1132 2632/9504/1132 2635/9505/1132
f 2665/9506/1133 2666/9507/1133 2631/9508/1133 2632/9509/1133
f 2666/9510/1134 2656/9511/1134 2653/9512/1134 2631/9513/1134
f 2668/9514/1135 2667/9515/1135 2655/9516/1135 2656/9517/1135
f 2667/9518/1136 2669/9519/1136 2657/9520/1136 2655/9521/1136
f 2669/9522/1137 2670/9523/1137 2658/9524/1137 2657/9525/1137
f 2670/9526/1138 2671/9527/1138 2659/9528/1138 2658/9529/1138
f 2671/9530/505 2672/9531/505 2660/9532/505 2659/9533/505
f 2672/9534/506 2673/9535/506 2661/9536/506 2660/9537/506
f 2673/9538/1139 2674/9539/1139 2662/9540/1139 2661/9541/1139
f 2674/9542/1140 2675/9543/1140 2663/9544/1140 2662/9545/1140
f 2675/9546/509 2676/9547/509 2664/9548/509 2663/9549/509
f 2676/9550/1141 2677/9551/1141 2665/9552/1141 2664/9553/1141
f 2677/9554/1142 2678/9555/1142 2666/9556/1142 2665/9557/1142
f 2678/9558/1143 2668/9559/1143 2656/9560/1143 2666/9561/1143
f 2678/9562/13 2677/9563/13 2676/9564/13 2675/9565/13 2674/9566/13 2673/9567/13 2672/9568/13 2671/9569/13 2670/9570/13 2669/9571/13 2667/9572/13 2668/9573/13
f 2682/9574/415 2681/9575/415 2680/9576/415 2679/9577/415
f 2681/9578/41 2684/9579/41 2683/9580/41 2680/9581/41
f 2684/9582/42 2686/9583/42 2685/9584/42 2683/9585/42
f 2686/9586/43 2688/9587/43 2687/9588/43 2685/9589/43
f 2688/9590/435 2690/9591/435 2689/9592/435 2687/9593/435
f 2690/9594/45 2692/9595/45 2691/9596/45 2689/9597/45
f 2692/9598/1144 2694/9599/1144 2693/9600/1144 2691/9601/1144
f 2694/9602/33 2696/9603/33 2695/9604/33 2693/9605/33
f 2696/9606/794 2698/9607/794 2697/9608/794 2695/9609/794
f 2698/9610/421 2700/9611/421 2699/9612/421 2697/9613/421
f 2700/9614/1145 2702/9615/1145 2701/9616/1145 2699/9617/1145
f 2702/9618/51 2682/9619/51 2679/9620/51 2701/9621/51
f 2704/9622/1146 2703/9623/1146 2699/9624/1146 2701/9625/1146
f 2702/9626/39 2700/9627/39 2698/9628/39 2696/9629/39 2694/9630/39 2692/9631/39 2690/9632/39 2688/9633/39 2686/9634/39 2684/9635/39 2681/9636/39 2682/9637/39
f 2703/9638/160 2705/9639/160 2697/9640/160 2699/9641/160
f 2705/9642/425 2706/9643/425 2695/9644/425 2697/9645/425
f 2706/9646/472 2707/9647/472 2693/9648/472 2695/9649/472
f 2707/9650/545 2708/9651/545 2691/9652/545 2693/9653/545
f 2708/9654/163 2709/9655/163 2689/9656/163 2691/9657/163
f 2709/9658/439 2710/9659/439 2687/9660/439 2689/9661/439
f 2710/9662/426 2711/9663/426 2685/9664/426 2687/9665/426
f 2711/9666/165 2712/9667/165 2683/9668/165 2685/9669/165
f 2712/9670/1147 2713/9671/1147 2680/9672/1147 2683/9673/1147
f 2713/9674/428 2714/9675/428 2679/9676/428 2680/9677/428
f 2714/9678/167 2704/9679/167 2701/9680/167 2679/9681/167
f 2716/9682/1148 2715/9683/1148 2703/9684/1148 2704/9685/1148
f 2715/9686/430 2717/9687/430 2705/9688/430 2703/9689/430
f 2717/9690/169 2718/9691/169 2706/9692/169 2705/9693/169
f 2718/9694/170 2719/9695/170 2707/9696/170 2706/9697/170
f 2719/9698/1149 2720/9699/1149 2708/9700/1149 2707/9701/1149
f 2720/9702/432 2721/9703/432 2709/9704/432 2708/9705/432
f 2721/9706/173 2722/9707/173 2710/9708/173 2709/9709/173
f 2722/9710/1150 2723/9711/1150 2711/9712/1150 2710/9713/1150
f 2723/9714/433 2724/9715/433 2712/9716/433 2711/9717/433
f 2724/9718/1151 2725/9719/1151 2713/9720/1151 2712/9721/1151
f 2725/9722/444 2726/9723/444 2714/9724/444 2713/9725/444
f 2726/9726/1152 2716/9727/1152 2704/9728/1152 2714/9729/1152
f 2726/9730/38 2725/9731/38 2724/9732/38 2723/9733/38 2722/9734/38 2721/9735/38 2720/9736/38 2719/9737/38 2718/9738/38 2717/9739/38 2715/9740/38 2716/9741/38
f 2858/10123/26 2857/10124/26 2856/10125/26 2855/10126/26
f 2857/10127/41 2860/10128/41 2859/10129/41 2856/10130/41
f 2860/10131/28 2862/10132/28 2861/10133/28 2859/10134/28
f 2862/10135/155 2864/10136/155 2863/10137/155 2861/10138/155
f 2864/10139/30 2866/10140/30 2865/10141/30 2863/10142/30
f 2866/10143/31 2868/10144/31 2867/10145/31 2865/10146/31
f 2868/10147/134 2870/10148/134 2869/10149/134 2867/10150/134
f 2870/10151/33 2872/10152/33 2871/10153/33 2869/10154/33
f 2872/10155/124 2874/10156/124 2873/10157/124 2871/10158/124
f 2874/10159/120 2876/10160/120 2875/10161/120 2873/10162/120
f 2876/10163/36 2878/10164/36 2877/10165/36 2875/10166/36
f 2878/10167/37 2858/10168/37 2855/10169/37 2877/10170/37
f 2880/10171/52 2879/10172/52 2875/10173/52 2877/10174/52
f 2878/10175/39 2876/10176/39 2874/10177/39 2872/10178/39 2870/10179/39 2868/10180/39 2866/10181/39 2864/10182/39 2862/10183/39 2860/10184/39 2857/10185/39 2858/10186/39
f 2879/10187/160 2881/10188/160 2873/10189/160 2875/10190/160
f 2881/10191/438 2882/10192/438 2871/10193/438 2873/10194/438
f 2882/10195/472 2883/10196/472 2869/10197/472 2871/10198/472
f 2883/10199/56 2884/10200/56 2867/10201/56 2869/10202/56
f 2884/10203/163 2885/10204/163 2865/10205/163 2867/10206/163
f 2885/10207/1156 2886/10208/1156 2863/10209/1156 2865/10210/1156
f 2886/10211/59 2887/10212/59 2861/10213/59 2863/10214/59
f 2887/10215/474 2888/10216/474 2859/10217/474 2861/10218/474
f 2888/10219/427 2889/10220/427 2856/10221/427 2859/10222/427
f 2889/10223/428 2890/10224/428 2855/10225/428 2856/10226/428
f 2890/10227/429 2880/10228/429 2877/10229/429 2855/10230/429
f 2892/10231/64 2891/10232/64 2879/10233/64 2880/10234/64
f 2891/10235/430 2893/10236/430 2881/10237/430 2879/10238/430
f 2893/10239/431 2894/10240/431 2882/10241/431 2881/10242/431
f 2894/10243/170 2895/10244/170 2883/10245/170 2882/10246/170
f 2895/10247/68 2896/10248/68 2884/10249/68 2883/10250/68
f 2896/10251/432 2897/10252/432 2885/10253/432 2884/10254/432
f 2897/10255/70 2898/10256/70 2886/10257/70 2885/10258/70
f 2898/10259/71 2899/10260/71 2887/10261/71 2886/10262/71
f 2899/10263/1157 2900/10264/1157 2888/10265/1157 2887/10266/1157
f 2900/10267/73 2901/10268/73 2889/10269/73 2888/10270/73
f 2901/10271/434 2902/10272/434 2890/10273/434 2889/10274/434
f 2902/10275/75 2892/10276/75 2880/10277/75 2890/10278/75
f 2902/10279/38 2901/10280/38 2900/10281/38 2899/10282/38 2898/10283/38 2897/10284/38 2896/10285/38 2895/10286/38 2894/10287/38 2893/10288/38 2891/10289/38 2892/10290/38
f 2906/10291/15 2905/10292/15 2904/10293/15 2903/10294/15
f 2905/10295/16 2908/10296/16 2907/10297/16 2904/10298/16
f 2908/10299/482 2910/10300/482 2909/10301/482 2907/10302/482
f 2910/10303/17 2912/10304/17 2911/10305/17 2909/10306/17
f 2912/10307/18 2914/10308/18 2913/10309/18 2911/10310/18
f 2914/10311/19 2916/10312/19 2915/10313/19 2913/10314/19
f 2916/10315/1127 2918/10316/1127 2917/10317/1127 2915/10318/1127
f 2918/10319/21 2920/10320/21 2919/10321/21 2917/10322/21
f 2920/10323/485 2922/10324/485 2921/10325/485 2919/10326/485
f 2922/10327/23 2924/10328/23 2923/10329/23 2921/10330/23
f 2924/10331/24 2926/10332/24 2925/10333/24 2923/10334/24
f 2926/10335/25 2906/10336/25 2903/10337/25 2925/10338/25
f 2928/10339/489 2927/10340/489 2923/10341/489 2925/10342/489
f 2926/10343/14 2924/10344/14 2922/10345/14 2920/10346/14 2918/10347/14 2916/10348/14 2914/10349/14 2912/10350/14 2910/10351/14 2908/10352/14 2905/10353/14 2906/10354/14
f 2927/10355/1158 2929/10356/1158 2921/10357/1158 2923/10358/1158
f 2929/10359/491 2930/10360/491 2919/10361/491 2921/10362/491
f 2930/10363/1159 2931/10364/1159 2917/10365/1159 2919/10366/1159
f 2931/10367/1160 2932/10368/1160 2915/10369/1160 2917/10370/1160
f 2932/10371/494 2933/10372/494 2913/10373/494 2915/10374/494
f 2933/10375/495 2934/10376/495 2911/10377/495 2913/10378/495
f 2934/10379/1161 2935/10380/1161 2909/10381/1161 2911/10382/1161
f 2935/10383/1162 2936/10384/1162 2907/10385/1162 2909/10386/1162
f 2936/10387/1132 2937/10388/1132 2904/10389/1132 2907/10390/1132
f 2937/10391/1163 2938/10392/1163 2903/10393/1163 2904/10394/1163
f 2938/10395/500 2928/10396/500 2925/10397/500 2903/10398/500
f 2940/10399/501 2939/10400/501 2927/10401/501 2928/10402/501
f 2939/10403/1164 2941/10404/1164 2929/10405/1164 2927/10406/1164
f 2941/10407/1137 2942/10408/1137 2930/10409/1137 2929/10410/1137
f 2942/10411/1138 2943/10412/1138 2931/10413/1138 2930/10414/1138
f 2943/10415/505 2944/10416/505 2932/10417/505 2931/10418/505
f 2944/10419/1165 2945/10420/1165 2933/10421/1165 2932/10422/1165
f 2945/10423/1139 2946/10424/1139 2934/10425/1139 2933/10426/1139
f 2946/10427/1140 2947/10428/1140 2935/10429/1140 2934/10430/1140
f 2947/10431/1166 2948/10432/1166 2936/10433/1166 2935/10434/1166
f 2948/10435/1141 2949/10436/1141 2937/10437/1141 2936/10438/1141
f 2949/10439/1142 2950/10440/1142 2938/10441/1142 2937/10442/1142
f 2950/10443/1167 2940/10444/1167 2928/10445/1167 2938/10446/1167
f 2950/10447/13 2949/10448/13 2948/10449/13 2947/10450/13 2946/10451/13 2945/10452/13 2944/10453/13 2943/10454/13 2942/10455/13 2941/10456/13 2939/10457/13 2940/10458/13
f 3418/11836/26 3417/11837/26 3416/11838/26 3415/11839/26
f 3417/11840/27 3420/11841/27 3419/11842/27 3416/11843/27
f 3420/11844/28 3422/11845/28 3421/11846/28 3419/11847/28
f 3422/11848/29 3424/11849/29 3423/11850/29 3421/11851/29
f 3424/11852/116 3426/11853/116 3425/11854/116 3423/11855/116
f 3426/11856/31 3428/11857/31 3427/11858/31 3425/11859/31
f 3428/11860/134 3430/11861/134 3429/11862/134 3427/11863/134
f 3430/11864/47 3432/11865/47 3431/11866/47 3429/11867/47
f 3432/11868/108 3434/11869/108 3433/11870/108 3431/11871/108
f 3434/11872/35 3436/11873/35 3435/11874/35 3433/11875/35
f 3436/11876/36 3438/11877/36 3437/11878/36 3435/11879/36
f 3438/11880/37 3418/11881/37 3415/11882/37 3437/11883/37
f 3440/11884/52 3439/11885/52 3435/11886/52 3437/11887/52
f 3438/11888/39 3436/11889/39 3434/11890/39 3432/11891/39 3430/11892/39 3428/11893/39 3426/11894/39 3424/11895/39 3422/11896/39 3420/11897/39 3417/11898/39 3418/11899/39
f 3439/11900/437 3441/11901/437 3433/11902/437 3435/11903/437
f 3441/11904/54 3442/11905/54 3431/11906/54 3433/11907/54
f 3442/11908/162 3443/11909/162 3429/11910/162 3431/11911/162
f 3443/11912/56 3444/11913/56 3427/11914/56 3429/11915/56
f 3444/11916/57 3445/11917/57 3425/11918/57 3427/11919/57
f 3445/11920/58 3446/11921/58 3423/11922/58 3425/11923/58
f 3446/11924/59 3447/11925/59 3421/11926/59 3423/11927/59
f 3447/11928/1183 3448/11929/1183 3419/11930/1183 3421/11931/1183
f 3448/11932/61 3449/11933/61 3416/11934/61 3419/11935/61
f 3449/11936/428 3450/11937/428 3415/11938/428 3416/11939/428
f 3450/11940/167 3440/11941/167 3437/11942/167 3415/11943/167
f 3452/11944/64 3451/11945/64 3439/11946/64 3440/11947/64
f 3451/11948/430 3453/11949/430 3441/11950/430 3439/11951/430
f 3453/11952/169 3454/11953/169 3442/11954/169 3441/11955/169
f 3454/11956/1125 3455/11957/1125 3443/11958/1125 3442/11959/1125
f 3455/11960/442 3456/11961/442 3444/11962/442 3443/11963/442
f 3456/11964/432 3457/11965/432 3445/11966/432 3444/11967/432
f 3457/11968/173 3458/11969/173 3446/11970/173 3445/11971/173
f 3458/11972/174 3459/11973/174 3447/11974/174 3446/11975/174
f 3459/11976/443 3460/11977/443 3448/11978/443 3447/11979/443
f 3460/11980/480 3461/11981/480 3449/11982/480 3448/11983/480
f 3461/11984/549 3462/11985/549 3450/11986/549 3449/11987/549
f 3462/11988/1152 3452/11989/1152 3440/11990/1152 3450/11991/1152
f 3462/11992/38 3461/11993/38 3460/11994/38 3459/11995/38 3458/11996/38 3457/11997/38 3456/11998/38 3455/11999/38 3454/12000/38 3453/12001/38 3451/12002/38 3452/12003/38
f 3490/12057/40 3489/12058/40 3488/12059/40 3487/12060/40
f 3489/12061/41 3492/12062/41 3491/12063/41 3488/12064/41
f 3492/12065/42 3494/12066/42 3493/12067/42 3491/12068/42
f 3494/12069/417 3496/12070/417 3495/12071/417 3493/12072/417
f 3496/12073/435 3498/12074/435 3497/12075/435 3495/12076/435
f 3498/12077/45 3500/12078/45 3499/12079/45 3497/12080/45
f 3500/12081/419 3502/12082/419 3501/12083/419 3499/12084/419
f 3502/12085/47 3504/12086/47 3503/12087/47 3501/12088/47
f 3504/12089/420 3506/12090/420 3505/12091/420 3503/12092/420
f 3506/12093/1185 3508/12094/1185 3507/12095/1185 3505/12096/1185
f 3508/12097/1145 3510/12098/1145 3509/12099/1145 3507/12100/1145
f 3510/12101/51 3490/12102/51 3487/12103/51 3509/12104/51
f 3512/12105/1146 3511/12106/1146 3507/12107/1146 3509/12108/1146
f 3510/12109/39 3508/12110/39 3506/12111/39 3504/12112/39 3502/12113/39 3500/12114/39 3498/12115/39 3496/12116/39 3494/12117/39 3492/12118/39 3489/12119/39 3490/12120/39
f 3511/12121/160 3513/12122/160 3505/12123/160 3507/12124/160
f 3513/12125/161 3514/12126/161 3503/12127/161 3505/12128/161
f 3514/12129/162 3515/12130/162 3501/12131/162 3503/12132/162
f 3515/12133/56 3516/12134/56 3499/12135/56 3501/12136/56
f 3516/12137/163 3517/12138/163 3497/12139/163 3499/12140/163
f 3517/12141/58 3518/12142/58 3495/12143/58 3497/12144/58
f 3518/12145/59 3519/12146/59 3493/12147/59 3495/12148/59
f 3519/12149/60 3520/12150/60 3491/12151/60 3493/12152/60
f 3520/12153/61 3521/12154/61 3488/12155/61 3491/12156/61
f 3521/12157/62 3522/12158/62 3487/12159/62 3488/12160/62
f 3522/12161/167 3512/12162/167 3509/12163/167 3487/12164/167
f 3524/12165/1186 3523/12166/1186 3511/12167/1186 3512/12168/1186
f 3523/12169/441 3525/12170/441 3513/12171/441 3511/12172/441
f 3525/12173/1187 3526/12174/1187 3514/12175/1187 3513/12176/1187
f 3526/12177/170 3527/12178/170 3515/12179/170 3514/12180/170
f 3527/12181/547 3528/12182/547 3516/12183/547 3515/12184/547
f 3528/12185/432 3529/12186/432 3517/12187/432 3516/12188/432
f 3529/12189/1188 3530/12190/1188 3518/12191/1188 3517/12192/1188
f 3530/12193/548 3531/12194/548 3519/12195/548 3518/12196/548
f 3531/12197/433 3532/12198/433 3520/12199/433 3519/12200/433
f 3532/12201/480 3533/12202/480 3521/12203/480 3520/12204/480
f 3533/12205/481 3534/12206/481 3522/12207/481 3521/12208/481
f 3534/12209/75 3524/12210/75 3512/12211/75 3522/12212/75
f 3534/12213/38 3533/12214/38 3532/12215/38 3531/12216/38 3530/12217/38 3529/12218/38 3528/12219/38 3527/12220/38 3526/12221/38 3525/12222/38 3523/12223/38 3524/12224/38
f 3586/12365/40 3585/12366/40 3584/12367/40 3583/12368/40
f 3585/12369/41 3588/12370/41 3587/12371/41 3584/12372/41
f 3588/12373/42 3590/12374/42 3589/12375/42 3587/12376/42
f 3590/12377/43 3592/12378/43 3591/12379/43 3589/12380/43
f 3592/12381/435 3594/12382/435 3593/12383/435 3591/12384/435
f 3594/12385/45 3596/12386/45 3595/12387/45 3593/12388/45
f 3596/12389/1144 3598/12390/1144 3597/12391/1144 3595/12392/1144
f 3598/12393/47 3600/12394/47 3599/12395/47 3597/12396/47
f 3600/12397/794 3602/12398/794 3601/12399/794 3599/12400/794
f 3602/12401/49 3604/12402/49 3603/12403/49 3601/12404/49
f 3604/12405/1189 3606/12406/1189 3605/12407/1189 3603/12408/1189
f 3606/12409/51 3586/12410/51 3583/12411/51 3605/12412/51
f 3608/12413/1190 3607/12414/1190 3603/12415/1190 3605/12416/1190
f 3606/12417/39 3604/12418/39 3602/12419/39 3600/12420/39 3598/12421/39 3596/12422/39 3594/12423/39 3592/12424/39 3590/12425/39 3588/12426/39 3585/12427/39 3586/12428/39
f 3607/12429/160 3609/12430/160 3601/12431/160 3603/12432/160
f 3609/12433/161 3610/12434/161 3599/12435/161 3601/12436/161
f 3610/12437/472 3611/12438/472 3597/12439/472 3599/12440/472
f 3611/12441/56 3612/12442/56 3595/12443/56 3597/12444/56
f 3612/12445/57 3613/12446/57 3593/12447/57 3595/12448/57
f 3613/12449/1156 3614/12450/1156 3591/12451/1156 3593/12452/1156
f 3614/12453/426 3615/12454/426 3589/12455/426 3591/12456/426
f 3615/12457/60 3616/12458/60 3587/12459/60 3589/12460/60
f 3616/12461/427 3617/12462/427 3584/12463/427 3587/12464/427
f 3617/12465/428 3618/12466/428 3583/12467/428 3584/12468/428
f 3618/12469/167 3608/12470/167 3605/12471/167 3583/12472/167
f 3620/12473/440 3619/12474/440 3607/12475/440 3608/12476/440
f 3619/12477/168 3621/12478/168 3609/12479/168 3607/12480/168
f 3621/12481/169 3622/12482/169 3610/12483/169 3609/12484/169
f 3622/12485/170 3623/12486/170 3611/12487/170 3610/12488/170
f 3623/12489/68 3624/12490/68 3612/12491/68 3611/12492/68
f 3624/12493/477 3625/12494/477 3613/12495/477 3612/12496/477
f 3625/12497/478 3626/12498/478 3614/12499/478 3613/12500/478
f 3626/12501/71 3627/12502/71 3615/12503/71 3614/12504/71
f 3627/12505/72 3628/12506/72 3616/12507/72 3615/12508/72
f 3628/12509/480 3629/12510/480 3617/12511/480 3616/12512/480
f 3629/12513/1191 3630/12514/1191 3618/12515/1191 3617/12516/1191
f 3630/12517/1192 3620/12518/1192 3608/12519/1192 3618/12520/1192
f 3630/12521/38 3629/12522/38 3628/12523/38 3627/12524/38 3626/12525/38 3625/12526/38 3624/12527/38 3623/12528/38 3622/12529/38 3621/12530/38 3619/12531/38 3620/12532/38
usemtl mat20
f 604/1821/156 603/1822/156 602/1823/156 601/1824/156
f 608/1825/157 607/1826/157 606/1827/157 605/1828/157
f 602/1829/14 608/1830/14 605/1831/14 601/1832/14
f 606/1833/13 607/1834/13 603/1835/13 604/1836/13
f 605/1837/158 606/1838/158 604/1839/158 601/1840/158
f 603/1841/159 607/1842/159 608/1843/159 602/1844/159
f 1677/5497/521 1676/5498/521 1675/5499/521 1674/5500/521
f 1681/5501/522 1680/5502/522 1679/5503/522 1678/5504/522
f 1675/5505/102 1682/5506/102 1678/5507/102 1674/5508/102
f 1679/5509/103 1685/5510/103 1684/5511/103 1683/5512/103
f 1678/5513/39 1679/5514/39 1683/5515/39 1674/5516/39
f 1684/5517/38 1685/5518/38 1682/5519/38 1675/5520/38
f 1680/5521/103 1686/5522/103 1685/5523/103 1679/5524/103
f 1686/5525/523 1687/5526/523 1682/5527/523 1685/5528/523
f 1687/5529/102 1681/5530/102 1678/5531/102 1682/5532/102
f 1689/5533/524 1688/5534/524 1680/5535/524 1681/5536/524
f 1688/5537/103 1690/5538/103 1686/5539/103 1680/5540/103
f 1690/5541/525 1691/5542/525 1687/5543/525 1686/5544/525
f 1691/5545/102 1689/5546/102 1681/5547/102 1687/5548/102
f 1693/5549/526 1692/5550/526 1688/5551/526 1689/5552/526
f 1692/5553/527 1694/5554/527 1690/5555/527 1688/5556/527
f 1694/5557/528 1695/5558/528 1691/5559/528 1690/5560/528
f 1695/5561/529 1693/5562/529 1689/5563/529 1691/5564/529
f 1695/5565/89 1694/5566/89 1692/5567/89 1693/5568/89
f 1676/5569/530 1696/5570/531 1684/5571/532 1675/5572/532
f 1696/5573/533 1697/5574/533 1683/5575/533 1684/5576/533
f 1697/5577/534 1677/5578/535 1674/5579/536 1683/5580/536
f 1699/5581/537 1698/5582/537 1676/5583/537 1677/5584/537
f 1698/5585/538 1700/5586/538 1696/5587/531 1676/5588/530
f 1700/5589/539 1701/5590/539 1697/5591/539 1696/5592/539
f 1701/5593/540 1699/5594/540 1677/5595/535 1697/5596/534
f 1703/5597/541 1702/5598/541 1698/5599/541 1699/5600/541
f 1702/5601/542 1704/5602/542 1700/5603/542 1698/5604/542
f 1704/5605/543 1705/5606/543 1701/5607/543 1700/5608/543
f 1705/5609/544 1703/5610/544 1699/5611/544 1701/5612/544
f 1705/5613/88 1704/5614/88 1702/5615/88 1703/5616/88
f 2168/7420/103 2167/7421/103 2166/7422/103 2165/7423/103
f 2172/7424/102 2171/7425/102 2170/7426/102 2169/7427/102
f 2166/7428/39 2172/7429/39 2169/7430/39 2165/7431/39
f 2170/7432/38 2171/7433/38 2167/7434/38 2168/7435/38
f 2169/7436/89 2170/7437/89 2168/7438/89 2165/7439/89
f 2167/7440/88 2171/7441/88 2172/7442/88 2166/7443/88
f 2626/9382/103 2625/9383/103 2624/9384/103 2623/9385/103
f 2630/9386/102 2629/9387/102 2628/9388/102 2627/9389/102
f 2624/9390/39 2630/9391/39 2627/9392/39 2623/9393/39
f 2628/9394/38 2629/9395/38 2625/9396/38 2626/9397/38
f 2627/9398/89 2628/9399/89 2626/9400/89 2623/9401/89
f 2625/9402/88 2629/9403/88 2630/9404/88 2624/9405/88
f 2778/9883/103 2777/9884/103 2776/9885/103 2775/9886/103
f 2782/9887/102 2781/9888/102 2780/9889/102 2779/9890/102
f 2776/9891/39 2782/9892/39 2779/9893/39 2775/9894/39
f 2780/9895/38 2781/9896/38 2777/9897/38 2778/9898/38
f 2779/9899/89 2780/9900/89 2778/9901/89 2775/9902/89
f 2777/9903/88 2781/9904/88 2782/9905/88 2776/9906/88
f 3362/11683/156 3361/11684/156 3360/11685/156 3359/11686/156
f 3366/11687/157 3365/11688/157 3364/11689/157 3363/11690/157
f 3360/11691/14 3366/11692/14 3363/11693/14 3359/11694/14
f 3364/11695/13 3365/11696/13 3361/11697/13 3362/11698/13
f 3363/11699/158 3364/11700/158 3362/11701/158 3359/11702/158
f 3361/11703/1180 3365/11704/1180 3366/11705/1180 3360/11706/1180
f 5050/16707/39 5049/16708/39 5048/16709/39 5047/16710/39
f 5054/16711/102 5053/16712/102 5052/16713/102 5051/16714/102
f 5048/16715/39 5054/16716/39 5051/16717/39 5047/16718/39
f 5052/16719/38 5053/16720/38 5056/16721/38 5055/16722/38
f 5051/16723/89 5052/16724/89 5055/16725/89 5047/16726/89
f 5056/16727/88 5053/16728/88 5054/16729/88 5048/16730/88
f 5049/16731/88 5057/16732/88 5056/16733/88 5048/16734/88
f 5057/16735/38 5058/16736/38 5055/16737/38 5056/16738/38
f 5058/16739/89 5050/16740/89 5047/16741/89 5055/16742/89
f 5058/16743/103 5057/16744/103 5049/16745/103 5050/16746/103
f 5065/16751/1240 5064/16752/1240 5063/16753/1240
f 5059/16754/1241 5066/16755/1241 5063/16756/1241
f 5067/16757/1242 5064/16758/1242 5060/16759/1242
f 5071/16760/1243 5070/16761/1243 5069/16762/1243 5068/16763/1243
f 5073/16768/1244 5072/16769/1244 5068/16770/1244 5069/16771/1244
f 5063/16772/1245 5068/16773/1246 5059/16774/1247
f 5060/16775/1248 5069/16776/1248 5067/16777/1248
f 5074/16778/1249 5067/16779/1249 5063/16780/1249
f 5075/16781/1250 5067/16782/1250 5069/16783/1250
f 5076/16784/1251 5063/16785/1251 5067/16786/1251
f 5077/16787/1252 5068/16788/1246 5063/16789/1245
f 5081/16790/1253 5080/16791/1253 5079/16792/1253 5078/16793/1253
f 5083/16794/1254 5082/16795/1254 5078/16796/1254 5079/16797/1254
f 5077/16798/1255 5078/16799/1255 5068/16800/1255
f 5069/16801/1256 5079/16802/1256 5075/16803/1256
f 5084/16804/1257 5075/16805/1257 5077/16806/1257
f 5085/16807/1258 5075/16808/1258 5079/16809/1258
f 5086/16810/1259 5077/16811/1259 5075/16812/1259
f 5087/16813/1260 5078/16814/1260 5077/16815/1260
f 5091/16816/1261 5090/16817/1261 5089/16818/1261 5088/16819/1261
f 5093/16820/1262 5092/16821/1262 5088/16822/1262 5089/16823/1262
f 5087/16824/1263 5088/16825/1263 5078/16826/1263
f 5079/16827/1264 5089/16828/1264 5085/16829/1264
f 5094/16830/1265 5085/16831/1265 5087/16832/1265
f 5095/16833/1266 5085/16834/1267 5089/16835/1268
f 5096/16836/1269 5087/16837/1269 5085/16838/1269
f 5097/16839/1270 5088/16840/1271 5087/16841/1272
f 5097/16842/1273 5095/16843/1273 5099/16844/1273 5098/16845/1273
f 5097/16846/1270 5098/16847/1274 5088/16848/1271
f 5089/16849/1268 5099/16850/1275 5095/16851/1266
f 5100/16852/1276 5097/16853/1276 5087/16854/1276
f 5101/16855/1277 5095/16856/1277 5097/16857/1277
f 5101/16858/1278 5085/16859/1278 5095/16860/1278
f 5101/16861/1279 5100/16862/1279 5096/16863/1279 5102/16864/1279
f 5103/16865/1280 5075/16866/1280 5085/16867/1280
f 5103/16868/1281 5087/16869/1281 5075/16870/1281
f 5103/16871/1282 5094/16872/1282 5104/16873/1282
f 5105/16874/1283 5087/16875/1283 5077/16876/1283
f 5105/16877/1284 5075/16878/1284 5087/16879/1284
f 5105/16880/1285 5086/16881/1285 5106/16882/1285
f 5107/16883/1286 5067/16884/1286 5075/16885/1286
f 5107/16886/1287 5077/16887/1287 5067/16888/1287
f 5107/16889/1288 5084/16890/1288 5108/16891/1288
f 5109/16892/1289 5077/16893/1289 5063/16894/1289
f 5109/16895/1290 5067/16896/1290 5077/16897/1290
f 5109/16898/1291 5076/16899/1291 5110/16900/1291
f 5111/16901/1292 5064/16902/1292 5067/16903/1292
f 5111/16904/1293 5063/16905/1293 5064/16906/1293
f 5111/16907/1294 5074/16908/1294 5112/16909/1294
f 5113/16913/1296 5063/16914/1296 5066/16915/1296
f 5113/16916/1297 5065/16917/1297 5114/16918/1297
f 5085/16919/1298 5102/16920/1298 5096/16921/1298
f 5101/16922/1299 5102/16923/1299 5085/16924/1299
f 5087/16925/1300 5096/16926/1300 5100/16927/1300
f 5097/16928/1301 5100/16929/1301 5101/16930/1301
f 5087/16931/1302 5104/16932/1302 5094/16933/1302
f 5103/16934/1303 5104/16935/1303 5087/16936/1303
f 5085/16937/1304 5094/16938/1304 5103/16939/1304
f 5075/16940/1305 5106/16941/1305 5086/16942/1305
f 5105/16943/1306 5106/16944/1306 5075/16945/1306
f 5077/16946/1307 5086/16947/1307 5105/16948/1307
f 5077/16949/1308 5108/16950/1308 5084/16951/1308
f 5107/16952/1309 5108/16953/1309 5077/16954/1309
f 5075/16955/1310 5084/16956/1310 5107/16957/1310
f 5067/16958/1311 5110/16959/1311 5076/16960/1311
f 5109/16961/1312 5110/16962/1312 5067/16963/1312
f 5063/16964/1313 5076/16965/1313 5109/16966/1313
f 5063/16967/1314 5112/16968/1314 5074/16969/1314
f 5111/16970/1315 5112/16971/1315 5063/16972/1315
f 5067/16973/1316 5074/16974/1316 5111/16975/1316
f 5063/16976/1317 5114/16977/1317 5065/16978/1317
f 5113/16979/1318 5114/16980/1318 5063/16981/1318
f 5115/16985/1320 5099/16986/1320 5089/16987/1320
f 5115/16988/1321 5116/16989/1321 5098/16990/1321 5099/16991/1321
f 5116/16992/1322 5088/16993/1322 5098/16994/1322
f 5116/16995/1323 5115/16996/1323 5090/16997/1323 5091/16998/1323
f 5117/16999/1324 5078/17000/1324 5088/17001/1324
f 5117/17002/1325 5089/17003/1325 5078/17004/1325
f 5117/17005/1326 5092/17006/1326 5093/17007/1326
f 5118/17008/1327 5089/17009/1328 5079/17010/1329
f 5118/17011/1330 5078/17012/1330 5089/17013/1330
f 5118/17014/1331 5080/17015/1331 5081/17016/1331
f 5119/17017/1332 5079/17018/1333 5069/17019/1334
f 5119/17020/1335 5068/17021/1336 5079/17022/1337
f 5119/17023/1338 5070/17024/1338 5071/17025/1338
f 5120/17026/1339 5068/17027/1339 5078/17028/1339
f 5120/17029/1340 5079/17030/1340 5068/17031/1340
f 5120/17032/1341 5082/17033/1341 5083/17034/1341
f 5121/17035/1342 5059/17036/1342 5068/17037/1342
f 5121/17038/1343 5069/17039/1343 5059/17040/1343
f 5121/17041/1344 5072/17042/1344 5073/17043/1344
f 5122/17044/1345 5069/17045/1345 5060/17046/1345
f 5122/17047/1346 5059/17048/1346 5069/17049/1346
f 5122/17050/1347 5061/17051/1347 5062/17052/1347
f 5116/17053/1348 5091/17054/1348 5088/17055/1348
f 5089/17056/1349 5090/17057/1349 5115/17058/1349
f 5117/17059/1350 5093/17060/1350 5089/17061/1350
f 5088/17062/1351 5092/17063/1351 5117/17064/1351
f 5118/17065/1352 5081/17066/1352 5078/17067/1352
f 5079/17068/1329 5080/17069/1353 5118/17070/1327
f 5119/17071/1335 5071/17072/1354 5068/17073/1336
f 5069/17074/1334 5070/17075/1355 5119/17076/1332
f 5120/17077/1356 5083/17078/1356 5079/17079/1356
f 5078/17080/1357 5082/17081/1357 5120/17082/1357
f 5121/17083/1358 5073/17084/1358 5069/17085/1358
f 5068/17086/1359 5072/17087/1359 5121/17088/1359
f 5122/17089/1360 5062/17090/1360 5059/17091/1360
f 5060/17092/1361 5061/17093/1361 5122/17094/1361
usemtl mat21
f 723/3066/396 724/3067/396 725/3068/396 726/3069/396 727/3070/396 728/3071/396 729/3072/396 730/3073/396 731/3074/396
f 732/3075/397 733/3076/397 734/3077/397 735/3078/397 736/3079/397 737/3080/397 738/3081/397 739/3082/397 740/3083/397
f 741/3084/398 742/3085/398 743/3086/398 744/3087/398 745/3088/398 746/3089/398 747/3090/398 748/3091/398 749/3092/398
f 750/3093/399 751/3094/399 752/3095/399 753/3096/399 754/3097/399 755/3098/399 756/3099/399 757/3100/399 758/3101/399
f 759/3102/400 760/3103/400 761/3104/400 762/3105/400 763/3106/400 764/3107/400 765/3108/400 766/3109/400 767/3110/400
f 768/3111/401 769/3112/401 770/3113/401 771/3114/401 772/3115/401 773/3116/401 774/3117/401 775/3118/401 776/3119/401
f 777/3120/402 778/3121/402 779/3122/402 780/3123/402 781/3124/402 782/3125/402 783/3126/402 784/3127/402 785/3128/402
f 786/3129/403 787/3130/403 788/3131/403 789/3132/403 790/3133/403 791/3134/403 792/3135/403 793/3136/403 794/3137/403
f 795/3138/404 796/3139/404 797/3140/404 798/3141/404 799/3142/404 800/3143/404 801/3144/404 802/3145/404 803/3146/404
f 804/3147/405 805/3148/405 806/3149/405 807/3150/405 808/3151/405 809/3152/405 810/3153/405 811/3154/405 812/3155/405
f 813/3156/406 814/3157/406 815/3158/406 816/3159/406 817/3160/406 818/3161/406 819/3162/406 820/3163/406 821/3164/406
f 822/3165/407 823/3166/407 824/3167/407 825/3168/407 826/3169/407 827/3170/407 828/3171/407 829/3172/407 830/3173/407
f 831/3174/408 832/3175/408 833/3176/408 834/3177/408 835/3178/408 836/3179/408 837/3180/408 838/3181/408 839/3182/408
f 840/3183/409 841/3184/409 842/3185/409 843/3186/409 844/3187/409 845/3188/409 846/3189/409 847/3190/409 848/3191/409
f 849/3192/410 850/3193/410 851/3194/410 852/3195/410 853/3196/410 854/3197/410 855/3198/410 856/3199/410 857/3200/410
f 1437/4819/26 1436/4820/26 1435/4821/26 1434/4822/26
f 1436/4823/446 1439/4824/446 1438/4825/446 1435/4826/446
f 1439/4827/151 1441/4828/151 1440/4829/151 1438/4830/151
f 1441/4831/463 1443/4832/463 1442/4833/463 1440/4834/463
f 1443/4835/468 1445/4836/468 1444/4837/468 1442/4838/468
f 1445/4839/451 1447/4840/451 1446/4841/451 1444/4842/451
f 1447/4843/118 1449/4844/118 1448/4845/118 1446/4846/118
f 1449/4847/123 1451/4848/123 1450/4849/123 1448/4850/123
f 1451/4851/124 1453/4852/124 1452/4853/124 1450/4854/124
f 1453/4855/35 1455/4856/35 1454/4857/35 1452/4858/35
f 1455/4859/36 1457/4860/36 1456/4861/36 1454/4862/36
f 1457/4863/37 1437/4864/37 1434/4865/37 1456/4866/37
f 1434/4867/38 1435/4868/38 1438/4869/38 1440/4870/38 1442/4871/38 1444/4872/38 1446/4873/38 1448/4874/38 1450/4875/38 1452/4876/38 1454/4877/38 1456/4878/38
f 1457/4879/39 1455/4880/39 1453/4881/39 1451/4882/39 1449/4883/39 1447/4884/39 1445/4885/39 1443/4886/39 1441/4887/39 1439/4888/39 1436/4889/39 1437/4890/39
f 1828/6847/767 1827/6848/767 1826/6849/767 1825/6850/767 1824/6851/767 1823/6852/767 1822/6853/767 1820/6854/767 1821/6855/767
f 1837/6856/768 1836/6857/768 1835/6858/768 1834/6859/768 1833/6860/768 1832/6861/768 1831/6862/768 1829/6863/768 1830/6864/768
f 1846/6865/769 1845/6866/769 1844/6867/769 1843/6868/769 1842/6869/769 1841/6870/769 1840/6871/769 1838/6872/769 1839/6873/769
f 1855/6874/770 1854/6875/770 1853/6876/770 1852/6877/770 1851/6878/770 1850/6879/770 1849/6880/770 1847/6881/770 1848/6882/770
f 1864/6883/771 1863/6884/771 1862/6885/771 1861/6886/771 1860/6887/771 1859/6888/771 1858/6889/771 1856/6890/771 1857/6891/771
f 1873/6892/772 1872/6893/772 1871/6894/772 1870/6895/772 1869/6896/772 1868/6897/772 1867/6898/772 1865/6899/772 1866/6900/772
f 1882/6901/773 1881/6902/773 1880/6903/773 1879/6904/773 1878/6905/773 1877/6906/773 1876/6907/773 1874/6908/773 1875/6909/773
f 1891/6910/774 1890/6911/774 1889/6912/774 1888/6913/774 1887/6914/774 1886/6915/774 1885/6916/774 1883/6917/774 1884/6918/774
f 1900/6919/775 1899/6920/775 1898/6921/775 1897/6922/775 1896/6923/775 1895/6924/775 1894/6925/775 1892/6926/775 1893/6927/775
f 1909/6928/776 1908/6929/776 1907/6930/776 1906/6931/776 1905/6932/776 1904/6933/776 1903/6934/776 1901/6935/776 1902/6936/776
f 1918/6937/777 1917/6938/777 1916/6939/777 1915/6940/777 1914/6941/777 1913/6942/777 1912/6943/777 1910/6944/777 1911/6945/777
f 1927/6946/778 1926/6947/778 1925/6948/778 1924/6949/778 1923/6950/778 1922/6951/778 1921/6952/778 1919/6953/778 1920/6954/778
f 1936/6955/779 1935/6956/779 1934/6957/779 1933/6958/779 1932/6959/779 1931/6960/779 1930/6961/779 1928/6962/779 1929/6963/779
f 1945/6964/780 1944/6965/780 1943/6966/780 1942/6967/780 1941/6968/780 1940/6969/780 1939/6970/780 1937/6971/780 1938/6972/780
f 1954/6973/781 1953/6974/781 1952/6975/781 1951/6976/781 1950/6977/781 1949/6978/781 1948/6979/781 1946/6980/781 1947/6981/781
f 3634/12533/29 3633/12534/29 3632/12535/29 3631/12536/29
f 3633/12537/30 3636/12538/30 3635/12539/30 3632/12540/30
f 3636/12541/31 3638/12542/31 3637/12543/31 3635/12544/31
f 3638/12545/134 3640/12546/134 3639/12547/134 3637/12548/134
f 3640/12549/47 3642/12550/47 3641/12551/47 3639/12552/47
f 3642/12553/119 3644/12554/119 3643/12555/119 3641/12556/119
f 3644/12557/1175 3646/12558/1175 3645/12559/1175 3643/12560/1175
f 3646/12561/126 3648/12562/126 3647/12563/126 3645/12564/126
f 3648/12565/37 3650/12566/37 3649/12567/37 3647/12568/37
f 3650/12569/26 3652/12570/26 3651/12571/26 3649/12572/26
f 3652/12573/27 3654/12574/27 3653/12575/27 3651/12576/27
f 3654/12577/130 3634/12578/130 3631/12579/130 3653/12580/130
f 3631/12581/38 3632/12582/38 3635/12583/38 3637/12584/38 3639/12585/38 3641/12586/38 3643/12587/38 3645/12588/38 3647/12589/38 3649/12590/38 3651/12591/38 3653/12592/38
f 3654/12593/39 3652/12594/39 3650/12595/39 3648/12596/39 3646/12597/39 3644/12598/39 3642/12599/39 3640/12600/39 3638/12601/39 3636/12602/39 3633/12603/39 3634/12604/39
f 4546/15207/1215 4545/15208/1215 4544/15209/1215 4543/15210/1215
f 4545/15211/1216 4548/15212/1216 4547/15213/1216 4544/15214/1216
f 4548/15215/1217 4550/15216/1217 4549/15217/1217 4547/15218/1217
f 4550/15219/20 4552/15220/20 4551/15221/20 4549/15222/20
f 4552/15223/1218 4554/15224/1218 4553/15225/1218 4551/15226/1218
f 4554/15227/1219 4556/15228/1219 4555/15229/1219 4553/15230/1219
f 4556/15231/486 4558/15232/486 4557/15233/486 4555/15234/486
f 4558/15235/24 4560/15236/24 4559/15237/24 4557/15238/24
f 4560/15239/25 4562/15240/25 4561/15241/25 4559/15242/25
f 4562/15243/1220 4564/15244/1220 4563/15245/1220 4561/15246/1220
f 4564/15247/1199 4566/15248/1199 4565/15249/1199 4563/15250/1199
f 4566/15251/1221 4546/15252/1221 4543/15253/1221 4565/15254/1221
f 4543/15255/13 4544/15256/13 4547/15257/13 4549/15258/13 4551/15259/13 4553/15260/13 4555/15261/13 4557/15262/13 4559/15263/13 4561/15264/13 4563/15265/13 4565/15266/13
f 4566/15267/14 4564/15268/14 4562/15269/14 4560/15270/14 4558/15271/14 4556/15272/14 4554/15273/14 4552/15274/14 4550/15275/14 4548/15276/14 4545/15277/14 4546/15278/14
usemtl mat15
f 5062/16747/1237 5061/16748/1237 5060/16749/1238 5059/16750/1239
f 5060/16764/1238 5064/16765/102 5066/16766/102 5059/16767/1239
f 5113/16910/1295 5066/16911/1295 5064/16912/1295
f 5064/16982/1319 5065/16983/1319 5113/16984/1319
