# Blender 5.1.2
# www.blender.org
mtllib stones.mtl
o Stone_group_average_mossy_Icosphere.030
v -0.748478 0.236844 0.001589
v -0.802138 0.205629 -0.011739
v -0.809592 0.244385 -0.009713
v -0.780023 0.261089 -0.011739
v -0.822267 0.251713 0.003682
v -0.796427 0.256337 -0.003851
v -0.812975 0.228136 0.003721
v -0.824979 0.246836 -0.007772
v -0.763586 0.250162 0.007393
v -0.758848 0.208226 -0.007918
v -0.776607 0.226374 0.021508
v -0.777335 0.252924 0.011476
v -0.819105 0.240443 -0.004519
v -0.779336 0.224438 -0.011739
v -0.809279 0.215163 0.001264
v -0.809842 0.244937 -0.001325
v -0.805072 0.241447 -0.000630
v -0.750702 0.239283 -0.005189
v -0.785351 0.240710 0.020405
v -0.798298 0.247753 -0.003354
v -0.750685 0.215609 -0.001353
v -0.778661 0.259122 -0.002614
v -0.810317 0.217426 -0.006306
v -0.781614 0.197619 -0.011739
v -0.758616 0.249105 -0.011739
v -0.772485 0.258103 -0.011739
v -0.790957 0.259070 -0.011739
v -0.811783 0.285846 -0.005513
v -0.765527 0.205905 -0.011739
v -0.793226 0.240513 -0.011739
v -0.811786 0.234334 -0.011739
v -0.802944 0.250913 -0.011739
v -0.751036 0.224605 -0.011739
v -0.783904 0.208693 0.011103
v -0.795580 0.251470 0.007970
v -0.764882 0.211929 0.010830
v -0.752433 0.237012 0.008615
v -0.777639 0.245164 0.018717
v -0.766199 0.244342 0.014280
v -0.804224 0.245667 0.005938
v -0.809737 0.223328 0.005825
v -0.786241 0.224126 0.020892
v -0.769441 0.204638 0.005409
v -0.759869 0.251825 0.000064
v -0.770968 0.256736 -0.000853
v -0.803700 0.251658 -0.004479
v -0.812017 0.220059 -0.000562
v -0.820450 0.283905 -0.004851
v -0.805898 0.238339 -0.004749
v -0.797858 0.245235 -0.007247
v -0.817600 0.221229 -0.011739
v -0.828298 0.226611 -0.011739
v -0.819176 0.239930 -0.011739
v -0.826417 0.236122 -0.011739
v -0.813593 0.236614 -0.011739
v -0.827046 0.230141 -0.007399
v -0.824674 0.236179 -0.007008
v -0.817176 0.237165 -0.007408
v -0.813320 0.226936 -0.008427
v -0.823245 0.231986 -0.003811
v -0.818138 0.225307 -0.005468
v -0.828504 0.226333 -0.011514
v -0.833432 0.268098 -0.011741
v -0.802913 0.281045 -0.011667
v -0.792222 0.258556 -0.011741
v -0.825678 0.272066 -0.000782
v -0.788608 0.270011 -0.009164
v -0.821536 0.223863 -0.008225
v -0.811786 0.285554 -0.006012
v -0.817497 0.220882 -0.011541
v -0.824584 0.247254 -0.007715
v -0.813025 0.257347 0.007143
v -0.797072 0.257746 -0.003280
v -0.791171 0.262989 -0.006877
v -0.818058 0.258002 -0.011741
v -0.828588 0.273524 -0.006144
v -0.801218 0.282177 -0.007332
v -0.789262 0.263955 -0.011343
v -0.805417 0.239563 -0.009205
v -0.807198 0.272195 -0.000551
v -0.813257 0.236795 -0.011583
v -0.818887 0.240964 -0.004648
v -0.793234 0.256967 -0.008749
v -0.826393 0.277762 -0.011741
v -0.832759 0.256546 -0.011741
v -0.800625 0.244425 -0.011741
v -0.795163 0.253205 -0.011741
v -0.789643 0.266048 -0.011741
v -0.835173 0.260448 -0.011741
v -0.826942 0.250120 -0.011741
v -0.806657 0.268546 -0.011741
v -0.813308 0.283647 -0.011741
v -0.795135 0.274686 -0.011741
v -0.814917 0.240847 -0.011741
v -0.830105 0.262800 0.003933
v -0.793011 0.272023 -0.004016
v -0.822149 0.252021 0.003207
v -0.818975 0.240269 -0.011616
v -0.801364 0.262296 -0.000254
v -0.826172 0.231547 -0.003205
v -0.798956 0.279491 -0.003971
v -0.822058 0.276982 -0.003556
v -0.819607 0.264807 0.006275
v -0.828176 0.255859 0.001266
v -0.798308 0.245543 -0.007438
v -0.795608 0.251788 -0.008174
v -0.793058 0.276021 -0.009602
v -0.823794 0.226156 -0.004658
v -0.833639 0.261123 -0.002376
v -0.830464 0.255098 -0.005535
v -0.820946 0.285180 -0.009898
v -0.759464 0.252183 0.000333
v -0.747960 0.236956 0.001878
v -0.813565 0.228171 0.003839
v -0.813092 0.235651 0.000682
v -0.763266 0.250525 0.007754
v -0.751971 0.237131 0.008983
v -0.750291 0.215293 -0.001023
v -0.758525 0.207727 -0.007815
v -0.764508 0.211619 0.011188
v -0.776349 0.226277 0.022045
v -0.777577 0.245572 0.019157
v -0.777322 0.253378 0.011873
v -0.810352 0.245203 -0.001144
v -0.810074 0.244552 -0.010036
v -0.786652 0.257773 0.001685
v -0.788021 0.261823 -0.008836
v -0.780001 0.261692 -0.011711
v -0.769187 0.204139 0.005634
v -0.785821 0.200225 0.001732
v -0.803878 0.219427 0.008365
v -0.795801 0.251956 0.008250
v -0.786547 0.223982 0.021391
v -0.785676 0.240689 0.020913
v -0.810060 0.223174 0.006310
v -0.778656 0.259690 -0.002410
v -0.803256 0.251080 -0.012227
v -0.814253 0.225749 -0.006649
v -0.810815 0.217244 -0.006593
v -0.809558 0.214784 0.001641
v -0.802522 0.205165 -0.011712
v -0.791211 0.259602 -0.011867
v -0.790446 0.197223 -0.010511
v -0.812367 0.234411 -0.011885
v -0.784086 0.208287 0.011510
v -0.796680 0.256845 -0.003648
v -0.765947 0.244707 0.014689
v -0.804618 0.246035 0.006208
v -0.804036 0.252105 -0.004252
v -0.812597 0.219893 -0.000561
v -0.781558 0.197019 -0.011718
v -0.765252 0.205402 -0.011928
v -0.763886 0.221914 0.015247
v -0.773445 0.198892 -0.006404
v -0.812909 0.257212 0.007694
v -0.801054 0.262294 0.000234
v -0.796673 0.257693 -0.002866
v -0.800923 0.282668 -0.007254
v -0.802637 0.281475 -0.011937
v -0.788757 0.263676 -0.011320
v -0.791712 0.258283 -0.011727
v -0.828609 0.255549 0.001491
v -0.834148 0.261027 -0.002119
v -0.825966 0.272396 -0.000405
v -0.792591 0.272205 -0.003663
v -0.819769 0.265118 0.006734
v -0.800435 0.249964 0.000801
v -0.822336 0.277239 -0.003120
v -0.798575 0.279901 -0.003824
v -0.815105 0.240307 -0.011829
v -0.794647 0.252945 -0.011745
v -0.792713 0.256738 -0.008650
v -0.794891 0.274990 -0.012168
v -0.824978 0.278817 -0.007825
v -0.821289 0.285600 -0.009698
v -0.826849 0.278098 -0.011623
v -0.829024 0.273864 -0.005977
v -0.833917 0.268265 -0.011473
v -0.835693 0.260289 -0.011543
v -0.830534 0.262969 0.004282
v -0.790798 0.262926 -0.006440
v -0.788170 0.270147 -0.008813
v -0.795098 0.251611 -0.007966
v -0.792660 0.276439 -0.009563
v -0.805267 0.239007 -0.009257
v -0.833222 0.256213 -0.011647
v -0.827368 0.249730 -0.011745
v -0.813861 0.249713 0.004781
v -0.830902 0.254744 -0.005403
v -0.816901 0.237400 -0.007211
v -0.812961 0.226746 -0.008499
v -0.827397 0.229993 -0.007240
v -0.824952 0.236405 -0.006804
v -0.823218 0.232062 -0.003406
v -0.818065 0.224930 -0.005316
v -0.721717 0.076280 0.001589
v -0.775377 0.045065 -0.011739
v -0.782831 0.083820 -0.009713
v -0.753262 0.100525 -0.011739
v -0.795507 0.091149 0.003682
v -0.769666 0.095773 -0.003851
v -0.786214 0.067572 0.003721
v -0.798218 0.086272 -0.007772
v -0.736825 0.089597 0.007393
v -0.732087 0.047661 -0.007918
v -0.749846 0.065810 0.021508
v -0.750574 0.092359 0.011476
v -0.792344 0.079879 -0.004519
v -0.752576 0.063874 -0.011739
v -0.782518 0.054599 0.001264
v -0.783081 0.084372 -0.001325
v -0.778311 0.080882 -0.000630
v -0.723941 0.078719 -0.005189
v -0.758590 0.080146 0.020405
v -0.771537 0.087189 -0.003354
v -0.723924 0.055044 -0.001353
v -0.751900 0.098557 -0.002614
v -0.783556 0.056862 -0.006306
v -0.754854 0.037055 -0.011739
v -0.731855 0.088541 -0.011739
v -0.745725 0.097539 -0.011739
v -0.764197 0.098505 -0.011739
v -0.785023 0.125282 -0.005513
v -0.738766 0.045340 -0.011739
v -0.766465 0.079949 -0.011739
v -0.785026 0.073770 -0.011739
v -0.776183 0.090349 -0.011739
v -0.724275 0.064041 -0.011739
v -0.757143 0.048129 0.011103
v -0.768819 0.090906 0.007970
v -0.738121 0.051364 0.010830
v -0.725672 0.076447 0.008615
v -0.750878 0.084600 0.018717
v -0.739438 0.083778 0.014280
v -0.777463 0.085103 0.005938
v -0.782976 0.062764 0.005824
v -0.759480 0.063562 0.020892
v -0.742680 0.044073 0.005409
v -0.733108 0.091261 0.000064
v -0.744207 0.096172 -0.000853
v -0.776939 0.091094 -0.004479
v -0.785256 0.059495 -0.000562
v -0.793689 0.123340 -0.004851
v -0.779137 0.077775 -0.004749
v -0.771097 0.084671 -0.007247
v -0.790839 0.060664 -0.011739
v -0.801537 0.066047 -0.011739
v -0.792415 0.079366 -0.011739
v -0.799656 0.075557 -0.011739
v -0.786833 0.076049 -0.011739
v -0.800285 0.069576 -0.007399
v -0.797914 0.075614 -0.007008
v -0.790415 0.076600 -0.007408
v -0.786559 0.066371 -0.008427
v -0.796484 0.071422 -0.003811
v -0.791377 0.064742 -0.005468
v -0.801743 0.065768 -0.011514
v -0.806671 0.107533 -0.011741
v -0.776152 0.120480 -0.011667
v -0.765461 0.097992 -0.011741
v -0.798917 0.111502 -0.000782
v -0.761848 0.109447 -0.009164
v -0.794776 0.063299 -0.008225
v -0.785025 0.124989 -0.006012
v -0.790736 0.060317 -0.011541
v -0.797823 0.086690 -0.007715
v -0.786265 0.096782 0.007143
v -0.770311 0.097182 -0.003280
v -0.764410 0.102425 -0.006878
v -0.791298 0.097438 -0.011741
v -0.801827 0.112959 -0.006144
v -0.774457 0.121613 -0.007332
v -0.762502 0.103390 -0.011343
v -0.778656 0.078999 -0.009205
v -0.780437 0.111631 -0.000551
v -0.786496 0.076230 -0.011583
v -0.792127 0.080399 -0.004648
v -0.766474 0.096403 -0.008749
v -0.799633 0.117198 -0.011741
v -0.805998 0.095982 -0.011741
v -0.773864 0.083860 -0.011741
v -0.768402 0.092641 -0.011741
v -0.762882 0.105483 -0.011741
v -0.808412 0.099884 -0.011741
v -0.800181 0.089556 -0.011741
v -0.779897 0.107982 -0.011741
v -0.786548 0.123082 -0.011741
v -0.768374 0.114122 -0.011741
v -0.788156 0.080282 -0.011741
v -0.803344 0.102236 0.003933
v -0.766250 0.111459 -0.004016
v -0.795389 0.091456 0.003207
v -0.792214 0.079704 -0.011616
v -0.774603 0.101731 -0.000254
v -0.799411 0.070982 -0.003205
v -0.772195 0.118927 -0.003971
v -0.795297 0.116417 -0.003556
v -0.792847 0.104243 0.006275
v -0.801416 0.095295 0.001266
v -0.771547 0.084979 -0.007438
v -0.768847 0.091224 -0.008174
v -0.766297 0.115457 -0.009602
v -0.797033 0.065592 -0.004658
v -0.806878 0.100559 -0.002376
v -0.803704 0.094534 -0.005535
v -0.794185 0.124615 -0.009898
v -0.732704 0.091619 0.000333
v -0.721199 0.076391 0.001878
v -0.786805 0.067606 0.003839
v -0.786331 0.075086 0.000682
v -0.736506 0.089960 0.007754
v -0.725210 0.076567 0.008983
v -0.723530 0.054728 -0.001023
v -0.731764 0.047162 -0.007815
v -0.737747 0.051054 0.011188
v -0.749588 0.065712 0.022045
v -0.750817 0.085008 0.019157
v -0.750561 0.092813 0.011873
v -0.783591 0.084638 -0.001144
v -0.783313 0.083987 -0.010036
v -0.759891 0.097209 0.001685
v -0.761260 0.101258 -0.008836
v -0.753240 0.101127 -0.011711
v -0.742426 0.043574 0.005634
v -0.759060 0.039661 0.001732
v -0.777117 0.058863 0.008365
v -0.769040 0.091392 0.008250
v -0.759786 0.063418 0.021391
v -0.758915 0.080125 0.020913
v -0.783299 0.062609 0.006310
v -0.751896 0.099125 -0.002410
v -0.776496 0.090516 -0.012228
v -0.787492 0.065185 -0.006649
v -0.784055 0.056680 -0.006593
v -0.782798 0.054220 0.001641
v -0.775761 0.044600 -0.011713
v -0.764450 0.099038 -0.011867
v -0.763685 0.036659 -0.010511
v -0.785606 0.073847 -0.011885
v -0.757326 0.047723 0.011510
v -0.769920 0.096281 -0.003648
v -0.739186 0.084143 0.014689
v -0.777857 0.085471 0.006208
v -0.777276 0.091540 -0.004253
v -0.785836 0.059329 -0.000561
v -0.754797 0.036454 -0.011718
v -0.738491 0.044838 -0.011928
v -0.737125 0.061350 0.015247
v -0.746684 0.038327 -0.006404
v -0.786148 0.096648 0.007694
v -0.774293 0.101730 0.000234
v -0.769912 0.097129 -0.002866
v -0.774162 0.122104 -0.007254
v -0.775876 0.120911 -0.011937
v -0.761996 0.103111 -0.011320
v -0.764952 0.097719 -0.011727
v -0.801848 0.094984 0.001491
v -0.807387 0.100462 -0.002119
v -0.799206 0.111831 -0.000405
v -0.765831 0.111640 -0.003663
v -0.793009 0.104554 0.006734
v -0.773674 0.089400 0.000801
v -0.795575 0.116674 -0.003120
v -0.771815 0.119336 -0.003824
v -0.788344 0.079743 -0.011829
v -0.767886 0.092380 -0.011746
v -0.765952 0.096174 -0.008650
v -0.768130 0.114425 -0.012168
v -0.798217 0.118253 -0.007825
v -0.794528 0.125035 -0.009698
v -0.800089 0.117533 -0.011623
v -0.802263 0.113299 -0.005977
v -0.807156 0.107700 -0.011473
v -0.808932 0.099725 -0.011543
v -0.803773 0.102404 0.004282
v -0.764037 0.102362 -0.006440
v -0.761409 0.109582 -0.008813
v -0.768337 0.091047 -0.007966
v -0.765900 0.115875 -0.009563
v -0.778506 0.078443 -0.009257
v -0.806462 0.095649 -0.011647
v -0.800607 0.089165 -0.011745
v -0.787101 0.089148 0.004781
v -0.804141 0.094180 -0.005403
v -0.790140 0.076836 -0.007211
v -0.786200 0.066181 -0.008499
v -0.800636 0.069428 -0.007240
v -0.798191 0.075841 -0.006804
v -0.796457 0.071498 -0.003406
v -0.791304 0.064366 -0.005316
v 0.156927 0.941543 0.001589
v 0.103267 0.910329 -0.011739
v 0.095813 0.949084 -0.009713
v 0.125382 0.965788 -0.011739
v 0.083137 0.956413 0.003682
v 0.108978 0.961036 -0.003851
v 0.092430 0.932836 0.003721
v 0.080426 0.951535 -0.007772
v 0.141819 0.954861 0.007393
v 0.146557 0.912925 -0.007918
v 0.128798 0.931073 0.021508
v 0.128070 0.957623 0.011476
v 0.086300 0.945143 -0.004519
v 0.126068 0.929137 -0.011739
v 0.096126 0.919862 0.001264
v 0.095563 0.949636 -0.001325
v 0.100333 0.946146 -0.000630
v 0.154703 0.943983 -0.005189
v 0.120054 0.945409 0.020405
v 0.107107 0.952452 -0.003354
v 0.154720 0.920308 -0.001353
v 0.126744 0.963821 -0.002613
v 0.095087 0.922126 -0.006306
v 0.123790 0.902318 -0.011739
v 0.146789 0.953805 -0.011739
v 0.132919 0.962802 -0.011739
v 0.114447 0.963769 -0.011739
v 0.093621 0.990546 -0.005513
v 0.139878 0.910604 -0.011739
v 0.112179 0.945213 -0.011739
v 0.093618 0.939033 -0.011739
v 0.102461 0.955612 -0.011739
v 0.154369 0.929304 -0.011739
v 0.121500 0.913393 0.011103
v 0.109824 0.956169 0.007970
v 0.140523 0.916628 0.010830
v 0.152971 0.941711 0.008615
v 0.127766 0.949863 0.018717
v 0.139206 0.949042 0.014280
v 0.101181 0.950366 0.005938
v 0.095668 0.928027 0.005825
v 0.119164 0.928825 0.020892
v 0.135964 0.909337 0.005409
v 0.145536 0.956524 0.000064
v 0.134437 0.961435 -0.000853
v 0.101705 0.956357 -0.004479
v 0.093388 0.924758 -0.000562
v 0.084954 0.988604 -0.004851
v 0.099506 0.943039 -0.004749
v 0.107547 0.949934 -0.007247
v 0.087805 0.925928 -0.011739
v 0.077107 0.931310 -0.011739
v 0.086228 0.944629 -0.011739
v 0.078987 0.940821 -0.011739
v 0.091811 0.941313 -0.011739
v 0.078359 0.934840 -0.007399
v 0.080730 0.940878 -0.007008
v 0.088229 0.941864 -0.007408
v 0.092085 0.931635 -0.008427
v 0.082159 0.936686 -0.003811
v 0.087267 0.930006 -0.005468
v 0.076901 0.931032 -0.011514
v 0.071973 0.972797 -0.011741
v 0.102492 0.985744 -0.011667
v 0.113183 0.963256 -0.011741
v 0.079727 0.976765 -0.000782
v 0.116796 0.974711 -0.009164
v 0.083868 0.928562 -0.008225
v 0.093619 0.990253 -0.006012
v 0.087907 0.925581 -0.011541
v 0.080821 0.951954 -0.007715
v 0.092379 0.962046 0.007143
v 0.108333 0.962446 -0.003280
v 0.114234 0.967688 -0.006877
v 0.087346 0.962701 -0.011741
v 0.076817 0.978223 -0.006144
v 0.104187 0.986877 -0.007332
v 0.116142 0.968654 -0.011343
v 0.099988 0.944263 -0.009205
v 0.098207 0.976895 -0.000551
v 0.092148 0.941494 -0.011583
v 0.086517 0.945663 -0.004648
v 0.112170 0.961667 -0.008749
v 0.079011 0.982462 -0.011741
v 0.072645 0.961245 -0.011741
v 0.104780 0.949124 -0.011741
v 0.110241 0.957905 -0.011741
v 0.115762 0.970747 -0.011741
v 0.070231 0.965147 -0.011741
v 0.078463 0.954819 -0.011741
v 0.098747 0.973246 -0.011741
v 0.092096 0.988346 -0.011741
v 0.110270 0.979385 -0.011741
v 0.090488 0.945546 -0.011741
v 0.075300 0.967499 0.003933
v 0.112393 0.976722 -0.004016
v 0.083255 0.956720 0.003207
v 0.086430 0.944968 -0.011616
v 0.104040 0.966995 -0.000254
v 0.079233 0.936246 -0.003205
v 0.106449 0.984190 -0.003971
v 0.083347 0.981681 -0.003556
v 0.085797 0.969506 0.006275
v 0.077228 0.960558 0.001266
v 0.107097 0.950243 -0.007438
v 0.109797 0.956488 -0.008174
v 0.112347 0.980720 -0.009602
v 0.081611 0.930855 -0.004658
v 0.071766 0.965822 -0.002376
v 0.074940 0.959797 -0.005535
v 0.084459 0.989879 -0.009898
v 0.145940 0.956883 0.000333
v 0.157445 0.941655 0.001878
v 0.091839 0.932870 0.003839
v 0.092312 0.940350 0.000682
v 0.142138 0.955224 0.007754
v 0.153434 0.941830 0.008984
v 0.155114 0.919992 -0.001023
v 0.146880 0.912426 -0.007815
v 0.140897 0.916318 0.011188
v 0.129056 0.930976 0.022045
v 0.127827 0.950272 0.019157
v 0.128083 0.958077 0.011873
v 0.095053 0.949902 -0.001144
v 0.095331 0.949251 -0.010036
v 0.118753 0.962472 0.001685
v 0.117384 0.966522 -0.008836
v 0.125403 0.966391 -0.011711
v 0.136218 0.908838 0.005634
v 0.119584 0.904925 0.001732
v 0.101526 0.924127 0.008365
v 0.109604 0.956656 0.008250
v 0.118858 0.928681 0.021392
v 0.119729 0.945389 0.020913
v 0.095345 0.927873 0.006310
v 0.126748 0.964389 -0.002410
v 0.102148 0.955779 -0.012227
v 0.091152 0.930449 -0.006649
v 0.094589 0.921944 -0.006593
v 0.095846 0.919484 0.001641
v 0.102882 0.909864 -0.011712
v 0.114194 0.964301 -0.011867
v 0.114959 0.901923 -0.010511
v 0.093038 0.939110 -0.011885
v 0.121318 0.912986 0.011510
v 0.108724 0.961545 -0.003648
v 0.139458 0.949406 0.014689
v 0.100787 0.950735 0.006208
v 0.101368 0.956804 -0.004252
v 0.092808 0.924592 -0.000561
v 0.123847 0.901718 -0.011717
v 0.140153 0.910101 -0.011928
v 0.141518 0.926614 0.015247
v 0.131960 0.903591 -0.006404
v 0.092495 0.961911 0.007694
v 0.104351 0.966993 0.000234
v 0.108732 0.962392 -0.002866
v 0.104482 0.987368 -0.007254
v 0.102767 0.986174 -0.011937
v 0.116648 0.968375 -0.011320
v 0.113692 0.962983 -0.011727
v 0.076796 0.960248 0.001491
v 0.071257 0.965726 -0.002119
v 0.079438 0.977095 -0.000405
v 0.112813 0.976904 -0.003663
v 0.085635 0.969817 0.006734
v 0.104970 0.954663 0.000801
v 0.083069 0.981938 -0.003120
v 0.106829 0.984600 -0.003824
v 0.090300 0.945007 -0.011829
v 0.110757 0.957644 -0.011745
v 0.112692 0.961437 -0.008650
v 0.110514 0.979689 -0.012168
v 0.080426 0.983516 -0.007825
v 0.084116 0.990299 -0.009698
v 0.078555 0.982797 -0.011623
v 0.076380 0.978563 -0.005977
v 0.071488 0.972964 -0.011473
v 0.069712 0.964988 -0.011543
v 0.074870 0.967668 0.004282
v 0.114607 0.967626 -0.006440
v 0.117235 0.974846 -0.008813
v 0.110306 0.956310 -0.007966
v 0.112744 0.981138 -0.009563
v 0.100138 0.943707 -0.009257
v 0.072182 0.960913 -0.011647
v 0.078037 0.954429 -0.011745
v 0.091543 0.954412 0.004781
v 0.074503 0.959443 -0.005403
v 0.088504 0.942100 -0.007211
v 0.092444 0.931445 -0.008499
v 0.078007 0.934692 -0.007240
v 0.080453 0.941105 -0.006804
v 0.082187 0.936761 -0.003406
v 0.087340 0.929629 -0.005316
v 0.125706 -0.200248 0.001589
v 0.072046 -0.231463 -0.011739
v 0.064592 -0.192707 -0.009713
v 0.094161 -0.176003 -0.011739
v 0.051916 -0.185378 0.003682
v 0.077757 -0.180755 -0.003851
v 0.061209 -0.208956 0.003721
v 0.049205 -0.190256 -0.007772
v 0.110598 -0.186930 0.007393
v 0.115336 -0.228866 -0.007918
v 0.097577 -0.210718 0.021508
v 0.096849 -0.184168 0.011476
v 0.055079 -0.196648 -0.004519
v 0.094847 -0.212654 -0.011739
v 0.064905 -0.221929 0.001264
v 0.064342 -0.192155 -0.001325
v 0.069112 -0.195645 -0.000630
v 0.123482 -0.197808 -0.005189
v 0.088833 -0.196382 0.020405
v 0.075886 -0.189339 -0.003354
v 0.123499 -0.221483 -0.001353
v 0.095523 -0.177970 -0.002613
v 0.063867 -0.219665 -0.006306
v 0.092569 -0.239473 -0.011739
v 0.115568 -0.187986 -0.011739
v 0.101698 -0.178989 -0.011739
v 0.083226 -0.178022 -0.011739
v 0.062400 -0.151246 -0.005513
v 0.108657 -0.231187 -0.011739
v 0.080958 -0.196579 -0.011739
v 0.062397 -0.202758 -0.011739
v 0.071240 -0.186179 -0.011739
v 0.123148 -0.212487 -0.011739
v 0.090279 -0.228398 0.011103
v 0.078604 -0.185622 0.007970
v 0.109302 -0.225163 0.010830
v 0.121751 -0.200080 0.008615
v 0.096545 -0.191928 0.018717
v 0.107985 -0.192749 0.014280
v 0.069960 -0.191425 0.005938
v 0.064447 -0.213764 0.005825
v 0.087943 -0.212966 0.020892
v 0.104743 -0.232454 0.005409
v 0.114315 -0.185267 0.000064
v 0.103216 -0.180356 -0.000853
v 0.070484 -0.185434 -0.004479
v 0.062167 -0.217033 -0.000562
v 0.053734 -0.153187 -0.004851
v 0.068286 -0.198752 -0.004749
v 0.076326 -0.191857 -0.007247
v 0.056584 -0.215863 -0.011739
v 0.045886 -0.210481 -0.011739
v 0.055008 -0.197162 -0.011739
v 0.047767 -0.200970 -0.011739
v 0.060590 -0.200478 -0.011739
v 0.047138 -0.206951 -0.007399
v 0.049509 -0.200913 -0.007008
v 0.057008 -0.199927 -0.007408
v 0.060864 -0.210156 -0.008427
v 0.050939 -0.205106 -0.003811
v 0.056046 -0.211785 -0.005468
v 0.045680 -0.210759 -0.011514
v 0.040752 -0.168994 -0.011741
v 0.071271 -0.156047 -0.011667
v 0.081962 -0.178535 -0.011741
v 0.048506 -0.165026 -0.000782
v 0.085575 -0.167080 -0.009164
v 0.052647 -0.213229 -0.008225
v 0.062398 -0.151538 -0.006012
v 0.056687 -0.216210 -0.011541
v 0.049600 -0.189837 -0.007715
v 0.061158 -0.179745 0.007143
v 0.077112 -0.179345 -0.003280
v 0.083013 -0.174103 -0.006877
v 0.056125 -0.179090 -0.011741
v 0.045596 -0.163568 -0.006144
v 0.072966 -0.154915 -0.007332
v 0.084921 -0.173137 -0.011343
v 0.068767 -0.197529 -0.009205
v 0.066986 -0.164897 -0.000551
v 0.060927 -0.200297 -0.011583
v 0.055296 -0.196128 -0.004648
v 0.080949 -0.180125 -0.008749
v 0.047790 -0.159330 -0.011741
v 0.041425 -0.180546 -0.011741
v 0.073559 -0.192667 -0.011741
v 0.079021 -0.183886 -0.011741
v 0.084541 -0.171044 -0.011741
v 0.039011 -0.176644 -0.011741
v 0.047242 -0.186972 -0.011741
v 0.067526 -0.168545 -0.011741
v 0.060875 -0.153445 -0.011741
v 0.079049 -0.162406 -0.011741
v 0.059267 -0.196245 -0.011741
v 0.044079 -0.174292 0.003933
v 0.081173 -0.165069 -0.004016
v 0.052034 -0.185071 0.003207
v 0.055209 -0.196823 -0.011616
v 0.072820 -0.174796 -0.000254
v 0.048012 -0.205545 -0.003205
v 0.075228 -0.157601 -0.003971
v 0.052126 -0.160110 -0.003556
v 0.054576 -0.172285 0.006275
v 0.046007 -0.181233 0.001266
v 0.075876 -0.191548 -0.007438
v 0.078576 -0.185303 -0.008174
v 0.081126 -0.161071 -0.009602
v 0.050390 -0.210936 -0.004658
v 0.040545 -0.175969 -0.002376
v 0.043719 -0.181994 -0.005535
v 0.053238 -0.151912 -0.009898
v 0.114719 -0.184909 0.000333
v 0.126224 -0.200136 0.001878
v 0.060618 -0.208921 0.003839
v 0.061092 -0.201441 0.000682
v 0.110917 -0.186567 0.007754
v 0.122213 -0.199961 0.008984
v 0.123893 -0.221799 -0.001023
v 0.115659 -0.229365 -0.007815
v 0.109676 -0.225473 0.011188
v 0.097835 -0.210815 0.022045
v 0.096606 -0.191519 0.019157
v 0.096862 -0.183714 0.011873
v 0.063832 -0.191889 -0.001144
v 0.064110 -0.192540 -0.010036
v 0.087532 -0.179319 0.001685
v 0.086163 -0.175269 -0.008836
v 0.094183 -0.175400 -0.011711
v 0.104997 -0.232953 0.005634
v 0.088363 -0.236866 0.001732
v 0.070306 -0.217665 0.008365
v 0.078383 -0.185135 0.008250
v 0.087637 -0.213110 0.021392
v 0.088508 -0.196402 0.020913
v 0.064124 -0.213918 0.006310
v 0.095527 -0.177402 -0.002410
v 0.070927 -0.186012 -0.012227
v 0.059931 -0.211343 -0.006649
v 0.063368 -0.219848 -0.006593
v 0.064625 -0.222308 0.001641
v 0.071662 -0.231927 -0.011712
v 0.082973 -0.177490 -0.011867
v 0.083738 -0.239869 -0.010511
v 0.061817 -0.202681 -0.011885
v 0.090097 -0.228805 0.011510
v 0.077503 -0.180246 -0.003648
v 0.108237 -0.192385 0.014689
v 0.069566 -0.191056 0.006208
v 0.070147 -0.184987 -0.004252
v 0.061587 -0.217199 -0.000561
v 0.092626 -0.240073 -0.011717
v 0.108932 -0.231690 -0.011928
v 0.110298 -0.215178 0.015247
v 0.100739 -0.238200 -0.006404
v 0.061275 -0.179880 0.007694
v 0.073130 -0.174798 0.000234
v 0.077511 -0.179399 -0.002866
v 0.073261 -0.154424 -0.007254
v 0.071547 -0.155617 -0.011937
v 0.085427 -0.173416 -0.011320
v 0.082471 -0.178809 -0.011727
v 0.045575 -0.181543 0.001491
v 0.040036 -0.176065 -0.002119
v 0.048217 -0.164696 -0.000405
v 0.081592 -0.164887 -0.003663
v 0.054414 -0.171974 0.006734
v 0.073749 -0.187128 0.000801
v 0.051848 -0.159853 -0.003120
v 0.075608 -0.157191 -0.003824
v 0.059079 -0.196784 -0.011829
v 0.079537 -0.184147 -0.011745
v 0.081471 -0.180354 -0.008650
v 0.079293 -0.162102 -0.012168
v 0.049206 -0.158275 -0.007825
v 0.052895 -0.151492 -0.009698
v 0.047334 -0.158994 -0.011623
v 0.045159 -0.163228 -0.005977
v 0.040267 -0.168827 -0.011473
v 0.038491 -0.176803 -0.011543
v 0.043650 -0.174123 0.004282
v 0.083386 -0.174165 -0.006440
v 0.086014 -0.166945 -0.008813
v 0.079086 -0.185481 -0.007966
v 0.081523 -0.160653 -0.009563
v 0.068917 -0.198084 -0.009257
v 0.040961 -0.180879 -0.011647
v 0.046816 -0.187362 -0.011745
v 0.060322 -0.187379 0.004781
v 0.043282 -0.182348 -0.005403
v 0.057283 -0.199691 -0.007211
v 0.061223 -0.210346 -0.008499
v 0.046787 -0.207099 -0.007240
v 0.049232 -0.200687 -0.006804
v 0.050966 -0.205030 -0.003406
v 0.056119 -0.212162 -0.005316
v 0.817025 0.031679 0.001589
v 0.763365 0.000464 -0.011739
v 0.755911 0.039219 -0.009713
v 0.785480 0.055924 -0.011739
v 0.743235 0.046548 0.003682
v 0.769076 0.051171 -0.003851
v 0.752528 0.022971 0.003721
v 0.740524 0.041671 -0.007772
v 0.801917 0.044996 0.007393
v 0.806655 0.003060 -0.007918
v 0.788896 0.021209 0.021508
v 0.788168 0.047758 0.011476
v 0.746398 0.035278 -0.004519
v 0.786166 0.019273 -0.011739
v 0.756224 0.009998 0.001264
v 0.755661 0.039771 -0.001325
v 0.760431 0.036281 -0.000630
v 0.814801 0.034118 -0.005189
v 0.780152 0.035544 0.020405
v 0.767205 0.042588 -0.003354
v 0.814818 0.010443 -0.001353
v 0.786842 0.053956 -0.002613
v 0.755185 0.012261 -0.006306
v 0.783888 -0.007547 -0.011739
v 0.806887 0.043940 -0.011739
v 0.793017 0.052937 -0.011739
v 0.774545 0.053904 -0.011739
v 0.753719 0.080681 -0.005513
v 0.799976 0.000739 -0.011739
v 0.772277 0.035348 -0.011739
v 0.753716 0.029169 -0.011739
v 0.762559 0.045748 -0.011739
v 0.814467 0.019440 -0.011739
v 0.781598 0.003528 0.011103
v 0.769922 0.046304 0.007970
v 0.800621 0.006763 0.010830
v 0.813069 0.031846 0.008615
v 0.787864 0.039999 0.018717
v 0.799304 0.039177 0.014280
v 0.761279 0.040501 0.005938
v 0.755766 0.018163 0.005825
v 0.779262 0.018961 0.020892
v 0.796062 -0.000528 0.005409
v 0.805634 0.046660 0.000064
v 0.794535 0.051571 -0.000853
v 0.761803 0.046493 -0.004479
v 0.753486 0.014894 -0.000562
v 0.745052 0.078739 -0.004851
v 0.759604 0.033174 -0.004749
v 0.767645 0.040070 -0.007247
v 0.747903 0.016063 -0.011739
v 0.737205 0.021446 -0.011739
v 0.746326 0.034764 -0.011739
v 0.739085 0.030956 -0.011739
v 0.751909 0.031448 -0.011739
v 0.738456 0.024975 -0.007399
v 0.740828 0.031013 -0.007008
v 0.748327 0.031999 -0.007408
v 0.752183 0.021770 -0.008427
v 0.742257 0.026821 -0.003811
v 0.747365 0.020141 -0.005468
v 0.736999 0.021167 -0.011514
v 0.732071 0.062932 -0.011741
v 0.762590 0.075879 -0.011667
v 0.773281 0.053391 -0.011741
v 0.739825 0.066901 -0.000782
v 0.776894 0.064846 -0.009164
v 0.743966 0.018698 -0.008225
v 0.753717 0.080388 -0.006012
v 0.748005 0.015716 -0.011541
v 0.740919 0.042089 -0.007715
v 0.752477 0.052181 0.007143
v 0.768431 0.052581 -0.003280
v 0.774332 0.057823 -0.006877
v 0.747444 0.052836 -0.011741
v 0.736915 0.068358 -0.006144
v 0.764285 0.077012 -0.007332
v 0.776240 0.058789 -0.011343
v 0.760086 0.034398 -0.009205
v 0.758305 0.067030 -0.000551
v 0.752246 0.031629 -0.011583
v 0.746615 0.035798 -0.004648
v 0.772268 0.051802 -0.008749
v 0.739109 0.072597 -0.011741
v 0.732743 0.051381 -0.011741
v 0.764878 0.039259 -0.011741
v 0.770339 0.048040 -0.011741
v 0.775860 0.060882 -0.011741
v 0.730329 0.055282 -0.011741
v 0.738561 0.044955 -0.011741
v 0.758845 0.063381 -0.011741
v 0.752194 0.078481 -0.011741
v 0.770368 0.069520 -0.011741
v 0.750586 0.035681 -0.011741
v 0.735398 0.057635 0.003933
v 0.772491 0.066858 -0.004016
v 0.743353 0.046855 0.003207
v 0.746528 0.035103 -0.011616
v 0.764138 0.057130 -0.000254
v 0.739331 0.026381 -0.003205
v 0.766547 0.074326 -0.003971
v 0.743445 0.071816 -0.003556
v 0.745895 0.059641 0.006275
v 0.737326 0.050693 0.001266
v 0.767195 0.040378 -0.007438
v 0.769895 0.046623 -0.008174
v 0.772445 0.070856 -0.009602
v 0.741709 0.020990 -0.004658
v 0.731864 0.055958 -0.002376
v 0.735038 0.049933 -0.005535
v 0.744557 0.080014 -0.009898
v 0.806038 0.047018 0.000333
v 0.817543 0.031790 0.001878
v 0.751937 0.023005 0.003839
v 0.752410 0.030485 0.000682
v 0.802236 0.045359 0.007754
v 0.813532 0.031966 0.008983
v 0.815212 0.010127 -0.001023
v 0.806978 0.002561 -0.007815
v 0.800995 0.006453 0.011188
v 0.789154 0.021111 0.022045
v 0.787925 0.040407 0.019157
v 0.788181 0.048212 0.011873
v 0.755151 0.040037 -0.001144
v 0.755429 0.039386 -0.010036
v 0.778851 0.052608 0.001685
v 0.777482 0.056657 -0.008836
v 0.785501 0.056526 -0.011711
v 0.796316 -0.001027 0.005634
v 0.779682 -0.004940 0.001732
v 0.761624 0.014262 0.008365
v 0.769701 0.046791 0.008250
v 0.778956 0.018817 0.021392
v 0.779827 0.035524 0.020913
v 0.755443 0.018008 0.006310
v 0.786846 0.054524 -0.002410
v 0.762246 0.045914 -0.012227
v 0.751250 0.020584 -0.006649
v 0.754687 0.012079 -0.006593
v 0.755944 0.009619 0.001641
v 0.762980 -0.000001 -0.011712
v 0.774292 0.054437 -0.011867
v 0.775057 -0.007942 -0.010511
v 0.753136 0.029246 -0.011885
v 0.781416 0.003121 0.011510
v 0.768822 0.051680 -0.003648
v 0.799556 0.039542 0.014689
v 0.760885 0.040870 0.006208
v 0.761466 0.046939 -0.004252
v 0.752906 0.014727 -0.000561
v 0.783945 -0.008147 -0.011717
v 0.800251 0.000237 -0.011928
v 0.801616 0.016749 0.015247
v 0.792058 -0.006274 -0.006404
v 0.752593 0.052047 0.007694
v 0.764449 0.057129 0.000234
v 0.768830 0.052528 -0.002866
v 0.764580 0.077503 -0.007254
v 0.762865 0.076310 -0.011937
v 0.776746 0.058510 -0.011320
v 0.773790 0.053118 -0.011727
v 0.736894 0.050383 0.001491
v 0.731355 0.055861 -0.002119
v 0.739536 0.067230 -0.000405
v 0.772911 0.067039 -0.003663
v 0.745733 0.059953 0.006734
v 0.765068 0.044799 0.000801
v 0.743167 0.072073 -0.003120
v 0.766927 0.074735 -0.003824
v 0.750398 0.035142 -0.011829
v 0.770855 0.047779 -0.011745
v 0.772790 0.051573 -0.008650
v 0.770612 0.069824 -0.012168
v 0.740524 0.073652 -0.007825
v 0.744214 0.080434 -0.009698
v 0.738653 0.072932 -0.011623
v 0.736478 0.068698 -0.005977
v 0.731586 0.063099 -0.011473
v 0.729810 0.055124 -0.011543
v 0.734968 0.057803 0.004282
v 0.774705 0.057761 -0.006440
v 0.777333 0.064981 -0.008813
v 0.770404 0.046446 -0.007966
v 0.772842 0.071274 -0.009563
v 0.760236 0.033842 -0.009257
v 0.732280 0.051048 -0.011647
v 0.738135 0.044564 -0.011745
v 0.751641 0.044547 0.004781
v 0.734601 0.049578 -0.005403
v 0.748602 0.032235 -0.007211
v 0.752542 0.021580 -0.008499
v 0.738105 0.024827 -0.007240
v 0.740551 0.031240 -0.006804
v 0.742285 0.026897 -0.003406
v 0.747438 0.019765 -0.005316
v 1.089092 -0.976309 0.001589
v 1.035432 -1.007524 -0.011739
v 1.027978 -0.968768 -0.009713
v 1.057547 -0.952064 -0.011739
v 1.015303 -0.961440 0.003682
v 1.041143 -0.956816 -0.003851
v 1.024595 -0.985017 0.003721
v 1.012591 -0.966317 -0.007772
v 1.073984 -0.962991 0.007393
v 1.078722 -1.004927 -0.007918
v 1.060963 -0.986779 0.021508
v 1.060235 -0.960229 0.011476
v 1.018465 -0.972710 -0.004520
v 1.058234 -0.988715 -0.011739
v 1.028291 -0.997990 0.001264
v 1.027728 -0.968216 -0.001325
v 1.032498 -0.971707 -0.000630
v 1.086868 -0.973870 -0.005189
v 1.052219 -0.972443 0.020405
v 1.039272 -0.965400 -0.003354
v 1.086885 -0.997544 -0.001353
v 1.058909 -0.954031 -0.002614
v 1.027253 -0.995727 -0.006306
v 1.055956 -1.015534 -0.011739
v 1.078954 -0.964048 -0.011739
v 1.065084 -0.955050 -0.011739
v 1.046613 -0.954083 -0.011739
v 1.025787 -0.927307 -0.005513
v 1.072043 -1.007248 -0.011739
v 1.044344 -0.972640 -0.011739
v 1.025784 -0.978819 -0.011739
v 1.034626 -0.962240 -0.011739
v 1.086534 -0.988548 -0.011739
v 1.053666 -1.004460 0.011103
v 1.041990 -0.961683 0.007970
v 1.072688 -1.001224 0.010830
v 1.085137 -0.976141 0.008615
v 1.059931 -0.967989 0.018717
v 1.071371 -0.968811 0.014280
v 1.033346 -0.967486 0.005938
v 1.027833 -0.989825 0.005824
v 1.051329 -0.989027 0.020892
v 1.068129 -1.008515 0.005409
v 1.077701 -0.961328 0.000064
v 1.066602 -0.956417 -0.000853
v 1.033870 -0.961495 -0.004479
v 1.025553 -0.993094 -0.000562
v 1.017120 -0.929248 -0.004851
v 1.031672 -0.974814 -0.004749
v 1.039712 -0.967918 -0.007247
v 1.019970 -0.991924 -0.011739
v 1.009272 -0.986542 -0.011739
v 1.018394 -0.973223 -0.011739
v 1.011153 -0.977031 -0.011739
v 1.023977 -0.976539 -0.011739
v 1.010524 -0.983012 -0.007399
v 1.012896 -0.976974 -0.007009
v 1.020394 -0.975988 -0.007409
v 1.024250 -0.986217 -0.008427
v 1.014325 -0.981167 -0.003811
v 1.019432 -0.987846 -0.005469
v 1.009066 -0.986820 -0.011515
v 1.004138 -0.945055 -0.011741
v 1.034657 -0.932108 -0.011667
v 1.045348 -0.954597 -0.011741
v 1.011892 -0.941087 -0.000782
v 1.048962 -0.943142 -0.009164
v 1.016034 -0.989290 -0.008225
v 1.025784 -0.927599 -0.006012
v 1.020073 -0.992271 -0.011541
v 1.012986 -0.965899 -0.007715
v 1.024545 -0.955806 0.007143
v 1.040498 -0.955407 -0.003280
v 1.046399 -0.950164 -0.006878
v 1.019512 -0.955151 -0.011741
v 1.008982 -0.939629 -0.006144
v 1.036352 -0.930976 -0.007332
v 1.048308 -0.949198 -0.011343
v 1.032153 -0.973590 -0.009205
v 1.030372 -0.940958 -0.000551
v 1.024313 -0.976358 -0.011583
v 1.018682 -0.972189 -0.004649
v 1.044335 -0.956186 -0.008749
v 1.011177 -0.935391 -0.011741
v 1.004811 -0.956607 -0.011741
v 1.036945 -0.968728 -0.011741
v 1.042407 -0.959948 -0.011741
v 1.047927 -0.947105 -0.011741
v 1.002397 -0.952705 -0.011741
v 1.010628 -0.963033 -0.011741
v 1.030913 -0.944607 -0.011741
v 1.024261 -0.929506 -0.011741
v 1.042435 -0.938467 -0.011741
v 1.022653 -0.972306 -0.011741
v 1.007465 -0.950353 0.003933
v 1.044559 -0.941130 -0.004016
v 1.015421 -0.961132 0.003207
v 1.018595 -0.972884 -0.011616
v 1.036206 -0.950857 -0.000254
v 1.011398 -0.981606 -0.003205
v 1.038614 -0.933662 -0.003971
v 1.015512 -0.936171 -0.003556
v 1.017963 -0.948346 0.006275
v 1.009394 -0.957294 0.001266
v 1.039262 -0.967610 -0.007438
v 1.041962 -0.961365 -0.008174
v 1.044512 -0.937132 -0.009602
v 1.013776 -0.986997 -0.004658
v 1.003931 -0.952030 -0.002376
v 1.007106 -0.958055 -0.005535
v 1.016624 -0.927974 -0.009898
v 1.078106 -0.960970 0.000333
v 1.089610 -0.976197 0.001878
v 1.024005 -0.984982 0.003839
v 1.024478 -0.977502 0.000682
v 1.074304 -0.962628 0.007754
v 1.085599 -0.976022 0.008983
v 1.087279 -0.997860 -0.001023
v 1.079045 -1.005426 -0.007815
v 1.073062 -1.001534 0.011188
v 1.061221 -0.986876 0.022045
v 1.059993 -0.967581 0.019157
v 1.060248 -0.959775 0.011873
v 1.027218 -0.967950 -0.001144
v 1.027496 -0.968601 -0.010036
v 1.050918 -0.955380 0.001685
v 1.049549 -0.951330 -0.008836
v 1.057569 -0.951461 -0.011711
v 1.068383 -1.009014 0.005634
v 1.051749 -1.012928 0.001732
v 1.033692 -0.993726 0.008365
v 1.041769 -0.961197 0.008250
v 1.051023 -0.989171 0.021391
v 1.051894 -0.972464 0.020913
v 1.027510 -0.989979 0.006310
v 1.058914 -0.953463 -0.002410
v 1.034314 -0.962073 -0.012228
v 1.023317 -0.987404 -0.006649
v 1.026755 -0.995909 -0.006593
v 1.028012 -0.998369 0.001641
v 1.035048 -1.007988 -0.011713
v 1.046359 -0.953551 -0.011867
v 1.047124 -1.015930 -0.010511
v 1.025203 -0.978742 -0.011885
v 1.053484 -1.004866 0.011510
v 1.040890 -0.956308 -0.003648
v 1.071623 -0.968446 0.014689
v 1.032952 -0.967118 0.006208
v 1.033534 -0.961048 -0.004253
v 1.024973 -0.993260 -0.000561
v 1.056012 -1.016134 -0.011718
v 1.072318 -1.007751 -0.011928
v 1.073684 -0.991239 0.015247
v 1.064125 -1.014261 -0.006404
v 1.024661 -0.955941 0.007694
v 1.036516 -0.950859 0.000234
v 1.040897 -0.955460 -0.002866
v 1.036647 -0.930485 -0.007254
v 1.034933 -0.931678 -0.011937
v 1.048813 -0.949477 -0.011320
v 1.045858 -0.954870 -0.011727
v 1.008961 -0.957604 0.001491
v 1.003422 -0.952126 -0.002120
v 1.011604 -0.940757 -0.000405
v 1.044978 -0.940948 -0.003663
v 1.017801 -0.948035 0.006734
v 1.037135 -0.963189 0.000801
v 1.015234 -0.935914 -0.003120
v 1.038995 -0.933252 -0.003824
v 1.022465 -0.972846 -0.011829
v 1.042923 -0.960208 -0.011746
v 1.044857 -0.956415 -0.008650
v 1.042679 -0.938163 -0.012168
v 1.012592 -0.934336 -0.007825
v 1.016281 -0.927553 -0.009698
v 1.010721 -0.935055 -0.011623
v 1.008546 -0.939289 -0.005977
v 1.003653 -0.944888 -0.011474
v 1.001877 -0.952864 -0.011543
v 1.007036 -0.950184 0.004282
v 1.046772 -0.950227 -0.006440
v 1.049400 -0.943006 -0.008813
v 1.042472 -0.961542 -0.007966
v 1.044909 -0.936714 -0.009563
v 1.032303 -0.974146 -0.009257
v 1.004348 -0.956940 -0.011647
v 1.010202 -0.963423 -0.011745
v 1.023708 -0.963440 0.004781
v 1.006668 -0.958409 -0.005403
v 1.020669 -0.975753 -0.007211
v 1.024609 -0.986408 -0.008499
v 1.010173 -0.983160 -0.007241
v 1.012618 -0.976748 -0.006804
v 1.014352 -0.981091 -0.003406
v 1.019505 -0.988223 -0.005316
v 1.062332 -0.574898 0.001589
v 1.008671 -0.606113 -0.011739
v 1.001218 -0.567358 -0.009713
v 1.030787 -0.550653 -0.011739
v 0.988542 -0.560029 0.003682
v 1.014382 -0.555405 -0.003851
v 0.997835 -0.583606 0.003721
v 0.985830 -0.564906 -0.007772
v 1.047224 -0.561580 0.007393
v 1.051962 -0.603516 -0.007918
v 1.034202 -0.585368 0.021508
v 1.033475 -0.558818 0.011476
v 0.991705 -0.571299 -0.004520
v 1.031473 -0.587304 -0.011739
v 1.001531 -0.596579 0.001264
v 1.000968 -0.566805 -0.001325
v 1.005738 -0.570296 -0.000630
v 1.060107 -0.572459 -0.005189
v 1.025458 -0.571032 0.020405
v 1.012512 -0.563989 -0.003354
v 1.060125 -0.596133 -0.001353
v 1.032149 -0.552620 -0.002614
v 1.000492 -0.594316 -0.006306
v 1.029195 -0.614123 -0.011739
v 1.052194 -0.562637 -0.011739
v 1.038324 -0.553639 -0.011739
v 1.019852 -0.552672 -0.011739
v 0.999026 -0.525896 -0.005513
v 1.045282 -0.605837 -0.011739
v 1.017583 -0.571229 -0.011739
v 0.999023 -0.577408 -0.011739
v 1.007866 -0.560829 -0.011739
v 1.059774 -0.587137 -0.011739
v 1.026905 -0.603049 0.011103
v 1.015229 -0.560272 0.007970
v 1.045928 -0.599813 0.010830
v 1.058376 -0.574730 0.008615
v 1.033171 -0.566578 0.018717
v 1.044611 -0.567400 0.014280
v 1.006585 -0.566075 0.005938
v 1.001073 -0.588414 0.005824
v 1.024568 -0.587616 0.020892
v 1.041369 -0.607104 0.005409
v 1.050941 -0.559917 0.000064
v 1.039842 -0.555006 -0.000853
v 1.007110 -0.560084 -0.004479
v 0.998793 -0.591683 -0.000562
v 0.990359 -0.527838 -0.004851
v 1.004911 -0.573403 -0.004749
v 1.012951 -0.566507 -0.007247
v 0.993210 -0.590513 -0.011739
v 0.982512 -0.585131 -0.011739
v 0.991633 -0.571812 -0.011739
v 0.984392 -0.575620 -0.011739
v 0.997216 -0.575128 -0.011739
v 0.983763 -0.581601 -0.007399
v 0.986135 -0.575563 -0.007009
v 0.993634 -0.574577 -0.007409
v 0.997489 -0.584806 -0.008427
v 0.987564 -0.579756 -0.003811
v 0.992672 -0.586435 -0.005469
v 0.982305 -0.585409 -0.011515
v 0.977377 -0.543644 -0.011741
v 1.007896 -0.530697 -0.011667
v 1.018587 -0.553186 -0.011741
v 0.985131 -0.539676 -0.000782
v 1.022201 -0.541731 -0.009164
v 0.989273 -0.587879 -0.008225
v 0.999023 -0.526188 -0.006012
v 0.993312 -0.590860 -0.011541
v 0.986225 -0.564488 -0.007715
v 0.997784 -0.554395 0.007143
v 1.013737 -0.553996 -0.003280
v 1.019639 -0.548753 -0.006878
v 0.992751 -0.553740 -0.011741
v 0.982222 -0.538218 -0.006144
v 1.009591 -0.529565 -0.007332
v 1.021547 -0.547787 -0.011343
v 1.005393 -0.572179 -0.009205
v 1.003612 -0.539547 -0.000551
v 0.997552 -0.574947 -0.011583
v 0.991922 -0.570779 -0.004649
v 1.017575 -0.554775 -0.008749
v 0.984416 -0.533980 -0.011741
v 0.978050 -0.555196 -0.011741
v 1.010184 -0.567317 -0.011741
v 1.015646 -0.558537 -0.011741
v 1.021166 -0.545694 -0.011741
v 0.975636 -0.551294 -0.011741
v 0.983867 -0.561622 -0.011741
v 1.004152 -0.543196 -0.011741
v 0.997501 -0.528095 -0.011741
v 1.015674 -0.537056 -0.011741
v 0.995893 -0.570895 -0.011741
v 0.980704 -0.548942 0.003933
v 1.017798 -0.539719 -0.004016
v 0.988660 -0.559722 0.003207
v 0.991834 -0.571474 -0.011616
v 1.009445 -0.549446 -0.000254
v 0.984637 -0.580195 -0.003205
v 1.011853 -0.532251 -0.003971
v 0.988752 -0.534760 -0.003556
v 0.991202 -0.546935 0.006275
v 0.982633 -0.555883 0.001266
v 1.012501 -0.566199 -0.007438
v 1.015202 -0.559954 -0.008174
v 1.017751 -0.535721 -0.009602
v 0.987015 -0.585586 -0.004658
v 0.977171 -0.550619 -0.002376
v 0.980345 -0.556644 -0.005535
v 0.989864 -0.526563 -0.009898
v 1.051345 -0.559559 0.000333
v 1.062850 -0.574786 0.001878
v 0.997244 -0.583572 0.003839
v 0.997717 -0.576091 0.000682
v 1.047543 -0.561218 0.007754
v 1.058838 -0.574611 0.008983
v 1.060519 -0.596449 -0.001023
v 1.052285 -0.604015 -0.007815
v 1.046301 -0.600123 0.011188
v 1.034460 -0.585465 0.022045
v 1.033232 -0.566170 0.019157
v 1.033488 -0.558364 0.011873
v 1.000457 -0.566539 -0.001144
v 1.000736 -0.567191 -0.010036
v 1.024157 -0.553969 0.001685
v 1.022788 -0.549919 -0.008836
v 1.030808 -0.550051 -0.011711
v 1.041622 -0.607603 0.005634
v 1.024989 -0.611517 0.001732
v 1.006931 -0.592315 0.008365
v 1.015008 -0.559786 0.008250
v 1.024263 -0.587760 0.021391
v 1.025133 -0.571053 0.020913
v 1.000749 -0.588568 0.006310
v 1.032153 -0.552052 -0.002410
v 1.007553 -0.560662 -0.012228
v 0.996556 -0.585993 -0.006649
v 0.999994 -0.594498 -0.006593
v 1.001251 -0.596958 0.001641
v 1.008287 -0.606577 -0.011713
v 1.019598 -0.552140 -0.011867
v 1.020363 -0.614519 -0.010511
v 0.998442 -0.577331 -0.011885
v 1.026723 -0.603455 0.011510
v 1.014129 -0.554897 -0.003648
v 1.044863 -0.567035 0.014689
v 1.006191 -0.565707 0.006208
v 1.006773 -0.559637 -0.004253
v 0.998213 -0.591849 -0.000561
v 1.029252 -0.614723 -0.011718
v 1.045558 -0.606340 -0.011928
v 1.046923 -0.589828 0.015247
v 1.037365 -0.612850 -0.006404
v 0.997900 -0.554530 0.007694
v 1.009755 -0.549448 0.000234
v 1.014137 -0.554049 -0.002866
v 1.009886 -0.529074 -0.007254
v 1.008172 -0.530267 -0.011937
v 1.022053 -0.548066 -0.011320
v 1.019097 -0.553459 -0.011727
v 0.982200 -0.556193 0.001491
v 0.976661 -0.550715 -0.002120
v 0.984843 -0.539346 -0.000405
v 1.018218 -0.539537 -0.003663
v 0.991040 -0.546624 0.006734
v 1.010375 -0.561778 0.000801
v 0.988474 -0.534503 -0.003120
v 1.012234 -0.531841 -0.003824
v 0.995704 -0.571435 -0.011829
v 1.016162 -0.558797 -0.011746
v 1.018096 -0.555004 -0.008650
v 1.015918 -0.536752 -0.012168
v 0.985831 -0.532925 -0.007825
v 0.989520 -0.526142 -0.009698
v 0.983960 -0.533644 -0.011623
v 0.981785 -0.537878 -0.005977
v 0.976893 -0.543477 -0.011474
v 0.975117 -0.551453 -0.011543
v 0.980275 -0.548773 0.004282
v 1.020012 -0.548816 -0.006440
v 1.022640 -0.541595 -0.008813
v 1.015711 -0.560131 -0.007966
v 1.018149 -0.535303 -0.009563
v 1.005542 -0.572735 -0.009257
v 0.977587 -0.555529 -0.011647
v 0.983441 -0.562012 -0.011745
v 0.996948 -0.562029 0.004781
v 0.979907 -0.556998 -0.005403
v 0.993909 -0.574342 -0.007211
v 0.997849 -0.584997 -0.008499
v 0.983412 -0.581749 -0.007241
v 0.985857 -0.575337 -0.006804
v 0.987592 -0.579680 -0.003406
v 0.992745 -0.586812 -0.005316
v 0.139087 -1.047671 0.001589
v 0.085426 -1.078886 -0.011739
v 0.077973 -1.040130 -0.009713
v 0.107542 -1.023426 -0.011739
v 0.065297 -1.032802 0.003682
v 0.091137 -1.028178 -0.003851
v 0.074589 -1.056379 0.003721
v 0.062585 -1.037679 -0.007772
v 0.123979 -1.034353 0.007393
v 0.128717 -1.076289 -0.007918
v 0.110957 -1.058141 0.021508
v 0.110229 -1.031591 0.011476
v 0.068460 -1.044071 -0.004520
v 0.108228 -1.060077 -0.011739
v 0.078286 -1.069352 0.001264
v 0.077723 -1.039578 -0.001325
v 0.082492 -1.043068 -0.000630
v 0.136862 -1.045232 -0.005189
v 0.102213 -1.043805 0.020405
v 0.089267 -1.036762 -0.003354
v 0.136880 -1.068906 -0.001353
v 0.108904 -1.025393 -0.002614
v 0.077247 -1.067088 -0.006306
v 0.105950 -1.086896 -0.011739
v 0.128948 -1.035410 -0.011739
v 0.115079 -1.026412 -0.011739
v 0.096607 -1.025445 -0.011739
v 0.075781 -0.998669 -0.005513
v 0.122037 -1.078610 -0.011739
v 0.094338 -1.044002 -0.011739
v 0.075778 -1.050181 -0.011739
v 0.084620 -1.033602 -0.011739
v 0.136528 -1.059910 -0.011739
v 0.103660 -1.075822 0.011103
v 0.091984 -1.033045 0.007970
v 0.122682 -1.072586 0.010830
v 0.135131 -1.047503 0.008615
v 0.109926 -1.039351 0.018717
v 0.121365 -1.040173 0.014280
v 0.083340 -1.038848 0.005938
v 0.077828 -1.061187 0.005824
v 0.101323 -1.060389 0.020892
v 0.118124 -1.079877 0.005409
v 0.127696 -1.032690 0.000064
v 0.116596 -1.027779 -0.000853
v 0.083865 -1.032857 -0.004479
v 0.075547 -1.064456 -0.000562
v 0.067114 -1.000610 -0.004851
v 0.081666 -1.046175 -0.004749
v 0.089706 -1.039280 -0.007247
v 0.069965 -1.063286 -0.011739
v 0.059266 -1.057904 -0.011739
v 0.068388 -1.044585 -0.011739
v 0.061147 -1.048393 -0.011739
v 0.073971 -1.047901 -0.011739
v 0.060518 -1.054374 -0.007399
v 0.062890 -1.048336 -0.007009
v 0.070388 -1.047350 -0.007409
v 0.074244 -1.057579 -0.008427
v 0.064319 -1.052529 -0.003811
v 0.069427 -1.059208 -0.005469
v 0.059060 -1.058182 -0.011515
v 0.054132 -1.016417 -0.011741
v 0.084651 -1.003470 -0.011667
v 0.095342 -1.025959 -0.011741
v 0.061886 -1.012449 -0.000782
v 0.098956 -1.014504 -0.009164
v 0.066028 -1.060652 -0.008225
v 0.075778 -0.998961 -0.006012
v 0.070067 -1.063633 -0.011541
v 0.062980 -1.037261 -0.007715
v 0.074539 -1.027168 0.007143
v 0.090492 -1.026768 -0.003280
v 0.096393 -1.021526 -0.006878
v 0.069506 -1.026513 -0.011741
v 0.058977 -1.010991 -0.006144
v 0.086346 -1.002338 -0.007332
v 0.098302 -1.020560 -0.011343
v 0.082147 -1.044952 -0.009205
v 0.080366 -1.012320 -0.000551
v 0.074307 -1.047720 -0.011583
v 0.068677 -1.043551 -0.004649
v 0.094330 -1.027548 -0.008749
v 0.061171 -1.006753 -0.011741
v 0.054805 -1.027969 -0.011741
v 0.086939 -1.040090 -0.011741
v 0.092401 -1.031309 -0.011741
v 0.097921 -1.018467 -0.011741
v 0.052391 -1.024067 -0.011741
v 0.060622 -1.034395 -0.011741
v 0.080907 -1.015969 -0.011741
v 0.074256 -1.000868 -0.011741
v 0.092429 -1.009829 -0.011741
v 0.072648 -1.043668 -0.011741
v 0.057459 -1.021715 0.003933
v 0.094553 -1.012492 -0.004016
v 0.065415 -1.032494 0.003207
v 0.068589 -1.044246 -0.011616
v 0.086200 -1.022219 -0.000254
v 0.061392 -1.052968 -0.003205
v 0.088608 -1.005024 -0.003971
v 0.065507 -1.007533 -0.003556
v 0.067957 -1.019708 0.006275
v 0.059388 -1.028656 0.001266
v 0.089256 -1.038972 -0.007438
v 0.091957 -1.032727 -0.008174
v 0.094506 -1.008494 -0.009602
v 0.063770 -1.058359 -0.004658
v 0.053925 -1.023392 -0.002376
v 0.057100 -1.029417 -0.005535
v 0.066619 -0.999335 -0.009898
v 0.128100 -1.032332 0.000333
v 0.139604 -1.047559 0.001878
v 0.073999 -1.056345 0.003839
v 0.074472 -1.048864 0.000682
v 0.124298 -1.033990 0.007754
v 0.135593 -1.047384 0.008983
v 0.137274 -1.069222 -0.001023
v 0.129039 -1.076788 -0.007815
v 0.123056 -1.072896 0.011188
v 0.111215 -1.058238 0.022045
v 0.109987 -1.038943 0.019157
v 0.110243 -1.031137 0.011873
v 0.077212 -1.039312 -0.001144
v 0.077491 -1.039963 -0.010036
v 0.100912 -1.026742 0.001685
v 0.099543 -1.022692 -0.008836
v 0.107563 -1.022823 -0.011711
v 0.118377 -1.080376 0.005634
v 0.101744 -1.084290 0.001732
v 0.083686 -1.065088 0.008365
v 0.091763 -1.032558 0.008250
v 0.101017 -1.060533 0.021391
v 0.101888 -1.043826 0.020913
v 0.077504 -1.061341 0.006310
v 0.108908 -1.024825 -0.002410
v 0.084308 -1.033435 -0.012228
v 0.073311 -1.058766 -0.006649
v 0.076749 -1.067271 -0.006593
v 0.078006 -1.069731 0.001641
v 0.085042 -1.079350 -0.011713
v 0.096353 -1.024913 -0.011867
v 0.097118 -1.087292 -0.010511
v 0.075197 -1.050104 -0.011885
v 0.103478 -1.076228 0.011510
v 0.090884 -1.027670 -0.003648
v 0.121617 -1.039808 0.014689
v 0.082946 -1.038480 0.006208
v 0.083528 -1.032410 -0.004253
v 0.074967 -1.064622 -0.000561
v 0.106007 -1.087496 -0.011718
v 0.122313 -1.079113 -0.011928
v 0.123678 -1.062601 0.015247
v 0.114120 -1.085623 -0.006404
v 0.074655 -1.027303 0.007694
v 0.086510 -1.022221 0.000234
v 0.090892 -1.026822 -0.002866
v 0.086641 -1.001847 -0.007254
v 0.084927 -1.003040 -0.011937
v 0.098808 -1.020839 -0.011320
v 0.095852 -1.026232 -0.011727
v 0.058955 -1.028966 0.001491
v 0.053416 -1.023488 -0.002120
v 0.061598 -1.012119 -0.000405
v 0.094973 -1.012310 -0.003663
v 0.067795 -1.019397 0.006734
v 0.087130 -1.034551 0.000801
v 0.065229 -1.007276 -0.003120
v 0.088989 -1.004614 -0.003824
v 0.072459 -1.044208 -0.011829
v 0.092917 -1.031570 -0.011746
v 0.094851 -1.027777 -0.008650
v 0.092673 -1.009525 -0.012168
v 0.062586 -1.005698 -0.007825
v 0.066275 -0.998915 -0.009698
v 0.060715 -1.006417 -0.011623
v 0.058540 -1.010651 -0.005977
v 0.053648 -1.016250 -0.011474
v 0.051872 -1.024226 -0.011543
v 0.057030 -1.021546 0.004282
v 0.096766 -1.021589 -0.006440
v 0.099395 -1.014368 -0.008813
v 0.092466 -1.032904 -0.007966
v 0.094904 -1.008076 -0.009563
v 0.082297 -1.045508 -0.009257
v 0.054342 -1.028302 -0.011647
v 0.060196 -1.034785 -0.011745
v 0.073703 -1.034802 0.004781
v 0.056662 -1.029771 -0.005403
v 0.070664 -1.047115 -0.007211
v 0.074603 -1.057770 -0.008499
v 0.060167 -1.054522 -0.007241
v 0.062612 -1.048110 -0.006804
v 0.064347 -1.052453 -0.003406
v 0.069500 -1.059585 -0.005316
v -1.136508 -0.677481 0.001589
v -1.190168 -0.708696 -0.011739
v -1.197622 -0.669940 -0.009713
v -1.168053 -0.653236 -0.011739
v -1.210298 -0.662611 0.003682
v -1.184457 -0.657988 -0.003851
v -1.201005 -0.686189 0.003721
v -1.213009 -0.667489 -0.007772
v -1.151616 -0.664163 0.007393
v -1.146878 -0.706099 -0.007918
v -1.164637 -0.687951 0.021508
v -1.165365 -0.661401 0.011476
v -1.207135 -0.673881 -0.004520
v -1.167367 -0.689887 -0.011739
v -1.197309 -0.699162 0.001264
v -1.197872 -0.669388 -0.001325
v -1.193102 -0.672878 -0.000630
v -1.138732 -0.675041 -0.005189
v -1.173381 -0.673615 0.020405
v -1.186328 -0.666572 -0.003354
v -1.138715 -0.698716 -0.001353
v -1.166691 -0.655203 -0.002614
v -1.198348 -0.696898 -0.006306
v -1.169645 -0.716706 -0.011739
v -1.146646 -0.665219 -0.011739
v -1.160516 -0.656222 -0.011739
v -1.178988 -0.655255 -0.011739
v -1.199814 -0.628479 -0.005513
v -1.153557 -0.708420 -0.011739
v -1.181256 -0.673812 -0.011739
v -1.199817 -0.679991 -0.011739
v -1.190974 -0.663412 -0.011739
v -1.139066 -0.689720 -0.011739
v -1.171935 -0.705632 0.011103
v -1.183611 -0.662855 0.007970
v -1.152912 -0.702396 0.010830
v -1.140464 -0.677313 0.008615
v -1.165669 -0.669161 0.018717
v -1.154229 -0.669982 0.014280
v -1.192255 -0.668658 0.005938
v -1.197767 -0.690997 0.005824
v -1.174271 -0.690199 0.020892
v -1.157471 -0.709687 0.005409
v -1.147899 -0.662500 0.000064
v -1.158998 -0.657589 -0.000853
v -1.191730 -0.662667 -0.004479
v -1.200047 -0.694266 -0.000562
v -1.208481 -0.630420 -0.004851
v -1.193929 -0.675985 -0.004749
v -1.185888 -0.669090 -0.007247
v -1.205630 -0.693096 -0.011739
v -1.216328 -0.687714 -0.011739
v -1.207207 -0.674395 -0.011739
v -1.214448 -0.678203 -0.011739
v -1.201624 -0.677711 -0.011739
v -1.215077 -0.684184 -0.007399
v -1.212705 -0.678146 -0.007009
v -1.205206 -0.677160 -0.007409
v -1.201350 -0.687389 -0.008427
v -1.211276 -0.682339 -0.003811
v -1.206168 -0.689018 -0.005469
v -1.216534 -0.687992 -0.011515
v -1.221462 -0.646227 -0.011741
v -1.190943 -0.633280 -0.011667
v -1.180252 -0.655768 -0.011741
v -1.213709 -0.642259 -0.000782
v -1.176639 -0.644314 -0.009164
v -1.209567 -0.690462 -0.008225
v -1.199816 -0.628771 -0.006012
v -1.205528 -0.693443 -0.011541
v -1.212614 -0.667070 -0.007715
v -1.201056 -0.656978 0.007143
v -1.185102 -0.656578 -0.003280
v -1.179201 -0.651336 -0.006878
v -1.206089 -0.656323 -0.011741
v -1.216618 -0.640801 -0.006144
v -1.189248 -0.632148 -0.007332
v -1.177293 -0.650370 -0.011343
v -1.193447 -0.674762 -0.009205
v -1.195228 -0.642130 -0.000551
v -1.201288 -0.677530 -0.011583
v -1.206918 -0.673361 -0.004649
v -1.181265 -0.657358 -0.008749
v -1.214424 -0.636563 -0.011741
v -1.220790 -0.657779 -0.011741
v -1.188655 -0.669900 -0.011741
v -1.183194 -0.661119 -0.011741
v -1.177673 -0.648277 -0.011741
v -1.223204 -0.653877 -0.011741
v -1.214972 -0.664205 -0.011741
v -1.194688 -0.645778 -0.011741
v -1.201339 -0.630678 -0.011741
v -1.183166 -0.639639 -0.011741
v -1.202947 -0.673478 -0.011741
v -1.218135 -0.651525 0.003933
v -1.181042 -0.642302 -0.004016
v -1.210180 -0.662304 0.003207
v -1.207006 -0.674056 -0.011616
v -1.189395 -0.652029 -0.000254
v -1.214202 -0.682778 -0.003205
v -1.186986 -0.634834 -0.003971
v -1.210088 -0.637343 -0.003556
v -1.207638 -0.649518 0.006275
v -1.216207 -0.658466 0.001266
v -1.186338 -0.668782 -0.007438
v -1.183638 -0.662536 -0.008174
v -1.181088 -0.638304 -0.009602
v -1.211825 -0.688169 -0.004658
v -1.221669 -0.653202 -0.002376
v -1.218495 -0.659227 -0.005535
v -1.208976 -0.629145 -0.009898
v -1.147495 -0.662142 0.000333
v -1.135990 -0.677369 0.001878
v -1.201596 -0.686154 0.003839
v -1.201123 -0.678674 0.000682
v -1.151297 -0.663800 0.007754
v -1.140001 -0.677194 0.008983
v -1.138321 -0.699032 -0.001023
v -1.146555 -0.706598 -0.007815
v -1.152539 -0.702706 0.011188
v -1.164379 -0.688048 0.022045
v -1.165608 -0.668752 0.019157
v -1.165352 -0.660947 0.011873
v -1.198382 -0.669122 -0.001144
v -1.198104 -0.669773 -0.010036
v -1.174682 -0.656552 0.001685
v -1.176051 -0.652502 -0.008836
v -1.168032 -0.652633 -0.011711
v -1.157218 -0.710186 0.005634
v -1.173851 -0.714099 0.001732
v -1.191909 -0.694898 0.008365
v -1.183832 -0.662368 0.008250
v -1.174577 -0.690343 0.021391
v -1.173706 -0.673636 0.020913
v -1.198090 -0.691151 0.006310
v -1.166687 -0.654635 -0.002410
v -1.191287 -0.663245 -0.012228
v -1.202284 -0.688576 -0.006649
v -1.198846 -0.697081 -0.006593
v -1.197589 -0.699541 0.001641
v -1.190553 -0.709160 -0.011713
v -1.179241 -0.654723 -0.011867
v -1.178476 -0.717102 -0.010511
v -1.200397 -0.679914 -0.011885
v -1.172117 -0.706038 0.011510
v -1.184711 -0.657479 -0.003648
v -1.153977 -0.669618 0.014689
v -1.192649 -0.668289 0.006208
v -1.192067 -0.662220 -0.004253
v -1.200627 -0.694432 -0.000561
v -1.169588 -0.717306 -0.011718
v -1.153282 -0.708923 -0.011928
v -1.151917 -0.692411 0.015247
v -1.161475 -0.715433 -0.006404
v -1.200940 -0.657113 0.007694
v -1.189084 -0.652031 0.000234
v -1.184703 -0.656632 -0.002866
v -1.188954 -0.631657 -0.007254
v -1.190668 -0.632850 -0.011937
v -1.176787 -0.650649 -0.011320
v -1.179743 -0.656042 -0.011727
v -1.216640 -0.658776 0.001491
v -1.222178 -0.653298 -0.002120
v -1.213997 -0.641929 -0.000405
v -1.180622 -0.642120 -0.003663
v -1.207800 -0.649207 0.006734
v -1.188465 -0.664361 0.000801
v -1.210366 -0.637086 -0.003120
v -1.186606 -0.634424 -0.003824
v -1.203135 -0.674017 -0.011829
v -1.182678 -0.661380 -0.011746
v -1.180743 -0.657587 -0.008650
v -1.182921 -0.639335 -0.012168
v -1.213009 -0.635508 -0.007825
v -1.209319 -0.628725 -0.009698
v -1.214880 -0.636227 -0.011623
v -1.217055 -0.640461 -0.005977
v -1.221947 -0.646060 -0.011474
v -1.223723 -0.654036 -0.011543
v -1.218565 -0.651356 0.004282
v -1.178828 -0.651398 -0.006440
v -1.176200 -0.644178 -0.008813
v -1.183129 -0.662714 -0.007966
v -1.180691 -0.637886 -0.009563
v -1.193297 -0.675318 -0.009257
v -1.221253 -0.658112 -0.011647
v -1.215399 -0.664595 -0.011745
v -1.201892 -0.664612 0.004781
v -1.218933 -0.659581 -0.005403
v -1.204931 -0.676925 -0.007211
v -1.200991 -0.687579 -0.008499
v -1.215428 -0.684332 -0.007241
v -1.212982 -0.677920 -0.006804
v -1.211248 -0.682263 -0.003406
v -1.206095 -0.689395 -0.005316
v -1.203410 0.557973 0.001589
v -1.257070 0.526758 -0.011739
v -1.264524 0.565513 -0.009713
v -1.234955 0.582218 -0.011739
v -1.277200 0.572842 0.003682
v -1.251359 0.577466 -0.003851
v -1.267907 0.549265 0.003721
v -1.279911 0.567965 -0.007772
v -1.218518 0.571291 0.007393
v -1.213780 0.529355 -0.007918
v -1.231539 0.547503 0.021508
v -1.232267 0.574053 0.011476
v -1.274037 0.561572 -0.004520
v -1.234269 0.545567 -0.011739
v -1.264211 0.536292 0.001264
v -1.264774 0.566066 -0.001325
v -1.260004 0.562575 -0.000630
v -1.205634 0.560412 -0.005189
v -1.240283 0.561839 0.020405
v -1.253230 0.568882 -0.003354
v -1.205617 0.536738 -0.001353
v -1.233593 0.580250 -0.002614
v -1.265249 0.538555 -0.006306
v -1.236547 0.518748 -0.011739
v -1.213548 0.570234 -0.011739
v -1.227418 0.579232 -0.011739
v -1.245890 0.580199 -0.011739
v -1.266716 0.606975 -0.005513
v -1.220459 0.527033 -0.011739
v -1.248158 0.561642 -0.011739
v -1.266719 0.555463 -0.011739
v -1.257876 0.572042 -0.011739
v -1.205968 0.545734 -0.011739
v -1.238837 0.529822 0.011103
v -1.250512 0.572599 0.007970
v -1.219814 0.533058 0.010830
v -1.207365 0.558141 0.008615
v -1.232571 0.566293 0.018717
v -1.221131 0.565471 0.014280
v -1.259156 0.566796 0.005938
v -1.264669 0.544457 0.005824
v -1.241173 0.545255 0.020892
v -1.224373 0.525766 0.005409
v -1.214801 0.572954 0.000064
v -1.225900 0.577865 -0.000853
v -1.258632 0.572787 -0.004479
v -1.266949 0.541188 -0.000562
v -1.275383 0.605033 -0.004851
v -1.260831 0.559468 -0.004749
v -1.252790 0.566364 -0.007247
v -1.272532 0.542358 -0.011739
v -1.283230 0.547740 -0.011739
v -1.274108 0.561059 -0.011739
v -1.281349 0.557250 -0.011739
v -1.268526 0.557743 -0.011739
v -1.281978 0.551270 -0.007399
v -1.279607 0.557308 -0.007009
v -1.272108 0.558294 -0.007409
v -1.268252 0.548065 -0.008427
v -1.278177 0.553115 -0.003811
v -1.273070 0.546436 -0.005469
v -1.283436 0.547462 -0.011515
v -1.288364 0.589227 -0.011741
v -1.257845 0.602174 -0.011667
v -1.247154 0.579685 -0.011741
v -1.280610 0.593195 -0.000782
v -1.243541 0.591140 -0.009164
v -1.276469 0.544992 -0.008225
v -1.266718 0.606682 -0.006012
v -1.272429 0.542010 -0.011541
v -1.279516 0.568383 -0.007715
v -1.267958 0.578476 0.007143
v -1.252004 0.578875 -0.003280
v -1.246103 0.584118 -0.006878
v -1.272991 0.579131 -0.011741
v -1.283520 0.594652 -0.006144
v -1.256150 0.603306 -0.007332
v -1.244195 0.585084 -0.011343
v -1.260349 0.560692 -0.009205
v -1.262130 0.593324 -0.000551
v -1.268189 0.557924 -0.011583
v -1.273820 0.562092 -0.004649
v -1.248167 0.578096 -0.008749
v -1.281326 0.598891 -0.011741
v -1.287691 0.577675 -0.011741
v -1.255557 0.565553 -0.011741
v -1.250095 0.574334 -0.011741
v -1.244575 0.587177 -0.011741
v -1.290105 0.581577 -0.011741
v -1.281874 0.571249 -0.011741
v -1.261590 0.589675 -0.011741
v -1.268241 0.604776 -0.011741
v -1.250067 0.595815 -0.011741
v -1.269849 0.561976 -0.011741
v -1.285037 0.583929 0.003933
v -1.247943 0.593152 -0.004016
v -1.277082 0.573149 0.003207
v -1.273907 0.561397 -0.011616
v -1.256297 0.583424 -0.000254
v -1.281104 0.552676 -0.003205
v -1.253888 0.600620 -0.003971
v -1.276990 0.598111 -0.003556
v -1.274540 0.585936 0.006275
v -1.283109 0.576988 0.001266
v -1.253240 0.566672 -0.007438
v -1.250540 0.572917 -0.008174
v -1.247990 0.597150 -0.009602
v -1.278726 0.547285 -0.004658
v -1.288571 0.582252 -0.002376
v -1.285397 0.576227 -0.005535
v -1.275878 0.606308 -0.009898
v -1.214397 0.573312 0.000333
v -1.202892 0.558085 0.001878
v -1.268498 0.549299 0.003839
v -1.268024 0.556780 0.000682
v -1.218199 0.571653 0.007754
v -1.206903 0.558260 0.008983
v -1.205223 0.536422 -0.001023
v -1.213457 0.528855 -0.007815
v -1.219440 0.532748 0.011188
v -1.231281 0.547406 0.022045
v -1.232510 0.566701 0.019157
v -1.232254 0.574506 0.011873
v -1.265284 0.566331 -0.001144
v -1.265006 0.565680 -0.010036
v -1.241584 0.578902 0.001685
v -1.242953 0.582951 -0.008836
v -1.234933 0.582820 -0.011711
v -1.224119 0.525268 0.005634
v -1.240753 0.521354 0.001732
v -1.258810 0.540556 0.008365
v -1.250733 0.573085 0.008250
v -1.241479 0.545111 0.021391
v -1.240608 0.561818 0.020913
v -1.264992 0.544303 0.006310
v -1.233589 0.580818 -0.002410
v -1.258189 0.572209 -0.012228
v -1.269185 0.546878 -0.006649
v -1.265748 0.538373 -0.006593
v -1.264491 0.535913 0.001641
v -1.257454 0.526294 -0.011713
v -1.246143 0.580731 -0.011867
v -1.245378 0.518352 -0.010511
v -1.267299 0.555540 -0.011885
v -1.239019 0.529416 0.011510
v -1.251613 0.577974 -0.003648
v -1.220879 0.565836 0.014689
v -1.259550 0.567164 0.006208
v -1.258969 0.573234 -0.004253
v -1.267529 0.541022 -0.000561
v -1.236490 0.518148 -0.011718
v -1.220184 0.526531 -0.011928
v -1.218818 0.543043 0.015247
v -1.228377 0.520021 -0.006404
v -1.267841 0.578341 0.007694
v -1.255986 0.583423 0.000234
v -1.251605 0.578822 -0.002866
v -1.255855 0.603797 -0.007254
v -1.257569 0.602604 -0.011937
v -1.243689 0.584805 -0.011320
v -1.246645 0.579412 -0.011727
v -1.283541 0.576678 0.001491
v -1.289080 0.582156 -0.002120
v -1.280899 0.593525 -0.000405
v -1.247524 0.593334 -0.003663
v -1.274702 0.586247 0.006734
v -1.255367 0.571093 0.000801
v -1.277268 0.598368 -0.003120
v -1.253508 0.601030 -0.003824
v -1.270037 0.561436 -0.011829
v -1.249579 0.574074 -0.011746
v -1.247645 0.577867 -0.008650
v -1.249823 0.596119 -0.012168
v -1.279910 0.599946 -0.007825
v -1.276221 0.606728 -0.009698
v -1.281782 0.599227 -0.011623
v -1.283957 0.594992 -0.005977
v -1.288849 0.589394 -0.011474
v -1.290625 0.581418 -0.011543
v -1.285466 0.584098 0.004282
v -1.245730 0.584055 -0.006440
v -1.243102 0.591276 -0.008813
v -1.250031 0.572740 -0.007966
v -1.247593 0.597568 -0.009563
v -1.260199 0.560136 -0.009257
v -1.288155 0.577342 -0.011647
v -1.282300 0.570859 -0.011745
v -1.268794 0.570842 0.004781
v -1.285834 0.575873 -0.005403
v -1.271833 0.558529 -0.007211
v -1.267893 0.547874 -0.008499
v -1.282329 0.551122 -0.007241
v -1.279884 0.557534 -0.006804
v -1.278150 0.553191 -0.003406
v -1.272997 0.546059 -0.005316
v -0.842140 0.883562 0.001589
v -0.895800 0.852347 -0.011739
v -0.903254 0.891102 -0.009713
v -0.873685 0.907807 -0.011739
v -0.915930 0.898431 0.003682
v -0.890089 0.903055 -0.003851
v -0.906637 0.874854 0.003721
v -0.918641 0.893554 -0.007772
v -0.857248 0.896879 0.007393
v -0.852510 0.854944 -0.007918
v -0.870269 0.873092 0.021508
v -0.870997 0.899642 0.011476
v -0.912767 0.887161 -0.004520
v -0.872999 0.871156 -0.011739
v -0.902941 0.861881 0.001264
v -0.903504 0.891654 -0.001325
v -0.898734 0.888164 -0.000630
v -0.844364 0.886001 -0.005189
v -0.879013 0.887428 0.020405
v -0.891960 0.894471 -0.003354
v -0.844347 0.862327 -0.001353
v -0.872323 0.905839 -0.002614
v -0.903980 0.864144 -0.006306
v -0.875277 0.844337 -0.011739
v -0.852278 0.895823 -0.011739
v -0.866148 0.904821 -0.011739
v -0.884620 0.905787 -0.011739
v -0.905446 0.932564 -0.005513
v -0.859189 0.852622 -0.011739
v -0.886888 0.887231 -0.011739
v -0.905449 0.881052 -0.011739
v -0.896606 0.897631 -0.011739
v -0.844698 0.871323 -0.011739
v -0.877567 0.855411 0.011103
v -0.889243 0.898188 0.007970
v -0.858544 0.858646 0.010830
v -0.846096 0.883730 0.008615
v -0.871301 0.891882 0.018717
v -0.859861 0.891060 0.014280
v -0.897887 0.892385 0.005938
v -0.903399 0.870046 0.005824
v -0.879903 0.870844 0.020892
v -0.863103 0.851355 0.005409
v -0.853531 0.898543 0.000064
v -0.864630 0.903454 -0.000853
v -0.897362 0.898376 -0.004479
v -0.905679 0.866777 -0.000562
v -0.914113 0.930622 -0.004851
v -0.899561 0.885057 -0.004749
v -0.891520 0.891953 -0.007247
v -0.911262 0.867947 -0.011739
v -0.921960 0.873329 -0.011739
v -0.912839 0.886648 -0.011739
v -0.920080 0.882839 -0.011739
v -0.907256 0.883332 -0.011739
v -0.920709 0.876858 -0.007399
v -0.918337 0.882896 -0.007009
v -0.910838 0.883883 -0.007409
v -0.906982 0.873653 -0.008427
v -0.916908 0.878704 -0.003811
v -0.911800 0.872025 -0.005469
v -0.922166 0.873050 -0.011515
v -0.927094 0.914815 -0.011741
v -0.896575 0.927763 -0.011667
v -0.885884 0.905274 -0.011741
v -0.919340 0.918784 -0.000782
v -0.882271 0.916729 -0.009164
v -0.915199 0.870581 -0.008225
v -0.905448 0.932271 -0.006012
v -0.911160 0.867599 -0.011541
v -0.918246 0.893972 -0.007715
v -0.906688 0.904064 0.007143
v -0.890734 0.904464 -0.003280
v -0.884833 0.909707 -0.006878
v -0.911721 0.904720 -0.011741
v -0.922250 0.920241 -0.006144
v -0.894880 0.928895 -0.007332
v -0.882925 0.910673 -0.011343
v -0.899079 0.886281 -0.009205
v -0.900860 0.918913 -0.000551
v -0.906919 0.883512 -0.011583
v -0.912550 0.887681 -0.004649
v -0.886897 0.903685 -0.008749
v -0.920056 0.924480 -0.011741
v -0.926422 0.903264 -0.011741
v -0.894287 0.891142 -0.011741
v -0.888826 0.899923 -0.011741
v -0.883305 0.912766 -0.011741
v -0.928836 0.907166 -0.011741
v -0.920604 0.896838 -0.011741
v -0.900320 0.915264 -0.011741
v -0.906971 0.930364 -0.011741
v -0.888798 0.921404 -0.011741
v -0.908579 0.887564 -0.011741
v -0.923767 0.909518 0.003933
v -0.886674 0.918741 -0.004016
v -0.915812 0.898738 0.003207
v -0.912637 0.886986 -0.011616
v -0.895027 0.909013 -0.000254
v -0.919834 0.878265 -0.003205
v -0.892618 0.926209 -0.003971
v -0.915720 0.923699 -0.003556
v -0.913270 0.911525 0.006275
v -0.921839 0.902577 0.001266
v -0.891970 0.892261 -0.007438
v -0.889270 0.898506 -0.008174
v -0.886720 0.922739 -0.009602
v -0.917457 0.872874 -0.004658
v -0.927301 0.907841 -0.002376
v -0.924127 0.901816 -0.005535
v -0.914608 0.931897 -0.009898
v -0.853127 0.898901 0.000333
v -0.841622 0.883674 0.001878
v -0.907228 0.874888 0.003839
v -0.906755 0.882369 0.000682
v -0.856929 0.897242 0.007754
v -0.845633 0.883849 0.008983
v -0.843953 0.862010 -0.001023
v -0.852187 0.854444 -0.007815
v -0.858171 0.858336 0.011188
v -0.870011 0.872994 0.022045
v -0.871240 0.892290 0.019157
v -0.870984 0.900095 0.011873
v -0.904014 0.891920 -0.001144
v -0.903736 0.891269 -0.010036
v -0.880314 0.904491 0.001685
v -0.881683 0.908540 -0.008836
v -0.873664 0.908409 -0.011711
v -0.862849 0.850857 0.005634
v -0.879483 0.846943 0.001732
v -0.897541 0.866145 0.008365
v -0.889464 0.898674 0.008250
v -0.880209 0.870700 0.021391
v -0.879338 0.887407 0.020913
v -0.903722 0.869891 0.006310
v -0.872319 0.906407 -0.002410
v -0.896919 0.897798 -0.012228
v -0.907915 0.872467 -0.006649
v -0.904478 0.863962 -0.006593
v -0.903221 0.861502 0.001641
v -0.896185 0.851882 -0.011713
v -0.884873 0.906320 -0.011867
v -0.884108 0.843941 -0.010511
v -0.906029 0.881129 -0.011885
v -0.877749 0.855005 0.011510
v -0.890343 0.903563 -0.003648
v -0.859609 0.891425 0.014689
v -0.898281 0.892753 0.006208
v -0.897699 0.898822 -0.004253
v -0.906259 0.866611 -0.000561
v -0.875220 0.843736 -0.011718
v -0.858914 0.852120 -0.011928
v -0.857549 0.868632 0.015247
v -0.867107 0.845609 -0.006404
v -0.906572 0.903930 0.007694
v -0.894716 0.909012 0.000234
v -0.890335 0.904411 -0.002866
v -0.894585 0.929386 -0.007254
v -0.896300 0.928193 -0.011937
v -0.882419 0.910393 -0.011320
v -0.885375 0.905001 -0.011727
v -0.922271 0.902267 0.001491
v -0.927810 0.907745 -0.002120
v -0.919629 0.919114 -0.000405
v -0.886254 0.918922 -0.003663
v -0.913432 0.911836 0.006734
v -0.894097 0.896682 0.000801
v -0.915998 0.923957 -0.003120
v -0.892238 0.926619 -0.003824
v -0.908767 0.887025 -0.011829
v -0.888310 0.899662 -0.011746
v -0.886375 0.903456 -0.008650
v -0.888553 0.921708 -0.012168
v -0.918641 0.925535 -0.007825
v -0.914951 0.932317 -0.009698
v -0.920512 0.924815 -0.011623
v -0.922687 0.920581 -0.005977
v -0.927579 0.914982 -0.011474
v -0.929355 0.907007 -0.011543
v -0.924197 0.909686 0.004282
v -0.884460 0.909644 -0.006440
v -0.881832 0.916864 -0.008813
v -0.888761 0.898329 -0.007966
v -0.886323 0.923157 -0.009563
v -0.898929 0.885725 -0.009257
v -0.926885 0.902931 -0.011647
v -0.921031 0.896447 -0.011745
v -0.907524 0.896430 0.004781
v -0.924564 0.901462 -0.005403
v -0.910563 0.884118 -0.007211
v -0.906623 0.873463 -0.008499
v -0.921060 0.876711 -0.007241
v -0.918614 0.883123 -0.006804
v -0.916880 0.878780 -0.003406
v -0.911727 0.871648 -0.005316
v 1.218436 0.428629 0.001589
v 1.164776 0.397414 -0.011739
v 1.157322 0.436170 -0.009713
v 1.186891 0.452874 -0.011739
v 1.144646 0.443499 0.003682
v 1.170487 0.448122 -0.003851
v 1.153939 0.419922 0.003721
v 1.141935 0.438622 -0.007772
v 1.203328 0.441947 0.007393
v 1.208066 0.400011 -0.007918
v 1.190307 0.418159 0.021508
v 1.189579 0.444709 0.011476
v 1.147809 0.432229 -0.004520
v 1.187577 0.416223 -0.011739
v 1.157635 0.406948 0.001264
v 1.157072 0.436722 -0.001325
v 1.161842 0.433232 -0.000630
v 1.216212 0.431069 -0.005189
v 1.181563 0.432495 0.020405
v 1.168616 0.439538 -0.003354
v 1.216229 0.407394 -0.001353
v 1.188253 0.450907 -0.002614
v 1.156597 0.409212 -0.006306
v 1.185299 0.389404 -0.011739
v 1.208298 0.440891 -0.011739
v 1.194428 0.449888 -0.011739
v 1.175956 0.450855 -0.011739
v 1.155130 0.477632 -0.005513
v 1.201387 0.397690 -0.011739
v 1.173688 0.432299 -0.011739
v 1.155127 0.426119 -0.011739
v 1.163970 0.442699 -0.011739
v 1.215878 0.416390 -0.011739
v 1.183010 0.400479 0.011103
v 1.171334 0.443255 0.007970
v 1.202032 0.403714 0.010830
v 1.214481 0.428797 0.008615
v 1.189275 0.436949 0.018717
v 1.200715 0.436128 0.014280
v 1.162690 0.437452 0.005938
v 1.157177 0.415113 0.005824
v 1.180673 0.415911 0.020892
v 1.197473 0.396423 0.005408
v 1.207045 0.443610 0.000064
v 1.195946 0.448521 -0.000853
v 1.163214 0.443444 -0.004479
v 1.154897 0.411845 -0.000562
v 1.146464 0.475690 -0.004851
v 1.161016 0.430125 -0.004749
v 1.169056 0.437020 -0.007247
v 1.149314 0.413014 -0.011739
v 1.138616 0.418396 -0.011739
v 1.147738 0.431715 -0.011739
v 1.140497 0.427907 -0.011739
v 1.153320 0.428399 -0.011739
v 1.139868 0.421926 -0.007399
v 1.142239 0.427964 -0.007009
v 1.149738 0.428950 -0.007409
v 1.153594 0.418721 -0.008427
v 1.143669 0.423772 -0.003811
v 1.148776 0.417092 -0.005469
v 1.138410 0.418118 -0.011515
v 1.133482 0.459883 -0.011741
v 1.164001 0.472830 -0.011667
v 1.174692 0.450342 -0.011741
v 1.141236 0.463851 -0.000782
v 1.178305 0.461797 -0.009164
v 1.145377 0.415648 -0.008225
v 1.155128 0.477339 -0.006012
v 1.149417 0.412667 -0.011541
v 1.142330 0.439040 -0.007715
v 1.153888 0.449132 0.007143
v 1.169842 0.449532 -0.003281
v 1.175743 0.454774 -0.006878
v 1.148855 0.449787 -0.011741
v 1.138326 0.465309 -0.006144
v 1.165696 0.473963 -0.007333
v 1.177651 0.455740 -0.011343
v 1.161497 0.431349 -0.009205
v 1.159716 0.463981 -0.000551
v 1.153657 0.428580 -0.011583
v 1.148026 0.432749 -0.004649
v 1.173679 0.448753 -0.008749
v 1.140520 0.469548 -0.011741
v 1.134155 0.448331 -0.011741
v 1.166289 0.436210 -0.011741
v 1.171751 0.444991 -0.011741
v 1.177271 0.457833 -0.011741
v 1.131741 0.452233 -0.011741
v 1.139972 0.441906 -0.011741
v 1.160256 0.460332 -0.011741
v 1.153605 0.475432 -0.011741
v 1.171779 0.466471 -0.011741
v 1.151997 0.432632 -0.011741
v 1.136809 0.454585 0.003933
v 1.173903 0.463808 -0.004017
v 1.144764 0.443806 0.003207
v 1.147939 0.432054 -0.011616
v 1.165550 0.454081 -0.000254
v 1.140742 0.423332 -0.003205
v 1.167958 0.471276 -0.003971
v 1.144856 0.468767 -0.003557
v 1.147306 0.456592 0.006275
v 1.138737 0.447644 0.001266
v 1.168606 0.437329 -0.007438
v 1.171306 0.443574 -0.008174
v 1.173856 0.467806 -0.009602
v 1.143120 0.417941 -0.004658
v 1.133275 0.452908 -0.002376
v 1.136449 0.446883 -0.005535
v 1.145968 0.476965 -0.009898
v 1.207449 0.443969 0.000333
v 1.218954 0.428741 0.001878
v 1.153348 0.419956 0.003839
v 1.153822 0.427436 0.000682
v 1.203647 0.442310 0.007754
v 1.214943 0.428916 0.008983
v 1.216623 0.407078 -0.001023
v 1.208389 0.399512 -0.007815
v 1.202406 0.403404 0.011188
v 1.190565 0.418062 0.022045
v 1.189336 0.437358 0.019157
v 1.189592 0.445163 0.011873
v 1.156562 0.436988 -0.001144
v 1.156840 0.436337 -0.010036
v 1.180262 0.449558 0.001685
v 1.178893 0.453608 -0.008836
v 1.186913 0.453477 -0.011711
v 1.197727 0.395924 0.005634
v 1.181093 0.392011 0.001732
v 1.163036 0.411213 0.008364
v 1.171113 0.443742 0.008250
v 1.180367 0.415767 0.021391
v 1.181238 0.432475 0.020913
v 1.156854 0.414959 0.006310
v 1.188257 0.451475 -0.002410
v 1.163657 0.442865 -0.012228
v 1.152661 0.417535 -0.006649
v 1.156098 0.409030 -0.006594
v 1.157355 0.406570 0.001641
v 1.164392 0.396950 -0.011713
v 1.175703 0.451387 -0.011867
v 1.176468 0.389009 -0.010511
v 1.154547 0.426196 -0.011885
v 1.182827 0.400072 0.011510
v 1.170233 0.448631 -0.003648
v 1.200967 0.436492 0.014689
v 1.162296 0.437821 0.006208
v 1.162877 0.443890 -0.004253
v 1.154317 0.411678 -0.000561
v 1.185356 0.388804 -0.011718
v 1.201662 0.397187 -0.011928
v 1.203028 0.413700 0.015247
v 1.193469 0.390677 -0.006404
v 1.154005 0.448997 0.007693
v 1.165860 0.454079 0.000234
v 1.170241 0.449478 -0.002866
v 1.165991 0.474454 -0.007254
v 1.164277 0.473260 -0.011937
v 1.178157 0.455461 -0.011320
v 1.175201 0.450069 -0.011727
v 1.138305 0.447334 0.001491
v 1.132766 0.452812 -0.002120
v 1.140947 0.464181 -0.000405
v 1.174322 0.463990 -0.003663
v 1.147144 0.456903 0.006734
v 1.166479 0.441749 0.000801
v 1.144578 0.469024 -0.003120
v 1.168338 0.471686 -0.003825
v 1.151809 0.432093 -0.011829
v 1.172267 0.444730 -0.011746
v 1.174201 0.448523 -0.008651
v 1.172023 0.466775 -0.012168
v 1.141936 0.470602 -0.007825
v 1.145625 0.477385 -0.009699
v 1.140064 0.469883 -0.011623
v 1.137890 0.465649 -0.005977
v 1.132997 0.460050 -0.011474
v 1.131221 0.452075 -0.011543
v 1.136380 0.454754 0.004282
v 1.176116 0.454712 -0.006441
v 1.178744 0.461932 -0.008813
v 1.171816 0.443396 -0.007966
v 1.174253 0.468224 -0.009563
v 1.161647 0.430793 -0.009258
v 1.133691 0.447999 -0.011647
v 1.139546 0.441515 -0.011745
v 1.153052 0.441498 0.004781
v 1.136012 0.446529 -0.005403
v 1.150013 0.429186 -0.007211
v 1.153953 0.418531 -0.008499
v 1.139517 0.421778 -0.007241
v 1.141962 0.428190 -0.006804
v 1.143696 0.423847 -0.003406
v 1.148849 0.416715 -0.005316
vn -0.0000 -0.0000 -1.0000
vn 0.4287 0.1123 0.8964
vn -0.6106 -0.7242 -0.3206
vn -0.1189 -0.9918 -0.0466
vn -0.7431 -0.3958 0.5396
vn -0.2878 0.5345 0.7947
vn 0.3669 0.1564 0.9170
vn 0.0006 0.2513 0.9679
vn 0.3165 0.8323 0.4550
vn -0.5792 0.1389 0.8032
vn 0.7891 0.6126 -0.0459
vn 0.6223 0.0671 0.7799
vn -0.4312 0.1019 0.8965
vn 0.8395 -0.1627 0.5184
vn 0.5113 0.0651 0.8569
vn -0.1140 -0.7820 0.6128
vn 0.9992 -0.0055 -0.0386
vn 0.7708 -0.4684 -0.4318
vn 0.9431 -0.0525 -0.3284
vn 0.3496 0.8597 0.3724
vn -0.1707 -0.6107 0.7733
vn -0.1996 -0.3326 0.9217
vn -0.5270 0.8381 -0.1409
vn -0.7518 0.6562 -0.0656
vn -0.8145 -0.3442 0.4670
vn 0.3096 -0.3190 0.8958
vn -0.8393 -0.3003 0.4533
vn -0.4402 -0.0102 -0.8979
vn 0.4010 0.3132 -0.8609
vn 0.4055 0.9127 -0.0512
vn -0.3558 0.5418 0.7615
vn -0.0724 0.1283 -0.9891
vn 0.1851 -0.7597 0.6233
vn 0.7974 0.6017 -0.0451
vn 0.7954 0.6037 -0.0534
vn 0.7970 0.6021 -0.0467
vn 0.7786 0.2409 -0.5795
vn -0.5596 0.8223 -0.1031
vn -0.0157 -0.0401 -0.9991
vn -0.1370 0.3346 -0.9323
vn 0.0169 -0.3943 0.9188
vn 0.0226 -0.0837 -0.9962
vn -0.2974 0.9304 0.2143
vn 0.5563 -0.4310 -0.7105
vn 0.9963 0.0303 -0.0801
vn -0.7387 0.2905 -0.6082
vn -0.1575 -0.7672 0.6217
vn -0.6974 -0.6948 0.1760
vn -0.8575 0.2118 -0.4689
vn 0.8493 -0.0296 0.5271
vn -0.0715 0.0331 0.9969
vn -0.7212 -0.0616 0.6899
vn 0.5827 0.0831 -0.8084
vn 0.1264 0.1525 0.9802
vn -0.5589 -0.5782 0.5944
vn -0.4070 0.6325 0.6589
vn 0.0919 -0.5330 0.8411
vn 0.4874 0.8713 -0.0577
vn 0.1197 -0.6395 0.7594
vn 0.3191 0.9412 0.1109
vn 0.2547 0.8789 0.4033
vn 0.5685 0.0517 -0.8211
vn -0.7325 -0.3134 -0.6044
vn 0.9896 0.0069 -0.1439
vn 0.4348 0.5387 0.7216
vn -0.7154 0.6836 -0.1446
vn -0.8405 -0.5398 -0.0461
vn -0.0711 0.6940 -0.7164
vn 0.9029 -0.1214 0.4123
vn 0.4171 0.2267 -0.8801
vn 0.1410 -0.4513 0.8812
vn 0.5038 -0.2804 -0.8170
vn 0.7951 0.6041 -0.0548
vn -0.5004 0.8475 -0.1773
vn 0.1092 0.0338 -0.9934
vn 0.2643 -0.2527 0.9307
vn 0.1666 -0.8804 0.4441
vn -0.6297 0.7624 -0.1492
vn 0.1166 -0.4767 0.8713
vn 0.4794 0.1520 0.8643
vn 0.4547 0.0831 0.8867
vn -0.0360 0.5983 0.8005
vn -0.7063 0.6265 -0.3296
vn -0.2564 -0.5117 -0.8200
vn -0.4640 0.2362 -0.8538
vn 0.3755 0.4047 0.8338
vn 0.5842 -0.1551 -0.7966
vn 0.8860 0.4404 0.1451
vn -0.0783 0.8234 0.5620
vn -0.8878 0.3278 0.3231
vn 0.8117 0.5625 0.1572
vn 0.1876 0.3076 -0.9329
vn -0.7633 0.3191 0.5618
vn -0.4596 0.8738 0.1588
vn -0.9734 0.1925 0.1242
vn -0.1793 -0.1740 0.9683
vn -0.0004 0.0001 -1.0000
vn -0.7239 -0.6898 -0.0148
vn -0.7689 -0.5052 0.3919
vn -0.7858 -0.4585 0.4152
vn -0.9272 0.3434 0.1493
vn -0.0511 0.6027 0.7964
vn 0.0994 -0.1897 0.9768
vn 0.3175 -0.9477 -0.0314
vn -0.1314 -0.8697 0.4758
vn -0.0334 0.4550 0.8899
vn 0.0613 -0.2344 0.9702
vn 0.5594 -0.4792 0.6763
vn 0.0589 0.0419 -0.9974
vn -0.3564 -0.2735 0.8934
vn 0.0910 -0.6637 0.7424
vn -0.5794 -0.6918 0.4310
vn 0.0485 0.0674 -0.9965
vn 0.4061 -0.7811 -0.4743
vn 0.6770 -0.7086 -0.1987
vn -0.8215 0.5442 0.1702
vn -0.0611 -0.0477 -0.9970
vn 0.2347 -0.4726 0.8495
vn 0.5501 0.3501 -0.7581
vn 0.5513 0.3531 -0.7559
vn 0.5510 0.3523 -0.7565
vn -0.4176 0.0980 -0.9033
vn -0.2562 0.9392 0.2286
vn -0.4558 0.2144 -0.8639
vn 0.3335 0.1526 -0.9303
vn -0.7262 0.4530 0.5172
vn -0.5516 0.6794 0.4840
vn -0.8306 -0.5290 0.1742
vn 0.2357 0.1737 0.9562
vn -0.2802 0.1955 -0.9398
vn 0.2678 0.1132 -0.9568
vn -0.9011 0.0504 -0.4307
vn 0.1411 -0.5636 -0.8139
vn 0.5499 0.3496 -0.7586
vn 0.8823 0.0721 -0.4652
vn 0.3372 -0.1161 -0.9342
vn 0.1827 0.9314 -0.3148
vn 0.2723 0.9614 0.0405
vn -0.1271 0.6931 0.7095
vn 0.0144 0.0292 -0.9995
vn 0.0069 -0.0021 -1.0000
vn 0.0506 0.3279 0.9434
vn -0.0885 0.3047 -0.9483
vn -0.5778 0.7500 0.3219
vn 0.0601 0.5769 -0.8146
vn 0.0501 -0.6800 0.7315
vn 0.2813 0.3521 0.8927
vn 0.2746 -0.2265 -0.9345
vn -0.2528 0.2367 0.9381
vn 0.4277 0.2778 0.8601
vn -0.0142 0.6265 0.7793
vn 0.7863 0.6159 -0.0486
vn -0.2374 -0.1818 0.9543
vn 0.8525 -0.4739 -0.2208
vn -0.5125 -0.4284 0.7442
vn -0.6185 0.6819 0.3906
vn -0.3032 -0.8797 -0.3664
vn -0.4005 -0.4654 -0.7893
vn 0.7141 -0.4190 0.5608
vn 0.8744 -0.3896 0.2894
vn -0.2243 -0.1247 -0.9665
vn 0.5651 -0.1562 0.8101
vn 0.2480 0.7359 -0.6301
vn 0.6456 -0.4396 -0.6244
vn 0.0078 -0.0025 -1.0000
vn 0.0447 -0.8442 0.5341
vn 0.2424 0.0119 -0.9701
vn -0.4698 0.4522 -0.7582
vn 0.6585 -0.7345 -0.1637
vn 0.9131 -0.2217 0.3422
vn 0.2371 0.9527 0.1903
vn 0.1948 0.8201 -0.5380
vn -0.1545 0.3437 -0.9263
vn -0.9063 0.4054 0.1193
vn 0.4847 -0.8143 0.3194
vn 0.3454 -0.3622 0.8657
vn 0.6667 -0.2675 0.6957
vn 0.8583 -0.1577 0.4884
vn 0.3318 0.6556 0.6783
vn 0.3162 0.6417 0.6987
vn -0.5757 0.7310 0.3662
vn -0.7631 0.3256 0.5582
vn -0.4159 -0.5303 0.7388
vn 0.0338 -0.7741 0.6322
vn 0.6594 -0.6683 0.3445
vn 0.7154 0.5800 0.3895
vn 0.6540 0.5945 0.4679
vn -0.9801 -0.1696 0.1034
vn -0.3659 -0.5921 0.7180
vn -0.5122 -0.4408 0.7371
vn 0.0417 -0.9739 0.2231
vn 0.4241 -0.8337 -0.3536
vn 0.4668 -0.8349 -0.2916
vn -0.5268 0.8474 -0.0664
vn -0.1552 0.8676 -0.4723
vn -0.9769 0.2089 -0.0459
vn -0.7496 -0.2559 -0.6105
vn -0.5467 -0.7890 0.2803
vn -0.5159 0.2652 -0.8146
vn -0.4595 -0.6436 0.6121
vn -0.2832 0.8808 0.3794
vn -0.2846 0.8791 0.3823
vn -0.2833 0.8808 0.3794
vn -0.1656 0.8413 0.5146
vn -0.1918 0.6730 0.7144
vn 0.5495 0.5232 0.6513
vn 0.7115 -0.2945 0.6380
vn 0.4759 -0.0107 0.8794
vn -0.5387 -0.0356 0.8418
vn -0.7497 0.2970 0.5914
vn 0.0868 0.9764 0.1976
vn -0.0117 0.9142 0.4051
vn -0.0372 0.9310 0.3631
vn -0.5594 0.7381 0.3772
vn -0.9955 0.0825 0.0462
vn -0.9214 -0.3732 -0.1083
vn 0.0196 -0.9519 0.3056
vn 0.5137 -0.8381 0.1837
vn 0.1342 -0.9249 0.3557
vn -0.2818 0.8826 0.3764
vn -0.9757 0.2188 0.0104
vn -0.9549 0.2407 -0.1739
vn -0.6665 -0.2739 -0.6934
vn -0.4853 -0.7890 0.3768
vn -0.1341 -0.3445 -0.9292
vn -0.1580 -0.9733 -0.1663
vn 0.8813 -0.3450 0.3228
vn 0.6695 -0.6514 0.3570
vn 0.7000 -0.5610 0.4420
vn 0.4873 0.7868 -0.3788
vn -0.7586 0.3563 0.5455
vn -0.7929 0.5193 0.3188
vn -0.5514 0.6469 0.5267
vn -0.7363 -0.6666 0.1168
vn -0.7946 -0.6061 0.0364
vn 0.6468 -0.7623 -0.0224
vn -0.8179 0.1774 0.5473
vn -0.5971 -0.7754 -0.2056
vn -0.7971 0.5300 0.2892
vn 0.7469 -0.0540 0.6628
vn 0.5937 -0.1233 0.7952
vn 0.5063 -0.0953 0.8571
vn 0.6653 -0.4609 0.5874
vn -0.2543 -0.7042 0.6629
vn 0.2022 -0.3768 0.9040
vn 0.0081 0.2899 0.9570
vn 0.8914 -0.4532 -0.0016
vn 0.8314 -0.2146 0.5125
vn 0.8748 -0.4827 0.0421
vn 0.6576 0.6157 0.4342
vn 0.4486 0.5606 -0.6961
vn -0.7796 0.6069 0.1548
vn -0.1789 0.9187 0.3522
vn -0.8020 0.5183 0.2969
vn -0.8374 -0.5123 0.1906
vn -0.7138 -0.6277 0.3107
vn -0.7634 -0.5614 0.3195
vn 0.2192 -0.5775 0.7864
vn 0.7652 0.2093 0.6087
vn -0.5064 -0.5858 0.6328
vn 0.7038 -0.1893 -0.6847
vn 0.4943 0.8164 0.2988
vn -0.4284 -0.8662 0.2571
vn -0.7431 -0.3957 0.5396
vn -0.1140 -0.7820 0.6127
vn 0.4056 0.9126 -0.0512
vn 0.0169 -0.3944 0.9188
vn -0.7387 0.2904 -0.6083
vn -0.6974 -0.6947 0.1760
vn -0.8575 0.2117 -0.4689
vn 0.8493 -0.0296 0.5270
vn -0.7212 -0.0616 0.6900
vn 0.5827 0.0832 -0.8085
vn -0.5589 -0.5781 0.5945
vn -0.4070 0.6326 0.6589
vn 0.4874 0.8713 -0.0576
vn -0.7324 -0.3136 -0.6043
vn -0.0711 0.6941 -0.7164
vn 0.5037 -0.2804 -0.8171
vn 0.1665 -0.8804 0.4441
vn -0.6296 0.7624 -0.1492
vn 0.4547 0.0831 0.8868
vn -0.7062 0.6265 -0.3297
vn 0.3755 0.4048 0.8338
vn 0.8860 0.4404 0.1450
vn 0.8117 0.5626 0.1570
vn 0.1876 0.3076 -0.9328
vn -0.7633 0.3190 0.5618
vn 0.0994 -0.1898 0.9768
vn 0.5594 -0.4793 0.6763
vn 0.0910 -0.6636 0.7425
vn 0.6771 -0.7086 -0.1988
vn 0.2347 -0.4725 0.8495
vn -0.4558 0.2145 -0.8639
vn 0.2678 0.1131 -0.9568
vn -0.9011 0.0505 -0.4307
vn 0.8823 0.0721 -0.4651
vn 0.3373 -0.1161 -0.9342
vn -0.5778 0.7500 0.3220
vn 0.0501 -0.6799 0.7316
vn 0.2745 -0.2265 -0.9345
vn -0.2528 0.2368 0.9381
vn 0.7864 0.6158 -0.0487
vn 0.8744 -0.3896 0.2893
vn 0.5651 -0.1563 0.8101
vn 0.6456 -0.4396 -0.6245
vn 0.0447 -0.8443 0.5341
vn 0.2425 0.0119 -0.9701
vn 0.2371 0.9527 0.1902
vn -0.7631 0.3256 0.5583
vn -0.9801 -0.1697 0.1034
vn -0.0372 0.9310 0.3632
vn -0.9214 -0.3731 -0.1083
vn 0.8813 -0.3451 0.3228
vn 0.7000 -0.5610 0.4419
vn -0.7945 -0.6061 0.0364
vn 0.7468 -0.0540 0.6628
vn -0.8020 0.5182 0.2970
vn -0.8373 -0.5124 0.1906
vn 0.4942 0.8164 0.2988
vn -0.2877 0.5345 0.7947
vn 0.7891 0.6125 -0.0459
vn 0.7709 -0.4684 -0.4317
vn -0.8392 -0.3003 0.4533
vn -0.4403 -0.0102 -0.8978
vn 0.1851 -0.7597 0.6234
vn -0.1368 0.3346 -0.9324
vn 0.0171 -0.3944 0.9188
vn -0.2973 0.9305 0.2142
vn 0.5563 -0.4311 -0.7105
vn 0.9963 0.0302 -0.0801
vn -0.1573 -0.7673 0.6217
vn -0.8576 0.2116 -0.4688
vn 0.5827 0.0832 -0.8084
vn -0.5588 -0.5782 0.5944
vn -0.4072 0.6325 0.6589
vn 0.1196 -0.6395 0.7594
vn 0.5688 0.0517 -0.8209
vn -0.7325 -0.3135 -0.6043
vn -0.8406 -0.5398 -0.0461
vn 0.1411 -0.4512 0.8812
vn -0.5003 0.8475 -0.1774
vn 0.2640 -0.2527 0.9308
vn -0.6297 0.7624 -0.1491
vn 0.1167 -0.4767 0.8713
vn 0.4548 0.0831 0.8867
vn -0.7060 0.6267 -0.3298
vn -0.2564 -0.5118 -0.8200
vn 0.3756 0.4046 0.8338
vn 0.5845 -0.1550 -0.7965
vn 0.8860 0.4405 0.1450
vn 0.8119 0.5624 0.1568
vn 0.1878 0.3076 -0.9328
vn -0.7632 0.3191 0.5619
vn -0.1795 -0.1740 0.9682
vn -0.0005 0.0001 -1.0000
vn -0.7239 -0.6897 -0.0148
vn -0.7858 -0.4585 0.4151
vn -0.0510 0.6027 0.7964
vn 0.0995 -0.1897 0.9768
vn -0.0335 0.4550 0.8899
vn 0.0590 0.0419 -0.9974
vn -0.3566 -0.2735 0.8933
vn 0.0484 0.0674 -0.9966
vn 0.4060 -0.7812 -0.4743
vn 0.6770 -0.7086 -0.1988
vn -0.8215 0.5443 0.1702
vn -0.0613 -0.0477 -0.9970
vn 0.5501 0.3501 -0.7582
vn 0.5512 0.3531 -0.7560
vn -0.2563 0.9392 0.2286
vn 0.3337 0.1525 -0.9302
vn -0.8306 -0.5289 0.1742
vn -0.9011 0.0504 -0.4306
vn 0.3372 -0.1161 -0.9343
vn 0.2723 0.9614 0.0406
vn -0.1271 0.6931 0.7096
vn 0.0067 -0.0021 -1.0000
vn -0.0881 0.3047 -0.9484
vn -0.5777 0.7500 0.3221
vn 0.0500 -0.6800 0.7315
vn 0.2743 -0.2265 -0.9346
vn 0.4277 0.2778 0.8602
vn -0.0141 0.6265 0.7793
vn 0.7862 0.6161 -0.0488
vn -0.6184 0.6819 0.3905
vn -0.4006 -0.4654 -0.7893
vn 0.8743 -0.3896 0.2894
vn 0.2480 0.7358 -0.6302
vn 0.6457 -0.4396 -0.6243
vn 0.0077 -0.0025 -1.0000
vn 0.0446 -0.8442 0.5342
vn 0.2426 0.0119 -0.9700
vn -0.4695 0.4522 -0.7583
vn 0.6586 -0.7345 -0.1637
vn -0.1546 0.3436 -0.9263
vn 0.0001 -0.0000 -1.0000
vn 0.6666 -0.2675 0.6957
vn -0.5758 0.7310 0.3662
vn 0.4241 -0.8337 -0.3537
vn -0.5268 0.8474 -0.0663
vn -0.1552 0.8677 -0.4723
vn -0.5468 -0.7890 0.2803
vn -0.5158 0.2652 -0.8146
vn -0.4595 -0.6435 0.6121
vn 0.0196 -0.9520 0.3056
vn -0.2818 0.8826 0.3763
vn 0.8814 -0.3450 0.3228
vn 0.4873 0.7868 -0.3789
vn -0.7586 0.3563 0.5456
vn -0.7362 -0.6666 0.1167
vn -0.5972 -0.7753 -0.2056
vn -0.2543 -0.7043 0.6629
vn 0.2021 -0.3768 0.9040
vn 0.8314 -0.2146 0.5126
vn -0.7796 0.6068 0.1548
vn -0.1789 0.9186 0.3522
vn -0.7634 -0.5614 0.3194
vn 0.7653 0.2093 0.6087
vn 0.7038 -0.1894 -0.6847
vn 0.3165 0.8324 0.4550
vn -0.2973 0.9304 0.2143
vn -0.1573 -0.7672 0.6218
vn 0.5826 0.0832 -0.8085
vn -0.5588 -0.5782 0.5945
vn -0.5003 0.8475 -0.1773
vn 0.3757 0.4047 0.8337
vn 0.5845 -0.1551 -0.7965
vn 0.8860 0.4405 0.1451
vn 0.8118 0.5624 0.1570
vn 0.1877 0.3076 -0.9328
vn -0.1795 -0.1740 0.9683
vn 0.0910 -0.6637 0.7425
vn 0.4060 -0.7811 -0.4744
vn -0.2563 0.9392 0.2285
vn 0.3337 0.1525 -0.9303
vn -0.5777 0.7500 0.3220
vn 0.7862 0.6161 -0.0487
vn -0.6184 0.6819 0.3906
vn 0.2480 0.7358 -0.6301
vn 0.6457 -0.4396 -0.6244
vn 0.0446 -0.8443 0.5341
vn -0.4696 0.4522 -0.7583
vn -0.1552 0.8676 -0.4724
vn 0.8814 -0.3450 0.3227
vn -0.7362 -0.6666 0.1168
vn 0.6652 -0.4609 0.5874
vn -0.5063 -0.5858 0.6328
vn -0.7518 0.6561 -0.0656
vn -0.7387 0.2903 -0.6083
vn -0.7212 -0.0617 0.6900
vn 0.5827 0.0833 -0.8084
vn -0.5588 -0.5781 0.5946
vn 0.5688 0.0516 -0.8209
vn -0.7060 0.6268 -0.3298
vn -0.4639 0.2362 -0.8538
vn -0.7632 0.3190 0.5619
vn -0.9011 0.0505 -0.4306
vn 0.7862 0.6160 -0.0487
vn 0.6457 -0.4395 -0.6244
vn -0.1546 0.3437 -0.9263
vn 0.4847 -0.8142 0.3194
vn 0.6594 -0.6682 0.3445
vn 0.8395 -0.1627 0.5183
vn 0.4009 0.3131 -0.8609
vn 0.1851 -0.7598 0.6233
vn -0.5596 0.8224 -0.1031
vn -0.0158 -0.0401 -0.9991
vn -0.2973 0.9305 0.2141
vn -0.7387 0.2903 -0.6084
vn -0.6974 -0.6948 0.1759
vn 0.5826 0.0833 -0.8084
vn 0.9896 0.0067 -0.1439
vn 0.9030 -0.1214 0.4122
vn 0.1665 -0.8804 0.4440
vn -0.2563 -0.5117 -0.8200
vn 0.8861 0.4403 0.1451
vn -0.8878 0.3279 0.3231
vn 0.8119 0.5624 0.1569
vn -0.7632 0.3192 0.5619
vn -0.0510 0.6027 0.7963
vn 0.0613 -0.2345 0.9702
vn 0.4059 -0.7811 -0.4744
vn -0.8215 0.5442 0.1703
vn 0.5512 0.3531 -0.7559
vn -0.9011 0.0506 -0.4306
vn 0.8525 -0.4738 -0.2208
vn -0.4006 -0.4653 -0.7893
vn 0.2480 0.7357 -0.6302
vn 0.0446 -0.8442 0.5341
vn -0.4696 0.4523 -0.7583
vn 0.5137 -0.8381 0.1836
vn -0.1341 -0.3445 -0.9291
vn 0.8748 -0.4827 0.0420
vn 0.7653 0.2094 0.6087
vn -0.4284 -0.8663 0.2571
vn 0.9963 0.0301 -0.0801
vn -0.7386 0.2905 -0.6083
vn -0.8576 0.2117 -0.4688
vn -0.7212 -0.0615 0.6900
vn 0.3192 0.9412 0.1109
vn -0.7325 -0.3133 -0.6043
vn 0.9896 0.0071 -0.1439
vn 0.4349 0.5386 0.7216
vn 0.9030 -0.1213 0.4123
vn 0.2640 -0.2526 0.9308
vn -0.6296 0.7625 -0.1492
vn 0.4794 0.1521 0.8643
vn -0.7059 0.6269 -0.3297
vn -0.2564 -0.5118 -0.8199
vn 0.3757 0.4048 0.8337
vn 0.8119 0.5623 0.1569
vn 0.5594 -0.4792 0.6764
vn 0.6770 -0.7087 -0.1987
vn -0.8214 0.5443 0.1702
vn 0.5513 0.3531 -0.7560
vn -0.2562 0.9392 0.2285
vn 0.4848 -0.8142 0.3194
vn -0.2846 0.8791 0.3822
vn -0.6665 -0.2739 -0.6933
vn 0.7468 -0.0541 0.6628
vn 0.4486 0.5606 -0.6960
vn -0.0001 -0.0000 -1.0000
vn -0.5793 0.1389 0.8032
vn -0.4402 -0.0102 -0.8978
vn 0.4053 0.9127 -0.0512
vn -0.2974 0.9304 0.2142
vn -0.1574 -0.7673 0.6217
vn -0.6973 -0.6948 0.1762
vn -0.5589 -0.5781 0.5946
vn -0.4069 0.6326 0.6589
vn 0.9896 0.0068 -0.1439
vn 0.4349 0.5389 0.7214
vn -0.0712 0.6941 -0.7163
vn 0.9030 -0.1213 0.4121
vn 0.4170 0.2267 -0.8802
vn 0.1410 -0.4512 0.8812
vn -0.5003 0.8475 -0.1772
vn 0.2643 -0.2526 0.9308
vn 0.1166 -0.4766 0.8713
vn -0.7061 0.6266 -0.3298
vn -0.2563 -0.5118 -0.8200
vn 0.3756 0.4045 0.8338
vn 0.5846 -0.1551 -0.7964
vn 0.8118 0.5624 0.1571
vn 0.1874 0.3077 -0.9328
vn -0.1792 -0.1740 0.9683
vn -0.7689 -0.5052 0.3918
vn -0.1314 -0.8697 0.4759
vn 0.5593 -0.4793 0.6764
vn 0.0909 -0.6635 0.7426
vn 0.0486 0.0674 -0.9965
vn -0.8215 0.5443 0.1701
vn 0.2349 -0.4725 0.8494
vn -0.4174 0.0980 -0.9034
vn -0.4559 0.2144 -0.8638
vn 0.2723 0.9613 0.0406
vn -0.1272 0.6931 0.7095
vn 0.0504 0.3279 0.9434
vn -0.5779 0.7500 0.3219
vn 0.0601 0.5770 -0.8145
vn 0.0503 -0.6799 0.7316
vn 0.7863 0.6159 -0.0487
vn -0.6185 0.6819 0.3905
vn -0.3033 -0.8797 -0.3664
vn 0.5653 -0.1562 0.8100
vn 0.0447 -0.8443 0.5340
vn -0.4697 0.4522 -0.7582
vn 0.1948 0.8201 -0.5381
vn 0.8583 -0.1577 0.4883
vn 0.5136 -0.8381 0.1837
vn -0.5515 0.6469 0.5267
vn 0.6468 -0.7623 -0.0223
vn -0.2542 -0.7042 0.6629
vn -0.8374 -0.5124 0.1906
vn 0.8396 -0.1627 0.5183
vn -0.4404 -0.0102 -0.8978
vn 0.4010 0.3131 -0.8609
vn 0.0225 -0.0837 -0.9962
vn -0.1572 -0.7672 0.6218
vn -0.8576 0.2116 -0.4687
vn 0.8494 -0.0296 0.5269
vn 0.5826 0.0833 -0.8085
vn -0.4071 0.6326 0.6589
vn -0.7325 -0.3137 -0.6042
vn 0.4348 0.5388 0.7215
vn -0.8406 -0.5397 -0.0461
vn -0.0712 0.6940 -0.7164
vn 0.9029 -0.1215 0.4122
vn 0.5038 -0.2804 -0.8171
vn 0.7950 0.6041 -0.0548
vn 0.2642 -0.2527 0.9308
vn -0.6297 0.7624 -0.1493
vn -0.7060 0.6267 -0.3299
vn -0.2565 -0.5117 -0.8200
vn 0.3757 0.4045 0.8338
vn 0.5847 -0.1550 -0.7963
vn 0.8119 0.5622 0.1570
vn 0.1874 0.3076 -0.9329
vn -0.7632 0.3192 0.5618
vn 0.5593 -0.4793 0.6763
vn 0.0592 0.0419 -0.9974
vn 0.6772 -0.7085 -0.1988
vn 0.2723 0.9613 0.0405
vn 0.0065 -0.0021 -1.0000
vn -0.0883 0.3046 -0.9484
vn 0.0502 -0.6800 0.7315
vn 0.2814 0.3521 0.8927
vn -0.2527 0.2366 0.9382
vn 0.7861 0.6161 -0.0487
vn 0.0075 -0.0025 -1.0000
vn 0.2426 0.0119 -0.9701
vn 0.2371 0.9527 0.1901
vn 0.0196 -0.9519 0.3057
vn 0.0082 0.2899 0.9570
vn 0.8748 -0.4826 0.0421
vn -0.8020 0.5183 0.2970
vn 0.7709 -0.4684 -0.4318
vn -0.8393 -0.3002 0.4533
vn 0.1851 -0.7596 0.6234
vn -0.2973 0.9304 0.2142
vn -0.7386 0.2904 -0.6084
vn -0.6972 -0.6949 0.1761
vn 0.5826 0.0831 -0.8085
vn -0.5588 -0.5780 0.5946
vn 0.4349 0.5388 0.7215
vn 0.1667 -0.8803 0.4441
vn -0.7059 0.6269 -0.3299
vn -0.2565 -0.5118 -0.8199
vn 0.8858 0.4407 0.1451
vn 0.8120 0.5622 0.1570
vn -0.7858 -0.4584 0.4151
vn 0.0995 -0.1898 0.9768
vn 0.5593 -0.4792 0.6764
vn 0.6770 -0.7087 -0.1988
vn 0.2347 -0.4726 0.8494
vn -0.4175 0.0980 -0.9034
vn 0.3335 0.1525 -0.9303
vn -0.7262 0.4529 0.5172
vn -0.5516 0.6793 0.4840
vn 0.2724 0.9613 0.0406
vn -0.0883 0.3047 -0.9484
vn 0.0601 0.5770 -0.8146
vn 0.0502 -0.6799 0.7316
vn -0.2527 0.2369 0.9381
vn 0.4277 0.2779 0.8602
vn 0.7863 0.6160 -0.0487
vn 0.5652 -0.1562 0.8101
vn -0.4695 0.4523 -0.7583
vn 0.0338 -0.7740 0.6322
vn -0.6665 -0.2740 -0.6933
vn 0.6696 -0.6513 0.3570
vn -0.7137 -0.6277 0.3107
vn -0.7635 -0.5613 0.3194
vn -0.1572 -0.7673 0.6217
vn -0.6973 -0.6948 0.1761
vn -0.8576 0.2115 -0.4687
vn -0.5588 -0.5781 0.5945
vn -0.7325 -0.3134 -0.6043
vn -0.0712 0.6941 -0.7164
vn -0.7059 0.6268 -0.3299
vn 0.3757 0.4046 0.8337
vn 0.8859 0.4406 0.1451
vn 0.8119 0.5622 0.1572
vn -0.3565 -0.2735 0.8934
vn 0.4059 -0.7812 -0.4744
vn -0.1272 0.6931 0.7096
vn -0.0883 0.3047 -0.9483
vn -0.2527 0.2368 0.9381
vn 0.7862 0.6160 -0.0488
vn -0.2243 -0.1248 -0.9665
vn 0.2370 0.9527 0.1904
vn 0.7652 0.2094 0.6087
vn -0.1574 -0.7672 0.6218
vn -0.7324 -0.3138 -0.6043
vn 0.4348 0.5389 0.7215
vn 0.1410 -0.4511 0.8813
vn -0.6298 0.7623 -0.1492
vn -0.0360 0.5983 0.8004
vn -0.7062 0.6265 -0.3298
vn 0.8118 0.5624 0.1572
vn -0.7633 0.3190 0.5619
vn 0.0612 -0.2344 0.9702
vn 0.0909 -0.6636 0.7426
vn -0.0885 0.3046 -0.9483
vn -0.5778 0.7499 0.3221
vn 0.0503 -0.6800 0.7315
vn -0.4004 -0.4654 -0.7893
vn 0.5653 -0.1563 0.8100
vn 0.5136 -0.8381 0.1836
vn -0.7363 -0.6665 0.1168
vt 0.932044 0.655849
vt 0.954873 0.655849
vt 0.952924 0.655850
vt 0.940798 0.655849
vt 0.960027 0.655849
vt 0.971159 0.655849
vt 0.949854 0.655849
vt 0.968536 0.839012
vt 0.960105 0.876324
vt 0.964437 0.984237
vt 0.276666 0.581243
vt 0.276498 0.705835
vt 0.268635 0.650391
vt 0.278265 0.625076
vt 0.257919 0.808291
vt 0.248792 0.855859
vt 0.251181 0.746743
vt 0.246148 0.897663
vt 0.237197 0.775972
vt 0.953137 0.888936
vt 0.231239 0.729696
vt 0.227965 0.717682
vt 0.223041 0.700180
vt 0.220652 0.688900
vt 0.224561 0.659225
vt 0.950301 0.885813
vt 0.932965 0.836825
vt 0.946347 0.802594
vt 0.237432 0.720439
vt 0.264788 0.796529
vt 0.255281 0.734025
vt 0.249622 0.786862
vt 0.938963 0.780428
vt 0.267507 0.725708
vt 0.255873 0.914010
vt 0.279086 0.701927
vt 0.275265 0.772140
vt 0.967085 0.698794
vt 0.975040 0.775948
vt 0.972295 0.723986
vt 0.969513 0.772358
vt 0.958232 0.806791
vt 0.959263 0.735779
vt 0.952046 0.737652
vt 0.262636 0.845638
vt 0.265097 0.864365
vt 0.931450 0.655849
vt 0.930824 0.736436
vt 0.934330 0.746374
vt 0.929798 0.678211
vt 0.929457 0.770801
vt 0.943897 0.721386
vt 0.949052 0.751495
vt 0.227662 0.619111
vt 0.234132 0.661180
vt 0.233876 0.663593
vt 0.227232 0.622131
vt 0.271703 0.522267
vt 0.269469 0.573239
vt 0.269949 0.574614
vt 0.272187 0.519749
vt 0.234663 0.549289
vt 0.234503 0.544988
vt 0.937019 0.842405
vt 0.279678 0.522267
vt 0.280256 0.522553
vt 0.233913 0.928525
vt 0.234704 0.869334
vt 0.234353 0.874793
vt 0.233520 0.934394
vt 0.936848 0.655849
vt 0.271968 0.522267
vt 0.272415 0.522622
vt 0.223158 0.627483
vt 0.222669 0.630190
vt 0.260612 0.594743
vt 0.260788 0.590905
vt 0.218584 0.522267
vt 0.220528 0.522267
vt 0.220016 0.520556
vt 0.218004 0.522637
vt 0.241760 0.793767
vt 0.252000 0.965755
vt 0.252093 0.972912
vt 0.241645 0.798687
vt 0.969181 0.655849
vt 0.963662 0.655849
vt 0.226444 0.831932
vt 0.220478 0.643993
vt 0.219931 0.646709
vt 0.226007 0.837231
vt 0.943846 0.655849
vt 0.262791 0.695717
vt 0.263156 0.700747
vt 0.265904 0.823318
vt 0.266203 0.828094
vt 0.254932 0.756548
vt 0.255080 0.763023
vt 0.254163 0.957533
vt 0.238200 0.951040
vt 0.238220 0.957815
vt 0.254302 0.964198
vt 0.959997 0.971963
vt 0.272922 0.751000
vt 0.273402 0.754008
vt 0.262362 0.660808
vt 0.262666 0.665209
vt 0.227843 0.785172
vt 0.227375 0.788908
vt 0.228379 0.522267
vt 0.228219 0.515752
vt 0.961579 0.922849
vt 0.970687 0.910341
vt 0.967982 0.876328
vt 0.946509 0.738767
vt 0.949598 0.840039
vt 0.241922 0.700049
vt 0.241814 0.703902
vt 0.269018 0.826956
vt 0.269410 0.832385
vt 0.943829 0.655850
vt 0.229102 0.777474
vt 0.228753 0.782291
vt 0.227501 0.679709
vt 0.227157 0.683297
vt 0.258078 0.671357
vt 0.250303 0.728485
vt 0.250270 0.730067
vt 0.258238 0.671372
vt 0.244338 0.522267
vt 0.244263 0.520325
vt 0.233429 0.758059
vt 0.233074 0.761663
vt 0.970274 0.526926
vt 0.944384 0.526926
vt 0.926609 0.526926
vt 0.945759 0.526926
vt 0.973830 0.526926
vt 0.962040 0.831582
vt 0.957018 0.714519
vt 0.942670 0.869902
vt 0.929040 0.714518
vt 0.939591 0.714518
vt 0.250037 0.752696
vt 0.260672 0.571502
vt 0.261510 0.580876
vt 0.250482 0.759324
vt 0.276888 0.571502
vt 0.277933 0.579783
vt 0.231845 0.769010
vt 0.231163 0.777556
vt 0.259693 0.709780
vt 0.264601 0.833304
vt 0.265736 0.839665
vt 0.260266 0.706769
vt 0.230535 0.571502
vt 0.229989 0.578027
vt 0.244477 0.902523
vt 0.244248 0.919421
vt 0.963826 0.714518
vt 0.220544 0.571502
vt 0.219523 0.576651
vt 0.228874 0.752307
vt 0.228165 0.760561
vt 0.268950 0.718210
vt 0.262043 0.867145
vt 0.245800 0.927804
vt 0.268121 0.651366
vt 0.257537 0.804448
vt 0.254219 0.582748
vt 0.247579 0.589521
vt 0.247922 0.589914
vt 0.254555 0.582985
vt 0.228469 0.715183
vt 0.237655 0.714411
vt 0.231556 0.722250
vt 0.264596 0.582748
vt 0.276002 0.582748
vt 0.265076 0.582668
vt 0.255215 0.726957
vt 0.248767 0.665642
vt 0.248844 0.673094
vt 0.232737 0.619198
vt 0.234380 0.582748
vt 0.234006 0.575471
vt 0.232223 0.619868
vt 0.226558 0.584004
vt 0.225165 0.657889
vt 0.226029 0.579403
vt 0.256692 0.582748
vt 0.257101 0.584344
vt 0.251893 0.582748
vt 0.235809 0.678141
vt 0.235391 0.680993
vt 0.252088 0.586119
vt 0.242483 0.582748
vt 0.242278 0.587303
vt 0.249620 0.778549
vt 0.255707 0.904634
vt 0.251062 0.742379
vt 0.258473 0.688531
vt 0.258909 0.690774
vt 0.240129 0.626665
vt 0.239963 0.632652
vt 0.951616 0.847637
vt 0.961913 0.814395
vt 0.960067 0.655850
vt 0.966838 0.760904
vt 0.230596 0.582748
vt 0.230183 0.584753
vt 0.277581 0.625965
vt 0.262258 0.837535
vt 0.275859 0.703637
vt 0.938601 0.694055
vt 0.935121 0.698544
vt 0.256174 0.633741
vt 0.256456 0.635424
vt 0.221472 0.614157
vt 0.220956 0.617560
vt 0.221012 0.680401
vt 0.270225 0.656087
vt 0.262544 0.643538
vt 0.262762 0.647085
vt 0.270605 0.659349
vt 0.246531 0.889831
vt 0.237602 0.769542
vt 0.260801 0.582748
vt 0.261122 0.582665
vt 0.941732 0.785413
vt 0.249000 0.849917
vt 0.932146 0.782027
vt 0.256292 0.882240
vt 0.243070 0.687950
vt 0.258686 0.790431
vt 0.277169 0.701963
vt 0.252601 0.590160
vt 0.280059 0.538652
vt 0.278453 0.593432
vt 0.217878 0.560988
vt 0.221776 0.701333
vt 0.229298 0.649490
s 1
usemtl AllColors_Material.005
f 31/1/1 14/2/1 2/3/1
f 14/2/1 31/1/1 30/4/1
f 25/5/1 33/6/1 26/7/1
f 37/8/2 39/9/2 11/10/2
f 170/11/3 13/12/3 8/13/3
f 185/14/4 13/12/4 170/11/4
f 162/15/5 180/16/5 163/17/5
f 180/16/6 166/18/6 164/19/6
f 39/9/7 38/20/7 11/10/7
f 168/21/8 169/22/8 48/23/8
f 28/24/9 169/22/9 158/25/9
f 19/26/10 40/27/10 41/28/10
f 158/25/11 169/22/11 165/29/11
f 167/30/12 157/31/12 156/32/12
f 41/28/13 40/27/13 7/33/13
f 157/31/14 167/30/14 20/34/14
f 167/30/15 156/32/15 155/35/15
f 49/36/16 17/37/16 13/12/16
f 18/38/17 21/39/17 33/6/17
f 33/6/18 21/39/18 10/40/18
f 18/38/19 1/41/19 21/39/19
f 9/42/20 44/43/20 45/44/20
f 13/12/21 17/37/21 5/45/21
f 188/46/22 155/35/22 5/45/22
f 32/47/23 46/48/23 6/49/23
f 46/48/24 3/50/24 16/51/24
f 7/33/25 47/52/25 41/28/25
f 17/37/26 167/30/26 155/35/26
f 41/28/27 47/52/27 15/53/27
f 46/54/28 16/55/28 124/56/28 149/57/28
f 29/58/29 10/59/29 119/60/29 152/61/29
f 16/55/30 3/62/30 125/63/30 124/56/30
f 19/26/31 38/20/31 35/64/31 40/27/31
f 24/65/32 29/58/32 152/61/32 151/66/32
f 38/67/33 39/68/33 147/69/33 122/70/33
f 1/41/34 18/38/35 44/43/36
f 25/5/37 18/38/37 33/6/37
f 6/49/38 27/71/38 32/47/38
f 2/72/39 24/65/39 151/66/39 141/73/39
f 6/74/40 46/54/40 149/57/40 146/75/40
f 2/72/41 23/76/41 139/77/41 141/73/41
f 4/78/42 27/79/42 142/80/42 128/81/42
f 37/82/43 11/83/43 121/84/43 117/85/43
f 10/40/44 29/86/44 33/6/44
f 30/4/1 31/1/1 32/47/1
f 26/7/1 33/6/1 24/87/1
f 14/2/1 26/7/1 24/87/1
f 12/88/45 22/89/45 136/90/45 123/91/45
f 27/71/1 4/92/1 26/7/1
f 15/93/46 2/72/46 141/73/46 140/94/46
f 39/68/47 37/82/47 117/85/47 147/69/47
f 11/83/48 36/95/48 120/96/48 121/84/48
f 41/97/49 15/93/49 140/94/49 135/98/49
f 42/99/50 19/100/50 134/101/50 133/102/50
f 19/26/51 42/103/51 11/10/51
f 36/95/52 43/104/52 129/105/52 120/96/52
f 10/59/53 21/106/53 118/107/53 119/60/53
f 11/10/54 38/20/54 19/26/54
f 35/108/55 38/67/55 122/70/55 132/109/55
f 3/62/56 32/110/56 137/111/56 125/63/56
f 34/112/57 36/113/57 11/10/57 42/103/57
f 44/43/58 25/5/58 26/7/58 45/44/58
f 34/112/59 43/114/59 36/113/59
f 26/7/60 4/92/60 22/115/60 45/44/60
f 12/116/61 9/42/61 45/44/61 22/115/61
f 21/106/62 1/117/62 113/118/62 118/107/62
f 27/79/63 6/74/63 146/75/63 142/80/63
f 22/89/64 4/78/64 128/81/64 136/90/64
f 43/104/65 34/119/65 145/120/65 129/105/65
f 3/50/66 46/48/66 32/47/66
f 23/121/67 2/3/67 15/53/67 47/52/67
f 9/122/68 12/88/68 123/91/68 116/123/68
f 34/119/69 42/99/69 133/102/69 145/120/69
f 1/117/70 44/124/70 112/125/70 113/118/70
f 47/126/71 7/127/71 114/128/71 150/129/71
f 32/110/72 31/130/72 144/131/72 137/111/72
f 25/5/73 44/43/36 18/38/35
f 19/100/74 41/97/74 135/98/74 134/101/74
f 31/130/75 2/72/75 141/73/75 144/131/75
f 7/127/76 40/132/76 148/133/76 114/128/76
f 23/76/77 47/126/77 150/129/77 139/77/77
f 44/124/78 9/122/78 116/123/78 112/125/78
f 40/132/79 35/108/79 132/109/79 148/133/79
f 24/87/1 33/6/1 29/86/1
f 30/4/1 26/7/1 14/2/1
f 27/71/1 26/7/1 30/4/1
f 32/47/1 27/71/1 30/4/1
f 24/87/1 2/3/1 14/2/1
f 52/134/1 54/135/1 53/136/1
f 52/134/1 53/136/1 55/137/1
f 52/134/1 55/137/1 51/138/1
f 61/139/80 59/140/80 60/141/80
f 59/140/81 58/142/81 60/141/81
f 58/142/82 57/143/82 60/141/82
f 56/144/83 52/145/83 62/146/83 192/147/83
f 52/145/84 51/148/84 70/149/84 62/146/84
f 57/150/85 56/144/85 192/147/85 193/151/85
f 59/152/86 61/153/86 195/154/86 191/155/86
f 51/148/87 55/156/87 81/157/87 70/149/87
f 60/158/88 57/150/88 193/151/88 194/159/88
f 53/136/89 57/143/89 58/142/89
f 54/135/90 56/160/90 57/143/90
f 61/153/91 60/158/91 194/159/91 195/154/91
f 55/156/92 53/161/92 98/162/92 81/157/92
f 53/161/93 58/163/93 190/164/93 98/162/93
f 53/136/94 54/135/94 57/143/94
f 54/135/95 52/134/95 56/160/95
f 58/163/96 59/152/96 191/155/96 190/164/96
f 92/1/1 75/2/1 63/3/1
f 75/2/1 92/1/1 91/4/1
f 86/5/1 94/6/1 87/7/97
f 192/147/98 68/165/98 108/166/98
f 82/39/99 97/113/99 71/40/99
f 100/167/100 192/147/100 108/166/100
f 193/151/101 192/147/101 100/167/101
f 194/159/102 193/151/102 100/167/102
f 195/154/103 194/159/103 100/167/103
f 68/165/104 191/155/104 195/154/104
f 108/166/105 68/165/105 195/154/105
f 80/26/106 101/27/106 102/28/106
f 108/166/107 195/154/107 100/167/107
f 71/168/108 104/169/108 162/15/108 8/13/108
f 65/170/109 78/171/109 160/172/109 161/173/109
f 101/174/110 96/175/110 165/29/110 169/22/110
f 102/176/111 101/174/111 169/22/111 168/21/111
f 97/113/112 104/114/112 71/40/112
f 90/177/113 94/178/113 170/11/113 187/179/113
f 73/180/114 74/181/114 181/182/114 157/31/114
f 107/183/115 93/184/115 173/185/115 184/186/115
f 64/187/116 77/188/116 158/25/116 159/189/116
f 85/190/117 90/177/117 187/179/117 186/191/117
f 89/192/118 76/193/118 177/194/118 179/195/118
f 93/47/119 107/48/120 67/49/121
f 63/196/122 89/192/122 179/195/122 178/197/122
f 99/198/123 72/199/123 155/35/123 156/32/123
f 109/200/124 110/201/124 189/202/124 163/17/124
f 67/203/125 107/183/125 184/186/125 182/204/125
f 66/205/126 76/53/126 109/206/126
f 102/28/127 76/53/127 66/205/127
f 109/206/128 89/207/128 110/208/128
f 80/26/129 99/20/129 96/64/129 101/27/129
f 84/209/130 63/196/130 178/197/130 176/210/130
f 94/178/131 79/211/131 185/14/131 170/11/131
f 97/212/132 82/213/132 13/12/132 5/45/132
f 86/5/133 79/38/133 94/6/133
f 67/49/121 88/71/134 93/47/119
f 67/49/135 78/214/135 88/71/135
f 88/71/136 78/214/136 65/92/136
f 111/215/137 77/51/137 64/50/137
f 63/3/1 84/121/1 92/1/1
f 83/216/138 73/180/138 157/31/138 172/217/138
f 110/201/139 89/192/139 179/195/139 189/202/139
f 91/4/1 92/1/1 93/47/1
f 87/7/97 94/6/1 85/87/1
f 75/2/1 87/7/97 85/87/1
f 64/50/140 93/47/140 92/1/140
f 88/71/1 65/92/141 87/7/97
f 78/171/142 83/216/142 172/217/142 160/172/142
f 111/218/143 84/209/143 176/210/143 175/219/143
f 72/199/144 97/212/144 5/45/144 155/35/144
f 77/188/145 69/220/145 28/24/145 158/25/145
f 76/193/146 102/176/146 168/21/146 177/194/146
f 80/26/147 103/103/147 72/10/147
f 105/221/148 106/222/148 183/223/148 50/224/148
f 82/213/149 71/168/149 8/13/149 13/12/149
f 72/10/150 99/20/150 80/26/150
f 80/26/151 102/28/151 66/205/151 103/103/151
f 103/225/152 66/226/152 164/19/152 166/18/152
f 95/112/153 97/113/153 72/10/153 103/103/153
f 105/43/154 86/5/154 87/7/154 106/44/154
f 95/112/155 104/114/155 97/113/155
f 96/175/156 99/198/156 156/32/156 165/29/156
f 106/222/157 87/227/157 171/228/157 183/223/157
f 93/184/158 64/187/158 159/189/158 173/185/158
f 73/116/159 83/115/159 74/229/159
f 74/229/160 83/115/160 78/214/160
f 89/192/161 85/190/161 186/191/161 179/195/161
f 104/169/162 95/230/162 180/16/162 162/15/162
f 69/220/163 111/218/163 175/219/163 28/24/163
f 74/181/164 67/203/164 182/204/164 181/182/164
f 87/227/97 65/170/141 161/173/165 171/228/165
f 95/230/166 103/225/166 166/18/166 180/16/166
f 79/211/167 105/221/167 50/224/167 185/14/167
f 66/226/168 109/200/168 163/17/168 164/19/168
f 86/5/169 105/43/169 79/38/169
f 74/229/170 78/214/170 67/49/170
f 92/1/171 111/215/171 64/50/171
f 69/231/172 77/51/172 111/215/172
f 111/215/173 92/1/173 84/121/173
f 109/206/174 76/53/174 89/207/174
f 89/207/1 63/3/1 85/87/1
f 85/87/1 94/6/1 90/86/1
f 91/4/1 87/7/97 75/2/1
f 88/71/1 87/7/97 91/4/1
f 93/47/1 88/71/1 91/4/1
f 85/87/1 63/3/1 75/2/1
f 118/107/175 120/96/175 119/60/175
f 153/232/176 121/84/176 120/96/176
f 118/107/177 117/85/177 120/96/177
f 113/118/178 117/85/178 118/107/178
f 123/91/179 147/69/179 116/123/179
f 147/69/180 123/91/180 122/70/180
f 124/56/181 148/133/181 132/109/181
f 115/233/182 148/133/182 124/56/182
f 145/120/183 133/102/183 131/234/183
f 129/105/184 145/120/184 130/235/184
f 120/96/185 129/105/185 119/60/185
f 112/125/186 117/85/186 113/118/186
f 112/125/187 116/123/187 117/85/187
f 150/129/188 114/128/188 138/236/188
f 131/234/189 140/94/189 130/235/189
f 135/98/190 140/94/190 131/234/190
f 130/235/191 143/237/191 154/238/191
f 154/238/192 151/66/192 152/61/192
f 119/60/193 154/238/193 152/61/193
f 146/75/194 127/239/194 142/80/194
f 142/80/195 127/239/195 128/81/195
f 138/236/196 124/56/196 125/63/196
f 141/73/197 139/77/197 144/131/197
f 143/237/198 140/94/198 141/73/198
f 125/63/199 137/111/199 144/131/199
f 130/235/200 145/120/200 131/234/200
f 146/75/201 132/109/202 126/240/203
f 126/240/204 132/109/204 123/91/204
f 122/70/205 123/91/205 132/109/205
f 117/85/206 116/123/206 147/69/206
f 120/96/207 117/85/207 153/232/207
f 121/84/208 153/232/208 117/85/208
f 134/101/209 135/98/209 131/234/209 133/102/209
f 115/233/210 114/128/210 148/133/210
f 128/81/211 127/239/211 136/90/211
f 123/91/212 136/90/212 126/240/212
f 126/240/213 136/90/213 127/239/213
f 149/57/214 124/56/214 132/109/214 146/75/214
f 138/236/215 114/128/215 115/233/215
f 139/77/216 150/129/216 138/236/216
f 154/238/217 143/237/217 151/66/217
f 129/105/218 154/238/218 119/60/218
f 130/235/219 154/238/219 129/105/219
f 126/240/203 127/239/220 146/75/201
f 144/131/221 138/236/221 125/63/221
f 115/233/222 124/56/222 138/236/222
f 138/236/223 144/131/223 139/77/223
f 130/235/224 140/94/224 143/237/224
f 143/237/225 141/73/225 151/66/225
f 185/14/226 49/36/226 13/12/226
f 20/34/227 50/224/227 183/223/227
f 50/224/228 17/37/228 49/36/228
f 50/224/229 20/34/229 17/37/229
f 184/186/230 159/189/230 158/25/230
f 48/23/231 174/241/231 168/21/231
f 174/241/232 48/23/232 175/219/232
f 168/21/233 174/241/233 177/194/233
f 189/202/234 186/191/234 187/179/234
f 8/13/235 189/202/235 187/179/235
f 49/36/236 185/14/236 50/224/236
f 179/195/237 177/194/237 178/197/237
f 8/13/238 187/179/238 170/11/238
f 163/17/239 180/16/239 164/19/239
f 182/204/240 165/29/240 181/182/240
f 181/182/241 165/29/241 157/31/241
f 156/32/242 157/31/242 165/29/242
f 17/37/243 20/34/243 167/30/243
f 5/45/244 17/37/244 188/46/244
f 155/35/245 188/46/245 17/37/245
f 28/24/246 48/23/246 169/22/246
f 171/228/247 161/173/247 172/217/247 183/223/247
f 157/31/248 20/34/248 183/223/248 172/217/248
f 161/173/249 160/172/249 172/217/249
f 184/186/250 158/25/250 165/29/250 182/204/250
f 159/189/251 184/186/251 173/185/251
f 176/210/252 178/197/252 177/194/252 174/241/252
f 175/219/253 48/23/253 28/24/253
f 176/210/254 174/241/254 175/219/254
f 189/202/255 179/195/255 186/191/255
f 162/15/256 189/202/256 8/13/256
f 163/17/257 189/202/257 162/15/257
f 70/149/258 191/155/258 68/165/258
f 81/157/259 190/164/259 191/155/259
f 62/146/260 68/165/260 192/147/260
f 70/149/261 81/157/261 191/155/261
f 81/157/262 98/162/262 190/164/262
f 62/146/263 70/149/263 68/165/263
f 226/1/1 209/2/1 197/3/1
f 209/2/1 226/1/1 225/4/1
f 220/5/1 228/6/1 221/7/1
f 232/8/2 234/9/2 206/10/2
f 365/11/3 208/12/3 203/13/3
f 380/14/4 208/12/4 365/11/4
f 357/15/264 375/16/264 358/17/264
f 375/16/6 361/18/6 359/19/6
f 234/9/7 233/20/7 206/10/7
f 363/21/8 364/22/8 243/23/8
f 223/24/9 364/22/9 353/25/9
f 214/26/10 235/27/10 236/28/10
f 353/25/11 364/22/11 360/29/11
f 362/30/12 352/31/12 351/32/12
f 236/28/13 235/27/13 202/33/13
f 352/31/14 362/30/14 215/34/14
f 362/30/15 351/32/15 350/35/15
f 244/36/265 212/37/265 208/12/265
f 213/38/17 216/39/17 228/6/17
f 228/6/18 216/39/18 205/40/18
f 213/38/19 196/41/19 216/39/19
f 204/42/20 239/43/20 240/44/20
f 208/12/21 212/37/21 200/45/21
f 383/46/22 350/35/22 200/45/22
f 227/47/23 241/48/23 201/49/23
f 241/48/24 198/50/24 211/51/24
f 202/33/25 242/52/25 236/28/25
f 212/37/26 362/30/26 350/35/26
f 236/28/27 242/52/27 210/53/27
f 241/54/28 211/55/28 319/56/28 344/57/28
f 224/58/29 205/59/29 314/60/29 347/61/29
f 211/55/266 198/62/266 320/63/266 319/56/266
f 214/26/31 233/20/31 230/64/31 235/27/31
f 219/65/32 224/58/32 347/61/32 346/66/32
f 233/67/33 234/68/33 342/69/33 317/70/33
f 196/41/34 213/38/35 239/43/36
f 220/5/37 213/38/37 228/6/37
f 201/49/38 222/71/38 227/47/38
f 197/72/39 219/65/39 346/66/39 336/73/39
f 201/74/40 241/54/40 344/57/40 341/75/40
f 197/72/267 218/76/267 334/77/267 336/73/267
f 199/78/42 222/79/42 337/80/42 323/81/42
f 232/82/43 206/83/43 316/84/43 312/85/43
f 205/40/44 224/86/44 228/6/44
f 225/4/1 226/1/1 227/47/1
f 221/7/1 228/6/1 219/87/1
f 209/2/1 221/7/1 219/87/1
f 207/88/45 217/89/45 331/90/45 318/91/45
f 222/71/1 199/92/1 221/7/1
f 210/93/268 197/72/268 336/73/268 335/94/268
f 234/68/47 232/82/47 312/85/47 342/69/47
f 206/83/269 231/95/269 315/96/269 316/84/269
f 236/97/270 210/93/270 335/94/270 330/98/270
f 237/99/271 214/100/271 329/101/271 328/102/271
f 214/26/51 237/103/51 206/10/51
f 231/95/272 238/104/272 324/105/272 315/96/272
f 205/59/273 216/106/273 313/107/273 314/60/273
f 206/10/54 233/20/54 214/26/54
f 230/108/274 233/67/274 317/70/274 327/109/274
f 198/62/275 227/110/275 332/111/275 320/63/275
f 229/112/57 231/113/57 206/10/57 237/103/57
f 239/43/276 220/5/276 221/7/276 240/44/276
f 229/112/59 238/114/59 231/113/59
f 221/7/60 199/92/60 217/115/60 240/44/60
f 207/116/61 204/42/61 240/44/61 217/115/61
f 216/106/62 196/117/62 308/118/62 313/107/62
f 222/79/277 201/74/277 341/75/277 337/80/277
f 217/89/64 199/78/64 323/81/64 331/90/64
f 238/104/65 229/119/65 340/120/65 324/105/65
f 198/50/66 241/48/66 227/47/66
f 218/121/67 197/3/67 210/53/67 242/52/67
f 204/122/278 207/88/278 318/91/278 311/123/278
f 229/119/69 237/99/69 328/102/69 340/120/69
f 196/117/70 239/124/70 307/125/70 308/118/70
f 242/126/71 202/127/71 309/128/71 345/129/71
f 227/110/279 226/130/279 339/131/279 332/111/279
f 220/5/73 239/43/36 213/38/35
f 214/100/74 236/97/74 330/98/74 329/101/74
f 226/130/75 197/72/75 336/73/75 339/131/75
f 202/127/76 235/132/76 343/133/76 309/128/76
f 218/76/280 242/126/280 345/129/280 334/77/280
f 239/124/281 204/122/281 311/123/281 307/125/281
f 235/132/79 230/108/79 327/109/79 343/133/79
f 219/87/1 228/6/1 224/86/1
f 225/4/1 221/7/1 209/2/1
f 222/71/1 221/7/1 225/4/1
f 227/47/1 222/71/1 225/4/1
f 219/87/1 197/3/1 209/2/1
f 247/134/1 249/135/1 248/136/1
f 247/134/1 248/136/1 250/137/1
f 247/134/1 250/137/1 246/138/1
f 256/139/80 254/140/80 255/141/80
f 254/140/282 253/142/282 255/141/282
f 253/142/82 252/143/82 255/141/82
f 251/144/283 247/145/283 257/146/283 387/147/283
f 247/145/84 246/148/84 265/149/84 257/146/84
f 252/150/85 251/144/85 387/147/85 388/151/85
f 254/152/284 256/153/284 390/154/284 386/155/284
f 246/148/87 250/156/87 276/157/87 265/149/87
f 255/158/285 252/150/285 388/151/285 389/159/285
f 248/136/89 252/143/89 253/142/89
f 249/135/90 251/160/90 252/143/90
f 256/153/286 255/158/286 389/159/286 390/154/286
f 250/156/287 248/161/287 293/162/287 276/157/287
f 248/161/288 253/163/288 385/164/288 293/162/288
f 248/136/94 249/135/94 252/143/94
f 249/135/95 247/134/95 251/160/95
f 253/163/96 254/152/96 386/155/96 385/164/96
f 287/1/1 270/2/1 258/3/1
f 270/2/1 287/1/1 286/4/1
f 281/5/1 289/6/1 282/7/97
f 387/147/98 263/165/98 303/166/98
f 277/39/99 292/113/99 266/40/99
f 295/167/100 387/147/100 303/166/100
f 388/151/101 387/147/101 295/167/101
f 389/159/102 388/151/102 295/167/102
f 390/154/289 389/159/289 295/167/289
f 263/165/104 386/155/104 390/154/104
f 303/166/105 263/165/105 390/154/105
f 275/26/106 296/27/106 297/28/106
f 303/166/107 390/154/107 295/167/107
f 266/168/290 299/169/290 357/15/290 203/13/290
f 260/170/109 273/171/109 355/172/109 356/173/109
f 296/174/110 291/175/110 360/29/110 364/22/110
f 297/176/291 296/174/291 364/22/291 363/21/291
f 292/113/112 299/114/112 266/40/112
f 285/177/113 289/178/113 365/11/113 382/179/113
f 268/180/114 269/181/114 376/182/114 352/31/114
f 302/183/292 288/184/292 368/185/292 379/186/292
f 259/187/116 272/188/116 353/25/116 354/189/116
f 280/190/117 285/177/117 382/179/117 381/191/117
f 284/192/293 271/193/293 372/194/293 374/195/293
f 288/47/119 302/48/120 262/49/121
f 258/196/122 284/192/122 374/195/122 373/197/122
f 294/198/123 267/199/123 350/35/123 351/32/123
f 304/200/294 305/201/294 384/202/294 358/17/294
f 262/203/125 302/183/125 379/186/125 377/204/125
f 261/205/126 271/53/126 304/206/126
f 297/28/127 271/53/127 261/205/127
f 304/206/128 284/207/128 305/208/128
f 275/26/129 294/20/129 291/64/129 296/27/129
f 279/209/130 258/196/130 373/197/130 371/210/130
f 289/178/295 274/211/295 380/14/295 365/11/295
f 292/212/296 277/213/296 208/12/296 200/45/296
f 281/5/133 274/38/133 289/6/133
f 262/49/121 283/71/134 288/47/119
f 262/49/297 273/214/297 283/71/297
f 283/71/298 273/214/298 260/92/298
f 306/215/137 272/51/137 259/50/137
f 258/3/1 279/121/1 287/1/1
f 278/216/138 268/180/138 352/31/138 367/217/138
f 305/201/139 284/192/139 374/195/139 384/202/139
f 286/4/1 287/1/1 288/47/1
f 282/7/97 289/6/1 280/87/1
f 270/2/1 282/7/97 280/87/1
f 259/50/140 288/47/140 287/1/140
f 283/71/1 260/92/141 282/7/97
f 273/171/142 278/216/142 367/217/142 355/172/142
f 306/218/143 279/209/143 371/210/143 370/219/143
f 267/199/299 292/212/299 200/45/299 350/35/299
f 272/188/145 264/220/145 223/24/145 353/25/145
f 271/193/300 297/176/300 363/21/300 372/194/300
f 275/26/147 298/103/147 267/10/147
f 300/221/301 301/222/301 378/223/301 245/224/301
f 277/213/302 266/168/302 203/13/302 208/12/302
f 267/10/150 294/20/150 275/26/150
f 275/26/151 297/28/151 261/205/151 298/103/151
f 298/225/303 261/226/303 359/19/303 361/18/303
f 290/112/153 292/113/153 267/10/153 298/103/153
f 300/43/154 281/5/154 282/7/154 301/44/154
f 290/112/155 299/114/155 292/113/155
f 291/175/156 294/198/156 351/32/156 360/29/156
f 301/222/157 282/227/157 366/228/157 378/223/157
f 288/184/158 259/187/158 354/189/158 368/185/158
f 268/116/159 278/115/159 269/229/159
f 269/229/304 278/115/304 273/214/304
f 284/192/161 280/190/161 381/191/161 374/195/161
f 299/169/305 290/230/305 375/16/305 357/15/305
f 264/220/163 306/218/163 370/219/163 223/24/163
f 269/181/306 262/203/306 377/204/306 376/182/306
f 282/227/97 260/170/141 356/173/165 366/228/165
f 290/230/307 298/225/307 361/18/307 375/16/307
f 274/211/308 300/221/308 245/224/308 380/14/308
f 261/226/168 304/200/168 358/17/168 359/19/168
f 281/5/169 300/43/169 274/38/169
f 269/229/170 273/214/170 262/49/170
f 287/1/309 306/215/309 259/50/309
f 264/231/172 272/51/172 306/215/172
f 306/215/173 287/1/173 279/121/173
f 304/206/174 271/53/174 284/207/174
f 284/207/1 258/3/1 280/87/1
f 280/87/1 289/6/1 285/86/1
f 286/4/1 282/7/97 270/2/1
f 283/71/1 282/7/97 286/4/1
f 288/47/1 283/71/1 286/4/1
f 280/87/1 258/3/1 270/2/1
f 313/107/175 315/96/175 314/60/175
f 348/232/176 316/84/176 315/96/176
f 313/107/177 312/85/177 315/96/177
f 308/118/178 312/85/178 313/107/178
f 318/91/179 342/69/179 311/123/179
f 342/69/180 318/91/180 317/70/180
f 319/56/181 343/133/181 327/109/181
f 310/233/310 343/133/310 319/56/310
f 340/120/183 328/102/183 326/234/183
f 324/105/184 340/120/184 325/235/184
f 315/96/185 324/105/185 314/60/185
f 307/125/186 312/85/186 308/118/186
f 307/125/187 311/123/187 312/85/187
f 345/129/311 309/128/311 333/236/311
f 326/234/189 335/94/189 325/235/189
f 330/98/190 335/94/190 326/234/190
f 325/235/191 338/237/191 349/238/191
f 349/238/192 346/66/192 347/61/192
f 314/60/193 349/238/193 347/61/193
f 341/75/194 322/239/194 337/80/194
f 337/80/195 322/239/195 323/81/195
f 333/236/196 319/56/196 320/63/196
f 336/73/197 334/77/197 339/131/197
f 338/237/198 335/94/198 336/73/198
f 320/63/199 332/111/199 339/131/199
f 325/235/200 340/120/200 326/234/200
f 341/75/201 327/109/202 321/240/203
f 321/240/204 327/109/204 318/91/204
f 317/70/205 318/91/205 327/109/205
f 312/85/206 311/123/206 342/69/206
f 315/96/207 312/85/207 348/232/207
f 316/84/208 348/232/208 312/85/208
f 329/101/209 330/98/209 326/234/209 328/102/209
f 310/233/210 309/128/210 343/133/210
f 323/81/211 322/239/211 331/90/211
f 318/91/212 331/90/212 321/240/212
f 321/240/312 331/90/312 322/239/312
f 344/57/214 319/56/214 327/109/214 341/75/214
f 333/236/215 309/128/215 310/233/215
f 334/77/313 345/129/313 333/236/313
f 349/238/217 338/237/217 346/66/217
f 324/105/218 349/238/218 314/60/218
f 325/235/219 349/238/219 324/105/219
f 321/240/203 322/239/220 341/75/201
f 339/131/221 333/236/221 320/63/221
f 310/233/222 319/56/222 333/236/222
f 333/236/223 339/131/223 334/77/223
f 325/235/224 335/94/224 338/237/224
f 338/237/225 336/73/225 346/66/225
f 380/14/226 244/36/226 208/12/226
f 215/34/314 245/224/314 378/223/314
f 245/224/228 212/37/228 244/36/228
f 245/224/315 215/34/315 212/37/315
f 379/186/230 354/189/230 353/25/230
f 243/23/231 369/241/231 363/21/231
f 369/241/232 243/23/232 370/219/232
f 363/21/233 369/241/233 372/194/233
f 384/202/234 381/191/234 382/179/234
f 203/13/316 384/202/316 382/179/316
f 244/36/236 380/14/236 245/224/236
f 374/195/237 372/194/237 373/197/237
f 203/13/238 382/179/238 365/11/238
f 358/17/239 375/16/239 359/19/239
f 377/204/317 360/29/317 376/182/317
f 376/182/241 360/29/241 352/31/241
f 351/32/242 352/31/242 360/29/242
f 212/37/243 215/34/243 362/30/243
f 200/45/244 212/37/244 383/46/244
f 350/35/245 383/46/245 212/37/245
f 223/24/246 243/23/246 364/22/246
f 366/228/247 356/173/247 367/217/247 378/223/247
f 352/31/248 215/34/248 378/223/248 367/217/248
f 356/173/249 355/172/249 367/217/249
f 379/186/250 353/25/250 360/29/250 377/204/250
f 354/189/251 379/186/251 368/185/251
f 371/210/252 373/197/252 372/194/252 369/241/252
f 370/219/253 243/23/253 223/24/253
f 371/210/318 369/241/318 370/219/318
f 384/202/319 374/195/319 381/191/319
f 357/15/256 384/202/256 203/13/256
f 358/17/257 384/202/257 357/15/257
f 265/149/258 386/155/258 263/165/258
f 276/157/259 385/164/259 386/155/259
f 257/146/260 263/165/260 387/147/260
f 265/149/261 276/157/261 386/155/261
f 276/157/320 293/162/320 385/164/320
f 257/146/263 265/149/263 263/165/263
f 421/1/1 404/2/1 392/3/1
f 404/2/1 421/1/1 420/4/1
f 415/5/1 423/6/1 416/7/1
f 427/8/2 429/9/2 401/10/2
f 560/11/3 403/12/3 398/13/3
f 575/14/4 403/12/4 560/11/4
f 552/15/264 570/16/264 553/17/264
f 570/16/321 556/18/321 554/19/321
f 429/9/7 428/20/7 401/10/7
f 558/21/8 559/22/8 438/23/8
f 418/24/9 559/22/9 548/25/9
f 409/26/10 430/27/10 431/28/10
f 548/25/322 559/22/322 555/29/322
f 557/30/12 547/31/12 546/32/12
f 431/28/13 430/27/13 397/33/13
f 547/31/14 557/30/14 410/34/14
f 557/30/15 546/32/15 545/35/15
f 439/36/265 407/37/265 403/12/265
f 408/38/17 411/39/17 423/6/17
f 423/6/323 411/39/323 400/40/323
f 408/38/19 391/41/19 411/39/19
f 399/42/20 434/43/20 435/44/20
f 403/12/21 407/37/21 395/45/21
f 578/46/22 545/35/22 395/45/22
f 422/47/23 436/48/23 396/49/23
f 436/48/24 393/50/24 406/51/24
f 397/33/25 437/52/25 431/28/25
f 407/37/26 557/30/26 545/35/26
f 431/28/324 437/52/324 405/53/324
f 436/54/325 406/55/325 514/56/325 539/57/325
f 419/58/29 400/59/29 509/60/29 542/61/29
f 406/55/30 393/62/30 515/63/30 514/56/30
f 409/26/31 428/20/31 425/64/31 430/27/31
f 414/65/32 419/58/32 542/61/32 541/66/32
f 428/67/326 429/68/326 537/69/326 512/70/326
f 391/41/34 408/38/35 434/43/36
f 415/5/37 408/38/37 423/6/37
f 396/49/38 417/71/38 422/47/38
f 392/72/39 414/65/39 541/66/39 531/73/39
f 396/74/327 436/54/327 539/57/327 536/75/327
f 392/72/328 413/76/328 529/77/328 531/73/328
f 394/78/42 417/79/42 532/80/42 518/81/42
f 427/82/329 401/83/329 511/84/329 507/85/329
f 400/40/330 419/86/330 423/6/330
f 420/4/1 421/1/1 422/47/1
f 416/7/1 423/6/1 414/87/1
f 404/2/1 416/7/1 414/87/1
f 402/88/331 412/89/331 526/90/331 513/91/331
f 417/71/1 394/92/1 416/7/1
f 405/93/268 392/72/268 531/73/268 530/94/268
f 429/68/332 427/82/332 507/85/332 537/69/332
f 401/83/48 426/95/48 510/96/48 511/84/48
f 431/97/333 405/93/333 530/94/333 525/98/333
f 432/99/271 409/100/271 524/101/271 523/102/271
f 409/26/51 432/103/51 401/10/51
f 426/95/272 433/104/272 519/105/272 510/96/272
f 400/59/334 411/106/334 508/107/334 509/60/334
f 401/10/54 428/20/54 409/26/54
f 425/108/335 428/67/335 512/70/335 522/109/335
f 393/62/336 422/110/336 527/111/336 515/63/336
f 424/112/57 426/113/57 401/10/57 432/103/57
f 434/43/58 415/5/58 416/7/58 435/44/58
f 424/112/337 433/114/337 426/113/337
f 416/7/60 394/92/60 412/115/60 435/44/60
f 402/116/61 399/42/61 435/44/61 412/115/61
f 411/106/338 391/117/338 503/118/338 508/107/338
f 417/79/339 396/74/339 536/75/339 532/80/339
f 412/89/64 394/78/64 518/81/64 526/90/64
f 433/104/65 424/119/65 535/120/65 519/105/65
f 393/50/66 436/48/66 422/47/66
f 413/121/340 392/3/340 405/53/340 437/52/340
f 399/122/68 402/88/68 513/91/68 506/123/68
f 424/119/69 432/99/69 523/102/69 535/120/69
f 391/117/70 434/124/70 502/125/70 503/118/70
f 437/126/341 397/127/341 504/128/341 540/129/341
f 422/110/279 421/130/279 534/131/279 527/111/279
f 415/5/73 434/43/36 408/38/35
f 409/100/342 431/97/342 525/98/342 524/101/342
f 421/130/75 392/72/75 531/73/75 534/131/75
f 397/127/343 430/132/343 538/133/343 504/128/343
f 413/76/280 437/126/280 540/129/280 529/77/280
f 434/124/344 399/122/344 506/123/344 502/125/344
f 430/132/345 425/108/345 522/109/345 538/133/345
f 414/87/1 423/6/1 419/86/1
f 420/4/1 416/7/1 404/2/1
f 417/71/1 416/7/1 420/4/1
f 422/47/1 417/71/1 420/4/1
f 414/87/1 392/3/1 404/2/1
f 442/134/1 444/135/1 443/136/1
f 442/134/1 443/136/1 445/137/1
f 442/134/1 445/137/1 441/138/1
f 451/139/80 449/140/80 450/141/80
f 449/140/346 448/142/346 450/141/346
f 448/142/82 447/143/82 450/141/82
f 446/144/347 442/145/347 452/146/347 582/147/347
f 442/145/348 441/148/348 460/149/348 452/146/348
f 447/150/85 446/144/85 582/147/85 583/151/85
f 449/152/349 451/153/349 585/154/349 581/155/349
f 441/148/350 445/156/350 471/157/350 460/149/350
f 450/158/351 447/150/351 583/151/351 584/159/351
f 443/136/89 447/143/89 448/142/89
f 444/135/90 446/160/90 447/143/90
f 451/153/352 450/158/352 584/159/352 585/154/352
f 445/156/353 443/161/353 488/162/353 471/157/353
f 443/161/354 448/163/354 580/164/354 488/162/354
f 443/136/94 444/135/94 447/143/94
f 444/135/95 442/134/95 446/160/95
f 448/163/355 449/152/355 581/155/355 580/164/355
f 482/1/1 465/2/1 453/3/1
f 465/2/1 482/1/1 481/4/1
f 476/5/1 484/6/1 477/7/356
f 582/147/357 458/165/357 498/166/357
f 472/39/99 487/113/99 461/40/99
f 490/167/358 582/147/358 498/166/358
f 583/151/101 582/147/101 490/167/101
f 584/159/359 583/151/359 490/167/359
f 585/154/360 584/159/360 490/167/360
f 458/165/104 581/155/104 585/154/104
f 498/166/105 458/165/105 585/154/105
f 470/26/361 491/27/361 492/28/361
f 498/166/107 585/154/107 490/167/107
f 461/168/108 494/169/108 552/15/108 398/13/108
f 455/170/362 468/171/362 550/172/362 551/173/362
f 491/174/363 486/175/363 555/29/363 559/22/363
f 492/176/291 491/174/291 559/22/291 558/21/291
f 487/113/112 494/114/112 461/40/112
f 480/177/364 484/178/364 560/11/364 577/179/364
f 463/180/365 464/181/365 571/182/365 547/31/365
f 497/183/366 483/184/366 563/185/366 574/186/366
f 454/187/367 467/188/367 548/25/367 549/189/367
f 475/190/368 480/177/368 577/179/368 576/191/368
f 479/192/118 466/193/118 567/194/118 569/195/118
f 483/47/369 497/48/370 457/49/121
f 453/196/122 479/192/122 569/195/122 568/197/122
f 489/198/371 462/199/371 545/35/371 546/32/371
f 499/200/124 500/201/124 579/202/124 553/17/124
f 457/203/372 497/183/372 574/186/372 572/204/372
f 456/205/126 466/53/126 499/206/126
f 492/28/127 466/53/127 456/205/127
f 499/206/373 479/207/373 500/208/373
f 470/26/129 489/20/129 486/64/129 491/27/129
f 474/209/130 453/196/130 568/197/130 566/210/130
f 484/178/295 469/211/295 575/14/295 560/11/295
f 487/212/374 472/213/374 403/12/374 395/45/374
f 476/5/133 469/38/133 484/6/133
f 457/49/121 478/71/134 483/47/369
f 457/49/297 468/214/297 478/71/297
f 478/71/375 468/214/375 455/92/375
f 501/215/137 467/51/137 454/50/137
f 453/3/1 474/121/1 482/1/1
f 473/216/376 463/180/376 547/31/376 562/217/376
f 500/201/377 479/192/377 569/195/377 579/202/377
f 481/4/1 482/1/1 483/47/1
f 477/7/356 484/6/1 475/87/1
f 465/2/1 477/7/356 475/87/1
f 454/50/140 483/47/140 482/1/140
f 478/71/1 455/92/378 477/7/356
f 468/171/142 473/216/142 562/217/142 550/172/142
f 501/218/379 474/209/379 566/210/379 565/219/379
f 462/199/380 487/212/380 395/45/380 545/35/380
f 467/188/145 459/220/145 418/24/145 548/25/145
f 466/193/381 492/176/381 558/21/381 567/194/381
f 470/26/147 493/103/147 462/10/147
f 495/221/382 496/222/382 573/223/382 440/224/382
f 472/213/302 461/168/302 398/13/302 403/12/302
f 462/10/383 489/20/383 470/26/383
f 470/26/384 492/28/384 456/205/384 493/103/384
f 493/225/385 456/226/385 554/19/385 556/18/385
f 485/112/153 487/113/153 462/10/153 493/103/153
f 495/43/154 476/5/154 477/7/154 496/44/154
f 485/112/155 494/114/155 487/113/155
f 486/175/386 489/198/386 546/32/386 555/29/386
f 496/222/157 477/227/157 561/228/157 573/223/157
f 483/184/387 454/187/387 549/189/387 563/185/387
f 463/116/159 473/115/159 464/229/159
f 464/229/388 473/115/388 468/214/388
f 479/192/161 475/190/161 576/191/161 569/195/161
f 494/169/162 485/230/162 570/16/162 552/15/162
f 459/220/389 501/218/389 565/219/389 418/24/389
f 464/181/390 457/203/390 572/204/390 571/182/390
f 477/227/356 455/170/378 551/173/391 561/228/391
f 485/230/392 493/225/392 556/18/392 570/16/392
f 469/211/393 495/221/393 440/224/393 575/14/393
f 456/226/394 499/200/394 553/17/394 554/19/394
f 476/5/395 495/43/395 469/38/395
f 464/229/170 468/214/170 457/49/170
f 482/1/309 501/215/309 454/50/309
f 459/231/172 467/51/172 501/215/172
f 501/215/396 482/1/396 474/121/396
f 499/206/174 466/53/174 479/207/174
f 479/207/1 453/3/1 475/87/1
f 475/87/1 484/6/1 480/86/397
f 481/4/1 477/7/356 465/2/1
f 478/71/1 477/7/356 481/4/1
f 483/47/1 478/71/1 481/4/1
f 475/87/1 453/3/1 465/2/1
f 508/107/175 510/96/175 509/60/175
f 543/232/176 511/84/176 510/96/176
f 508/107/398 507/85/398 510/96/398
f 503/118/178 507/85/178 508/107/178
f 513/91/179 537/69/179 506/123/179
f 537/69/180 513/91/180 512/70/180
f 514/56/399 538/133/399 522/109/399
f 505/233/310 538/133/310 514/56/310
f 535/120/183 523/102/183 521/234/183
f 519/105/184 535/120/184 520/235/184
f 510/96/185 519/105/185 509/60/185
f 502/125/186 507/85/186 503/118/186
f 502/125/187 506/123/187 507/85/187
f 540/129/311 504/128/311 528/236/311
f 521/234/189 530/94/189 520/235/189
f 525/98/190 530/94/190 521/234/190
f 520/235/191 533/237/191 544/238/191
f 544/238/400 541/66/400 542/61/400
f 509/60/193 544/238/193 542/61/193
f 536/75/401 517/239/401 532/80/401
f 532/80/402 517/239/402 518/81/402
f 528/236/196 514/56/196 515/63/196
f 531/73/197 529/77/197 534/131/197
f 533/237/403 530/94/403 531/73/403
f 515/63/404 527/111/404 534/131/404
f 520/235/405 535/120/405 521/234/405
f 536/75/201 522/109/202 516/240/203
f 516/240/204 522/109/204 513/91/204
f 512/70/205 513/91/205 522/109/205
f 507/85/206 506/123/206 537/69/206
f 510/96/207 507/85/207 543/232/207
f 511/84/208 543/232/208 507/85/208
f 524/101/209 525/98/209 521/234/209 523/102/209
f 505/233/210 504/128/210 538/133/210
f 518/81/211 517/239/211 526/90/211
f 513/91/212 526/90/212 516/240/212
f 516/240/312 526/90/312 517/239/312
f 539/57/214 514/56/214 522/109/214 536/75/214
f 528/236/215 504/128/215 505/233/215
f 529/77/216 540/129/216 528/236/216
f 544/238/406 533/237/406 541/66/406
f 519/105/218 544/238/218 509/60/218
f 520/235/219 544/238/219 519/105/219
f 516/240/203 517/239/407 536/75/201
f 534/131/221 528/236/221 515/63/221
f 505/233/222 514/56/222 528/236/222
f 528/236/223 534/131/223 529/77/223
f 520/235/224 530/94/224 533/237/224
f 533/237/225 531/73/225 541/66/225
f 575/14/226 439/36/226 403/12/226
f 410/34/408 440/224/408 573/223/408
f 440/224/228 407/37/228 439/36/228
f 440/224/229 410/34/229 407/37/229
f 574/186/409 549/189/409 548/25/409
f 438/23/410 564/241/410 558/21/410
f 564/241/232 438/23/232 565/219/232
f 558/21/233 564/241/233 567/194/233
f 579/202/411 576/191/411 577/179/411
f 398/13/235 579/202/235 577/179/235
f 439/36/236 575/14/236 440/224/236
f 569/195/237 567/194/237 568/197/237
f 398/13/412 577/179/412 560/11/412
f 553/17/239 570/16/239 554/19/239
f 572/204/317 555/29/317 571/182/317
f 571/182/241 555/29/241 547/31/241
f 546/32/242 547/31/242 555/29/242
f 407/37/243 410/34/243 557/30/243
f 395/45/413 407/37/413 578/46/413
f 545/35/414 578/46/414 407/37/414
f 418/24/246 438/23/246 559/22/246
f 561/228/247 551/173/247 562/217/247 573/223/247
f 547/31/415 410/34/415 573/223/415 562/217/415
f 551/173/249 550/172/249 562/217/249
f 574/186/250 548/25/250 555/29/250 572/204/250
f 549/189/251 574/186/251 563/185/251
f 566/210/416 568/197/416 567/194/416 564/241/416
f 565/219/417 438/23/417 418/24/417
f 566/210/318 564/241/318 565/219/318
f 579/202/255 569/195/255 576/191/255
f 552/15/256 579/202/256 398/13/256
f 553/17/418 579/202/418 552/15/418
f 460/149/258 581/155/258 458/165/258
f 471/157/419 580/164/419 581/155/419
f 452/146/260 458/165/260 582/147/260
f 460/149/420 471/157/420 581/155/420
f 471/157/320 488/162/320 580/164/320
f 452/146/263 460/149/263 458/165/263
f 616/1/1 599/2/1 587/3/1
f 599/2/1 616/1/1 615/4/1
f 610/5/1 618/6/1 611/7/1
f 622/8/2 624/9/2 596/10/2
f 755/11/3 598/12/3 593/13/3
f 770/14/4 598/12/4 755/11/4
f 747/15/264 765/16/264 748/17/264
f 765/16/321 751/18/321 749/19/321
f 624/9/7 623/20/7 596/10/7
f 753/21/8 754/22/8 633/23/8
f 613/24/421 754/22/421 743/25/421
f 604/26/10 625/27/10 626/28/10
f 743/25/322 754/22/322 750/29/322
f 752/30/12 742/31/12 741/32/12
f 626/28/13 625/27/13 592/33/13
f 742/31/14 752/30/14 605/34/14
f 752/30/15 741/32/15 740/35/15
f 634/36/265 602/37/265 598/12/265
f 603/38/17 606/39/17 618/6/17
f 618/6/323 606/39/323 595/40/323
f 603/38/19 586/41/19 606/39/19
f 594/42/20 629/43/20 630/44/20
f 598/12/21 602/37/21 590/45/21
f 773/46/22 740/35/22 590/45/22
f 617/47/23 631/48/23 591/49/23
f 631/48/24 588/50/24 601/51/24
f 592/33/25 632/52/25 626/28/25
f 602/37/26 752/30/26 740/35/26
f 626/28/324 632/52/324 600/53/324
f 631/54/325 601/55/325 709/56/325 734/57/325
f 614/58/29 595/59/29 704/60/29 737/61/29
f 601/55/30 588/62/30 710/63/30 709/56/30
f 604/26/31 623/20/31 620/64/31 625/27/31
f 609/65/32 614/58/32 737/61/32 736/66/32
f 623/67/326 624/68/326 732/69/326 707/70/326
f 586/41/34 603/38/35 629/43/36
f 610/5/37 603/38/37 618/6/37
f 591/49/38 612/71/38 617/47/38
f 587/72/39 609/65/39 736/66/39 726/73/39
f 591/74/327 631/54/327 734/57/327 731/75/327
f 587/72/328 608/76/328 724/77/328 726/73/328
f 589/78/42 612/79/42 727/80/42 713/81/42
f 622/82/422 596/83/422 706/84/422 702/85/422
f 595/40/330 614/86/330 618/6/330
f 615/4/1 616/1/1 617/47/1
f 611/7/1 618/6/1 609/87/1
f 599/2/1 611/7/1 609/87/1
f 597/88/331 607/89/331 721/90/331 708/91/331
f 612/71/1 589/92/1 611/7/1
f 600/93/268 587/72/268 726/73/268 725/94/268
f 624/68/423 622/82/423 702/85/423 732/69/423
f 596/83/48 621/95/48 705/96/48 706/84/48
f 626/97/333 600/93/333 725/94/333 720/98/333
f 627/99/271 604/100/271 719/101/271 718/102/271
f 604/26/51 627/103/51 596/10/51
f 621/95/272 628/104/272 714/105/272 705/96/272
f 595/59/424 606/106/424 703/107/424 704/60/424
f 596/10/54 623/20/54 604/26/54
f 620/108/425 623/67/425 707/70/425 717/109/425
f 588/62/336 617/110/336 722/111/336 710/63/336
f 619/112/57 621/113/57 596/10/57 627/103/57
f 629/43/276 610/5/276 611/7/276 630/44/276
f 619/112/59 628/114/59 621/113/59
f 611/7/60 589/92/60 607/115/60 630/44/60
f 597/116/61 594/42/61 630/44/61 607/115/61
f 606/106/338 586/117/338 698/118/338 703/107/338
f 612/79/339 591/74/339 731/75/339 727/80/339
f 607/89/64 589/78/64 713/81/64 721/90/64
f 628/104/65 619/119/65 730/120/65 714/105/65
f 588/50/66 631/48/66 617/47/66
f 608/121/340 587/3/340 600/53/340 632/52/340
f 594/122/278 597/88/278 708/91/278 701/123/278
f 619/119/69 627/99/69 718/102/69 730/120/69
f 586/117/70 629/124/70 697/125/70 698/118/70
f 632/126/341 592/127/341 699/128/341 735/129/341
f 617/110/279 616/130/279 729/131/279 722/111/279
f 610/5/73 629/43/36 603/38/35
f 604/100/426 626/97/426 720/98/426 719/101/426
f 616/130/75 587/72/75 726/73/75 729/131/75
f 592/127/343 625/132/343 733/133/343 699/128/343
f 608/76/280 632/126/280 735/129/280 724/77/280
f 629/124/78 594/122/78 701/123/78 697/125/78
f 625/132/345 620/108/345 717/109/345 733/133/345
f 609/87/1 618/6/1 614/86/1
f 615/4/1 611/7/1 599/2/1
f 612/71/1 611/7/1 615/4/1
f 617/47/1 612/71/1 615/4/1
f 609/87/1 587/3/1 599/2/1
f 637/134/1 639/135/1 638/136/1
f 637/134/1 638/136/1 640/137/1
f 637/134/1 640/137/1 636/138/1
f 646/139/80 644/140/80 645/141/80
f 644/140/346 643/142/346 645/141/346
f 643/142/82 642/143/82 645/141/82
f 641/144/347 637/145/347 647/146/347 777/147/347
f 637/145/84 636/148/84 655/149/84 647/146/84
f 642/150/85 641/144/85 777/147/85 778/151/85
f 644/152/427 646/153/427 780/154/427 776/155/427
f 636/148/428 640/156/428 666/157/428 655/149/428
f 645/158/429 642/150/429 778/151/429 779/159/429
f 638/136/89 642/143/89 643/142/89
f 639/135/90 641/160/90 642/143/90
f 646/153/430 645/158/430 779/159/430 780/154/430
f 640/156/431 638/161/431 683/162/431 666/157/431
f 638/161/354 643/163/354 775/164/354 683/162/354
f 638/136/94 639/135/94 642/143/94
f 639/135/95 637/134/95 641/160/95
f 643/163/432 644/152/432 776/155/432 775/164/432
f 677/1/1 660/2/1 648/3/1
f 660/2/1 677/1/1 676/4/1
f 671/5/1 679/6/1 672/7/356
f 777/147/357 653/165/357 693/166/357
f 667/39/99 682/113/99 656/40/99
f 685/167/358 777/147/358 693/166/358
f 778/151/101 777/147/101 685/167/101
f 779/159/359 778/151/359 685/167/359
f 780/154/360 779/159/360 685/167/360
f 653/165/104 776/155/104 780/154/104
f 693/166/105 653/165/105 780/154/105
f 665/26/361 686/27/361 687/28/361
f 693/166/107 780/154/107 685/167/107
f 656/168/108 689/169/108 747/15/108 593/13/108
f 650/170/362 663/171/362 745/172/362 746/173/362
f 686/174/363 681/175/363 750/29/363 754/22/363
f 687/176/433 686/174/433 754/22/433 753/21/433
f 682/113/112 689/114/112 656/40/112
f 675/177/364 679/178/364 755/11/364 772/179/364
f 658/180/434 659/181/434 766/182/434 742/31/434
f 692/183/366 678/184/366 758/185/366 769/186/366
f 649/187/367 662/188/367 743/25/367 744/189/367
f 670/190/368 675/177/368 772/179/368 771/191/368
f 674/192/118 661/193/118 762/194/118 764/195/118
f 678/47/369 692/48/120 652/49/121
f 648/196/122 674/192/122 764/195/122 763/197/122
f 684/198/435 657/199/435 740/35/435 741/32/435
f 694/200/124 695/201/124 774/202/124 748/17/124
f 652/203/436 692/183/436 769/186/436 767/204/436
f 651/205/126 661/53/126 694/206/126
f 687/28/127 661/53/127 651/205/127
f 694/206/373 674/207/373 695/208/373
f 665/26/129 684/20/129 681/64/129 686/27/129
f 669/209/130 648/196/130 763/197/130 761/210/130
f 679/178/131 664/211/131 770/14/131 755/11/131
f 682/212/374 667/213/374 598/12/374 590/45/374
f 671/5/133 664/38/133 679/6/133
f 652/49/121 673/71/134 678/47/369
f 652/49/297 663/214/297 673/71/297
f 673/71/375 663/214/375 650/92/375
f 696/215/137 662/51/137 649/50/137
f 648/3/1 669/121/1 677/1/1
f 668/216/138 658/180/138 742/31/138 757/217/138
f 695/201/139 674/192/139 764/195/139 774/202/139
f 676/4/1 677/1/1 678/47/1
f 672/7/356 679/6/1 670/87/1
f 660/2/1 672/7/356 670/87/1
f 649/50/140 678/47/140 677/1/140
f 673/71/1 650/92/378 672/7/356
f 663/171/142 668/216/142 757/217/142 745/172/142
f 696/218/379 669/209/379 761/210/379 760/219/379
f 657/199/437 682/212/437 590/45/437 740/35/437
f 662/188/145 654/220/145 613/24/145 743/25/145
f 661/193/381 687/176/381 753/21/381 762/194/381
f 665/26/147 688/103/147 657/10/147
f 690/221/382 691/222/382 768/223/382 635/224/382
f 667/213/302 656/168/302 593/13/302 598/12/302
f 657/10/383 684/20/383 665/26/383
f 665/26/384 687/28/384 651/205/384 688/103/384
f 688/225/438 651/226/438 749/19/438 751/18/438
f 680/112/153 682/113/153 657/10/153 688/103/153
f 690/43/154 671/5/154 672/7/154 691/44/154
f 680/112/155 689/114/155 682/113/155
f 681/175/439 684/198/439 741/32/439 750/29/439
f 691/222/157 672/227/157 756/228/157 768/223/157
f 678/184/387 649/187/387 744/189/387 758/185/387
f 658/116/159 668/115/159 659/229/159
f 659/229/388 668/115/388 663/214/388
f 674/192/161 670/190/161 771/191/161 764/195/161
f 689/169/162 680/230/162 765/16/162 747/15/162
f 654/220/440 696/218/440 760/219/440 613/24/440
f 659/181/441 652/203/441 767/204/441 766/182/441
f 672/227/356 650/170/378 746/173/391 756/228/391
f 680/230/442 688/225/442 751/18/442 765/16/442
f 664/211/393 690/221/393 635/224/393 770/14/393
f 651/226/443 694/200/443 748/17/443 749/19/443
f 671/5/395 690/43/395 664/38/395
f 659/229/170 663/214/170 652/49/170
f 677/1/171 696/215/171 649/50/171
f 654/231/172 662/51/172 696/215/172
f 696/215/396 677/1/396 669/121/396
f 694/206/174 661/53/174 674/207/174
f 674/207/1 648/3/1 670/87/1
f 670/87/1 679/6/1 675/86/397
f 676/4/1 672/7/356 660/2/1
f 673/71/1 672/7/356 676/4/1
f 678/47/1 673/71/1 676/4/1
f 670/87/1 648/3/1 660/2/1
f 703/107/175 705/96/175 704/60/175
f 738/232/176 706/84/176 705/96/176
f 703/107/398 702/85/398 705/96/398
f 698/118/178 702/85/178 703/107/178
f 708/91/179 732/69/179 701/123/179
f 732/69/180 708/91/180 707/70/180
f 709/56/399 733/133/399 717/109/399
f 700/233/310 733/133/310 709/56/310
f 730/120/183 718/102/183 716/234/183
f 714/105/184 730/120/184 715/235/184
f 705/96/185 714/105/185 704/60/185
f 697/125/186 702/85/186 698/118/186
f 697/125/187 701/123/187 702/85/187
f 735/129/311 699/128/311 723/236/311
f 716/234/189 725/94/189 715/235/189
f 720/98/190 725/94/190 716/234/190
f 715/235/191 728/237/191 739/238/191
f 739/238/192 736/66/192 737/61/192
f 704/60/193 739/238/193 737/61/193
f 731/75/194 712/239/194 727/80/194
f 727/80/444 712/239/444 713/81/444
f 723/236/196 709/56/196 710/63/196
f 726/73/197 724/77/197 729/131/197
f 728/237/403 725/94/403 726/73/403
f 710/63/404 722/111/404 729/131/404
f 715/235/200 730/120/200 716/234/200
f 731/75/201 717/109/202 711/240/203
f 711/240/204 717/109/204 708/91/204
f 707/70/205 708/91/205 717/109/205
f 702/85/206 701/123/206 732/69/206
f 705/96/207 702/85/207 738/232/207
f 706/84/208 738/232/208 702/85/208
f 719/101/209 720/98/209 716/234/209 718/102/209
f 700/233/210 699/128/210 733/133/210
f 713/81/211 712/239/211 721/90/211
f 708/91/212 721/90/212 711/240/212
f 711/240/312 721/90/312 712/239/312
f 734/57/214 709/56/214 717/109/214 731/75/214
f 723/236/215 699/128/215 700/233/215
f 724/77/216 735/129/216 723/236/216
f 739/238/406 728/237/406 736/66/406
f 714/105/218 739/238/218 704/60/218
f 715/235/219 739/238/219 714/105/219
f 711/240/203 712/239/220 731/75/201
f 729/131/221 723/236/221 710/63/221
f 700/233/222 709/56/222 723/236/222
f 723/236/223 729/131/223 724/77/223
f 715/235/224 725/94/224 728/237/224
f 728/237/225 726/73/225 736/66/225
f 770/14/226 634/36/226 598/12/226
f 605/34/445 635/224/445 768/223/445
f 635/224/228 602/37/228 634/36/228
f 635/224/315 605/34/315 602/37/315
f 769/186/409 744/189/409 743/25/409
f 633/23/231 759/241/231 753/21/231
f 759/241/232 633/23/232 760/219/232
f 753/21/233 759/241/233 762/194/233
f 774/202/446 771/191/446 772/179/446
f 593/13/235 774/202/235 772/179/235
f 634/36/236 770/14/236 635/224/236
f 764/195/237 762/194/237 763/197/237
f 593/13/412 772/179/412 755/11/412
f 748/17/239 765/16/239 749/19/239
f 767/204/317 750/29/317 766/182/317
f 766/182/241 750/29/241 742/31/241
f 741/32/242 742/31/242 750/29/242
f 602/37/447 605/34/447 752/30/447
f 590/45/244 602/37/244 773/46/244
f 740/35/414 773/46/414 602/37/414
f 613/24/246 633/23/246 754/22/246
f 756/228/247 746/173/247 757/217/247 768/223/247
f 742/31/415 605/34/415 768/223/415 757/217/415
f 746/173/249 745/172/249 757/217/249
f 769/186/250 743/25/250 750/29/250 767/204/250
f 744/189/251 769/186/251 758/185/251
f 761/210/416 763/197/416 762/194/416 759/241/416
f 760/219/253 633/23/253 613/24/253
f 761/210/318 759/241/318 760/219/318
f 774/202/255 764/195/255 771/191/255
f 747/15/256 774/202/256 593/13/256
f 748/17/418 774/202/418 747/15/418
f 655/149/258 776/155/258 653/165/258
f 666/157/419 775/164/419 776/155/419
f 647/146/448 653/165/448 777/147/448
f 655/149/420 666/157/420 776/155/420
f 666/157/320 683/162/320 775/164/320
f 647/146/263 655/149/263 653/165/263
f 811/1/1 794/2/1 782/3/1
f 794/2/1 811/1/1 810/4/1
f 805/5/1 813/6/1 806/7/1
f 817/8/2 819/9/2 791/10/2
f 950/11/3 793/12/3 788/13/3
f 965/14/4 793/12/4 950/11/4
f 942/15/264 960/16/264 943/17/264
f 960/16/321 946/18/321 944/19/321
f 819/9/7 818/20/7 791/10/7
f 948/21/8 949/22/8 828/23/8
f 808/24/421 949/22/421 938/25/421
f 799/26/10 820/27/10 821/28/10
f 938/25/11 949/22/11 945/29/11
f 947/30/12 937/31/12 936/32/12
f 821/28/13 820/27/13 787/33/13
f 937/31/14 947/30/14 800/34/14
f 947/30/15 936/32/15 935/35/15
f 829/36/265 797/37/265 793/12/265
f 798/38/17 801/39/17 813/6/17
f 813/6/323 801/39/323 790/40/323
f 798/38/19 781/41/19 801/39/19
f 789/42/20 824/43/20 825/44/20
f 793/12/21 797/37/21 785/45/21
f 968/46/22 935/35/22 785/45/22
f 812/47/23 826/48/23 786/49/23
f 826/48/449 783/50/449 796/51/449
f 787/33/25 827/52/25 821/28/25
f 797/37/26 947/30/26 935/35/26
f 821/28/27 827/52/27 795/53/27
f 826/54/325 796/55/325 904/56/325 929/57/325
f 809/58/29 790/59/29 899/60/29 932/61/29
f 796/55/30 783/62/30 905/63/30 904/56/30
f 799/26/31 818/20/31 815/64/31 820/27/31
f 804/65/32 809/58/32 932/61/32 931/66/32
f 818/67/326 819/68/326 927/69/326 902/70/326
f 781/41/34 798/38/35 824/43/36
f 805/5/37 798/38/37 813/6/37
f 786/49/38 807/71/38 812/47/38
f 782/72/39 804/65/39 931/66/39 921/73/39
f 786/74/327 826/54/327 929/57/327 926/75/327
f 782/72/328 803/76/328 919/77/328 921/73/328
f 784/78/42 807/79/42 922/80/42 908/81/42
f 817/82/422 791/83/422 901/84/422 897/85/422
f 790/40/330 809/86/330 813/6/330
f 810/4/1 811/1/1 812/47/1
f 806/7/1 813/6/1 804/87/1
f 794/2/1 806/7/1 804/87/1
f 792/88/331 802/89/331 916/90/331 903/91/331
f 807/71/1 784/92/1 806/7/1
f 795/93/450 782/72/450 921/73/450 920/94/450
f 819/68/423 817/82/423 897/85/423 927/69/423
f 791/83/48 816/95/48 900/96/48 901/84/48
f 821/97/333 795/93/333 920/94/333 915/98/333
f 822/99/271 799/100/271 914/101/271 913/102/271
f 799/26/51 822/103/51 791/10/51
f 816/95/451 823/104/451 909/105/451 900/96/451
f 790/59/452 801/106/452 898/107/452 899/60/452
f 791/10/54 818/20/54 799/26/54
f 815/108/453 818/67/453 902/70/453 912/109/453
f 783/62/336 812/110/336 917/111/336 905/63/336
f 814/112/57 816/113/57 791/10/57 822/103/57
f 824/43/276 805/5/276 806/7/276 825/44/276
f 814/112/59 823/114/59 816/113/59
f 806/7/60 784/92/60 802/115/60 825/44/60
f 792/116/61 789/42/61 825/44/61 802/115/61
f 801/106/454 781/117/454 893/118/454 898/107/454
f 807/79/339 786/74/339 926/75/339 922/80/339
f 802/89/64 784/78/64 908/81/64 916/90/64
f 823/104/65 814/119/65 925/120/65 909/105/65
f 783/50/66 826/48/66 812/47/66
f 803/121/340 782/3/340 795/53/340 827/52/340
f 789/122/278 792/88/278 903/91/278 896/123/278
f 814/119/69 822/99/69 913/102/69 925/120/69
f 781/117/70 824/124/70 892/125/70 893/118/70
f 827/126/341 787/127/341 894/128/341 930/129/341
f 812/110/279 811/130/279 924/131/279 917/111/279
f 805/5/73 824/43/36 798/38/35
f 799/100/426 821/97/426 915/98/426 914/101/426
f 811/130/75 782/72/75 921/73/75 924/131/75
f 787/127/343 820/132/343 928/133/343 894/128/343
f 803/76/280 827/126/280 930/129/280 919/77/280
f 824/124/281 789/122/281 896/123/281 892/125/281
f 820/132/345 815/108/345 912/109/345 928/133/345
f 804/87/1 813/6/1 809/86/1
f 810/4/1 806/7/1 794/2/1
f 807/71/1 806/7/1 810/4/1
f 812/47/1 807/71/1 810/4/1
f 804/87/1 782/3/1 794/2/1
f 832/134/1 834/135/1 833/136/1
f 832/134/1 833/136/1 835/137/1
f 832/134/1 835/137/1 831/138/1
f 841/139/80 839/140/80 840/141/80
f 839/140/346 838/142/346 840/141/346
f 838/142/82 837/143/82 840/141/82
f 836/144/455 832/145/455 842/146/455 972/147/455
f 832/145/84 831/148/84 850/149/84 842/146/84
f 837/150/456 836/144/456 972/147/456 973/151/456
f 839/152/427 841/153/427 975/154/427 971/155/427
f 831/148/428 835/156/428 861/157/428 850/149/428
f 840/158/429 837/150/429 973/151/429 974/159/429
f 833/136/89 837/143/89 838/142/89
f 834/135/90 836/160/90 837/143/90
f 841/153/430 840/158/430 974/159/430 975/154/430
f 835/156/353 833/161/353 878/162/353 861/157/353
f 833/161/457 838/163/457 970/164/457 878/162/457
f 833/136/94 834/135/94 837/143/94
f 834/135/95 832/134/95 836/160/95
f 838/163/432 839/152/432 971/155/432 970/164/432
f 872/1/1 855/2/1 843/3/1
f 855/2/1 872/1/1 871/4/1
f 866/5/1 874/6/1 867/7/356
f 972/147/357 848/165/357 888/166/357
f 862/39/99 877/113/99 851/40/99
f 880/167/358 972/147/358 888/166/358
f 973/151/101 972/147/101 880/167/101
f 974/159/359 973/151/359 880/167/359
f 975/154/360 974/159/360 880/167/360
f 848/165/104 971/155/104 975/154/104
f 888/166/105 848/165/105 975/154/105
f 860/26/361 881/27/361 882/28/361
f 888/166/107 975/154/107 880/167/107
f 851/168/108 884/169/108 942/15/108 788/13/108
f 845/170/362 858/171/362 940/172/362 941/173/362
f 881/174/363 876/175/363 945/29/363 949/22/363
f 882/176/433 881/174/433 949/22/433 948/21/433
f 877/113/112 884/114/112 851/40/112
f 870/177/364 874/178/364 950/11/364 967/179/364
f 853/180/434 854/181/434 961/182/434 937/31/434
f 887/183/292 873/184/292 953/185/292 964/186/292
f 844/187/116 857/188/116 938/25/116 939/189/116
f 865/190/368 870/177/368 967/179/368 966/191/368
f 869/192/118 856/193/118 957/194/118 959/195/118
f 873/47/369 887/48/120 847/49/121
f 843/196/122 869/192/122 959/195/122 958/197/122
f 879/198/435 852/199/435 935/35/435 936/32/435
f 889/200/294 890/201/294 969/202/294 943/17/294
f 847/203/436 887/183/436 964/186/436 962/204/436
f 846/205/126 856/53/126 889/206/126
f 882/28/127 856/53/127 846/205/127
f 889/206/128 869/207/128 890/208/128
f 860/26/129 879/20/129 876/64/129 881/27/129
f 864/209/130 843/196/130 958/197/130 956/210/130
f 874/178/131 859/211/131 965/14/131 950/11/131
f 877/212/458 862/213/458 793/12/458 785/45/458
f 866/5/133 859/38/133 874/6/133
f 847/49/121 868/71/134 873/47/369
f 847/49/297 858/214/297 868/71/297
f 868/71/375 858/214/375 845/92/375
f 891/215/137 857/51/137 844/50/137
f 843/3/1 864/121/1 872/1/1
f 863/216/138 853/180/138 937/31/138 952/217/138
f 890/201/139 869/192/139 959/195/139 969/202/139
f 871/4/1 872/1/1 873/47/1
f 867/7/356 874/6/1 865/87/1
f 855/2/1 867/7/356 865/87/1
f 844/50/140 873/47/140 872/1/140
f 868/71/1 845/92/378 867/7/356
f 858/171/142 863/216/142 952/217/142 940/172/142
f 891/218/379 864/209/379 956/210/379 955/219/379
f 852/199/437 877/212/437 785/45/437 935/35/437
f 857/188/145 849/220/145 808/24/145 938/25/145
f 856/193/381 882/176/381 948/21/381 957/194/381
f 860/26/147 883/103/147 852/10/147
f 885/221/382 886/222/382 963/223/382 830/224/382
f 862/213/149 851/168/149 788/13/149 793/12/149
f 852/10/383 879/20/383 860/26/383
f 860/26/384 882/28/384 846/205/384 883/103/384
f 883/225/459 846/226/459 944/19/459 946/18/459
f 875/112/153 877/113/153 852/10/153 883/103/153
f 885/43/154 866/5/154 867/7/154 886/44/154
f 875/112/155 884/114/155 877/113/155
f 876/175/439 879/198/439 936/32/439 945/29/439
f 886/222/157 867/227/157 951/228/157 963/223/157
f 873/184/387 844/187/387 939/189/387 953/185/387
f 853/116/159 863/115/159 854/229/159
f 854/229/388 863/115/388 858/214/388
f 869/192/161 865/190/161 966/191/161 959/195/161
f 884/169/162 875/230/162 960/16/162 942/15/162
f 849/220/440 891/218/440 955/219/440 808/24/440
f 854/181/460 847/203/460 962/204/460 961/182/460
f 867/227/356 845/170/378 941/173/391 951/228/391
f 875/230/442 883/225/442 946/18/442 960/16/442
f 859/211/393 885/221/393 830/224/393 965/14/393
f 846/226/443 889/200/443 943/17/443 944/19/443
f 866/5/395 885/43/395 859/38/395
f 854/229/170 858/214/170 847/49/170
f 872/1/171 891/215/171 844/50/171
f 849/231/172 857/51/172 891/215/172
f 891/215/461 872/1/461 864/121/461
f 889/206/174 856/53/174 869/207/174
f 869/207/1 843/3/1 865/87/1
f 865/87/1 874/6/1 870/86/397
f 871/4/1 867/7/356 855/2/1
f 868/71/1 867/7/356 871/4/1
f 873/47/1 868/71/1 871/4/1
f 865/87/1 843/3/1 855/2/1
f 898/107/462 900/96/462 899/60/462
f 933/232/176 901/84/176 900/96/176
f 898/107/398 897/85/398 900/96/398
f 893/118/178 897/85/178 898/107/178
f 903/91/179 927/69/179 896/123/179
f 927/69/180 903/91/180 902/70/180
f 904/56/399 928/133/399 912/109/399
f 895/233/310 928/133/310 904/56/310
f 925/120/183 913/102/183 911/234/183
f 909/105/184 925/120/184 910/235/184
f 900/96/463 909/105/463 899/60/463
f 892/125/186 897/85/186 893/118/186
f 892/125/187 896/123/187 897/85/187
f 930/129/188 894/128/188 918/236/188
f 911/234/189 920/94/189 910/235/189
f 915/98/190 920/94/190 911/234/190
f 910/235/191 923/237/191 934/238/191
f 934/238/192 931/66/192 932/61/192
f 899/60/193 934/238/193 932/61/193
f 926/75/194 907/239/194 922/80/194
f 922/80/195 907/239/195 908/81/195
f 918/236/196 904/56/196 905/63/196
f 921/73/197 919/77/197 924/131/197
f 923/237/403 920/94/403 921/73/403
f 905/63/404 917/111/404 924/131/404
f 910/235/200 925/120/200 911/234/200
f 926/75/201 912/109/202 906/240/203
f 906/240/204 912/109/204 903/91/204
f 902/70/205 903/91/205 912/109/205
f 897/85/206 896/123/206 927/69/206
f 900/96/207 897/85/207 933/232/207
f 901/84/208 933/232/208 897/85/208
f 914/101/209 915/98/209 911/234/209 913/102/209
f 895/233/210 894/128/210 928/133/210
f 908/81/211 907/239/211 916/90/211
f 903/91/212 916/90/212 906/240/212
f 906/240/312 916/90/312 907/239/312
f 929/57/214 904/56/214 912/109/214 926/75/214
f 918/236/215 894/128/215 895/233/215
f 919/77/216 930/129/216 918/236/216
f 934/238/217 923/237/217 931/66/217
f 909/105/218 934/238/218 899/60/218
f 910/235/219 934/238/219 909/105/219
f 906/240/203 907/239/220 926/75/201
f 924/131/221 918/236/221 905/63/221
f 895/233/222 904/56/222 918/236/222
f 918/236/223 924/131/223 919/77/223
f 910/235/224 920/94/224 923/237/224
f 923/237/225 921/73/225 931/66/225
f 965/14/226 829/36/226 793/12/226
f 800/34/445 830/224/445 963/223/445
f 830/224/228 797/37/228 829/36/228
f 830/224/315 800/34/315 797/37/315
f 964/186/230 939/189/230 938/25/230
f 828/23/231 954/241/231 948/21/231
f 954/241/232 828/23/232 955/219/232
f 948/21/233 954/241/233 957/194/233
f 969/202/446 966/191/446 967/179/446
f 788/13/235 969/202/235 967/179/235
f 829/36/236 965/14/236 830/224/236
f 959/195/237 957/194/237 958/197/237
f 788/13/412 967/179/412 950/11/412
f 943/17/239 960/16/239 944/19/239
f 962/204/317 945/29/317 961/182/317
f 961/182/241 945/29/241 937/31/241
f 936/32/242 937/31/242 945/29/242
f 797/37/447 800/34/447 947/30/447
f 785/45/244 797/37/244 968/46/244
f 935/35/414 968/46/414 797/37/414
f 808/24/246 828/23/246 949/22/246
f 951/228/247 941/173/247 952/217/247 963/223/247
f 937/31/415 800/34/415 963/223/415 952/217/415
f 941/173/249 940/172/249 952/217/249
f 964/186/250 938/25/250 945/29/250 962/204/250
f 939/189/251 964/186/251 953/185/251
f 956/210/416 958/197/416 957/194/416 954/241/416
f 955/219/253 828/23/253 808/24/253
f 956/210/318 954/241/318 955/219/318
f 969/202/255 959/195/255 966/191/255
f 942/15/256 969/202/256 788/13/256
f 943/17/418 969/202/418 942/15/418
f 850/149/258 971/155/258 848/165/258
f 861/157/419 970/164/419 971/155/419
f 842/146/448 848/165/448 972/147/448
f 850/149/420 861/157/420 971/155/420
f 861/157/320 878/162/320 970/164/320
f 842/146/263 850/149/263 848/165/263
f 1006/1/1 989/2/1 977/3/1
f 989/2/1 1006/1/1 1005/4/1
f 1000/5/1 1008/6/1 1001/7/1
f 1012/8/2 1014/9/2 986/10/2
f 1145/11/3 988/12/3 983/13/3
f 1160/14/4 988/12/4 1145/11/4
f 1137/15/5 1155/16/5 1138/17/5
f 1155/16/321 1141/18/321 1139/19/321
f 1014/9/7 1013/20/7 986/10/7
f 1143/21/8 1144/22/8 1023/23/8
f 1003/24/9 1144/22/9 1133/25/9
f 994/26/10 1015/27/10 1016/28/10
f 1133/25/322 1144/22/322 1140/29/322
f 1142/30/12 1132/31/12 1131/32/12
f 1016/28/13 1015/27/13 982/33/13
f 1132/31/464 1142/30/464 995/34/464
f 1142/30/15 1131/32/15 1130/35/15
f 1024/36/265 992/37/265 988/12/265
f 993/38/17 996/39/17 1008/6/17
f 1008/6/323 996/39/323 985/40/323
f 993/38/19 976/41/19 996/39/19
f 984/42/20 1019/43/20 1020/44/20
f 988/12/21 992/37/21 980/45/21
f 1163/46/22 1130/35/22 980/45/22
f 1007/47/23 1021/48/23 981/49/23
f 1021/48/24 978/50/24 991/51/24
f 982/33/25 1022/52/25 1016/28/25
f 992/37/26 1142/30/26 1130/35/26
f 1016/28/324 1022/52/324 990/53/324
f 1021/54/325 991/55/325 1099/56/325 1124/57/325
f 1004/58/465 985/59/465 1094/60/465 1127/61/465
f 991/55/30 978/62/30 1100/63/30 1099/56/30
f 994/26/31 1013/20/31 1010/64/31 1015/27/31
f 999/65/32 1004/58/32 1127/61/32 1126/66/32
f 1013/67/466 1014/68/466 1122/69/466 1097/70/466
f 976/41/34 993/38/35 1019/43/36
f 1000/5/37 993/38/37 1008/6/37
f 981/49/467 1002/71/467 1007/47/467
f 977/72/468 999/65/468 1126/66/468 1116/73/468
f 981/74/327 1021/54/327 1124/57/327 1121/75/327
f 977/72/267 998/76/267 1114/77/267 1116/73/267
f 979/78/42 1002/79/42 1117/80/42 1103/81/42
f 1012/82/469 986/83/469 1096/84/469 1092/85/469
f 985/40/330 1004/86/330 1008/6/330
f 1005/4/1 1006/1/1 1007/47/1
f 1001/7/1 1008/6/1 999/87/1
f 989/2/1 1001/7/1 999/87/1
f 987/88/45 997/89/45 1111/90/45 1098/91/45
f 1002/71/1 979/92/1 1001/7/1
f 990/93/470 977/72/470 1116/73/470 1115/94/470
f 1014/68/423 1012/82/423 1092/85/423 1122/69/423
f 986/83/471 1011/95/471 1095/96/471 1096/84/471
f 1016/97/333 990/93/333 1115/94/333 1110/98/333
f 1017/99/271 994/100/271 1109/101/271 1108/102/271
f 994/26/51 1017/103/51 986/10/51
f 1011/95/272 1018/104/272 1104/105/272 1095/96/272
f 985/59/472 996/106/472 1093/107/472 1094/60/472
f 986/10/54 1013/20/54 994/26/54
f 1010/108/425 1013/67/425 1097/70/425 1107/109/425
f 978/62/336 1007/110/336 1112/111/336 1100/63/336
f 1009/112/57 1011/113/57 986/10/57 1017/103/57
f 1019/43/276 1000/5/276 1001/7/276 1020/44/276
f 1009/112/59 1018/114/59 1011/113/59
f 1001/7/60 979/92/60 997/115/60 1020/44/60
f 987/116/61 984/42/61 1020/44/61 997/115/61
f 996/106/454 976/117/454 1088/118/454 1093/107/454
f 1002/79/277 981/74/277 1121/75/277 1117/80/277
f 997/89/473 979/78/473 1103/81/473 1111/90/473
f 1018/104/65 1009/119/65 1120/120/65 1104/105/65
f 978/50/66 1021/48/66 1007/47/66
f 998/121/340 977/3/340 990/53/340 1022/52/340
f 984/122/68 987/88/68 1098/91/68 1091/123/68
f 1009/119/474 1017/99/474 1108/102/474 1120/120/474
f 976/117/70 1019/124/70 1087/125/70 1088/118/70
f 1022/126/341 982/127/341 1089/128/341 1125/129/341
f 1007/110/279 1006/130/279 1119/131/279 1112/111/279
f 1000/5/73 1019/43/36 993/38/35
f 994/100/342 1016/97/342 1110/98/342 1109/101/342
f 1006/130/75 977/72/75 1116/73/75 1119/131/75
f 982/127/343 1015/132/343 1123/133/343 1089/128/343
f 998/76/475 1022/126/475 1125/129/475 1114/77/475
f 1019/124/78 984/122/78 1091/123/78 1087/125/78
f 1015/132/345 1010/108/345 1107/109/345 1123/133/345
f 999/87/1 1008/6/1 1004/86/1
f 1005/4/1 1001/7/1 989/2/1
f 1002/71/1 1001/7/1 1005/4/1
f 1007/47/1 1002/71/1 1005/4/1
f 999/87/1 977/3/1 989/2/1
f 1027/134/1 1029/135/1 1028/136/1
f 1027/134/1 1028/136/1 1030/137/1
f 1027/134/1 1030/137/1 1026/138/1
f 1036/139/80 1034/140/80 1035/141/80
f 1034/140/346 1033/142/346 1035/141/346
f 1033/142/82 1032/143/82 1035/141/82
f 1031/144/455 1027/145/455 1037/146/455 1167/147/455
f 1027/145/476 1026/148/476 1045/149/476 1037/146/476
f 1032/150/456 1031/144/456 1167/147/456 1168/151/456
f 1034/152/427 1036/153/427 1170/154/427 1166/155/427
f 1026/148/350 1030/156/350 1056/157/350 1045/149/350
f 1035/158/477 1032/150/477 1168/151/477 1169/159/477
f 1028/136/89 1032/143/89 1033/142/89
f 1029/135/478 1031/160/478 1032/143/478
f 1036/153/479 1035/158/479 1169/159/479 1170/154/479
f 1030/156/431 1028/161/431 1073/162/431 1056/157/431
f 1028/161/480 1033/163/480 1165/164/480 1073/162/480
f 1028/136/94 1029/135/94 1032/143/94
f 1029/135/95 1027/134/95 1031/160/95
f 1033/163/355 1034/152/355 1166/155/355 1165/164/355
f 1067/1/1 1050/2/1 1038/3/1
f 1050/2/1 1067/1/1 1066/4/1
f 1061/5/1 1069/6/1 1062/7/356
f 1167/147/357 1043/165/357 1083/166/357
f 1057/39/99 1072/113/99 1046/40/99
f 1075/167/358 1167/147/358 1083/166/358
f 1168/151/101 1167/147/101 1075/167/101
f 1169/159/481 1168/151/481 1075/167/481
f 1170/154/360 1169/159/360 1075/167/360
f 1043/165/104 1166/155/104 1170/154/104
f 1083/166/105 1043/165/105 1170/154/105
f 1055/26/361 1076/27/361 1077/28/361
f 1083/166/482 1170/154/482 1075/167/482
f 1046/168/108 1079/169/108 1137/15/108 983/13/108
f 1040/170/362 1053/171/362 1135/172/362 1136/173/362
f 1076/174/363 1071/175/363 1140/29/363 1144/22/363
f 1077/176/291 1076/174/291 1144/22/291 1143/21/291
f 1072/113/112 1079/114/112 1046/40/112
f 1065/177/364 1069/178/364 1145/11/364 1162/179/364
f 1048/180/483 1049/181/483 1156/182/483 1132/31/483
f 1082/183/292 1068/184/292 1148/185/292 1159/186/292
f 1039/187/484 1052/188/484 1133/25/484 1134/189/484
f 1060/190/368 1065/177/368 1162/179/368 1161/191/368
f 1064/192/118 1051/193/118 1152/194/118 1154/195/118
f 1068/47/369 1082/48/485 1042/49/121
f 1038/196/122 1064/192/122 1154/195/122 1153/197/122
f 1074/198/371 1047/199/371 1130/35/371 1131/32/371
f 1084/200/124 1085/201/124 1164/202/124 1138/17/124
f 1042/203/436 1082/183/436 1159/186/436 1157/204/436
f 1041/205/126 1051/53/126 1084/206/126
f 1077/28/127 1051/53/127 1041/205/127
f 1084/206/373 1064/207/373 1085/208/373
f 1055/26/129 1074/20/129 1071/64/129 1076/27/129
f 1059/209/130 1038/196/130 1153/197/130 1151/210/130
f 1069/178/131 1054/211/131 1160/14/131 1145/11/131
f 1072/212/486 1057/213/486 988/12/486 980/45/486
f 1061/5/133 1054/38/133 1069/6/133
f 1042/49/121 1063/71/134 1068/47/369
f 1042/49/297 1053/214/297 1063/71/297
f 1063/71/375 1053/214/375 1040/92/375
f 1086/215/137 1052/51/137 1039/50/137
f 1038/3/1 1059/121/1 1067/1/1
f 1058/216/376 1048/180/376 1132/31/376 1147/217/376
f 1085/201/377 1064/192/377 1154/195/377 1164/202/377
f 1066/4/1 1067/1/1 1068/47/1
f 1062/7/356 1069/6/1 1060/87/1
f 1050/2/1 1062/7/356 1060/87/1
f 1039/50/140 1068/47/140 1067/1/140
f 1063/71/1 1040/92/378 1062/7/356
f 1053/171/142 1058/216/142 1147/217/142 1135/172/142
f 1086/218/379 1059/209/379 1151/210/379 1150/219/379
f 1047/199/299 1072/212/299 980/45/299 1130/35/299
f 1052/188/145 1044/220/145 1003/24/145 1133/25/145
f 1051/193/381 1077/176/381 1143/21/381 1152/194/381
f 1055/26/147 1078/103/147 1047/10/147
f 1080/221/382 1081/222/382 1158/223/382 1025/224/382
f 1057/213/149 1046/168/149 983/13/149 988/12/149
f 1047/10/383 1074/20/383 1055/26/383
f 1055/26/384 1077/28/384 1041/205/384 1078/103/384
f 1078/225/438 1041/226/438 1139/19/438 1141/18/438
f 1070/112/153 1072/113/153 1047/10/153 1078/103/153
f 1080/43/487 1061/5/487 1062/7/487 1081/44/487
f 1070/112/155 1079/114/155 1072/113/155
f 1071/175/386 1074/198/386 1131/32/386 1140/29/386
f 1081/222/157 1062/227/157 1146/228/157 1158/223/157
f 1068/184/488 1039/187/488 1134/189/488 1148/185/488
f 1048/116/159 1058/115/159 1049/229/159
f 1049/229/388 1058/115/388 1053/214/388
f 1064/192/161 1060/190/161 1161/191/161 1154/195/161
f 1079/169/305 1070/230/305 1155/16/305 1137/15/305
f 1044/220/489 1086/218/489 1150/219/489 1003/24/489
f 1049/181/460 1042/203/460 1157/204/460 1156/182/460
f 1062/227/356 1040/170/378 1136/173/391 1146/228/391
f 1070/230/490 1078/225/490 1141/18/490 1155/16/490
f 1054/211/393 1080/221/393 1025/224/393 1160/14/393
f 1041/226/491 1084/200/491 1138/17/491 1139/19/491
f 1061/5/395 1080/43/395 1054/38/395
f 1049/229/170 1053/214/170 1042/49/170
f 1067/1/309 1086/215/309 1039/50/309
f 1044/231/172 1052/51/172 1086/215/172
f 1086/215/396 1067/1/396 1059/121/396
f 1084/206/174 1051/53/174 1064/207/174
f 1064/207/1 1038/3/1 1060/87/1
f 1060/87/1 1069/6/1 1065/86/397
f 1066/4/1 1062/7/356 1050/2/1
f 1063/71/1 1062/7/356 1066/4/1
f 1068/47/1 1063/71/1 1066/4/1
f 1060/87/1 1038/3/1 1050/2/1
f 1093/107/175 1095/96/175 1094/60/175
f 1128/232/176 1096/84/176 1095/96/176
f 1093/107/398 1092/85/398 1095/96/398
f 1088/118/178 1092/85/178 1093/107/178
f 1098/91/179 1122/69/179 1091/123/179
f 1122/69/180 1098/91/180 1097/70/180
f 1099/56/399 1123/133/399 1107/109/399
f 1090/233/310 1123/133/310 1099/56/310
f 1120/120/183 1108/102/183 1106/234/183
f 1104/105/184 1120/120/184 1105/235/184
f 1095/96/463 1104/105/463 1094/60/463
f 1087/125/186 1092/85/186 1088/118/186
f 1087/125/187 1091/123/187 1092/85/187
f 1125/129/311 1089/128/311 1113/236/311
f 1106/234/189 1115/94/189 1105/235/189
f 1110/98/190 1115/94/190 1106/234/190
f 1105/235/191 1118/237/191 1129/238/191
f 1129/238/192 1126/66/192 1127/61/192
f 1094/60/193 1129/238/193 1127/61/193
f 1121/75/194 1102/239/194 1117/80/194
f 1117/80/402 1102/239/402 1103/81/402
f 1113/236/196 1099/56/196 1100/63/196
f 1116/73/197 1114/77/197 1119/131/197
f 1118/237/403 1115/94/403 1116/73/403
f 1100/63/404 1112/111/404 1119/131/404
f 1105/235/405 1120/120/405 1106/234/405
f 1121/75/201 1107/109/202 1101/240/203
f 1101/240/204 1107/109/204 1098/91/204
f 1097/70/205 1098/91/205 1107/109/205
f 1092/85/206 1091/123/206 1122/69/206
f 1095/96/207 1092/85/207 1128/232/207
f 1096/84/208 1128/232/208 1092/85/208
f 1109/101/209 1110/98/209 1106/234/209 1108/102/209
f 1090/233/210 1089/128/210 1123/133/210
f 1103/81/211 1102/239/211 1111/90/211
f 1098/91/212 1111/90/212 1101/240/212
f 1101/240/312 1111/90/312 1102/239/312
f 1124/57/214 1099/56/214 1107/109/214 1121/75/214
f 1113/236/215 1089/128/215 1090/233/215
f 1114/77/216 1125/129/216 1113/236/216
f 1129/238/406 1118/237/406 1126/66/406
f 1104/105/492 1129/238/492 1094/60/492
f 1105/235/219 1129/238/219 1104/105/219
f 1101/240/203 1102/239/220 1121/75/201
f 1119/131/221 1113/236/221 1100/63/221
f 1090/233/222 1099/56/222 1113/236/222
f 1113/236/223 1119/131/223 1114/77/223
f 1105/235/224 1115/94/224 1118/237/224
f 1118/237/493 1116/73/493 1126/66/493
f 1160/14/226 1024/36/226 988/12/226
f 995/34/408 1025/224/408 1158/223/408
f 1025/224/228 992/37/228 1024/36/228
f 1025/224/229 995/34/229 992/37/229
f 1159/186/230 1134/189/230 1133/25/230
f 1023/23/231 1149/241/231 1143/21/231
f 1149/241/232 1023/23/232 1150/219/232
f 1143/21/233 1149/241/233 1152/194/233
f 1164/202/234 1161/191/234 1162/179/234
f 983/13/235 1164/202/235 1162/179/235
f 1024/36/236 1160/14/236 1025/224/236
f 1154/195/237 1152/194/237 1153/197/237
f 983/13/412 1162/179/412 1145/11/412
f 1138/17/239 1155/16/239 1139/19/239
f 1157/204/317 1140/29/317 1156/182/317
f 1156/182/241 1140/29/241 1132/31/241
f 1131/32/242 1132/31/242 1140/29/242
f 992/37/447 995/34/447 1142/30/447
f 980/45/244 992/37/244 1163/46/244
f 1130/35/414 1163/46/414 992/37/414
f 1003/24/246 1023/23/246 1144/22/246
f 1146/228/247 1136/173/247 1147/217/247 1158/223/247
f 1132/31/248 995/34/248 1158/223/248 1147/217/248
f 1136/173/494 1135/172/494 1147/217/494
f 1159/186/250 1133/25/250 1140/29/250 1157/204/250
f 1134/189/251 1159/186/251 1148/185/251
f 1151/210/416 1153/197/416 1152/194/416 1149/241/416
f 1150/219/417 1023/23/417 1003/24/417
f 1151/210/318 1149/241/318 1150/219/318
f 1164/202/319 1154/195/319 1161/191/319
f 1137/15/256 1164/202/256 983/13/256
f 1138/17/418 1164/202/418 1137/15/418
f 1045/149/258 1166/155/258 1043/165/258
f 1056/157/495 1165/164/495 1166/155/495
f 1037/146/260 1043/165/260 1167/147/260
f 1045/149/420 1056/157/420 1166/155/420
f 1056/157/320 1073/162/320 1165/164/320
f 1037/146/496 1045/149/496 1043/165/496
f 1201/1/1 1184/2/1 1172/3/1
f 1184/2/1 1201/1/1 1200/4/1
f 1195/5/1 1203/6/1 1196/7/1
f 1207/8/2 1209/9/2 1181/10/2
f 1340/11/3 1183/12/3 1178/13/3
f 1355/14/4 1183/12/4 1340/11/4
f 1332/15/5 1350/16/5 1333/17/5
f 1350/16/321 1336/18/321 1334/19/321
f 1209/9/7 1208/20/7 1181/10/7
f 1338/21/8 1339/22/8 1218/23/8
f 1198/24/9 1339/22/9 1328/25/9
f 1189/26/10 1210/27/10 1211/28/10
f 1328/25/322 1339/22/322 1335/29/322
f 1337/30/12 1327/31/12 1326/32/12
f 1211/28/13 1210/27/13 1177/33/13
f 1327/31/14 1337/30/14 1190/34/14
f 1337/30/15 1326/32/15 1325/35/15
f 1219/36/265 1187/37/265 1183/12/265
f 1188/38/17 1191/39/17 1203/6/17
f 1203/6/323 1191/39/323 1180/40/323
f 1188/38/19 1171/41/19 1191/39/19
f 1179/42/20 1214/43/20 1215/44/20
f 1183/12/21 1187/37/21 1175/45/21
f 1358/46/22 1325/35/22 1175/45/22
f 1202/47/23 1216/48/23 1176/49/23
f 1216/48/449 1173/50/449 1186/51/449
f 1177/33/25 1217/52/25 1211/28/25
f 1187/37/26 1337/30/26 1325/35/26
f 1211/28/27 1217/52/27 1185/53/27
f 1216/54/325 1186/55/325 1294/56/325 1319/57/325
f 1199/58/29 1180/59/29 1289/60/29 1322/61/29
f 1186/55/266 1173/62/266 1295/63/266 1294/56/266
f 1189/26/31 1208/20/31 1205/64/31 1210/27/31
f 1194/65/32 1199/58/32 1322/61/32 1321/66/32
f 1208/67/326 1209/68/326 1317/69/326 1292/70/326
f 1171/41/34 1188/38/35 1214/43/36
f 1195/5/37 1188/38/37 1203/6/37
f 1176/49/38 1197/71/38 1202/47/38
f 1172/72/468 1194/65/468 1321/66/468 1311/73/468
f 1176/74/327 1216/54/327 1319/57/327 1316/75/327
f 1172/72/267 1193/76/267 1309/77/267 1311/73/267
f 1174/78/42 1197/79/42 1312/80/42 1298/81/42
f 1207/82/422 1181/83/422 1291/84/422 1287/85/422
f 1180/40/330 1199/86/330 1203/6/330
f 1200/4/1 1201/1/1 1202/47/1
f 1196/7/1 1203/6/1 1194/87/1
f 1184/2/1 1196/7/1 1194/87/1
f 1182/88/497 1192/89/497 1306/90/497 1293/91/497
f 1197/71/1 1174/92/1 1196/7/1
f 1185/93/498 1172/72/498 1311/73/498 1310/94/498
f 1209/68/423 1207/82/423 1287/85/423 1317/69/423
f 1181/83/48 1206/95/48 1290/96/48 1291/84/48
f 1211/97/499 1185/93/499 1310/94/499 1305/98/499
f 1212/99/271 1189/100/271 1304/101/271 1303/102/271
f 1189/26/51 1212/103/51 1181/10/51
f 1206/95/500 1213/104/500 1299/105/500 1290/96/500
f 1180/59/424 1191/106/424 1288/107/424 1289/60/424
f 1181/10/54 1208/20/54 1189/26/54
f 1205/108/425 1208/67/425 1292/70/425 1302/109/425
f 1173/62/336 1202/110/336 1307/111/336 1295/63/336
f 1204/112/57 1206/113/57 1181/10/57 1212/103/57
f 1214/43/276 1195/5/276 1196/7/276 1215/44/276
f 1204/112/337 1213/114/337 1206/113/337
f 1196/7/501 1174/92/501 1192/115/501 1215/44/501
f 1182/116/61 1179/42/61 1215/44/61 1192/115/61
f 1191/106/338 1171/117/338 1283/118/338 1288/107/338
f 1197/79/502 1176/74/502 1316/75/502 1312/80/502
f 1192/89/503 1174/78/503 1298/81/503 1306/90/503
f 1213/104/504 1204/119/504 1315/120/504 1299/105/504
f 1173/50/66 1216/48/66 1202/47/66
f 1193/121/340 1172/3/340 1185/53/340 1217/52/340
f 1179/122/278 1182/88/278 1293/91/278 1286/123/278
f 1204/119/505 1212/99/505 1303/102/505 1315/120/505
f 1171/117/70 1214/124/70 1282/125/70 1283/118/70
f 1217/126/341 1177/127/341 1284/128/341 1320/129/341
f 1202/110/279 1201/130/279 1314/131/279 1307/111/279
f 1195/5/73 1214/43/36 1188/38/35
f 1189/100/426 1211/97/426 1305/98/426 1304/101/426
f 1201/130/75 1172/72/75 1311/73/75 1314/131/75
f 1177/127/506 1210/132/506 1318/133/506 1284/128/506
f 1193/76/280 1217/126/280 1320/129/280 1309/77/280
f 1214/124/507 1179/122/507 1286/123/507 1282/125/507
f 1210/132/345 1205/108/345 1302/109/345 1318/133/345
f 1194/87/1 1203/6/1 1199/86/1
f 1200/4/1 1196/7/1 1184/2/1
f 1197/71/1 1196/7/1 1200/4/1
f 1202/47/1 1197/71/1 1200/4/1
f 1194/87/1 1172/3/1 1184/2/1
f 1222/134/1 1224/135/1 1223/136/1
f 1222/134/1 1223/136/1 1225/137/1
f 1222/134/1 1225/137/1 1221/138/1
f 1231/139/508 1229/140/508 1230/141/508
f 1229/140/346 1228/142/346 1230/141/346
f 1228/142/82 1227/143/82 1230/141/82
f 1226/144/509 1222/145/509 1232/146/509 1362/147/509
f 1222/145/510 1221/148/510 1240/149/510 1232/146/510
f 1227/150/85 1226/144/85 1362/147/85 1363/151/85
f 1229/152/511 1231/153/511 1365/154/511 1361/155/511
f 1221/148/428 1225/156/428 1251/157/428 1240/149/428
f 1230/158/351 1227/150/351 1363/151/351 1364/159/351
f 1223/136/89 1227/143/89 1228/142/89
f 1224/135/90 1226/160/90 1227/143/90
f 1231/153/512 1230/158/512 1364/159/512 1365/154/512
f 1225/156/431 1223/161/431 1268/162/431 1251/157/431
f 1223/161/457 1228/163/457 1360/164/457 1268/162/457
f 1223/136/94 1224/135/94 1227/143/94
f 1224/135/95 1222/134/95 1226/160/95
f 1228/163/432 1229/152/432 1361/155/432 1360/164/432
f 1262/1/1 1245/2/1 1233/3/1
f 1245/2/1 1262/1/1 1261/4/1
f 1256/5/1 1264/6/1 1257/7/356
f 1362/147/357 1238/165/357 1278/166/357
f 1252/39/99 1267/113/99 1241/40/99
f 1270/167/358 1362/147/358 1278/166/358
f 1363/151/101 1362/147/101 1270/167/101
f 1364/159/481 1363/151/481 1270/167/481
f 1365/154/360 1364/159/360 1270/167/360
f 1238/165/104 1361/155/104 1365/154/104
f 1278/166/105 1238/165/105 1365/154/105
f 1250/26/361 1271/27/361 1272/28/361
f 1278/166/107 1365/154/107 1270/167/107
f 1241/168/513 1274/169/513 1332/15/513 1178/13/513
f 1235/170/362 1248/171/362 1330/172/362 1331/173/362
f 1271/174/363 1266/175/363 1335/29/363 1339/22/363
f 1272/176/111 1271/174/111 1339/22/111 1338/21/111
f 1267/113/112 1274/114/112 1241/40/112
f 1260/177/364 1264/178/364 1340/11/364 1357/179/364
f 1243/180/365 1244/181/365 1351/182/365 1327/31/365
f 1277/183/514 1263/184/514 1343/185/514 1354/186/514
f 1234/187/515 1247/188/515 1328/25/515 1329/189/515
f 1255/190/368 1260/177/368 1357/179/368 1356/191/368
f 1259/192/118 1246/193/118 1347/194/118 1349/195/118
f 1263/47/369 1277/48/516 1237/49/121
f 1233/196/122 1259/192/122 1349/195/122 1348/197/122
f 1269/198/517 1242/199/517 1325/35/517 1326/32/517
f 1279/200/124 1280/201/124 1359/202/124 1333/17/124
f 1237/203/372 1277/183/372 1354/186/372 1352/204/372
f 1236/205/126 1246/53/126 1279/206/126
f 1272/28/127 1246/53/127 1236/205/127
f 1279/206/128 1259/207/128 1280/208/128
f 1250/26/129 1269/20/129 1266/64/129 1271/27/129
f 1254/209/130 1233/196/130 1348/197/130 1346/210/130
f 1264/178/295 1249/211/295 1355/14/295 1340/11/295
f 1267/212/374 1252/213/374 1183/12/374 1175/45/374
f 1256/5/133 1249/38/133 1264/6/133
f 1237/49/121 1258/71/134 1263/47/369
f 1237/49/297 1248/214/297 1258/71/297
f 1258/71/375 1248/214/375 1235/92/375
f 1281/215/137 1247/51/137 1234/50/137
f 1233/3/1 1254/121/1 1262/1/1
f 1253/216/376 1243/180/376 1327/31/376 1342/217/376
f 1280/201/139 1259/192/139 1349/195/139 1359/202/139
f 1261/4/1 1262/1/1 1263/47/1
f 1257/7/356 1264/6/1 1255/87/1
f 1245/2/1 1257/7/356 1255/87/1
f 1234/50/140 1263/47/140 1262/1/140
f 1258/71/1 1235/92/378 1257/7/356
f 1248/171/142 1253/216/142 1342/217/142 1330/172/142
f 1281/218/379 1254/209/379 1346/210/379 1345/219/379
f 1242/199/437 1267/212/437 1175/45/437 1325/35/437
f 1247/188/145 1239/220/145 1198/24/145 1328/25/145
f 1246/193/381 1272/176/381 1338/21/381 1347/194/381
f 1250/26/147 1273/103/147 1242/10/147
f 1275/221/382 1276/222/382 1353/223/382 1220/224/382
f 1252/213/302 1241/168/302 1178/13/302 1183/12/302
f 1242/10/383 1269/20/383 1250/26/383
f 1250/26/384 1272/28/384 1236/205/384 1273/103/384
f 1273/225/459 1236/226/459 1334/19/459 1336/18/459
f 1265/112/153 1267/113/153 1242/10/153 1273/103/153
f 1275/43/154 1256/5/154 1257/7/154 1276/44/154
f 1265/112/155 1274/114/155 1267/113/155
f 1266/175/439 1269/198/439 1326/32/439 1335/29/439
f 1276/222/157 1257/227/157 1341/228/157 1353/223/157
f 1263/184/488 1234/187/488 1329/189/488 1343/185/488
f 1243/116/159 1253/115/159 1244/229/159
f 1244/229/388 1253/115/388 1248/214/388
f 1259/192/161 1255/190/161 1356/191/161 1349/195/161
f 1274/169/162 1265/230/162 1350/16/162 1332/15/162
f 1239/220/440 1281/218/440 1345/219/440 1198/24/440
f 1244/181/390 1237/203/390 1352/204/390 1351/182/390
f 1257/227/356 1235/170/378 1331/173/391 1341/228/391
f 1265/230/490 1273/225/490 1336/18/490 1350/16/490
f 1249/211/393 1275/221/393 1220/224/393 1355/14/393
f 1236/226/491 1279/200/491 1333/17/491 1334/19/491
f 1256/5/395 1275/43/395 1249/38/395
f 1244/229/170 1248/214/170 1237/49/170
f 1262/1/171 1281/215/171 1234/50/171
f 1239/231/172 1247/51/172 1281/215/172
f 1281/215/461 1262/1/461 1254/121/461
f 1279/206/174 1246/53/174 1259/207/174
f 1259/207/1 1233/3/1 1255/87/1
f 1255/87/1 1264/6/1 1260/86/397
f 1261/4/1 1257/7/356 1245/2/1
f 1258/71/1 1257/7/356 1261/4/1
f 1263/47/1 1258/71/1 1261/4/1
f 1255/87/1 1233/3/1 1245/2/1
f 1288/107/518 1290/96/518 1289/60/518
f 1323/232/176 1291/84/176 1290/96/176
f 1288/107/398 1287/85/398 1290/96/398
f 1283/118/178 1287/85/178 1288/107/178
f 1293/91/179 1317/69/179 1286/123/179
f 1317/69/180 1293/91/180 1292/70/180
f 1294/56/399 1318/133/399 1302/109/399
f 1285/233/310 1318/133/310 1294/56/310
f 1315/120/183 1303/102/183 1301/234/183
f 1299/105/184 1315/120/184 1300/235/184
f 1290/96/185 1299/105/185 1289/60/185
f 1282/125/186 1287/85/186 1283/118/186
f 1282/125/187 1286/123/187 1287/85/187
f 1320/129/188 1284/128/188 1308/236/188
f 1301/234/189 1310/94/189 1300/235/189
f 1305/98/190 1310/94/190 1301/234/190
f 1300/235/191 1313/237/191 1324/238/191
f 1324/238/192 1321/66/192 1322/61/192
f 1289/60/193 1324/238/193 1322/61/193
f 1316/75/194 1297/239/194 1312/80/194
f 1312/80/402 1297/239/402 1298/81/402
f 1308/236/196 1294/56/196 1295/63/196
f 1311/73/197 1309/77/197 1314/131/197
f 1313/237/403 1310/94/403 1311/73/403
f 1295/63/404 1307/111/404 1314/131/404
f 1300/235/405 1315/120/405 1301/234/405
f 1316/75/201 1302/109/519 1296/240/203
f 1296/240/204 1302/109/204 1293/91/204
f 1292/70/205 1293/91/205 1302/109/205
f 1287/85/206 1286/123/206 1317/69/206
f 1290/96/207 1287/85/207 1323/232/207
f 1291/84/208 1323/232/208 1287/85/208
f 1304/101/209 1305/98/209 1301/234/209 1303/102/209
f 1285/233/210 1284/128/210 1318/133/210
f 1298/81/211 1297/239/211 1306/90/211
f 1293/91/212 1306/90/212 1296/240/212
f 1296/240/312 1306/90/312 1297/239/312
f 1319/57/214 1294/56/214 1302/109/214 1316/75/214
f 1308/236/215 1284/128/215 1285/233/215
f 1309/77/216 1320/129/216 1308/236/216
f 1324/238/406 1313/237/406 1321/66/406
f 1299/105/218 1324/238/218 1289/60/218
f 1300/235/219 1324/238/219 1299/105/219
f 1296/240/203 1297/239/220 1316/75/201
f 1314/131/221 1308/236/221 1295/63/221
f 1285/233/222 1294/56/222 1308/236/222
f 1308/236/520 1314/131/520 1309/77/520
f 1300/235/224 1310/94/224 1313/237/224
f 1313/237/225 1311/73/225 1321/66/225
f 1355/14/226 1219/36/226 1183/12/226
f 1190/34/314 1220/224/314 1353/223/314
f 1220/224/228 1187/37/228 1219/36/228
f 1220/224/229 1190/34/229 1187/37/229
f 1354/186/409 1329/189/409 1328/25/409
f 1218/23/231 1344/241/231 1338/21/231
f 1344/241/232 1218/23/232 1345/219/232
f 1338/21/233 1344/241/233 1347/194/233
f 1359/202/446 1356/191/446 1357/179/446
f 1178/13/235 1359/202/235 1357/179/235
f 1219/36/236 1355/14/236 1220/224/236
f 1349/195/237 1347/194/237 1348/197/237
f 1178/13/412 1357/179/412 1340/11/412
f 1333/17/239 1350/16/239 1334/19/239
f 1352/204/521 1335/29/521 1351/182/521
f 1351/182/241 1335/29/241 1327/31/241
f 1326/32/242 1327/31/242 1335/29/242
f 1187/37/243 1190/34/243 1337/30/243
f 1175/45/244 1187/37/244 1358/46/244
f 1325/35/414 1358/46/414 1187/37/414
f 1198/24/246 1218/23/246 1339/22/246
f 1341/228/247 1331/173/247 1342/217/247 1353/223/247
f 1327/31/415 1190/34/415 1353/223/415 1342/217/415
f 1331/173/249 1330/172/249 1342/217/249
f 1354/186/250 1328/25/250 1335/29/250 1352/204/250
f 1329/189/522 1354/186/522 1343/185/522
f 1346/210/416 1348/197/416 1347/194/416 1344/241/416
f 1345/219/417 1218/23/417 1198/24/417
f 1346/210/318 1344/241/318 1345/219/318
f 1359/202/255 1349/195/255 1356/191/255
f 1332/15/256 1359/202/256 1178/13/256
f 1333/17/418 1359/202/418 1332/15/418
f 1240/149/258 1361/155/258 1238/165/258
f 1251/157/419 1360/164/419 1361/155/419
f 1232/146/448 1238/165/448 1362/147/448
f 1240/149/420 1251/157/420 1361/155/420
f 1251/157/320 1268/162/320 1360/164/320
f 1232/146/496 1240/149/496 1238/165/496
f 1396/1/1 1379/2/523 1367/3/1
f 1379/2/523 1396/1/1 1395/4/1
f 1390/5/1 1398/6/1 1391/7/1
f 1402/8/2 1404/9/2 1376/10/2
f 1535/11/3 1378/12/3 1373/13/3
f 1550/14/4 1378/12/4 1535/11/4
f 1527/15/264 1545/16/264 1528/17/264
f 1545/16/6 1531/18/6 1529/19/6
f 1404/9/7 1403/20/7 1376/10/7
f 1533/21/8 1534/22/8 1413/23/8
f 1393/24/421 1534/22/421 1523/25/421
f 1384/26/524 1405/27/524 1406/28/524
f 1523/25/11 1534/22/11 1530/29/11
f 1532/30/12 1522/31/12 1521/32/12
f 1406/28/13 1405/27/13 1372/33/13
f 1522/31/14 1532/30/14 1385/34/14
f 1532/30/15 1521/32/15 1520/35/15
f 1414/36/16 1382/37/16 1378/12/16
f 1383/38/17 1386/39/17 1398/6/17
f 1398/6/18 1386/39/18 1375/40/18
f 1383/38/19 1366/41/19 1386/39/19
f 1374/42/20 1409/43/20 1410/44/20
f 1378/12/21 1382/37/21 1370/45/21
f 1553/46/22 1520/35/22 1370/45/22
f 1397/47/23 1411/48/23 1371/49/23
f 1411/48/24 1368/50/24 1381/51/24
f 1372/33/25 1412/52/25 1406/28/25
f 1382/37/26 1532/30/26 1520/35/26
f 1406/28/27 1412/52/27 1380/53/27
f 1411/54/525 1381/55/525 1489/56/525 1514/57/525
f 1394/58/29 1375/59/29 1484/60/29 1517/61/29
f 1381/55/526 1368/62/526 1490/63/526 1489/56/526
f 1384/26/31 1403/20/31 1400/64/31 1405/27/31
f 1389/65/32 1394/58/32 1517/61/32 1516/66/32
f 1403/67/326 1404/68/326 1512/69/326 1487/70/326
f 1366/41/34 1383/38/35 1409/43/36
f 1390/5/37 1383/38/37 1398/6/37
f 1371/49/38 1392/71/38 1397/47/38
f 1367/72/39 1389/65/39 1516/66/39 1506/73/39
f 1371/74/40 1411/54/40 1514/57/40 1511/75/40
f 1367/72/267 1388/76/267 1504/77/267 1506/73/267
f 1369/78/42 1392/79/42 1507/80/42 1493/81/42
f 1402/82/527 1376/83/527 1486/84/527 1482/85/527
f 1375/40/44 1394/86/44 1398/6/44
f 1395/4/1 1396/1/1 1397/47/1
f 1391/7/1 1398/6/1 1389/87/1
f 1379/2/523 1391/7/1 1389/87/1
f 1377/88/331 1387/89/331 1501/90/331 1488/91/331
f 1392/71/1 1369/92/1 1391/7/1
f 1380/93/268 1367/72/268 1506/73/268 1505/94/268
f 1404/68/528 1402/82/528 1482/85/528 1512/69/528
f 1376/83/529 1401/95/529 1485/96/529 1486/84/529
f 1406/97/333 1380/93/333 1505/94/333 1500/98/333
f 1407/99/271 1384/100/271 1499/101/271 1498/102/271
f 1384/26/51 1407/103/51 1376/10/51
f 1401/95/272 1408/104/272 1494/105/272 1485/96/272
f 1375/59/334 1386/106/334 1483/107/334 1484/60/334
f 1376/10/54 1403/20/54 1384/26/54
f 1400/108/530 1403/67/530 1487/70/530 1497/109/530
f 1368/62/531 1397/110/531 1502/111/531 1490/63/531
f 1399/112/57 1401/113/57 1376/10/57 1407/103/57
f 1409/43/276 1390/5/276 1391/7/276 1410/44/276
f 1399/112/337 1408/114/337 1401/113/337
f 1391/7/60 1369/92/60 1387/115/60 1410/44/60
f 1377/116/61 1374/42/61 1410/44/61 1387/115/61
f 1386/106/62 1366/117/62 1478/118/62 1483/107/62
f 1392/79/339 1371/74/339 1511/75/339 1507/80/339
f 1387/89/532 1369/78/532 1493/81/532 1501/90/532
f 1408/104/533 1399/119/533 1510/120/533 1494/105/533
f 1368/50/66 1411/48/66 1397/47/66
f 1388/121/340 1367/3/340 1380/53/340 1412/52/340
f 1374/122/534 1377/88/534 1488/91/534 1481/123/534
f 1399/119/535 1407/99/535 1498/102/535 1510/120/535
f 1366/117/536 1409/124/536 1477/125/536 1478/118/536
f 1412/126/537 1372/127/537 1479/128/537 1515/129/537
f 1397/110/72 1396/130/72 1509/131/72 1502/111/72
f 1390/5/73 1409/43/36 1383/38/35
f 1384/100/538 1406/97/538 1500/98/538 1499/101/538
f 1396/130/75 1367/72/75 1506/73/75 1509/131/75
f 1372/127/539 1405/132/539 1513/133/539 1479/128/539
f 1388/76/77 1412/126/77 1515/129/77 1504/77/77
f 1409/124/78 1374/122/78 1481/123/78 1477/125/78
f 1405/132/540 1400/108/540 1497/109/540 1513/133/540
f 1389/87/1 1398/6/1 1394/86/1
f 1395/4/1 1391/7/1 1379/2/523
f 1392/71/1 1391/7/1 1395/4/1
f 1397/47/1 1392/71/1 1395/4/1
f 1389/87/1 1367/3/1 1379/2/523
f 1417/134/1 1419/135/1 1418/136/1
f 1417/134/1 1418/136/1 1420/137/1
f 1417/134/1 1420/137/1 1416/138/1
f 1426/139/80 1424/140/80 1425/141/80
f 1424/140/81 1423/142/81 1425/141/81
f 1423/142/82 1422/143/82 1425/141/82
f 1421/144/541 1417/145/541 1427/146/541 1557/147/541
f 1417/145/542 1416/148/542 1435/149/542 1427/146/542
f 1422/150/456 1421/144/456 1557/147/456 1558/151/456
f 1424/152/543 1426/153/543 1560/154/543 1556/155/543
f 1416/148/544 1420/156/544 1446/157/544 1435/149/544
f 1425/158/429 1422/150/429 1558/151/429 1559/159/429
f 1418/136/89 1422/143/89 1423/142/89
f 1419/135/90 1421/160/90 1422/143/90
f 1426/153/545 1425/158/545 1559/159/545 1560/154/545
f 1420/156/546 1418/161/546 1463/162/546 1446/157/546
f 1418/161/93 1423/163/93 1555/164/93 1463/162/93
f 1418/136/94 1419/135/94 1422/143/94
f 1419/135/95 1417/134/95 1421/160/95
f 1423/163/547 1424/152/547 1556/155/547 1555/164/547
f 1457/1/1 1440/2/1 1428/3/1
f 1440/2/1 1457/1/1 1456/4/1
f 1451/5/1 1459/6/1 1452/7/97
f 1557/147/357 1433/165/357 1473/166/357
f 1447/39/548 1462/113/548 1436/40/548
f 1465/167/358 1557/147/358 1473/166/358
f 1558/151/101 1557/147/101 1465/167/101
f 1559/159/359 1558/151/359 1465/167/359
f 1560/154/360 1559/159/360 1465/167/360
f 1433/165/104 1556/155/104 1560/154/104
f 1473/166/549 1433/165/549 1560/154/549
f 1445/26/106 1466/27/106 1467/28/106
f 1473/166/107 1560/154/107 1465/167/107
f 1436/168/550 1469/169/550 1527/15/550 1373/13/550
f 1430/170/362 1443/171/362 1525/172/362 1526/173/362
f 1466/174/110 1461/175/110 1530/29/110 1534/22/110
f 1467/176/551 1466/174/551 1534/22/551 1533/21/551
f 1462/113/112 1469/114/112 1436/40/112
f 1455/177/552 1459/178/552 1535/11/552 1552/179/552
f 1438/180/114 1439/181/114 1546/182/114 1522/31/114
f 1472/183/366 1458/184/366 1538/185/366 1549/186/366
f 1429/187/553 1442/188/553 1523/25/553 1524/189/553
f 1450/190/117 1455/177/117 1552/179/117 1551/191/117
f 1454/192/554 1441/193/554 1542/194/554 1544/195/554
f 1458/47/119 1472/48/120 1432/49/121
f 1428/196/555 1454/192/555 1544/195/555 1543/197/555
f 1464/198/517 1437/199/517 1520/35/517 1521/32/517
f 1474/200/556 1475/201/556 1554/202/556 1528/17/556
f 1432/203/372 1472/183/372 1549/186/372 1547/204/372
f 1431/205/126 1441/53/126 1474/206/126
f 1467/28/127 1441/53/127 1431/205/127
f 1474/206/373 1454/207/373 1475/208/373
f 1445/26/129 1464/20/129 1461/64/129 1466/27/129
f 1449/209/130 1428/196/130 1543/197/130 1541/210/130
f 1459/178/131 1444/211/131 1550/14/131 1535/11/131
f 1462/212/458 1447/213/458 1378/12/458 1370/45/458
f 1451/5/133 1444/38/133 1459/6/133
f 1432/49/121 1453/71/134 1458/47/119
f 1432/49/297 1443/214/297 1453/71/297
f 1453/71/136 1443/214/136 1430/92/136
f 1476/215/137 1442/51/137 1429/50/137
f 1428/3/1 1449/121/1 1457/1/1
f 1448/216/557 1438/180/557 1522/31/557 1537/217/557
f 1475/201/558 1454/192/558 1544/195/558 1554/202/558
f 1456/4/1 1457/1/1 1458/47/1
f 1452/7/97 1459/6/1 1450/87/1
f 1440/2/1 1452/7/97 1450/87/1
f 1429/50/140 1458/47/140 1457/1/140
f 1453/71/1 1430/92/141 1452/7/97
f 1443/171/559 1448/216/559 1537/217/559 1525/172/559
f 1476/218/143 1449/209/143 1541/210/143 1540/219/143
f 1437/199/560 1462/212/560 1370/45/560 1520/35/560
f 1442/188/561 1434/220/561 1393/24/561 1523/25/561
f 1441/193/562 1467/176/562 1533/21/562 1542/194/562
f 1445/26/147 1468/103/147 1437/10/147
f 1470/221/301 1471/222/301 1548/223/301 1415/224/301
f 1447/213/302 1436/168/302 1373/13/302 1378/12/302
f 1437/10/150 1464/20/150 1445/26/150
f 1445/26/384 1467/28/384 1431/205/384 1468/103/384
f 1468/225/563 1431/226/563 1529/19/563 1531/18/563
f 1460/112/153 1462/113/153 1437/10/153 1468/103/153
f 1470/43/154 1451/5/154 1452/7/154 1471/44/154
f 1460/112/155 1469/114/155 1462/113/155
f 1461/175/564 1464/198/564 1521/32/564 1530/29/564
f 1471/222/565 1452/227/565 1536/228/565 1548/223/565
f 1458/184/158 1429/187/158 1524/189/158 1538/185/158
f 1438/116/159 1448/115/159 1439/229/159
f 1439/229/304 1448/115/304 1443/214/304
f 1454/192/161 1450/190/161 1551/191/161 1544/195/161
f 1469/169/566 1460/230/566 1545/16/566 1527/15/566
f 1434/220/440 1476/218/440 1540/219/440 1393/24/440
f 1439/181/164 1432/203/164 1547/204/164 1546/182/164
f 1452/227/97 1430/170/141 1526/173/165 1536/228/165
f 1460/230/567 1468/225/567 1531/18/567 1545/16/567
f 1444/211/167 1470/221/167 1415/224/167 1550/14/167
f 1431/226/568 1474/200/568 1528/17/568 1529/19/568
f 1451/5/169 1470/43/169 1444/38/169
f 1439/229/170 1443/214/170 1432/49/170
f 1457/1/309 1476/215/309 1429/50/309
f 1434/231/569 1442/51/569 1476/215/569
f 1476/215/461 1457/1/461 1449/121/461
f 1474/206/174 1441/53/174 1454/207/174
f 1454/207/1 1428/3/1 1450/87/1
f 1450/87/1 1459/6/1 1455/86/1
f 1456/4/1 1452/7/97 1440/2/1
f 1453/71/1 1452/7/97 1456/4/1
f 1458/47/1 1453/71/1 1456/4/1
f 1450/87/1 1428/3/1 1440/2/1
f 1483/107/462 1485/96/462 1484/60/462
f 1518/232/176 1486/84/176 1485/96/176
f 1483/107/177 1482/85/177 1485/96/177
f 1478/118/570 1482/85/570 1483/107/570
f 1488/91/179 1512/69/179 1481/123/179
f 1512/69/180 1488/91/180 1487/70/180
f 1489/56/181 1513/133/181 1497/109/181
f 1480/233/182 1513/133/182 1489/56/182
f 1510/120/183 1498/102/183 1496/234/183
f 1494/105/184 1510/120/184 1495/235/184
f 1485/96/463 1494/105/463 1484/60/463
f 1477/125/186 1482/85/186 1478/118/186
f 1477/125/187 1481/123/187 1482/85/187
f 1515/129/311 1479/128/311 1503/236/311
f 1496/234/189 1505/94/189 1495/235/189
f 1500/98/190 1505/94/190 1496/234/190
f 1495/235/191 1508/237/191 1519/238/191
f 1519/238/192 1516/66/192 1517/61/192
f 1484/60/193 1519/238/193 1517/61/193
f 1511/75/401 1492/239/401 1507/80/401
f 1507/80/402 1492/239/402 1493/81/402
f 1503/236/196 1489/56/196 1490/63/196
f 1506/73/197 1504/77/197 1509/131/197
f 1508/237/198 1505/94/198 1506/73/198
f 1490/63/199 1502/111/199 1509/131/199
f 1495/235/405 1510/120/405 1496/234/405
f 1511/75/201 1497/109/202 1491/240/203
f 1491/240/204 1497/109/204 1488/91/204
f 1487/70/205 1488/91/205 1497/109/205
f 1482/85/206 1481/123/206 1512/69/206
f 1485/96/207 1482/85/207 1518/232/207
f 1486/84/208 1518/232/208 1482/85/208
f 1499/101/209 1500/98/209 1496/234/209 1498/102/209
f 1480/233/210 1479/128/210 1513/133/210
f 1493/81/211 1492/239/211 1501/90/211
f 1488/91/212 1501/90/212 1491/240/212
f 1491/240/213 1501/90/213 1492/239/213
f 1514/57/214 1489/56/214 1497/109/214 1511/75/214
f 1503/236/215 1479/128/215 1480/233/215
f 1504/77/216 1515/129/216 1503/236/216
f 1519/238/406 1508/237/406 1516/66/406
f 1494/105/571 1519/238/571 1484/60/571
f 1495/235/219 1519/238/219 1494/105/219
f 1491/240/203 1492/239/407 1511/75/201
f 1509/131/221 1503/236/221 1490/63/221
f 1480/233/222 1489/56/222 1503/236/222
f 1503/236/520 1509/131/520 1504/77/520
f 1495/235/224 1505/94/224 1508/237/224
f 1508/237/493 1506/73/493 1516/66/493
f 1550/14/226 1414/36/226 1378/12/226
f 1385/34/227 1415/224/227 1548/223/227
f 1415/224/228 1382/37/228 1414/36/228
f 1415/224/229 1385/34/229 1382/37/229
f 1549/186/230 1524/189/230 1523/25/230
f 1413/23/231 1539/241/231 1533/21/231
f 1539/241/232 1413/23/232 1540/219/232
f 1533/21/572 1539/241/572 1542/194/572
f 1554/202/234 1551/191/234 1552/179/234
f 1373/13/235 1554/202/235 1552/179/235
f 1414/36/573 1550/14/573 1415/224/573
f 1544/195/237 1542/194/237 1543/197/237
f 1373/13/238 1552/179/238 1535/11/238
f 1528/17/239 1545/16/239 1529/19/239
f 1547/204/317 1530/29/317 1546/182/317
f 1546/182/241 1530/29/241 1522/31/241
f 1521/32/242 1522/31/242 1530/29/242
f 1382/37/243 1385/34/243 1532/30/243
f 1370/45/574 1382/37/574 1553/46/574
f 1520/35/414 1553/46/414 1382/37/414
f 1393/24/246 1413/23/246 1534/22/246
f 1536/228/247 1526/173/247 1537/217/247 1548/223/247
f 1522/31/248 1385/34/248 1548/223/248 1537/217/248
f 1526/173/249 1525/172/249 1537/217/249
f 1549/186/250 1523/25/250 1530/29/250 1547/204/250
f 1524/189/251 1549/186/251 1538/185/251
f 1541/210/416 1543/197/416 1542/194/416 1539/241/416
f 1540/219/253 1413/23/253 1393/24/253
f 1541/210/254 1539/241/254 1540/219/254
f 1554/202/575 1544/195/575 1551/191/575
f 1527/15/256 1554/202/256 1373/13/256
f 1528/17/257 1554/202/257 1527/15/257
f 1435/149/258 1556/155/258 1433/165/258
f 1446/157/259 1555/164/259 1556/155/259
f 1427/146/260 1433/165/260 1557/147/260
f 1435/149/261 1446/157/261 1556/155/261
f 1446/157/320 1463/162/320 1555/164/320
f 1427/146/263 1435/149/263 1433/165/263
f 1591/1/1 1574/2/1 1562/3/1
f 1574/2/1 1591/1/1 1590/4/1
f 1585/5/1 1593/6/1 1586/7/1
f 1597/8/2 1599/9/2 1571/10/2
f 1730/11/3 1573/12/3 1568/13/3
f 1745/14/4 1573/12/4 1730/11/4
f 1722/15/5 1740/16/5 1723/17/5
f 1740/16/6 1726/18/6 1724/19/6
f 1599/9/7 1598/20/7 1571/10/7
f 1728/21/8 1729/22/8 1608/23/8
f 1588/24/421 1729/22/421 1718/25/421
f 1579/26/10 1600/27/10 1601/28/10
f 1718/25/322 1729/22/322 1725/29/322
f 1727/30/12 1717/31/12 1716/32/12
f 1601/28/13 1600/27/13 1567/33/13
f 1717/31/576 1727/30/576 1580/34/576
f 1727/30/15 1716/32/15 1715/35/15
f 1609/36/265 1577/37/265 1573/12/265
f 1578/38/17 1581/39/17 1593/6/17
f 1593/6/323 1581/39/323 1570/40/323
f 1578/38/19 1561/41/19 1581/39/19
f 1569/42/20 1604/43/20 1605/44/20
f 1573/12/21 1577/37/21 1565/45/21
f 1748/46/22 1715/35/22 1565/45/22
f 1592/47/23 1606/48/23 1566/49/23
f 1606/48/24 1563/50/24 1576/51/24
f 1567/33/25 1607/52/25 1601/28/25
f 1577/37/26 1727/30/26 1715/35/26
f 1601/28/324 1607/52/324 1575/53/324
f 1606/54/577 1576/55/577 1684/56/577 1709/57/577
f 1589/58/578 1570/59/578 1679/60/578 1712/61/578
f 1576/55/526 1563/62/526 1685/63/526 1684/56/526
f 1579/26/31 1598/20/31 1595/64/31 1600/27/31
f 1584/65/32 1589/58/32 1712/61/32 1711/66/32
f 1598/67/326 1599/68/326 1707/69/326 1682/70/326
f 1561/41/34 1578/38/35 1604/43/36
f 1585/5/37 1578/38/37 1593/6/37
f 1566/49/38 1587/71/38 1592/47/38
f 1562/72/39 1584/65/39 1711/66/39 1701/73/39
f 1566/74/327 1606/54/327 1709/57/327 1706/75/327
f 1562/72/267 1583/76/267 1699/77/267 1701/73/267
f 1564/78/579 1587/79/579 1702/80/579 1688/81/579
f 1597/82/469 1571/83/469 1681/84/469 1677/85/469
f 1570/40/330 1589/86/330 1593/6/330
f 1590/4/1 1591/1/1 1592/47/1
f 1586/7/1 1593/6/1 1584/87/1
f 1574/2/1 1586/7/1 1584/87/1
f 1572/88/45 1582/89/45 1696/90/45 1683/91/45
f 1587/71/1 1564/92/1 1586/7/1
f 1575/93/498 1562/72/498 1701/73/498 1700/94/498
f 1599/68/580 1597/82/580 1677/85/580 1707/69/580
f 1571/83/529 1596/95/529 1680/96/529 1681/84/529
f 1601/97/581 1575/93/581 1700/94/581 1695/98/581
f 1602/99/582 1579/100/582 1694/101/582 1693/102/582
f 1579/26/51 1602/103/51 1571/10/51
f 1596/95/451 1603/104/451 1689/105/451 1680/96/451
f 1570/59/583 1581/106/583 1678/107/583 1679/60/583
f 1571/10/54 1598/20/54 1579/26/54
f 1595/108/530 1598/67/530 1682/70/530 1692/109/530
f 1563/62/584 1592/110/584 1697/111/584 1685/63/584
f 1594/112/57 1596/113/57 1571/10/57 1602/103/57
f 1604/43/276 1585/5/276 1586/7/276 1605/44/276
f 1594/112/59 1603/114/59 1596/113/59
f 1586/7/60 1564/92/60 1582/115/60 1605/44/60
f 1572/116/61 1569/42/61 1605/44/61 1582/115/61
f 1581/106/454 1561/117/454 1673/118/454 1678/107/454
f 1587/79/585 1566/74/585 1706/75/585 1702/80/585
f 1582/89/473 1564/78/473 1688/81/473 1696/90/473
f 1603/104/586 1594/119/586 1705/120/586 1689/105/586
f 1563/50/66 1606/48/66 1592/47/66
f 1583/121/587 1562/3/587 1575/53/587 1607/52/587
f 1569/122/588 1572/88/588 1683/91/588 1676/123/588
f 1594/119/589 1602/99/589 1693/102/589 1705/120/589
f 1561/117/536 1604/124/536 1672/125/536 1673/118/536
f 1607/126/341 1567/127/341 1674/128/341 1710/129/341
f 1592/110/590 1591/130/590 1704/131/590 1697/111/590
f 1585/5/591 1604/43/36 1578/38/35
f 1579/100/426 1601/97/426 1695/98/426 1694/101/426
f 1591/130/75 1562/72/75 1701/73/75 1704/131/75
f 1567/127/592 1600/132/592 1708/133/592 1674/128/592
f 1583/76/77 1607/126/77 1710/129/77 1699/77/77
f 1604/124/593 1569/122/593 1676/123/593 1672/125/593
f 1600/132/345 1595/108/345 1692/109/345 1708/133/345
f 1584/87/1 1593/6/1 1589/86/1
f 1590/4/1 1586/7/1 1574/2/1
f 1587/71/1 1586/7/1 1590/4/1
f 1592/47/1 1587/71/1 1590/4/1
f 1584/87/1 1562/3/1 1574/2/1
f 1612/134/1 1614/135/1 1613/136/1
f 1612/134/1 1613/136/1 1615/137/1
f 1612/134/1 1615/137/1 1611/138/1
f 1621/139/80 1619/140/80 1620/141/80
f 1619/140/346 1618/142/346 1620/141/346
f 1618/142/82 1617/143/82 1620/141/82
f 1616/144/594 1612/145/594 1622/146/594 1752/147/594
f 1612/145/595 1611/148/595 1630/149/595 1622/146/595
f 1617/150/456 1616/144/456 1752/147/456 1753/151/456
f 1619/152/596 1621/153/596 1755/154/596 1751/155/596
f 1611/148/597 1615/156/597 1641/157/597 1630/149/597
f 1620/158/88 1617/150/88 1753/151/88 1754/159/88
f 1613/136/89 1617/143/89 1618/142/89
f 1614/135/90 1616/160/90 1617/143/90
f 1621/153/598 1620/158/598 1754/159/598 1755/154/598
f 1615/156/599 1613/161/599 1658/162/599 1641/157/599
f 1613/161/600 1618/163/600 1750/164/600 1658/162/600
f 1613/136/94 1614/135/94 1617/143/94
f 1614/135/95 1612/134/95 1616/160/95
f 1618/163/355 1619/152/355 1751/155/355 1750/164/355
f 1652/1/1 1635/2/1 1623/3/1
f 1635/2/1 1652/1/1 1651/4/1
f 1646/5/1 1654/6/1 1647/7/356
f 1752/147/357 1628/165/357 1668/166/357
f 1642/39/99 1657/113/99 1631/40/99
f 1660/167/358 1752/147/358 1668/166/358
f 1753/151/101 1752/147/101 1660/167/101
f 1754/159/481 1753/151/481 1660/167/481
f 1755/154/360 1754/159/360 1660/167/360
f 1628/165/104 1751/155/104 1755/154/104
f 1668/166/105 1628/165/105 1755/154/105
f 1640/26/361 1661/27/361 1662/28/361
f 1668/166/107 1755/154/107 1660/167/107
f 1631/168/601 1664/169/601 1722/15/601 1568/13/601
f 1625/170/602 1638/171/602 1720/172/602 1721/173/602
f 1661/174/363 1656/175/363 1725/29/363 1729/22/363
f 1662/176/291 1661/174/291 1729/22/291 1728/21/291
f 1657/113/112 1664/114/112 1631/40/112
f 1650/177/113 1654/178/113 1730/11/113 1747/179/113
f 1633/180/483 1634/181/483 1741/182/483 1717/31/483
f 1667/183/603 1653/184/603 1733/185/603 1744/186/603
f 1624/187/515 1637/188/515 1718/25/515 1719/189/515
f 1645/190/368 1650/177/368 1747/179/368 1746/191/368
f 1649/192/293 1636/193/293 1737/194/293 1739/195/293
f 1653/47/369 1667/48/370 1627/49/121
f 1623/196/555 1649/192/555 1739/195/555 1738/197/555
f 1659/198/435 1632/199/435 1715/35/435 1716/32/435
f 1669/200/124 1670/201/124 1749/202/124 1723/17/124
f 1627/203/125 1667/183/125 1744/186/125 1742/204/125
f 1626/205/126 1636/53/126 1669/206/126
f 1662/28/127 1636/53/127 1626/205/127
f 1669/206/128 1649/207/128 1670/208/128
f 1640/26/129 1659/20/129 1656/64/129 1661/27/129
f 1644/209/130 1623/196/130 1738/197/130 1736/210/130
f 1654/178/131 1639/211/131 1745/14/131 1730/11/131
f 1657/212/374 1642/213/374 1573/12/374 1565/45/374
f 1646/5/133 1639/38/133 1654/6/133
f 1627/49/121 1648/71/134 1653/47/369
f 1627/49/297 1638/214/297 1648/71/297
f 1648/71/136 1638/214/136 1625/92/136
f 1671/215/137 1637/51/137 1624/50/137
f 1623/3/1 1644/121/1 1652/1/1
f 1643/216/604 1633/180/604 1717/31/604 1732/217/604
f 1670/201/558 1649/192/558 1739/195/558 1749/202/558
f 1651/4/1 1652/1/1 1653/47/1
f 1647/7/356 1654/6/1 1645/87/1
f 1635/2/1 1647/7/356 1645/87/1
f 1624/50/140 1653/47/140 1652/1/140
f 1648/71/1 1625/92/605 1647/7/356
f 1638/171/559 1643/216/559 1732/217/559 1720/172/559
f 1671/218/606 1644/209/606 1736/210/606 1735/219/606
f 1632/199/380 1657/212/380 1565/45/380 1715/35/380
f 1637/188/145 1629/220/145 1588/24/145 1718/25/145
f 1636/193/607 1662/176/607 1728/21/607 1737/194/607
f 1640/26/608 1663/103/608 1632/10/608
f 1665/221/382 1666/222/382 1743/223/382 1610/224/382
f 1642/213/609 1631/168/609 1568/13/609 1573/12/609
f 1632/10/383 1659/20/383 1640/26/383
f 1640/26/384 1662/28/384 1626/205/384 1663/103/384
f 1663/225/610 1626/226/610 1724/19/610 1726/18/610
f 1655/112/153 1657/113/153 1632/10/153 1663/103/153
f 1665/43/487 1646/5/487 1647/7/487 1666/44/487
f 1655/112/155 1664/114/155 1657/113/155
f 1656/175/156 1659/198/156 1716/32/156 1725/29/156
f 1666/222/157 1647/227/157 1731/228/157 1743/223/157
f 1653/184/387 1624/187/387 1719/189/387 1733/185/387
f 1633/116/159 1643/115/159 1634/229/159
f 1634/229/388 1643/115/388 1638/214/388
f 1649/192/161 1645/190/161 1746/191/161 1739/195/161
f 1664/169/305 1655/230/305 1740/16/305 1722/15/305
f 1629/220/389 1671/218/389 1735/219/389 1588/24/389
f 1634/181/460 1627/203/460 1742/204/460 1741/182/460
f 1647/227/356 1625/170/605 1721/173/611 1731/228/611
f 1655/230/490 1663/225/490 1726/18/490 1740/16/490
f 1639/211/612 1665/221/612 1610/224/612 1745/14/612
f 1626/226/443 1669/200/443 1723/17/443 1724/19/443
f 1646/5/169 1665/43/169 1639/38/169
f 1634/229/170 1638/214/170 1627/49/170
f 1652/1/613 1671/215/613 1624/50/613
f 1629/231/172 1637/51/172 1671/215/172
f 1671/215/461 1652/1/461 1644/121/461
f 1669/206/174 1636/53/174 1649/207/174
f 1649/207/1 1623/3/1 1645/87/1
f 1645/87/1 1654/6/1 1650/86/397
f 1651/4/1 1647/7/356 1635/2/1
f 1648/71/1 1647/7/356 1651/4/1
f 1653/47/1 1648/71/1 1651/4/1
f 1645/87/1 1623/3/1 1635/2/1
f 1678/107/518 1680/96/518 1679/60/518
f 1713/232/176 1681/84/176 1680/96/176
f 1678/107/398 1677/85/398 1680/96/398
f 1673/118/570 1677/85/570 1678/107/570
f 1683/91/179 1707/69/179 1676/123/179
f 1707/69/180 1683/91/180 1682/70/180
f 1684/56/399 1708/133/399 1692/109/399
f 1675/233/310 1708/133/310 1684/56/310
f 1705/120/183 1693/102/183 1691/234/183
f 1689/105/184 1705/120/184 1690/235/184
f 1680/96/185 1689/105/185 1679/60/185
f 1672/125/186 1677/85/186 1673/118/186
f 1672/125/187 1676/123/187 1677/85/187
f 1710/129/311 1674/128/311 1698/236/311
f 1691/234/189 1700/94/189 1690/235/189
f 1695/98/190 1700/94/190 1691/234/190
f 1690/235/191 1703/237/191 1714/238/191
f 1714/238/192 1711/66/192 1712/61/192
f 1679/60/193 1714/238/193 1712/61/193
f 1706/75/194 1687/239/194 1702/80/194
f 1702/80/195 1687/239/195 1688/81/195
f 1698/236/196 1684/56/196 1685/63/196
f 1701/73/197 1699/77/197 1704/131/197
f 1703/237/403 1700/94/403 1701/73/403
f 1685/63/404 1697/111/404 1704/131/404
f 1690/235/405 1705/120/405 1691/234/405
f 1706/75/201 1692/109/202 1686/240/203
f 1686/240/204 1692/109/204 1683/91/204
f 1682/70/205 1683/91/205 1692/109/205
f 1677/85/206 1676/123/206 1707/69/206
f 1680/96/207 1677/85/207 1713/232/207
f 1681/84/208 1713/232/208 1677/85/208
f 1694/101/209 1695/98/209 1691/234/209 1693/102/209
f 1675/233/210 1674/128/210 1708/133/210
f 1688/81/211 1687/239/211 1696/90/211
f 1683/91/212 1696/90/212 1686/240/212
f 1686/240/312 1696/90/312 1687/239/312
f 1709/57/214 1684/56/214 1692/109/214 1706/75/214
f 1698/236/215 1674/128/215 1675/233/215
f 1699/77/216 1710/129/216 1698/236/216
f 1714/238/614 1703/237/614 1711/66/614
f 1689/105/492 1714/238/492 1679/60/492
f 1690/235/219 1714/238/219 1689/105/219
f 1686/240/203 1687/239/407 1706/75/201
f 1704/131/221 1698/236/221 1685/63/221
f 1675/233/222 1684/56/222 1698/236/222
f 1698/236/520 1704/131/520 1699/77/520
f 1690/235/224 1700/94/224 1703/237/224
f 1703/237/493 1701/73/493 1711/66/493
f 1745/14/226 1609/36/226 1573/12/226
f 1580/34/227 1610/224/227 1743/223/227
f 1610/224/228 1577/37/228 1609/36/228
f 1610/224/315 1580/34/315 1577/37/315
f 1744/186/230 1719/189/230 1718/25/230
f 1608/23/231 1734/241/231 1728/21/231
f 1734/241/232 1608/23/232 1735/219/232
f 1728/21/572 1734/241/572 1737/194/572
f 1749/202/446 1746/191/446 1747/179/446
f 1568/13/235 1749/202/235 1747/179/235
f 1609/36/573 1745/14/573 1610/224/573
f 1739/195/237 1737/194/237 1738/197/237
f 1568/13/238 1747/179/238 1730/11/238
f 1723/17/239 1740/16/239 1724/19/239
f 1742/204/317 1725/29/317 1741/182/317
f 1741/182/241 1725/29/241 1717/31/241
f 1716/32/242 1717/31/242 1725/29/242
f 1577/37/447 1580/34/447 1727/30/447
f 1565/45/244 1577/37/244 1748/46/244
f 1715/35/414 1748/46/414 1577/37/414
f 1588/24/615 1608/23/615 1729/22/615
f 1731/228/247 1721/173/247 1732/217/247 1743/223/247
f 1717/31/248 1580/34/248 1743/223/248 1732/217/248
f 1721/173/616 1720/172/616 1732/217/616
f 1744/186/250 1718/25/250 1725/29/250 1742/204/250
f 1719/189/251 1744/186/251 1733/185/251
f 1736/210/416 1738/197/416 1737/194/416 1734/241/416
f 1735/219/253 1608/23/253 1588/24/253
f 1736/210/617 1734/241/617 1735/219/617
f 1749/202/319 1739/195/319 1746/191/319
f 1722/15/256 1749/202/256 1568/13/256
f 1723/17/418 1749/202/418 1722/15/418
f 1630/149/258 1751/155/258 1628/165/258
f 1641/157/259 1750/164/259 1751/155/259
f 1622/146/260 1628/165/260 1752/147/260
f 1630/149/420 1641/157/420 1751/155/420
f 1641/157/320 1658/162/320 1750/164/320
f 1622/146/496 1630/149/496 1628/165/496
f 1786/1/1 1769/2/1 1757/3/1
f 1769/2/1 1786/1/1 1785/4/1
f 1780/5/1 1788/6/1 1781/7/1
f 1792/8/2 1794/9/2 1766/10/2
f 1925/11/3 1768/12/3 1763/13/3
f 1940/14/4 1768/12/4 1925/11/4
f 1917/15/5 1935/16/5 1918/17/5
f 1935/16/6 1921/18/6 1919/19/6
f 1794/9/7 1793/20/7 1766/10/7
f 1923/21/8 1924/22/8 1803/23/8
f 1783/24/421 1924/22/421 1913/25/421
f 1774/26/10 1795/27/10 1796/28/10
f 1913/25/322 1924/22/322 1920/29/322
f 1922/30/12 1912/31/12 1911/32/12
f 1796/28/13 1795/27/13 1762/33/13
f 1912/31/464 1922/30/464 1775/34/464
f 1922/30/15 1911/32/15 1910/35/15
f 1804/36/265 1772/37/265 1768/12/265
f 1773/38/17 1776/39/17 1788/6/17
f 1788/6/618 1776/39/618 1765/40/618
f 1773/38/19 1756/41/19 1776/39/19
f 1764/42/20 1799/43/20 1800/44/20
f 1768/12/21 1772/37/21 1760/45/21
f 1943/46/22 1910/35/22 1760/45/22
f 1787/47/23 1801/48/23 1761/49/23
f 1801/48/24 1758/50/24 1771/51/24
f 1762/33/25 1802/52/25 1796/28/25
f 1772/37/26 1922/30/26 1910/35/26
f 1796/28/619 1802/52/619 1770/53/619
f 1801/54/577 1771/55/577 1879/56/577 1904/57/577
f 1784/58/29 1765/59/29 1874/60/29 1907/61/29
f 1771/55/526 1758/62/526 1880/63/526 1879/56/526
f 1774/26/31 1793/20/31 1790/64/31 1795/27/31
f 1779/65/32 1784/58/32 1907/61/32 1906/66/32
f 1793/67/620 1794/68/620 1902/69/620 1877/70/620
f 1756/41/34 1773/38/35 1799/43/36
f 1780/5/37 1773/38/37 1788/6/37
f 1761/49/38 1782/71/38 1787/47/38
f 1757/72/39 1779/65/39 1906/66/39 1896/73/39
f 1761/74/327 1801/54/327 1904/57/327 1901/75/327
f 1757/72/267 1778/76/267 1894/77/267 1896/73/267
f 1759/78/579 1782/79/579 1897/80/579 1883/81/579
f 1792/82/621 1766/83/621 1876/84/621 1872/85/621
f 1765/40/330 1784/86/330 1788/6/330
f 1785/4/1 1786/1/1 1787/47/1
f 1781/7/1 1788/6/1 1779/87/1
f 1769/2/1 1781/7/1 1779/87/1
f 1767/88/497 1777/89/497 1891/90/497 1878/91/497
f 1782/71/1 1759/92/1 1781/7/1
f 1770/93/622 1757/72/622 1896/73/622 1895/94/622
f 1794/68/580 1792/82/580 1872/85/580 1902/69/580
f 1766/83/623 1791/95/623 1875/96/623 1876/84/623
f 1796/97/581 1770/93/581 1895/94/581 1890/98/581
f 1797/99/582 1774/100/582 1889/101/582 1888/102/582
f 1774/26/51 1797/103/51 1766/10/51
f 1791/95/272 1798/104/272 1884/105/272 1875/96/272
f 1765/59/624 1776/106/624 1873/107/624 1874/60/624
f 1766/10/54 1793/20/54 1774/26/54
f 1790/108/625 1793/67/625 1877/70/625 1887/109/625
f 1758/62/275 1787/110/275 1892/111/275 1880/63/275
f 1789/112/57 1791/113/57 1766/10/57 1797/103/57
f 1799/43/276 1780/5/276 1781/7/276 1800/44/276
f 1789/112/337 1798/114/337 1791/113/337
f 1781/7/501 1759/92/501 1777/115/501 1800/44/501
f 1767/116/61 1764/42/61 1800/44/61 1777/115/61
f 1776/106/338 1756/117/338 1868/118/338 1873/107/338
f 1782/79/502 1761/74/502 1901/75/502 1897/80/502
f 1777/89/503 1759/78/503 1883/81/503 1891/90/503
f 1798/104/626 1789/119/626 1900/120/626 1884/105/626
f 1758/50/66 1801/48/66 1787/47/66
f 1778/121/340 1757/3/340 1770/53/340 1802/52/340
f 1764/122/588 1767/88/588 1878/91/588 1871/123/588
f 1789/119/505 1797/99/505 1888/102/505 1900/120/505
f 1756/117/536 1799/124/536 1867/125/536 1868/118/536
f 1802/126/341 1762/127/341 1869/128/341 1905/129/341
f 1787/110/72 1786/130/72 1899/131/72 1892/111/72
f 1780/5/73 1799/43/36 1773/38/35
f 1774/100/426 1796/97/426 1890/98/426 1889/101/426
f 1786/130/75 1757/72/75 1896/73/75 1899/131/75
f 1762/127/592 1795/132/592 1903/133/592 1869/128/592
f 1778/76/627 1802/126/627 1905/129/627 1894/77/627
f 1799/124/593 1764/122/593 1871/123/593 1867/125/593
f 1795/132/345 1790/108/345 1887/109/345 1903/133/345
f 1779/87/1 1788/6/1 1784/86/1
f 1785/4/1 1781/7/1 1769/2/1
f 1782/71/1 1781/7/1 1785/4/1
f 1787/47/1 1782/71/1 1785/4/1
f 1779/87/1 1757/3/1 1769/2/1
f 1807/134/1 1809/135/1 1808/136/1
f 1807/134/1 1808/136/1 1810/137/1
f 1807/134/1 1810/137/1 1806/138/1
f 1816/139/508 1814/140/508 1815/141/508
f 1814/140/346 1813/142/346 1815/141/346
f 1813/142/82 1812/143/82 1815/141/82
f 1811/144/628 1807/145/628 1817/146/628 1947/147/628
f 1807/145/629 1806/148/629 1825/149/629 1817/146/629
f 1812/150/456 1811/144/456 1947/147/456 1948/151/456
f 1814/152/596 1816/153/596 1950/154/596 1946/155/596
f 1806/148/597 1810/156/597 1836/157/597 1825/149/597
f 1815/158/630 1812/150/630 1948/151/630 1949/159/630
f 1808/136/89 1812/143/89 1813/142/89
f 1809/135/90 1811/160/90 1812/143/90
f 1816/153/631 1815/158/631 1949/159/631 1950/154/631
f 1810/156/546 1808/161/546 1853/162/546 1836/157/546
f 1808/161/480 1813/163/480 1945/164/480 1853/162/480
f 1808/136/94 1809/135/94 1812/143/94
f 1809/135/95 1807/134/95 1811/160/95
f 1813/163/355 1814/152/355 1946/155/355 1945/164/355
f 1847/1/1 1830/2/1 1818/3/1
f 1830/2/1 1847/1/1 1846/4/1
f 1841/5/1 1849/6/1 1842/7/356
f 1947/147/357 1823/165/357 1863/166/357
f 1837/39/99 1852/113/99 1826/40/99
f 1855/167/632 1947/147/632 1863/166/632
f 1948/151/101 1947/147/101 1855/167/101
f 1949/159/359 1948/151/359 1855/167/359
f 1950/154/633 1949/159/633 1855/167/633
f 1823/165/104 1946/155/104 1950/154/104
f 1863/166/105 1823/165/105 1950/154/105
f 1835/26/361 1856/27/361 1857/28/361
f 1863/166/107 1950/154/107 1855/167/107
f 1826/168/634 1859/169/634 1917/15/634 1763/13/634
f 1820/170/602 1833/171/602 1915/172/602 1916/173/602
f 1856/174/363 1851/175/363 1920/29/363 1924/22/363
f 1857/176/291 1856/174/291 1924/22/291 1923/21/291
f 1852/113/112 1859/114/112 1826/40/112
f 1845/177/113 1849/178/113 1925/11/113 1942/179/113
f 1828/180/483 1829/181/483 1936/182/483 1912/31/483
f 1862/183/635 1848/184/635 1928/185/635 1939/186/635
f 1819/187/515 1832/188/515 1913/25/515 1914/189/515
f 1840/190/368 1845/177/368 1942/179/368 1941/191/368
f 1844/192/636 1831/193/636 1932/194/636 1934/195/636
f 1848/47/369 1862/48/516 1822/49/121
f 1818/196/637 1844/192/637 1934/195/637 1933/197/637
f 1854/198/435 1827/199/435 1910/35/435 1911/32/435
f 1864/200/294 1865/201/294 1944/202/294 1918/17/294
f 1822/203/638 1862/183/638 1939/186/638 1937/204/638
f 1821/205/639 1831/53/639 1864/206/639
f 1857/28/640 1831/53/640 1821/205/640
f 1864/206/373 1844/207/373 1865/208/373
f 1835/26/129 1854/20/129 1851/64/129 1856/27/129
f 1839/209/130 1818/196/130 1933/197/130 1931/210/130
f 1849/178/295 1834/211/295 1940/14/295 1925/11/295
f 1852/212/374 1837/213/374 1768/12/374 1760/45/374
f 1841/5/133 1834/38/133 1849/6/133
f 1822/49/121 1843/71/134 1848/47/369
f 1822/49/297 1833/214/297 1843/71/297
f 1843/71/136 1833/214/136 1820/92/136
f 1866/215/137 1832/51/137 1819/50/137
f 1818/3/1 1839/121/1 1847/1/1
f 1838/216/641 1828/180/641 1912/31/641 1927/217/641
f 1865/201/558 1844/192/558 1934/195/558 1944/202/558
f 1846/4/1 1847/1/1 1848/47/1
f 1842/7/356 1849/6/1 1840/87/1
f 1830/2/1 1842/7/356 1840/87/1
f 1819/50/140 1848/47/140 1847/1/140
f 1843/71/1 1820/92/605 1842/7/356
f 1833/171/559 1838/216/559 1927/217/559 1915/172/559
f 1866/218/642 1839/209/642 1931/210/642 1930/219/642
f 1827/199/380 1852/212/380 1760/45/380 1910/35/380
f 1832/188/643 1824/220/643 1783/24/643 1913/25/643
f 1831/193/644 1857/176/644 1923/21/644 1932/194/644
f 1835/26/608 1858/103/608 1827/10/608
f 1860/221/382 1861/222/382 1938/223/382 1805/224/382
f 1837/213/645 1826/168/645 1763/13/645 1768/12/645
f 1827/10/646 1854/20/646 1835/26/646
f 1835/26/384 1857/28/384 1821/205/384 1858/103/384
f 1858/225/647 1821/226/647 1919/19/647 1921/18/647
f 1850/112/153 1852/113/153 1827/10/153 1858/103/153
f 1860/43/154 1841/5/154 1842/7/154 1861/44/154
f 1850/112/155 1859/114/155 1852/113/155
f 1851/175/386 1854/198/386 1911/32/386 1920/29/386
f 1861/222/157 1842/227/157 1926/228/157 1938/223/157
f 1848/184/387 1819/187/387 1914/189/387 1928/185/387
f 1828/116/159 1838/115/159 1829/229/159
f 1829/229/388 1838/115/388 1833/214/388
f 1844/192/161 1840/190/161 1941/191/161 1934/195/161
f 1859/169/648 1850/230/648 1935/16/648 1917/15/648
f 1824/220/389 1866/218/389 1930/219/389 1783/24/389
f 1829/181/441 1822/203/441 1937/204/441 1936/182/441
f 1842/227/356 1820/170/605 1916/173/611 1926/228/611
f 1850/230/392 1858/225/392 1921/18/392 1935/16/392
f 1834/211/612 1860/221/612 1805/224/612 1940/14/612
f 1821/226/649 1864/200/649 1918/17/649 1919/19/649
f 1841/5/395 1860/43/395 1834/38/395
f 1829/229/170 1833/214/170 1822/49/170
f 1847/1/613 1866/215/613 1819/50/613
f 1824/231/172 1832/51/172 1866/215/172
f 1866/215/396 1847/1/396 1839/121/396
f 1864/206/174 1831/53/174 1844/207/174
f 1844/207/1 1818/3/1 1840/87/1
f 1840/87/1 1849/6/1 1845/86/397
f 1846/4/1 1842/7/356 1830/2/1
f 1843/71/1 1842/7/356 1846/4/1
f 1848/47/1 1843/71/1 1846/4/1
f 1840/87/1 1818/3/1 1830/2/1
f 1873/107/518 1875/96/518 1874/60/518
f 1908/232/176 1876/84/176 1875/96/176
f 1873/107/398 1872/85/398 1875/96/398
f 1868/118/570 1872/85/570 1873/107/570
f 1878/91/179 1902/69/179 1871/123/179
f 1902/69/180 1878/91/180 1877/70/180
f 1879/56/399 1903/133/399 1887/109/399
f 1870/233/310 1903/133/310 1879/56/310
f 1900/120/183 1888/102/183 1886/234/183
f 1884/105/650 1900/120/650 1885/235/650
f 1875/96/185 1884/105/185 1874/60/185
f 1867/125/186 1872/85/186 1868/118/186
f 1867/125/187 1871/123/187 1872/85/187
f 1905/129/188 1869/128/188 1893/236/188
f 1886/234/189 1895/94/189 1885/235/189
f 1890/98/190 1895/94/190 1886/234/190
f 1885/235/191 1898/237/191 1909/238/191
f 1909/238/192 1906/66/192 1907/61/192
f 1874/60/193 1909/238/193 1907/61/193
f 1901/75/401 1882/239/401 1897/80/401
f 1897/80/195 1882/239/195 1883/81/195
f 1893/236/196 1879/56/196 1880/63/196
f 1896/73/197 1894/77/197 1899/131/197
f 1898/237/403 1895/94/403 1896/73/403
f 1880/63/404 1892/111/404 1899/131/404
f 1885/235/200 1900/120/200 1886/234/200
f 1901/75/201 1887/109/519 1881/240/203
f 1881/240/204 1887/109/204 1878/91/204
f 1877/70/205 1878/91/205 1887/109/205
f 1872/85/206 1871/123/206 1902/69/206
f 1875/96/207 1872/85/207 1908/232/207
f 1876/84/208 1908/232/208 1872/85/208
f 1889/101/209 1890/98/209 1886/234/209 1888/102/209
f 1870/233/210 1869/128/210 1903/133/210
f 1883/81/211 1882/239/211 1891/90/211
f 1878/91/212 1891/90/212 1881/240/212
f 1881/240/213 1891/90/213 1882/239/213
f 1904/57/214 1879/56/214 1887/109/214 1901/75/214
f 1893/236/215 1869/128/215 1870/233/215
f 1894/77/216 1905/129/216 1893/236/216
f 1909/238/614 1898/237/614 1906/66/614
f 1884/105/492 1909/238/492 1874/60/492
f 1885/235/219 1909/238/219 1884/105/219
f 1881/240/203 1882/239/220 1901/75/201
f 1899/131/221 1893/236/221 1880/63/221
f 1870/233/222 1879/56/222 1893/236/222
f 1893/236/651 1899/131/651 1894/77/651
f 1885/235/224 1895/94/224 1898/237/224
f 1898/237/225 1896/73/225 1906/66/225
f 1940/14/226 1804/36/226 1768/12/226
f 1775/34/408 1805/224/408 1938/223/408
f 1805/224/652 1772/37/652 1804/36/652
f 1805/224/315 1775/34/315 1772/37/315
f 1939/186/230 1914/189/230 1913/25/230
f 1803/23/231 1929/241/231 1923/21/231
f 1929/241/232 1803/23/232 1930/219/232
f 1923/21/572 1929/241/572 1932/194/572
f 1944/202/411 1941/191/411 1942/179/411
f 1763/13/235 1944/202/235 1942/179/235
f 1804/36/573 1940/14/573 1805/224/573
f 1934/195/237 1932/194/237 1933/197/237
f 1763/13/238 1942/179/238 1925/11/238
f 1918/17/239 1935/16/239 1919/19/239
f 1937/204/521 1920/29/521 1936/182/521
f 1936/182/241 1920/29/241 1912/31/241
f 1911/32/242 1912/31/242 1920/29/242
f 1772/37/447 1775/34/447 1922/30/447
f 1760/45/244 1772/37/244 1943/46/244
f 1910/35/414 1943/46/414 1772/37/414
f 1783/24/615 1803/23/615 1924/22/615
f 1926/228/247 1916/173/247 1927/217/247 1938/223/247
f 1912/31/248 1775/34/248 1938/223/248 1927/217/248
f 1916/173/249 1915/172/249 1927/217/249
f 1939/186/250 1913/25/250 1920/29/250 1937/204/250
f 1914/189/522 1939/186/522 1928/185/522
f 1931/210/416 1933/197/416 1932/194/416 1929/241/416
f 1930/219/253 1803/23/253 1783/24/253
f 1931/210/617 1929/241/617 1930/219/617
f 1944/202/255 1934/195/255 1941/191/255
f 1917/15/653 1944/202/653 1763/13/653
f 1918/17/654 1944/202/654 1917/15/654
f 1825/149/258 1946/155/258 1823/165/258
f 1836/157/259 1945/164/259 1946/155/259
f 1817/146/260 1823/165/260 1947/147/260
f 1825/149/261 1836/157/261 1946/155/261
f 1836/157/320 1853/162/320 1945/164/320
f 1817/146/263 1825/149/263 1823/165/263
f 1981/1/1 1964/2/1 1952/3/1
f 1964/2/1 1981/1/1 1980/4/1
f 1975/5/1 1983/6/1 1976/7/1
f 1987/8/2 1989/9/2 1961/10/2
f 2120/11/3 1963/12/3 1958/13/3
f 2135/14/4 1963/12/4 2120/11/4
f 2112/15/264 2130/16/264 2113/17/264
f 2130/16/6 2116/18/6 2114/19/6
f 1989/9/7 1988/20/7 1961/10/7
f 2118/21/8 2119/22/8 1998/23/8
f 1978/24/421 2119/22/421 2108/25/421
f 1969/26/10 1990/27/10 1991/28/10
f 2108/25/322 2119/22/322 2115/29/322
f 2117/30/12 2107/31/12 2106/32/12
f 1991/28/13 1990/27/13 1957/33/13
f 2107/31/14 2117/30/14 1970/34/14
f 2117/30/15 2106/32/15 2105/35/15
f 1999/36/265 1967/37/265 1963/12/265
f 1968/38/17 1971/39/17 1983/6/17
f 1983/6/618 1971/39/618 1960/40/618
f 1968/38/19 1951/41/19 1971/39/19
f 1959/42/20 1994/43/20 1995/44/20
f 1963/12/21 1967/37/21 1955/45/21
f 2138/46/22 2105/35/22 1955/45/22
f 1982/47/23 1996/48/23 1956/49/23
f 1996/48/24 1953/50/24 1966/51/24
f 1957/33/25 1997/52/25 1991/28/25
f 1967/37/26 2117/30/26 2105/35/26
f 1991/28/27 1997/52/27 1965/53/27
f 1996/54/577 1966/55/577 2074/56/577 2099/57/577
f 1979/58/29 1960/59/29 2069/60/29 2102/61/29
f 1966/55/526 1953/62/526 2075/63/526 2074/56/526
f 1969/26/31 1988/20/31 1985/64/31 1990/27/31
f 1974/65/32 1979/58/32 2102/61/32 2101/66/32
f 1988/67/326 1989/68/326 2097/69/326 2072/70/326
f 1951/41/34 1968/38/35 1994/43/36
f 1975/5/37 1968/38/37 1983/6/37
f 1956/49/38 1977/71/38 1982/47/38
f 1952/72/39 1974/65/39 2101/66/39 2091/73/39
f 1956/74/327 1996/54/327 2099/57/327 2096/75/327
f 1952/72/41 1973/76/41 2089/77/41 2091/73/41
f 1954/78/579 1977/79/579 2092/80/579 2078/81/579
f 1987/82/469 1961/83/469 2071/84/469 2067/85/469
f 1960/40/330 1979/86/330 1983/6/330
f 1980/4/1 1981/1/1 1982/47/1
f 1976/7/1 1983/6/1 1974/87/1
f 1964/2/1 1976/7/1 1974/87/1
f 1962/88/497 1972/89/497 2086/90/497 2073/91/497
f 1977/71/1 1954/92/1 1976/7/1
f 1965/93/622 1952/72/622 2091/73/622 2090/94/622
f 1989/68/655 1987/82/655 2067/85/655 2097/69/655
f 1961/83/656 1986/95/656 2070/96/656 2071/84/656
f 1991/97/657 1965/93/657 2090/94/657 2085/98/657
f 1992/99/582 1969/100/582 2084/101/582 2083/102/582
f 1969/26/51 1992/103/51 1961/10/51
f 1986/95/451 1993/104/451 2079/105/451 2070/96/451
f 1960/59/424 1971/106/424 2068/107/424 2069/60/424
f 1961/10/54 1988/20/54 1969/26/54
f 1985/108/658 1988/67/658 2072/70/658 2082/109/658
f 1953/62/584 1982/110/584 2087/111/584 2075/63/584
f 1984/112/57 1986/113/57 1961/10/57 1992/103/57
f 1994/43/276 1975/5/276 1976/7/276 1995/44/276
f 1984/112/59 1993/114/59 1986/113/59
f 1976/7/60 1954/92/60 1972/115/60 1995/44/60
f 1962/116/61 1959/42/61 1995/44/61 1972/115/61
f 1971/106/338 1951/117/338 2063/118/338 2068/107/338
f 1977/79/659 1956/74/659 2096/75/659 2092/80/659
f 1972/89/64 1954/78/64 2078/81/64 2086/90/64
f 1993/104/586 1984/119/586 2095/120/586 2079/105/586
f 1953/50/66 1996/48/66 1982/47/66
f 1973/121/340 1952/3/340 1965/53/340 1997/52/340
f 1959/122/660 1962/88/660 2073/91/660 2066/123/660
f 1984/119/69 1992/99/69 2083/102/69 2095/120/69
f 1951/117/536 1994/124/536 2062/125/536 2063/118/536
f 1997/126/341 1957/127/341 2064/128/341 2100/129/341
f 1982/110/279 1981/130/279 2094/131/279 2087/111/279
f 1975/5/591 1994/43/36 1968/38/35
f 1969/100/538 1991/97/538 2085/98/538 2084/101/538
f 1981/130/75 1952/72/75 2091/73/75 2094/131/75
f 1957/127/592 1990/132/592 2098/133/592 2064/128/592
f 1973/76/77 1997/126/77 2100/129/77 2089/77/77
f 1994/124/593 1959/122/593 2066/123/593 2062/125/593
f 1990/132/345 1985/108/345 2082/109/345 2098/133/345
f 1974/87/1 1983/6/1 1979/86/1
f 1980/4/1 1976/7/1 1964/2/1
f 1977/71/1 1976/7/1 1980/4/1
f 1982/47/1 1977/71/1 1980/4/1
f 1974/87/1 1952/3/1 1964/2/1
f 2002/134/1 2004/135/1 2003/136/1
f 2002/134/1 2003/136/1 2005/137/1
f 2002/134/1 2005/137/1 2001/138/1
f 2011/139/80 2009/140/80 2010/141/80
f 2009/140/346 2008/142/346 2010/141/346
f 2008/142/82 2007/143/82 2010/141/82
f 2006/144/661 2002/145/661 2012/146/661 2142/147/661
f 2002/145/629 2001/148/629 2020/149/629 2012/146/629
f 2007/150/456 2006/144/456 2142/147/456 2143/151/456
f 2009/152/662 2011/153/662 2145/154/662 2141/155/662
f 2001/148/597 2005/156/597 2031/157/597 2020/149/597
f 2010/158/663 2007/150/663 2143/151/663 2144/159/663
f 2003/136/89 2007/143/89 2008/142/89
f 2004/135/90 2006/160/90 2007/143/90
f 2011/153/664 2010/158/664 2144/159/664 2145/154/664
f 2005/156/546 2003/161/546 2048/162/546 2031/157/546
f 2003/161/600 2008/163/600 2140/164/600 2048/162/600
f 2003/136/94 2004/135/94 2007/143/94
f 2004/135/95 2002/134/95 2006/160/95
f 2008/163/355 2009/152/355 2141/155/355 2140/164/355
f 2042/1/1 2025/2/1 2013/3/1
f 2025/2/1 2042/1/1 2041/4/1
f 2036/5/1 2044/6/1 2037/7/356
f 2142/147/98 2018/165/98 2058/166/98
f 2032/39/99 2047/113/99 2021/40/99
f 2050/167/358 2142/147/358 2058/166/358
f 2143/151/101 2142/147/101 2050/167/101
f 2144/159/359 2143/151/359 2050/167/359
f 2145/154/360 2144/159/360 2050/167/360
f 2018/165/104 2141/155/104 2145/154/104
f 2058/166/105 2018/165/105 2145/154/105
f 2030/26/361 2051/27/361 2052/28/361
f 2058/166/107 2145/154/107 2050/167/107
f 2021/168/634 2054/169/634 2112/15/634 1958/13/634
f 2015/170/602 2028/171/602 2110/172/602 2111/173/602
f 2051/174/665 2046/175/665 2115/29/665 2119/22/665
f 2052/176/291 2051/174/291 2119/22/291 2118/21/291
f 2047/113/112 2054/114/112 2021/40/112
f 2040/177/113 2044/178/113 2120/11/113 2137/179/113
f 2023/180/666 2024/181/666 2131/182/666 2107/31/666
f 2057/183/366 2043/184/366 2123/185/366 2134/186/366
f 2014/187/515 2027/188/515 2108/25/515 2109/189/515
f 2035/190/368 2040/177/368 2137/179/368 2136/191/368
f 2039/192/293 2026/193/293 2127/194/293 2129/195/293
f 2043/47/369 2057/48/120 2017/49/121
f 2013/196/555 2039/192/555 2129/195/555 2128/197/555
f 2049/198/371 2022/199/371 2105/35/371 2106/32/371
f 2059/200/124 2060/201/124 2139/202/124 2113/17/124
f 2017/203/638 2057/183/638 2134/186/638 2132/204/638
f 2016/205/126 2026/53/126 2059/206/126
f 2052/28/127 2026/53/127 2016/205/127
f 2059/206/128 2039/207/128 2060/208/128
f 2030/26/129 2049/20/129 2046/64/129 2051/27/129
f 2034/209/130 2013/196/130 2128/197/130 2126/210/130
f 2044/178/131 2029/211/131 2135/14/131 2120/11/131
f 2047/212/374 2032/213/374 1963/12/374 1955/45/374
f 2036/5/133 2029/38/133 2044/6/133
f 2017/49/121 2038/71/134 2043/47/369
f 2017/49/297 2028/214/297 2038/71/297
f 2038/71/136 2028/214/136 2015/92/136
f 2061/215/137 2027/51/137 2014/50/137
f 2013/3/1 2034/121/1 2042/1/1
f 2033/216/604 2023/180/604 2107/31/604 2122/217/604
f 2060/201/667 2039/192/667 2129/195/667 2139/202/667
f 2041/4/1 2042/1/1 2043/47/1
f 2037/7/356 2044/6/1 2035/87/1
f 2025/2/1 2037/7/356 2035/87/1
f 2014/50/140 2043/47/140 2042/1/140
f 2038/71/1 2015/92/605 2037/7/356
f 2028/171/559 2033/216/559 2122/217/559 2110/172/559
f 2061/218/668 2034/209/668 2126/210/668 2125/219/668
f 2022/199/437 2047/212/437 1955/45/437 2105/35/437
f 2027/188/145 2019/220/145 1978/24/145 2108/25/145
f 2026/193/607 2052/176/607 2118/21/607 2127/194/607
f 2030/26/608 2053/103/608 2022/10/608
f 2055/221/382 2056/222/382 2133/223/382 2000/224/382
f 2032/213/669 2021/168/669 1958/13/669 1963/12/669
f 2022/10/383 2049/20/383 2030/26/383
f 2030/26/384 2052/28/384 2016/205/384 2053/103/384
f 2053/225/670 2016/226/670 2114/19/670 2116/18/670
f 2045/112/153 2047/113/153 2022/10/153 2053/103/153
f 2055/43/154 2036/5/154 2037/7/154 2056/44/154
f 2045/112/155 2054/114/155 2047/113/155
f 2046/175/564 2049/198/564 2106/32/564 2115/29/564
f 2056/222/157 2037/227/157 2121/228/157 2133/223/157
f 2043/184/488 2014/187/488 2109/189/488 2123/185/488
f 2023/116/159 2033/115/159 2024/229/159
f 2024/229/388 2033/115/388 2028/214/388
f 2039/192/671 2035/190/671 2136/191/671 2129/195/671
f 2054/169/305 2045/230/305 2130/16/305 2112/15/305
f 2019/220/440 2061/218/440 2125/219/440 1978/24/440
f 2024/181/390 2017/203/390 2132/204/390 2131/182/390
f 2037/227/356 2015/170/605 2111/173/611 2121/228/611
f 2045/230/392 2053/225/392 2116/18/392 2130/16/392
f 2029/211/612 2055/221/612 2000/224/612 2135/14/612
f 2016/226/394 2059/200/394 2113/17/394 2114/19/394
f 2036/5/395 2055/43/395 2029/38/395
f 2024/229/170 2028/214/170 2017/49/170
f 2042/1/672 2061/215/672 2014/50/672
f 2019/231/172 2027/51/172 2061/215/172
f 2061/215/396 2042/1/396 2034/121/396
f 2059/206/174 2026/53/174 2039/207/174
f 2039/207/1 2013/3/1 2035/87/1
f 2035/87/1 2044/6/1 2040/86/397
f 2041/4/1 2037/7/356 2025/2/1
f 2038/71/1 2037/7/356 2041/4/1
f 2043/47/1 2038/71/1 2041/4/1
f 2035/87/1 2013/3/1 2025/2/1
f 2068/107/518 2070/96/518 2069/60/518
f 2103/232/176 2071/84/176 2070/96/176
f 2068/107/398 2067/85/398 2070/96/398
f 2063/118/570 2067/85/570 2068/107/570
f 2073/91/179 2097/69/179 2066/123/179
f 2097/69/180 2073/91/180 2072/70/180
f 2074/56/399 2098/133/399 2082/109/399
f 2065/233/310 2098/133/310 2074/56/310
f 2095/120/183 2083/102/183 2081/234/183
f 2079/105/184 2095/120/184 2080/235/184
f 2070/96/185 2079/105/185 2069/60/185
f 2062/125/186 2067/85/186 2063/118/186
f 2062/125/187 2066/123/187 2067/85/187
f 2100/129/311 2064/128/311 2088/236/311
f 2081/234/189 2090/94/189 2080/235/189
f 2085/98/190 2090/94/190 2081/234/190
f 2080/235/191 2093/237/191 2104/238/191
f 2104/238/192 2101/66/192 2102/61/192
f 2069/60/193 2104/238/193 2102/61/193
f 2096/75/194 2077/239/194 2092/80/194
f 2092/80/444 2077/239/444 2078/81/444
f 2088/236/196 2074/56/196 2075/63/196
f 2091/73/197 2089/77/197 2094/131/197
f 2093/237/403 2090/94/403 2091/73/403
f 2075/63/199 2087/111/199 2094/131/199
f 2080/235/200 2095/120/200 2081/234/200
f 2096/75/201 2082/109/202 2076/240/203
f 2076/240/204 2082/109/204 2073/91/204
f 2072/70/205 2073/91/205 2082/109/205
f 2067/85/206 2066/123/206 2097/69/206
f 2070/96/207 2067/85/207 2103/232/207
f 2071/84/208 2103/232/208 2067/85/208
f 2084/101/209 2085/98/209 2081/234/209 2083/102/209
f 2065/233/210 2064/128/210 2098/133/210
f 2078/81/211 2077/239/211 2086/90/211
f 2073/91/212 2086/90/212 2076/240/212
f 2076/240/312 2086/90/312 2077/239/312
f 2099/57/214 2074/56/214 2082/109/214 2096/75/214
f 2088/236/215 2064/128/215 2065/233/215
f 2089/77/216 2100/129/216 2088/236/216
f 2104/238/217 2093/237/217 2101/66/217
f 2079/105/492 2104/238/492 2069/60/492
f 2080/235/219 2104/238/219 2079/105/219
f 2076/240/203 2077/239/407 2096/75/201
f 2094/131/221 2088/236/221 2075/63/221
f 2065/233/222 2074/56/222 2088/236/222
f 2088/236/520 2094/131/520 2089/77/520
f 2080/235/224 2090/94/224 2093/237/224
f 2093/237/225 2091/73/225 2101/66/225
f 2135/14/226 1999/36/226 1963/12/226
f 1970/34/227 2000/224/227 2133/223/227
f 2000/224/228 1967/37/228 1999/36/228
f 2000/224/229 1970/34/229 1967/37/229
f 2134/186/409 2109/189/409 2108/25/409
f 1998/23/231 2124/241/231 2118/21/231
f 2124/241/232 1998/23/232 2125/219/232
f 2118/21/572 2124/241/572 2127/194/572
f 2139/202/411 2136/191/411 2137/179/411
f 1958/13/235 2139/202/235 2137/179/235
f 1999/36/573 2135/14/573 2000/224/573
f 2129/195/237 2127/194/237 2128/197/237
f 1958/13/238 2137/179/238 2120/11/238
f 2113/17/239 2130/16/239 2114/19/239
f 2132/204/317 2115/29/317 2131/182/317
f 2131/182/241 2115/29/241 2107/31/241
f 2106/32/242 2107/31/242 2115/29/242
f 1967/37/447 1970/34/447 2117/30/447
f 1955/45/244 1967/37/244 2138/46/244
f 2105/35/414 2138/46/414 1967/37/414
f 1978/24/615 1998/23/615 2119/22/615
f 2121/228/247 2111/173/247 2122/217/247 2133/223/247
f 2107/31/248 1970/34/248 2133/223/248 2122/217/248
f 2111/173/249 2110/172/249 2122/217/249
f 2134/186/250 2108/25/250 2115/29/250 2132/204/250
f 2109/189/522 2134/186/522 2123/185/522
f 2126/210/416 2128/197/416 2127/194/416 2124/241/416
f 2125/219/253 1998/23/253 1978/24/253
f 2126/210/617 2124/241/617 2125/219/617
f 2139/202/319 2129/195/319 2136/191/319
f 2112/15/256 2139/202/256 1958/13/256
f 2113/17/418 2139/202/418 2112/15/418
f 2020/149/258 2141/155/258 2018/165/258
f 2031/157/673 2140/164/673 2141/155/673
f 2012/146/260 2018/165/260 2142/147/260
f 2020/149/420 2031/157/420 2141/155/420
f 2031/157/320 2048/162/320 2140/164/320
f 2012/146/263 2020/149/263 2018/165/263
f 2176/1/1 2159/2/523 2147/3/1
f 2159/2/523 2176/1/1 2175/4/1
f 2170/5/1 2178/6/1 2171/7/1
f 2182/8/2 2184/9/2 2156/10/2
f 2315/11/3 2158/12/3 2153/13/3
f 2330/14/4 2158/12/4 2315/11/4
f 2307/15/264 2325/16/264 2308/17/264
f 2325/16/6 2311/18/6 2309/19/6
f 2184/9/7 2183/20/7 2156/10/7
f 2313/21/8 2314/22/8 2193/23/8
f 2173/24/9 2314/22/9 2303/25/9
f 2164/26/10 2185/27/10 2186/28/10
f 2303/25/11 2314/22/11 2310/29/11
f 2312/30/12 2302/31/12 2301/32/12
f 2186/28/13 2185/27/13 2152/33/13
f 2302/31/14 2312/30/14 2165/34/14
f 2312/30/15 2301/32/15 2300/35/15
f 2194/36/265 2162/37/265 2158/12/265
f 2163/38/17 2166/39/17 2178/6/17
f 2178/6/18 2166/39/18 2155/40/18
f 2163/38/19 2146/41/19 2166/39/19
f 2154/42/20 2189/43/20 2190/44/20
f 2158/12/21 2162/37/21 2150/45/21
f 2333/46/22 2300/35/22 2150/45/22
f 2177/47/23 2191/48/23 2151/49/23
f 2191/48/24 2148/50/24 2161/51/24
f 2152/33/25 2192/52/25 2186/28/25
f 2162/37/26 2312/30/26 2300/35/26
f 2186/28/324 2192/52/324 2160/53/324
f 2191/54/525 2161/55/525 2269/56/525 2294/57/525
f 2174/58/578 2155/59/578 2264/60/578 2297/61/578
f 2161/55/526 2148/62/526 2270/63/526 2269/56/526
f 2164/26/31 2183/20/31 2180/64/31 2185/27/31
f 2169/65/32 2174/58/32 2297/61/32 2296/66/32
f 2183/67/326 2184/68/326 2292/69/326 2267/70/326
f 2146/41/34 2163/38/35 2189/43/36
f 2170/5/37 2163/38/37 2178/6/37
f 2151/49/38 2172/71/38 2177/47/38
f 2147/72/39 2169/65/39 2296/66/39 2286/73/39
f 2151/74/40 2191/54/40 2294/57/40 2291/75/40
f 2147/72/267 2168/76/267 2284/77/267 2286/73/267
f 2149/78/42 2172/79/42 2287/80/42 2273/81/42
f 2182/82/527 2156/83/527 2266/84/527 2262/85/527
f 2155/40/44 2174/86/44 2178/6/44
f 2175/4/1 2176/1/1 2177/47/1
f 2171/7/1 2178/6/1 2169/87/1
f 2159/2/523 2171/7/1 2169/87/1
f 2157/88/45 2167/89/45 2281/90/45 2268/91/45
f 2172/71/1 2149/92/1 2171/7/1
f 2160/93/450 2147/72/450 2286/73/450 2285/94/450
f 2184/68/674 2182/82/674 2262/85/674 2292/69/674
f 2156/83/623 2181/95/623 2265/96/623 2266/84/623
f 2186/97/499 2160/93/499 2285/94/499 2280/98/499
f 2187/99/271 2164/100/271 2279/101/271 2278/102/271
f 2164/26/51 2187/103/51 2156/10/51
f 2181/95/451 2188/104/451 2274/105/451 2265/96/451
f 2155/59/452 2166/106/452 2263/107/452 2264/60/452
f 2156/10/54 2183/20/54 2164/26/54
f 2180/108/625 2183/67/625 2267/70/625 2277/109/625
f 2148/62/531 2177/110/531 2282/111/531 2270/63/531
f 2179/112/57 2181/113/57 2156/10/57 2187/103/57
f 2189/43/276 2170/5/276 2171/7/276 2190/44/276
f 2179/112/337 2188/114/337 2181/113/337
f 2171/7/60 2149/92/60 2167/115/60 2190/44/60
f 2157/116/61 2154/42/61 2190/44/61 2167/115/61
f 2166/106/62 2146/117/62 2258/118/62 2263/107/62
f 2172/79/675 2151/74/675 2291/75/675 2287/80/675
f 2167/89/473 2149/78/473 2273/81/473 2281/90/473
f 2188/104/676 2179/119/676 2290/120/676 2274/105/676
f 2148/50/66 2191/48/66 2177/47/66
f 2168/121/340 2147/3/340 2160/53/340 2192/52/340
f 2154/122/588 2157/88/588 2268/91/588 2261/123/588
f 2179/119/535 2187/99/535 2278/102/535 2290/120/535
f 2146/117/536 2189/124/536 2257/125/536 2258/118/536
f 2192/126/677 2152/127/677 2259/128/677 2295/129/677
f 2177/110/590 2176/130/590 2289/131/590 2282/111/590
f 2170/5/591 2189/43/36 2163/38/35
f 2164/100/426 2186/97/426 2280/98/426 2279/101/426
f 2176/130/75 2147/72/75 2286/73/75 2289/131/75
f 2152/127/76 2185/132/76 2293/133/76 2259/128/76
f 2168/76/77 2192/126/77 2295/129/77 2284/77/77
f 2189/124/678 2154/122/678 2261/123/678 2257/125/678
f 2185/132/79 2180/108/79 2277/109/79 2293/133/79
f 2169/87/1 2178/6/1 2174/86/1
f 2175/4/1 2171/7/1 2159/2/523
f 2172/71/1 2171/7/1 2175/4/1
f 2177/47/1 2172/71/1 2175/4/1
f 2169/87/1 2147/3/1 2159/2/523
f 2197/134/1 2199/135/1 2198/136/1
f 2197/134/1 2198/136/1 2200/137/1
f 2197/134/1 2200/137/1 2196/138/1
f 2206/139/508 2204/140/508 2205/141/508
f 2204/140/81 2203/142/81 2205/141/81
f 2203/142/679 2202/143/679 2205/141/679
f 2201/144/680 2197/145/680 2207/146/680 2337/147/680
f 2197/145/542 2196/148/542 2215/149/542 2207/146/542
f 2202/150/456 2201/144/456 2337/147/456 2338/151/456
f 2204/152/349 2206/153/349 2340/154/349 2336/155/349
f 2196/148/428 2200/156/428 2226/157/428 2215/149/428
f 2205/158/88 2202/150/88 2338/151/88 2339/159/88
f 2198/136/89 2202/143/89 2203/142/89
f 2199/135/90 2201/160/90 2202/143/90
f 2206/153/681 2205/158/681 2339/159/681 2340/154/681
f 2200/156/599 2198/161/599 2243/162/599 2226/157/599
f 2198/161/682 2203/163/682 2335/164/682 2243/162/682
f 2198/136/94 2199/135/94 2202/143/94
f 2199/135/95 2197/134/95 2201/160/95
f 2203/163/96 2204/152/96 2336/155/96 2335/164/96
f 2237/1/1 2220/2/1 2208/3/1
f 2220/2/1 2237/1/1 2236/4/1
f 2231/5/1 2239/6/1 2232/7/97
f 2337/147/98 2213/165/98 2253/166/98
f 2227/39/99 2242/113/99 2216/40/99
f 2245/167/358 2337/147/358 2253/166/358
f 2338/151/101 2337/147/101 2245/167/101
f 2339/159/481 2338/151/481 2245/167/481
f 2340/154/360 2339/159/360 2245/167/360
f 2213/165/104 2336/155/104 2340/154/104
f 2253/166/105 2213/165/105 2340/154/105
f 2225/26/106 2246/27/106 2247/28/106
f 2253/166/683 2340/154/683 2245/167/683
f 2216/168/634 2249/169/634 2307/15/634 2153/13/634
f 2210/170/362 2223/171/362 2305/172/362 2306/173/362
f 2246/174/110 2241/175/110 2310/29/110 2314/22/110
f 2247/176/684 2246/174/684 2314/22/684 2313/21/684
f 2242/113/112 2249/114/112 2216/40/112
f 2235/177/552 2239/178/552 2315/11/552 2332/179/552
f 2218/180/434 2219/181/434 2326/182/434 2302/31/434
f 2252/183/292 2238/184/292 2318/185/292 2329/186/292
f 2209/187/515 2222/188/515 2303/25/515 2304/189/515
f 2230/190/117 2235/177/117 2332/179/117 2331/191/117
f 2234/192/554 2221/193/554 2322/194/554 2324/195/554
f 2238/47/119 2252/48/120 2212/49/121
f 2208/196/637 2234/192/637 2324/195/637 2323/197/637
f 2244/198/517 2217/199/517 2300/35/517 2301/32/517
f 2254/200/556 2255/201/556 2334/202/556 2308/17/556
f 2212/203/372 2252/183/372 2329/186/372 2327/204/372
f 2211/205/126 2221/53/126 2254/206/126
f 2247/28/127 2221/53/127 2211/205/127
f 2254/206/373 2234/207/373 2255/208/373
f 2225/26/129 2244/20/129 2241/64/129 2246/27/129
f 2229/209/130 2208/196/130 2323/197/130 2321/210/130
f 2239/178/131 2224/211/131 2330/14/131 2315/11/131
f 2242/212/296 2227/213/296 2158/12/296 2150/45/296
f 2231/5/133 2224/38/133 2239/6/133
f 2212/49/121 2233/71/134 2238/47/119
f 2212/49/297 2223/214/297 2233/71/297
f 2233/71/298 2223/214/298 2210/92/298
f 2256/215/137 2222/51/137 2209/50/137
f 2208/3/1 2229/121/1 2237/1/1
f 2228/216/138 2218/180/138 2302/31/138 2317/217/138
f 2255/201/558 2234/192/558 2324/195/558 2334/202/558
f 2236/4/1 2237/1/1 2238/47/1
f 2232/7/97 2239/6/1 2230/87/1
f 2220/2/1 2232/7/97 2230/87/1
f 2209/50/140 2238/47/140 2237/1/140
f 2233/71/1 2210/92/141 2232/7/97
f 2223/171/559 2228/216/559 2317/217/559 2305/172/559
f 2256/218/685 2229/209/685 2321/210/685 2320/219/685
f 2217/199/686 2242/212/686 2150/45/686 2300/35/686
f 2222/188/145 2214/220/145 2173/24/145 2303/25/145
f 2221/193/687 2247/176/687 2313/21/687 2322/194/687
f 2225/26/147 2248/103/147 2217/10/147
f 2250/221/301 2251/222/301 2328/223/301 2195/224/301
f 2227/213/149 2216/168/149 2153/13/149 2158/12/149
f 2217/10/150 2244/20/150 2225/26/150
f 2225/26/384 2247/28/384 2211/205/384 2248/103/384
f 2248/225/459 2211/226/459 2309/19/459 2311/18/459
f 2240/112/153 2242/113/153 2217/10/153 2248/103/153
f 2250/43/154 2231/5/154 2232/7/154 2251/44/154
f 2240/112/155 2249/114/155 2242/113/155
f 2241/175/564 2244/198/564 2301/32/564 2310/29/564
f 2251/222/565 2232/227/565 2316/228/565 2328/223/565
f 2238/184/688 2209/187/688 2304/189/688 2318/185/688
f 2218/116/159 2228/115/159 2219/229/159
f 2219/229/304 2228/115/304 2223/214/304
f 2234/192/161 2230/190/161 2331/191/161 2324/195/161
f 2249/169/689 2240/230/689 2325/16/689 2307/15/689
f 2214/220/389 2256/218/389 2320/219/389 2173/24/389
f 2219/181/306 2212/203/306 2327/204/306 2326/182/306
f 2232/227/97 2210/170/141 2306/173/165 2316/228/165
f 2240/230/166 2248/225/166 2311/18/166 2325/16/166
f 2224/211/167 2250/221/167 2195/224/167 2330/14/167
f 2211/226/568 2254/200/568 2308/17/568 2309/19/568
f 2231/5/169 2250/43/169 2224/38/169
f 2219/229/170 2223/214/170 2212/49/170
f 2237/1/171 2256/215/171 2209/50/171
f 2214/231/569 2222/51/569 2256/215/569
f 2256/215/173 2237/1/173 2229/121/173
f 2254/206/174 2221/53/174 2234/207/174
f 2234/207/1 2208/3/1 2230/87/1
f 2230/87/1 2239/6/1 2235/86/1
f 2236/4/1 2232/7/97 2220/2/1
f 2233/71/1 2232/7/97 2236/4/1
f 2238/47/1 2233/71/1 2236/4/1
f 2230/87/1 2208/3/1 2220/2/1
f 2263/107/462 2265/96/462 2264/60/462
f 2298/232/176 2266/84/176 2265/96/176
f 2263/107/177 2262/85/177 2265/96/177
f 2258/118/570 2262/85/570 2263/107/570
f 2268/91/179 2292/69/179 2261/123/179
f 2292/69/180 2268/91/180 2267/70/180
f 2269/56/181 2293/133/181 2277/109/181
f 2260/233/310 2293/133/310 2269/56/310
f 2290/120/183 2278/102/183 2276/234/183
f 2274/105/650 2290/120/650 2275/235/650
f 2265/96/463 2274/105/463 2264/60/463
f 2257/125/186 2262/85/186 2258/118/186
f 2257/125/187 2261/123/187 2262/85/187
f 2295/129/311 2259/128/311 2283/236/311
f 2276/234/189 2285/94/189 2275/235/189
f 2280/98/190 2285/94/190 2276/234/190
f 2275/235/191 2288/237/191 2299/238/191
f 2299/238/192 2296/66/192 2297/61/192
f 2264/60/193 2299/238/193 2297/61/193
f 2291/75/194 2272/239/194 2287/80/194
f 2287/80/402 2272/239/402 2273/81/402
f 2283/236/196 2269/56/196 2270/63/196
f 2286/73/197 2284/77/197 2289/131/197
f 2288/237/198 2285/94/198 2286/73/198
f 2270/63/199 2282/111/199 2289/131/199
f 2275/235/200 2290/120/200 2276/234/200
f 2291/75/201 2277/109/202 2271/240/203
f 2271/240/204 2277/109/204 2268/91/204
f 2267/70/205 2268/91/205 2277/109/205
f 2262/85/206 2261/123/206 2292/69/206
f 2265/96/207 2262/85/207 2298/232/207
f 2266/84/208 2298/232/208 2262/85/208
f 2279/101/209 2280/98/209 2276/234/209 2278/102/209
f 2260/233/210 2259/128/210 2293/133/210
f 2273/81/211 2272/239/211 2281/90/211
f 2268/91/212 2281/90/212 2271/240/212
f 2271/240/213 2281/90/213 2272/239/213
f 2294/57/214 2269/56/214 2277/109/214 2291/75/214
f 2283/236/215 2259/128/215 2260/233/215
f 2284/77/216 2295/129/216 2283/236/216
f 2299/238/217 2288/237/217 2296/66/217
f 2274/105/690 2299/238/690 2264/60/690
f 2275/235/219 2299/238/219 2274/105/219
f 2271/240/203 2272/239/407 2291/75/201
f 2289/131/221 2283/236/221 2270/63/221
f 2260/233/222 2269/56/222 2283/236/222
f 2283/236/520 2289/131/520 2284/77/520
f 2275/235/224 2285/94/224 2288/237/224
f 2288/237/225 2286/73/225 2296/66/225
f 2330/14/226 2194/36/226 2158/12/226
f 2165/34/227 2195/224/227 2328/223/227
f 2195/224/228 2162/37/228 2194/36/228
f 2195/224/315 2165/34/315 2162/37/315
f 2329/186/230 2304/189/230 2303/25/230
f 2193/23/231 2319/241/231 2313/21/231
f 2319/241/232 2193/23/232 2320/219/232
f 2313/21/233 2319/241/233 2322/194/233
f 2334/202/691 2331/191/691 2332/179/691
f 2153/13/316 2334/202/316 2332/179/316
f 2194/36/573 2330/14/573 2195/224/573
f 2324/195/237 2322/194/237 2323/197/237
f 2153/13/238 2332/179/238 2315/11/238
f 2308/17/239 2325/16/239 2309/19/239
f 2327/204/317 2310/29/317 2326/182/317
f 2326/182/241 2310/29/241 2302/31/241
f 2301/32/242 2302/31/242 2310/29/242
f 2162/37/243 2165/34/243 2312/30/243
f 2150/45/574 2162/37/574 2333/46/574
f 2300/35/414 2333/46/414 2162/37/414
f 2173/24/246 2193/23/246 2314/22/246
f 2316/228/247 2306/173/247 2317/217/247 2328/223/247
f 2302/31/248 2165/34/248 2328/223/248 2317/217/248
f 2306/173/249 2305/172/249 2317/217/249
f 2329/186/250 2303/25/250 2310/29/250 2327/204/250
f 2304/189/522 2329/186/522 2318/185/522
f 2321/210/416 2323/197/416 2322/194/416 2319/241/416
f 2320/219/253 2193/23/253 2173/24/253
f 2321/210/617 2319/241/617 2320/219/617
f 2334/202/319 2324/195/319 2331/191/319
f 2307/15/256 2334/202/256 2153/13/256
f 2308/17/257 2334/202/257 2307/15/257
f 2215/149/258 2336/155/258 2213/165/258
f 2226/157/673 2335/164/673 2336/155/673
f 2207/146/260 2213/165/260 2337/147/260
f 2215/149/261 2226/157/261 2336/155/261
f 2226/157/320 2243/162/320 2335/164/320
f 2207/146/263 2215/149/263 2213/165/263
