# Blender 5.1.2
# www.blender.org
mtllib tree.mtl
o Plane.001
v -0.471007 0.241693 -0.009673
v -0.455636 0.239462 -0.009878
v -0.453453 0.254696 -0.011991
v -0.468825 0.256927 -0.011785
v -0.462025 0.140636 0.125650
v -0.454372 0.140383 0.125480
v -0.454166 0.141566 0.133045
v -0.461819 0.141819 0.133214
v -0.462552 0.112258 0.136315
v -0.459501 0.111881 0.136315
v -0.459381 0.112855 0.139229
v -0.462432 0.113232 0.139229
v -0.481582 0.197049 0.168799
v -0.481099 0.200900 0.170057
v -0.477369 0.199982 0.171432
v -0.477853 0.196131 0.170175
v -0.490267 0.294071 0.198785
v -0.493102 0.295267 0.198597
v -0.491957 0.298071 0.199169
v -0.489122 0.296875 0.199357
v -0.480385 0.349528 0.172162
v -0.476295 0.348831 0.172162
v -0.476581 0.347152 0.175945
v -0.480671 0.347848 0.175945
v -0.380000 0.332520 0.179286
v -0.377762 0.332379 0.179394
v -0.377918 0.331457 0.181435
v -0.380156 0.331598 0.181327
v -0.302013 0.237093 0.155274
v -0.303289 0.234172 0.155258
v -0.303712 0.234340 0.158413
v -0.302436 0.237261 0.158429
v -0.533384 0.315893 0.177880
v -0.532558 0.319122 0.177880
v -0.531069 0.318741 0.180837
v -0.531895 0.315512 0.180837
v -0.468601 0.246916 0.023448
v -0.455534 0.245014 0.023226
v -0.453663 0.258019 0.021890
v -0.466731 0.259921 0.022113
v -0.467423 0.248291 0.067329
v -0.456285 0.246672 0.067542
v -0.454679 0.257798 0.068141
v -0.465818 0.259417 0.067928
v -0.467155 0.248921 0.044456
v -0.455799 0.247276 0.044444
v -0.454154 0.258632 0.044313
v -0.465510 0.260277 0.044325
v -0.473260 0.265923 0.123654
v -0.466871 0.268527 0.123629
v -0.465365 0.264885 0.129292
v -0.471754 0.262282 0.129317
v -0.481747 0.288039 0.137183
v -0.476048 0.290368 0.137159
v -0.474988 0.287832 0.142667
v -0.480687 0.285503 0.142692
v -0.487101 0.297066 0.176284
v -0.491024 0.298690 0.176157
v -0.489471 0.302518 0.177148
v -0.485548 0.300894 0.177275
v -0.466579 0.223912 0.122345
v -0.458878 0.223703 0.122382
v -0.458847 0.226135 0.129692
v -0.466548 0.226343 0.129656
v -0.463461 0.167840 0.125738
v -0.455789 0.168599 0.125535
v -0.455514 0.167872 0.133209
v -0.463187 0.167113 0.133412
v -0.474685 0.200292 0.150352
v -0.473583 0.206038 0.151273
v -0.468293 0.204658 0.153553
v -0.469395 0.198912 0.152632
v -0.423166 0.262510 0.126079
v -0.421465 0.256248 0.126189
v -0.423856 0.255705 0.132198
v -0.425556 0.261967 0.132088
v -0.442546 0.256605 0.117824
v -0.440610 0.249811 0.117982
v -0.443103 0.249254 0.124570
v -0.445039 0.256048 0.124411
v -0.403692 0.266827 0.134706
v -0.402245 0.261093 0.134763
v -0.404416 0.260600 0.140242
v -0.405864 0.266333 0.140185
v -0.382480 0.300550 0.162945
v -0.378712 0.300146 0.163043
v -0.378993 0.298316 0.166351
v -0.382762 0.298719 0.166253
v -0.341032 0.254491 0.148748
v -0.342660 0.250551 0.148739
v -0.343172 0.250752 0.152966
v -0.341544 0.254692 0.152975
v -0.466861 0.211404 0.125598
v -0.459127 0.211285 0.125610
v -0.459103 0.213552 0.133005
v -0.466838 0.213671 0.132994
v -0.466224 0.234814 0.117295
v -0.458553 0.234648 0.117306
v -0.458481 0.238430 0.123982
v -0.466152 0.238596 0.123971
v -0.477656 0.277457 0.131895
v -0.471603 0.279903 0.131857
v -0.470433 0.277095 0.137633
v -0.476485 0.274650 0.137671
v -0.485570 0.297867 0.144108
v -0.480238 0.300110 0.144126
v -0.478861 0.296799 0.148666
v -0.484194 0.294556 0.148648
v -0.467031 0.247527 0.089989
v -0.457679 0.246175 0.090090
v -0.456346 0.255475 0.091109
v -0.465698 0.256826 0.091008
v -0.469774 0.244532 0.007801
v -0.455553 0.242468 0.007607
v -0.453534 0.256565 0.005680
v -0.467754 0.258629 0.005873
v -0.470390 0.243113 -0.000930
v -0.455594 0.240967 -0.001128
v -0.453494 0.255630 -0.003161
v -0.468290 0.257777 -0.002963
v -0.470698 0.242403 -0.005301
v -0.455615 0.240214 -0.005503
v -0.453474 0.255163 -0.007576
v -0.468557 0.257352 -0.007374
v -0.470853 0.242048 -0.007487
v -0.455625 0.239838 -0.007691
v -0.453463 0.254930 -0.009783
v -0.468691 0.257139 -0.009580
v -0.470930 0.241870 -0.008580
v -0.455631 0.239650 -0.008785
v -0.453458 0.254813 -0.010887
v -0.468758 0.257033 -0.010683
v -0.470970 0.241776 -0.009169
v -0.455635 0.239551 -0.009374
v -0.453457 0.254749 -0.011481
v -0.468793 0.256974 -0.011276
v -0.466798 0.246438 0.101337
v -0.458339 0.245224 0.101362
v -0.457141 0.253594 0.102598
v -0.465600 0.254809 0.102574
v -0.466953 0.205303 0.127779
v -0.459203 0.205207 0.127782
v -0.459170 0.208078 0.134982
v -0.467239 0.207166 0.135960
v -0.462250 0.153926 0.124723
v -0.454577 0.154318 0.124503
v -0.454357 0.154309 0.132186
v -0.462030 0.153917 0.132406
v -0.461924 0.126698 0.130252
v -0.456585 0.126155 0.130215
v -0.456398 0.127648 0.135367
v -0.461737 0.128191 0.135403
v -0.487314 0.302116 0.148210
v -0.482171 0.304328 0.148267
v -0.480719 0.300848 0.152407
v -0.485863 0.298636 0.152350
v -0.478131 0.199170 0.159490
v -0.477449 0.203941 0.160828
v -0.472905 0.202801 0.162578
v -0.473586 0.198030 0.161240
v -0.488658 0.295379 0.187578
v -0.492033 0.296796 0.187386
v -0.490677 0.300123 0.188115
v -0.487303 0.298706 0.188306
v -0.484328 0.328259 0.162074
v -0.479615 0.327457 0.162074
v -0.479945 0.325521 0.166434
v -0.484658 0.326324 0.166434
v -0.394163 0.269381 0.138768
v -0.392587 0.263982 0.138904
v -0.394580 0.263532 0.144146
v -0.396155 0.268932 0.144010
v -0.381038 0.316222 0.171421
v -0.378031 0.315996 0.171549
v -0.378244 0.314697 0.174265
v -0.381251 0.314923 0.174137
v -0.321189 0.245783 0.151971
v -0.322661 0.242361 0.151955
v -0.323142 0.242551 0.155645
v -0.321670 0.245973 0.155660
v -0.510527 0.309510 0.164966
v -0.509443 0.313747 0.164966
v -0.507490 0.313247 0.168847
v -0.508574 0.309011 0.168847
v -0.469215 0.245687 0.014758
v -0.455572 0.243704 0.014552
v -0.453629 0.257248 0.012843
v -0.467273 0.259231 0.013049
v -0.467202 0.248779 0.055802
v -0.455954 0.247148 0.055942
v -0.454328 0.258391 0.056322
v -0.465576 0.260022 0.056182
v -0.467808 0.248130 0.033531
v -0.455596 0.246355 0.033367
v -0.453836 0.258545 0.032582
v -0.466048 0.260319 0.032746
v -0.470158 0.257852 0.117367
v -0.463436 0.260622 0.117361
v -0.461842 0.256768 0.123316
v -0.468564 0.253997 0.123322
v -0.479661 0.282670 0.134547
v -0.473789 0.285065 0.134520
v -0.472786 0.282671 0.140307
v -0.478658 0.280276 0.140334
v -0.485644 0.299367 0.164959
v -0.490117 0.301190 0.164921
v -0.488370 0.305505 0.166211
v -0.483897 0.303682 0.166250
v -0.466391 0.229421 0.120147
v -0.458705 0.229200 0.120187
v -0.458649 0.232432 0.127164
v -0.466334 0.232652 0.127124
v -0.465182 0.183876 0.127685
v -0.457493 0.184738 0.127493
v -0.457194 0.183780 0.135167
v -0.464883 0.182918 0.135359
v -0.471157 0.199808 0.141289
v -0.469530 0.206451 0.141577
v -0.463527 0.204856 0.144453
v -0.465154 0.198213 0.144165
v -0.432959 0.259574 0.121857
v -0.430971 0.253097 0.122061
v -0.433391 0.252553 0.128369
v -0.435379 0.259030 0.128164
v -0.452076 0.254231 0.113861
v -0.450352 0.247083 0.113909
v -0.452951 0.246502 0.120764
v -0.454675 0.253650 0.120716
v -0.413333 0.264759 0.130443
v -0.411913 0.258722 0.130461
v -0.414240 0.258192 0.136186
v -0.415660 0.264229 0.136167
v -0.384601 0.285772 0.153386
v -0.380079 0.285147 0.153420
v -0.380445 0.282711 0.157263
v -0.384966 0.283335 0.157229
v -0.361941 0.263210 0.145666
v -0.363713 0.258748 0.145664
v -0.364249 0.258958 0.150429
v -0.362477 0.263419 0.150432
v -0.466737 0.217835 0.123958
v -0.459019 0.217676 0.123981
v -0.459001 0.219629 0.131449
v -0.466719 0.219789 0.131427
v -0.466132 0.240405 0.113920
v -0.458476 0.240306 0.113891
v -0.466056 0.244448 0.120422
v -0.475685 0.272235 0.128438
v -0.469458 0.274745 0.128396
v -0.468066 0.271386 0.134040
v -0.474293 0.268876 0.134082
v -0.483731 0.293178 0.140380
v -0.478209 0.295450 0.140366
v -0.476977 0.292489 0.145402
v -0.482499 0.290218 0.145417
v -0.467234 0.248061 0.078732
v -0.456989 0.246573 0.078917
v -0.455518 0.256795 0.079651
v -0.465762 0.258283 0.079465
v -0.470107 0.243722 0.002681
v -0.455599 0.241617 0.002487
v -0.453539 0.255995 0.000493
v -0.468047 0.258100 0.000687
v -0.470557 0.242707 -0.003496
v -0.455617 0.240540 -0.003696
v -0.453496 0.255345 -0.005749
v -0.468436 0.257513 -0.005549
v -0.470782 0.242200 -0.006584
v -0.455626 0.240001 -0.006787
v -0.453475 0.255021 -0.008870
v -0.468630 0.257220 -0.008667
v -0.470894 0.241946 -0.008128
v -0.455631 0.239732 -0.008333
v -0.453464 0.254858 -0.010430
v -0.468728 0.257073 -0.010226
v -0.470951 0.241819 -0.008906
v -0.455633 0.239596 -0.009111
v -0.453459 0.254777 -0.011216
v -0.468776 0.256999 -0.011011
v -0.470988 0.241734 -0.009421
v -0.455635 0.239506 -0.009626
v -0.453455 0.254723 -0.011736
v -0.468809 0.256950 -0.011531
v -0.466910 0.246966 0.095836
v -0.458020 0.245686 0.095888
v -0.456757 0.254501 0.097065
v -0.465648 0.255781 0.097013
v -0.466667 0.245696 0.107277
v -0.458672 0.244552 0.107277
v -0.457170 0.252848 0.110232
v -0.465538 0.253591 0.108556
v -0.462857 0.160914 0.125230
v -0.455190 0.161590 0.125021
v -0.454933 0.161043 0.132697
v -0.462599 0.160367 0.132906
v -0.462135 0.147284 0.125181
v -0.454466 0.147392 0.124971
v -0.454264 0.147919 0.132622
v -0.461933 0.147811 0.132832
v -0.461988 0.135090 0.127471
v -0.455252 0.134553 0.127385
v -0.455040 0.136167 0.133944
v -0.461776 0.136704 0.134030
v -0.461953 0.130753 0.128909
v -0.455937 0.130274 0.128833
v -0.455748 0.131716 0.134690
v -0.461763 0.132195 0.134767
v -0.462138 0.121813 0.132300
v -0.457577 0.121249 0.132300
v -0.457397 0.122706 0.136655
v -0.461959 0.123270 0.136655
v -0.462290 0.118306 0.133774
v -0.458284 0.117811 0.133774
v -0.458125 0.119091 0.137599
v -0.462132 0.119586 0.137599
v -0.462426 0.115172 0.135091
v -0.458915 0.114738 0.135091
v -0.458776 0.115860 0.138444
v -0.462287 0.116294 0.138444
v -0.486460 0.300035 0.146199
v -0.481226 0.302268 0.146241
v -0.479792 0.298826 0.150540
v -0.485027 0.296594 0.150499
v -0.488172 0.304145 0.150381
v -0.483122 0.306334 0.150451
v -0.481655 0.302824 0.154430
v -0.486706 0.300634 0.154360
v -0.476490 0.199701 0.155144
v -0.475650 0.204930 0.156374
v -0.470741 0.203677 0.158346
v -0.471580 0.198448 0.157116
v -0.479385 0.198398 0.162879
v -0.478833 0.202798 0.164316
v -0.474571 0.201750 0.165888
v -0.475123 0.197350 0.164451
v -0.480510 0.197707 0.165910
v -0.479993 0.201826 0.167255
v -0.476004 0.200845 0.168727
v -0.476521 0.196726 0.167382
v -0.487664 0.296453 0.180377
v -0.491387 0.298008 0.180200
v -0.489900 0.301664 0.181055
v -0.486177 0.300109 0.181233
v -0.488168 0.295910 0.184023
v -0.491715 0.297392 0.183854
v -0.490298 0.300876 0.184669
v -0.486751 0.299394 0.184837
v -0.489111 0.295010 0.190735
v -0.492332 0.296368 0.190522
v -0.491031 0.299555 0.191172
v -0.487810 0.298196 0.191385
v -0.489511 0.294685 0.193518
v -0.492598 0.295988 0.193313
v -0.491351 0.299042 0.193936
v -0.488263 0.297739 0.194140
v -0.489894 0.294374 0.196187
v -0.492853 0.295622 0.195991
v -0.491658 0.298550 0.196588
v -0.488698 0.297301 0.196784
v -0.487406 0.311664 0.154203
v -0.482206 0.310778 0.154203
v -0.482570 0.308643 0.159012
v -0.487935 0.308429 0.159120
v -0.486608 0.315966 0.156244
v -0.481534 0.315102 0.156244
v -0.481889 0.313019 0.160936
v -0.486963 0.313883 0.160936
v -0.485834 0.320139 0.158223
v -0.480883 0.319295 0.158223
v -0.481229 0.317262 0.162802
v -0.486181 0.318105 0.162802
v -0.485076 0.324229 0.160163
v -0.480245 0.323406 0.160163
v -0.480583 0.321422 0.164631
v -0.485414 0.322245 0.164631
v -0.483589 0.332250 0.163967
v -0.478992 0.331467 0.163967
v -0.479314 0.329580 0.168218
v -0.483910 0.330363 0.168218
v -0.482915 0.335883 0.165690
v -0.478425 0.335118 0.165690
v -0.478739 0.333275 0.169843
v -0.483229 0.334039 0.169843
v -0.482264 0.339392 0.167355
v -0.477877 0.338645 0.167355
v -0.478184 0.336844 0.171412
v -0.482571 0.337591 0.171412
v -0.481628 0.342824 0.168982
v -0.477342 0.342094 0.168982
v -0.477642 0.340333 0.172947
v -0.481928 0.341064 0.172947
v -0.481002 0.346198 0.170583
v -0.476815 0.345485 0.170583
v -0.477108 0.343765 0.174456
v -0.481295 0.344479 0.174456
v -0.398860 0.268123 0.136766
v -0.397328 0.262563 0.136871
v -0.399401 0.262094 0.142233
v -0.400932 0.267653 0.142128
v -0.389310 0.270863 0.140785
v -0.387698 0.265629 0.140949
v -0.389610 0.265200 0.146066
v -0.391223 0.270434 0.145901
v -0.382197 0.303615 0.164603
v -0.378577 0.303300 0.164735
v -0.378838 0.301663 0.167972
v -0.382458 0.301978 0.167840
v -0.381946 0.306349 0.166080
v -0.378459 0.306045 0.166208
v -0.378710 0.304468 0.169326
v -0.382197 0.304771 0.169199
v -0.381708 0.308939 0.167481
v -0.378347 0.308647 0.167604
v -0.378589 0.307127 0.170609
v -0.381951 0.307419 0.170487
v -0.381479 0.311442 0.168834
v -0.378239 0.311160 0.168953
v -0.378472 0.309695 0.171849
v -0.381712 0.309977 0.171731
v -0.381254 0.313881 0.170153
v -0.378133 0.313609 0.170267
v -0.378358 0.312198 0.173057
v -0.381479 0.312469 0.172943
v -0.380849 0.319171 0.172844
v -0.377982 0.318989 0.172982
v -0.378182 0.317808 0.175597
v -0.381050 0.317989 0.175459
v -0.380691 0.321657 0.174044
v -0.377941 0.321484 0.174177
v -0.378133 0.320351 0.176685
v -0.380883 0.320525 0.176553
v -0.380543 0.323983 0.175167
v -0.377902 0.323816 0.175293
v -0.378087 0.322728 0.177702
v -0.380727 0.322895 0.177575
v -0.380401 0.326209 0.176241
v -0.377866 0.326049 0.176363
v -0.378043 0.325004 0.178675
v -0.380578 0.325164 0.178553
v -0.380264 0.328364 0.177281
v -0.377830 0.328210 0.177398
v -0.378000 0.327208 0.179617
v -0.380434 0.327361 0.179501
v -0.380130 0.330464 0.178294
v -0.377796 0.330317 0.178406
v -0.377959 0.329355 0.180536
v -0.380293 0.329502 0.180424
v -0.337309 0.252857 0.149353
v -0.338932 0.249024 0.149338
v -0.339455 0.249230 0.153462
v -0.337832 0.253063 0.153477
v -0.333930 0.251374 0.149901
v -0.335518 0.247626 0.149887
v -0.336029 0.247827 0.153921
v -0.334442 0.251576 0.153935
v -0.330662 0.249940 0.150433
v -0.332215 0.246273 0.150419
v -0.332715 0.246470 0.154364
v -0.331162 0.250137 0.154378
v -0.327462 0.248536 0.150952
v -0.328981 0.244949 0.150939
v -0.329471 0.245142 0.154798
v -0.327952 0.248729 0.154812
v -0.324314 0.247154 0.151464
v -0.325800 0.243646 0.151450
v -0.326278 0.243835 0.155225
v -0.324793 0.247342 0.155238
v -0.318023 0.244348 0.152516
v -0.319479 0.241016 0.152498
v -0.319961 0.241207 0.156097
v -0.318505 0.244539 0.156116
v -0.315181 0.243060 0.153006
v -0.316605 0.239801 0.152988
v -0.317077 0.239987 0.156509
v -0.315653 0.243247 0.156527
v -0.312444 0.241820 0.153478
v -0.313837 0.238631 0.153460
v -0.314299 0.238814 0.156904
v -0.312905 0.242003 0.156922
v -0.309773 0.240610 0.153937
v -0.311136 0.237489 0.153920
v -0.311588 0.237668 0.157291
v -0.310225 0.240789 0.157308
v -0.307151 0.239421 0.154389
v -0.308485 0.236369 0.154372
v -0.308927 0.236543 0.157670
v -0.307593 0.239596 0.157687
v -0.304566 0.238250 0.154835
v -0.305871 0.235264 0.154818
v -0.306304 0.235435 0.158044
v -0.304999 0.238422 0.158060
v -0.492195 0.304391 0.154609
v -0.490905 0.309437 0.154609
v -0.489721 0.303417 0.158446
v -0.496137 0.305492 0.156836
v -0.494892 0.310363 0.156836
v -0.492645 0.309789 0.161298
v -0.493891 0.304918 0.161298
v -0.499886 0.306539 0.158954
v -0.498682 0.311245 0.158954
v -0.496512 0.310690 0.163265
v -0.497716 0.305984 0.163265
v -0.503513 0.307552 0.161004
v -0.502351 0.312098 0.161004
v -0.500255 0.311562 0.165168
v -0.501417 0.307016 0.165168
v -0.507054 0.308541 0.163004
v -0.505931 0.312930 0.163004
v -0.503907 0.312413 0.167025
v -0.505030 0.308023 0.167025
v -0.514186 0.310532 0.167033
v -0.513144 0.314607 0.167033
v -0.511265 0.314127 0.170766
v -0.512307 0.310051 0.170766
v -0.517266 0.311392 0.168773
v -0.516258 0.315331 0.168773
v -0.514442 0.314867 0.172382
v -0.515449 0.310927 0.172382
v -0.520159 0.312200 0.170408
v -0.519184 0.316012 0.170408
v -0.517426 0.315562 0.173900
v -0.518401 0.311750 0.173900
v -0.522938 0.312976 0.171978
v -0.521994 0.316665 0.171978
v -0.520293 0.316230 0.175357
v -0.521236 0.312541 0.175357
v -0.525634 0.313729 0.173501
v -0.524720 0.317299 0.173501
v -0.523074 0.316878 0.176772
v -0.523987 0.313308 0.176772
v -0.528266 0.314464 0.174988
v -0.527383 0.317918 0.174988
v -0.525790 0.317511 0.178153
v -0.526673 0.314056 0.178153
v -0.530847 0.315184 0.176446
v -0.529992 0.318525 0.176446
v -0.528452 0.318131 0.179506
v -0.529306 0.314790 0.179506
v -0.467179 0.248849 0.050102
v -0.455877 0.247211 0.050182
v -0.454241 0.258512 0.050383
v -0.465543 0.260150 0.050303
v -0.467312 0.248536 0.061539
v -0.456119 0.246910 0.061739
v -0.454505 0.258092 0.062296
v -0.465698 0.259718 0.062097
v -0.468407 0.253380 0.113895
v -0.461520 0.256228 0.113895
v -0.459670 0.252467 0.119447
v -0.466774 0.249431 0.120001
v -0.471738 0.261963 0.120569
v -0.465187 0.264653 0.120557
v -0.463634 0.260896 0.126355
v -0.470184 0.258206 0.126367
v -0.484745 0.301084 0.157663
v -0.482869 0.305718 0.159119
v -0.485198 0.300220 0.161337
v -0.489848 0.302102 0.161337
v -0.488041 0.306567 0.162740
v -0.483391 0.304684 0.162740
v -0.486163 0.298546 0.168999
v -0.490440 0.300299 0.168924
v -0.488762 0.304443 0.170101
v -0.484485 0.302689 0.170176
v -0.486635 0.297803 0.172661
v -0.490736 0.299484 0.172589
v -0.489126 0.303457 0.173718
v -0.485025 0.301775 0.173790
v -0.466482 0.195468 0.129252
v -0.458777 0.196352 0.129062
v -0.458472 0.195341 0.136748
v -0.466177 0.194457 0.136938
v -0.465833 0.189677 0.128469
v -0.458137 0.190560 0.128280
v -0.457832 0.189550 0.135956
v -0.465528 0.188667 0.136146
v -0.464608 0.178527 0.127035
v -0.456926 0.179368 0.126841
v -0.456632 0.178461 0.134513
v -0.464315 0.177620 0.134707
v -0.464037 0.173205 0.126389
v -0.456363 0.174046 0.126195
v -0.456071 0.173140 0.133858
v -0.463744 0.172299 0.134052
v -0.469432 0.199118 0.136942
v -0.461211 0.204470 0.140099
v -0.463085 0.197429 0.140099
v -0.473018 0.200057 0.146066
v -0.471629 0.206243 0.146603
v -0.466011 0.204756 0.149192
v -0.467400 0.198571 0.148655
v -0.437738 0.258093 0.119847
v -0.435683 0.251490 0.120066
v -0.438124 0.250944 0.126518
v -0.440180 0.257548 0.126299
v -0.428033 0.261051 0.123981
v -0.426113 0.254706 0.124170
v -0.428509 0.254165 0.130331
v -0.430429 0.260510 0.130141
v -0.455164 0.245934 0.111908
v -0.458108 0.244845 0.119643
v -0.447235 0.255438 0.115874
v -0.445427 0.248461 0.115968
v -0.447971 0.247893 0.122688
v -0.449779 0.254870 0.122594
v -0.418126 0.263664 0.128315
v -0.416639 0.257498 0.128348
v -0.419021 0.256955 0.134203
v -0.420508 0.263122 0.134169
v -0.408384 0.265822 0.132631
v -0.407029 0.259920 0.132635
v -0.409299 0.259403 0.138225
v -0.410654 0.265305 0.138220
v -0.386436 0.275406 0.145963
v -0.381369 0.274647 0.145963
v -0.381792 0.271817 0.150213
v -0.386860 0.272576 0.150213
v -0.385800 0.279001 0.148536
v -0.380923 0.278271 0.148536
v -0.381331 0.275547 0.152627
v -0.386208 0.276277 0.152627
v -0.385188 0.282463 0.151014
v -0.380495 0.281760 0.151014
v -0.380887 0.279139 0.154951
v -0.385581 0.279841 0.154951
v -0.384119 0.289128 0.155556
v -0.379767 0.288577 0.155620
v -0.380108 0.286318 0.159366
v -0.384460 0.286869 0.159302
v -0.383684 0.292163 0.157518
v -0.379488 0.291631 0.157580
v -0.379817 0.289454 0.161192
v -0.384013 0.289984 0.161130
v -0.383269 0.295065 0.159394
v -0.379221 0.294553 0.159454
v -0.379539 0.292453 0.162937
v -0.383586 0.292965 0.162878
v -0.382865 0.297886 0.161217
v -0.378962 0.297392 0.161275
v -0.379268 0.295366 0.164634
v -0.383171 0.295860 0.164576
v -0.378797 0.270035 0.143322
v -0.380700 0.265173 0.143322
v -0.381267 0.265395 0.148508
v -0.379363 0.270257 0.148508
v -0.374454 0.268276 0.143926
v -0.376318 0.263515 0.143926
v -0.376872 0.263732 0.149004
v -0.375008 0.268493 0.149004
v -0.370224 0.266563 0.144515
v -0.372049 0.261901 0.144515
v -0.372592 0.262114 0.149487
v -0.370767 0.266776 0.149487
v -0.366065 0.264879 0.145093
v -0.367853 0.260314 0.145093
v -0.368385 0.260522 0.149962
v -0.366597 0.265088 0.149962
v -0.358079 0.261599 0.146236
v -0.359836 0.257239 0.146230
v -0.360375 0.257450 0.150895
v -0.358618 0.261811 0.150901
v -0.354528 0.260118 0.146759
v -0.356251 0.255843 0.146753
v -0.356779 0.256050 0.151328
v -0.355056 0.260325 0.151334
v -0.351079 0.258680 0.147267
v -0.352769 0.254487 0.147262
v -0.353287 0.254690 0.151748
v -0.351598 0.258883 0.151754
v -0.347695 0.257269 0.147766
v -0.349353 0.253157 0.147761
v -0.349861 0.253356 0.152161
v -0.348204 0.257468 0.152166
v -0.344360 0.255878 0.148258
v -0.345985 0.251845 0.148253
v -0.346483 0.252041 0.152568
v -0.344858 0.256074 0.152573
v -0.474500 0.269149 0.126097
v -0.468191 0.271700 0.126061
v -0.466712 0.268126 0.131660
v -0.473021 0.265575 0.131697
v -0.476694 0.274908 0.130203
v -0.470552 0.277375 0.130156
v -0.469246 0.274232 0.135834
v -0.475389 0.271765 0.135881
v -0.484667 0.295565 0.142273
v -0.479238 0.297815 0.142269
v -0.477923 0.294651 0.147043
v -0.483352 0.292401 0.147047
v -0.467326 0.248172 0.073206
v -0.456648 0.246619 0.073426
v -0.455110 0.257284 0.074043
v -0.465788 0.258836 0.073824
v -0.467130 0.247784 0.084550
v -0.457346 0.246365 0.084704
v -0.455944 0.256117 0.085539
v -0.465728 0.257536 0.085385
v -0.324733 0.244904 0.125671
v -0.342786 0.222468 0.141993
v -0.361917 0.252975 0.144741
v -0.326637 0.272268 0.144388
v -0.302551 0.253548 0.140486
v -0.312565 0.222469 0.141986
v -0.355395 0.236363 0.169788
v -0.346200 0.267417 0.172364
v -0.313968 0.267797 0.172057
v -0.303873 0.236730 0.167631
v -0.328941 0.217163 0.169788
v -0.328942 0.244950 0.186961
v -0.338772 0.249490 0.128357
v -0.331843 0.231685 0.129084
v -0.353257 0.236736 0.139854
v -0.326890 0.218523 0.139561
v -0.317188 0.231735 0.129428
v -0.325492 0.260902 0.132668
v -0.341271 0.265128 0.140287
v -0.312924 0.250016 0.130497
v -0.313113 0.266343 0.144976
v -0.303807 0.236783 0.138506
v -0.338541 0.215403 0.155894
v -0.319341 0.215403 0.155894
v -0.361998 0.244949 0.156435
v -0.354136 0.226689 0.155901
v -0.338079 0.274050 0.160068
v -0.354607 0.262786 0.156934
v -0.304977 0.263526 0.154361
v -0.319333 0.274494 0.159004
v -0.303811 0.226690 0.154966
v -0.299043 0.245265 0.148834
v -0.344475 0.223570 0.172228
v -0.354499 0.253117 0.172232
v -0.328941 0.271377 0.179822
v -0.306919 0.253956 0.168062
v -0.313408 0.223570 0.172228
v -0.344475 0.239903 0.182322
v -0.328941 0.228617 0.182322
v -0.338547 0.258163 0.183358
v -0.320259 0.258411 0.183013
v -0.314325 0.240150 0.181754
v -0.377575 0.320257 0.141790
v -0.402187 0.289670 0.164922
v -0.428268 0.331259 0.171384
v -0.380171 0.357561 0.166809
v -0.347335 0.332040 0.155188
v -0.360987 0.289672 0.164844
v -0.419376 0.308613 0.202815
v -0.406841 0.350947 0.198079
v -0.362899 0.351466 0.200079
v -0.349138 0.309113 0.200822
v -0.383312 0.282437 0.202814
v -0.383313 0.320319 0.226227
v -0.396715 0.326509 0.145766
v -0.387267 0.302235 0.147216
v -0.416460 0.309121 0.162006
v -0.380516 0.284291 0.161587
v -0.367289 0.302304 0.146954
v -0.378610 0.342066 0.137343
v -0.400121 0.347827 0.163351
v -0.361477 0.327226 0.148284
v -0.361734 0.349483 0.169098
v -0.349048 0.309186 0.165626
v -0.396400 0.280039 0.183873
v -0.370225 0.280039 0.183873
v -0.428378 0.320318 0.184436
v -0.417660 0.295425 0.183882
v -0.395769 0.359990 0.188473
v -0.418302 0.344635 0.190810
v -0.350642 0.345643 0.189875
v -0.370213 0.360596 0.187552
v -0.349053 0.295426 0.182427
v -0.342553 0.320749 0.181695
v -0.404489 0.291172 0.206140
v -0.418155 0.331452 0.205093
v -0.383312 0.356347 0.215827
v -0.353290 0.332597 0.217775
v -0.362136 0.291172 0.206140
v -0.404489 0.313439 0.219902
v -0.383312 0.298053 0.219901
v -0.396407 0.338333 0.220766
v -0.371475 0.338670 0.220233
v -0.363386 0.313776 0.219220
v -0.488328 0.296977 0.177740
v -0.499272 0.283377 0.187634
v -0.510868 0.301869 0.189300
v -0.489482 0.313564 0.189086
v -0.474882 0.302216 0.186721
v -0.480952 0.283377 0.187630
v -0.506915 0.291799 0.204483
v -0.501341 0.310623 0.206045
v -0.481802 0.310854 0.205858
v -0.475683 0.292022 0.203176
v -0.490879 0.280160 0.204483
v -0.490879 0.297005 0.214893
v -0.496838 0.299756 0.179369
v -0.492638 0.288963 0.179809
v -0.505618 0.292025 0.186338
v -0.489636 0.280985 0.186160
v -0.483754 0.288994 0.180018
v -0.488788 0.306674 0.181982
v -0.498353 0.309236 0.186601
v -0.481170 0.300075 0.180665
v -0.481284 0.309972 0.189443
v -0.475644 0.292054 0.185521
v -0.496698 0.279094 0.196061
v -0.485060 0.279094 0.196061
v -0.510917 0.297004 0.196389
v -0.506152 0.285935 0.196065
v -0.496418 0.314644 0.198591
v -0.506437 0.307817 0.196691
v -0.476352 0.308265 0.195132
v -0.485055 0.314914 0.197946
v -0.475646 0.285936 0.195498
v -0.472755 0.297196 0.191782
v -0.500295 0.284044 0.205962
v -0.506372 0.301955 0.205964
v -0.490879 0.313024 0.210565
v -0.477530 0.302464 0.203437
v -0.481463 0.284044 0.205962
v -0.500295 0.293945 0.212081
v -0.490879 0.287104 0.212081
v -0.496702 0.305014 0.212709
v -0.485616 0.305164 0.212500
v -0.482019 0.294095 0.211737
v -0.478578 0.333501 0.174443
v -0.484063 0.338854 0.188887
v -0.497147 0.343475 0.177779
v -0.482657 0.346076 0.164580
v -0.468709 0.342123 0.169964
v -0.469499 0.339036 0.185624
v -0.491117 0.354561 0.188197
v -0.490779 0.359325 0.173091
v -0.475381 0.359434 0.169052
v -0.466579 0.353644 0.182475
v -0.476059 0.352282 0.193709
v -0.479110 0.364362 0.183656
v -0.485881 0.335239 0.174363
v -0.480235 0.333548 0.181779
v -0.490964 0.339323 0.183474
v -0.475957 0.337255 0.188570
v -0.473172 0.333847 0.180130
v -0.480867 0.338918 0.168123
v -0.488854 0.343044 0.169099
v -0.473448 0.336646 0.171386
v -0.475357 0.345819 0.165860
v -0.467187 0.339101 0.177622
v -0.480850 0.345137 0.193207
v -0.471569 0.345103 0.191479
v -0.495832 0.348521 0.183122
v -0.489712 0.346267 0.190298
v -0.488050 0.353989 0.167292
v -0.494588 0.350946 0.174105
v -0.470882 0.350206 0.167570
v -0.479125 0.353674 0.164691
v -0.465549 0.346068 0.184769
v -0.465773 0.345313 0.174722
v -0.484200 0.354332 0.192971
v -0.492824 0.357688 0.180810
v -0.482880 0.363559 0.170126
v -0.470249 0.355942 0.174429
v -0.469368 0.354268 0.189697
v -0.485787 0.361852 0.187298
v -0.477139 0.360043 0.190477
v -0.485556 0.363984 0.178084
v -0.476889 0.363822 0.175759
v -0.471688 0.361085 0.183579
v -0.527574 0.338276 0.184203
v -0.548946 0.323321 0.176219
v -0.536255 0.310756 0.201568
v -0.508349 0.320805 0.192021
v -0.511099 0.334390 0.174555
v -0.536152 0.333860 0.160185
v -0.542555 0.297429 0.180315
v -0.517519 0.294788 0.190934
v -0.503644 0.306191 0.173268
v -0.520681 0.316868 0.154935
v -0.544295 0.309136 0.157944
v -0.524109 0.293367 0.166148
v -0.530199 0.330885 0.192828
v -0.539201 0.335091 0.179137
v -0.543946 0.319341 0.188967
v -0.545082 0.331096 0.164468
v -0.532934 0.339948 0.171964
v -0.516521 0.330982 0.190068
v -0.519704 0.319535 0.197928
v -0.518720 0.338310 0.178804
v -0.506567 0.325869 0.181533
v -0.523096 0.337525 0.164610
v -0.550727 0.315864 0.165130
v -0.542599 0.322556 0.155980
v -0.540701 0.303479 0.192724
v -0.549723 0.308963 0.176166
v -0.510658 0.305474 0.193706
v -0.525511 0.303392 0.198321
v -0.504221 0.322419 0.172457
v -0.502513 0.312705 0.183825
v -0.528498 0.327166 0.154182
v -0.514485 0.330768 0.162654
v -0.546345 0.301163 0.167763
v -0.530679 0.293841 0.188331
v -0.506909 0.295006 0.180633
v -0.510327 0.313271 0.164377
v -0.533194 0.311992 0.152463
v -0.534481 0.291895 0.173347
v -0.535510 0.298770 0.159905
v -0.519578 0.290863 0.178703
v -0.511699 0.297449 0.168847
v -0.521599 0.302774 0.157677
v -0.468298 0.232015 0.207512
v -0.479404 0.231429 0.170721
v -0.511606 0.200749 0.186368
v -0.473783 0.192390 0.220715
v -0.439511 0.217820 0.223853
v -0.440573 0.235170 0.183789
v -0.491563 0.192228 0.158061
v -0.490831 0.176285 0.194066
v -0.448643 0.173623 0.208236
v -0.425587 0.196023 0.181936
v -0.451450 0.209437 0.149770
v -0.454779 0.169250 0.164752
v -0.486962 0.224269 0.207574
v -0.471893 0.235921 0.192584
v -0.497868 0.219000 0.183537
v -0.458491 0.239244 0.175175
v -0.453377 0.240127 0.199653
v -0.475373 0.223333 0.218793
v -0.491266 0.200241 0.218297
v -0.453324 0.225007 0.216103
v -0.453917 0.195642 0.222718
v -0.433555 0.223471 0.201860
v -0.467593 0.224779 0.154632
v -0.442837 0.226230 0.162969
v -0.506989 0.199467 0.174986
v -0.491158 0.213656 0.159618
v -0.484497 0.177686 0.206115
v -0.502039 0.186468 0.192042
v -0.437829 0.182669 0.214632
v -0.460443 0.176717 0.218046
v -0.426619 0.218915 0.182192
v -0.426364 0.204172 0.203785
v -0.472712 0.200481 0.147701
v -0.495306 0.179462 0.173986
v -0.466209 0.167351 0.195374
v -0.431047 0.169337 0.188467
v -0.432616 0.202344 0.161205
v -0.474650 0.176570 0.156565
v -0.451072 0.186376 0.151742
v -0.472804 0.165847 0.176452
v -0.449358 0.166715 0.185266
v -0.435947 0.178419 0.170315
v -0.463957 0.137919 0.164024
v -0.471832 0.137642 0.132625
v -0.495010 0.115028 0.146364
v -0.467631 0.107528 0.173224
v -0.443331 0.126194 0.171729
v -0.444133 0.138938 0.141996
v -0.480277 0.107657 0.123430
v -0.479421 0.092146 0.150887
v -0.449623 0.092137 0.160308
v -0.433437 0.110687 0.140430
v -0.451812 0.120216 0.117578
v -0.454094 0.090550 0.128331
v -0.477189 0.132378 0.161415
v -0.466697 0.142484 0.149958
v -0.485035 0.130320 0.141001
v -0.456934 0.142520 0.136014
v -0.453312 0.143208 0.154630
v -0.468882 0.130821 0.177289
v -0.480048 0.113116 0.164897
v -0.453193 0.131728 0.168759
v -0.453559 0.110347 0.172141
v -0.439112 0.130319 0.154839
v -0.463309 0.131449 0.121049
v -0.445703 0.132245 0.126982
v -0.491203 0.112525 0.135156
v -0.480081 0.124061 0.124471
v -0.474990 0.093889 0.162158
v -0.487298 0.098622 0.147870
v -0.442101 0.100760 0.164127
v -0.458048 0.094915 0.168651
v -0.434171 0.126959 0.140614
v -0.433989 0.116476 0.155956
v -0.466919 0.113890 0.116103
v -0.482757 0.096421 0.135017
v -0.461577 0.080583 0.151877
v -0.437248 0.090807 0.145160
v -0.438431 0.115178 0.125702
v -0.468260 0.096452 0.122423
v -0.451543 0.103833 0.118979
v -0.466686 0.085314 0.137242
v -0.450057 0.086222 0.143291
v -0.440779 0.097935 0.132198
v -0.651026 -0.272178 -0.009673
v -0.637927 -0.263831 -0.009878
v -0.646221 -0.250868 -0.011991
v -0.659320 -0.259215 -0.011785
v -0.578241 -0.342858 0.125650
v -0.572280 -0.338052 0.125480
v -0.572896 -0.337022 0.133045
v -0.578857 -0.341827 0.133214
v -0.560113 -0.364696 0.136315
v -0.557556 -0.362990 0.136315
v -0.558101 -0.362173 0.139229
v -0.560657 -0.363880 0.139229
v -0.629887 -0.312898 0.168799
v -0.632036 -0.309665 0.170057
v -0.628612 -0.307925 0.171432
v -0.626464 -0.311157 0.170175
v -0.699813 -0.245080 0.198785
v -0.702741 -0.246026 0.198597
v -0.703705 -0.243154 0.199169
v -0.700776 -0.242209 0.199357
v -0.728536 -0.196624 0.172162
v -0.724984 -0.194481 0.172162
v -0.724104 -0.195940 0.175945
v -0.727657 -0.198083 0.175945
v -0.641397 -0.143963 0.179286
v -0.639609 -0.142609 0.179394
v -0.639126 -0.143409 0.181435
v -0.640913 -0.144763 0.181327
v -0.520022 -0.165324 0.155274
v -0.519081 -0.168369 0.155258
v -0.519511 -0.168519 0.158413
v -0.520451 -0.165473 0.158429
v -0.746718 -0.256704 0.177880
v -0.748201 -0.253719 0.177880
v -0.746825 -0.253035 0.180837
v -0.745342 -0.256020 0.180837
v -0.652614 -0.266651 0.023448
v -0.641475 -0.259560 0.023226
v -0.648549 -0.248488 0.021890
v -0.659689 -0.255579 0.022113
v -0.652619 -0.264841 0.067329
v -0.643126 -0.258794 0.067542
v -0.649175 -0.249319 0.068141
v -0.658668 -0.255365 0.067928
v -0.652828 -0.264189 0.044456
v -0.643152 -0.258020 0.044444
v -0.649321 -0.248344 0.044313
v -0.658997 -0.254513 0.044325
v -0.668553 -0.255296 0.123654
v -0.665414 -0.249153 0.123629
v -0.661896 -0.250928 0.129292
v -0.665035 -0.257072 0.129317
v -0.689421 -0.244086 0.137183
v -0.686625 -0.238601 0.137159
v -0.684167 -0.239830 0.142667
v -0.686963 -0.245315 0.142692
v -0.699370 -0.240745 0.176284
v -0.703402 -0.242076 0.176157
v -0.704725 -0.238162 0.177148
v -0.700693 -0.236831 0.177275
v -0.636063 -0.282755 0.122345
v -0.630094 -0.277885 0.122382
v -0.631658 -0.276023 0.129692
v -0.637627 -0.280893 0.129656
v -0.597091 -0.323190 0.125738
v -0.591775 -0.317606 0.125535
v -0.591093 -0.317977 0.133209
v -0.596409 -0.323561 0.133412
v -0.626781 -0.305938 0.150352
v -0.629698 -0.300866 0.151273
v -0.624790 -0.298457 0.153553
v -0.621873 -0.303530 0.152632
v -0.628382 -0.225174 0.126079
v -0.623005 -0.228807 0.126189
v -0.624461 -0.230779 0.132198
v -0.629838 -0.227146 0.132088
v -0.639205 -0.242301 0.117824
v -0.633303 -0.246182 0.117982
v -0.634828 -0.248232 0.124570
v -0.640730 -0.244351 0.124411
v -0.616450 -0.209190 0.134706
v -0.611611 -0.212588 0.134763
v -0.612933 -0.214380 0.140242
v -0.617773 -0.210982 0.140185
v -0.622402 -0.169798 0.162945
v -0.619284 -0.167643 0.163043
v -0.618302 -0.169213 0.166351
v -0.621420 -0.171369 0.166253
v -0.560935 -0.177622 0.148748
v -0.559596 -0.181669 0.148739
v -0.560115 -0.181851 0.152966
v -0.561454 -0.177804 0.152975
v -0.628110 -0.292413 0.125598
v -0.622174 -0.287454 0.125610
v -0.623636 -0.285721 0.133005
v -0.629573 -0.290680 0.132994
v -0.642912 -0.274266 0.117295
v -0.636994 -0.269382 0.117306
v -0.639408 -0.266471 0.123982
v -0.645327 -0.271354 0.123971
v -0.679413 -0.249430 0.131895
v -0.676426 -0.243626 0.131857
v -0.673706 -0.244988 0.137633
v -0.676694 -0.250792 0.137671
v -0.698734 -0.239139 0.144108
v -0.696160 -0.233958 0.144126
v -0.692955 -0.235567 0.148666
v -0.695530 -0.240747 0.148648
v -0.651824 -0.265164 0.089989
v -0.643858 -0.260081 0.090090
v -0.648920 -0.252167 0.091109
v -0.656886 -0.257249 0.091008
v -0.651946 -0.269222 0.007801
v -0.639828 -0.261501 0.007607
v -0.647502 -0.249505 0.005680
v -0.659620 -0.257226 0.005873
v -0.651486 -0.270700 -0.000930
v -0.638878 -0.262665 -0.001128
v -0.646861 -0.250187 -0.003161
v -0.659469 -0.258222 -0.002963
v -0.651256 -0.271439 -0.005301
v -0.638403 -0.263248 -0.005503
v -0.646541 -0.250528 -0.007576
v -0.659395 -0.258718 -0.007374
v -0.651141 -0.271809 -0.007487
v -0.638165 -0.263540 -0.007691
v -0.646381 -0.250698 -0.009783
v -0.659357 -0.258967 -0.009580
v -0.651084 -0.271994 -0.008580
v -0.638046 -0.263686 -0.008785
v -0.646301 -0.250783 -0.010887
v -0.659338 -0.259091 -0.010683
v -0.651052 -0.272091 -0.009169
v -0.637984 -0.263764 -0.009374
v -0.646258 -0.250831 -0.011481
v -0.659326 -0.259158 -0.011276
v -0.650936 -0.265836 0.101337
v -0.643736 -0.261233 0.101362
v -0.648294 -0.254110 0.102598
v -0.655494 -0.258714 0.102574
v -0.624196 -0.297094 0.127779
v -0.618263 -0.292106 0.127782
v -0.620113 -0.289911 0.134982
v -0.625629 -0.295870 0.135960
v -0.587089 -0.332938 0.124723
v -0.581534 -0.327631 0.124503
v -0.581361 -0.327494 0.132186
v -0.586916 -0.332801 0.132406
v -0.569064 -0.353349 0.130252
v -0.564666 -0.350274 0.130215
v -0.565499 -0.349021 0.135367
v -0.569897 -0.352096 0.135403
v -0.702829 -0.237059 0.148210
v -0.700377 -0.232025 0.148267
v -0.697006 -0.233713 0.152407
v -0.699458 -0.238747 0.152350
v -0.628658 -0.309038 0.159490
v -0.631257 -0.304979 0.160828
v -0.627071 -0.302876 0.162578
v -0.624472 -0.306934 0.161240
v -0.699448 -0.243039 0.187578
v -0.702930 -0.244169 0.187386
v -0.704075 -0.240765 0.188115
v -0.700594 -0.239635 0.188306
v -0.717637 -0.215308 0.162074
v -0.713543 -0.212839 0.162074
v -0.712529 -0.214520 0.166434
v -0.716623 -0.216989 0.166434
v -0.610900 -0.201034 0.138768
v -0.606182 -0.204095 0.138904
v -0.607398 -0.205736 0.144146
v -0.612116 -0.202675 0.144010
v -0.631542 -0.156985 0.171421
v -0.629117 -0.155193 0.171549
v -0.628430 -0.156316 0.174265
v -0.630855 -0.158108 0.174137
v -0.540219 -0.171262 0.151971
v -0.539100 -0.174815 0.151955
v -0.539589 -0.174985 0.155645
v -0.540708 -0.171432 0.155660
v -0.725239 -0.246614 0.164966
v -0.727184 -0.242698 0.164966
v -0.725379 -0.241801 0.168847
v -0.723433 -0.245717 0.168847
v -0.652277 -0.267983 0.014758
v -0.640648 -0.260577 0.014552
v -0.648020 -0.249050 0.012843
v -0.659649 -0.256456 0.013049
v -0.652771 -0.264326 0.055802
v -0.643186 -0.258218 0.055942
v -0.649296 -0.248640 0.056322
v -0.658880 -0.254749 0.056182
v -0.652806 -0.265214 0.033531
v -0.642398 -0.258585 0.033367
v -0.649023 -0.248203 0.032582
v -0.659431 -0.254832 0.032746
v -0.660933 -0.259384 0.117367
v -0.657651 -0.252897 0.117361
v -0.653927 -0.254776 0.123316
v -0.657209 -0.261263 0.123322
v -0.684336 -0.246791 0.134547
v -0.681452 -0.241143 0.134520
v -0.679129 -0.242302 0.140307
v -0.682013 -0.247950 0.140334
v -0.699769 -0.238051 0.164960
v -0.704347 -0.239591 0.164921
v -0.705841 -0.235182 0.166211
v -0.701263 -0.233642 0.166250
v -0.639517 -0.278459 0.120147
v -0.633552 -0.273609 0.120187
v -0.635619 -0.271124 0.127164
v -0.641584 -0.275975 0.127124
v -0.608865 -0.312167 0.127685
v -0.603604 -0.306494 0.127493
v -0.602752 -0.307024 0.135167
v -0.608013 -0.312698 0.135359
v -0.623793 -0.304001 0.141289
v -0.626897 -0.297907 0.141577
v -0.621309 -0.295196 0.144453
v -0.618204 -0.301290 0.144165
v -0.633882 -0.233793 0.121857
v -0.628148 -0.237400 0.122061
v -0.629626 -0.239392 0.128369
v -0.635360 -0.235784 0.128164
v -0.644874 -0.250321 0.113861
v -0.638901 -0.254610 0.113909
v -0.640490 -0.256747 0.120764
v -0.646464 -0.252458 0.120716
v -0.622403 -0.217052 0.130443
v -0.617385 -0.220697 0.130461
v -0.618801 -0.222617 0.136186
v -0.623819 -0.218972 0.136167
v -0.614359 -0.182376 0.153386
v -0.610526 -0.179897 0.153420
v -0.609213 -0.181981 0.157263
v -0.613045 -0.184459 0.157229
v -0.582465 -0.184670 0.145666
v -0.580895 -0.189206 0.145664
v -0.581437 -0.189397 0.150429
v -0.583008 -0.184861 0.150432
v -0.632215 -0.287461 0.123958
v -0.626265 -0.282543 0.123981
v -0.627527 -0.281051 0.131449
v -0.633477 -0.285969 0.131427
v -0.646493 -0.269971 0.113920
v -0.640629 -0.265047 0.113891
v -0.649075 -0.266858 0.120422
v -0.674511 -0.252099 0.128438
v -0.671433 -0.246132 0.128396
v -0.668186 -0.247768 0.134040
v -0.671264 -0.253734 0.134082
v -0.694279 -0.241489 0.140380
v -0.691580 -0.236163 0.140366
v -0.688714 -0.237601 0.145402
v -0.691413 -0.242927 0.145417
v -0.652326 -0.264891 0.078732
v -0.643595 -0.259330 0.078917
v -0.649155 -0.250626 0.079651
v -0.657886 -0.256188 0.079465
v -0.651669 -0.270054 0.002681
v -0.639306 -0.262176 0.002487
v -0.647133 -0.249941 0.000493
v -0.659497 -0.257818 0.000687
v -0.651348 -0.271116 -0.003496
v -0.638616 -0.263003 -0.003696
v -0.646677 -0.250404 -0.005749
v -0.659408 -0.258517 -0.005549
v -0.651187 -0.271647 -0.006584
v -0.638272 -0.263418 -0.006787
v -0.646449 -0.250636 -0.008870
v -0.659364 -0.258866 -0.008667
v -0.651106 -0.271913 -0.008128
v -0.638099 -0.263625 -0.008333
v -0.646335 -0.250752 -0.010430
v -0.659342 -0.259040 -0.010226
v -0.651066 -0.272046 -0.008906
v -0.638013 -0.263729 -0.009111
v -0.646277 -0.250811 -0.011216
v -0.659330 -0.259128 -0.011011
v -0.651039 -0.272135 -0.009421
v -0.637955 -0.263798 -0.009626
v -0.646239 -0.250849 -0.011736
v -0.659323 -0.259187 -0.011531
v -0.651366 -0.265510 0.095836
v -0.643796 -0.260674 0.095888
v -0.648596 -0.253173 0.097065
v -0.656166 -0.258009 0.097013
v -0.650353 -0.266313 0.107277
v -0.643550 -0.261959 0.107277
v -0.647829 -0.254695 0.110232
v -0.654652 -0.259595 0.108556
v -0.592111 -0.328042 0.125230
v -0.586746 -0.322524 0.125021
v -0.586194 -0.322769 0.132697
v -0.591559 -0.328287 0.132906
v -0.582665 -0.337894 0.125181
v -0.576927 -0.332805 0.124971
v -0.577118 -0.332273 0.132622
v -0.582856 -0.337362 0.132832
v -0.574592 -0.347034 0.127471
v -0.569140 -0.343042 0.127385
v -0.570033 -0.341681 0.133944
v -0.575486 -0.345673 0.134030
v -0.571734 -0.350295 0.128909
v -0.566865 -0.346731 0.128833
v -0.567663 -0.345515 0.134690
v -0.572532 -0.349080 0.134767
v -0.566037 -0.357189 0.132300
v -0.562215 -0.354637 0.132300
v -0.563030 -0.353417 0.136655
v -0.566852 -0.355968 0.136655
v -0.563863 -0.359944 0.133774
v -0.560505 -0.357703 0.133774
v -0.561221 -0.356630 0.137599
v -0.564579 -0.358871 0.137599
v -0.561920 -0.362406 0.135091
v -0.558977 -0.360442 0.135091
v -0.559604 -0.359502 0.138444
v -0.562547 -0.361466 0.138444
v -0.700824 -0.238078 0.146199
v -0.698317 -0.232969 0.146241
v -0.694984 -0.234639 0.150540
v -0.697491 -0.239748 0.150499
v -0.704804 -0.236083 0.150381
v -0.702408 -0.231127 0.150451
v -0.699005 -0.232828 0.154430
v -0.701401 -0.237784 0.154360
v -0.627762 -0.307564 0.155144
v -0.630540 -0.303055 0.156374
v -0.626003 -0.300799 0.158346
v -0.623225 -0.305308 0.157116
v -0.629104 -0.310441 0.162879
v -0.631559 -0.306748 0.164316
v -0.627647 -0.304759 0.165888
v -0.625192 -0.308452 0.164451
v -0.629505 -0.311699 0.165910
v -0.631803 -0.308242 0.167255
v -0.628141 -0.306380 0.168727
v -0.625843 -0.309837 0.167382
v -0.699397 -0.241577 0.180377
v -0.703232 -0.242830 0.180200
v -0.704493 -0.239090 0.181055
v -0.700658 -0.237837 0.181233
v -0.699423 -0.242317 0.184023
v -0.703078 -0.243511 0.183854
v -0.704280 -0.239947 0.184669
v -0.700625 -0.238753 0.184837
v -0.699550 -0.243615 0.190735
v -0.702877 -0.244689 0.190522
v -0.703972 -0.241426 0.191172
v -0.700645 -0.240352 0.191385
v -0.699641 -0.244121 0.193518
v -0.702830 -0.245151 0.193313
v -0.703879 -0.242023 0.193936
v -0.700690 -0.240994 0.194140
v -0.699728 -0.244607 0.196187
v -0.702785 -0.245594 0.195991
v -0.703791 -0.242596 0.196588
v -0.700734 -0.241610 0.196784
v -0.709133 -0.229887 0.154203
v -0.704616 -0.227163 0.154203
v -0.703497 -0.229017 0.159012
v -0.707421 -0.232683 0.159120
v -0.711337 -0.226107 0.156244
v -0.706930 -0.223449 0.156244
v -0.705839 -0.225259 0.160936
v -0.710246 -0.227917 0.160936
v -0.713475 -0.222442 0.158223
v -0.709174 -0.219848 0.158223
v -0.708109 -0.221614 0.162802
v -0.712410 -0.224208 0.162802
v -0.715572 -0.218849 0.160163
v -0.711375 -0.216317 0.160163
v -0.710336 -0.218041 0.164632
v -0.714532 -0.220572 0.164632
v -0.719682 -0.211802 0.163967
v -0.715690 -0.209394 0.163967
v -0.714701 -0.211034 0.168218
v -0.718693 -0.213442 0.168218
v -0.721544 -0.208611 0.165690
v -0.717644 -0.206258 0.165690
v -0.716678 -0.207860 0.169843
v -0.720578 -0.210212 0.169843
v -0.723342 -0.205528 0.167355
v -0.719532 -0.203229 0.167355
v -0.718588 -0.204794 0.171412
v -0.722399 -0.207092 0.171412
v -0.725101 -0.202513 0.168982
v -0.721378 -0.200268 0.168982
v -0.720455 -0.201797 0.172947
v -0.724179 -0.204042 0.172947
v -0.726830 -0.199549 0.170583
v -0.723193 -0.197355 0.170583
v -0.722292 -0.198849 0.174456
v -0.725929 -0.201043 0.174456
v -0.613636 -0.205054 0.136766
v -0.608846 -0.208264 0.136871
v -0.610110 -0.209973 0.142233
v -0.614900 -0.206762 0.142128
v -0.608192 -0.196743 0.140785
v -0.603553 -0.199654 0.140949
v -0.604722 -0.201228 0.146066
v -0.609361 -0.198317 0.145901
v -0.624189 -0.167291 0.164603
v -0.621241 -0.165166 0.164735
v -0.620370 -0.166576 0.167972
v -0.623318 -0.168701 0.167840
v -0.625784 -0.165057 0.166080
v -0.622944 -0.163010 0.166208
v -0.622104 -0.164368 0.169326
v -0.624944 -0.166415 0.169199
v -0.627295 -0.162939 0.167481
v -0.624558 -0.160966 0.167604
v -0.623749 -0.162275 0.170609
v -0.626486 -0.164249 0.170487
v -0.628755 -0.160894 0.168834
v -0.626117 -0.158992 0.168953
v -0.625337 -0.160254 0.171849
v -0.627975 -0.162156 0.171731
v -0.630177 -0.158900 0.170153
v -0.627636 -0.157068 0.170267
v -0.626885 -0.158284 0.173057
v -0.629426 -0.160116 0.172943
v -0.633324 -0.154629 0.172844
v -0.631034 -0.152894 0.172982
v -0.630415 -0.153919 0.175597
v -0.632705 -0.155654 0.175459
v -0.634828 -0.152642 0.174044
v -0.632632 -0.150978 0.174177
v -0.632038 -0.151961 0.176685
v -0.634234 -0.153625 0.176553
v -0.636234 -0.150784 0.175167
v -0.634125 -0.149186 0.175293
v -0.633555 -0.150131 0.177702
v -0.635664 -0.151728 0.177575
v -0.637580 -0.149005 0.176241
v -0.635555 -0.147471 0.176363
v -0.635008 -0.148378 0.178675
v -0.637033 -0.149912 0.178553
v -0.638884 -0.147283 0.177281
v -0.636940 -0.145811 0.177398
v -0.636414 -0.146681 0.179617
v -0.638358 -0.148154 0.179501
v -0.640154 -0.145605 0.178294
v -0.638289 -0.144192 0.178406
v -0.637784 -0.145027 0.180536
v -0.639649 -0.146440 0.180424
v -0.557048 -0.176428 0.149353
v -0.555775 -0.180391 0.149338
v -0.556306 -0.180577 0.153462
v -0.557579 -0.176614 0.153477
v -0.553521 -0.175346 0.149901
v -0.552276 -0.179221 0.149887
v -0.552795 -0.179403 0.153921
v -0.554040 -0.175527 0.153935
v -0.550109 -0.174298 0.150433
v -0.548891 -0.178089 0.150419
v -0.549399 -0.178267 0.154364
v -0.550617 -0.174476 0.154378
v -0.546769 -0.173273 0.150952
v -0.545578 -0.176981 0.150939
v -0.546074 -0.177155 0.154798
v -0.547266 -0.173446 0.154812
v -0.543482 -0.172264 0.151464
v -0.542317 -0.175891 0.151450
v -0.542803 -0.176060 0.155225
v -0.543967 -0.172433 0.155238
v -0.536885 -0.170281 0.152516
v -0.535812 -0.173756 0.152498
v -0.536302 -0.173927 0.156097
v -0.537375 -0.170452 0.156116
v -0.533891 -0.169401 0.153006
v -0.532842 -0.172800 0.152988
v -0.533321 -0.172967 0.156509
v -0.534371 -0.169568 0.156527
v -0.531008 -0.168554 0.153478
v -0.529982 -0.171879 0.153460
v -0.530451 -0.172042 0.156904
v -0.531478 -0.168717 0.156922
v -0.528196 -0.167727 0.153937
v -0.527191 -0.170980 0.153920
v -0.527650 -0.171140 0.157291
v -0.528655 -0.167886 0.157308
v -0.525433 -0.166915 0.154389
v -0.524450 -0.170098 0.154372
v -0.524899 -0.170254 0.157670
v -0.525882 -0.167071 0.157687
v -0.522711 -0.166114 0.154835
v -0.521750 -0.169228 0.154818
v -0.522189 -0.169381 0.158044
v -0.523151 -0.166267 0.158060
v -0.708012 -0.238523 0.154609
v -0.710329 -0.233859 0.154609
v -0.705501 -0.237645 0.158446
v -0.711716 -0.240263 0.156836
v -0.713953 -0.235760 0.156836
v -0.711877 -0.234728 0.161298
v -0.709640 -0.239231 0.161298
v -0.715239 -0.241917 0.158954
v -0.717400 -0.237567 0.158954
v -0.715394 -0.236571 0.163265
v -0.713233 -0.240921 0.163265
v -0.718648 -0.243518 0.161004
v -0.720735 -0.239316 0.161004
v -0.718798 -0.238354 0.165168
v -0.716710 -0.242556 0.165168
v -0.721975 -0.245081 0.163004
v -0.723991 -0.241023 0.163004
v -0.722120 -0.240094 0.167025
v -0.720104 -0.244152 0.167025
v -0.728677 -0.248229 0.167033
v -0.730549 -0.244462 0.167033
v -0.728812 -0.243599 0.170766
v -0.726940 -0.247367 0.170766
v -0.731571 -0.249589 0.168773
v -0.733380 -0.245947 0.168773
v -0.731701 -0.245113 0.172382
v -0.729892 -0.248755 0.172382
v -0.734290 -0.250866 0.170408
v -0.736041 -0.247342 0.170408
v -0.734416 -0.246535 0.173900
v -0.732666 -0.250059 0.173900
v -0.736902 -0.252093 0.171978
v -0.738596 -0.248682 0.171978
v -0.737023 -0.247901 0.175357
v -0.735329 -0.251311 0.175357
v -0.739435 -0.253283 0.173501
v -0.741075 -0.249982 0.173501
v -0.739553 -0.249226 0.176772
v -0.737914 -0.252527 0.176772
v -0.741909 -0.254445 0.174988
v -0.743496 -0.251251 0.174988
v -0.742023 -0.250520 0.178153
v -0.740437 -0.253713 0.178153
v -0.744334 -0.255584 0.176446
v -0.745868 -0.252496 0.176446
v -0.744445 -0.251788 0.179506
v -0.742910 -0.254876 0.179506
v -0.652799 -0.264259 0.050102
v -0.643169 -0.258120 0.050182
v -0.649309 -0.248492 0.050383
v -0.658939 -0.254631 0.050303
v -0.652695 -0.264582 0.061539
v -0.643156 -0.258506 0.061739
v -0.649234 -0.248983 0.062296
v -0.658773 -0.255059 0.062097
v -0.656688 -0.261628 0.113895
v -0.653331 -0.254974 0.113895
v -0.649474 -0.256615 0.119447
v -0.652872 -0.263554 0.120001
v -0.664814 -0.257302 0.120569
v -0.661609 -0.250988 0.120557
v -0.657980 -0.252819 0.126355
v -0.661185 -0.259133 0.126367
v -0.700210 -0.236163 0.157663
v -0.701814 -0.231428 0.159119
v -0.699988 -0.237114 0.161337
v -0.704739 -0.238724 0.161337
v -0.706285 -0.234162 0.162740
v -0.701534 -0.232552 0.162740
v -0.699626 -0.239012 0.168999
v -0.704010 -0.240476 0.168924
v -0.705445 -0.236241 0.170101
v -0.701060 -0.234777 0.170176
v -0.699498 -0.239883 0.172661
v -0.703702 -0.241287 0.172589
v -0.705077 -0.237226 0.173718
v -0.700873 -0.235823 0.173790
v -0.617418 -0.304236 0.129252
v -0.612159 -0.298536 0.129062
v -0.611268 -0.299102 0.136748
v -0.616527 -0.304802 0.136938
v -0.613145 -0.308198 0.128469
v -0.607893 -0.302505 0.128280
v -0.607002 -0.303070 0.135956
v -0.612255 -0.308764 0.136146
v -0.604937 -0.315844 0.127035
v -0.599668 -0.310191 0.126841
v -0.598854 -0.310686 0.134513
v -0.604123 -0.316340 0.134707
v -0.601030 -0.319502 0.126389
v -0.595767 -0.313855 0.126195
v -0.594954 -0.314350 0.133858
v -0.600217 -0.319997 0.134052
v -0.622035 -0.303397 0.136942
v -0.619304 -0.293976 0.140099
v -0.616126 -0.300533 0.140099
v -0.625365 -0.305027 0.146066
v -0.628351 -0.299435 0.146603
v -0.623126 -0.296893 0.149192
v -0.620139 -0.302485 0.148655
v -0.636536 -0.238034 0.119847
v -0.630667 -0.241694 0.120066
v -0.632160 -0.243701 0.126518
v -0.638029 -0.240041 0.126299
v -0.631116 -0.229457 0.123981
v -0.625519 -0.233010 0.124170
v -0.626980 -0.234984 0.130331
v -0.632577 -0.231431 0.130141
v -0.641795 -0.258622 0.111908
v -0.643314 -0.261369 0.119643
v -0.641995 -0.246246 0.115874
v -0.636071 -0.250350 0.115968
v -0.637626 -0.252442 0.122688
v -0.643551 -0.248337 0.122594
v -0.625318 -0.221009 0.128315
v -0.620165 -0.224709 0.128348
v -0.621615 -0.226675 0.134203
v -0.626768 -0.222975 0.134169
v -0.619348 -0.213015 0.132631
v -0.614468 -0.216600 0.132635
v -0.615850 -0.218474 0.138225
v -0.620730 -0.214889 0.138220
v -0.608981 -0.191425 0.145963
v -0.604648 -0.188691 0.145963
v -0.603121 -0.191112 0.150213
v -0.607455 -0.193846 0.150213
v -0.610847 -0.188287 0.148536
v -0.606677 -0.185656 0.148536
v -0.605207 -0.187985 0.152627
v -0.609378 -0.190616 0.152627
v -0.612643 -0.185266 0.151014
v -0.608630 -0.182734 0.151014
v -0.607216 -0.184975 0.154951
v -0.611229 -0.187507 0.154951
v -0.616186 -0.179519 0.155556
v -0.612529 -0.177094 0.155620
v -0.611313 -0.179028 0.159366
v -0.614969 -0.181452 0.159302
v -0.617838 -0.176937 0.157518
v -0.614313 -0.174599 0.157580
v -0.613140 -0.176463 0.161192
v -0.616665 -0.178801 0.161130
v -0.619418 -0.174467 0.159394
v -0.616018 -0.172212 0.159454
v -0.614887 -0.174010 0.162937
v -0.618287 -0.176265 0.162878
v -0.620954 -0.172067 0.161217
v -0.617676 -0.169893 0.161275
v -0.616585 -0.171627 0.164634
v -0.619863 -0.173801 0.164576
v -0.599688 -0.190506 0.143322
v -0.597956 -0.195431 0.143322
v -0.598529 -0.195633 0.148508
v -0.600262 -0.190708 0.148508
v -0.595250 -0.189002 0.143926
v -0.593554 -0.193825 0.143926
v -0.594115 -0.194023 0.149004
v -0.595812 -0.189200 0.149004
v -0.590928 -0.187538 0.144515
v -0.589267 -0.192261 0.144515
v -0.589817 -0.192454 0.149487
v -0.591478 -0.187731 0.149487
v -0.586679 -0.186098 0.145093
v -0.585052 -0.190723 0.145093
v -0.585591 -0.190913 0.149962
v -0.587218 -0.186288 0.149962
v -0.578488 -0.183368 0.146236
v -0.576972 -0.187818 0.146230
v -0.577518 -0.188010 0.150895
v -0.579035 -0.183560 0.150901
v -0.574831 -0.182171 0.146759
v -0.573345 -0.186535 0.146753
v -0.573880 -0.186723 0.151328
v -0.575367 -0.182359 0.151334
v -0.571281 -0.181009 0.147267
v -0.569822 -0.185288 0.147262
v -0.570348 -0.185473 0.151748
v -0.571806 -0.181193 0.151754
v -0.567796 -0.179868 0.147766
v -0.566366 -0.184065 0.147761
v -0.566882 -0.184246 0.152161
v -0.568311 -0.180049 0.152166
v -0.564361 -0.178744 0.148258
v -0.562959 -0.182859 0.148253
v -0.563464 -0.183037 0.152568
v -0.564866 -0.178921 0.152573
v -0.671598 -0.253663 0.126097
v -0.668486 -0.247611 0.126061
v -0.665032 -0.249353 0.131660
v -0.668145 -0.255405 0.131697
v -0.677020 -0.250733 0.130203
v -0.673979 -0.244854 0.130156
v -0.670938 -0.246383 0.135834
v -0.673980 -0.252262 0.135881
v -0.696547 -0.240292 0.142273
v -0.693904 -0.235044 0.142269
v -0.690841 -0.236582 0.147043
v -0.693484 -0.241831 0.147047
v -0.652468 -0.264868 0.073206
v -0.643367 -0.259072 0.073426
v -0.649165 -0.249990 0.074043
v -0.658267 -0.255786 0.073824
v -0.652066 -0.265033 0.084550
v -0.643729 -0.259720 0.084704
v -0.649035 -0.251419 0.085539
v -0.657372 -0.256732 0.085385
v -0.542330 -0.174241 0.125671
v -0.541356 -0.203023 0.141993
v -0.575764 -0.192407 0.144741
v -0.561639 -0.154758 0.144388
v -0.531172 -0.153212 0.140486
v -0.518466 -0.183289 0.141986
v -0.559979 -0.200730 0.169788
v -0.573289 -0.171206 0.172364
v -0.549124 -0.149873 0.172057
v -0.521194 -0.166813 0.167631
v -0.527405 -0.198001 0.169788
v -0.545548 -0.176955 0.186961
v -0.555959 -0.179935 0.128357
v -0.539084 -0.188896 0.129084
v -0.558602 -0.199052 0.139854
v -0.526739 -0.195632 0.139561
v -0.528018 -0.179290 0.129428
v -0.553351 -0.162620 0.132668
v -0.568061 -0.169721 0.140287
v -0.536724 -0.162659 0.130497
v -0.547527 -0.150416 0.144976
v -0.521179 -0.166730 0.138506
v -0.533528 -0.205602 0.155894
v -0.518985 -0.193066 0.155894
v -0.570586 -0.198538 0.156435
v -0.552708 -0.207236 0.155901
v -0.571469 -0.160879 0.160068
v -0.576634 -0.180202 0.156934
v -0.539525 -0.147237 0.154361
v -0.557560 -0.148303 0.159004
v -0.514592 -0.174377 0.154966
v -0.523108 -0.157195 0.148834
v -0.543354 -0.203291 0.172228
v -0.570239 -0.187456 0.172232
v -0.562803 -0.156937 0.179822
v -0.534748 -0.155755 0.168062
v -0.519823 -0.183006 0.172228
v -0.554018 -0.190919 0.182322
v -0.534884 -0.189325 0.182322
v -0.561451 -0.173218 0.183358
v -0.547760 -0.161089 0.183013
v -0.531344 -0.171047 0.181754
v -0.631554 -0.151668 0.141790
v -0.630225 -0.190905 0.164922
v -0.677133 -0.176433 0.171384
v -0.657876 -0.125108 0.166809
v -0.616342 -0.122999 0.155188
v -0.599020 -0.164003 0.164844
v -0.655613 -0.187780 0.202815
v -0.673759 -0.147530 0.198079
v -0.640815 -0.118448 0.200079
v -0.602738 -0.141542 0.200822
v -0.611206 -0.184060 0.202814
v -0.635940 -0.155367 0.226227
v -0.650132 -0.159430 0.145766
v -0.627128 -0.171647 0.147216
v -0.653736 -0.185492 0.162006
v -0.610299 -0.180830 0.161587
v -0.612041 -0.158551 0.146954
v -0.646577 -0.135825 0.137343
v -0.666632 -0.145507 0.163351
v -0.623910 -0.135879 0.148284
v -0.638637 -0.119189 0.169098
v -0.602718 -0.141428 0.165626
v -0.619553 -0.194422 0.183873
v -0.599727 -0.177332 0.183873
v -0.670073 -0.184792 0.184436
v -0.645702 -0.196649 0.183882
v -0.671277 -0.133452 0.188473
v -0.678318 -0.159795 0.190810
v -0.627729 -0.114854 0.189875
v -0.652316 -0.116308 0.187552
v -0.593738 -0.151854 0.182427
v -0.605348 -0.128429 0.181695
v -0.632949 -0.191270 0.206140
v -0.669600 -0.169684 0.205093
v -0.659463 -0.128079 0.215827
v -0.621216 -0.126466 0.217775
v -0.600870 -0.163618 0.206140
v -0.647487 -0.174405 0.219902
v -0.621402 -0.172232 0.219901
v -0.657620 -0.150273 0.220766
v -0.638956 -0.133739 0.220233
v -0.616575 -0.147313 0.219220
v -0.700241 -0.241614 0.177740
v -0.699651 -0.259060 0.187634
v -0.720508 -0.252625 0.189300
v -0.711946 -0.229804 0.189086
v -0.693478 -0.228866 0.186721
v -0.685775 -0.247099 0.187630
v -0.710939 -0.257671 0.204483
v -0.719008 -0.239774 0.206045
v -0.704359 -0.226842 0.205858
v -0.687429 -0.237111 0.203176
v -0.691194 -0.256017 0.204483
v -0.702192 -0.243258 0.214893
v -0.708502 -0.245065 0.179369
v -0.698274 -0.250497 0.179809
v -0.710105 -0.256653 0.186338
v -0.690791 -0.254580 0.186160
v -0.691565 -0.244674 0.180018
v -0.706922 -0.234569 0.181982
v -0.715839 -0.238874 0.186601
v -0.696843 -0.234593 0.180665
v -0.703391 -0.227172 0.189443
v -0.687420 -0.237060 0.185521
v -0.694905 -0.260624 0.196061
v -0.686090 -0.253025 0.196061
v -0.717369 -0.256342 0.196389
v -0.706532 -0.261614 0.196065
v -0.717904 -0.233514 0.198591
v -0.721035 -0.245227 0.196691
v -0.698541 -0.225244 0.195132
v -0.709473 -0.225891 0.197946
v -0.683427 -0.241696 0.195498
v -0.688589 -0.231280 0.191782
v -0.700862 -0.259223 0.205962
v -0.717159 -0.249624 0.205964
v -0.712651 -0.231125 0.210565
v -0.695645 -0.230407 0.203437
v -0.686598 -0.246927 0.205962
v -0.707326 -0.251724 0.212081
v -0.695727 -0.250757 0.212081
v -0.711832 -0.240993 0.212709
v -0.703533 -0.233641 0.212500
v -0.693581 -0.239677 0.211737
v -0.716704 -0.207584 0.174443
v -0.724353 -0.207110 0.188887
v -0.737281 -0.212152 0.177779
v -0.728004 -0.200721 0.164580
v -0.714858 -0.194609 0.169964
v -0.713441 -0.197463 0.185624
v -0.739951 -0.199819 0.188197
v -0.742806 -0.195989 0.173091
v -0.731214 -0.185853 0.169052
v -0.720767 -0.184492 0.182475
v -0.727058 -0.191713 0.193709
v -0.737256 -0.184556 0.183656
v -0.723370 -0.211035 0.174363
v -0.717990 -0.208630 0.181779
v -0.729887 -0.211261 0.183474
v -0.717169 -0.203029 0.188570
v -0.712835 -0.203791 0.180130
v -0.721974 -0.204974 0.168123
v -0.730718 -0.207064 0.169099
v -0.714872 -0.201852 0.171386
v -0.722306 -0.196149 0.165860
v -0.711732 -0.195904 0.177622
v -0.726022 -0.200254 0.193207
v -0.718970 -0.194219 0.191479
v -0.739579 -0.207472 0.183122
v -0.733473 -0.205183 0.190298
v -0.737255 -0.198249 0.167292
v -0.740220 -0.204823 0.174105
v -0.721782 -0.189906 0.167570
v -0.730289 -0.192661 0.164691
v -0.715041 -0.189557 0.184769
v -0.714717 -0.190276 0.174722
v -0.734563 -0.195476 0.192971
v -0.743286 -0.198564 0.180810
v -0.739588 -0.187626 0.170126
v -0.725047 -0.185147 0.174429
v -0.723287 -0.185840 0.189697
v -0.740675 -0.190816 0.187298
v -0.732943 -0.186540 0.190477
v -0.741892 -0.189050 0.178084
v -0.735222 -0.183514 0.175759
v -0.729495 -0.182192 0.183579
v -0.756933 -0.235957 0.184203
v -0.763356 -0.261238 0.176219
v -0.745539 -0.262469 0.201568
v -0.730964 -0.236637 0.192021
v -0.741917 -0.228144 0.174555
v -0.760546 -0.244902 0.160185
v -0.741610 -0.276677 0.180315
v -0.720922 -0.262331 0.190934
v -0.717858 -0.244634 0.173268
v -0.737734 -0.247671 0.154935
v -0.750571 -0.268945 0.157944
v -0.724987 -0.267710 0.166148
v -0.754095 -0.243268 0.192828
v -0.763660 -0.245960 0.179137
v -0.756970 -0.260988 0.188967
v -0.765506 -0.252826 0.164468
v -0.762084 -0.238190 0.171964
v -0.743798 -0.234265 0.190068
v -0.738735 -0.245014 0.197928
v -0.750249 -0.230150 0.178804
v -0.732920 -0.231638 0.181533
v -0.753050 -0.233602 0.164610
v -0.759836 -0.268049 0.165130
v -0.758049 -0.257673 0.155980
v -0.744156 -0.270884 0.192724
v -0.754570 -0.272621 0.176166
v -0.722702 -0.249757 0.193706
v -0.732594 -0.261031 0.198321
v -0.728891 -0.232720 0.172457
v -0.721255 -0.238962 0.183825
v -0.750378 -0.244975 0.154182
v -0.742116 -0.233097 0.162654
v -0.746919 -0.276323 0.167763
v -0.730272 -0.271641 0.188331
v -0.713028 -0.255238 0.180633
v -0.727543 -0.243635 0.164377
v -0.744028 -0.259534 0.152463
v -0.731881 -0.275597 0.173347
v -0.737149 -0.271061 0.159905
v -0.719919 -0.266649 0.178703
v -0.718252 -0.256515 0.168847
v -0.729227 -0.258946 0.157677
v -0.642656 -0.277740 0.207512
v -0.650685 -0.285435 0.170721
v -0.655045 -0.329698 0.186368
v -0.620938 -0.311334 0.220715
v -0.611583 -0.269696 0.223853
v -0.623716 -0.257248 0.183789
v -0.634300 -0.323066 0.158061
v -0.623335 -0.334664 0.194066
v -0.589643 -0.309135 0.208236
v -0.586806 -0.277114 0.181936
v -0.615153 -0.283841 0.149770
v -0.591436 -0.316453 0.164752
v -0.651735 -0.295793 0.207574
v -0.647929 -0.277128 0.192584
v -0.656555 -0.306905 0.183537
v -0.639947 -0.265861 0.175175
v -0.636651 -0.261853 0.199653
v -0.642346 -0.288936 0.218793
v -0.639307 -0.316803 0.218297
v -0.626738 -0.273271 0.216103
v -0.608015 -0.295901 0.222718
v -0.610762 -0.261527 0.201860
v -0.637397 -0.282760 0.154632
v -0.619593 -0.265498 0.162969
v -0.650710 -0.327655 0.174986
v -0.647983 -0.306571 0.159618
v -0.619453 -0.329466 0.206115
v -0.638474 -0.334269 0.192042
v -0.587358 -0.295222 0.214632
v -0.600601 -0.314495 0.218046
v -0.602533 -0.260450 0.182192
v -0.592714 -0.271449 0.203785
v -0.625410 -0.304506 0.147701
v -0.628800 -0.335180 0.173986
v -0.598853 -0.325354 0.195374
v -0.573517 -0.300892 0.188467
v -0.596257 -0.276916 0.161205
v -0.611266 -0.323883 0.156565
v -0.599810 -0.301061 0.151742
v -0.602866 -0.330800 0.176452
v -0.585675 -0.314834 0.185266
v -0.583158 -0.297212 0.170315
v -0.577930 -0.346177 0.164024
v -0.583715 -0.351528 0.132625
v -0.586505 -0.383790 0.146364
v -0.560871 -0.371595 0.173224
v -0.554653 -0.341591 0.171729
v -0.563581 -0.332462 0.141996
v -0.570534 -0.379754 0.123430
v -0.559758 -0.390944 0.150887
v -0.537182 -0.371495 0.160308
v -0.537034 -0.346876 0.140430
v -0.557173 -0.351656 0.117578
v -0.539532 -0.375616 0.128331
v -0.584336 -0.359013 0.161415
v -0.582987 -0.344508 0.149958
v -0.588934 -0.365695 0.141001
v -0.575615 -0.338107 0.136014
v -0.573322 -0.335220 0.154630
v -0.577027 -0.354769 0.177289
v -0.573924 -0.375469 0.164897
v -0.565736 -0.343838 0.168759
v -0.552053 -0.360271 0.172141
v -0.554151 -0.335712 0.154839
v -0.573216 -0.350654 0.121049
v -0.560400 -0.338556 0.126982
v -0.581987 -0.383200 0.135156
v -0.581096 -0.367201 0.124471
v -0.557540 -0.386731 0.162158
v -0.569952 -0.391181 0.147870
v -0.537115 -0.360053 0.164127
v -0.545377 -0.374891 0.168651
v -0.548214 -0.335031 0.140614
v -0.541232 -0.342852 0.155956
v -0.564485 -0.366311 0.116103
v -0.565076 -0.389884 0.135017
v -0.538692 -0.388051 0.151877
v -0.526941 -0.364422 0.145160
v -0.543748 -0.346735 0.125702
v -0.554116 -0.380395 0.122423
v -0.546273 -0.363889 0.118979
v -0.545651 -0.387803 0.137242
v -0.533649 -0.376258 0.143291
v -0.534269 -0.361328 0.132198
v -0.651026 -1.072178 -0.009673
v -0.637927 -1.063832 -0.009878
v -0.646221 -1.050868 -0.011991
v -0.659320 -1.059215 -0.011785
v -0.578241 -1.142858 0.125650
v -0.572280 -1.138052 0.125480
v -0.572896 -1.137022 0.133045
v -0.578857 -1.141827 0.133214
v -0.560113 -1.164696 0.136315
v -0.557556 -1.162990 0.136315
v -0.558101 -1.162173 0.139229
v -0.560657 -1.163880 0.139229
v -0.629887 -1.112898 0.168799
v -0.632036 -1.109666 0.170057
v -0.628612 -1.107925 0.171432
v -0.626464 -1.111158 0.170175
v -0.699813 -1.045080 0.198785
v -0.702741 -1.046026 0.198597
v -0.703705 -1.043154 0.199169
v -0.700776 -1.042209 0.199357
v -0.728536 -0.996624 0.172162
v -0.724984 -0.994481 0.172162
v -0.724104 -0.995940 0.175945
v -0.727657 -0.998083 0.175945
v -0.641397 -0.943963 0.179286
v -0.639609 -0.942609 0.179394
v -0.639126 -0.943409 0.181435
v -0.640913 -0.944763 0.181327
v -0.520022 -0.965324 0.155274
v -0.519081 -0.968369 0.155258
v -0.519511 -0.968519 0.158413
v -0.520451 -0.965473 0.158429
v -0.746718 -1.056704 0.177880
v -0.748201 -1.053719 0.177880
v -0.746825 -1.053035 0.180837
v -0.745342 -1.056020 0.180837
v -0.652614 -1.066651 0.023448
v -0.641475 -1.059560 0.023226
v -0.648549 -1.048488 0.021890
v -0.659689 -1.055579 0.022113
v -0.652619 -1.064841 0.067329
v -0.643126 -1.058794 0.067542
v -0.649175 -1.049319 0.068141
v -0.658668 -1.055365 0.067928
v -0.652828 -1.064189 0.044456
v -0.643152 -1.058020 0.044444
v -0.649321 -1.048344 0.044313
v -0.658997 -1.054513 0.044325
v -0.668553 -1.055296 0.123654
v -0.665414 -1.049153 0.123629
v -0.661896 -1.050928 0.129292
v -0.665035 -1.057072 0.129317
v -0.689421 -1.044086 0.137183
v -0.686625 -1.038601 0.137159
v -0.684167 -1.039830 0.142667
v -0.686963 -1.045315 0.142692
v -0.699370 -1.040745 0.176284
v -0.703402 -1.042076 0.176157
v -0.704725 -1.038162 0.177148
v -0.700693 -1.036831 0.177275
v -0.636063 -1.082755 0.122345
v -0.630094 -1.077885 0.122382
v -0.631658 -1.076023 0.129692
v -0.637627 -1.080893 0.129656
v -0.597091 -1.123190 0.125738
v -0.591775 -1.117606 0.125535
v -0.591093 -1.117977 0.133209
v -0.596409 -1.123561 0.133412
v -0.626781 -1.105938 0.150352
v -0.629698 -1.100866 0.151273
v -0.624790 -1.098458 0.153553
v -0.621873 -1.103530 0.152632
v -0.628382 -1.025174 0.126079
v -0.623005 -1.028807 0.126189
v -0.624461 -1.030779 0.132198
v -0.629838 -1.027146 0.132088
v -0.639205 -1.042301 0.117824
v -0.633303 -1.046182 0.117982
v -0.634828 -1.048232 0.124570
v -0.640730 -1.044351 0.124411
v -0.616450 -1.009190 0.134706
v -0.611611 -1.012588 0.134763
v -0.612933 -1.014380 0.140242
v -0.617773 -1.010982 0.140185
v -0.622402 -0.969798 0.162945
v -0.619284 -0.967643 0.163043
v -0.618302 -0.969213 0.166351
v -0.621420 -0.971369 0.166253
v -0.560935 -0.977622 0.148748
v -0.559596 -0.981669 0.148739
v -0.560115 -0.981851 0.152966
v -0.561454 -0.977804 0.152975
v -0.628110 -1.092413 0.125598
v -0.622174 -1.087454 0.125610
v -0.623636 -1.085721 0.133005
v -0.629573 -1.090680 0.132994
v -0.642912 -1.074266 0.117295
v -0.636994 -1.069383 0.117306
v -0.639408 -1.066471 0.123982
v -0.645327 -1.071354 0.123971
v -0.679413 -1.049430 0.131895
v -0.676426 -1.043626 0.131857
v -0.673706 -1.044988 0.137633
v -0.676694 -1.050792 0.137671
v -0.698734 -1.039139 0.144108
v -0.696160 -1.033958 0.144126
v -0.692955 -1.035567 0.148666
v -0.695530 -1.040748 0.148648
v -0.651824 -1.065164 0.089989
v -0.643858 -1.060081 0.090090
v -0.648920 -1.052167 0.091109
v -0.656886 -1.057249 0.091008
v -0.651946 -1.069222 0.007801
v -0.639828 -1.061501 0.007607
v -0.647502 -1.049505 0.005680
v -0.659620 -1.057226 0.005873
v -0.651486 -1.070700 -0.000930
v -0.638878 -1.062665 -0.001128
v -0.646861 -1.050187 -0.003161
v -0.659469 -1.058222 -0.002963
v -0.651256 -1.071439 -0.005301
v -0.638403 -1.063249 -0.005503
v -0.646541 -1.050528 -0.007576
v -0.659395 -1.058718 -0.007374
v -0.651141 -1.071809 -0.007487
v -0.638165 -1.063540 -0.007691
v -0.646381 -1.050698 -0.009783
v -0.659357 -1.058967 -0.009580
v -0.651084 -1.071994 -0.008580
v -0.638046 -1.063686 -0.008785
v -0.646301 -1.050783 -0.010887
v -0.659338 -1.059091 -0.010683
v -0.651052 -1.072091 -0.009169
v -0.637984 -1.063764 -0.009374
v -0.646258 -1.050831 -0.011481
v -0.659326 -1.059158 -0.011276
v -0.650936 -1.065836 0.101337
v -0.643736 -1.061233 0.101362
v -0.648294 -1.054111 0.102598
v -0.655494 -1.058714 0.102574
v -0.624196 -1.097094 0.127779
v -0.618263 -1.092106 0.127782
v -0.620113 -1.089911 0.134982
v -0.625629 -1.095870 0.135960
v -0.587089 -1.132938 0.124723
v -0.581534 -1.127631 0.124503
v -0.581361 -1.127494 0.132186
v -0.586916 -1.132801 0.132406
v -0.569064 -1.153349 0.130252
v -0.564666 -1.150274 0.130215
v -0.565499 -1.149021 0.135367
v -0.569897 -1.152096 0.135403
v -0.702829 -1.037059 0.148210
v -0.700377 -1.032026 0.148267
v -0.697006 -1.033713 0.152407
v -0.699458 -1.038747 0.152350
v -0.628658 -1.109038 0.159490
v -0.631257 -1.104979 0.160828
v -0.627071 -1.102876 0.162578
v -0.624472 -1.106934 0.161240
v -0.699448 -1.043039 0.187578
v -0.702930 -1.044169 0.187386
v -0.704075 -1.040765 0.188115
v -0.700594 -1.039635 0.188306
v -0.717637 -1.015308 0.162074
v -0.713543 -1.012839 0.162074
v -0.712529 -1.014520 0.166434
v -0.716623 -1.016989 0.166434
v -0.610900 -1.001034 0.138768
v -0.606182 -1.004094 0.138904
v -0.607398 -1.005736 0.144146
v -0.612116 -1.002675 0.144010
v -0.631542 -0.956985 0.171421
v -0.629117 -0.955193 0.171549
v -0.628430 -0.956316 0.174265
v -0.630855 -0.958108 0.174137
v -0.540219 -0.971262 0.151971
v -0.539100 -0.974815 0.151955
v -0.539589 -0.974985 0.155645
v -0.540708 -0.971432 0.155660
v -0.725239 -1.046615 0.164966
v -0.727184 -1.042698 0.164966
v -0.725379 -1.041801 0.168847
v -0.723433 -1.045717 0.168847
v -0.652277 -1.067983 0.014758
v -0.640648 -1.060577 0.014552
v -0.648020 -1.049050 0.012843
v -0.659649 -1.056456 0.013049
v -0.652771 -1.064326 0.055802
v -0.643186 -1.058218 0.055942
v -0.649296 -1.048640 0.056322
v -0.658880 -1.054749 0.056182
v -0.652806 -1.065214 0.033531
v -0.642398 -1.058585 0.033367
v -0.649023 -1.048203 0.032582
v -0.659431 -1.054832 0.032746
v -0.660933 -1.059384 0.117367
v -0.657651 -1.052897 0.117361
v -0.653927 -1.054776 0.123316
v -0.657209 -1.061263 0.123322
v -0.684336 -1.046791 0.134547
v -0.681452 -1.041143 0.134520
v -0.679129 -1.042302 0.140307
v -0.682013 -1.047950 0.140334
v -0.699769 -1.038051 0.164960
v -0.704347 -1.039591 0.164921
v -0.705841 -1.035182 0.166211
v -0.701263 -1.033642 0.166250
v -0.639517 -1.078459 0.120147
v -0.633552 -1.073609 0.120187
v -0.635619 -1.071124 0.127164
v -0.641584 -1.075975 0.127124
v -0.608865 -1.112167 0.127685
v -0.603604 -1.106494 0.127493
v -0.602752 -1.107024 0.135167
v -0.608013 -1.112698 0.135359
v -0.623793 -1.104001 0.141289
v -0.626897 -1.097907 0.141577
v -0.621309 -1.095196 0.144453
v -0.618204 -1.101290 0.144165
v -0.633882 -1.033793 0.121857
v -0.628148 -1.037400 0.122061
v -0.629626 -1.039392 0.128369
v -0.635360 -1.035784 0.128164
v -0.644874 -1.050321 0.113861
v -0.638901 -1.054610 0.113909
v -0.640490 -1.056747 0.120764
v -0.646464 -1.052458 0.120716
v -0.622403 -1.017052 0.130443
v -0.617385 -1.020697 0.130461
v -0.618801 -1.022617 0.136186
v -0.623819 -1.018973 0.136167
v -0.614359 -0.982376 0.153386
v -0.610526 -0.979897 0.153420
v -0.609213 -0.981981 0.157263
v -0.613045 -0.984459 0.157229
v -0.582465 -0.984670 0.145666
v -0.580895 -0.989206 0.145664
v -0.581437 -0.989397 0.150429
v -0.583008 -0.984861 0.150432
v -0.632215 -1.087461 0.123958
v -0.626265 -1.082543 0.123981
v -0.627527 -1.081051 0.131449
v -0.633477 -1.085969 0.131427
v -0.646493 -1.069971 0.113920
v -0.640629 -1.065047 0.113891
v -0.649075 -1.066858 0.120422
v -0.674511 -1.052099 0.128438
v -0.671433 -1.046132 0.128396
v -0.668186 -1.047768 0.134040
v -0.671264 -1.053734 0.134082
v -0.694279 -1.041489 0.140380
v -0.691580 -1.036163 0.140366
v -0.688714 -1.037602 0.145402
v -0.691413 -1.042927 0.145417
v -0.652326 -1.064891 0.078732
v -0.643595 -1.059330 0.078917
v -0.649155 -1.050626 0.079651
v -0.657886 -1.056188 0.079465
v -0.651669 -1.070054 0.002681
v -0.639306 -1.062176 0.002487
v -0.647133 -1.049941 0.000493
v -0.659497 -1.057819 0.000687
v -0.651348 -1.071116 -0.003496
v -0.638616 -1.063004 -0.003696
v -0.646677 -1.050404 -0.005749
v -0.659408 -1.058517 -0.005549
v -0.651187 -1.071647 -0.006584
v -0.638272 -1.063418 -0.006787
v -0.646449 -1.050636 -0.008870
v -0.659364 -1.058866 -0.008667
v -0.651106 -1.071913 -0.008128
v -0.638099 -1.063625 -0.008333
v -0.646335 -1.050752 -0.010430
v -0.659342 -1.059041 -0.010226
v -0.651066 -1.072046 -0.008906
v -0.638013 -1.063729 -0.009111
v -0.646277 -1.050811 -0.011216
v -0.659330 -1.059128 -0.011011
v -0.651039 -1.072135 -0.009421
v -0.637955 -1.063798 -0.009626
v -0.646239 -1.050849 -0.011736
v -0.659323 -1.059187 -0.011531
v -0.651366 -1.065510 0.095836
v -0.643796 -1.060674 0.095888
v -0.648596 -1.053173 0.097065
v -0.656166 -1.058009 0.097013
v -0.650353 -1.066313 0.107277
v -0.643550 -1.061959 0.107277
v -0.647829 -1.054695 0.110232
v -0.654652 -1.059596 0.108556
v -0.592111 -1.128042 0.125230
v -0.586746 -1.122524 0.125021
v -0.586194 -1.122769 0.132697
v -0.591559 -1.128287 0.132906
v -0.582665 -1.137894 0.125181
v -0.576927 -1.132805 0.124971
v -0.577118 -1.132273 0.132622
v -0.582856 -1.137362 0.132832
v -0.574592 -1.147034 0.127471
v -0.569140 -1.143042 0.127385
v -0.570033 -1.141681 0.133944
v -0.575486 -1.145673 0.134030
v -0.571734 -1.150295 0.128909
v -0.566865 -1.146731 0.128833
v -0.567663 -1.145515 0.134690
v -0.572532 -1.149080 0.134767
v -0.566037 -1.157189 0.132300
v -0.562215 -1.154637 0.132300
v -0.563030 -1.153417 0.136655
v -0.566852 -1.155968 0.136655
v -0.563863 -1.159944 0.133774
v -0.560505 -1.157703 0.133774
v -0.561221 -1.156630 0.137599
v -0.564579 -1.158871 0.137599
v -0.561920 -1.162406 0.135091
v -0.558977 -1.160442 0.135091
v -0.559604 -1.159502 0.138444
v -0.562547 -1.161466 0.138444
v -0.700824 -1.038078 0.146199
v -0.698317 -1.032969 0.146241
v -0.694984 -1.034640 0.150540
v -0.697491 -1.039748 0.150499
v -0.704804 -1.036083 0.150381
v -0.702408 -1.031127 0.150451
v -0.699005 -1.032828 0.154430
v -0.701401 -1.037784 0.154360
v -0.627762 -1.107564 0.155144
v -0.630540 -1.103055 0.156374
v -0.626003 -1.100799 0.158346
v -0.623225 -1.105308 0.157116
v -0.629104 -1.110441 0.162879
v -0.631559 -1.106748 0.164316
v -0.627647 -1.104759 0.165888
v -0.625192 -1.108452 0.164451
v -0.629505 -1.111699 0.165910
v -0.631803 -1.108242 0.167255
v -0.628141 -1.106380 0.168727
v -0.625843 -1.109838 0.167382
v -0.699397 -1.041577 0.180377
v -0.703232 -1.042830 0.180200
v -0.704493 -1.039090 0.181055
v -0.700658 -1.037837 0.181233
v -0.699423 -1.042317 0.184023
v -0.703078 -1.043511 0.183854
v -0.704280 -1.039947 0.184669
v -0.700625 -1.038753 0.184837
v -0.699550 -1.043615 0.190735
v -0.702877 -1.044689 0.190522
v -0.703972 -1.041425 0.191172
v -0.700645 -1.040352 0.191385
v -0.699641 -1.044122 0.193518
v -0.702830 -1.045151 0.193313
v -0.703879 -1.042023 0.193936
v -0.700690 -1.040994 0.194140
v -0.699728 -1.044607 0.196187
v -0.702785 -1.045594 0.195991
v -0.703791 -1.042596 0.196588
v -0.700734 -1.041610 0.196784
v -0.709133 -1.029887 0.154203
v -0.704616 -1.027163 0.154203
v -0.703497 -1.029017 0.159012
v -0.707421 -1.032683 0.159120
v -0.711337 -1.026107 0.156244
v -0.706930 -1.023449 0.156244
v -0.705839 -1.025259 0.160936
v -0.710246 -1.027917 0.160936
v -0.713475 -1.022442 0.158223
v -0.709174 -1.019848 0.158223
v -0.708109 -1.021614 0.162802
v -0.712410 -1.024208 0.162802
v -0.715572 -1.018849 0.160163
v -0.711375 -1.016317 0.160163
v -0.710336 -1.018041 0.164632
v -0.714532 -1.020572 0.164632
v -0.719682 -1.011802 0.163967
v -0.715690 -1.009394 0.163967
v -0.714701 -1.011034 0.168218
v -0.718693 -1.013442 0.168218
v -0.721544 -1.008611 0.165690
v -0.717644 -1.006258 0.165690
v -0.716678 -1.007860 0.169843
v -0.720578 -1.010212 0.169843
v -0.723342 -1.005528 0.167355
v -0.719532 -1.003229 0.167355
v -0.718588 -1.004794 0.171412
v -0.722399 -1.007092 0.171412
v -0.725101 -1.002513 0.168982
v -0.721378 -1.000268 0.168982
v -0.720455 -1.001797 0.172947
v -0.724179 -1.004042 0.172947
v -0.726830 -0.999549 0.170583
v -0.723193 -0.997355 0.170583
v -0.722292 -0.998849 0.174456
v -0.725929 -1.001042 0.174456
v -0.613636 -1.005054 0.136766
v -0.608846 -1.008264 0.136871
v -0.610110 -1.009973 0.142233
v -0.614900 -1.006762 0.142128
v -0.608192 -0.996743 0.140785
v -0.603553 -0.999654 0.140949
v -0.604722 -1.001228 0.146066
v -0.609361 -0.998317 0.145901
v -0.624189 -0.967291 0.164603
v -0.621241 -0.965166 0.164735
v -0.620370 -0.966576 0.167972
v -0.623318 -0.968701 0.167840
v -0.625784 -0.965057 0.166080
v -0.622944 -0.963010 0.166208
v -0.622104 -0.964368 0.169326
v -0.624944 -0.966416 0.169199
v -0.627295 -0.962939 0.167481
v -0.624558 -0.960966 0.167604
v -0.623749 -0.962276 0.170609
v -0.626486 -0.964249 0.170487
v -0.628755 -0.960894 0.168834
v -0.626117 -0.958992 0.168953
v -0.625337 -0.960254 0.171849
v -0.627975 -0.962156 0.171731
v -0.630177 -0.958900 0.170153
v -0.627636 -0.957068 0.170267
v -0.626885 -0.958284 0.173057
v -0.629426 -0.960116 0.172943
v -0.633324 -0.954629 0.172844
v -0.631034 -0.952894 0.172982
v -0.630415 -0.953919 0.175597
v -0.632705 -0.955654 0.175459
v -0.634828 -0.952642 0.174044
v -0.632632 -0.950978 0.174177
v -0.632038 -0.951961 0.176685
v -0.634234 -0.953625 0.176553
v -0.636234 -0.950784 0.175167
v -0.634125 -0.949186 0.175293
v -0.633555 -0.950131 0.177702
v -0.635664 -0.951728 0.177575
v -0.637580 -0.949005 0.176241
v -0.635555 -0.947471 0.176363
v -0.635008 -0.948378 0.178675
v -0.637033 -0.949912 0.178553
v -0.638884 -0.947284 0.177281
v -0.636940 -0.945811 0.177398
v -0.636414 -0.946681 0.179617
v -0.638358 -0.948154 0.179501
v -0.640154 -0.945605 0.178294
v -0.638289 -0.944193 0.178406
v -0.637784 -0.945028 0.180536
v -0.639649 -0.946440 0.180424
v -0.557048 -0.976429 0.149353
v -0.555775 -0.980391 0.149338
v -0.556306 -0.980577 0.153462
v -0.557579 -0.976614 0.153477
v -0.553521 -0.975346 0.149901
v -0.552276 -0.979221 0.149887
v -0.552795 -0.979403 0.153921
v -0.554040 -0.975527 0.153935
v -0.550109 -0.974298 0.150433
v -0.548891 -0.978089 0.150419
v -0.549399 -0.978267 0.154364
v -0.550617 -0.974476 0.154378
v -0.546769 -0.973273 0.150952
v -0.545578 -0.976981 0.150939
v -0.546074 -0.977155 0.154798
v -0.547266 -0.973446 0.154812
v -0.543482 -0.972264 0.151464
v -0.542317 -0.975891 0.151450
v -0.542803 -0.976060 0.155225
v -0.543967 -0.972434 0.155238
v -0.536885 -0.970281 0.152516
v -0.535812 -0.973756 0.152498
v -0.536302 -0.973927 0.156097
v -0.537375 -0.970452 0.156116
v -0.533891 -0.969401 0.153006
v -0.532842 -0.972800 0.152988
v -0.533321 -0.972967 0.156509
v -0.534371 -0.969568 0.156527
v -0.531008 -0.968554 0.153478
v -0.529982 -0.971879 0.153460
v -0.530451 -0.972042 0.156904
v -0.531478 -0.968717 0.156922
v -0.528196 -0.967727 0.153937
v -0.527191 -0.970980 0.153920
v -0.527650 -0.971140 0.157291
v -0.528655 -0.967886 0.157308
v -0.525433 -0.966915 0.154389
v -0.524450 -0.970098 0.154372
v -0.524899 -0.970254 0.157670
v -0.525882 -0.967071 0.157687
v -0.522711 -0.966114 0.154835
v -0.521750 -0.969228 0.154818
v -0.522189 -0.969381 0.158044
v -0.523151 -0.966267 0.158060
v -0.708012 -1.038523 0.154609
v -0.710329 -1.033859 0.154609
v -0.705501 -1.037645 0.158446
v -0.711716 -1.040263 0.156836
v -0.713953 -1.035760 0.156836
v -0.711877 -1.034728 0.161298
v -0.709640 -1.039231 0.161298
v -0.715239 -1.041917 0.158954
v -0.717400 -1.037567 0.158954
v -0.715394 -1.036571 0.163265
v -0.713233 -1.040921 0.163265
v -0.718648 -1.043518 0.161004
v -0.720735 -1.039316 0.161004
v -0.718798 -1.038354 0.165168
v -0.716710 -1.042556 0.165168
v -0.721975 -1.045081 0.163004
v -0.723991 -1.041023 0.163004
v -0.722120 -1.040094 0.167025
v -0.720104 -1.044152 0.167025
v -0.728677 -1.048229 0.167033
v -0.730549 -1.044462 0.167033
v -0.728812 -1.043599 0.170766
v -0.726940 -1.047367 0.170766
v -0.731571 -1.049589 0.168773
v -0.733380 -1.045947 0.168773
v -0.731701 -1.045113 0.172382
v -0.729892 -1.048755 0.172382
v -0.734290 -1.050866 0.170408
v -0.736041 -1.047342 0.170408
v -0.734416 -1.046535 0.173900
v -0.732666 -1.050059 0.173900
v -0.736902 -1.052093 0.171978
v -0.738596 -1.048682 0.171978
v -0.737023 -1.047901 0.175357
v -0.735329 -1.051311 0.175357
v -0.739435 -1.053283 0.173501
v -0.741075 -1.049982 0.173501
v -0.739553 -1.049226 0.176772
v -0.737914 -1.052527 0.176772
v -0.741909 -1.054445 0.174988
v -0.743496 -1.051251 0.174988
v -0.742023 -1.050520 0.178153
v -0.740437 -1.053713 0.178153
v -0.744334 -1.055584 0.176446
v -0.745868 -1.052496 0.176446
v -0.744445 -1.051788 0.179506
v -0.742910 -1.054876 0.179506
v -0.652799 -1.064259 0.050102
v -0.643169 -1.058120 0.050182
v -0.649309 -1.048492 0.050383
v -0.658939 -1.054631 0.050303
v -0.652695 -1.064583 0.061539
v -0.643156 -1.058506 0.061739
v -0.649234 -1.048983 0.062296
v -0.658773 -1.055059 0.062097
v -0.656688 -1.061629 0.113895
v -0.653331 -1.054974 0.113895
v -0.649474 -1.056615 0.119447
v -0.652872 -1.063554 0.120001
v -0.664814 -1.057302 0.120569
v -0.661609 -1.050988 0.120557
v -0.657980 -1.052819 0.126355
v -0.661185 -1.059134 0.126367
v -0.700210 -1.036163 0.157663
v -0.701814 -1.031428 0.159119
v -0.699988 -1.037114 0.161337
v -0.704739 -1.038724 0.161337
v -0.706285 -1.034162 0.162740
v -0.701534 -1.032552 0.162740
v -0.699626 -1.039012 0.168999
v -0.704010 -1.040476 0.168924
v -0.705445 -1.036242 0.170101
v -0.701060 -1.034778 0.170176
v -0.699498 -1.039883 0.172661
v -0.703702 -1.041287 0.172589
v -0.705077 -1.037227 0.173718
v -0.700873 -1.035823 0.173790
v -0.617418 -1.104236 0.129252
v -0.612159 -1.098536 0.129062
v -0.611268 -1.099102 0.136748
v -0.616527 -1.104802 0.136938
v -0.613145 -1.108198 0.128469
v -0.607893 -1.102505 0.128280
v -0.607002 -1.103071 0.135956
v -0.612255 -1.108764 0.136146
v -0.604937 -1.115844 0.127035
v -0.599668 -1.110191 0.126841
v -0.598854 -1.110686 0.134513
v -0.604123 -1.116340 0.134707
v -0.601030 -1.119502 0.126389
v -0.595767 -1.113855 0.126195
v -0.594954 -1.114350 0.133858
v -0.600217 -1.119997 0.134052
v -0.622035 -1.103397 0.136942
v -0.619304 -1.093976 0.140099
v -0.616126 -1.100533 0.140099
v -0.625365 -1.105028 0.146066
v -0.628351 -1.099436 0.146603
v -0.623126 -1.096893 0.149192
v -0.620139 -1.102485 0.148655
v -0.636536 -1.038034 0.119847
v -0.630667 -1.041694 0.120066
v -0.632160 -1.043701 0.126518
v -0.638029 -1.040041 0.126299
v -0.631116 -1.029457 0.123981
v -0.625519 -1.033010 0.124170
v -0.626980 -1.034984 0.130331
v -0.632577 -1.031431 0.130141
v -0.641795 -1.058622 0.111908
v -0.643314 -1.061369 0.119643
v -0.641995 -1.046246 0.115874
v -0.636071 -1.050350 0.115968
v -0.637626 -1.052442 0.122688
v -0.643551 -1.048337 0.122594
v -0.625318 -1.021009 0.128315
v -0.620165 -1.024709 0.128348
v -0.621615 -1.026675 0.134203
v -0.626768 -1.022975 0.134169
v -0.619348 -1.013015 0.132631
v -0.614468 -1.016600 0.132635
v -0.615850 -1.018474 0.138225
v -0.620730 -1.014889 0.138220
v -0.608981 -0.991425 0.145963
v -0.604648 -0.988691 0.145963
v -0.603121 -0.991112 0.150213
v -0.607455 -0.993846 0.150213
v -0.610847 -0.988287 0.148536
v -0.606677 -0.985656 0.148536
v -0.605207 -0.987985 0.152627
v -0.609378 -0.990616 0.152627
v -0.612643 -0.985266 0.151014
v -0.608630 -0.982734 0.151014
v -0.607216 -0.984975 0.154951
v -0.611229 -0.987507 0.154951
v -0.616186 -0.979519 0.155556
v -0.612529 -0.977095 0.155620
v -0.611313 -0.979028 0.159366
v -0.614969 -0.981452 0.159302
v -0.617838 -0.976937 0.157518
v -0.614313 -0.974599 0.157580
v -0.613140 -0.976463 0.161192
v -0.616665 -0.978801 0.161130
v -0.619418 -0.974467 0.159394
v -0.616018 -0.972212 0.159454
v -0.614887 -0.974010 0.162937
v -0.618287 -0.976265 0.162878
v -0.620954 -0.972067 0.161217
v -0.617676 -0.969893 0.161275
v -0.616585 -0.971627 0.164634
v -0.619863 -0.973801 0.164576
v -0.599688 -0.990506 0.143322
v -0.597956 -0.995431 0.143322
v -0.598529 -0.995633 0.148508
v -0.600262 -0.990708 0.148508
v -0.595250 -0.989002 0.143926
v -0.593554 -0.993825 0.143926
v -0.594115 -0.994023 0.149004
v -0.595812 -0.989200 0.149004
v -0.590928 -0.987538 0.144515
v -0.589267 -0.992261 0.144515
v -0.589817 -0.992454 0.149487
v -0.591478 -0.987731 0.149487
v -0.586679 -0.986098 0.145093
v -0.585052 -0.990723 0.145093
v -0.585591 -0.990913 0.149962
v -0.587218 -0.986288 0.149962
v -0.578488 -0.983368 0.146236
v -0.576972 -0.987818 0.146230
v -0.577518 -0.988010 0.150895
v -0.579035 -0.983560 0.150901
v -0.574831 -0.982171 0.146759
v -0.573345 -0.986535 0.146753
v -0.573880 -0.986723 0.151328
v -0.575367 -0.982359 0.151334
v -0.571281 -0.981009 0.147267
v -0.569822 -0.985288 0.147262
v -0.570348 -0.985473 0.151748
v -0.571806 -0.981193 0.151754
v -0.567796 -0.979868 0.147766
v -0.566366 -0.984065 0.147761
v -0.566882 -0.984246 0.152161
v -0.568311 -0.980049 0.152166
v -0.564361 -0.978744 0.148258
v -0.562959 -0.982859 0.148253
v -0.563464 -0.983037 0.152568
v -0.564866 -0.978921 0.152573
v -0.671598 -1.053663 0.126097
v -0.668486 -1.047611 0.126061
v -0.665032 -1.049353 0.131660
v -0.668145 -1.055405 0.131697
v -0.677020 -1.050734 0.130203
v -0.673979 -1.044854 0.130156
v -0.670938 -1.046383 0.135834
v -0.673980 -1.052262 0.135881
v -0.696547 -1.040292 0.142273
v -0.693904 -1.035044 0.142269
v -0.690841 -1.036582 0.147043
v -0.693484 -1.041831 0.147047
v -0.652468 -1.064868 0.073206
v -0.643367 -1.059072 0.073426
v -0.649165 -1.049990 0.074043
v -0.658267 -1.055786 0.073824
v -0.652066 -1.065034 0.084550
v -0.643729 -1.059720 0.084704
v -0.649035 -1.051419 0.085539
v -0.657372 -1.056732 0.085385
v -0.542330 -0.974241 0.125671
v -0.541356 -1.003023 0.141993
v -0.575764 -0.992407 0.144741
v -0.561639 -0.954758 0.144388
v -0.531172 -0.953211 0.140486
v -0.518466 -0.983289 0.141986
v -0.559979 -1.000730 0.169788
v -0.573289 -0.971206 0.172364
v -0.549124 -0.949873 0.172057
v -0.521194 -0.966813 0.167631
v -0.527405 -0.998001 0.169788
v -0.545548 -0.976955 0.186961
v -0.555959 -0.979935 0.128357
v -0.539084 -0.988896 0.129084
v -0.558602 -0.999052 0.139854
v -0.526739 -0.995632 0.139561
v -0.528018 -0.979290 0.129428
v -0.553351 -0.962620 0.132668
v -0.568061 -0.969721 0.140287
v -0.536724 -0.962659 0.130497
v -0.547527 -0.950417 0.144976
v -0.521179 -0.966730 0.138506
v -0.533528 -1.005602 0.155894
v -0.518985 -0.993066 0.155894
v -0.570586 -0.998538 0.156435
v -0.552708 -1.007236 0.155901
v -0.571469 -0.960879 0.160068
v -0.576634 -0.980202 0.156934
v -0.539525 -0.947237 0.154361
v -0.557560 -0.948303 0.159004
v -0.514592 -0.974377 0.154966
v -0.523108 -0.957195 0.148834
v -0.543354 -1.003291 0.172228
v -0.570239 -0.987456 0.172232
v -0.562803 -0.956937 0.179822
v -0.534748 -0.955755 0.168062
v -0.519823 -0.983006 0.172228
v -0.554018 -0.990919 0.182322
v -0.534884 -0.989326 0.182322
v -0.561451 -0.973218 0.183358
v -0.547760 -0.961089 0.183013
v -0.531344 -0.971047 0.181754
v -0.631554 -0.951669 0.141790
v -0.630225 -0.990905 0.164922
v -0.677133 -0.976433 0.171384
v -0.657876 -0.925108 0.166809
v -0.616342 -0.922999 0.155188
v -0.599020 -0.964003 0.164844
v -0.655613 -0.987780 0.202815
v -0.673759 -0.947530 0.198079
v -0.640815 -0.918448 0.200079
v -0.602738 -0.941542 0.200822
v -0.611206 -0.984060 0.202814
v -0.635940 -0.955367 0.226227
v -0.650132 -0.959430 0.145766
v -0.627128 -0.971647 0.147216
v -0.653736 -0.985492 0.162006
v -0.610299 -0.980830 0.161587
v -0.612041 -0.958551 0.146954
v -0.646577 -0.935825 0.137343
v -0.666632 -0.945507 0.163351
v -0.623910 -0.935879 0.148284
v -0.638637 -0.919189 0.169098
v -0.602718 -0.941428 0.165626
v -0.619553 -0.994422 0.183873
v -0.599727 -0.977332 0.183873
v -0.670073 -0.984792 0.184436
v -0.645702 -0.996649 0.183882
v -0.671277 -0.933452 0.188473
v -0.678318 -0.959795 0.190810
v -0.627729 -0.914854 0.189875
v -0.652316 -0.916308 0.187552
v -0.593738 -0.951854 0.182427
v -0.605348 -0.928429 0.181695
v -0.632949 -0.991270 0.206140
v -0.669600 -0.969684 0.205093
v -0.659463 -0.928079 0.215827
v -0.621216 -0.926466 0.217775
v -0.600870 -0.963618 0.206140
v -0.647487 -0.974405 0.219902
v -0.621402 -0.972232 0.219901
v -0.657620 -0.950273 0.220766
v -0.638956 -0.933739 0.220233
v -0.616575 -0.947313 0.219220
v -0.700241 -1.041614 0.177740
v -0.699651 -1.059060 0.187634
v -0.720508 -1.052625 0.189300
v -0.711946 -1.029804 0.189086
v -0.693478 -1.028866 0.186721
v -0.685775 -1.047099 0.187630
v -0.710939 -1.057671 0.204483
v -0.719008 -1.039774 0.206045
v -0.704359 -1.026842 0.205858
v -0.687429 -1.037111 0.203176
v -0.691194 -1.056017 0.204483
v -0.702192 -1.043258 0.214893
v -0.708502 -1.045065 0.179369
v -0.698274 -1.050497 0.179809
v -0.710105 -1.056653 0.186338
v -0.690791 -1.054580 0.186160
v -0.691565 -1.044674 0.180018
v -0.706922 -1.034569 0.181982
v -0.715839 -1.038874 0.186601
v -0.696843 -1.034593 0.180665
v -0.703391 -1.027172 0.189443
v -0.687420 -1.037060 0.185521
v -0.694905 -1.060624 0.196061
v -0.686090 -1.053025 0.196061
v -0.717369 -1.056342 0.196389
v -0.706532 -1.061614 0.196065
v -0.717904 -1.033514 0.198591
v -0.721035 -1.045227 0.196691
v -0.698541 -1.025244 0.195132
v -0.709473 -1.025891 0.197946
v -0.683427 -1.041696 0.195498
v -0.688589 -1.031280 0.191782
v -0.700862 -1.059223 0.205962
v -0.717159 -1.049624 0.205964
v -0.712651 -1.031125 0.210565
v -0.695645 -1.030408 0.203437
v -0.686598 -1.046927 0.205962
v -0.707326 -1.051724 0.212081
v -0.695727 -1.050758 0.212081
v -0.711832 -1.040993 0.212709
v -0.703533 -1.033641 0.212500
v -0.693581 -1.039677 0.211737
v -0.716704 -1.007583 0.174443
v -0.724353 -1.007110 0.188887
v -0.737281 -1.012153 0.177779
v -0.728004 -1.000721 0.164580
v -0.714858 -0.994609 0.169964
v -0.713441 -0.997463 0.185624
v -0.739951 -0.999819 0.188197
v -0.742806 -0.995990 0.173091
v -0.731214 -0.985853 0.169052
v -0.720767 -0.984492 0.182475
v -0.727058 -0.991713 0.193709
v -0.737256 -0.984556 0.183656
v -0.723370 -1.011035 0.174363
v -0.717990 -1.008630 0.181779
v -0.729887 -1.011261 0.183474
v -0.717169 -1.003029 0.188570
v -0.712835 -1.003791 0.180130
v -0.721974 -1.004974 0.168123
v -0.730718 -1.007064 0.169099
v -0.714872 -1.001852 0.171386
v -0.722306 -0.996149 0.165860
v -0.711732 -0.995904 0.177622
v -0.726022 -1.000254 0.193207
v -0.718970 -0.994219 0.191479
v -0.739579 -1.007472 0.183122
v -0.733473 -1.005183 0.190298
v -0.737255 -0.998249 0.167292
v -0.740220 -1.004823 0.174105
v -0.721782 -0.989906 0.167570
v -0.730289 -0.992661 0.164691
v -0.715041 -0.989557 0.184769
v -0.714717 -0.990276 0.174722
v -0.734563 -0.995476 0.192971
v -0.743286 -0.998564 0.180810
v -0.739588 -0.987626 0.170126
v -0.725047 -0.985147 0.174429
v -0.723287 -0.985840 0.189697
v -0.740675 -0.990816 0.187298
v -0.732943 -0.986540 0.190477
v -0.741892 -0.989050 0.178084
v -0.735222 -0.983514 0.175759
v -0.729495 -0.982192 0.183579
v -0.756933 -1.035957 0.184203
v -0.763356 -1.061238 0.176219
v -0.745539 -1.062469 0.201568
v -0.730964 -1.036637 0.192021
v -0.741917 -1.028144 0.174555
v -0.760546 -1.044902 0.160185
v -0.741610 -1.076677 0.180315
v -0.720922 -1.062331 0.190934
v -0.717858 -1.044634 0.173268
v -0.737734 -1.047671 0.154935
v -0.750571 -1.068946 0.157944
v -0.724987 -1.067710 0.166148
v -0.754095 -1.043268 0.192828
v -0.763660 -1.045960 0.179137
v -0.756970 -1.060989 0.188967
v -0.765506 -1.052826 0.164468
v -0.762084 -1.038190 0.171964
v -0.743798 -1.034265 0.190068
v -0.738735 -1.045014 0.197928
v -0.750249 -1.030150 0.178804
v -0.732920 -1.031638 0.181533
v -0.753050 -1.033602 0.164610
v -0.759836 -1.068049 0.165130
v -0.758049 -1.057673 0.155980
v -0.744156 -1.070884 0.192724
v -0.754570 -1.072621 0.176166
v -0.722702 -1.049757 0.193706
v -0.732594 -1.061032 0.198321
v -0.728891 -1.032720 0.172457
v -0.721255 -1.038962 0.183825
v -0.750378 -1.044975 0.154182
v -0.742116 -1.033097 0.162654
v -0.746919 -1.076323 0.167763
v -0.730272 -1.071641 0.188331
v -0.713028 -1.055238 0.180633
v -0.727543 -1.043635 0.164377
v -0.744028 -1.059534 0.152463
v -0.731881 -1.075596 0.173347
v -0.737149 -1.071061 0.159905
v -0.719919 -1.066649 0.178703
v -0.718252 -1.056515 0.168847
v -0.729227 -1.058946 0.157677
v -0.642656 -1.077740 0.207512
v -0.650685 -1.085435 0.170721
v -0.655045 -1.129698 0.186368
v -0.620938 -1.111334 0.220715
v -0.611583 -1.069696 0.223853
v -0.623716 -1.057248 0.183789
v -0.634300 -1.123066 0.158061
v -0.623335 -1.134664 0.194066
v -0.589643 -1.109135 0.208236
v -0.586806 -1.077114 0.181936
v -0.615153 -1.083841 0.149770
v -0.591436 -1.116453 0.164752
v -0.651735 -1.095793 0.207574
v -0.647929 -1.077128 0.192584
v -0.656555 -1.106905 0.183537
v -0.639947 -1.065861 0.175175
v -0.636651 -1.061854 0.199653
v -0.642346 -1.088935 0.218793
v -0.639307 -1.116803 0.218297
v -0.626738 -1.073271 0.216103
v -0.608015 -1.095901 0.222718
v -0.610762 -1.061527 0.201860
v -0.637397 -1.082760 0.154632
v -0.619593 -1.065498 0.162969
v -0.650710 -1.127655 0.174986
v -0.647983 -1.106571 0.159618
v -0.619453 -1.129466 0.206115
v -0.638474 -1.134269 0.192042
v -0.587358 -1.095222 0.214632
v -0.600601 -1.114495 0.218046
v -0.602533 -1.060450 0.182192
v -0.592714 -1.071449 0.203785
v -0.625410 -1.104506 0.147701
v -0.628800 -1.135180 0.173986
v -0.598853 -1.125354 0.195374
v -0.573517 -1.100892 0.188467
v -0.596257 -1.076916 0.161205
v -0.611266 -1.123883 0.156565
v -0.599810 -1.101061 0.151742
v -0.602866 -1.130800 0.176452
v -0.585675 -1.114834 0.185266
v -0.583158 -1.097212 0.170315
v -0.577930 -1.146177 0.164024
v -0.583715 -1.151528 0.132625
v -0.586505 -1.183791 0.146364
v -0.560871 -1.171595 0.173224
v -0.554653 -1.141591 0.171729
v -0.563581 -1.132462 0.141996
v -0.570534 -1.179754 0.123430
v -0.559758 -1.190944 0.150887
v -0.537182 -1.171495 0.160308
v -0.537034 -1.146876 0.140430
v -0.557173 -1.151656 0.117578
v -0.539532 -1.175616 0.128331
v -0.584336 -1.159013 0.161415
v -0.582987 -1.144508 0.149958
v -0.588934 -1.165695 0.141001
v -0.575615 -1.138107 0.136014
v -0.573322 -1.135221 0.154630
v -0.577027 -1.154769 0.177289
v -0.573924 -1.175470 0.164897
v -0.565736 -1.143838 0.168759
v -0.552053 -1.160271 0.172141
v -0.554151 -1.135712 0.154839
v -0.573216 -1.150654 0.121049
v -0.560400 -1.138556 0.126982
v -0.581987 -1.183201 0.135156
v -0.581096 -1.167202 0.124471
v -0.557540 -1.186731 0.162158
v -0.569952 -1.191181 0.147870
v -0.537115 -1.160053 0.164127
v -0.545377 -1.174891 0.168651
v -0.548214 -1.135031 0.140614
v -0.541232 -1.142852 0.155956
v -0.564485 -1.166311 0.116103
v -0.565076 -1.189884 0.135017
v -0.538692 -1.188051 0.151877
v -0.526941 -1.164422 0.145160
v -0.543748 -1.146735 0.125702
v -0.554116 -1.180395 0.122423
v -0.546273 -1.163889 0.118979
v -0.545651 -1.187803 0.137242
v -0.533649 -1.176258 0.143291
v -0.534269 -1.161328 0.132198
vn -0.0237 0.8215 0.5697
vn -0.9995 -0.0152 0.0283
vn -0.9995 -0.0158 0.0286
vn 0.0255 0.0673 0.9974
vn 0.0253 0.0654 0.9975
vn 0.9995 0.0129 -0.0281
vn 0.9995 0.0124 -0.0282
vn 0.7834 0.0779 -0.6167
vn -0.0255 -0.0701 -0.9972
vn -0.0254 -0.0718 -0.9971
vn 0.7072 0.6720 0.2195
vn -0.9995 -0.0147 0.0280
vn 0.0257 0.0692 0.9973
vn 0.9995 0.0134 -0.0280
vn -0.0257 -0.0684 -0.9973
vn -0.9957 -0.0890 0.0275
vn -0.9956 -0.0893 0.0278
vn 0.0333 -0.0727 0.9968
vn 0.0330 -0.0735 0.9967
vn 0.9958 0.0868 -0.0276
vn 0.9959 0.0866 -0.0279
vn -0.0330 0.0695 -0.9970
vn -0.0327 0.0689 -0.9971
vn -0.9957 -0.0888 0.0272
vn 0.0335 -0.0718 0.9969
vn -0.8666 0.1982 -0.4580
vn 0.9958 0.0869 -0.0273
vn -0.9757 -0.1255 0.1797
vn -0.0334 0.0702 -0.9970
vn -0.9993 0.0291 -0.0245
vn 0.0375 0.3799 0.9242
vn 0.9999 -0.0143 0.0011
vn 0.9999 -0.0122 0.0005
vn -0.0037 -0.3365 -0.9417
vn -0.9900 0.1364 0.0356
vn -0.9900 0.1358 0.0383
vn -0.8192 -0.5720 -0.0427
vn 0.0740 0.0621 0.9953
vn 0.1002 0.9848 0.1418
vn 0.9867 -0.1622 0.0094
vn -0.1407 -0.9828 -0.1196
vn -0.9900 0.1375 0.0330
vn 0.1394 0.9757 0.1692
vn 0.1395 0.9756 0.1695
vn 0.9881 -0.1474 0.0448
vn 0.9880 -0.1477 0.0447
vn -0.1414 -0.9857 -0.0916
vn -0.1413 -0.9857 -0.0916
vn -0.9899 0.1379 0.0329
vn 0.1393 0.9757 0.1689
vn 0.1070 0.6284 -0.7705
vn 0.9881 -0.1470 0.0450
vn 0.1074 0.7171 -0.6887
vn -0.0655 -0.8117 -0.5804
vn 0.0187 0.0345 0.9992
vn -0.9733 0.0634 -0.2205
vn -0.8597 0.2199 0.4610
vn -0.7073 0.1809 -0.6834
vn 0.9067 -0.3970 0.1426
vn -0.4379 0.7720 0.4608
vn -0.0045 -0.1460 -0.9893
vn -0.6469 -0.1761 0.7420
vn 0.0376 0.9096 0.4137
vn 0.1531 0.8989 0.4106
vn -0.1272 -0.1480 0.9808
vn -0.3876 -0.2419 0.8895
vn 0.9984 0.0479 -0.0286
vn -0.9846 -0.1725 0.0294
vn 0.3116 -0.1220 -0.9423
vn -0.1162 -0.9405 0.3193
vn -0.0325 -0.1327 -0.9906
vn 0.4806 -0.1882 0.8565
vn -0.1818 -0.3591 0.9154
vn 0.2459 0.3334 -0.9101
vn 0.7855 0.0085 0.6188
vn -0.0100 -0.9997 -0.0225
vn -0.2699 0.4580 -0.8470
vn -0.0837 0.9170 -0.3901
vn 0.8574 -0.5140 -0.0269
vn 0.9944 0.0665 -0.0821
vn -0.7194 0.6919 0.0613
vn -0.5611 -0.8078 -0.1806
vn -0.1969 -0.6109 0.7669
vn 0.8288 0.5108 0.2282
vn 0.8507 -0.3194 0.4174
vn -0.0044 -0.9905 0.1375
vn -0.0338 -0.3088 -0.9505
vn -0.0371 -0.3148 -0.9484
vn 0.9881 -0.1540 0.0012
vn 0.9878 -0.1559 0.0063
vn 0.0262 0.1590 0.9869
vn 0.0258 0.1601 0.9868
vn -0.9996 -0.0001 0.0296
vn -0.9995 0.0010 0.0306
vn -0.0374 -0.3142 -0.9486
vn 0.9878 -0.1554 0.0069
vn 0.0248 0.1601 0.9868
vn -0.9995 0.0019 0.0327
vn -0.0376 -0.3134 -0.9489
vn 0.9879 -0.1548 0.0075
vn 0.0241 0.1587 0.9870
vn -0.9994 0.0014 0.0338
vn -0.0463 -0.3837 -0.9223
vn -0.0469 -0.3844 -0.9220
vn 0.9813 -0.1912 0.0214
vn 0.9813 -0.1913 0.0224
vn 0.0310 0.2457 0.9688
vn 0.0308 0.2463 0.9687
vn -0.9984 0.0520 0.0224
vn -0.9984 0.0525 0.0229
vn -0.0476 -0.3853 -0.9216
vn 0.9812 -0.1915 0.0235
vn 0.0305 0.2469 0.9686
vn -0.9983 0.0531 0.0235
vn -0.0476 -0.3852 -0.9216
vn -0.2562 0.6149 -0.7458
vn -0.2559 0.6144 -0.7463
vn 0.9150 0.4030 0.0173
vn 0.9170 0.3987 0.0127
vn 0.2471 -0.5939 0.7657
vn 0.2473 -0.5942 0.7654
vn -0.9244 -0.3814 0.0029
vn -0.9265 -0.3763 0.0065
vn -0.2565 0.6154 -0.7453
vn 0.9139 0.4054 0.0204
vn 0.2470 -0.5935 0.7660
vn -0.9231 -0.3845 0.0005
vn -0.2707 0.6474 -0.7124
vn 0.9127 0.4080 0.0232
vn 0.2618 -0.6273 0.7335
vn -0.9219 -0.3874 -0.0021
vn -0.9201 0.2242 -0.3213
vn -0.9197 0.2257 -0.3212
vn 0.1364 0.9544 0.2654
vn 0.1364 0.9548 0.2639
vn 0.8835 -0.2368 0.4042
vn 0.8836 -0.2357 0.4046
vn -0.1729 -0.9677 -0.1837
vn -0.1729 -0.9675 -0.1844
vn -0.9204 0.2226 -0.3214
vn 0.1363 0.9540 0.2670
vn 0.8833 -0.2381 0.4039
vn -0.1729 -0.9678 -0.1829
vn -0.9306 0.2144 -0.2968
vn -0.9304 0.2150 -0.2969
vn 0.1010 0.9324 0.3471
vn 0.1011 0.9327 0.3462
vn 0.8957 -0.2351 0.3773
vn 0.8957 -0.2347 0.3776
vn -0.1360 -0.9539 -0.2676
vn -0.1362 -0.9540 -0.2673
vn -0.9307 0.2137 -0.2968
vn 0.1008 0.9320 0.3481
vn 0.8958 -0.2355 0.3770
vn -0.1358 -0.9538 -0.2679
vn -0.3710 -0.9096 -0.1869
vn -0.3709 -0.9096 -0.1871
vn -0.9246 0.3804 -0.0188
vn -0.9247 0.3802 -0.0188
vn 0.3650 0.9004 0.2367
vn 0.3651 0.9004 0.2368
vn 0.9184 -0.3897 0.0686
vn 0.9183 -0.3899 0.0685
vn -0.3712 -0.9096 -0.1868
vn -0.9246 0.3806 -0.0188
vn 0.3649 0.9005 0.2367
vn 0.9184 -0.3895 0.0687
vn -0.3712 -0.9095 -0.1869
vn -0.9245 0.3806 -0.0187
vn 0.3648 0.9005 0.2368
vn 0.9185 -0.3895 0.0687
vn -0.3746 -0.9132 -0.1604
vn -0.3745 -0.9132 -0.1605
vn -0.9227 0.3840 -0.0356
vn -0.9227 0.3839 -0.0355
vn 0.3682 0.9056 0.2107
vn 0.3682 0.9055 0.2108
vn 0.9161 -0.3917 0.0858
vn 0.9161 -0.3918 0.0857
vn -0.3747 -0.9132 -0.1603
vn -0.9226 0.3841 -0.0356
vn 0.3681 0.9056 0.2106
vn 0.9161 -0.3917 0.0859
vn -0.9226 0.3840 -0.0356
vn -0.3747 -0.9132 -0.1602
vn 0.3682 0.9056 0.2106
vn 0.0710 0.4167 -0.9063
vn 0.9877 -0.1560 0.0054
vn -0.0124 -0.3538 0.9352
vn -0.9841 0.1778 0.0061
vn -0.9840 0.1778 0.0061
vn -0.9844 0.1759 0.0068
vn 0.9877 -0.1560 0.0055
vn -0.0669 -0.3929 0.9172
vn -0.0669 -0.3928 0.9172
vn -0.9837 0.1798 0.0054
vn -0.0669 -0.3929 0.9171
vn 0.3713 0.0848 -0.9247
vn 0.3713 0.0847 -0.9246
vn 0.2773 -0.9605 0.0231
vn 0.2771 -0.9605 0.0232
vn -0.3474 -0.0781 0.9344
vn -0.3474 -0.0782 0.9344
vn -0.2535 0.9672 -0.0134
vn -0.2536 0.9672 -0.0134
vn 0.3661 0.0834 -0.9268
vn 0.2774 -0.9605 0.0231
vn -0.3424 -0.0763 0.9364
vn -0.2534 0.9673 -0.0134
vn 0.3609 0.0820 -0.9290
vn 0.3059 -0.9514 0.0346
vn -0.3373 -0.0746 0.9384
vn -0.2825 0.9589 -0.0252
vn 0.0730 0.4692 -0.8801
vn 0.9966 -0.0679 0.0463
vn 0.9966 -0.0682 0.0465
vn -0.0702 -0.4314 0.8994
vn -0.0700 -0.4318 0.8993
vn -0.9940 0.1057 -0.0265
vn -0.9940 0.1058 -0.0264
vn 0.0730 0.4691 -0.8801
vn 0.9966 -0.0676 0.0461
vn -0.0704 -0.4310 0.8996
vn -0.9940 0.1057 -0.0266
vn -0.0704 -0.4311 0.8996
vn 0.0729 0.4693 -0.8800
vn 0.9966 -0.0676 0.0460
vn -0.0704 -0.4311 0.8995
vn -0.9940 0.1059 -0.0268
vn 0.0728 0.4695 -0.8799
vn 0.9967 -0.0676 0.0459
vn -0.0705 -0.4311 0.8995
vn -0.9940 0.1060 -0.0269
vn 0.0704 0.4300 -0.9001
vn 0.0705 0.4300 -0.9001
vn 0.9974 -0.0437 0.0568
vn 0.9974 -0.0438 0.0569
vn -0.0686 -0.3913 0.9177
vn -0.0685 -0.3915 0.9176
vn -0.9958 0.0823 -0.0390
vn -0.9959 0.0823 -0.0389
vn 0.0704 0.4299 -0.9001
vn 0.9974 -0.0436 0.0567
vn -0.0688 -0.3912 0.9177
vn -0.9958 0.0823 -0.0391
vn 0.9974 -0.0435 0.0567
vn -0.9958 0.0822 -0.0391
vn 0.9974 -0.0436 0.0566
vn 0.1369 -0.0542 -0.9891
vn 0.1311 -0.0517 -0.9900
vn -0.3787 -0.9255 -0.0018
vn -0.1144 0.0448 0.9924
vn -0.1090 0.0426 0.9931
vn 0.4012 0.9160 0.0051
vn 0.4011 0.9160 0.0051
vn -0.1145 0.0447 0.9924
vn -0.1144 0.0447 0.9924
vn 0.1404 -0.0559 -0.9885
vn -0.3837 -0.9234 -0.0025
vn -0.1178 0.0461 0.9920
vn 0.4064 0.9137 0.0060
vn 0.1441 -0.0575 -0.9879
vn -0.3889 -0.9213 -0.0033
vn -0.1212 0.0475 0.9915
vn 0.4118 0.9113 0.0068
vn 0.4118 0.9113 0.0069
vn -0.3889 -0.9213 -0.0032
vn 0.4117 0.9113 0.0069
vn -0.1213 0.0475 0.9915
vn 0.4118 0.9112 0.0068
vn -0.4632 0.1184 -0.8783
vn -0.4631 0.1184 -0.8783
vn 0.2626 0.9648 0.0175
vn 0.4356 -0.1935 0.8791
vn -0.3070 -0.9517 -0.0030
vn -0.4632 0.1185 -0.8783
vn 0.2311 0.9729 0.0089
vn 0.4300 -0.1100 0.8961
vn -0.2643 -0.9644 0.0089
vn -0.4631 0.1185 -0.8783
vn 0.2312 0.9729 0.0089
vn 0.4301 -0.1100 0.8961
vn -0.1391 -0.9751 0.1730
vn -0.1391 -0.9750 0.1731
vn 0.9900 -0.1384 0.0266
vn 0.9900 -0.1403 0.0164
vn 0.9900 -0.1402 0.0164
vn 0.1418 0.9856 -0.0922
vn 0.1420 0.9860 -0.0880
vn -0.9874 0.1486 0.0539
vn -0.9876 0.1481 0.0513
vn -0.1400 -0.9790 0.1484
vn 0.9899 -0.1405 0.0199
vn 0.1421 0.9863 -0.0836
vn -0.9874 0.1472 0.0588
vn -0.1433 -0.9896 -0.0132
vn -0.1433 -0.9896 -0.0129
vn 0.9896 -0.1433 0.0115
vn 0.9896 -0.1434 0.0116
vn 0.1433 0.9894 0.0217
vn 0.1432 0.9894 0.0220
vn -0.9897 0.1433 -0.0023
vn -0.1433 -0.9896 -0.0127
vn 0.9895 -0.1437 0.0169
vn 0.1432 0.9894 0.0223
vn -0.9896 0.1434 -0.0076
vn -0.1428 -0.9887 -0.0447
vn 0.9893 -0.1439 0.0222
vn 0.1426 0.9883 0.0538
vn -0.9896 0.1435 -0.0130
vn -0.1428 -0.9887 -0.0446
vn 0.9893 -0.1439 0.0223
vn 0.1426 0.9883 0.0539
vn -0.1408 -0.9816 0.1291
vn 0.9896 -0.1413 0.0263
vn 0.1431 0.9886 -0.0462
vn -0.9883 0.1448 0.0476
vn -0.1425 -0.9866 0.0797
vn 0.9894 -0.1420 0.0289
vn 0.1436 0.9896 -0.0033
vn -0.9883 0.1448 0.0474
vn -0.2243 0.5425 -0.8095
vn -0.2239 0.5415 -0.8103
vn 0.9072 0.4207 0.0069
vn 0.2578 -0.5364 0.8036
vn -0.9295 -0.3686 0.0102
vn -0.9288 -0.3704 0.0088
vn -0.2247 0.5436 -0.8087
vn 0.9195 0.3930 0.0083
vn 0.2139 -0.5172 0.8287
vn -0.9303 -0.3667 0.0116
vn -0.2227 0.5387 -0.8125
vn 0.9215 0.3883 0.0046
vn 0.2139 -0.5170 0.8288
vn -0.9303 -0.3666 0.0117
vn -0.1656 0.3959 -0.9032
vn 0.9209 0.3899 0.0021
vn 0.9225 0.3861 0.0006
vn 0.1562 -0.3727 0.9147
vn -0.9308 -0.3653 0.0106
vn -0.9317 -0.3630 0.0124
vn -0.1608 0.3839 -0.9093
vn 0.9205 0.3907 0.0030
vn 0.1501 -0.3576 0.9217
vn -0.9306 -0.3658 0.0109
vn -0.4018 -0.8579 -0.3202
vn -0.9364 0.3274 0.1263
vn 0.3970 0.8398 0.3702
vn 0.9240 -0.3816 0.0241
vn -0.3628 -0.8961 -0.2556
vn -0.9292 0.3687 0.0244
vn 0.3573 0.8831 0.3039
vn 0.9241 -0.3815 0.0240
vn -0.3657 -0.9018 -0.2302
vn -0.3656 -0.9018 -0.2303
vn -0.9277 0.3733 0.0083
vn -0.9277 0.3733 0.0084
vn 0.3602 0.8902 0.2791
vn 0.3602 0.8901 0.2791
vn 0.9220 -0.3851 0.0405
vn 0.9220 -0.3852 0.0404
vn -0.3658 -0.9018 -0.2301
vn -0.9276 0.3735 0.0085
vn 0.3600 0.8902 0.2792
vn 0.9220 -0.3849 0.0406
vn -0.3658 -0.9018 -0.2302
vn -0.9275 0.3736 0.0087
vn 0.3598 0.8902 0.2794
vn 0.9221 -0.3849 0.0405
vn -0.0088 -0.4673 -0.8840
vn 0.9997 -0.0260 0.0039
vn 0.9996 -0.0276 0.0047
vn 0.0088 0.4684 0.8835
vn -0.9997 0.0226 -0.0019
vn -0.9995 0.0298 -0.0057
vn -0.0057 -0.3705 -0.9288
vn 0.9997 -0.0259 0.0044
vn 0.0058 0.3724 0.9281
vn -0.9996 0.0282 -0.0052
vn -0.0393 0.1296 -0.9908
vn -0.0393 0.1295 -0.9908
vn 0.9933 0.1132 -0.0246
vn 0.0395 -0.1310 0.9906
vn 0.0395 -0.1311 0.9906
vn -0.9931 -0.1147 0.0244
vn -0.0385 0.1230 -0.9917
vn 0.9936 0.1106 -0.0249
vn 0.0387 -0.1246 0.9915
vn -0.9934 -0.1122 0.0247
vn -0.0378 0.1165 -0.9925
vn 0.9938 0.1080 -0.0252
vn 0.0380 -0.1181 0.9923
vn -0.9937 -0.1097 0.0250
vn -0.0378 0.1164 -0.9925
vn 0.9938 0.1080 -0.0253
vn 0.0380 -0.1182 0.9923
vn -0.9936 -0.1097 0.0250
vn -0.0378 0.1163 -0.9925
vn 0.0380 -0.1183 0.9922
vn -0.9936 -0.1098 0.0251
vn -0.9053 0.2182 -0.3644
vn 0.2540 0.9557 0.1490
vn 0.8504 -0.2276 0.4744
vn -0.2766 -0.9600 0.0435
vn -0.9011 0.2341 -0.3650
vn -0.9008 0.2353 -0.3649
vn 0.1993 0.9719 0.1251
vn 0.1994 0.9720 0.1242
vn 0.8626 -0.2333 0.4489
vn 0.8630 -0.2318 0.4488
vn -0.2379 -0.9705 -0.0399
vn -0.2377 -0.9704 -0.0418
vn -0.9014 0.2328 -0.3652
vn 0.1991 0.9718 0.1260
vn 0.8621 -0.2349 0.4490
vn -0.2381 -0.9705 -0.0380
vn 0.3645 0.0826 -0.9275
vn 0.3647 0.0824 -0.9275
vn 0.3086 -0.9505 0.0364
vn 0.3084 -0.9506 0.0363
vn -0.3409 -0.0751 0.9371
vn -0.3409 -0.0753 0.9371
vn -0.2853 0.9581 -0.0269
vn 0.3686 0.0839 -0.9258
vn 0.3050 -0.9517 0.0350
vn -0.3452 -0.0764 0.9354
vn -0.2816 0.9592 -0.0254
vn 0.3729 0.0852 -0.9239
vn 0.3014 -0.9529 0.0336
vn -0.3494 -0.0779 0.9337
vn -0.2777 0.9604 -0.0237
vn 0.3730 0.0851 -0.9239
vn 0.3016 -0.9528 0.0338
vn -0.3494 -0.0781 0.9337
vn 0.4895 0.0230 -0.8717
vn 0.2728 -0.9620 -0.0065
vn -0.2202 -0.0329 0.9749
vn -0.2387 0.9711 -0.0084
vn -0.2387 0.9711 -0.0085
vn -0.2385 0.9710 -0.0176
vn 0.3649 0.0821 -0.9274
vn 0.3650 0.0819 -0.9274
vn 0.2627 -0.9647 0.0178
vn 0.2626 -0.9647 0.0178
vn -0.3408 -0.0756 0.9371
vn -0.3408 -0.0758 0.9371
vn -0.2385 0.9711 -0.0081
vn 0.2629 -0.9647 0.0179
vn -0.2383 0.9712 -0.0080
vn 0.3873 0.0885 -0.9177
vn 0.3872 0.0887 -0.9177
vn 0.2463 -0.9691 0.0104
vn 0.2462 -0.9692 0.0104
vn -0.3635 -0.0825 0.9279
vn -0.2227 0.9749 -0.0003
vn -0.2229 0.9748 -0.0005
vn 0.3871 0.0883 -0.9178
vn 0.2411 -0.9705 0.0082
vn -0.3632 -0.0826 0.9280
vn -0.2172 0.9761 0.0021
vn 0.3869 0.0883 -0.9179
vn 0.2358 -0.9718 0.0059
vn -0.3630 -0.0825 0.9281
vn -0.2117 0.9773 0.0043
vn 0.3869 0.0884 -0.9179
vn -0.2115 0.9774 0.0044
vn 0.0853 0.5699 -0.8173
vn 0.9914 -0.1304 0.0120
vn 0.9914 -0.1304 0.0121
vn -0.0800 -0.5345 0.8414
vn -0.9861 0.1658 0.0120
vn -0.9861 0.1658 0.0121
vn 0.0852 0.5701 -0.8172
vn 0.9914 -0.1303 0.0120
vn -0.0801 -0.5345 0.8413
vn -0.9861 0.1659 0.0120
vn 0.0852 0.5703 -0.8170
vn 0.9914 -0.1303 0.0119
vn -0.0801 -0.5346 0.8413
vn -0.9860 0.1661 0.0119
vn 0.0799 0.5331 -0.8423
vn 0.9939 -0.1074 0.0259
vn 0.9939 -0.1076 0.0260
vn -0.0754 -0.4966 0.8647
vn -0.0754 -0.4968 0.8646
vn -0.9896 0.1438 -0.0032
vn -0.9896 0.1438 -0.0031
vn 0.0798 0.5330 -0.8423
vn 0.9939 -0.1072 0.0258
vn -0.0755 -0.4964 0.8648
vn -0.9896 0.1438 -0.0033
vn 0.0796 0.5334 -0.8421
vn 0.9939 -0.1072 0.0257
vn -0.0756 -0.4964 0.8648
vn -0.9896 0.1441 -0.0035
vn 0.0794 0.5338 -0.8419
vn 0.9939 -0.1072 0.0256
vn -0.9895 0.1445 -0.0036
vn 0.1191 -0.0466 -0.9918
vn -0.3539 -0.9353 0.0014
vn -0.3539 -0.9353 0.0013
vn -0.0978 0.0383 0.9945
vn 0.3752 0.9270 0.0013
vn 0.3752 0.9270 0.0014
vn 0.1223 -0.0480 -0.9913
vn -0.3583 -0.9336 0.0008
vn -0.1008 0.0394 0.9941
vn 0.3798 0.9251 0.0020
vn 0.1255 -0.0493 -0.9909
vn -0.3628 -0.9318 0.0003
vn -0.1038 0.0406 0.9938
vn 0.3845 0.9231 0.0026
vn -0.3629 -0.9318 0.0003
vn -0.1038 0.0405 0.9938
vn 0.3846 0.9231 0.0026
vn -0.3628 -0.9319 0.0003
vn -0.0024 -0.2564 -0.9666
vn -0.0024 -0.2517 -0.9678
vn 0.9998 -0.0195 0.0026
vn 0.0025 0.2607 0.9654
vn 0.0024 0.2544 0.9671
vn -0.9998 0.0218 -0.0032
vn -0.0023 -0.2470 -0.9690
vn 0.0023 0.2481 0.9687
vn -0.9998 0.0187 -0.0025
vn -0.0099 -0.5166 -0.8561
vn 0.9991 -0.0419 -0.0073
vn 0.0334 0.5396 0.8412
vn -0.9999 0.0171 0.0012
vn -0.2207 0.5340 -0.8162
vn 0.9236 0.3834 0.0008
vn 0.2138 -0.5167 0.8290
vn -0.9304 -0.3664 0.0117
vn -0.2208 0.5342 -0.8160
vn 0.9236 0.3834 0.0004
vn 0.2138 -0.5167 0.8291
vn -0.9312 -0.3642 0.0128
vn -0.2018 0.4864 -0.8501
vn -0.2014 0.4855 -0.8507
vn 0.9236 0.3835 -0.0001
vn 0.1929 -0.4641 0.8645
vn 0.1931 -0.4647 0.8641
vn -0.9321 -0.3618 0.0139
vn -0.2022 0.4874 -0.8495
vn 0.1926 -0.4634 0.8650
vn -0.1931 0.4635 -0.8648
vn 0.9197 0.3925 0.0056
vn 0.1828 -0.4384 0.8800
vn -0.9297 -0.3683 0.0106
vn -0.2283 0.5494 -0.8038
vn -0.2279 0.5484 -0.8045
vn 0.9189 0.3945 0.0082
vn 0.2188 -0.5265 0.8216
vn 0.2192 -0.5274 0.8209
vn -0.9285 -0.3712 0.0099
vn -0.2287 0.5503 -0.8030
vn 0.2184 -0.5255 0.8223
vn -0.1435 -0.9895 -0.0177
vn -0.1435 -0.9895 -0.0175
vn 0.9875 -0.1458 0.0595
vn 0.9875 -0.1459 0.0596
vn 0.1413 0.9853 0.0963
vn 0.1413 0.9853 0.0962
vn -0.9897 0.1417 0.0190
vn -0.9898 0.1415 0.0190
vn -0.1435 -0.9895 -0.0173
vn 0.9876 -0.1463 0.0574
vn 0.1413 0.9853 0.0960
vn -0.9898 0.1409 0.0213
vn -0.1428 -0.9888 -0.0445
vn -0.1427 -0.9888 -0.0442
vn 0.9876 -0.1467 0.0551
vn 0.1405 0.9824 0.1233
vn 0.1406 0.9824 0.1233
vn -0.9898 0.1401 0.0238
vn -0.1426 -0.9888 -0.0439
vn -0.1391 -0.9747 0.1750
vn -0.1395 -0.9766 0.1638
vn 0.9901 -0.1382 0.0259
vn 0.9901 -0.1398 0.0146
vn 0.1417 0.9852 -0.0968
vn 0.1413 0.9840 -0.1082
vn -0.9875 0.1487 0.0523
vn -0.9875 0.1487 0.0524
vn -0.9883 0.1472 0.0410
vn 0.1413 0.9840 -0.1084
vn 0.1413 0.9840 -0.1081
vn -0.9882 0.1473 0.0410
vn -0.1391 -0.9747 0.1749
vn 0.1417 0.9852 -0.0967
vn -0.1393 -0.9755 0.1705
vn -0.1394 -0.9761 0.1665
vn 0.9901 -0.1389 0.0212
vn 0.9901 -0.1394 0.0173
vn 0.1415 0.9847 -0.1014
vn 0.1414 0.9843 -0.1053
vn -0.9878 0.1480 0.0475
vn -0.9878 0.1481 0.0478
vn -0.9881 0.1476 0.0437
vn -0.1392 -0.9754 0.1711
vn -0.1392 -0.9754 0.1710
vn 0.9901 -0.1388 0.0220
vn 0.9901 -0.1388 0.0221
vn 0.9901 -0.1389 0.0218
vn 0.1415 0.9848 -0.1010
vn 0.1415 0.9848 -0.1008
vn -0.9878 0.1482 0.0481
vn -0.9878 0.1482 0.0485
vn -0.2264 -0.1275 -0.9657
vn -0.2710 -0.6598 -0.7008
vn -0.0451 0.3985 -0.9161
vn 0.1925 0.4009 -0.8957
vn 0.3920 -0.0377 -0.9192
vn -0.2766 -0.8882 -0.3669
vn -0.8807 -0.3878 -0.2722
vn -0.3327 0.8786 -0.3426
vn 0.6511 0.6655 -0.3648
vn 0.7645 -0.5496 -0.3369
vn -0.5711 -0.7890 -0.2266
vn -0.8982 0.3653 0.2445
vn -0.8996 0.3661 0.2379
vn -0.8983 0.3654 0.2440
vn -0.0311 0.9903 -0.1353
vn 0.9422 0.3276 -0.0709
vn 0.5781 -0.8059 -0.1278
vn -0.6275 -0.4093 0.6623
vn -0.6079 0.3462 0.7146
vn 0.4896 0.5031 0.7121
vn 0.8118 0.1293 0.5695
vn 0.1947 -0.7240 0.6617
vn 0.2452 -0.2649 0.9326
vn 0.3821 -0.4444 0.8102
vn 0.7260 -0.3119 0.6128
vn 0.3494 0.0490 0.9357
vn 0.7599 0.2044 0.6171
vn 0.7598 0.2091 0.6156
vn 0.7598 0.2090 0.6156
vn 0.7598 0.2093 0.6155
vn 0.0145 0.2728 0.9620
vn 0.0149 0.2484 0.9686
vn -0.4369 0.5150 0.7375
vn -0.2987 0.0429 0.9534
vn -0.5970 0.1491 0.7883
vn -0.7447 -0.0572 0.6650
vn -0.1947 -0.2680 0.9435
vn -0.3568 -0.4911 0.7947
vn -0.1947 -0.7240 0.6617
vn 0.3151 -0.8897 0.3304
vn 0.5852 -0.7901 0.1825
vn 0.8095 -0.4582 0.3672
vn 0.9368 0.1578 0.3124
vn 0.9338 0.2174 0.2842
vn 0.8693 0.3388 0.3599
vn 0.3666 0.8803 0.3010
vn -0.0154 0.9899 0.1411
vn -0.3257 0.9051 0.2731
vn -0.8245 0.4757 0.3065
vn -0.8997 0.3661 0.2378
vn -0.9002 -0.0153 0.4353
vn -0.7477 -0.5748 0.3326
vn -0.5757 -0.7956 0.1887
vn -0.3151 -0.8897 0.3304
vn 0.9676 -0.1956 0.1598
vn 0.9356 -0.3010 -0.1844
vn 0.9142 -0.0208 -0.4047
vn 0.6287 0.7659 0.1346
vn 0.5433 0.8079 -0.2286
vn 0.3912 0.8604 -0.3265
vn -0.5703 0.8188 0.0650
vn -0.5016 0.8160 -0.2871
vn -0.5310 0.7867 -0.3148
vn -0.8993 -0.3928 0.1921
vn -0.8843 -0.3725 -0.2817
vn -0.7084 -0.5801 -0.4020
vn -0.0000 -0.9921 0.1256
vn -0.0000 -0.9822 -0.1876
vn 0.3010 -0.9014 -0.3113
vn 0.6055 -0.5174 -0.6047
vn 0.5819 -0.0885 -0.8085
vn 0.6872 0.0342 -0.7257
vn 0.4406 0.5985 -0.6691
vn 0.4092 0.6081 -0.6803
vn 0.3316 0.6932 -0.6399
vn -0.1479 0.7027 -0.6959
vn -0.2302 0.5667 -0.7911
vn -0.4513 0.4946 -0.7428
vn 0.3032 -0.7100 -0.6355
vn 0.0206 -0.6179 -0.7860
vn 0.0236 -0.2618 -0.9648
vn -0.5832 -0.0674 -0.8095
vn -0.4793 -0.2212 -0.8493
vn -0.4829 -0.4655 -0.7417
vn -0.2489 -0.1540 -0.9562
vn -0.2718 -0.6618 -0.6987
vn -0.2627 -0.2047 -0.9429
vn 0.4284 -0.1610 -0.8891
vn 0.3892 -0.0416 -0.9202
vn -0.2769 -0.8881 -0.3668
vn -0.8888 -0.3475 -0.2988
vn -0.3594 0.8628 -0.3555
vn 0.6594 0.7191 -0.2192
vn 0.7940 -0.4704 -0.3850
vn -0.9152 0.3126 0.2543
vn -0.0282 0.9909 -0.1314
vn 0.9471 0.3192 -0.0349
vn 0.5773 -0.8064 -0.1279
vn -0.5948 0.5546 0.5819
vn 0.5902 0.5439 0.5965
vn 0.7044 -0.3291 0.6289
vn 0.7042 -0.3295 0.6289
vn 0.7059 -0.3254 0.6292
vn 0.2412 -0.2652 0.9335
vn 0.3806 -0.4473 0.8094
vn 0.7060 -0.3250 0.6292
vn 0.3531 0.0768 0.9324
vn 0.1351 0.0036 0.9908
vn 0.3250 0.7297 0.6016
vn 0.0163 0.3009 0.9535
vn 0.0173 0.2527 0.9674
vn -0.5724 0.5761 0.5835
vn -0.3052 0.0661 0.9500
vn -0.6111 0.1716 0.7727
vn -0.7501 -0.0258 0.6608
vn 0.5862 -0.7895 0.1818
vn 0.8034 -0.4760 0.3579
vn 0.9530 -0.0475 0.2992
vn 0.9489 0.2416 0.2031
vn 0.6341 0.6756 0.3761
vn 0.4556 0.8247 0.3350
vn -0.0184 0.9899 0.1402
vn -0.4273 0.8501 0.3078
vn -0.6411 0.5606 0.5240
vn -0.9091 0.3014 0.2875
vn -0.8971 0.0039 0.4418
vn 0.9536 -0.2395 0.1826
vn 0.9469 -0.2489 -0.2036
vn 0.9502 -0.1856 -0.2505
vn 0.5715 0.7852 0.2385
vn 0.6104 0.7705 -0.1835
vn 0.4132 0.8515 -0.3229
vn -0.5467 0.8245 0.1460
vn -0.5602 0.7794 -0.2803
vn -0.5444 0.7949 -0.2680
vn -0.9000 -0.3917 0.1913
vn -0.8833 -0.3740 -0.2826
vn -0.0000 -0.9823 -0.1874
vn 0.3003 -0.9018 -0.3107
vn 0.7218 -0.4195 -0.5505
vn 0.7332 -0.1354 -0.6664
vn 0.5077 -0.3891 -0.7687
vn 0.1225 0.6786 -0.7242
vn 0.7273 0.4732 -0.4971
vn 0.4084 0.8166 -0.4078
vn -0.3261 0.8295 -0.4535
vn -0.6527 0.4173 -0.6323
vn -0.4978 0.5032 -0.7064
vn 0.3029 -0.7250 -0.6186
vn -0.0081 -0.6269 -0.7790
vn -0.0116 -0.2825 -0.9592
vn -0.6310 -0.0079 -0.7757
vn -0.4831 -0.2384 -0.8425
vn -0.4848 -0.4667 -0.7397
vn 0.1924 0.4009 -0.8957
vn 0.3919 -0.0377 -0.9192
vn -0.8996 0.3661 0.2380
vn -0.0312 0.9903 -0.1353
vn 0.1947 -0.7241 0.6617
vn 0.2453 -0.2649 0.9326
vn -0.4369 0.5150 0.7376
vn -0.1947 -0.7241 0.6617
vn 0.9338 0.2174 0.2843
vn -0.0155 0.9899 0.1411
vn 0.5433 0.8078 -0.2286
vn 0.3912 0.8604 -0.3266
vn 0.5819 -0.0885 -0.8084
vn 0.3032 -0.7101 -0.6355
vn 0.0236 -0.2617 -0.9649
vn -0.4828 -0.4655 -0.7417
vn -0.2309 -0.9719 -0.0459
vn -0.1422 -0.8284 0.5418
vn -0.1786 -0.7780 -0.6023
vn 0.0629 -0.7463 -0.6626
vn 0.3660 -0.8829 -0.2942
vn -0.0735 -0.5393 0.8389
vn -0.7516 -0.3770 0.5412
vn -0.5556 -0.0956 -0.8260
vn 0.4655 -0.1340 -0.8748
vn 0.8579 -0.4522 0.2442
vn -0.3312 -0.4138 0.8480
vn -0.9521 0.3015 -0.0502
vn -0.9524 0.3006 -0.0505
vn -0.9521 0.3015 -0.0503
vn -0.2725 0.1405 -0.9518
vn 0.8311 0.0597 -0.5529
vn 0.7250 -0.3340 0.6024
vn -0.4960 0.4538 0.7403
vn -0.6578 0.7531 -0.0145
vn 0.3820 0.8103 -0.4443
vn 0.7941 0.5746 -0.1981
vn 0.3811 0.4001 0.8335
vn 0.3706 0.8294 0.4181
vn 0.5406 0.6564 0.5263
vn 0.8122 0.5178 0.2689
vn 0.4038 0.9134 0.0512
vn 0.7189 0.6481 -0.2512
vn 0.7157 0.6473 -0.2623
vn 0.7158 0.6473 -0.2620
vn 0.7156 0.6473 -0.2626
vn 0.0003 0.9977 -0.0680
vn 0.0047 0.9986 -0.0518
vn -0.5237 0.8230 -0.2200
vn -0.2397 0.9471 0.2131
vn -0.6100 0.7752 0.1640
vn -0.7130 0.5712 0.4066
vn -0.0222 0.8418 0.5394
vn -0.1763 0.5688 0.8034
vn 0.0135 0.3860 0.9224
vn 0.5035 0.0469 0.8627
vn 0.7470 -0.0505 0.6629
vn 0.9152 0.2255 0.3340
vn 0.8824 0.3634 -0.2987
vn 0.8587 0.3514 -0.3730
vn 0.7738 0.4490 -0.4468
vn 0.1681 0.5232 -0.8355
vn -0.2443 0.3943 -0.8859
vn -0.5240 0.4895 -0.6970
vn -0.9061 0.3929 -0.1567
vn -0.9527 0.2998 -0.0508
vn -0.8579 0.3711 0.3554
vn -0.5620 0.1125 0.8195
vn -0.3212 -0.0928 0.9424
vn -0.0923 -0.0081 0.9957
vn 0.9916 0.1252 -0.0315
vn 0.9745 -0.2241 -0.0049
vn 0.8841 -0.3473 -0.3127
vn 0.4357 0.3458 -0.8310
vn 0.3379 0.0220 -0.9409
vn 0.1701 -0.0648 -0.9833
vn -0.7521 0.2691 -0.6016
vn -0.7054 -0.0647 -0.7058
vn -0.7223 -0.0898 -0.6857
vn -0.7544 0.0383 0.6553
vn -0.7591 -0.3815 0.5275
vn -0.5430 -0.5367 0.6458
vn 0.1791 -0.1880 0.9657
vn 0.1645 -0.4224 0.8914
vn 0.4688 -0.5253 0.7101
vn 0.6919 -0.6954 0.1943
vn 0.5703 -0.7769 -0.2668
vn 0.6447 -0.6587 -0.3880
vn 0.2709 -0.4547 -0.8484
vn 0.2328 -0.4658 -0.8537
vn 0.1435 -0.4099 -0.9008
vn -0.3483 -0.4843 -0.8026
vn -0.3997 -0.6122 -0.6822
vn -0.5971 -0.5922 -0.5411
vn 0.4239 -0.7827 0.4558
vn 0.1336 -0.9029 0.4086
vn 0.0462 -0.9988 0.0169
vn -0.5819 -0.8123 0.0394
vn -0.4515 -0.8808 0.1429
vn -0.3802 -0.8276 0.4130
vn -0.4268 0.7468 0.5100
vn -0.7795 0.6090 0.1466
vn 0.1296 0.7331 0.6676
vn 0.2903 0.8270 0.4814
vn 0.0622 0.9922 0.1083
vn -0.9358 0.3433 -0.0806
vn -0.8702 -0.0623 0.4888
vn 0.4588 0.0285 0.8881
vn 0.8693 0.4929 0.0372
vn 0.0472 0.6963 -0.7162
vn -0.9909 0.0531 0.1234
vn -0.2573 -0.6787 0.6878
vn 0.7888 -0.0515 0.6125
vn 0.7737 0.5103 -0.3754
vn -0.2595 0.4632 -0.8474
vn -0.5977 -0.7997 -0.0574
vn 0.0084 -0.9525 0.3043
vn 0.7642 -0.4952 -0.4132
vn 0.6253 -0.1880 -0.7574
vn -0.3108 -0.4243 -0.8505
vn 0.0783 -0.6786 -0.7303
vn 0.0017 -0.4907 -0.8713
vn 0.2646 -0.2007 -0.9432
vn 0.3618 -0.6753 -0.6426
vn 0.6593 -0.2568 -0.7067
vn 0.6636 -0.2561 -0.7029
vn 0.6635 -0.2561 -0.7030
vn 0.6637 -0.2561 -0.7028
vn 0.3567 -0.8830 -0.3049
vn 0.3382 -0.8847 -0.3208
vn 0.2655 -0.9301 0.2538
vn 0.0027 -0.9805 -0.1966
vn -0.1249 -0.9794 0.1589
vn -0.4152 -0.8827 0.2200
vn -0.1783 -0.8815 -0.4372
vn -0.4527 -0.8074 -0.3783
vn -0.5572 -0.5839 -0.5904
vn -0.4251 -0.0782 -0.9018
vn -0.1776 0.1649 -0.9702
vn 0.1716 0.0583 -0.9834
vn 0.6883 0.0927 -0.7195
vn 0.7310 0.1073 -0.6739
vn 0.7987 -0.0017 -0.6017
vn 0.9671 -0.2493 0.0502
vn 0.8318 -0.2918 0.4721
vn 0.5934 -0.5366 0.5999
vn -0.0908 -0.6959 0.7124
vn -0.2743 -0.6202 0.7349
vn -0.5170 -0.7364 0.4363
vn -0.8616 -0.4948 0.1130
vn -0.9482 -0.3008 -0.1019
vn -0.8356 -0.3280 -0.4408
vn 0.4446 0.2752 -0.8524
vn 0.2979 0.5956 -0.7460
vn 0.5159 0.7676 -0.3803
vn 0.9918 0.0291 -0.1242
vn 0.9419 0.3118 0.1249
vn 0.8920 0.3287 0.3103
vn 0.3224 -0.4262 0.8452
vn 0.3067 -0.0872 0.9478
vn 0.2473 -0.0654 0.9667
vn -0.8508 -0.4109 0.3275
vn -0.8857 -0.0726 0.4585
vn -0.9246 0.0486 0.3778
vn -0.7465 -0.0030 -0.6653
vn -0.8100 0.2777 -0.5164
vn -0.4941 0.5364 -0.6842
vn -0.1041 0.8948 -0.4341
vn 0.1634 0.9810 -0.1046
vn 0.3761 0.9115 -0.1664
vn 0.5924 0.6752 0.4395
vn 0.6388 0.6960 0.3281
vn 0.6703 0.6173 0.4120
vn 0.3709 0.4534 0.8105
vn 0.1646 0.5268 0.8339
vn -0.0113 0.4011 0.9160
vn -0.4181 0.8485 -0.3244
vn -0.5972 0.8018 0.0211
vn -0.3656 0.8872 0.2813
vn -0.5787 0.4650 0.6700
vn -0.6159 0.5423 0.5715
vn -0.7403 0.5021 0.4471
vn -0.3627 0.8764 0.3167
vn -0.3343 0.9392 -0.0781
vn -0.3455 0.8358 0.4267
vn 0.0153 0.7877 0.6159
vn -0.0437 0.7355 0.6762
vn -0.2077 0.8408 -0.5000
vn -0.7688 0.5212 -0.3706
vn -0.3431 -0.5240 0.7795
vn 0.2819 -0.2308 0.9313
vn 0.7591 0.6399 0.1194
vn -0.4418 0.6670 -0.6000
vn -0.7597 -0.6043 -0.2401
vn -0.4057 -0.4780 0.7791
vn 0.7913 -0.1194 0.5996
vn 0.6948 0.6304 -0.3463
vn -0.3555 -0.2994 -0.8854
vn -0.5159 -0.8564 -0.0205
vn 0.1331 -0.9503 0.2816
vn 0.8855 -0.2728 -0.3762
vn 0.8856 -0.2731 -0.3757
vn 0.8845 -0.2689 -0.3812
vn 0.4997 -0.0657 -0.8637
vn 0.4799 -0.5942 -0.6454
vn 0.6483 -0.3481 -0.6771
vn 0.8844 -0.2685 -0.3817
vn 0.4803 -0.8460 -0.2315
vn 0.2062 -0.8517 -0.4818
vn 0.0870 -0.9547 0.2844
vn 0.0913 -0.9851 -0.1459
vn 0.0082 -0.9970 0.0764
vn -0.3437 -0.9191 0.1929
vn -0.1334 -0.8774 -0.4608
vn -0.4441 -0.8052 -0.3930
vn -0.5763 -0.5662 -0.5894
vn 0.0958 -0.6152 -0.7825
vn -0.0489 -0.3437 -0.9378
vn 0.1308 -0.0823 -0.9880
vn 0.5753 0.3023 -0.7600
vn 0.7748 0.3694 -0.5131
vn 0.9502 0.0463 -0.3081
vn 0.9793 -0.1758 0.1004
vn 0.8836 -0.2829 0.3732
vn 0.3655 -0.7876 0.4960
vn 0.0622 -0.9279 0.3675
vn -0.2448 -0.8726 0.4227
vn -0.3404 -0.8966 0.2832
vn -0.6754 -0.7366 0.0340
vn -0.8592 -0.4954 -0.1281
vn -0.7538 -0.4147 -0.5097
vn -0.5044 0.0721 -0.8604
vn -0.3396 0.3235 -0.8832
vn -0.0241 0.2789 -0.9600
vn 0.9988 0.0448 0.0188
vn 0.9029 0.3599 0.2350
vn 0.8738 0.3584 0.3287
vn 0.2879 -0.7580 0.5853
vn 0.2201 -0.3046 0.9267
vn -0.0623 -0.2189 0.9738
vn -0.6515 -0.6343 0.4163
vn -0.6808 -0.4956 0.5393
vn -0.7973 -0.3344 0.5025
vn -0.7239 0.0636 -0.6870
vn -0.7883 0.5153 -0.3363
vn -0.6753 0.6565 -0.3361
vn 0.2456 0.5181 -0.8193
vn 0.1619 0.7716 -0.6151
vn 0.3816 0.8336 -0.3994
vn 0.6057 0.7544 0.2532
vn 0.4780 0.6475 0.5936
vn 0.2949 0.9032 0.3119
vn -0.3933 0.2096 0.8952
vn 0.1020 0.2167 0.9709
vn -0.1107 0.0560 0.9923
vn -0.1118 0.0559 0.9922
vn -0.1092 0.0561 0.9924
vn -0.1121 0.0559 0.9921
vn -0.6170 0.4102 0.6716
vn -0.7825 0.3652 0.5043
vn 0.2614 0.9611 -0.0893
vn -0.2258 0.9741 0.0120
vn -0.3220 0.8940 0.3115
vn -0.7643 0.6085 0.2134
vn -0.5625 0.8234 0.0747
vn -0.5500 0.8350 0.0174
vn -0.4197 0.8361 0.3532
vn -0.2675 0.9456 -0.1849
vn -0.4183 0.8564 0.3029
vn 0.2385 0.8167 0.5255
vn 0.1673 0.7659 0.6209
vn -0.1452 0.8240 -0.5477
vn -0.8313 0.4111 -0.3742
vn -0.6169 -0.2677 0.7402
vn 0.4114 -0.2427 0.8785
vn 0.7701 0.6266 0.1195
vn -0.4140 0.6400 -0.6472
vn -0.8790 -0.4318 -0.2022
vn -0.2811 -0.5086 0.8138
vn 0.8164 -0.1288 0.5629
vn 0.6998 0.6224 -0.3506
vn -0.3499 -0.2953 -0.8890
vn -0.5554 -0.8248 -0.1055
vn 0.5723 -0.7790 0.2562
vn 0.8853 -0.2615 -0.3844
vn 0.8852 -0.2613 -0.3848
vn 0.8860 -0.2639 -0.3813
vn 0.5021 -0.5602 -0.6588
vn 0.6469 -0.3444 -0.6804
vn 0.8860 -0.2642 -0.3810
vn 0.5304 -0.7654 -0.3645
vn 0.3539 -0.7755 -0.5228
vn 0.2803 -0.9089 0.3088
vn 0.1656 -0.9345 -0.3150
vn 0.1806 -0.9157 -0.3591
vn -0.5387 -0.8384 -0.0830
vn -0.0865 -0.8008 -0.5927
vn -0.4406 -0.7395 -0.5090
vn -0.5531 -0.5358 -0.6380
vn 0.0923 -0.5850 -0.8058
vn -0.0448 -0.3374 -0.9403
vn 0.1309 -0.0823 -0.9880
vn 0.5753 0.3021 -0.7601
vn 0.7753 0.3688 -0.5128
vn 0.9502 0.0464 -0.3080
vn 0.9815 -0.1652 0.0965
vn 0.8902 -0.2680 0.3684
vn 0.5335 -0.6851 0.4960
vn 0.3215 -0.7523 0.5751
vn -0.2093 -0.7212 0.6603
vn -0.5264 -0.7843 0.3282
vn -0.6139 -0.7851 -0.0824
vn -0.8631 -0.4507 -0.2277
vn -0.7491 -0.3882 -0.5368
vn -0.5017 0.0608 -0.8629
vn -0.3218 0.3174 -0.8920
vn -0.0214 0.2751 -0.9612
vn 0.9988 0.0449 0.0188
vn 0.9062 0.3540 0.2311
vn 0.8843 0.3520 0.3069
vn 0.4181 -0.6470 0.6376
vn 0.3616 -0.3045 0.8812
vn 0.1246 -0.2532 0.9594
vn -0.6708 -0.6464 0.3637
vn -0.7710 -0.2840 0.5700
vn -0.7566 -0.3025 0.5797
vn -0.7196 0.0525 -0.6924
vn -0.8164 0.4149 -0.4017
vn -0.6315 0.6434 -0.4328
vn 0.2533 0.5127 -0.8204
vn 0.1794 0.7528 -0.6333
vn 0.4172 0.8130 -0.4060
vn 0.6523 0.7223 0.2297
vn 0.5723 0.6388 0.5142
vn 0.3927 0.8660 0.3096
vn -0.2034 0.1564 0.9665
vn 0.4678 0.1303 0.8742
vn 0.1085 -0.1652 0.9803
vn -0.6002 -0.1687 0.7818
vn -0.8572 0.2120 0.4694
vn -0.7469 0.2240 0.6261
vn 0.3092 0.9462 -0.0952
vn -0.0441 0.9986 -0.0284
vn -0.1667 0.9279 0.3336
vn -0.7732 0.5878 0.2379
vn -0.5963 0.7887 0.1496
vn -0.5227 0.8485 -0.0821
vn -0.5543 0.6067 0.5697
vn -0.7471 -0.6641 0.0283
vn -0.7467 -0.6645 0.0286
vn -0.0246 0.0676 0.9974
vn -0.0235 0.0660 0.9975
vn 0.7486 0.6624 -0.0281
vn 0.7490 0.6620 -0.0282
vn 0.5425 0.5705 -0.6167
vn 0.0264 -0.0698 -0.9972
vn 0.0277 -0.0710 -0.9971
vn 0.0969 0.9708 0.2195
vn -0.7475 -0.6637 0.0280
vn -0.0257 0.0692 0.9973
vn 0.7483 0.6628 -0.0280
vn 0.0252 -0.0686 -0.9973
vn -0.6960 -0.7175 0.0275
vn -0.6958 -0.7177 0.0278
vn 0.0727 -0.0333 0.9968
vn 0.0730 -0.0341 0.9967
vn 0.6976 0.7159 -0.0276
vn 0.6978 0.7158 -0.0279
vn -0.0704 0.0311 -0.9970
vn -0.0697 0.0308 -0.9971
vn -0.6962 -0.7173 0.0272
vn 0.0723 -0.0325 0.9969
vn -0.7858 -0.4157 -0.4580
vn 0.6975 0.7160 -0.0273
vn -0.6570 -0.7321 0.1798
vn -0.0711 0.0314 -0.9970
vn -0.7759 -0.6304 -0.0245
vn -0.2197 0.3123 0.9242
vn 0.7667 0.6420 0.0011
vn 0.7654 0.6436 0.0005
vn 0.2169 -0.2574 -0.9417
vn -0.8389 -0.5430 0.0356
vn -0.8385 -0.5436 0.0383
vn -0.2470 -0.9681 -0.0427
vn 0.0155 0.0953 0.9953
vn -0.5671 0.8114 0.1418
vn 0.8533 0.5214 0.0094
vn 0.5351 -0.8363 -0.1196
vn -0.8396 -0.5422 0.0330
vn -0.5314 0.8300 0.1692
vn -0.5313 0.8300 0.1695
vn 0.8446 0.5335 0.0448
vn 0.8448 0.5332 0.0447
vn 0.5365 -0.8389 -0.0916
vn 0.5366 -0.8389 -0.0916
vn -0.8398 -0.5419 0.0329
vn -0.5315 0.8300 0.1689
vn -0.3292 0.5459 -0.7705
vn 0.8444 0.5338 0.0450
vn -0.3869 0.6132 -0.6887
vn 0.4803 -0.6576 -0.5804
vn -0.0084 0.0384 0.9992
vn -0.7786 -0.5875 -0.2205
vn -0.7947 -0.3948 0.4610
vn -0.6538 -0.3248 -0.6834
vn 0.9459 0.2913 0.1426
vn -0.8357 0.2988 0.4608
vn 0.0919 -0.1135 -0.9893
vn -0.3750 -0.5557 0.7420
vn -0.5654 0.7135 0.4138
vn -0.4709 0.7808 0.4106
vn 0.0003 -0.1952 0.9808
vn -0.1357 -0.4363 0.8895
vn 0.7250 0.6882 -0.0286
vn -0.6331 -0.7735 0.0294
vn 0.3157 0.1111 -0.9423
vn 0.5261 -0.7882 0.3193
vn 0.0620 -0.1217 -0.9906
vn 0.4869 0.1713 0.8565
vn 0.0967 -0.3907 0.9154
vn -0.0315 0.4131 -0.9101
vn 0.5894 0.5193 0.6188
vn 0.6452 -0.7637 -0.0225
vn -0.5035 0.1707 -0.8470
vn -0.6621 0.6399 -0.3901
vn 0.9850 0.1705 -0.0269
vn 0.7098 0.6996 -0.0821
vn -0.9966 0.0544 0.0613
vn 0.1025 -0.9782 -0.1806
vn 0.2497 -0.5913 0.7669
vn 0.2943 0.9281 0.2282
vn 0.8529 0.3136 0.4174
vn 0.6434 -0.7531 0.1375
vn 0.1760 -0.2559 -0.9505
vn 0.1774 -0.2627 -0.9484
vn 0.8489 0.5285 0.0012
vn 0.8499 0.5268 0.0063
vn -0.0840 0.1375 0.9869
vn -0.0850 0.1381 0.9868
vn -0.7570 -0.6527 0.0296
vn -0.7578 -0.6518 0.0306
vn -0.7577 -0.6518 0.0306
vn 0.1768 -0.2624 -0.9486
vn 0.8497 0.5273 0.0069
vn -0.0857 0.1374 0.9868
vn -0.7583 -0.6511 0.0327
vn 0.1761 -0.2620 -0.9489
vn 0.8493 0.5278 0.0075
vn -0.0854 0.1360 0.9870
vn -0.7580 -0.6514 0.0338
vn 0.2155 -0.3208 -0.9223
vn 0.2155 -0.3218 -0.9220
vn 0.8681 0.4959 0.0214
vn 0.8682 0.4958 0.0224
vn -0.1370 0.2064 0.9688
vn -0.1375 0.2066 0.9687
vn -0.7901 -0.6125 0.0224
vn -0.7905 -0.6121 0.0229
vn 0.2155 -0.3229 -0.9216
vn 0.8682 0.4956 0.0235
vn -0.1381 0.2069 0.9686
vn -0.7908 -0.6116 0.0235
vn 0.2154 -0.3228 -0.9216
vn 0.8682 0.4957 0.0235
vn -0.1381 0.2070 0.9686
vn -0.5955 0.2984 -0.7458
vn -0.5950 0.2983 -0.7463
vn 0.4299 0.9027 0.0173
vn 0.4343 0.9007 0.0127
vn 0.5749 -0.2884 0.7657
vn 0.5752 -0.2886 0.7654
vn -0.4511 -0.8925 0.0029
vn -0.4561 -0.8899 0.0065
vn -0.5961 0.2986 -0.7453
vn 0.4275 0.9038 0.0204
vn 0.5746 -0.2883 0.7660
vn -0.4482 -0.8939 0.0005
vn -0.6278 0.3136 -0.7124
vn 0.4249 0.9049 0.0232
vn 0.6078 -0.3042 0.7335
vn -0.4454 -0.8953 -0.0021
vn -0.8433 -0.4309 -0.3213
vn -0.8440 -0.4296 -0.3212
vn -0.5199 0.8120 0.2654
vn -0.5201 0.8123 0.2639
vn 0.8238 0.3974 0.4042
vn 0.8232 0.3984 0.4046
vn 0.5009 -0.8458 -0.1837
vn 0.5008 -0.8457 -0.1844
vn -0.8425 -0.4324 -0.3214
vn -0.5197 0.8116 0.2670
vn 0.8245 0.3963 0.4039
vn 0.5009 -0.8459 -0.1829
vn -0.8448 -0.4452 -0.2968
vn -0.8451 -0.4446 -0.2969
vn -0.5323 0.7721 0.3471
vn -0.5324 0.7725 0.3462
vn 0.8320 0.4068 0.3773
vn 0.8317 0.4071 0.3776
vn 0.5198 -0.8113 -0.2675
vn 0.5197 -0.8115 -0.2672
vn -0.8445 -0.4458 -0.2968
vn -0.5322 0.7718 0.3481
vn 0.8322 0.4065 0.3770
vn 0.5200 -0.8111 -0.2679
vn -0.8445 -0.4459 -0.2968
vn 0.5199 -0.8111 -0.2679
vn 0.3129 -0.9312 -0.1869
vn 0.3130 -0.9311 -0.1871
vn -0.9487 -0.3156 -0.0188
vn -0.9487 -0.3157 -0.0188
vn -0.3114 0.9203 0.2367
vn -0.3114 0.9203 0.2368
vn 0.9501 0.3044 0.0686
vn 0.9501 0.3043 0.0685
vn 0.3127 -0.9313 -0.1868
vn -0.9488 -0.3154 -0.0188
vn -0.3115 0.9203 0.2367
vn 0.9500 0.3046 0.0687
vn 0.3127 -0.9313 -0.1869
vn -0.9488 -0.3153 -0.0187
vn -0.3116 0.9202 0.2368
vn 0.9500 0.3047 0.0687
vn 0.3125 -0.9363 -0.1604
vn 0.3126 -0.9362 -0.1605
vn -0.9496 -0.3116 -0.0356
vn -0.9495 -0.3117 -0.0355
vn -0.3124 0.9263 0.2107
vn -0.3123 0.9263 0.2108
vn 0.9496 0.3014 0.0858
vn 0.9497 0.3013 0.0857
vn 0.3125 -0.9363 -0.1603
vn -0.9496 -0.3115 -0.0356
vn -0.3124 0.9263 0.2106
vn 0.9496 0.3015 0.0859
vn 0.3125 -0.9363 -0.1602
vn -0.2183 0.3620 -0.9063
vn 0.8500 0.5267 0.0054
vn 0.8500 0.5268 0.0054
vn 0.2217 -0.2761 0.9352
vn -0.8614 -0.5078 0.0061
vn -0.8615 -0.5078 0.0061
vn -0.8605 -0.5095 0.0068
vn -0.2183 0.3619 -0.9063
vn 0.8500 0.5268 0.0055
vn 0.2058 -0.3413 0.9172
vn 0.2058 -0.3412 0.9172
vn -0.8625 -0.5061 0.0054
vn 0.2058 -0.3413 0.9171
vn -0.8625 -0.5060 0.0054
vn 0.2259 0.3066 -0.9247
vn 0.2259 0.3066 -0.9246
vn 0.8372 -0.5465 0.0231
vn 0.8371 -0.5466 0.0232
vn -0.2122 -0.2860 0.9344
vn -0.2121 -0.2861 0.9344
vn -0.8236 0.5671 -0.0134
vn -0.8236 0.5670 -0.0134
vn 0.2228 0.3023 -0.9268
vn 0.8372 -0.5464 0.0231
vn -0.2095 -0.2814 0.9364
vn -0.8235 0.5671 -0.0134
vn 0.2199 0.2978 -0.9290
vn 0.8529 -0.5209 0.0346
vn -0.2067 -0.2768 0.9384
vn -0.8401 0.5419 -0.0252
vn -0.2510 0.4030 -0.8801
vn 0.7992 0.5992 0.0463
vn 0.7994 0.5990 0.0465
vn 0.2285 -0.3726 0.8994
vn 0.2289 -0.3728 0.8993
vn -0.8220 -0.5689 -0.0265
vn -0.8220 -0.5689 -0.0264
vn 0.7991 0.5995 0.0461
vn 0.2281 -0.3724 0.8996
vn -0.8219 -0.5690 -0.0266
vn 0.7990 0.5995 0.0461
vn 0.2281 -0.3725 0.8996
vn -0.8219 -0.5689 -0.0266
vn -0.2512 0.4031 -0.8800
vn 0.7991 0.5995 0.0460
vn -0.8220 -0.5688 -0.0268
vn -0.2514 0.4032 -0.8799
vn 0.7990 0.5995 0.0459
vn 0.2281 -0.3726 0.8995
vn -0.8221 -0.5687 -0.0269
vn -0.2274 0.3716 -0.9001
vn -0.2274 0.3717 -0.9001
vn 0.7840 0.6181 0.0568
vn 0.7841 0.6180 0.0569
vn 0.2035 -0.3412 0.9177
vn 0.2037 -0.3412 0.9176
vn -0.8080 -0.5879 -0.0390
vn -0.8080 -0.5879 -0.0389
vn 0.7839 0.6183 0.0567
vn 0.2034 -0.3412 0.9177
vn 0.7839 0.6182 0.0567
vn 0.2033 -0.3412 0.9177
vn -0.8080 -0.5879 -0.0391
vn -0.2274 0.3715 -0.9001
vn 0.7840 0.6182 0.0566
vn 0.1390 0.0483 -0.9891
vn 0.1331 0.0464 -0.9900
vn 0.3174 -0.9483 -0.0018
vn 0.3175 -0.9483 -0.0019
vn -0.1159 -0.0408 0.9924
vn -0.1104 -0.0389 0.9931
vn -0.2942 0.9557 0.0051
vn -0.2943 0.9557 0.0051
vn 0.1391 0.0483 -0.9891
vn 0.1428 0.0494 -0.9885
vn 0.3123 -0.9500 -0.0025
vn -0.1193 -0.0420 0.9920
vn -0.2887 0.9574 0.0060
vn 0.1467 0.0505 -0.9879
vn 0.3070 -0.9517 -0.0033
vn -0.1228 -0.0432 0.9915
vn -0.2831 0.9591 0.0068
vn -0.2831 0.9591 0.0069
vn 0.3070 -0.9517 -0.0032
vn 0.1467 0.0506 -0.9879
vn -0.1229 -0.0432 0.9915
vn -0.4281 -0.2127 -0.8783
vn -0.4310 0.9022 0.0175
vn 0.4563 0.1378 0.8791
vn 0.3888 -0.9213 -0.0030
vn -0.4282 -0.2127 -0.8783
vn -0.4601 0.8878 0.0089
vn 0.3975 0.1975 0.8961
vn 0.4295 -0.9030 0.0089
vn -0.4601 0.8878 0.0088
vn 0.3976 0.1975 0.8961
vn 0.5313 -0.8294 0.1730
vn 0.5312 -0.8294 0.1731
vn 0.8402 0.5416 0.0266
vn 0.8414 0.5401 0.0164
vn -0.5361 0.8391 -0.0922
vn -0.5362 0.8395 -0.0880
vn -0.8449 -0.5322 0.0539
vn -0.8447 -0.5327 0.0513
vn 0.5331 -0.8329 0.1484
vn 0.8415 0.5399 0.0199
vn -0.5363 0.8399 -0.0836
vn -0.8440 -0.5332 0.0588
vn 0.5376 -0.8431 -0.0132
vn 0.5376 -0.8431 -0.0129
vn 0.8431 0.5376 0.0115
vn 0.8432 0.5375 0.0116
vn -0.5375 0.8430 0.0217
vn -0.5375 0.8430 0.0220
vn -0.8432 -0.5376 -0.0023
vn -0.8432 -0.5377 -0.0023
vn 0.5376 -0.8431 -0.0127
vn 0.8433 0.5372 0.0169
vn -0.5376 0.8429 0.0223
vn -0.8432 -0.5376 -0.0076
vn 0.5374 -0.8421 -0.0447
vn 0.5374 -0.8422 -0.0447
vn 0.8433 0.5370 0.0222
vn -0.5373 0.8417 0.0538
vn -0.8432 -0.5374 -0.0130
vn 0.5374 -0.8422 -0.0446
vn 0.8433 0.5369 0.0223
vn -0.5373 0.8417 0.0539
vn 0.5343 -0.8354 0.1291
vn 0.8418 0.5391 0.0263
vn -0.5371 0.8422 -0.0462
vn -0.8431 -0.5356 0.0476
vn 0.5362 -0.8403 0.0797
vn 0.8421 0.5385 0.0289
vn -0.5374 0.8433 -0.0033
vn -0.8431 -0.5356 0.0474
vn -0.5241 0.2645 -0.8095
vn -0.5232 0.2639 -0.8103
vn 0.4124 0.9110 0.0069
vn 0.5455 -0.2380 0.8036
vn -0.4634 -0.8861 0.0102
vn -0.4617 -0.8870 0.0088
vn -0.5251 0.2650 -0.8087
vn 0.4398 0.8980 0.0083
vn 0.4399 0.8980 0.0083
vn 0.4998 -0.2521 0.8287
vn 0.4997 -0.2521 0.8287
vn -0.4652 -0.8851 0.0117
vn -0.5204 0.2626 -0.8125
vn 0.4445 0.8958 0.0046
vn 0.4996 -0.2519 0.8288
vn -0.4653 -0.8851 0.0117
vn -0.3839 0.1917 -0.9032
vn 0.4429 0.8965 0.0021
vn 0.4466 0.8947 0.0006
vn 0.3617 -0.1803 0.9147
vn -0.4666 -0.8844 0.0106
vn -0.4687 -0.8833 0.0124
vn -0.3724 0.1858 -0.9093
vn 0.4421 0.8969 0.0030
vn 0.3471 -0.1729 0.9217
vn -0.4660 -0.8847 0.0109
vn 0.2558 -0.9121 -0.3202
vn -0.9230 -0.3634 0.1263
vn -0.2476 0.8953 0.3702
vn 0.9490 0.3143 0.0241
vn 0.9490 0.3142 0.0241
vn 0.3103 -0.9156 -0.2556
vn -0.9446 -0.3274 0.0244
vn -0.3059 0.9022 0.3039
vn 0.9490 0.3144 0.0240
vn 0.3119 -0.9218 -0.2302
vn 0.3119 -0.9218 -0.2303
vn -0.9464 -0.3229 0.0083
vn -0.9464 -0.3230 0.0084
vn -0.3084 0.9094 0.2791
vn 0.9498 0.3103 0.0405
vn 0.9498 0.3102 0.0404
vn 0.3117 -0.9219 -0.2301
vn -0.9465 -0.3227 0.0085
vn -0.3085 0.9093 0.2792
vn 0.9497 0.3105 0.0406
vn 0.3117 -0.9219 -0.2302
vn -0.9465 -0.3226 0.0087
vn -0.3086 0.9092 0.2794
vn 0.9497 0.3105 0.0405
vn 0.2984 -0.3597 -0.8840
vn 0.7741 0.6330 0.0039
vn 0.7751 0.6318 0.0047
vn -0.2991 0.3605 0.8835
vn -0.7720 -0.6356 -0.0019
vn -0.7765 -0.6300 -0.0057
vn 0.2376 -0.2844 -0.9288
vn 0.7741 0.6330 0.0044
vn -0.2388 0.2858 0.9281
vn -0.7755 -0.6313 -0.0052
vn -0.1143 0.0725 -0.9908
vn 0.6784 0.7343 -0.0246
vn 0.6784 0.7342 -0.0246
vn 0.1155 -0.0735 0.9906
vn -0.6773 -0.7353 0.0244
vn -0.1095 0.0680 -0.9917
vn 0.6803 0.7325 -0.0249
vn 0.1107 -0.0691 0.9915
vn -0.6792 -0.7336 0.0247
vn -0.1047 0.0635 -0.9925
vn 0.6822 0.7307 -0.0252
vn 0.1059 -0.0646 0.9923
vn -0.6810 -0.7318 0.0250
vn -0.1046 0.0635 -0.9925
vn 0.6822 0.7307 -0.0253
vn 0.1060 -0.0647 0.9923
vn -0.6810 -0.7319 0.0251
vn -0.1045 0.0634 -0.9925
vn 0.1060 -0.0648 0.9922
vn -0.8282 -0.4258 -0.3644
vn -0.4315 0.8897 0.1490
vn 0.7927 0.3829 0.4744
vn 0.4173 -0.9077 0.0435
vn -0.8354 -0.4110 -0.3650
vn -0.8359 -0.4099 -0.3649
vn -0.4837 0.8663 0.1251
vn -0.4836 0.8664 0.1242
vn 0.8057 0.3865 0.4489
vn 0.8050 0.3879 0.4488
vn 0.4535 -0.8904 -0.0399
vn 0.4536 -0.8902 -0.0418
vn -0.8347 -0.4122 -0.3652
vn -0.4837 0.8661 0.1260
vn 0.8063 0.3850 0.4490
vn 0.4533 -0.8905 -0.0380
vn 0.2222 0.3005 -0.9275
vn 0.2225 0.3005 -0.9275
vn 0.8543 -0.5184 0.0364
vn 0.8542 -0.5186 0.0363
vn -0.2092 -0.2795 0.9371
vn -0.2090 -0.2796 0.9371
vn -0.8416 0.5394 -0.0269
vn 0.2244 0.3043 -0.9258
vn 0.8524 -0.5217 0.0350
vn -0.2116 -0.2833 0.9354
vn -0.8396 0.5427 -0.0254
vn 0.2268 0.3080 -0.9239
vn 0.8505 -0.5250 0.0336
vn -0.2138 -0.2872 0.9337
vn -0.8374 0.5461 -0.0237
vn 0.2269 0.3080 -0.9239
vn 0.8506 -0.5248 0.0338
vn -0.2136 -0.2872 0.9337
vn 0.3557 0.3371 -0.8717
vn 0.8348 -0.5506 -0.0065
vn -0.1453 -0.1687 0.9749
vn -0.8148 0.5797 -0.0084
vn -0.8148 0.5797 -0.0085
vn -0.8146 0.5797 -0.0176
vn 0.2228 0.3004 -0.9274
vn 0.2229 0.3004 -0.9274
vn 0.8289 -0.5592 0.0178
vn 0.8288 -0.5593 0.0178
vn -0.2088 -0.2798 0.9371
vn -0.2086 -0.2799 0.9371
vn -0.8147 0.5799 -0.0081
vn 0.8289 -0.5590 0.0179
vn -0.8146 0.5800 -0.0080
vn 0.2356 0.3199 -0.9177
vn 0.2354 0.3200 -0.9177
vn 0.8193 -0.5733 0.0104
vn -0.2215 -0.2999 0.9279
vn -0.2215 -0.2998 0.9279
vn -0.8052 0.5930 -0.0003
vn -0.8053 0.5929 -0.0005
vn 0.2356 0.3196 -0.9178
vn 0.8162 -0.5776 0.0082
vn -0.2212 -0.2997 0.9280
vn -0.8019 0.5975 0.0021
vn 0.2354 0.3195 -0.9179
vn 0.8131 -0.5821 0.0059
vn -0.2210 -0.2995 0.9281
vn -0.7984 0.6021 0.0044
vn 0.2353 0.3195 -0.9179
vn -0.2211 -0.2995 0.9281
vn -0.7983 0.6022 0.0044
vn -0.3075 0.4874 -0.8173
vn 0.8360 0.5486 0.0120
vn 0.2884 -0.4571 0.8414
vn -0.8551 -0.5183 0.0120
vn -0.3076 0.4875 -0.8172
vn 0.2884 -0.4572 0.8413
vn -0.8552 -0.5181 0.0120
vn -0.3078 0.4875 -0.8170
vn 0.8360 0.5486 0.0119
vn 0.2883 -0.4572 0.8413
vn -0.8553 -0.5180 0.0119
vn -0.2875 0.4559 -0.8423
vn -0.2875 0.4560 -0.8423
vn 0.8229 0.5676 0.0259
vn 0.8230 0.5674 0.0260
vn 0.2671 -0.4254 0.8647
vn 0.2673 -0.4255 0.8646
vn -0.8435 -0.5372 -0.0032
vn -0.8435 -0.5372 -0.0031
vn 0.8228 0.5677 0.0258
vn 0.2669 -0.4253 0.8648
vn -0.8434 -0.5372 -0.0033
vn -0.2875 0.4558 -0.8423
vn -0.2879 0.4560 -0.8421
vn 0.8228 0.5677 0.0257
vn -0.8436 -0.5369 -0.0035
vn -0.2884 0.4562 -0.8419
vn 0.8228 0.5677 0.0256
vn 0.2669 -0.4254 0.8648
vn -0.8438 -0.5366 -0.0036
vn 0.1206 0.0424 -0.9918
vn 0.3426 -0.9395 0.0014
vn -0.0991 -0.0349 0.9945
vn -0.3211 0.9471 0.0013
vn -0.3211 0.9471 0.0014
vn 0.1239 0.0435 -0.9913
vn 0.3381 -0.9411 0.0008
vn -0.1021 -0.0360 0.9941
vn -0.3163 0.9487 0.0020
vn 0.1272 0.0446 -0.9909
vn 0.3336 -0.9427 0.0003
vn -0.1051 -0.0370 0.9938
vn -0.3114 0.9503 0.0026
vn -0.1051 -0.0371 0.9938
vn 0.1273 0.0446 -0.9909
vn -0.3115 0.9503 0.0026
vn -0.3115 0.9503 0.0027
vn 0.1656 -0.1958 -0.9666
vn 0.1625 -0.1922 -0.9678
vn 0.7700 0.6380 0.0026
vn -0.1683 0.1991 0.9654
vn -0.1642 0.1943 0.9671
vn -0.7715 -0.6362 -0.0032
vn 0.1595 -0.1886 -0.9690
vn -0.1602 0.1894 0.9687
vn -0.7695 -0.6386 -0.0025
vn 0.3298 -0.3978 -0.8561
vn 0.7841 0.6206 -0.0073
vn -0.3270 0.4305 0.8412
vn -0.7685 -0.6399 0.0012
vn -0.5158 0.2603 -0.8162
vn 0.4492 0.8934 0.0008
vn 0.4993 -0.2518 0.8290
vn -0.4655 -0.8850 0.0117
vn -0.5160 0.2605 -0.8160
vn 0.4492 0.8934 0.0004
vn 0.4993 -0.2517 0.8291
vn -0.4676 -0.8839 0.0128
vn -0.4704 0.2367 -0.8501
vn -0.4695 0.2362 -0.8507
vn 0.4492 0.8935 -0.0001
vn 0.4491 -0.2256 0.8645
vn 0.4497 -0.2259 0.8641
vn -0.4698 -0.8827 0.0139
vn -0.4714 0.2371 -0.8495
vn 0.4485 -0.2252 0.8650
vn -0.4489 0.2250 -0.8648
vn 0.4404 0.8978 0.0056
vn 0.4248 -0.2127 0.8800
vn -0.4637 -0.8859 0.0106
vn -0.5316 0.2671 -0.8038
vn -0.5307 0.2666 -0.8045
vn 0.4384 0.8987 0.0082
vn 0.5095 -0.2559 0.8215
vn 0.5104 -0.2563 0.8208
vn -0.4610 -0.8874 0.0099
vn -0.5326 0.2675 -0.8030
vn 0.5085 -0.2555 0.8223
vn 0.5374 -0.8432 -0.0177
vn 0.5374 -0.8432 -0.0175
vn 0.8432 0.5344 0.0595
vn 0.8433 0.5342 0.0596
vn -0.5363 0.8385 0.0963
vn -0.5363 0.8385 0.0962
vn -0.8422 -0.5389 0.0190
vn -0.8421 -0.5390 0.0190
vn 0.5374 -0.8431 -0.0173
vn 0.8435 0.5340 0.0574
vn -0.5363 0.8386 0.0960
vn -0.8417 -0.5395 0.0213
vn 0.5374 -0.8421 -0.0445
vn 0.5375 -0.8421 -0.0442
vn 0.8439 0.5337 0.0551
vn -0.5350 0.8358 0.1233
vn -0.5349 0.8358 0.1233
vn -0.8412 -0.5401 0.0238
vn 0.5376 -0.8421 -0.0439
vn -0.5349 0.8359 0.1233
vn 0.5310 -0.8291 0.1750
vn 0.5320 -0.8308 0.1638
vn 0.8401 0.5418 0.0259
vn 0.8412 0.5405 0.0146
vn -0.5359 0.8387 -0.0968
vn -0.5355 0.8376 -0.1082
vn -0.8451 -0.5321 0.0523
vn -0.8450 -0.5321 0.0524
vn -0.8446 -0.5338 0.0410
vn -0.5354 0.8376 -0.1084
vn 0.8401 0.5417 0.0259
vn -0.5355 0.8376 -0.1081
vn -0.8447 -0.5337 0.0410
vn -0.8450 -0.5322 0.0523
vn 0.5320 -0.8308 0.1639
vn -0.8451 -0.5321 0.0522
vn -0.8447 -0.5336 0.0411
vn 0.5314 -0.8298 0.1704
vn 0.5317 -0.8304 0.1665
vn 0.8406 0.5412 0.0213
vn 0.8410 0.5408 0.0173
vn -0.5357 0.8383 -0.1014
vn -0.5356 0.8379 -0.1053
vn -0.8449 -0.5328 0.0475
vn -0.8449 -0.5328 0.0478
vn -0.8448 -0.5334 0.0436
vn 0.5314 -0.8297 0.1711
vn 0.5314 -0.8297 0.1709
vn 0.8405 0.5413 0.0218
vn 0.8405 0.5413 0.0221
vn 0.8406 0.5413 0.0217
vn -0.5358 0.8383 -0.1010
vn -0.5358 0.8383 -0.1008
vn -0.8449 -0.5327 0.0481
vn -0.8449 -0.5327 0.0485
vn -0.0882 -0.2444 -0.9657
vn 0.2256 -0.6767 -0.7008
vn -0.2943 0.2724 -0.9160
vn -0.1160 0.4293 -0.8957
vn 0.3215 0.2274 -0.9192
vn 0.3704 -0.8533 -0.3669
vn -0.4139 -0.8687 -0.2722
vn -0.8256 0.4483 -0.3426
vn 0.0586 0.9292 -0.3648
vn 0.9379 0.0828 -0.3369
vn 0.0826 -0.9705 -0.2266
vn -0.9188 -0.3097 0.2445
vn -0.9205 -0.3101 0.2379
vn -0.9190 -0.3097 0.2440
vn -0.6702 0.7298 -0.1353
vn 0.4997 0.8633 -0.0709
vn 0.9640 -0.2330 -0.1278
vn -0.2080 -0.7197 0.6623
vn -0.6865 -0.1347 0.7146
vn 0.0423 0.7008 0.7121
vn 0.5305 0.6279 0.5695
vn 0.6202 -0.4213 0.6617
vn 0.3587 -0.0405 0.9326
vn 0.5796 -0.0871 0.8102
vn 0.7536 0.2378 0.6128
vn 0.2327 0.2653 0.9357
vn 0.4421 0.6509 0.6171
vn 0.4390 0.6545 0.6156
vn 0.4390 0.6544 0.6156
vn 0.4388 0.6546 0.6155
vn -0.1672 0.2161 0.9620
vn -0.1509 0.1979 0.9686
vn -0.6671 0.1048 0.7375
vn -0.2542 -0.1626 0.9534
vn -0.5495 -0.2769 0.7883
vn -0.5267 -0.5295 0.6650
vn 0.0275 -0.3301 0.9435
vn 0.0504 -0.6050 0.7947
vn 0.3252 -0.6756 0.6617
vn 0.8196 -0.4682 0.3304
vn 0.9591 -0.2164 0.1825
vn 0.9123 0.1815 0.3672
vn 0.6065 0.7311 0.3124
vn 0.5653 0.7743 0.2842
vn 0.4372 0.8242 0.3599
vn -0.2971 0.9062 0.3010
vn -0.6580 0.7397 0.1411
vn -0.8377 0.4729 0.2731
vn -0.9351 -0.1780 0.3065
vn -0.9205 -0.3101 0.2378
vn -0.6718 -0.5994 0.4353
vn -0.1910 -0.9235 0.3326
vn 0.0834 -0.9785 0.1887
vn 0.3422 -0.8796 0.3304
vn 0.8606 0.4836 0.1598
vn 0.9052 0.3829 -0.1844
vn 0.7060 0.5812 -0.4047
vn -0.0239 0.9906 0.1346
vn -0.1160 0.9666 -0.2286
vn -0.2655 0.9071 -0.3265
vn -0.9666 0.2478 0.0650
vn -0.9128 0.2906 -0.2871
vn -0.9159 0.2492 -0.3148
vn -0.4247 -0.8847 0.1921
vn -0.4266 -0.8595 -0.2817
vn -0.1578 -0.9019 -0.4020
vn 0.6477 -0.7514 0.1256
vn 0.6413 -0.7440 -0.1876
vn 0.8165 -0.4862 -0.3113
vn 0.7964 0.0034 -0.6047
vn 0.4985 0.3129 -0.8085
vn 0.4982 0.4746 -0.7257
vn -0.0571 0.7410 -0.6691
vn -0.0871 0.7277 -0.6803
vn -0.2015 0.7416 -0.6399
vn -0.5708 0.4357 -0.6959
vn -0.5444 0.2790 -0.7911
vn -0.6648 0.0799 -0.7428
vn 0.6933 -0.3398 -0.6355
vn 0.4191 -0.4546 -0.7860
vn 0.1888 -0.1829 -0.9648
vn -0.3977 -0.4318 -0.8095
vn -0.2186 -0.4805 -0.8493
vn -0.0618 -0.6679 -0.7417
vn -0.0880 -0.2792 -0.9562
vn 0.2262 -0.6787 -0.6987
vn -0.0653 -0.3266 -0.9429
vn 0.4296 0.1578 -0.8891
vn 0.3220 0.2226 -0.9202
vn 0.3701 -0.8535 -0.3668
vn -0.4464 -0.8435 -0.2988
vn -0.8355 0.4189 -0.3555
vn 0.0299 0.9752 -0.2192
vn 0.9086 0.1621 -0.3850
vn -0.8973 -0.3608 0.2543
vn -0.6684 0.7321 -0.1314
vn 0.5089 0.8601 -0.0349
vn 0.9638 -0.2338 -0.1279
vn -0.2080 -0.7198 0.6623
vn -0.8126 0.0317 0.5819
vn 0.0919 0.7973 0.5965
vn 0.7484 0.2107 0.6289
vn 0.7485 0.2102 0.6289
vn 0.7471 0.2144 0.6292
vn 0.3558 -0.0434 0.9335
vn 0.5803 -0.0903 0.8094
vn 0.7470 0.2148 0.6292
vn 0.2173 0.2887 0.9324
vn 0.1000 0.0909 0.9908
vn -0.2303 0.7649 0.6016
vn -0.1841 0.2386 0.9535
vn -0.1519 0.2027 0.9674
vn -0.8097 0.0626 0.5835
vn -0.2744 -0.1492 0.9500
vn -0.5749 -0.2691 0.7727
vn -0.5513 -0.5093 0.6608
vn 0.9595 -0.2152 0.1818
vn 0.9193 0.1640 0.3578
vn 0.7528 0.5863 0.2992
vn 0.5610 0.8025 0.2031
vn 0.0391 0.9257 0.3761
vn -0.1933 0.9222 0.3350
vn -0.6603 0.7378 0.1402
vn -0.8787 0.3649 0.3078
vn -0.8517 0.0060 0.5240
vn -0.8854 -0.3653 0.2875
vn -0.6820 -0.5828 0.4418
vn 0.8786 0.4412 0.1826
vn 0.8797 0.4297 -0.2036
vn 0.8409 0.4798 -0.2505
vn -0.0797 0.9679 0.2385
vn -0.0407 0.9822 -0.1835
vn -0.2430 0.9147 -0.3229
vn -0.9524 0.2675 0.1460
vn -0.9333 0.2246 -0.2803
vn -0.9313 0.2466 -0.2680
vn -0.4259 -0.8843 0.1913
vn -0.4248 -0.8600 -0.2826
vn 0.6413 -0.7440 -0.1874
vn 0.8163 -0.4870 -0.3107
vn 0.8206 0.1535 -0.5505
vn 0.6438 0.3761 -0.6664
vn 0.6386 0.0367 -0.7687
vn -0.3503 0.5940 -0.7242
vn 0.2419 0.8333 -0.4971
vn -0.2238 0.8852 -0.4078
vn -0.7886 0.4153 -0.4535
vn -0.7669 -0.1101 -0.6323
vn -0.7056 0.0561 -0.7064
vn 0.7028 -0.3513 -0.6186
vn 0.4032 -0.4801 -0.7790
vn 0.1757 -0.2216 -0.9592
vn -0.4728 -0.4180 -0.7757
vn -0.2102 -0.4959 -0.8425
vn -0.0625 -0.6700 -0.7397
vn -0.2943 0.2724 -0.9161
vn 0.3215 0.2273 -0.9192
vn 0.9379 0.0829 -0.3369
vn -0.9205 -0.3101 0.2380
vn -0.6702 0.7297 -0.1353
vn 0.5305 0.6280 0.5695
vn 0.4389 0.6546 0.6155
vn 0.0504 -0.6050 0.7946
vn 0.5654 0.7743 0.2843
vn -0.2971 0.9061 0.3010
vn -0.9351 -0.1781 0.3065
vn -0.6718 -0.5994 0.4352
vn -0.2655 0.9071 -0.3266
vn 0.7965 0.0034 -0.6047
vn 0.4985 0.3129 -0.8084
vn -0.5444 0.2789 -0.7911
vn 0.4190 -0.4546 -0.7860
vn 0.1887 -0.1829 -0.9649
vn 0.4597 -0.8869 -0.0459
vn 0.4332 -0.7203 0.5418
vn 0.3727 -0.7059 -0.6023
vn 0.5349 -0.5243 -0.6626
vn 0.8537 -0.4297 -0.2942
vn 0.2964 -0.4565 0.8389
vn -0.3232 -0.7763 0.5412
vn -0.3584 -0.4351 -0.8260
vn 0.4401 0.2025 -0.8748
vn 0.9450 0.2176 0.2442
vn 0.0193 -0.5296 0.8480
vn -0.9180 -0.3933 -0.0502
vn -0.9177 -0.3941 -0.0505
vn -0.9180 -0.3933 -0.0503
vn -0.2981 -0.0715 -0.9518
vn 0.5906 0.5878 -0.5529
vn 0.7672 0.2204 0.6024
vn -0.6720 0.0198 0.7403
vn -0.9899 0.1409 -0.0145
vn -0.2397 0.8632 -0.4443
vn 0.2263 0.9537 -0.1981
vn 0.0274 0.5519 0.8335
vn -0.2609 0.8702 0.4181
vn -0.0191 0.8501 0.5263
vn 0.2771 0.9225 0.2689
vn -0.2905 0.9555 0.0512
vn 0.1214 0.9603 -0.2512
vn 0.1195 0.9576 -0.2623
vn 0.1195 0.9576 -0.2620
vn 0.1194 0.9575 -0.2626
vn -0.6511 0.7559 -0.0680
vn -0.6485 0.7595 -0.0518
vn -0.9340 0.2814 -0.2200
vn -0.8000 0.5609 0.2131
vn -0.9682 0.1889 0.1640
vn -0.9130 -0.0329 0.4066
vn -0.5664 0.6231 0.5394
vn -0.5049 0.3157 0.8034
vn -0.2418 0.3012 0.9224
vn 0.3507 0.3642 0.8627
vn 0.5988 0.4495 0.6629
vn 0.5460 0.7684 0.3340
vn 0.4311 0.8514 -0.2987
vn 0.4210 0.8268 -0.3730
vn 0.2930 0.8453 -0.4468
vn -0.2143 0.5060 -0.8355
vn -0.4425 0.1391 -0.8859
vn -0.7165 0.0286 -0.6970
vn -0.9429 -0.2940 -0.1567
vn -0.9173 -0.3949 -0.0508
vn -0.8921 -0.2790 0.3554
vn -0.4991 -0.2817 0.8195
vn -0.1827 -0.2801 0.9424
vn -0.0647 -0.0664 0.9957
vn 0.6693 0.7423 -0.0315
vn 0.8845 0.4666 -0.0049
vn 0.8964 0.3142 -0.3127
vn 0.1042 0.5464 -0.8310
vn 0.2415 0.2373 -0.9409
vn 0.1712 0.0620 -0.9833
vn -0.7454 -0.2873 -0.6016
vn -0.4920 -0.5096 -0.7058
vn -0.4885 -0.5396 -0.6857
vn -0.5964 -0.4635 0.6553
vn -0.3259 -0.7846 0.5275
vn -0.0609 -0.7611 0.6458
vn 0.2584 -0.0254 0.9657
vn 0.4003 -0.2125 0.8914
vn 0.6981 -0.0918 0.7101
vn 0.9781 -0.0750 0.1943
vn 0.9392 -0.2161 -0.2668
vn 0.9184 -0.0780 -0.3880
vn 0.5021 -0.1675 -0.8484
vn 0.4805 -0.2008 -0.8537
vn 0.3763 -0.2168 -0.9008
vn 0.0524 -0.5942 -0.8026
vn 0.0970 -0.7247 -0.6822
vn -0.0655 -0.8384 -0.5411
vn 0.8321 -0.3160 0.4559
vn 0.6907 -0.5966 0.4086
vn 0.6871 -0.7263 0.0169
vn 0.0896 -0.9952 0.0394
vn 0.2331 -0.9619 0.1428
vn 0.2524 -0.8751 0.4130
vn -0.8109 0.2870 0.5100
vn -0.9880 -0.0477 0.1466
vn -0.3805 0.6399 0.6676
vn -0.3201 0.8160 0.4814
vn -0.6007 0.7921 0.1083
vn -0.9329 -0.3510 -0.0806
vn -0.6185 -0.6153 0.4888
vn 0.3289 0.3211 0.8881
vn 0.3366 0.9409 0.0372
vn -0.4188 0.5582 -0.7162
vn -0.7853 -0.6067 0.1234
vn 0.2483 -0.6821 0.6878
vn 0.6310 0.4760 0.6125
vn 0.2528 0.8917 -0.3754
vn -0.4990 0.1814 -0.8474
vn 0.0694 -0.9959 -0.0574
vn 0.6283 -0.7160 0.3043
vn 0.9022 0.1239 -0.4132
vn 0.5964 0.2659 -0.7574
vn 0.0417 -0.5243 -0.8505
vn 0.5024 -0.4629 -0.7303
vn 0.3217 -0.3706 -0.8713
vn 0.3315 0.0207 -0.9432
vn 0.7150 -0.2753 -0.6426
vn 0.6670 0.2359 -0.7067
vn 0.6698 0.2393 -0.7029
vn 0.6698 0.2392 -0.7030
vn 0.6699 0.2394 -0.7028
vn 0.8468 -0.4359 -0.3049
vn 0.8338 -0.4493 -0.3209
vn 0.8084 -0.5311 0.2538
vn 0.6422 -0.7409 -0.1966
vn 0.5448 -0.8234 0.1589
vn 0.2619 -0.9397 0.2200
vn 0.4405 -0.7841 -0.4372
vn 0.1843 -0.9071 -0.3783
vn -0.0408 -0.8061 -0.5904
vn -0.2709 -0.3368 -0.9018
vn -0.2422 0.0089 -0.9702
vn 0.0919 0.1562 -0.9834
vn 0.4608 0.5196 -0.7195
vn 0.4836 0.5586 -0.6739
vn 0.6061 0.5202 -0.6017
vn 0.8953 0.4426 0.0502
vn 0.8206 0.3221 0.4721
vn 0.7999 -0.0190 0.5999
vn 0.3856 -0.5864 0.7124
vn 0.1971 -0.6489 0.7349
vn 0.0892 -0.8954 0.4363
vn -0.3295 -0.9374 0.1130
vn -0.5218 -0.8470 -0.1019
vn -0.4187 -0.7940 -0.4408
vn 0.1571 0.4987 -0.8524
vn -0.1632 0.6456 -0.7460
vn -0.1104 0.9182 -0.3804
vn 0.7323 0.6696 -0.1242
vn 0.5099 0.8511 0.1249
vn 0.4610 0.8314 0.3103
vn 0.5225 -0.1124 0.8452
vn 0.2893 0.1342 0.9478
vn 0.2300 0.1119 0.9667
vn -0.3761 -0.8668 0.3275
vn -0.6235 -0.6333 0.4585
vn -0.7321 -0.5669 0.3778
vn -0.5635 -0.4897 -0.6653
vn -0.7949 -0.3185 -0.5164
vn -0.7245 0.0836 -0.6842
vn -0.6631 0.6098 -0.4341
vn -0.5168 0.8497 -0.1047
vn -0.3102 0.9360 -0.1664
vn 0.0079 0.8982 0.4395
vn 0.0294 0.9442 0.3281
vn 0.1047 0.9052 0.4120
vn -0.0151 0.5855 0.8105
vn -0.2193 0.5065 0.8339
vn -0.2704 0.2964 0.9160
vn -0.8707 0.3697 -0.3244
vn -0.9759 0.2173 0.0211
vn -0.8562 0.4333 0.2813
vn -0.7419 -0.0256 0.6700
vn -0.8205 0.0086 0.5715
vn -0.8885 -0.1031 0.4471
vn -0.8470 0.4270 0.3167
vn -0.8665 0.4931 -0.0781
vn -0.8074 0.4075 0.4267
vn -0.5027 0.6066 0.6159
vn -0.5133 0.5285 0.6762
vn -0.7063 0.5012 -0.5000
vn -0.9226 -0.1072 -0.3706
vn 0.0823 -0.6209 0.7795
vn 0.3642 0.0092 0.9313
vn 0.1572 0.9803 0.1194
vn -0.7701 0.2168 -0.6000
vn -0.1808 -0.9538 -0.2401
vn 0.0048 -0.6269 0.7791
vn 0.6773 0.4262 0.5996
vn 0.1146 0.9311 -0.3463
vn -0.0738 -0.4589 -0.8854
vn 0.1684 -0.9855 -0.0205
vn 0.7212 -0.6329 0.2816
vn 0.8488 0.3715 -0.3762
vn 0.8491 0.3713 -0.3757
vn 0.8455 0.3738 -0.3812
vn 0.4214 0.2765 -0.8637
vn 0.7515 -0.1367 -0.6454
vn 0.7183 0.1597 -0.6771
vn 0.8452 0.3741 -0.3817
vn 0.9162 -0.3272 -0.2315
vn 0.7123 -0.5105 -0.4818
vn 0.6893 -0.6663 0.2844
vn 0.7123 -0.6865 -0.1459
vn 0.6572 -0.7498 0.0764
vn 0.3397 -0.9205 0.1929
vn 0.4719 -0.7517 -0.4608
vn 0.1893 -0.8999 -0.3930
vn -0.0668 -0.8051 -0.5894
vn 0.4742 -0.4034 -0.7825
vn 0.1874 -0.2923 -0.9378
vn 0.1529 0.0230 -0.9880
vn 0.2384 0.6046 -0.7600
vn 0.3456 0.7857 -0.5131
vn 0.6895 0.6555 -0.3081
vn 0.8565 0.5063 0.1004
vn 0.8540 0.3627 0.3731
vn 0.7911 -0.3580 0.4960
vn 0.6530 -0.6622 0.3675
vn 0.3843 -0.8208 0.4227
vn 0.3276 -0.9014 0.2832
vn -0.0306 -0.9990 0.0340
vn -0.3273 -0.9362 -0.1281
vn -0.3002 -0.8063 -0.5097
vn -0.4291 -0.2748 -0.8604
vn -0.4684 0.0233 -0.8832
vn -0.2003 0.1956 -0.9600
vn 0.7273 0.6861 0.0188
vn 0.4489 0.8621 0.2350
vn 0.4278 0.8420 0.3287
vn 0.7129 -0.3862 0.5853
vn 0.3656 -0.0871 0.9267
vn 0.0957 -0.2065 0.9738
vn -0.0793 -0.9058 0.4163
vn -0.1920 -0.8199 0.5393
vn -0.3855 -0.7738 0.5025
vn -0.5898 -0.4245 -0.6870
vn -0.9335 -0.1244 -0.3363
vn -0.9401 0.0564 -0.3361
vn -0.1522 0.5527 -0.8193
vn -0.3812 0.6902 -0.6151
vn -0.2553 0.8805 -0.3994
vn -0.0338 0.9668 0.2532
vn -0.0607 0.8025 0.5936
vn -0.3664 0.8766 0.3119
vn -0.4347 -0.0980 0.8952
vn -0.0642 0.2307 0.9709
vn -0.1204 -0.0299 0.9923
vn -0.1212 -0.0307 0.9922
vn -0.1193 -0.0288 0.9924
vn -0.1214 -0.0309 0.9921
vn -0.7352 -0.0921 0.6716
vn -0.8311 -0.2343 0.5043
vn -0.4295 0.8986 -0.0893
vn -0.8071 0.5903 0.0120
vn -0.8276 0.4670 0.3115
vn -0.9762 -0.0382 0.2134
vn -0.9637 0.2565 0.0747
vn -0.9618 0.2733 0.0174
vn -0.8638 0.3593 0.3532
vn -0.8201 0.5416 -0.1849
vn -0.8759 0.3755 0.3029
vn -0.3526 0.7743 0.5255
vn -0.3733 0.6893 0.6208
vn -0.6480 0.5293 -0.5477
vn -0.8980 -0.2314 -0.3742
vn -0.2925 -0.6055 0.7402
vn 0.4701 0.0848 0.8785
vn 0.1742 0.9774 0.1195
vn -0.7315 0.2145 -0.6472
vn -0.3839 -0.9010 -0.2022
vn 0.1192 -0.5688 0.8138
vn 0.7025 0.4355 0.5629
vn 0.1237 0.9283 -0.3506
vn -0.0722 -0.4521 -0.8890
vn 0.1178 -0.9874 -0.1055
vn 0.9421 -0.2164 0.2562
vn 0.8413 0.3800 -0.3844
vn 0.8411 0.3801 -0.3848
vn 0.8434 0.3786 -0.3813
vn 0.4213 0.2765 -0.8637
vn 0.7461 -0.0965 -0.6588
vn 0.7148 0.1615 -0.6804
vn 0.8436 0.3784 -0.3810
vn 0.9015 -0.2334 -0.3645
vn 0.7744 -0.3563 -0.5228
vn 0.8057 -0.5054 0.3088
vn 0.7356 -0.5997 -0.3150
vn 0.7347 -0.5756 -0.3591
vn 0.1394 -0.9868 -0.0830
vn 0.4573 -0.6630 -0.5927
vn 0.1491 -0.8478 -0.5090
vn -0.0691 -0.7669 -0.6380
vn 0.4519 -0.3828 -0.8058
vn 0.1864 -0.2848 -0.9403
vn 0.1529 0.0231 -0.9880
vn 0.2385 0.6044 -0.7601
vn 0.3464 0.7855 -0.5128
vn 0.6895 0.6556 -0.3080
vn 0.8513 0.5157 0.0965
vn 0.8492 0.3783 0.3684
vn 0.8514 -0.1705 0.4960
vn 0.7347 -0.3599 0.5751
vn 0.3123 -0.6830 0.6603
vn 0.1134 -0.9378 0.3282
vn 0.0476 -0.9955 -0.0824
vn -0.3595 -0.9049 -0.2277
vn -0.3139 -0.7831 -0.5368
vn -0.4197 -0.2815 -0.8629
vn -0.4510 0.0303 -0.8920
vn -0.1958 0.1944 -0.9612
vn 0.7272 0.6861 0.0188
vn 0.4552 0.8598 0.2311
vn 0.4399 0.8440 0.3069
vn 0.7391 -0.2171 0.6376
vn 0.4727 0.0055 0.8812
vn 0.2597 -0.1105 0.9594
vn -0.0860 -0.9276 0.3637
vn -0.3985 -0.7185 0.5700
vn -0.3756 -0.7231 0.5797
vn -0.5794 -0.4301 -0.6924
vn -0.8893 -0.2187 -0.4017
vn -0.8984 0.0750 -0.4328
vn -0.1429 0.5537 -0.8204
vn -0.3557 0.6873 -0.6333
vn -0.2148 0.8882 -0.4060
vn 0.0224 0.9730 0.2297
vn 0.0164 0.8575 0.5142
vn -0.2679 0.9123 0.3096
vn -0.2561 -0.0143 0.9665
vn 0.2692 0.4041 0.8742
vn 0.1901 -0.0543 0.9803
vn -0.3445 -0.5197 0.7818
vn -0.7877 -0.3991 0.4694
vn -0.7120 -0.3180 0.6261
vn -0.3836 0.9186 -0.0952
vn -0.6854 0.7276 -0.0284
vn -0.7320 0.5940 0.3336
vn -0.9695 -0.0596 0.2379
vn -0.9666 0.2081 0.1496
vn -0.9500 0.3014 -0.0821
vn -0.7858 -0.4157 -0.4579
vn -0.6571 -0.7321 0.1797
vn 0.5260 -0.7882 0.3193
vn 0.2497 -0.5912 0.7669
vn -0.7579 -0.6514 0.0338
vn 0.8681 0.4959 0.0215
vn -0.1369 0.2064 0.9688
vn -0.1381 0.2070 0.9685
vn -0.5956 0.2984 -0.7458
vn 0.5753 -0.2886 0.7654
vn -0.4511 -0.8925 0.0028
vn -0.4561 -0.8899 0.0064
vn 0.6079 -0.3042 0.7335
vn 0.8317 0.4070 0.3776
vn 0.5198 -0.8113 -0.2676
vn 0.5197 -0.8115 -0.2673
vn -0.3123 0.9263 0.2107
vn 0.2216 -0.2761 0.9352
vn 0.2258 0.3066 -0.9247
vn 0.2259 0.3065 -0.9247
vn 0.8372 -0.5465 0.0232
vn 0.7990 0.5995 0.0460
vn 0.2281 -0.3725 0.8995
vn -0.8220 -0.5688 -0.0267
vn 0.2037 -0.3413 0.9176
vn 0.2033 -0.3413 0.9177
vn 0.3175 -0.9483 -0.0018
vn 0.4295 -0.9030 0.0088
vn -0.8449 -0.5321 0.0539
vn -0.5363 0.8398 -0.0836
vn -0.4652 -0.8851 0.0116
vn 0.2558 -0.9122 -0.3202
vn -0.9230 -0.3634 0.1262
vn -0.3059 0.9022 0.3040
vn 0.3118 -0.9219 -0.2301
vn -0.3086 0.9093 0.2792
vn -0.3087 0.9092 0.2794
vn 0.1154 -0.0735 0.9906
vn -0.6773 -0.7353 0.0243
vn -0.4316 0.8897 0.1490
vn 0.4535 -0.8904 -0.0400
vn -0.8347 -0.4122 -0.3651
vn 0.8063 0.3850 0.4491
vn -0.8416 0.5394 -0.0270
vn 0.3558 0.3371 -0.8717
vn -0.8146 0.5800 -0.0081
vn -0.3077 0.4875 -0.8171
vn 0.1655 -0.1958 -0.9666
vn 0.4492 0.8934 -0.0001
vn 0.4491 -0.2256 0.8646
vn 0.5095 -0.2559 0.8216
vn -0.4610 -0.8874 0.0098
vn -0.8422 -0.5389 0.0191
vn -0.5363 0.8386 0.0961
vn 0.5375 -0.8421 -0.0445
vn 0.5310 -0.8291 0.1749
vn 0.5310 -0.8291 0.1751
vn 0.8401 0.5418 0.0260
vn -0.5355 0.8376 -0.1080
vn -0.8447 -0.5337 0.0409
vn 0.5314 -0.8297 0.1707
vn 0.5317 -0.8304 0.1667
vn 0.8406 0.5412 0.0212
vn 0.8409 0.5408 0.0174
vn -0.8449 -0.5328 0.0474
vn -0.8449 -0.5327 0.0477
vn -0.8448 -0.5333 0.0437
vn 0.5314 -0.8297 0.1710
vn 0.8405 0.5413 0.0219
vn 0.8406 0.5413 0.0216
vn -0.5357 0.8383 -0.1012
vn -0.5358 0.8383 -0.1009
vn -0.8449 -0.5327 0.0483
vn -0.8449 -0.5327 0.0484
vn 0.4997 0.8633 -0.0708
vn -0.9159 0.2492 -0.3147
vn 0.9638 -0.2338 -0.1280
vn -0.8097 0.0626 0.5836
vn 0.8163 -0.4870 -0.3108
vn 0.7536 0.2378 0.6129
vn 0.8196 -0.4681 0.3304
vn 0.6065 0.7312 0.3124
vn -0.8377 0.4729 0.2732
vn 0.0834 -0.9785 0.1886
vn 0.4331 -0.7203 0.5418
vn -0.3231 -0.7763 0.5412
vn 0.7672 0.2204 0.6023
vn -0.2608 0.8702 0.4181
vn 0.8845 0.4665 -0.0049
vn -0.3259 -0.7846 0.5274
vn 0.9392 -0.2161 -0.2667
vn 0.9183 -0.0780 -0.3880
vn 0.6872 -0.7263 0.0169
vn -0.6184 -0.6153 0.4888
vn 0.0416 -0.5243 -0.8505
vn 0.2619 -0.9397 0.2199
vn -0.0408 -0.8060 -0.5904
vn 0.5099 0.8511 0.1248
vn 0.1046 0.9052 0.4120
vn 0.0823 -0.6210 0.7795
vn 0.1572 0.9803 0.1195
vn 0.1893 -0.8998 -0.3930
vn 0.7911 -0.3579 0.4960
vn 0.1742 0.9774 0.1194
vn 0.4518 -0.3828 -0.8058
vn 0.3124 -0.6830 0.6603
vn 0.1134 -0.9378 0.3283
vn -0.4196 -0.2815 -0.8629
vn -0.0860 -0.9275 0.3637
vn -0.5794 -0.4301 -0.6923
vt 0.000000 0.000000
vt 0.181819 0.000000
vt 0.227273 0.078731
vt 0.136365 0.078731
vt 0.272728 0.157461
vt 0.318182 0.078731
vt 0.363637 0.157461
vt 0.909091 0.000000
vt 0.954545 0.078731
vt 0.863636 0.078731
vt 0.727273 0.000000
vt 0.772727 0.078731
vt 0.681818 0.078731
vt 0.545455 0.000000
vt 0.590909 0.078731
vt 0.500000 0.078731
vt 0.318182 0.236191
vt 0.090910 0.157461
vt 0.181819 0.157461
vt 0.136365 0.236191
vt 0.818182 0.157461
vt 0.909091 0.157461
vt 0.863636 0.236191
vt 0.636364 0.157461
vt 0.727273 0.157461
vt 0.681818 0.236191
vt 0.454546 0.157461
vt 0.545455 0.157461
vt 0.500000 0.236191
vt 0.227273 0.236191
vt 0.045455 0.236191
vt 0.772727 0.236191
vt 0.590909 0.236191
vt 0.409092 0.236191
vt 0.181819 0.314921
vt 0.272728 0.314921
vt 0.227273 0.393651
vt 0.000000 0.314921
vt 0.090910 0.314921
vt 0.045455 0.393651
vt 0.727273 0.314921
vt 0.818182 0.314921
vt 0.772727 0.393651
vt 0.545455 0.314921
vt 0.636364 0.314921
vt 0.590909 0.393651
vt 0.363637 0.314921
vt 0.454546 0.314921
vt 0.409092 0.393651
vt 0.500000 0.393651
vt 0.454546 0.472382
vt 0.681818 0.393651
vt 0.636364 0.472382
vt 0.863636 0.393651
vt 0.818182 0.472382
vt 0.909091 0.314921
vt 0.136365 0.393651
vt 0.090910 0.472382
vt 0.318182 0.393651
vt 0.272728 0.472382
vt 0.954545 0.236191
vt 1.000000 0.157461
vt 0.409092 0.078731
vt 0.363637 0.000000
s 1
usemtl Material.037
f 586/1/1 143/1/1 144/1/1
f 299/1/2 296/1/2 5/1/3 8/1/3
f 298/1/4 299/1/4 8/1/5 7/1/5
f 297/1/6 298/1/6 7/1/7 6/1/7
f 289/1/8 290/1/8 600/1/8
f 296/1/9 297/1/9 6/1/10 5/1/10
f 548/1/11 549/1/11 290/1/11
f 148/1/12 145/1/12 296/1/2 299/1/2
f 147/1/13 148/1/13 299/1/4 298/1/4
f 146/1/14 147/1/14 298/1/6 297/1/6
f 145/1/15 146/1/15 297/1/9 296/1/9
f 295/1/16 292/1/16 145/1/17 148/1/17
f 294/1/18 295/1/18 148/1/19 147/1/19
f 293/1/20 294/1/20 147/1/21 146/1/21
f 292/1/22 293/1/22 146/1/23 145/1/23
f 68/1/24 65/1/24 292/1/16 295/1/16
f 67/1/25 68/1/25 295/1/18 294/1/18
f 288/1/26 547/1/26 291/1/26
f 66/1/27 67/1/27 294/1/20 293/1/20
f 547/1/28 247/1/28 550/1/28
f 65/1/29 66/1/29 293/1/22 292/1/22
f 96/1/30 93/1/30 141/1/30 144/1/30
f 95/1/31 96/1/31 144/1/31 143/1/31
f 94/1/32 95/1/32 143/1/33 142/1/33
f 93/1/34 94/1/34 142/1/34 141/1/34
f 140/1/35 137/1/35 288/1/36 291/1/36
f 572/1/37 585/1/37 569/1/37
f 247/1/38 601/1/38 549/1/38 550/1/38
f 139/1/39 140/1/39 291/1/39 290/1/39
f 138/1/40 139/1/40 290/1/40 289/1/40
f 137/1/41 138/1/41 289/1/41 288/1/41
f 287/1/42 284/1/42 137/1/35 140/1/35
f 286/1/43 287/1/43 140/1/44 139/1/44
f 285/1/45 286/1/45 139/1/46 138/1/46
f 284/1/47 285/1/47 138/1/48 137/1/48
f 112/1/49 109/1/49 284/1/42 287/1/42
f 111/1/50 112/1/50 287/1/43 286/1/43
f 360/1/51 361/1/51 325/1/51
f 110/1/52 111/1/52 286/1/45 285/1/45
f 615/1/53 400/1/53 614/1/53
f 245/1/54 288/1/54 289/1/54 246/1/54
f 363/1/55 556/1/55 362/1/55
f 585/1/56 144/1/56 141/1/56 569/1/56
f 109/1/47 110/1/47 285/1/47 284/1/47
f 36/1/57 35/1/57 34/1/57 33/1/57
f 493/1/58 324/1/58 492/1/58
f 32/1/59 31/1/59 30/1/59 29/1/59
f 493/1/60 363/1/60 360/1/60
f 570/1/61 569/1/61 141/1/61 142/1/61
f 402/1/62 617/1/62 403/1/62
f 28/1/63 27/1/63 26/1/63 25/1/63
f 24/1/64 23/1/64 22/1/64 21/1/64
f 20/1/65 19/1/65 18/1/65 17/1/65
f 16/1/66 15/1/66 14/1/66 13/1/66
f 571/1/67 570/1/67 142/1/67 143/1/67
f 547/1/68 288/1/68 245/1/68 247/1/68
f 643/1/69 401/1/69 642/1/69
f 9/1/70 10/1/70 11/1/70 12/1/70
f 4/1/71 3/1/71 2/1/71 1/1/71
f 645/1/72 616/1/72 644/1/72
f 644/1/73 616/1/73 617/1/73 402/1/73
f 642/1/74 401/1/74 400/1/74 615/1/74
f 587/1/75 571/1/75 143/1/75 586/1/75
f 643/1/76 644/1/76 402/1/76 401/1/76
f 493/1/77 360/1/77 325/1/77 324/1/77
f 547/1/78 548/1/78 290/1/78 291/1/78
f 246/1/79 289/1/79 600/1/79 601/1/79
f 361/1/80 362/1/80 326/1/80 325/1/80
f 403/1/81 617/1/81 614/1/81 400/1/81
f 492/1/82 324/1/82 327/1/82 494/1/82
f 587/1/83 585/1/83 572/1/83 571/1/83
f 645/1/84 642/1/84 615/1/84 616/1/84
f 556/1/85 555/1/85 326/1/85 362/1/85
f 494/1/86 327/1/86 326/1/86 555/1/86
f 5/1/87 6/1/87 301/1/88 300/1/88
f 6/1/89 7/1/89 302/1/90 301/1/90
f 7/1/91 8/1/91 303/1/92 302/1/92
f 8/1/93 5/1/93 300/1/94 303/1/94
f 300/1/88 301/1/88 305/1/95 304/1/95
f 301/1/90 302/1/90 306/1/96 305/1/96
f 302/1/92 303/1/92 307/1/97 306/1/97
f 303/1/94 300/1/94 304/1/98 307/1/98
f 304/1/95 305/1/95 150/1/99 149/1/99
f 305/1/96 306/1/96 151/1/100 150/1/100
f 306/1/97 307/1/97 152/1/101 151/1/101
f 307/1/98 304/1/98 149/1/102 152/1/102
f 149/1/103 150/1/103 309/1/104 308/1/104
f 150/1/105 151/1/105 310/1/106 309/1/106
f 151/1/107 152/1/107 311/1/108 310/1/108
f 152/1/109 149/1/109 308/1/110 311/1/110
f 308/1/104 309/1/104 313/1/111 312/1/111
f 309/1/106 310/1/106 314/1/112 313/1/112
f 310/1/108 311/1/108 315/1/113 314/1/113
f 311/1/110 308/1/110 312/1/114 315/1/114
f 312/1/111 313/1/111 317/1/115 316/1/115
f 313/1/112 314/1/112 318/1/112 317/1/112
f 314/1/113 315/1/113 319/1/113 318/1/113
f 315/1/114 312/1/114 316/1/114 319/1/114
f 316/1/115 317/1/115 10/1/115 9/1/115
f 317/1/112 318/1/112 11/1/112 10/1/112
f 318/1/113 319/1/113 12/1/113 11/1/113
f 319/1/114 316/1/114 9/1/114 12/1/114
f 320/1/116 321/1/116 106/1/117 105/1/117
f 321/1/118 322/1/118 107/1/119 106/1/119
f 322/1/120 323/1/120 108/1/121 107/1/121
f 323/1/122 320/1/122 105/1/123 108/1/123
f 153/1/124 154/1/124 321/1/116 320/1/116
f 154/1/125 155/1/125 322/1/118 321/1/118
f 155/1/126 156/1/126 323/1/120 322/1/120
f 156/1/127 153/1/127 320/1/122 323/1/122
f 324/1/128 325/1/128 154/1/128 153/1/128
f 325/1/129 326/1/129 155/1/125 154/1/125
f 326/1/130 327/1/130 156/1/130 155/1/130
f 327/1/131 324/1/131 153/1/127 156/1/127
f 328/1/132 329/1/132 70/1/133 69/1/133
f 329/1/134 330/1/134 71/1/135 70/1/135
f 330/1/136 331/1/136 72/1/137 71/1/137
f 331/1/138 328/1/138 69/1/139 72/1/139
f 157/1/140 158/1/140 329/1/132 328/1/132
f 158/1/141 159/1/141 330/1/134 329/1/134
f 159/1/142 160/1/142 331/1/136 330/1/136
f 160/1/143 157/1/143 328/1/138 331/1/138
f 332/1/144 333/1/144 158/1/145 157/1/145
f 333/1/146 334/1/146 159/1/147 158/1/147
f 334/1/148 335/1/148 160/1/149 159/1/149
f 335/1/150 332/1/150 157/1/151 160/1/151
f 336/1/152 337/1/152 333/1/144 332/1/144
f 337/1/153 338/1/153 334/1/146 333/1/146
f 338/1/154 339/1/154 335/1/148 334/1/148
f 339/1/155 336/1/155 332/1/150 335/1/150
f 13/1/152 14/1/152 337/1/152 336/1/152
f 14/1/153 15/1/153 338/1/153 337/1/153
f 15/1/154 16/1/154 339/1/154 338/1/154
f 16/1/155 13/1/155 336/1/155 339/1/155
f 340/1/156 341/1/156 58/1/157 57/1/157
f 341/1/158 342/1/158 59/1/159 58/1/159
f 342/1/160 343/1/160 60/1/161 59/1/161
f 343/1/162 340/1/162 57/1/163 60/1/163
f 344/1/164 345/1/164 341/1/156 340/1/156
f 345/1/165 346/1/165 342/1/158 341/1/158
f 346/1/166 347/1/166 343/1/160 342/1/160
f 347/1/167 344/1/167 340/1/162 343/1/162
f 161/1/168 162/1/168 345/1/164 344/1/164
f 162/1/169 163/1/169 346/1/165 345/1/165
f 163/1/170 164/1/170 347/1/166 346/1/166
f 164/1/171 161/1/171 344/1/167 347/1/167
f 348/1/172 349/1/172 162/1/173 161/1/173
f 349/1/174 350/1/174 163/1/175 162/1/175
f 350/1/176 351/1/176 164/1/177 163/1/177
f 351/1/178 348/1/178 161/1/179 164/1/179
f 352/1/180 353/1/180 349/1/172 348/1/172
f 353/1/181 354/1/181 350/1/174 349/1/174
f 354/1/182 355/1/182 351/1/176 350/1/176
f 355/1/183 352/1/183 348/1/178 351/1/178
f 356/1/180 357/1/180 353/1/180 352/1/180
f 357/1/184 358/1/184 354/1/181 353/1/181
f 358/1/182 359/1/182 355/1/182 354/1/182
f 359/1/183 356/1/183 352/1/183 355/1/183
f 17/1/185 18/1/185 357/1/180 356/1/180
f 18/1/184 19/1/184 358/1/184 357/1/184
f 19/1/186 20/1/186 359/1/182 358/1/182
f 20/1/183 17/1/183 356/1/183 359/1/183
f 364/1/187 365/1/187 361/1/187 360/1/187
f 365/1/188 366/1/188 362/1/188 361/1/188
f 366/1/189 367/1/189 363/1/189 362/1/189
f 367/1/190 364/1/191 360/1/192 363/1/192
f 368/1/187 369/1/187 365/1/187 364/1/187
f 369/1/193 370/1/193 366/1/188 365/1/188
f 370/1/194 371/1/194 367/1/195 366/1/195
f 371/1/196 368/1/196 364/1/191 367/1/190
f 372/1/187 373/1/187 369/1/187 368/1/187
f 373/1/193 374/1/193 370/1/193 369/1/193
f 374/1/197 375/1/197 371/1/194 370/1/194
f 375/1/196 372/1/196 368/1/196 371/1/196
f 165/1/187 166/1/187 373/1/187 372/1/187
f 166/1/188 167/1/188 374/1/193 373/1/193
f 167/1/194 168/1/194 375/1/197 374/1/197
f 168/1/196 165/1/196 372/1/196 375/1/196
f 376/1/187 377/1/187 166/1/187 165/1/187
f 377/1/188 378/1/188 167/1/188 166/1/188
f 378/1/194 379/1/194 168/1/194 167/1/194
f 379/1/196 376/1/196 165/1/196 168/1/196
f 380/1/187 381/1/187 377/1/187 376/1/187
f 381/1/188 382/1/188 378/1/188 377/1/188
f 382/1/194 383/1/194 379/1/194 378/1/194
f 383/1/196 380/1/196 376/1/196 379/1/196
f 384/1/187 385/1/187 381/1/187 380/1/187
f 385/1/188 386/1/188 382/1/188 381/1/188
f 386/1/194 387/1/194 383/1/194 382/1/194
f 387/1/196 384/1/196 380/1/196 383/1/196
f 388/1/187 389/1/187 385/1/187 384/1/187
f 389/1/188 390/1/188 386/1/188 385/1/188
f 390/1/194 391/1/194 387/1/194 386/1/194
f 391/1/196 388/1/196 384/1/196 387/1/196
f 392/1/187 393/1/187 389/1/187 388/1/187
f 393/1/188 394/1/188 390/1/188 389/1/188
f 394/1/194 395/1/194 391/1/194 390/1/194
f 395/1/196 392/1/196 388/1/196 391/1/196
f 21/1/187 22/1/187 393/1/187 392/1/187
f 22/1/188 23/1/188 394/1/188 393/1/188
f 23/1/197 24/1/197 395/1/194 394/1/194
f 24/1/196 21/1/196 392/1/196 395/1/196
f 396/1/198 397/1/198 82/1/199 81/1/199
f 397/1/200 398/1/200 83/1/201 82/1/201
f 398/1/202 399/1/202 84/1/203 83/1/203
f 399/1/204 396/1/204 81/1/205 84/1/205
f 169/1/206 170/1/206 397/1/198 396/1/198
f 170/1/207 171/1/207 398/1/200 397/1/200
f 171/1/208 172/1/208 399/1/202 398/1/202
f 172/1/209 169/1/209 396/1/204 399/1/204
f 400/1/210 401/1/210 170/1/206 169/1/206
f 401/1/211 402/1/211 171/1/211 170/1/211
f 402/1/212 403/1/212 172/1/208 171/1/208
f 403/1/213 400/1/213 169/1/213 172/1/213
f 404/1/214 405/1/214 86/1/214 85/1/214
f 405/1/215 406/1/215 87/1/216 86/1/216
f 406/1/217 407/1/217 88/1/218 87/1/218
f 407/1/219 404/1/219 85/1/220 88/1/220
f 408/1/221 409/1/221 405/1/214 404/1/214
f 409/1/222 410/1/222 406/1/215 405/1/215
f 410/1/223 411/1/223 407/1/217 406/1/217
f 411/1/224 408/1/224 404/1/219 407/1/219
f 412/1/221 413/1/221 409/1/221 408/1/221
f 413/1/222 414/1/222 410/1/222 409/1/222
f 414/1/223 415/1/223 411/1/223 410/1/223
f 415/1/224 412/1/224 408/1/224 411/1/224
f 416/1/221 417/1/221 413/1/221 412/1/221
f 417/1/222 418/1/222 414/1/222 413/1/222
f 418/1/225 419/1/225 415/1/223 414/1/223
f 419/1/224 416/1/224 412/1/224 415/1/224
f 420/1/226 421/1/226 417/1/221 416/1/221
f 421/1/227 422/1/227 418/1/222 417/1/222
f 422/1/228 423/1/228 419/1/225 418/1/225
f 423/1/229 420/1/229 416/1/224 419/1/224
f 173/1/230 174/1/230 421/1/226 420/1/226
f 174/1/231 175/1/231 422/1/227 421/1/227
f 175/1/232 176/1/232 423/1/228 422/1/228
f 176/1/233 173/1/233 420/1/229 423/1/229
f 424/1/234 425/1/234 174/1/235 173/1/235
f 425/1/236 426/1/236 175/1/237 174/1/237
f 426/1/238 427/1/238 176/1/239 175/1/239
f 427/1/240 424/1/240 173/1/241 176/1/241
f 428/1/242 429/1/242 425/1/234 424/1/234
f 429/1/243 430/1/243 426/1/236 425/1/236
f 430/1/244 431/1/244 427/1/238 426/1/238
f 431/1/245 428/1/245 424/1/240 427/1/240
f 432/1/242 433/1/242 429/1/242 428/1/242
f 433/1/243 434/1/243 430/1/243 429/1/243
f 434/1/244 435/1/244 431/1/244 430/1/244
f 435/1/245 432/1/245 428/1/245 431/1/245
f 436/1/242 437/1/242 433/1/242 432/1/242
f 437/1/243 438/1/243 434/1/243 433/1/243
f 438/1/244 439/1/244 435/1/244 434/1/244
f 439/1/245 436/1/245 432/1/245 435/1/245
f 440/1/242 441/1/242 437/1/242 436/1/242
f 441/1/246 442/1/246 438/1/243 437/1/243
f 442/1/244 443/1/244 439/1/244 438/1/244
f 443/1/245 440/1/245 436/1/245 439/1/245
f 444/1/242 445/1/242 441/1/242 440/1/242
f 445/1/243 446/1/243 442/1/246 441/1/246
f 446/1/244 447/1/244 443/1/244 442/1/244
f 447/1/247 444/1/247 440/1/245 443/1/245
f 25/1/242 26/1/242 445/1/242 444/1/242
f 26/1/248 27/1/248 446/1/243 445/1/243
f 27/1/244 28/1/244 447/1/244 446/1/244
f 28/1/247 25/1/247 444/1/247 447/1/247
f 448/1/249 449/1/249 90/1/250 89/1/250
f 449/1/251 450/1/251 91/1/251 90/1/251
f 450/1/252 451/1/252 92/1/253 91/1/253
f 451/1/254 448/1/254 89/1/255 92/1/255
f 452/1/249 453/1/249 449/1/249 448/1/249
f 453/1/251 454/1/251 450/1/251 449/1/251
f 454/1/252 455/1/252 451/1/252 450/1/252
f 455/1/254 452/1/254 448/1/254 451/1/254
f 456/1/249 457/1/249 453/1/249 452/1/249
f 457/1/251 458/1/251 454/1/251 453/1/251
f 458/1/256 459/1/256 455/1/252 454/1/252
f 459/1/254 456/1/254 452/1/254 455/1/254
f 460/1/249 461/1/249 457/1/249 456/1/249
f 461/1/251 462/1/251 458/1/251 457/1/251
f 462/1/257 463/1/257 459/1/256 458/1/256
f 463/1/254 460/1/254 456/1/254 459/1/254
f 464/1/249 465/1/249 461/1/249 460/1/249
f 465/1/251 466/1/251 462/1/251 461/1/251
f 466/1/257 467/1/257 463/1/257 462/1/257
f 467/1/254 464/1/254 460/1/254 463/1/254
f 177/1/258 178/1/258 465/1/249 464/1/249
f 178/1/259 179/1/259 466/1/251 465/1/251
f 179/1/260 180/1/260 467/1/257 466/1/257
f 180/1/261 177/1/261 464/1/254 467/1/254
f 468/1/262 469/1/262 178/1/258 177/1/258
f 469/1/263 470/1/263 179/1/259 178/1/259
f 470/1/264 471/1/264 180/1/260 179/1/260
f 471/1/265 468/1/265 177/1/261 180/1/261
f 472/1/262 473/1/262 469/1/262 468/1/262
f 473/1/263 474/1/263 470/1/263 469/1/263
f 474/1/264 475/1/264 471/1/264 470/1/264
f 475/1/266 472/1/266 468/1/265 471/1/265
f 476/1/262 477/1/262 473/1/262 472/1/262
f 477/1/263 478/1/263 474/1/263 473/1/263
f 478/1/264 479/1/264 475/1/264 474/1/264
f 479/1/266 476/1/266 472/1/266 475/1/266
f 480/1/262 481/1/262 477/1/262 476/1/262
f 481/1/267 482/1/267 478/1/263 477/1/263
f 482/1/264 483/1/264 479/1/264 478/1/264
f 483/1/266 480/1/266 476/1/266 479/1/266
f 484/1/262 485/1/262 481/1/262 480/1/262
f 485/1/267 486/1/267 482/1/267 481/1/267
f 486/1/264 487/1/264 483/1/264 482/1/264
f 487/1/268 484/1/268 480/1/266 483/1/266
f 488/1/262 489/1/262 485/1/262 484/1/262
f 489/1/263 490/1/263 486/1/267 485/1/267
f 490/1/269 491/1/269 487/1/264 486/1/264
f 491/1/265 488/1/265 484/1/268 487/1/268
f 29/1/262 30/1/262 489/1/262 488/1/262
f 30/1/267 31/1/267 490/1/263 489/1/263
f 31/1/264 32/1/264 491/1/269 490/1/269
f 32/1/270 29/1/270 488/1/265 491/1/265
f 495/1/271 496/1/271 493/1/272 492/1/272
f 496/1/273 497/1/273 363/1/273 493/1/273
f 497/1/274 498/1/274 494/1/274 363/1/274
f 498/1/275 495/1/275 492/1/275 494/1/275
f 499/1/276 500/1/276 496/1/271 495/1/271
f 500/1/277 501/1/277 497/1/277 496/1/277
f 501/1/278 502/1/278 498/1/278 497/1/278
f 502/1/279 499/1/279 495/1/279 498/1/279
f 503/1/280 504/1/280 500/1/276 499/1/276
f 504/1/281 505/1/281 501/1/277 500/1/277
f 505/1/278 506/1/278 502/1/278 501/1/278
f 506/1/279 503/1/279 499/1/279 502/1/279
f 507/1/280 508/1/280 504/1/280 503/1/280
f 508/1/281 509/1/281 505/1/281 504/1/281
f 509/1/278 510/1/278 506/1/278 505/1/278
f 510/1/279 507/1/279 503/1/279 506/1/279
f 181/1/276 182/1/276 508/1/280 507/1/280
f 182/1/281 183/1/281 509/1/281 508/1/281
f 183/1/278 184/1/278 510/1/278 509/1/278
f 184/1/279 181/1/279 507/1/279 510/1/279
f 511/1/276 512/1/276 182/1/276 181/1/276
f 512/1/281 513/1/281 183/1/281 182/1/281
f 513/1/278 514/1/278 184/1/278 183/1/278
f 514/1/279 511/1/279 181/1/279 184/1/279
f 515/1/276 516/1/276 512/1/276 511/1/276
f 516/1/281 517/1/281 513/1/281 512/1/281
f 517/1/278 518/1/278 514/1/278 513/1/278
f 518/1/279 515/1/279 511/1/279 514/1/279
f 519/1/280 520/1/280 516/1/276 515/1/276
f 520/1/281 521/1/281 517/1/281 516/1/281
f 521/1/278 522/1/278 518/1/278 517/1/278
f 522/1/279 519/1/279 515/1/279 518/1/279
f 523/1/276 524/1/276 520/1/280 519/1/280
f 524/1/281 525/1/281 521/1/281 520/1/281
f 525/1/282 526/1/282 522/1/278 521/1/278
f 526/1/279 523/1/279 519/1/279 522/1/279
f 527/1/276 528/1/276 524/1/276 523/1/276
f 528/1/281 529/1/281 525/1/281 524/1/281
f 529/1/282 530/1/282 526/1/282 525/1/282
f 530/1/279 527/1/279 523/1/279 526/1/279
f 531/1/276 532/1/276 528/1/276 527/1/276
f 532/1/277 533/1/277 529/1/281 528/1/281
f 533/1/278 534/1/278 530/1/282 529/1/282
f 534/1/279 531/1/279 527/1/279 530/1/279
f 535/1/276 536/1/276 532/1/276 531/1/276
f 536/1/281 537/1/281 533/1/277 532/1/277
f 537/1/278 538/1/278 534/1/278 533/1/278
f 538/1/279 535/1/279 531/1/279 534/1/279
f 33/1/276 34/1/276 536/1/276 535/1/276
f 34/1/281 35/1/281 537/1/281 536/1/281
f 35/1/282 36/1/282 538/1/278 537/1/278
f 36/1/279 33/1/279 535/1/279 538/1/279
f 113/1/283 114/1/283 186/1/284 185/1/284
f 114/1/285 115/1/285 187/1/286 186/1/287
f 115/1/288 116/1/288 188/1/289 187/1/289
f 116/1/290 113/1/290 185/1/291 188/1/291
f 185/1/292 186/1/292 38/1/292 37/1/292
f 186/1/287 187/1/286 39/1/293 38/1/293
f 187/1/289 188/1/289 40/1/294 39/1/294
f 188/1/291 185/1/291 37/1/295 40/1/295
f 45/1/296 46/1/296 540/1/297 539/1/297
f 46/1/298 47/1/298 541/1/299 540/1/299
f 47/1/300 48/1/300 542/1/301 541/1/301
f 48/1/302 45/1/302 539/1/302 542/1/302
f 539/1/297 540/1/297 190/1/303 189/1/303
f 540/1/299 541/1/299 191/1/304 190/1/304
f 541/1/301 542/1/301 192/1/305 191/1/305
f 542/1/302 539/1/302 189/1/306 192/1/306
f 189/1/307 190/1/307 544/1/307 543/1/307
f 190/1/304 191/1/304 545/1/308 544/1/308
f 191/1/309 192/1/309 546/1/309 545/1/309
f 192/1/306 189/1/306 543/1/310 546/1/310
f 543/1/307 544/1/307 42/1/311 41/1/311
f 544/1/308 545/1/308 43/1/312 42/1/312
f 545/1/309 546/1/309 44/1/313 43/1/313
f 546/1/310 543/1/310 41/1/310 44/1/310
f 37/1/314 38/1/314 194/1/314 193/1/314
f 38/1/293 39/1/293 195/1/315 194/1/315
f 39/1/316 40/1/316 196/1/316 195/1/316
f 40/1/295 37/1/295 193/1/317 196/1/317
f 193/1/318 194/1/318 46/1/318 45/1/318
f 194/1/315 195/1/315 47/1/319 46/1/319
f 195/1/320 196/1/320 48/1/320 47/1/320
f 196/1/317 193/1/317 45/1/321 48/1/321
f 197/1/322 198/1/322 548/1/323 547/1/323
f 198/1/324 199/1/324 549/1/324 548/1/324
f 199/1/325 200/1/325 550/1/325 549/1/325
f 200/1/326 197/1/326 547/1/327 550/1/327
f 551/1/328 552/1/328 198/1/322 197/1/322
f 552/1/329 553/1/329 199/1/329 198/1/329
f 553/1/330 554/1/330 200/1/330 199/1/330
f 554/1/331 551/1/331 197/1/326 200/1/326
f 49/1/332 50/1/332 552/1/328 551/1/328
f 50/1/333 51/1/333 553/1/329 552/1/329
f 51/1/334 52/1/334 554/1/330 553/1/330
f 52/1/335 49/1/335 551/1/331 554/1/331
f 201/1/336 202/1/336 102/1/336 101/1/336
f 202/1/337 203/1/337 103/1/338 102/1/338
f 203/1/339 204/1/339 104/1/339 103/1/339
f 204/1/340 201/1/340 101/1/341 104/1/341
f 53/1/342 54/1/342 202/1/342 201/1/342
f 54/1/343 55/1/343 203/1/337 202/1/337
f 55/1/344 56/1/344 204/1/344 203/1/344
f 56/1/345 53/1/345 201/1/340 204/1/340
f 557/1/346 558/1/346 494/1/346 555/1/346
f 558/1/347 559/1/347 363/1/347 494/1/347
f 559/1/348 560/1/348 556/1/348 363/1/348
f 560/1/349 557/1/349 555/1/349 556/1/349
f 205/1/350 206/1/350 558/1/350 557/1/350
f 206/1/351 207/1/351 559/1/351 558/1/351
f 207/1/352 208/1/352 560/1/352 559/1/352
f 208/1/353 205/1/353 557/1/349 560/1/349
f 561/1/354 562/1/354 206/1/355 205/1/355
f 562/1/356 563/1/356 207/1/357 206/1/357
f 563/1/358 564/1/358 208/1/359 207/1/359
f 564/1/360 561/1/360 205/1/361 208/1/361
f 565/1/362 566/1/362 562/1/354 561/1/354
f 566/1/363 567/1/363 563/1/356 562/1/356
f 567/1/364 568/1/364 564/1/358 563/1/358
f 568/1/365 565/1/365 561/1/360 564/1/360
f 57/1/366 58/1/366 566/1/362 565/1/362
f 58/1/367 59/1/367 567/1/363 566/1/363
f 59/1/368 60/1/368 568/1/364 567/1/364
f 60/1/369 57/1/369 565/1/365 568/1/365
f 97/1/370 98/1/370 210/1/370 209/1/370
f 98/1/371 99/1/371 211/1/372 210/1/372
f 99/1/373 100/1/373 212/1/373 211/1/373
f 100/1/374 97/1/374 209/1/375 212/1/375
f 209/1/376 210/1/376 62/1/376 61/1/376
f 210/1/372 211/1/372 63/1/377 62/1/377
f 211/1/378 212/1/378 64/1/378 63/1/378
f 212/1/375 209/1/375 61/1/379 64/1/379
f 569/1/380 570/1/380 574/1/381 573/1/381
f 570/1/382 571/1/382 575/1/382 574/1/382
f 571/1/383 572/1/383 576/1/384 575/1/384
f 572/1/385 569/1/385 573/1/385 576/1/385
f 573/1/381 574/1/381 214/1/386 213/1/386
f 574/1/382 575/1/382 215/1/387 214/1/387
f 575/1/384 576/1/384 216/1/388 215/1/388
f 576/1/385 573/1/385 213/1/389 216/1/389
f 213/1/386 214/1/386 578/1/390 577/1/390
f 214/1/387 215/1/387 579/1/391 578/1/391
f 215/1/388 216/1/388 580/1/392 579/1/392
f 216/1/389 213/1/389 577/1/393 580/1/393
f 577/1/390 578/1/390 582/1/394 581/1/394
f 578/1/391 579/1/391 583/1/395 582/1/395
f 579/1/392 580/1/392 584/1/396 583/1/396
f 580/1/393 577/1/393 581/1/397 584/1/397
f 581/1/394 582/1/394 66/1/398 65/1/398
f 582/1/395 583/1/395 67/1/395 66/1/395
f 583/1/396 584/1/396 68/1/399 67/1/399
f 584/1/397 581/1/397 65/1/400 68/1/400
f 217/1/401 218/1/401 144/1/401 585/1/401
f 218/1/402 219/1/402 586/1/402 144/1/402
f 219/1/403 220/1/403 587/1/403 586/1/403
f 220/1/404 217/1/404 585/1/404 587/1/404
f 588/1/405 589/1/405 218/1/406 217/1/406
f 589/1/407 590/1/407 219/1/408 218/1/408
f 590/1/409 591/1/409 220/1/410 219/1/410
f 591/1/411 588/1/411 217/1/412 220/1/412
f 69/1/413 70/1/413 589/1/405 588/1/405
f 70/1/414 71/1/414 590/1/407 589/1/407
f 71/1/415 72/1/415 591/1/409 590/1/409
f 72/1/416 69/1/416 588/1/411 591/1/411
f 592/1/417 593/1/417 78/1/418 77/1/418
f 593/1/419 594/1/419 79/1/420 78/1/420
f 594/1/421 595/1/421 80/1/422 79/1/422
f 595/1/423 592/1/423 77/1/423 80/1/423
f 221/1/424 222/1/424 593/1/417 592/1/417
f 222/1/425 223/1/425 594/1/419 593/1/419
f 223/1/426 224/1/426 595/1/421 594/1/421
f 224/1/427 221/1/427 592/1/423 595/1/423
f 596/1/428 597/1/428 222/1/424 221/1/424
f 597/1/429 598/1/429 223/1/425 222/1/425
f 598/1/430 599/1/430 224/1/426 223/1/426
f 599/1/431 596/1/431 221/1/427 224/1/427
f 73/1/432 74/1/432 597/1/428 596/1/428
f 74/1/433 75/1/433 598/1/429 597/1/429
f 75/1/434 76/1/434 599/1/430 598/1/430
f 76/1/431 73/1/431 596/1/431 599/1/431
f 225/1/435 226/1/435 600/1/435 290/1/435
f 226/1/436 227/1/436 601/1/436 600/1/436
f 227/1/437 228/1/437 549/1/437 601/1/437
f 228/1/438 225/1/439 290/1/440 549/1/440
f 602/1/441 603/1/441 226/1/442 225/1/442
f 603/1/443 604/1/443 227/1/444 226/1/444
f 604/1/445 605/1/445 228/1/446 227/1/446
f 605/1/447 602/1/447 225/1/439 228/1/438
f 77/1/418 78/1/418 603/1/441 602/1/441
f 78/1/448 79/1/448 604/1/443 603/1/443
f 79/1/422 80/1/422 605/1/445 604/1/445
f 80/1/449 77/1/449 602/1/447 605/1/447
f 606/1/450 607/1/450 74/1/451 73/1/451
f 607/1/452 608/1/452 75/1/453 74/1/453
f 608/1/454 609/1/454 76/1/454 75/1/454
f 609/1/455 606/1/455 73/1/456 76/1/456
f 229/1/457 230/1/457 607/1/450 606/1/450
f 230/1/458 231/1/458 608/1/452 607/1/452
f 231/1/459 232/1/459 609/1/454 608/1/454
f 232/1/460 229/1/460 606/1/455 609/1/455
f 610/1/461 611/1/461 230/1/457 229/1/457
f 611/1/462 612/1/462 231/1/458 230/1/458
f 612/1/463 613/1/463 232/1/459 231/1/459
f 613/1/464 610/1/464 229/1/460 232/1/460
f 81/1/465 82/1/465 611/1/461 610/1/461
f 82/1/462 83/1/462 612/1/462 611/1/462
f 83/1/463 84/1/463 613/1/463 612/1/463
f 84/1/466 81/1/466 610/1/464 613/1/464
f 618/1/467 619/1/467 615/1/467 614/1/467
f 619/1/468 620/1/468 616/1/469 615/1/469
f 620/1/470 621/1/470 617/1/470 616/1/470
f 621/1/471 618/1/471 614/1/472 617/1/472
f 622/1/473 623/1/473 619/1/467 618/1/467
f 623/1/474 624/1/474 620/1/468 619/1/468
f 624/1/475 625/1/475 621/1/470 620/1/470
f 625/1/476 622/1/476 618/1/471 621/1/471
f 233/1/477 234/1/477 623/1/473 622/1/473
f 234/1/478 235/1/478 624/1/474 623/1/474
f 235/1/479 236/1/479 625/1/475 624/1/475
f 236/1/480 233/1/480 622/1/476 625/1/476
f 626/1/481 627/1/481 234/1/481 233/1/481
f 627/1/482 628/1/482 235/1/483 234/1/483
f 628/1/484 629/1/484 236/1/485 235/1/485
f 629/1/486 626/1/486 233/1/487 236/1/487
f 630/1/488 631/1/488 627/1/481 626/1/481
f 631/1/489 632/1/489 628/1/482 627/1/482
f 632/1/490 633/1/490 629/1/484 628/1/484
f 633/1/491 630/1/491 626/1/486 629/1/486
f 634/1/488 635/1/488 631/1/488 630/1/488
f 635/1/489 636/1/489 632/1/489 631/1/489
f 636/1/490 637/1/490 633/1/490 632/1/490
f 637/1/491 634/1/491 630/1/491 633/1/491
f 638/1/492 639/1/492 635/1/488 634/1/488
f 639/1/493 640/1/493 636/1/489 635/1/489
f 640/1/494 641/1/494 637/1/490 636/1/490
f 641/1/495 638/1/495 634/1/491 637/1/491
f 85/1/496 86/1/496 639/1/492 638/1/492
f 86/1/497 87/1/497 640/1/493 639/1/493
f 87/1/494 88/1/494 641/1/494 640/1/494
f 88/1/498 85/1/498 638/1/495 641/1/495
f 646/1/499 647/1/499 643/1/499 642/1/499
f 647/1/500 648/1/500 644/1/501 643/1/501
f 648/1/502 649/1/502 645/1/502 644/1/502
f 649/1/503 646/1/503 642/1/503 645/1/503
f 650/1/499 651/1/499 647/1/499 646/1/499
f 651/1/500 652/1/500 648/1/500 647/1/500
f 652/1/502 653/1/502 649/1/502 648/1/502
f 653/1/503 650/1/503 646/1/503 649/1/503
f 654/1/499 655/1/499 651/1/499 650/1/499
f 655/1/500 656/1/500 652/1/500 651/1/500
f 656/1/502 657/1/502 653/1/502 652/1/502
f 657/1/504 654/1/504 650/1/503 653/1/503
f 237/1/505 238/1/505 655/1/499 654/1/499
f 238/1/506 239/1/506 656/1/500 655/1/500
f 239/1/507 240/1/507 657/1/502 656/1/502
f 240/1/508 237/1/508 654/1/504 657/1/504
f 658/1/509 659/1/509 238/1/505 237/1/505
f 659/1/510 660/1/510 239/1/506 238/1/506
f 660/1/511 661/1/511 240/1/507 239/1/507
f 661/1/512 658/1/512 237/1/508 240/1/508
f 662/1/509 663/1/509 659/1/509 658/1/509
f 663/1/513 664/1/513 660/1/510 659/1/510
f 664/1/514 665/1/514 661/1/511 660/1/511
f 665/1/515 662/1/515 658/1/512 661/1/512
f 666/1/509 667/1/509 663/1/509 662/1/509
f 667/1/513 668/1/513 664/1/513 663/1/513
f 668/1/514 669/1/514 665/1/514 664/1/514
f 669/1/515 666/1/515 662/1/515 665/1/515
f 670/1/509 671/1/509 667/1/509 666/1/509
f 671/1/513 672/1/513 668/1/513 667/1/513
f 672/1/514 673/1/514 669/1/514 668/1/514
f 673/1/515 670/1/515 666/1/515 669/1/515
f 674/1/509 675/1/509 671/1/509 670/1/509
f 675/1/516 676/1/516 672/1/513 671/1/513
f 676/1/514 677/1/514 673/1/514 672/1/514
f 677/1/512 674/1/512 670/1/515 673/1/515
f 89/1/250 90/1/250 675/1/509 674/1/509
f 90/1/516 91/1/516 676/1/516 675/1/516
f 91/1/253 92/1/253 677/1/514 676/1/514
f 92/1/512 89/1/512 674/1/512 677/1/512
f 61/1/517 62/1/517 242/1/518 241/1/518
f 62/1/377 63/1/377 243/1/519 242/1/519
f 63/1/520 64/1/520 244/1/521 243/1/521
f 64/1/379 61/1/379 241/1/522 244/1/522
f 241/1/518 242/1/518 94/1/523 93/1/523
f 242/1/519 243/1/519 95/1/32 94/1/32
f 243/1/521 244/1/521 96/1/524 95/1/524
f 244/1/522 241/1/522 93/1/525 96/1/525
f 245/1/526 246/1/526 98/1/526 97/1/526
f 246/1/527 601/1/527 99/1/527 98/1/527
f 601/1/528 247/1/528 100/1/528 99/1/528
f 247/1/529 245/1/529 97/1/374 100/1/374
f 678/1/530 679/1/530 50/1/332 49/1/332
f 679/1/531 680/1/531 51/1/333 50/1/333
f 680/1/532 681/1/532 52/1/334 51/1/334
f 681/1/533 678/1/533 49/1/335 52/1/335
f 248/1/534 249/1/534 679/1/530 678/1/530
f 249/1/535 250/1/535 680/1/531 679/1/531
f 250/1/536 251/1/536 681/1/532 680/1/532
f 251/1/537 248/1/537 678/1/533 681/1/533
f 682/1/538 683/1/538 249/1/539 248/1/539
f 683/1/540 684/1/540 250/1/535 249/1/535
f 684/1/541 685/1/541 251/1/542 250/1/542
f 685/1/543 682/1/543 248/1/537 251/1/537
f 101/1/544 102/1/544 683/1/538 682/1/538
f 102/1/338 103/1/338 684/1/540 683/1/540
f 103/1/545 104/1/545 685/1/541 684/1/541
f 104/1/341 101/1/341 682/1/543 685/1/543
f 252/1/546 253/1/546 54/1/546 53/1/546
f 253/1/547 254/1/547 55/1/343 54/1/343
f 254/1/548 255/1/548 56/1/548 55/1/548
f 255/1/549 252/1/549 53/1/345 56/1/345
f 686/1/550 687/1/550 253/1/551 252/1/551
f 687/1/552 688/1/552 254/1/547 253/1/547
f 688/1/553 689/1/553 255/1/554 254/1/554
f 689/1/555 686/1/555 252/1/549 255/1/549
f 105/1/556 106/1/556 687/1/550 686/1/550
f 106/1/119 107/1/119 688/1/552 687/1/552
f 107/1/557 108/1/557 689/1/553 688/1/553
f 108/1/123 105/1/123 686/1/555 689/1/555
f 41/1/558 42/1/558 691/1/559 690/1/559
f 42/1/560 43/1/560 692/1/561 691/1/561
f 43/1/562 44/1/562 693/1/563 692/1/563
f 44/1/564 41/1/564 690/1/565 693/1/565
f 690/1/559 691/1/559 257/1/566 256/1/566
f 691/1/561 692/1/561 258/1/567 257/1/567
f 692/1/563 693/1/563 259/1/568 258/1/568
f 693/1/565 690/1/565 256/1/569 259/1/569
f 256/1/570 257/1/570 695/1/571 694/1/571
f 257/1/567 258/1/567 696/1/572 695/1/572
f 258/1/573 259/1/573 697/1/574 696/1/574
f 259/1/569 256/1/569 694/1/575 697/1/575
f 694/1/571 695/1/571 110/1/576 109/1/576
f 695/1/572 696/1/572 111/1/52 110/1/52
f 696/1/574 697/1/574 112/1/574 111/1/574
f 697/1/575 694/1/575 109/1/49 112/1/49
f 117/1/577 118/1/577 261/1/578 260/1/578
f 118/1/579 119/1/579 262/1/580 261/1/580
f 119/1/581 120/1/581 263/1/582 262/1/582
f 120/1/583 117/1/584 260/1/585 263/1/585
f 260/1/578 261/1/578 114/1/283 113/1/283
f 261/1/580 262/1/580 115/1/285 114/1/285
f 262/1/582 263/1/582 116/1/586 115/1/586
f 263/1/585 260/1/585 113/1/290 116/1/290
f 121/1/577 122/1/577 265/1/578 264/1/578
f 122/1/579 123/1/579 266/1/580 265/1/580
f 123/1/581 124/1/581 267/1/587 266/1/587
f 124/1/583 121/1/583 264/1/588 267/1/588
f 264/1/578 265/1/578 118/1/577 117/1/577
f 265/1/580 266/1/580 119/1/579 118/1/579
f 266/1/587 267/1/587 120/1/581 119/1/581
f 267/1/588 264/1/588 117/1/584 120/1/583
f 125/1/589 126/1/589 269/1/578 268/1/578
f 126/1/579 127/1/579 270/1/580 269/1/580
f 127/1/581 128/1/581 271/1/587 270/1/587
f 128/1/583 125/1/583 268/1/588 271/1/588
f 268/1/578 269/1/578 122/1/577 121/1/577
f 269/1/580 270/1/580 123/1/579 122/1/579
f 270/1/587 271/1/587 124/1/581 123/1/581
f 271/1/588 268/1/588 121/1/583 124/1/583
f 129/1/577 130/1/577 273/1/578 272/1/578
f 130/1/579 131/1/579 274/1/580 273/1/580
f 131/1/590 132/1/590 275/1/587 274/1/587
f 132/1/583 129/1/583 272/1/588 275/1/588
f 272/1/578 273/1/578 126/1/589 125/1/589
f 273/1/580 274/1/580 127/1/579 126/1/579
f 274/1/587 275/1/587 128/1/581 127/1/581
f 275/1/588 272/1/588 125/1/583 128/1/583
f 133/1/591 134/1/591 277/1/592 276/1/592
f 134/1/593 135/1/593 278/1/594 277/1/594
f 135/1/595 136/1/595 279/1/596 278/1/596
f 136/1/597 133/1/598 276/1/599 279/1/599
f 276/1/592 277/1/592 130/1/577 129/1/577
f 277/1/594 278/1/594 131/1/579 130/1/579
f 278/1/596 279/1/596 132/1/590 131/1/590
f 279/1/599 276/1/599 129/1/583 132/1/583
f 1/1/600 2/1/600 281/1/601 280/1/601
f 2/1/602 3/1/602 282/1/603 281/1/604
f 3/1/605 4/1/605 283/1/606 282/1/606
f 4/1/607 1/1/607 280/1/608 283/1/608
f 280/1/601 281/1/601 134/1/591 133/1/591
f 281/1/604 282/1/603 135/1/593 134/1/593
f 282/1/606 283/1/606 136/1/595 135/1/595
f 283/1/608 280/1/608 133/1/598 136/1/597
f 1577/1/1110 1134/1/1110 1135/1/1110
f 1290/1/1111 1287/1/1111 996/1/1112 999/1/1112
f 1289/1/1113 1290/1/1113 999/1/1114 998/1/1114
f 1288/1/1115 1289/1/1115 998/1/1116 997/1/1116
f 1280/1/1117 1281/1/1117 1591/1/1117
f 1287/1/1118 1288/1/1118 997/1/1119 996/1/1119
f 1539/1/1120 1540/1/1120 1281/1/1120
f 1139/1/1121 1136/1/1121 1287/1/1111 1290/1/1111
f 1138/1/1122 1139/1/1122 1290/1/1113 1289/1/1113
f 1137/1/1123 1138/1/1123 1289/1/1115 1288/1/1115
f 1136/1/1124 1137/1/1124 1288/1/1118 1287/1/1118
f 1286/1/1125 1283/1/1125 1136/1/1126 1139/1/1126
f 1285/1/1127 1286/1/1127 1139/1/1128 1138/1/1128
f 1284/1/1129 1285/1/1129 1138/1/1130 1137/1/1130
f 1283/1/1131 1284/1/1131 1137/1/1132 1136/1/1132
f 1059/1/1133 1056/1/1133 1283/1/1125 1286/1/1125
f 1058/1/1134 1059/1/1134 1286/1/1127 1285/1/1127
f 1279/1/1135 1538/1/1135 1282/1/1135
f 1057/1/1136 1058/1/1136 1285/1/1129 1284/1/1129
f 1538/1/1137 1238/1/1137 1541/1/1137
f 1056/1/1138 1057/1/1138 1284/1/1131 1283/1/1131
f 1087/1/1139 1084/1/1139 1132/1/1139 1135/1/1139
f 1086/1/1140 1087/1/1140 1135/1/1140 1134/1/1140
f 1085/1/1141 1086/1/1141 1134/1/1142 1133/1/1142
f 1084/1/1143 1085/1/1143 1133/1/1143 1132/1/1143
f 1131/1/1144 1128/1/1144 1279/1/1145 1282/1/1145
f 1563/1/1146 1576/1/1146 1560/1/1146
f 1238/1/1147 1592/1/1147 1540/1/1147 1541/1/1147
f 1130/1/1148 1131/1/1148 1282/1/1148 1281/1/1148
f 1129/1/1149 1130/1/1149 1281/1/1149 1280/1/1149
f 1128/1/1150 1129/1/1150 1280/1/1150 1279/1/1150
f 1278/1/1151 1275/1/1151 1128/1/1144 1131/1/1144
f 1277/1/1152 1278/1/1152 1131/1/1153 1130/1/1153
f 1276/1/1154 1277/1/1154 1130/1/1155 1129/1/1155
f 1275/1/1156 1276/1/1156 1129/1/1157 1128/1/1157
f 1103/1/1158 1100/1/1158 1275/1/1151 1278/1/1151
f 1102/1/1159 1103/1/1159 1278/1/1152 1277/1/1152
f 1351/1/1160 1352/1/1160 1316/1/1160
f 1101/1/1161 1102/1/1161 1277/1/1154 1276/1/1154
f 1606/1/1162 1391/1/1162 1605/1/1162
f 1236/1/1163 1279/1/1163 1280/1/1163 1237/1/1163
f 1354/1/1164 1547/1/1164 1353/1/1164
f 1576/1/1165 1135/1/1165 1132/1/1165 1560/1/1165
f 1100/1/1156 1101/1/1156 1276/1/1156 1275/1/1156
f 1027/1/1166 1026/1/1166 1025/1/1166 1024/1/1166
f 1484/1/1167 1315/1/1167 1483/1/1167
f 1023/1/1168 1022/1/1168 1021/1/1168 1020/1/1168
f 1484/1/1169 1354/1/1169 1351/1/1169
f 1561/1/1170 1560/1/1170 1132/1/1170 1133/1/1170
f 1393/1/1171 1608/1/1171 1394/1/1171
f 1019/1/1172 1018/1/1172 1017/1/1172 1016/1/1172
f 1015/1/1173 1014/1/1173 1013/1/1173 1012/1/1173
f 1011/1/1174 1010/1/1174 1009/1/1174 1008/1/1174
f 1007/1/1175 1006/1/1175 1005/1/1175 1004/1/1175
f 1562/1/1176 1561/1/1176 1133/1/1176 1134/1/1176
f 1538/1/1177 1279/1/1177 1236/1/1177 1238/1/1177
f 1634/1/1178 1392/1/1178 1633/1/1178
f 1000/1/1179 1001/1/1179 1002/1/1179 1003/1/1179
f 995/1/1180 994/1/1180 993/1/1180 992/1/1180
f 1636/1/1181 1607/1/1181 1635/1/1181
f 1635/1/1182 1607/1/1182 1608/1/1182 1393/1/1182
f 1633/1/1183 1392/1/1183 1391/1/1183 1606/1/1183
f 1578/1/1184 1562/1/1184 1134/1/1184 1577/1/1184
f 1634/1/1185 1635/1/1185 1393/1/1185 1392/1/1185
f 1484/1/1186 1351/1/1186 1316/1/1186 1315/1/1186
f 1538/1/1187 1539/1/1187 1281/1/1187 1282/1/1187
f 1237/1/1188 1280/1/1188 1591/1/1188 1592/1/1188
f 1352/1/1189 1353/1/1189 1317/1/1189 1316/1/1189
f 1394/1/1190 1608/1/1190 1605/1/1190 1391/1/1190
f 1483/1/1191 1315/1/1191 1318/1/1191 1485/1/1191
f 1578/1/1192 1576/1/1192 1563/1/1192 1562/1/1192
f 1636/1/1193 1633/1/1193 1606/1/1193 1607/1/1193
f 1547/1/1194 1546/1/1194 1317/1/1194 1353/1/1194
f 1485/1/1195 1318/1/1195 1317/1/1195 1546/1/1195
f 996/1/1196 997/1/1196 1292/1/1197 1291/1/1197
f 997/1/1198 998/1/1198 1293/1/1199 1292/1/1199
f 998/1/1200 999/1/1200 1294/1/1201 1293/1/1201
f 999/1/1202 996/1/1202 1291/1/1203 1294/1/1204
f 1291/1/1197 1292/1/1197 1296/1/1205 1295/1/1205
f 1292/1/1199 1293/1/1199 1297/1/1206 1296/1/1206
f 1293/1/1201 1294/1/1201 1298/1/1207 1297/1/1207
f 1294/1/1204 1291/1/1203 1295/1/1208 1298/1/1208
f 1295/1/1205 1296/1/1205 1141/1/1209 1140/1/1209
f 1296/1/1206 1297/1/1206 1142/1/1210 1141/1/1210
f 1297/1/1207 1298/1/1207 1143/1/1211 1142/1/1211
f 1298/1/1208 1295/1/1208 1140/1/1212 1143/1/1212
f 1140/1/1213 1141/1/1213 1300/1/1214 1299/1/1214
f 1141/1/1215 1142/1/1215 1301/1/1216 1300/1/1216
f 1142/1/1217 1143/1/1217 1302/1/1218 1301/1/1218
f 1143/1/1219 1140/1/1219 1299/1/1220 1302/1/1220
f 1299/1/1214 1300/1/1214 1304/1/1221 1303/1/1221
f 1300/1/1216 1301/1/1216 1305/1/1222 1304/1/1222
f 1301/1/1218 1302/1/1218 1306/1/1223 1305/1/1223
f 1302/1/1220 1299/1/1220 1303/1/1224 1306/1/1224
f 1303/1/1221 1304/1/1221 1308/1/1221 1307/1/1221
f 1304/1/1222 1305/1/1222 1309/1/1222 1308/1/1222
f 1305/1/1223 1306/1/1223 1310/1/1223 1309/1/1223
f 1306/1/1224 1303/1/1224 1307/1/1224 1310/1/1224
f 1307/1/1221 1308/1/1221 1001/1/1225 1000/1/1225
f 1308/1/1222 1309/1/1222 1002/1/1226 1001/1/1226
f 1309/1/1223 1310/1/1223 1003/1/1227 1002/1/1227
f 1310/1/1224 1307/1/1224 1000/1/1224 1003/1/1224
f 1311/1/1228 1312/1/1228 1097/1/1229 1096/1/1229
f 1312/1/1230 1313/1/1230 1098/1/1231 1097/1/1231
f 1313/1/1232 1314/1/1232 1099/1/1233 1098/1/1233
f 1314/1/1234 1311/1/1234 1096/1/1235 1099/1/1235
f 1144/1/1236 1145/1/1236 1312/1/1228 1311/1/1228
f 1145/1/1237 1146/1/1237 1313/1/1230 1312/1/1230
f 1146/1/1238 1147/1/1238 1314/1/1232 1313/1/1232
f 1147/1/1239 1144/1/1239 1311/1/1234 1314/1/1234
f 1315/1/1240 1316/1/1240 1145/1/1240 1144/1/1240
f 1316/1/1241 1317/1/1241 1146/1/1237 1145/1/1237
f 1317/1/1242 1318/1/1242 1147/1/1242 1146/1/1242
f 1318/1/1243 1315/1/1243 1144/1/1239 1147/1/1239
f 1319/1/1244 1320/1/1244 1061/1/1245 1060/1/1245
f 1320/1/1246 1321/1/1246 1062/1/1247 1061/1/1247
f 1321/1/1248 1322/1/1248 1063/1/1249 1062/1/1249
f 1322/1/1250 1319/1/1250 1060/1/1251 1063/1/1251
f 1148/1/1252 1149/1/1252 1320/1/1244 1319/1/1244
f 1149/1/1253 1150/1/1253 1321/1/1246 1320/1/1246
f 1150/1/1254 1151/1/1254 1322/1/1248 1321/1/1248
f 1151/1/1255 1148/1/1255 1319/1/1250 1322/1/1250
f 1323/1/1256 1324/1/1256 1149/1/1257 1148/1/1257
f 1324/1/1258 1325/1/1258 1150/1/1259 1149/1/1259
f 1325/1/1260 1326/1/1260 1151/1/1261 1150/1/1261
f 1326/1/1262 1323/1/1262 1148/1/1263 1151/1/1263
f 1327/1/1264 1328/1/1264 1324/1/1256 1323/1/1256
f 1328/1/1265 1329/1/1265 1325/1/1258 1324/1/1258
f 1329/1/1266 1330/1/1266 1326/1/1260 1325/1/1260
f 1330/1/1267 1327/1/1267 1323/1/1262 1326/1/1262
f 1004/1/1268 1005/1/1268 1328/1/1264 1327/1/1264
f 1005/1/1265 1006/1/1265 1329/1/1265 1328/1/1265
f 1006/1/1266 1007/1/1266 1330/1/1266 1329/1/1266
f 1007/1/1269 1004/1/1269 1327/1/1267 1330/1/1267
f 1331/1/1270 1332/1/1270 1049/1/1271 1048/1/1271
f 1332/1/1272 1333/1/1272 1050/1/1273 1049/1/1273
f 1333/1/1274 1334/1/1274 1051/1/1275 1050/1/1275
f 1334/1/1276 1331/1/1276 1048/1/1277 1051/1/1277
f 1335/1/1278 1336/1/1278 1332/1/1270 1331/1/1270
f 1336/1/1279 1337/1/1279 1333/1/1272 1332/1/1272
f 1337/1/1280 1338/1/1280 1334/1/1274 1333/1/1274
f 1338/1/1281 1335/1/1281 1331/1/1276 1334/1/1276
f 1152/1/1282 1153/1/1282 1336/1/1278 1335/1/1278
f 1153/1/1283 1154/1/1283 1337/1/1279 1336/1/1279
f 1154/1/1284 1155/1/1284 1338/1/1280 1337/1/1280
f 1155/1/1285 1152/1/1285 1335/1/1281 1338/1/1281
f 1339/1/1286 1340/1/1286 1153/1/1287 1152/1/1287
f 1340/1/1288 1341/1/1288 1154/1/1289 1153/1/1289
f 1341/1/1290 1342/1/1290 1155/1/1291 1154/1/1291
f 1342/1/1292 1339/1/1292 1152/1/1293 1155/1/1293
f 1343/1/1294 1344/1/1294 1340/1/1286 1339/1/1286
f 1344/1/1295 1345/1/1295 1341/1/1288 1340/1/1288
f 1345/1/1296 1346/1/1296 1342/1/1290 1341/1/1290
f 1346/1/1297 1343/1/1297 1339/1/1292 1342/1/1292
f 1347/1/1294 1348/1/1294 1344/1/1294 1343/1/1294
f 1348/1/1295 1349/1/1295 1345/1/1295 1344/1/1295
f 1349/1/1296 1350/1/1296 1346/1/1296 1345/1/1296
f 1350/1/1297 1347/1/1297 1343/1/1297 1346/1/1297
f 1008/1/1298 1009/1/1298 1348/1/1294 1347/1/1294
f 1009/1/1288 1010/1/1288 1349/1/1295 1348/1/1295
f 1010/1/1296 1011/1/1296 1350/1/1296 1349/1/1296
f 1011/1/1297 1008/1/1297 1347/1/1297 1350/1/1297
f 1355/1/1299 1356/1/1299 1352/1/1299 1351/1/1299
f 1356/1/1300 1357/1/1300 1353/1/1301 1352/1/1301
f 1357/1/1302 1358/1/1302 1354/1/1302 1353/1/1302
f 1358/1/1303 1355/1/1304 1351/1/1305 1354/1/1305
f 1359/1/1306 1360/1/1306 1356/1/1299 1355/1/1299
f 1360/1/1307 1361/1/1307 1357/1/1300 1356/1/1300
f 1361/1/1308 1362/1/1308 1358/1/1309 1357/1/1309
f 1362/1/1310 1359/1/1310 1355/1/1304 1358/1/1303
f 1363/1/1306 1364/1/1306 1360/1/1306 1359/1/1306
f 1364/1/1307 1365/1/1307 1361/1/1307 1360/1/1307
f 1365/1/1311 1366/1/1311 1362/1/1308 1361/1/1308
f 1366/1/1310 1363/1/1310 1359/1/1310 1362/1/1310
f 1156/1/1299 1157/1/1299 1364/1/1306 1363/1/1306
f 1157/1/1301 1158/1/1301 1365/1/1307 1364/1/1307
f 1158/1/1308 1159/1/1308 1366/1/1311 1365/1/1311
f 1159/1/1310 1156/1/1310 1363/1/1310 1366/1/1310
f 1367/1/1299 1368/1/1299 1157/1/1299 1156/1/1299
f 1368/1/1301 1369/1/1301 1158/1/1301 1157/1/1301
f 1369/1/1308 1370/1/1308 1159/1/1308 1158/1/1308
f 1370/1/1310 1367/1/1310 1156/1/1310 1159/1/1310
f 1371/1/1299 1372/1/1299 1368/1/1299 1367/1/1299
f 1372/1/1300 1373/1/1300 1369/1/1301 1368/1/1301
f 1373/1/1308 1374/1/1308 1370/1/1308 1369/1/1308
f 1374/1/1310 1371/1/1310 1367/1/1310 1370/1/1310
f 1375/1/1299 1376/1/1299 1372/1/1299 1371/1/1299
f 1376/1/1300 1377/1/1300 1373/1/1300 1372/1/1300
f 1377/1/1308 1378/1/1308 1374/1/1308 1373/1/1308
f 1378/1/1310 1375/1/1310 1371/1/1310 1374/1/1310
f 1379/1/1299 1380/1/1299 1376/1/1299 1375/1/1299
f 1380/1/1301 1381/1/1301 1377/1/1300 1376/1/1300
f 1381/1/1308 1382/1/1308 1378/1/1308 1377/1/1308
f 1382/1/1310 1379/1/1310 1375/1/1310 1378/1/1310
f 1383/1/1299 1384/1/1299 1380/1/1299 1379/1/1299
f 1384/1/1301 1385/1/1301 1381/1/1301 1380/1/1301
f 1385/1/1308 1386/1/1308 1382/1/1308 1381/1/1308
f 1386/1/1310 1383/1/1310 1379/1/1310 1382/1/1310
f 1012/1/1306 1013/1/1306 1384/1/1299 1383/1/1299
f 1013/1/1307 1014/1/1307 1385/1/1301 1384/1/1301
f 1014/1/1311 1015/1/1311 1386/1/1308 1385/1/1308
f 1015/1/1312 1012/1/1312 1383/1/1310 1386/1/1310
f 1387/1/1313 1388/1/1313 1073/1/1314 1072/1/1314
f 1388/1/1315 1389/1/1315 1074/1/1316 1073/1/1316
f 1389/1/1317 1390/1/1317 1075/1/1318 1074/1/1318
f 1390/1/1319 1387/1/1319 1072/1/1320 1075/1/1320
f 1160/1/1321 1161/1/1321 1388/1/1313 1387/1/1313
f 1161/1/1322 1162/1/1322 1389/1/1315 1388/1/1315
f 1162/1/1323 1163/1/1323 1390/1/1317 1389/1/1317
f 1163/1/1324 1160/1/1324 1387/1/1319 1390/1/1319
f 1391/1/1325 1392/1/1325 1161/1/1321 1160/1/1321
f 1392/1/1326 1393/1/1326 1162/1/1326 1161/1/1326
f 1393/1/1327 1394/1/1327 1163/1/1323 1162/1/1323
f 1394/1/1328 1391/1/1328 1160/1/1328 1163/1/1328
f 1395/1/1329 1396/1/1329 1077/1/1329 1076/1/1329
f 1396/1/1330 1397/1/1330 1078/1/1331 1077/1/1331
f 1397/1/1332 1398/1/1332 1079/1/1333 1078/1/1333
f 1398/1/1334 1395/1/1334 1076/1/1335 1079/1/1335
f 1399/1/1329 1400/1/1329 1396/1/1329 1395/1/1329
f 1400/1/1336 1401/1/1336 1397/1/1330 1396/1/1330
f 1401/1/1337 1402/1/1337 1398/1/1332 1397/1/1332
f 1402/1/1338 1399/1/1338 1395/1/1334 1398/1/1334
f 1403/1/1329 1404/1/1329 1400/1/1329 1399/1/1329
f 1404/1/1339 1405/1/1339 1401/1/1336 1400/1/1336
f 1405/1/1337 1406/1/1337 1402/1/1337 1401/1/1337
f 1406/1/1338 1403/1/1338 1399/1/1338 1402/1/1338
f 1407/1/1329 1408/1/1329 1404/1/1329 1403/1/1329
f 1408/1/1339 1409/1/1339 1405/1/1339 1404/1/1339
f 1409/1/1340 1410/1/1340 1406/1/1337 1405/1/1337
f 1410/1/1341 1407/1/1341 1403/1/1338 1406/1/1338
f 1411/1/1342 1412/1/1342 1408/1/1329 1407/1/1329
f 1412/1/1343 1413/1/1343 1409/1/1339 1408/1/1339
f 1413/1/1340 1414/1/1340 1410/1/1340 1409/1/1340
f 1414/1/1344 1411/1/1344 1407/1/1341 1410/1/1341
f 1164/1/1345 1165/1/1345 1412/1/1342 1411/1/1342
f 1165/1/1346 1166/1/1346 1413/1/1343 1412/1/1343
f 1166/1/1347 1167/1/1347 1414/1/1340 1413/1/1340
f 1167/1/1348 1164/1/1348 1411/1/1344 1414/1/1344
f 1415/1/1349 1416/1/1349 1165/1/1350 1164/1/1350
f 1416/1/1351 1417/1/1351 1166/1/1352 1165/1/1352
f 1417/1/1353 1418/1/1353 1167/1/1354 1166/1/1354
f 1418/1/1355 1415/1/1355 1164/1/1356 1167/1/1356
f 1419/1/1349 1420/1/1349 1416/1/1349 1415/1/1349
f 1420/1/1357 1421/1/1357 1417/1/1351 1416/1/1351
f 1421/1/1358 1422/1/1358 1418/1/1353 1417/1/1353
f 1422/1/1355 1419/1/1355 1415/1/1355 1418/1/1355
f 1423/1/1349 1424/1/1349 1420/1/1349 1419/1/1349
f 1424/1/1359 1425/1/1359 1421/1/1357 1420/1/1357
f 1425/1/1360 1426/1/1360 1422/1/1358 1421/1/1358
f 1426/1/1361 1423/1/1361 1419/1/1355 1422/1/1355
f 1427/1/1349 1428/1/1349 1424/1/1349 1423/1/1349
f 1428/1/1357 1429/1/1357 1425/1/1359 1424/1/1359
f 1429/1/1360 1430/1/1360 1426/1/1360 1425/1/1360
f 1430/1/1361 1427/1/1361 1423/1/1361 1426/1/1361
f 1431/1/1362 1432/1/1362 1428/1/1349 1427/1/1349
f 1432/1/1357 1433/1/1357 1429/1/1357 1428/1/1357
f 1433/1/1360 1434/1/1360 1430/1/1360 1429/1/1360
f 1434/1/1361 1431/1/1361 1427/1/1361 1430/1/1361
f 1435/1/1349 1436/1/1349 1432/1/1362 1431/1/1362
f 1436/1/1359 1437/1/1359 1433/1/1357 1432/1/1357
f 1437/1/1360 1438/1/1360 1434/1/1360 1433/1/1360
f 1438/1/1361 1435/1/1361 1431/1/1361 1434/1/1361
f 1016/1/1349 1017/1/1349 1436/1/1349 1435/1/1349
f 1017/1/1363 1018/1/1363 1437/1/1359 1436/1/1359
f 1018/1/1360 1019/1/1360 1438/1/1360 1437/1/1360
f 1019/1/1361 1016/1/1361 1435/1/1361 1438/1/1361
f 1439/1/1364 1440/1/1364 1081/1/1365 1080/1/1365
f 1440/1/1366 1441/1/1366 1082/1/1367 1081/1/1367
f 1441/1/1368 1442/1/1368 1083/1/1369 1082/1/1369
f 1442/1/1370 1439/1/1370 1080/1/1371 1083/1/1371
f 1443/1/1372 1444/1/1372 1440/1/1364 1439/1/1364
f 1444/1/1366 1445/1/1366 1441/1/1366 1440/1/1366
f 1445/1/1368 1446/1/1368 1442/1/1368 1441/1/1368
f 1446/1/1370 1443/1/1370 1439/1/1370 1442/1/1370
f 1447/1/1372 1448/1/1372 1444/1/1372 1443/1/1372
f 1448/1/1366 1449/1/1366 1445/1/1366 1444/1/1366
f 1449/1/1368 1450/1/1368 1446/1/1368 1445/1/1368
f 1450/1/1370 1447/1/1370 1443/1/1370 1446/1/1370
f 1451/1/1372 1452/1/1372 1448/1/1372 1447/1/1372
f 1452/1/1366 1453/1/1366 1449/1/1366 1448/1/1366
f 1453/1/1368 1454/1/1368 1450/1/1368 1449/1/1368
f 1454/1/1370 1451/1/1370 1447/1/1370 1450/1/1370
f 1455/1/1372 1456/1/1372 1452/1/1372 1451/1/1372
f 1456/1/1366 1457/1/1366 1453/1/1366 1452/1/1366
f 1457/1/1368 1458/1/1368 1454/1/1368 1453/1/1368
f 1458/1/1370 1455/1/1370 1451/1/1370 1454/1/1370
f 1168/1/1373 1169/1/1373 1456/1/1372 1455/1/1372
f 1169/1/1374 1170/1/1374 1457/1/1366 1456/1/1366
f 1170/1/1375 1171/1/1375 1458/1/1368 1457/1/1368
f 1171/1/1376 1168/1/1376 1455/1/1370 1458/1/1370
f 1459/1/1377 1460/1/1377 1169/1/1373 1168/1/1373
f 1460/1/1378 1461/1/1378 1170/1/1374 1169/1/1374
f 1461/1/1379 1462/1/1379 1171/1/1375 1170/1/1375
f 1462/1/1380 1459/1/1380 1168/1/1376 1171/1/1376
f 1463/1/1377 1464/1/1377 1460/1/1377 1459/1/1377
f 1464/1/1378 1465/1/1378 1461/1/1378 1460/1/1378
f 1465/1/1379 1466/1/1379 1462/1/1379 1461/1/1379
f 1466/1/1381 1463/1/1381 1459/1/1380 1462/1/1380
f 1467/1/1377 1468/1/1377 1464/1/1377 1463/1/1377
f 1468/1/1378 1469/1/1378 1465/1/1378 1464/1/1378
f 1469/1/1379 1470/1/1379 1466/1/1379 1465/1/1379
f 1470/1/1381 1467/1/1381 1463/1/1381 1466/1/1381
f 1471/1/1377 1472/1/1377 1468/1/1377 1467/1/1377
f 1472/1/1382 1473/1/1382 1469/1/1378 1468/1/1378
f 1473/1/1379 1474/1/1379 1470/1/1379 1469/1/1379
f 1474/1/1381 1471/1/1381 1467/1/1381 1470/1/1381
f 1475/1/1383 1476/1/1383 1472/1/1377 1471/1/1377
f 1476/1/1382 1477/1/1382 1473/1/1382 1472/1/1382
f 1477/1/1379 1478/1/1379 1474/1/1379 1473/1/1379
f 1478/1/1381 1475/1/1381 1471/1/1381 1474/1/1381
f 1479/1/1383 1480/1/1383 1476/1/1383 1475/1/1383
f 1480/1/1378 1481/1/1378 1477/1/1382 1476/1/1382
f 1481/1/1384 1482/1/1384 1478/1/1379 1477/1/1379
f 1482/1/1380 1479/1/1380 1475/1/1381 1478/1/1381
f 1020/1/1377 1021/1/1377 1480/1/1383 1479/1/1383
f 1021/1/1382 1022/1/1382 1481/1/1378 1480/1/1378
f 1022/1/1379 1023/1/1379 1482/1/1384 1481/1/1384
f 1023/1/1380 1020/1/1380 1479/1/1380 1482/1/1380
f 1486/1/1385 1487/1/1385 1484/1/1385 1483/1/1385
f 1487/1/1386 1488/1/1386 1354/1/1386 1484/1/1386
f 1488/1/1387 1489/1/1387 1485/1/1387 1354/1/1387
f 1489/1/1388 1486/1/1388 1483/1/1388 1485/1/1388
f 1490/1/1389 1491/1/1389 1487/1/1385 1486/1/1385
f 1491/1/1390 1492/1/1390 1488/1/1390 1487/1/1390
f 1492/1/1391 1493/1/1391 1489/1/1391 1488/1/1391
f 1493/1/1392 1490/1/1392 1486/1/1392 1489/1/1392
f 1494/1/1385 1495/1/1385 1491/1/1389 1490/1/1389
f 1495/1/1390 1496/1/1390 1492/1/1390 1491/1/1390
f 1496/1/1391 1497/1/1391 1493/1/1391 1492/1/1391
f 1497/1/1392 1494/1/1392 1490/1/1392 1493/1/1392
f 1498/1/1385 1499/1/1385 1495/1/1385 1494/1/1385
f 1499/1/1390 1500/1/1390 1496/1/1390 1495/1/1390
f 1500/1/1391 1501/1/1391 1497/1/1391 1496/1/1391
f 1501/1/1392 1498/1/1392 1494/1/1392 1497/1/1392
f 1172/1/1389 1173/1/1389 1499/1/1385 1498/1/1385
f 1173/1/1390 1174/1/1390 1500/1/1390 1499/1/1390
f 1174/1/1391 1175/1/1391 1501/1/1391 1500/1/1391
f 1175/1/1392 1172/1/1392 1498/1/1392 1501/1/1392
f 1502/1/1389 1503/1/1389 1173/1/1389 1172/1/1389
f 1503/1/1390 1504/1/1390 1174/1/1390 1173/1/1390
f 1504/1/1391 1505/1/1391 1175/1/1391 1174/1/1391
f 1505/1/1392 1502/1/1392 1172/1/1392 1175/1/1392
f 1506/1/1389 1507/1/1389 1503/1/1389 1502/1/1389
f 1507/1/1390 1508/1/1390 1504/1/1390 1503/1/1390
f 1508/1/1391 1509/1/1391 1505/1/1391 1504/1/1391
f 1509/1/1392 1506/1/1392 1502/1/1392 1505/1/1392
f 1510/1/1385 1511/1/1385 1507/1/1389 1506/1/1389
f 1511/1/1390 1512/1/1390 1508/1/1390 1507/1/1390
f 1512/1/1391 1513/1/1391 1509/1/1391 1508/1/1391
f 1513/1/1392 1510/1/1392 1506/1/1392 1509/1/1392
f 1514/1/1389 1515/1/1389 1511/1/1385 1510/1/1385
f 1515/1/1393 1516/1/1393 1512/1/1390 1511/1/1390
f 1516/1/1394 1517/1/1394 1513/1/1391 1512/1/1391
f 1517/1/1392 1514/1/1392 1510/1/1392 1513/1/1392
f 1518/1/1389 1519/1/1389 1515/1/1389 1514/1/1389
f 1519/1/1390 1520/1/1390 1516/1/1393 1515/1/1393
f 1520/1/1394 1521/1/1394 1517/1/1394 1516/1/1394
f 1521/1/1392 1518/1/1392 1514/1/1392 1517/1/1392
f 1522/1/1385 1523/1/1385 1519/1/1389 1518/1/1389
f 1523/1/1390 1524/1/1390 1520/1/1390 1519/1/1390
f 1524/1/1391 1525/1/1391 1521/1/1394 1520/1/1394
f 1525/1/1392 1522/1/1392 1518/1/1392 1521/1/1392
f 1526/1/1389 1527/1/1389 1523/1/1385 1522/1/1385
f 1527/1/1390 1528/1/1390 1524/1/1390 1523/1/1390
f 1528/1/1391 1529/1/1391 1525/1/1391 1524/1/1391
f 1529/1/1392 1526/1/1392 1522/1/1392 1525/1/1392
f 1024/1/1389 1025/1/1389 1527/1/1389 1526/1/1389
f 1025/1/1390 1026/1/1390 1528/1/1390 1527/1/1390
f 1026/1/1391 1027/1/1391 1529/1/1391 1528/1/1391
f 1027/1/1392 1024/1/1392 1526/1/1392 1529/1/1392
f 1104/1/1395 1105/1/1395 1177/1/1396 1176/1/1396
f 1105/1/1397 1106/1/1397 1178/1/1398 1177/1/1398
f 1106/1/1399 1107/1/1399 1179/1/1400 1178/1/1400
f 1107/1/1401 1104/1/1401 1176/1/1402 1179/1/1402
f 1176/1/1403 1177/1/1403 1029/1/1403 1028/1/1403
f 1177/1/1398 1178/1/1398 1030/1/1404 1029/1/1404
f 1178/1/1400 1179/1/1400 1031/1/1405 1030/1/1405
f 1179/1/1402 1176/1/1402 1028/1/1406 1031/1/1406
f 1036/1/1407 1037/1/1407 1531/1/1408 1530/1/1408
f 1037/1/1409 1038/1/1409 1532/1/1410 1531/1/1410
f 1038/1/1411 1039/1/1411 1533/1/1412 1532/1/1412
f 1039/1/1413 1036/1/1413 1530/1/1414 1533/1/1414
f 1530/1/1408 1531/1/1408 1181/1/1415 1180/1/1415
f 1531/1/1410 1532/1/1410 1182/1/1416 1181/1/1416
f 1532/1/1412 1533/1/1412 1183/1/1417 1182/1/1417
f 1533/1/1414 1530/1/1414 1180/1/1418 1183/1/1418
f 1180/1/1419 1181/1/1419 1535/1/1420 1534/1/1420
f 1181/1/1416 1182/1/1416 1536/1/1421 1535/1/1421
f 1182/1/1422 1183/1/1422 1537/1/1422 1536/1/1422
f 1183/1/1418 1180/1/1418 1534/1/1423 1537/1/1423
f 1534/1/1420 1535/1/1420 1033/1/1424 1032/1/1424
f 1535/1/1421 1536/1/1421 1034/1/1425 1033/1/1425
f 1536/1/1422 1537/1/1422 1035/1/1426 1034/1/1426
f 1537/1/1423 1534/1/1423 1032/1/1423 1035/1/1423
f 1028/1/1427 1029/1/1427 1185/1/1427 1184/1/1427
f 1029/1/1404 1030/1/1404 1186/1/1428 1185/1/1428
f 1030/1/1429 1031/1/1429 1187/1/1429 1186/1/1429
f 1031/1/1406 1028/1/1406 1184/1/1430 1187/1/1430
f 1184/1/1431 1185/1/1431 1037/1/1431 1036/1/1431
f 1185/1/1428 1186/1/1428 1038/1/1432 1037/1/1432
f 1186/1/1433 1187/1/1433 1039/1/1433 1038/1/1433
f 1187/1/1430 1184/1/1430 1036/1/1434 1039/1/1434
f 1188/1/1435 1189/1/1435 1539/1/1436 1538/1/1436
f 1189/1/1437 1190/1/1437 1540/1/1437 1539/1/1437
f 1190/1/1438 1191/1/1438 1541/1/1438 1540/1/1438
f 1191/1/1439 1188/1/1439 1538/1/1440 1541/1/1440
f 1542/1/1441 1543/1/1441 1189/1/1435 1188/1/1435
f 1543/1/1442 1544/1/1442 1190/1/1443 1189/1/1443
f 1544/1/1444 1545/1/1444 1191/1/1445 1190/1/1445
f 1545/1/1446 1542/1/1446 1188/1/1439 1191/1/1439
f 1040/1/1447 1041/1/1447 1543/1/1441 1542/1/1441
f 1041/1/1448 1042/1/1448 1544/1/1442 1543/1/1442
f 1042/1/1449 1043/1/1449 1545/1/1444 1544/1/1444
f 1043/1/1450 1040/1/1450 1542/1/1446 1545/1/1446
f 1192/1/1451 1193/1/1451 1093/1/1451 1092/1/1451
f 1193/1/1452 1194/1/1452 1094/1/1453 1093/1/1453
f 1194/1/1454 1195/1/1454 1095/1/1454 1094/1/1454
f 1195/1/1455 1192/1/1455 1092/1/1456 1095/1/1456
f 1044/1/1457 1045/1/1457 1193/1/1457 1192/1/1457
f 1045/1/1458 1046/1/1458 1194/1/1452 1193/1/1452
f 1046/1/1459 1047/1/1459 1195/1/1459 1194/1/1459
f 1047/1/1460 1044/1/1460 1192/1/1455 1195/1/1455
f 1548/1/1461 1549/1/1461 1485/1/1461 1546/1/1461
f 1549/1/1462 1550/1/1462 1354/1/1462 1485/1/1462
f 1550/1/1463 1551/1/1463 1547/1/1463 1354/1/1463
f 1551/1/1464 1548/1/1464 1546/1/1465 1547/1/1465
f 1196/1/1466 1197/1/1466 1549/1/1466 1548/1/1466
f 1197/1/1467 1198/1/1467 1550/1/1467 1549/1/1467
f 1198/1/1468 1199/1/1468 1551/1/1468 1550/1/1468
f 1199/1/1469 1196/1/1469 1548/1/1464 1551/1/1464
f 1552/1/1470 1553/1/1470 1197/1/1471 1196/1/1471
f 1553/1/1472 1554/1/1472 1198/1/1473 1197/1/1473
f 1554/1/1474 1555/1/1474 1199/1/1474 1198/1/1474
f 1555/1/1475 1552/1/1475 1196/1/1476 1199/1/1476
f 1556/1/1477 1557/1/1477 1553/1/1470 1552/1/1470
f 1557/1/1478 1558/1/1478 1554/1/1472 1553/1/1472
f 1558/1/1479 1559/1/1479 1555/1/1474 1554/1/1474
f 1559/1/1480 1556/1/1480 1552/1/1475 1555/1/1475
f 1048/1/1481 1049/1/1481 1557/1/1477 1556/1/1477
f 1049/1/1482 1050/1/1482 1558/1/1478 1557/1/1478
f 1050/1/1483 1051/1/1483 1559/1/1479 1558/1/1479
f 1051/1/1484 1048/1/1484 1556/1/1480 1559/1/1480
f 1088/1/1485 1089/1/1485 1201/1/1485 1200/1/1485
f 1089/1/1486 1090/1/1486 1202/1/1487 1201/1/1487
f 1090/1/1488 1091/1/1488 1203/1/1488 1202/1/1488
f 1091/1/1489 1088/1/1489 1200/1/1490 1203/1/1490
f 1200/1/1491 1201/1/1491 1053/1/1491 1052/1/1491
f 1201/1/1487 1202/1/1487 1054/1/1492 1053/1/1492
f 1202/1/1493 1203/1/1493 1055/1/1493 1054/1/1493
f 1203/1/1490 1200/1/1490 1052/1/1494 1055/1/1494
f 1560/1/1495 1561/1/1495 1565/1/1495 1564/1/1495
f 1561/1/1496 1562/1/1496 1566/1/1497 1565/1/1497
f 1562/1/1498 1563/1/1498 1567/1/1498 1566/1/1498
f 1563/1/1499 1560/1/1499 1564/1/1499 1567/1/1499
f 1564/1/1495 1565/1/1495 1205/1/1500 1204/1/1500
f 1565/1/1497 1566/1/1497 1206/1/1501 1205/1/1501
f 1566/1/1498 1567/1/1498 1207/1/1502 1206/1/1502
f 1567/1/1499 1564/1/1499 1204/1/1503 1207/1/1503
f 1204/1/1500 1205/1/1500 1569/1/1504 1568/1/1504
f 1205/1/1501 1206/1/1501 1570/1/1505 1569/1/1505
f 1206/1/1502 1207/1/1502 1571/1/1506 1570/1/1506
f 1207/1/1503 1204/1/1503 1568/1/1507 1571/1/1507
f 1568/1/1504 1569/1/1504 1573/1/1508 1572/1/1508
f 1569/1/1505 1570/1/1505 1574/1/1509 1573/1/1509
f 1570/1/1506 1571/1/1506 1575/1/1510 1574/1/1510
f 1571/1/1507 1568/1/1507 1572/1/1511 1575/1/1511
f 1572/1/1508 1573/1/1508 1057/1/1512 1056/1/1512
f 1573/1/1509 1574/1/1509 1058/1/1509 1057/1/1509
f 1574/1/1510 1575/1/1510 1059/1/1513 1058/1/1513
f 1575/1/1511 1572/1/1511 1056/1/1511 1059/1/1511
f 1208/1/1514 1209/1/1514 1135/1/1514 1576/1/1514
f 1209/1/1515 1210/1/1515 1577/1/1515 1135/1/1515
f 1210/1/1516 1211/1/1516 1578/1/1516 1577/1/1516
f 1211/1/1517 1208/1/1517 1576/1/1517 1578/1/1517
f 1579/1/1518 1580/1/1518 1209/1/1519 1208/1/1519
f 1580/1/1520 1581/1/1520 1210/1/1521 1209/1/1521
f 1581/1/1522 1582/1/1522 1211/1/1523 1210/1/1523
f 1582/1/1524 1579/1/1524 1208/1/1525 1211/1/1525
f 1060/1/1526 1061/1/1526 1580/1/1518 1579/1/1518
f 1061/1/1527 1062/1/1527 1581/1/1520 1580/1/1520
f 1062/1/1528 1063/1/1528 1582/1/1522 1581/1/1522
f 1063/1/1529 1060/1/1529 1579/1/1524 1582/1/1524
f 1583/1/1530 1584/1/1530 1069/1/1531 1068/1/1531
f 1584/1/1532 1585/1/1532 1070/1/1533 1069/1/1533
f 1585/1/1534 1586/1/1534 1071/1/1535 1070/1/1535
f 1586/1/1536 1583/1/1536 1068/1/1536 1071/1/1536
f 1212/1/1537 1213/1/1537 1584/1/1530 1583/1/1530
f 1213/1/1538 1214/1/1538 1585/1/1532 1584/1/1532
f 1214/1/1539 1215/1/1539 1586/1/1534 1585/1/1534
f 1215/1/1540 1212/1/1540 1583/1/1536 1586/1/1536
f 1587/1/1541 1588/1/1541 1213/1/1537 1212/1/1537
f 1588/1/1542 1589/1/1542 1214/1/1538 1213/1/1538
f 1589/1/1543 1590/1/1543 1215/1/1539 1214/1/1539
f 1590/1/1544 1587/1/1544 1212/1/1540 1215/1/1540
f 1064/1/1545 1065/1/1545 1588/1/1541 1587/1/1541
f 1065/1/1546 1066/1/1546 1589/1/1542 1588/1/1542
f 1066/1/1547 1067/1/1547 1590/1/1543 1589/1/1543
f 1067/1/1544 1064/1/1544 1587/1/1544 1590/1/1544
f 1216/1/1548 1217/1/1548 1591/1/1548 1281/1/1548
f 1217/1/1549 1218/1/1549 1592/1/1549 1591/1/1549
f 1218/1/1550 1219/1/1550 1540/1/1550 1592/1/1550
f 1219/1/1551 1216/1/1552 1281/1/1553 1540/1/1553
f 1593/1/1554 1594/1/1554 1217/1/1555 1216/1/1555
f 1594/1/1556 1595/1/1556 1218/1/1557 1217/1/1557
f 1595/1/1558 1596/1/1558 1219/1/1559 1218/1/1559
f 1596/1/1560 1593/1/1560 1216/1/1552 1219/1/1551
f 1068/1/1531 1069/1/1531 1594/1/1554 1593/1/1554
f 1069/1/1561 1070/1/1561 1595/1/1556 1594/1/1556
f 1070/1/1535 1071/1/1535 1596/1/1558 1595/1/1558
f 1071/1/1562 1068/1/1562 1593/1/1560 1596/1/1560
f 1597/1/1563 1598/1/1563 1065/1/1564 1064/1/1564
f 1598/1/1565 1599/1/1565 1066/1/1565 1065/1/1565
f 1599/1/1566 1600/1/1566 1067/1/1567 1066/1/1567
f 1600/1/1568 1597/1/1568 1064/1/1569 1067/1/1569
f 1220/1/1570 1221/1/1570 1598/1/1563 1597/1/1563
f 1221/1/1571 1222/1/1571 1599/1/1565 1598/1/1565
f 1222/1/1572 1223/1/1572 1600/1/1566 1599/1/1566
f 1223/1/1573 1220/1/1573 1597/1/1568 1600/1/1568
f 1601/1/1574 1602/1/1574 1221/1/1570 1220/1/1570
f 1602/1/1575 1603/1/1575 1222/1/1571 1221/1/1571
f 1603/1/1576 1604/1/1576 1223/1/1572 1222/1/1572
f 1604/1/1577 1601/1/1577 1220/1/1573 1223/1/1573
f 1072/1/1578 1073/1/1578 1602/1/1574 1601/1/1574
f 1073/1/1575 1074/1/1575 1603/1/1575 1602/1/1575
f 1074/1/1579 1075/1/1579 1604/1/1576 1603/1/1576
f 1075/1/1580 1072/1/1580 1601/1/1577 1604/1/1577
f 1609/1/1581 1610/1/1581 1606/1/1581 1605/1/1581
f 1610/1/1582 1611/1/1582 1607/1/1582 1606/1/1582
f 1611/1/1583 1612/1/1583 1608/1/1583 1607/1/1583
f 1612/1/1584 1609/1/1584 1605/1/1584 1608/1/1584
f 1613/1/1585 1614/1/1585 1610/1/1581 1609/1/1581
f 1614/1/1582 1615/1/1582 1611/1/1582 1610/1/1582
f 1615/1/1586 1616/1/1586 1612/1/1583 1611/1/1583
f 1616/1/1587 1613/1/1587 1609/1/1584 1612/1/1584
f 1224/1/1588 1225/1/1588 1614/1/1585 1613/1/1585
f 1225/1/1589 1226/1/1589 1615/1/1582 1614/1/1582
f 1226/1/1590 1227/1/1590 1616/1/1586 1615/1/1586
f 1227/1/1591 1224/1/1591 1613/1/1587 1616/1/1587
f 1617/1/1592 1618/1/1592 1225/1/1593 1224/1/1593
f 1618/1/1594 1619/1/1594 1226/1/1595 1225/1/1595
f 1619/1/1596 1620/1/1596 1227/1/1597 1226/1/1597
f 1620/1/1598 1617/1/1598 1224/1/1599 1227/1/1599
f 1621/1/1592 1622/1/1592 1618/1/1592 1617/1/1592
f 1622/1/1600 1623/1/1600 1619/1/1594 1618/1/1594
f 1623/1/1601 1624/1/1601 1620/1/1596 1619/1/1596
f 1624/1/1602 1621/1/1602 1617/1/1598 1620/1/1598
f 1625/1/1603 1626/1/1603 1622/1/1592 1621/1/1592
f 1626/1/1600 1627/1/1600 1623/1/1600 1622/1/1600
f 1627/1/1601 1628/1/1601 1624/1/1601 1623/1/1601
f 1628/1/1602 1625/1/1602 1621/1/1602 1624/1/1602
f 1629/1/1604 1630/1/1604 1626/1/1603 1625/1/1603
f 1630/1/1605 1631/1/1605 1627/1/1600 1626/1/1600
f 1631/1/1601 1632/1/1601 1628/1/1601 1627/1/1601
f 1632/1/1606 1629/1/1606 1625/1/1602 1628/1/1602
f 1076/1/1607 1077/1/1607 1630/1/1604 1629/1/1604
f 1077/1/1608 1078/1/1608 1631/1/1605 1630/1/1605
f 1078/1/1609 1079/1/1609 1632/1/1601 1631/1/1601
f 1079/1/1610 1076/1/1610 1629/1/1606 1632/1/1606
f 1637/1/1611 1638/1/1611 1634/1/1611 1633/1/1611
f 1638/1/1612 1639/1/1612 1635/1/1612 1634/1/1612
f 1639/1/1613 1640/1/1613 1636/1/1613 1635/1/1613
f 1640/1/1614 1637/1/1614 1633/1/1614 1636/1/1614
f 1641/1/1611 1642/1/1611 1638/1/1611 1637/1/1611
f 1642/1/1612 1643/1/1612 1639/1/1612 1638/1/1612
f 1643/1/1613 1644/1/1613 1640/1/1613 1639/1/1613
f 1644/1/1614 1641/1/1614 1637/1/1614 1640/1/1614
f 1645/1/1611 1646/1/1611 1642/1/1611 1641/1/1611
f 1646/1/1612 1647/1/1612 1643/1/1612 1642/1/1612
f 1647/1/1613 1648/1/1613 1644/1/1613 1643/1/1613
f 1648/1/1615 1645/1/1615 1641/1/1614 1644/1/1614
f 1228/1/1616 1229/1/1616 1646/1/1611 1645/1/1611
f 1229/1/1617 1230/1/1617 1647/1/1612 1646/1/1612
f 1230/1/1618 1231/1/1618 1648/1/1613 1647/1/1613
f 1231/1/1619 1228/1/1619 1645/1/1615 1648/1/1615
f 1649/1/1620 1650/1/1620 1229/1/1616 1228/1/1616
f 1650/1/1621 1651/1/1621 1230/1/1617 1229/1/1617
f 1651/1/1622 1652/1/1622 1231/1/1618 1230/1/1618
f 1652/1/1623 1649/1/1623 1228/1/1619 1231/1/1619
f 1653/1/1620 1654/1/1620 1650/1/1620 1649/1/1620
f 1654/1/1621 1655/1/1621 1651/1/1621 1650/1/1621
f 1655/1/1624 1656/1/1624 1652/1/1622 1651/1/1622
f 1656/1/1623 1653/1/1623 1649/1/1623 1652/1/1623
f 1657/1/1620 1658/1/1620 1654/1/1620 1653/1/1620
f 1658/1/1621 1659/1/1621 1655/1/1621 1654/1/1621
f 1659/1/1624 1660/1/1624 1656/1/1624 1655/1/1624
f 1660/1/1623 1657/1/1623 1653/1/1623 1656/1/1623
f 1661/1/1625 1662/1/1625 1658/1/1620 1657/1/1620
f 1662/1/1621 1663/1/1621 1659/1/1621 1658/1/1621
f 1663/1/1624 1664/1/1624 1660/1/1624 1659/1/1624
f 1664/1/1623 1661/1/1623 1657/1/1623 1660/1/1623
f 1665/1/1625 1666/1/1625 1662/1/1625 1661/1/1625
f 1666/1/1621 1667/1/1621 1663/1/1621 1662/1/1621
f 1667/1/1624 1668/1/1624 1664/1/1624 1663/1/1624
f 1668/1/1626 1665/1/1626 1661/1/1623 1664/1/1623
f 1080/1/1365 1081/1/1365 1666/1/1625 1665/1/1625
f 1081/1/1621 1082/1/1621 1667/1/1621 1666/1/1621
f 1082/1/1369 1083/1/1369 1668/1/1624 1667/1/1624
f 1083/1/1627 1080/1/1627 1665/1/1626 1668/1/1626
f 1052/1/1628 1053/1/1628 1233/1/1629 1232/1/1629
f 1053/1/1492 1054/1/1492 1234/1/1630 1233/1/1630
f 1054/1/1631 1055/1/1631 1235/1/1632 1234/1/1632
f 1055/1/1494 1052/1/1494 1232/1/1633 1235/1/1633
f 1232/1/1629 1233/1/1629 1085/1/1634 1084/1/1634
f 1233/1/1630 1234/1/1630 1086/1/1141 1085/1/1141
f 1234/1/1632 1235/1/1632 1087/1/1635 1086/1/1635
f 1235/1/1633 1232/1/1633 1084/1/1636 1087/1/1636
f 1236/1/1637 1237/1/1637 1089/1/1637 1088/1/1637
f 1237/1/1638 1592/1/1638 1090/1/1638 1089/1/1638
f 1592/1/1639 1238/1/1639 1091/1/1639 1090/1/1639
f 1238/1/1640 1236/1/1640 1088/1/1489 1091/1/1489
f 1669/1/1641 1670/1/1641 1041/1/1447 1040/1/1447
f 1670/1/1642 1671/1/1642 1042/1/1448 1041/1/1448
f 1671/1/1643 1672/1/1643 1043/1/1449 1042/1/1449
f 1672/1/1644 1669/1/1644 1040/1/1450 1043/1/1450
f 1239/1/1645 1240/1/1645 1670/1/1641 1669/1/1641
f 1240/1/1646 1241/1/1646 1671/1/1642 1670/1/1642
f 1241/1/1647 1242/1/1647 1672/1/1643 1671/1/1643
f 1242/1/1648 1239/1/1648 1669/1/1644 1672/1/1644
f 1673/1/1649 1674/1/1649 1240/1/1650 1239/1/1650
f 1674/1/1651 1675/1/1651 1241/1/1646 1240/1/1646
f 1675/1/1652 1676/1/1652 1242/1/1653 1241/1/1653
f 1676/1/1654 1673/1/1654 1239/1/1648 1242/1/1648
f 1092/1/1655 1093/1/1655 1674/1/1649 1673/1/1649
f 1093/1/1453 1094/1/1453 1675/1/1651 1674/1/1651
f 1094/1/1656 1095/1/1656 1676/1/1652 1675/1/1652
f 1095/1/1456 1092/1/1456 1673/1/1654 1676/1/1654
f 1243/1/1657 1244/1/1657 1045/1/1657 1044/1/1657
f 1244/1/1658 1245/1/1658 1046/1/1458 1045/1/1458
f 1245/1/1659 1246/1/1659 1047/1/1659 1046/1/1659
f 1246/1/1660 1243/1/1660 1044/1/1460 1047/1/1460
f 1677/1/1661 1678/1/1661 1244/1/1662 1243/1/1662
f 1678/1/1663 1679/1/1663 1245/1/1658 1244/1/1658
f 1679/1/1664 1680/1/1664 1246/1/1665 1245/1/1665
f 1680/1/1666 1677/1/1666 1243/1/1660 1246/1/1660
f 1096/1/1667 1097/1/1667 1678/1/1661 1677/1/1661
f 1097/1/1231 1098/1/1231 1679/1/1663 1678/1/1663
f 1098/1/1668 1099/1/1668 1680/1/1664 1679/1/1664
f 1099/1/1235 1096/1/1235 1677/1/1666 1680/1/1666
f 1032/1/1669 1033/1/1669 1682/1/1670 1681/1/1670
f 1033/1/1671 1034/1/1671 1683/1/1672 1682/1/1672
f 1034/1/1673 1035/1/1673 1684/1/1674 1683/1/1674
f 1035/1/1675 1032/1/1675 1681/1/1676 1684/1/1676
f 1681/1/1670 1682/1/1670 1248/1/1677 1247/1/1677
f 1682/1/1672 1683/1/1672 1249/1/1678 1248/1/1678
f 1683/1/1674 1684/1/1674 1250/1/1679 1249/1/1679
f 1684/1/1676 1681/1/1676 1247/1/1680 1250/1/1680
f 1247/1/1681 1248/1/1681 1686/1/1682 1685/1/1682
f 1248/1/1678 1249/1/1678 1687/1/1683 1686/1/1683
f 1249/1/1684 1250/1/1684 1688/1/1685 1687/1/1685
f 1250/1/1680 1247/1/1680 1685/1/1686 1688/1/1686
f 1685/1/1682 1686/1/1682 1101/1/1687 1100/1/1687
f 1686/1/1683 1687/1/1683 1102/1/1161 1101/1/1161
f 1687/1/1685 1688/1/1685 1103/1/1688 1102/1/1688
f 1688/1/1686 1685/1/1686 1100/1/1158 1103/1/1158
f 1108/1/1689 1109/1/1689 1252/1/1690 1251/1/1690
f 1109/1/1691 1110/1/1691 1253/1/1692 1252/1/1692
f 1110/1/1693 1111/1/1693 1254/1/1694 1253/1/1694
f 1111/1/1695 1108/1/1696 1251/1/1697 1254/1/1697
f 1251/1/1690 1252/1/1690 1105/1/1395 1104/1/1395
f 1252/1/1692 1253/1/1692 1106/1/1397 1105/1/1397
f 1253/1/1694 1254/1/1694 1107/1/1698 1106/1/1698
f 1254/1/1697 1251/1/1697 1104/1/1401 1107/1/1401
f 1112/1/1689 1113/1/1689 1256/1/1690 1255/1/1690
f 1113/1/1699 1114/1/1699 1257/1/1692 1256/1/1692
f 1114/1/1693 1115/1/1693 1258/1/1700 1257/1/1700
f 1115/1/1695 1112/1/1695 1255/1/1701 1258/1/1701
f 1255/1/1690 1256/1/1690 1109/1/1689 1108/1/1689
f 1256/1/1692 1257/1/1692 1110/1/1691 1109/1/1691
f 1257/1/1700 1258/1/1700 1111/1/1693 1110/1/1693
f 1258/1/1701 1255/1/1701 1108/1/1696 1111/1/1695
f 1116/1/1689 1117/1/1689 1260/1/1690 1259/1/1690
f 1117/1/1699 1118/1/1699 1261/1/1692 1260/1/1692
f 1118/1/1693 1119/1/1693 1262/1/1700 1261/1/1700
f 1119/1/1702 1116/1/1702 1259/1/1701 1262/1/1701
f 1259/1/1690 1260/1/1690 1113/1/1689 1112/1/1689
f 1260/1/1692 1261/1/1692 1114/1/1699 1113/1/1699
f 1261/1/1700 1262/1/1700 1115/1/1693 1114/1/1693
f 1262/1/1701 1259/1/1701 1112/1/1695 1115/1/1695
f 1120/1/1689 1121/1/1689 1264/1/1690 1263/1/1703
f 1121/1/1691 1122/1/1691 1265/1/1692 1264/1/1692
f 1122/1/1693 1123/1/1693 1266/1/1700 1265/1/1700
f 1123/1/1704 1120/1/1704 1263/1/1701 1266/1/1705
f 1263/1/1703 1264/1/1690 1117/1/1689 1116/1/1689
f 1264/1/1692 1265/1/1692 1118/1/1699 1117/1/1699
f 1265/1/1700 1266/1/1700 1119/1/1693 1118/1/1693
f 1266/1/1705 1263/1/1701 1116/1/1702 1119/1/1702
f 1124/1/1706 1125/1/1706 1268/1/1707 1267/1/1707
f 1125/1/1708 1126/1/1708 1269/1/1709 1268/1/1709
f 1126/1/1710 1127/1/1710 1270/1/1711 1269/1/1711
f 1127/1/1712 1124/1/1713 1267/1/1714 1270/1/1714
f 1267/1/1707 1268/1/1707 1121/1/1689 1120/1/1689
f 1268/1/1709 1269/1/1709 1122/1/1691 1121/1/1691
f 1269/1/1711 1270/1/1711 1123/1/1693 1122/1/1693
f 1270/1/1714 1267/1/1714 1120/1/1704 1123/1/1704
f 992/1/1715 993/1/1715 1272/1/1716 1271/1/1716
f 993/1/1717 994/1/1717 1273/1/1718 1272/1/1719
f 994/1/1720 995/1/1720 1274/1/1721 1273/1/1721
f 995/1/1722 992/1/1722 1271/1/1723 1274/1/1723
f 1271/1/1716 1272/1/1716 1125/1/1706 1124/1/1706
f 1272/1/1719 1273/1/1718 1126/1/1708 1125/1/1708
f 1273/1/1721 1274/1/1721 1127/1/1710 1126/1/1710
f 1274/1/1723 1271/1/1723 1124/1/1713 1127/1/1712
f 2568/1/1110 2125/1/1110 2126/1/1110
f 2281/1/1111 2278/1/1111 1987/1/1112 1990/1/1112
f 2280/1/1113 2281/1/1113 1990/1/1114 1989/1/1114
f 2279/1/1115 2280/1/1115 1989/1/1116 1988/1/1116
f 2271/1/1117 2272/1/1117 2582/1/1117
f 2278/1/1118 2279/1/1118 1988/1/1119 1987/1/1119
f 2530/1/1120 2531/1/1120 2272/1/1120
f 2130/1/1121 2127/1/1121 2278/1/1111 2281/1/1111
f 2129/1/1122 2130/1/1122 2281/1/1113 2280/1/1113
f 2128/1/1123 2129/1/1123 2280/1/1115 2279/1/1115
f 2127/1/1124 2128/1/1124 2279/1/1118 2278/1/1118
f 2277/1/1125 2274/1/1125 2127/1/1126 2130/1/1126
f 2276/1/1127 2277/1/1127 2130/1/1128 2129/1/1128
f 2275/1/1129 2276/1/1129 2129/1/1130 2128/1/1130
f 2274/1/1131 2275/1/1131 2128/1/1132 2127/1/1132
f 2050/1/1133 2047/1/1133 2274/1/1125 2277/1/1125
f 2049/1/1134 2050/1/1134 2277/1/1127 2276/1/1127
f 2270/1/2229 2529/1/2229 2273/1/2229
f 2048/1/1136 2049/1/1136 2276/1/1129 2275/1/1129
f 2529/1/2230 2229/1/2230 2532/1/2230
f 2047/1/1138 2048/1/1138 2275/1/1131 2274/1/1131
f 2078/1/1139 2075/1/1139 2123/1/1139 2126/1/1139
f 2077/1/1140 2078/1/1140 2126/1/1140 2125/1/1140
f 2076/1/1141 2077/1/1141 2125/1/1142 2124/1/1142
f 2075/1/1143 2076/1/1143 2124/1/1143 2123/1/1143
f 2122/1/1144 2119/1/1144 2270/1/1145 2273/1/1145
f 2554/1/1146 2567/1/1146 2551/1/1146
f 2229/1/1147 2583/1/1147 2531/1/1147 2532/1/1147
f 2121/1/1148 2122/1/1148 2273/1/1148 2272/1/1148
f 2120/1/1149 2121/1/1149 2272/1/1149 2271/1/1149
f 2119/1/1150 2120/1/1150 2271/1/1150 2270/1/1150
f 2269/1/1151 2266/1/1151 2119/1/1144 2122/1/1144
f 2268/1/1152 2269/1/1152 2122/1/1153 2121/1/1153
f 2267/1/1154 2268/1/1154 2121/1/1155 2120/1/1155
f 2266/1/1156 2267/1/1156 2120/1/1157 2119/1/1157
f 2094/1/1158 2091/1/1158 2266/1/1151 2269/1/1151
f 2093/1/1159 2094/1/1159 2269/1/1152 2268/1/1152
f 2342/1/1160 2343/1/1160 2307/1/1160
f 2092/1/1161 2093/1/1161 2268/1/1154 2267/1/1154
f 2597/1/1162 2382/1/1162 2596/1/1162
f 2227/1/1163 2270/1/1163 2271/1/1163 2228/1/1163
f 2345/1/1164 2538/1/1164 2344/1/1164
f 2567/1/1165 2126/1/1165 2123/1/1165 2551/1/1165
f 2091/1/1156 2092/1/1156 2267/1/1156 2266/1/1156
f 2018/1/1166 2017/1/1166 2016/1/1166 2015/1/1166
f 2475/1/1167 2306/1/1167 2474/1/1167
f 2014/1/1168 2013/1/1168 2012/1/1168 2011/1/1168
f 2475/1/1169 2345/1/1169 2342/1/1169
f 2552/1/1170 2551/1/1170 2123/1/1170 2124/1/1170
f 2384/1/1171 2599/1/1171 2385/1/1171
f 2010/1/1172 2009/1/1172 2008/1/1172 2007/1/1172
f 2006/1/1173 2005/1/1173 2004/1/1173 2003/1/1173
f 2002/1/1174 2001/1/1174 2000/1/1174 1999/1/1174
f 1998/1/1175 1997/1/1175 1996/1/1175 1995/1/1175
f 2553/1/1176 2552/1/1176 2124/1/1176 2125/1/1176
f 2529/1/1177 2270/1/1177 2227/1/1177 2229/1/1177
f 2625/1/1178 2383/1/1178 2624/1/1178
f 1991/1/2231 1992/1/2231 1993/1/2231 1994/1/2231
f 1986/1/1180 1985/1/1180 1984/1/1180 1983/1/1180
f 2627/1/1181 2598/1/1181 2626/1/1181
f 2626/1/1182 2598/1/1182 2599/1/1182 2384/1/1182
f 2624/1/1183 2383/1/1183 2382/1/1183 2597/1/1183
f 2569/1/1184 2553/1/1184 2125/1/1184 2568/1/1184
f 2625/1/1185 2626/1/1185 2384/1/1185 2383/1/1185
f 2475/1/1186 2342/1/1186 2307/1/1186 2306/1/1186
f 2529/1/1187 2530/1/1187 2272/1/1187 2273/1/1187
f 2228/1/1188 2271/1/1188 2582/1/1188 2583/1/1188
f 2343/1/1189 2344/1/1189 2308/1/1189 2307/1/1189
f 2385/1/1190 2599/1/1190 2596/1/1190 2382/1/1190
f 2474/1/1191 2306/1/1191 2309/1/1191 2476/1/1191
f 2569/1/2232 2567/1/2232 2554/1/2232 2553/1/2232
f 2627/1/1193 2624/1/1193 2597/1/1193 2598/1/1193
f 2538/1/1194 2537/1/1194 2308/1/1194 2344/1/1194
f 2476/1/1195 2309/1/1195 2308/1/1195 2537/1/1195
f 1987/1/1196 1988/1/1196 2283/1/1197 2282/1/1197
f 1988/1/1198 1989/1/1198 2284/1/1199 2283/1/1199
f 1989/1/1200 1990/1/1200 2285/1/1201 2284/1/1201
f 1990/1/1202 1987/1/1202 2282/1/1204 2285/1/1204
f 2282/1/1197 2283/1/1197 2287/1/1205 2286/1/1205
f 2283/1/1199 2284/1/1199 2288/1/1206 2287/1/1206
f 2284/1/1201 2285/1/1201 2289/1/1207 2288/1/1207
f 2285/1/1204 2282/1/1204 2286/1/1208 2289/1/1208
f 2286/1/1205 2287/1/1205 2132/1/1209 2131/1/1209
f 2287/1/1206 2288/1/1206 2133/1/1210 2132/1/1210
f 2288/1/1207 2289/1/1207 2134/1/1211 2133/1/1211
f 2289/1/1208 2286/1/1208 2131/1/2233 2134/1/2233
f 2131/1/1213 2132/1/1213 2291/1/1214 2290/1/1214
f 2132/1/2234 2133/1/2234 2292/1/1216 2291/1/1216
f 2133/1/2235 2134/1/2235 2293/1/1218 2292/1/1218
f 2134/1/1219 2131/1/1219 2290/1/1220 2293/1/1220
f 2290/1/1214 2291/1/1214 2295/1/1221 2294/1/1221
f 2291/1/1216 2292/1/1216 2296/1/1222 2295/1/1222
f 2292/1/1218 2293/1/1218 2297/1/1223 2296/1/1223
f 2293/1/1220 2290/1/1220 2294/1/1224 2297/1/1224
f 2294/1/1221 2295/1/1221 2299/1/1221 2298/1/1221
f 2295/1/1222 2296/1/1222 2300/1/1222 2299/1/1222
f 2296/1/1223 2297/1/1223 2301/1/1223 2300/1/1223
f 2297/1/1224 2294/1/1224 2298/1/1224 2301/1/1224
f 2298/1/1221 2299/1/1221 1992/1/1225 1991/1/1225
f 2299/1/1222 2300/1/1222 1993/1/1226 1992/1/1226
f 2300/1/1223 2301/1/1223 1994/1/2236 1993/1/2236
f 2301/1/1224 2298/1/1224 1991/1/1224 1994/1/1224
f 2302/1/2237 2303/1/2237 2088/1/1229 2087/1/1229
f 2303/1/1230 2304/1/1230 2089/1/1231 2088/1/1231
f 2304/1/1232 2305/1/1232 2090/1/2238 2089/1/2238
f 2305/1/2239 2302/1/2239 2087/1/2240 2090/1/2240
f 2135/1/1236 2136/1/1236 2303/1/2237 2302/1/2237
f 2136/1/1237 2137/1/1237 2304/1/1230 2303/1/1230
f 2137/1/1238 2138/1/1238 2305/1/1232 2304/1/1232
f 2138/1/1239 2135/1/1239 2302/1/2239 2305/1/2239
f 2306/1/1240 2307/1/1240 2136/1/1240 2135/1/1240
f 2307/1/1241 2308/1/1241 2137/1/1237 2136/1/1237
f 2308/1/2241 2309/1/2241 2138/1/2241 2137/1/2241
f 2309/1/1243 2306/1/1243 2135/1/1239 2138/1/1239
f 2310/1/1244 2311/1/1244 2052/1/1245 2051/1/1245
f 2311/1/1246 2312/1/1246 2053/1/1247 2052/1/1247
f 2312/1/1248 2313/1/1248 2054/1/1249 2053/1/1249
f 2313/1/1250 2310/1/1250 2051/1/1251 2054/1/1251
f 2139/1/1252 2140/1/1252 2311/1/1244 2310/1/1244
f 2140/1/1253 2141/1/1253 2312/1/1246 2311/1/1246
f 2141/1/1254 2142/1/1254 2313/1/1248 2312/1/1248
f 2142/1/1255 2139/1/1255 2310/1/1250 2313/1/1250
f 2314/1/1256 2315/1/1256 2140/1/1257 2139/1/1257
f 2315/1/1258 2316/1/1258 2141/1/1259 2140/1/1259
f 2316/1/1260 2317/1/1260 2142/1/2242 2141/1/2242
f 2317/1/2243 2314/1/2243 2139/1/2244 2142/1/2244
f 2318/1/1264 2319/1/1264 2315/1/1256 2314/1/1256
f 2319/1/1265 2320/1/1265 2316/1/1258 2315/1/1258
f 2320/1/1266 2321/1/1266 2317/1/1260 2316/1/1260
f 2321/1/1269 2318/1/1269 2314/1/2243 2317/1/2243
f 1995/1/1268 1996/1/1268 2319/1/1264 2318/1/1264
f 1996/1/1265 1997/1/1265 2320/1/1265 2319/1/1265
f 1997/1/1266 1998/1/1266 2321/1/1266 2320/1/1266
f 1998/1/1269 1995/1/1269 2318/1/1269 2321/1/1269
f 2322/1/1270 2323/1/1270 2040/1/1271 2039/1/1271
f 2323/1/1272 2324/1/1272 2041/1/1273 2040/1/1273
f 2324/1/1274 2325/1/1274 2042/1/1275 2041/1/1275
f 2325/1/1276 2322/1/1276 2039/1/1277 2042/1/1277
f 2326/1/1278 2327/1/1278 2323/1/1270 2322/1/1270
f 2327/1/1279 2328/1/1279 2324/1/1272 2323/1/1272
f 2328/1/1280 2329/1/1280 2325/1/1274 2324/1/1274
f 2329/1/1281 2326/1/1281 2322/1/1276 2325/1/1276
f 2143/1/1282 2144/1/1282 2327/1/1278 2326/1/1278
f 2144/1/1283 2145/1/1283 2328/1/1279 2327/1/1279
f 2145/1/1284 2146/1/1284 2329/1/1280 2328/1/1280
f 2146/1/1285 2143/1/1285 2326/1/1281 2329/1/1281
f 2330/1/1286 2331/1/1286 2144/1/1287 2143/1/1287
f 2331/1/1288 2332/1/1288 2145/1/1289 2144/1/1289
f 2332/1/1290 2333/1/1290 2146/1/2245 2145/1/2245
f 2333/1/1292 2330/1/1292 2143/1/1293 2146/1/1293
f 2334/1/1298 2335/1/1298 2331/1/1286 2330/1/1286
f 2335/1/1295 2336/1/1295 2332/1/1288 2331/1/1288
f 2336/1/1296 2337/1/1296 2333/1/1290 2332/1/1290
f 2337/1/1297 2334/1/1297 2330/1/1292 2333/1/1292
f 2338/1/1294 2339/1/1294 2335/1/1298 2334/1/1298
f 2339/1/1295 2340/1/1295 2336/1/1295 2335/1/1295
f 2340/1/1296 2341/1/1296 2337/1/1296 2336/1/1296
f 2341/1/1297 2338/1/1297 2334/1/1297 2337/1/1297
f 1999/1/1294 2000/1/1294 2339/1/1294 2338/1/1294
f 2000/1/1288 2001/1/1288 2340/1/1295 2339/1/1295
f 2001/1/1296 2002/1/1296 2341/1/1296 2340/1/1296
f 2002/1/1297 1999/1/1297 2338/1/1297 2341/1/1297
f 2346/1/1299 2347/1/1299 2343/1/1299 2342/1/1299
f 2347/1/1300 2348/1/1300 2344/1/1307 2343/1/1307
f 2348/1/2246 2349/1/2246 2345/1/2246 2344/1/2246
f 2349/1/1303 2346/1/1304 2342/1/1305 2345/1/1305
f 2350/1/1306 2351/1/1306 2347/1/1299 2346/1/1299
f 2351/1/1307 2352/1/1307 2348/1/1300 2347/1/1300
f 2352/1/1308 2353/1/1308 2349/1/1309 2348/1/1309
f 2353/1/1310 2350/1/1310 2346/1/1304 2349/1/1303
f 2354/1/1299 2355/1/1299 2351/1/1306 2350/1/1306
f 2355/1/1301 2356/1/1301 2352/1/1307 2351/1/1307
f 2356/1/1311 2357/1/1311 2353/1/1308 2352/1/1308
f 2357/1/1310 2354/1/1310 2350/1/1310 2353/1/1310
f 2147/1/1299 2148/1/1299 2355/1/1299 2354/1/1299
f 2148/1/1301 2149/1/1301 2356/1/1301 2355/1/1301
f 2149/1/1308 2150/1/1308 2357/1/1311 2356/1/1311
f 2150/1/1310 2147/1/1310 2354/1/1310 2357/1/1310
f 2358/1/1299 2359/1/1299 2148/1/1299 2147/1/1299
f 2359/1/1301 2360/1/1301 2149/1/1301 2148/1/1301
f 2360/1/1308 2361/1/1308 2150/1/1308 2149/1/1308
f 2361/1/1310 2358/1/1310 2147/1/1310 2150/1/1310
f 2362/1/1299 2363/1/1299 2359/1/1299 2358/1/1299
f 2363/1/1300 2364/1/1300 2360/1/1301 2359/1/1301
f 2364/1/1308 2365/1/1308 2361/1/1308 2360/1/1308
f 2365/1/1310 2362/1/1310 2358/1/1310 2361/1/1310
f 2366/1/1299 2367/1/1299 2363/1/1299 2362/1/1299
f 2367/1/1300 2368/1/1300 2364/1/1300 2363/1/1300
f 2368/1/1308 2369/1/1308 2365/1/1308 2364/1/1308
f 2369/1/1310 2366/1/1310 2362/1/1310 2365/1/1310
f 2370/1/1299 2371/1/1299 2367/1/1299 2366/1/1299
f 2371/1/1301 2372/1/1301 2368/1/1300 2367/1/1300
f 2372/1/1308 2373/1/1308 2369/1/1308 2368/1/1308
f 2373/1/1310 2370/1/1310 2366/1/1310 2369/1/1310
f 2374/1/1299 2375/1/1299 2371/1/1299 2370/1/1299
f 2375/1/1301 2376/1/1301 2372/1/1301 2371/1/1301
f 2376/1/1308 2377/1/1308 2373/1/1308 2372/1/1308
f 2377/1/1312 2374/1/1312 2370/1/1310 2373/1/1310
f 2003/1/1306 2004/1/1306 2375/1/1299 2374/1/1299
f 2004/1/1301 2005/1/1301 2376/1/1301 2375/1/1301
f 2005/1/1311 2006/1/1311 2377/1/1308 2376/1/1308
f 2006/1/1312 2003/1/1312 2374/1/1312 2377/1/1312
f 2378/1/2247 2379/1/2247 2064/1/2248 2063/1/2248
f 2379/1/2249 2380/1/2249 2065/1/1316 2064/1/1316
f 2380/1/1317 2381/1/1317 2066/1/1318 2065/1/1318
f 2381/1/1319 2378/1/1319 2063/1/1320 2066/1/1320
f 2151/1/1321 2152/1/1321 2379/1/2247 2378/1/2247
f 2152/1/1322 2153/1/1322 2380/1/2249 2379/1/2249
f 2153/1/1323 2154/1/1323 2381/1/1317 2380/1/1317
f 2154/1/1324 2151/1/1324 2378/1/1319 2381/1/1319
f 2382/1/1325 2383/1/1325 2152/1/1321 2151/1/1321
f 2383/1/1326 2384/1/1326 2153/1/1326 2152/1/1326
f 2384/1/1327 2385/1/1327 2154/1/1323 2153/1/1323
f 2385/1/1328 2382/1/1328 2151/1/1328 2154/1/1328
f 2386/1/1329 2387/1/1329 2068/1/1329 2067/1/1329
f 2387/1/1330 2388/1/1330 2069/1/1331 2068/1/1331
f 2388/1/1332 2389/1/1332 2070/1/1333 2069/1/1333
f 2389/1/1334 2386/1/1334 2067/1/1335 2070/1/1335
f 2390/1/1329 2391/1/1329 2387/1/1329 2386/1/1329
f 2391/1/1336 2392/1/1336 2388/1/1330 2387/1/1330
f 2392/1/1337 2393/1/1337 2389/1/1332 2388/1/1332
f 2393/1/1338 2390/1/1338 2386/1/1334 2389/1/1334
f 2394/1/1329 2395/1/1329 2391/1/1329 2390/1/1329
f 2395/1/1339 2396/1/1339 2392/1/1336 2391/1/1336
f 2396/1/1337 2397/1/1337 2393/1/1337 2392/1/1337
f 2397/1/1338 2394/1/1338 2390/1/1338 2393/1/1338
f 2398/1/1329 2399/1/1329 2395/1/1329 2394/1/1329
f 2399/1/1339 2400/1/1339 2396/1/1339 2395/1/1339
f 2400/1/1340 2401/1/1340 2397/1/1337 2396/1/1337
f 2401/1/1338 2398/1/1338 2394/1/1338 2397/1/1338
f 2402/1/1342 2403/1/1342 2399/1/1329 2398/1/1329
f 2403/1/2250 2404/1/2250 2400/1/1339 2399/1/1339
f 2404/1/2251 2405/1/2251 2401/1/1340 2400/1/1340
f 2405/1/2252 2402/1/2252 2398/1/1338 2401/1/1338
f 2155/1/1345 2156/1/1345 2403/1/1342 2402/1/1342
f 2156/1/1346 2157/1/1346 2404/1/2250 2403/1/2250
f 2157/1/1347 2158/1/1347 2405/1/2251 2404/1/2251
f 2158/1/1348 2155/1/1348 2402/1/2252 2405/1/2252
f 2406/1/1349 2407/1/1349 2156/1/1350 2155/1/1350
f 2407/1/1351 2408/1/1351 2157/1/1352 2156/1/1352
f 2408/1/1353 2409/1/1353 2158/1/2253 2157/1/2253
f 2409/1/1355 2406/1/1355 2155/1/1356 2158/1/1356
f 2410/1/1349 2411/1/1349 2407/1/1349 2406/1/1349
f 2411/1/1357 2412/1/1357 2408/1/1351 2407/1/1351
f 2412/1/1358 2413/1/1358 2409/1/1353 2408/1/1353
f 2413/1/1355 2410/1/1355 2406/1/1355 2409/1/1355
f 2414/1/1362 2415/1/1362 2411/1/1349 2410/1/1349
f 2415/1/1359 2416/1/1359 2412/1/1357 2411/1/1357
f 2416/1/1360 2417/1/1360 2413/1/1358 2412/1/1358
f 2417/1/1361 2414/1/1361 2410/1/1355 2413/1/1355
f 2418/1/1349 2419/1/1349 2415/1/1362 2414/1/1362
f 2419/1/1357 2420/1/1357 2416/1/1359 2415/1/1359
f 2420/1/1360 2421/1/1360 2417/1/1360 2416/1/1360
f 2421/1/1361 2418/1/1361 2414/1/1361 2417/1/1361
f 2422/1/1349 2423/1/1349 2419/1/1349 2418/1/1349
f 2423/1/1357 2424/1/1357 2420/1/1357 2419/1/1357
f 2424/1/1360 2425/1/1360 2421/1/1360 2420/1/1360
f 2425/1/1361 2422/1/1361 2418/1/1361 2421/1/1361
f 2426/1/1349 2427/1/1349 2423/1/1349 2422/1/1349
f 2427/1/1359 2428/1/1359 2424/1/1357 2423/1/1357
f 2428/1/1360 2429/1/1360 2425/1/1360 2424/1/1360
f 2429/1/1361 2426/1/1361 2422/1/1361 2425/1/1361
f 2007/1/1349 2008/1/1349 2427/1/1349 2426/1/1349
f 2008/1/1363 2009/1/1363 2428/1/1359 2427/1/1359
f 2009/1/2254 2010/1/2254 2429/1/1360 2428/1/1360
f 2010/1/1361 2007/1/1361 2426/1/1361 2429/1/1361
f 2430/1/1372 2431/1/1372 2072/1/1365 2071/1/1365
f 2431/1/1366 2432/1/1366 2073/1/2255 2072/1/2255
f 2432/1/1368 2433/1/1368 2074/1/1369 2073/1/1369
f 2433/1/1370 2430/1/1370 2071/1/1371 2074/1/1371
f 2434/1/1372 2435/1/1372 2431/1/1372 2430/1/1372
f 2435/1/1366 2436/1/1366 2432/1/1366 2431/1/1366
f 2436/1/1368 2437/1/1368 2433/1/1368 2432/1/1368
f 2437/1/1370 2434/1/1370 2430/1/1370 2433/1/1370
f 2438/1/1372 2439/1/1372 2435/1/1372 2434/1/1372
f 2439/1/1366 2440/1/1366 2436/1/1366 2435/1/1366
f 2440/1/1368 2441/1/1368 2437/1/1368 2436/1/1368
f 2441/1/1370 2438/1/1370 2434/1/1370 2437/1/1370
f 2442/1/1372 2443/1/1372 2439/1/1372 2438/1/1372
f 2443/1/1366 2444/1/1366 2440/1/1366 2439/1/1366
f 2444/1/1368 2445/1/1368 2441/1/1368 2440/1/1368
f 2445/1/1370 2442/1/1370 2438/1/1370 2441/1/1370
f 2446/1/1372 2447/1/1372 2443/1/1372 2442/1/1372
f 2447/1/1366 2448/1/1366 2444/1/1366 2443/1/1366
f 2448/1/1368 2449/1/1368 2445/1/1368 2444/1/1368
f 2449/1/1370 2446/1/1370 2442/1/1370 2445/1/1370
f 2159/1/1373 2160/1/1373 2447/1/1372 2446/1/1372
f 2160/1/1374 2161/1/1374 2448/1/1366 2447/1/1366
f 2161/1/1375 2162/1/1375 2449/1/1368 2448/1/1368
f 2162/1/1376 2159/1/1376 2446/1/1370 2449/1/1370
f 2450/1/1377 2451/1/1377 2160/1/1373 2159/1/1373
f 2451/1/1378 2452/1/1378 2161/1/1374 2160/1/1374
f 2452/1/1379 2453/1/1379 2162/1/1375 2161/1/1375
f 2453/1/1380 2450/1/1380 2159/1/1376 2162/1/1376
f 2454/1/1377 2455/1/1377 2451/1/1377 2450/1/1377
f 2455/1/1378 2456/1/1378 2452/1/1378 2451/1/1378
f 2456/1/1379 2457/1/1379 2453/1/1379 2452/1/1379
f 2457/1/1381 2454/1/1381 2450/1/1380 2453/1/1380
f 2458/1/1377 2459/1/1377 2455/1/1377 2454/1/1377
f 2459/1/1378 2460/1/1378 2456/1/1378 2455/1/1378
f 2460/1/1379 2461/1/1379 2457/1/1379 2456/1/1379
f 2461/1/1381 2458/1/1381 2454/1/1381 2457/1/1381
f 2462/1/1377 2463/1/1377 2459/1/1377 2458/1/1377
f 2463/1/1382 2464/1/1382 2460/1/1378 2459/1/1378
f 2464/1/1379 2465/1/1379 2461/1/1379 2460/1/1379
f 2465/1/1381 2462/1/1381 2458/1/1381 2461/1/1381
f 2466/1/1383 2467/1/1383 2463/1/1377 2462/1/1377
f 2467/1/1382 2468/1/1382 2464/1/1382 2463/1/1382
f 2468/1/1379 2469/1/1379 2465/1/1379 2464/1/1379
f 2469/1/1381 2466/1/1381 2462/1/1381 2465/1/1381
f 2470/1/1383 2471/1/1383 2467/1/1383 2466/1/1383
f 2471/1/1378 2472/1/1378 2468/1/1382 2467/1/1382
f 2472/1/1384 2473/1/1384 2469/1/1379 2468/1/1379
f 2473/1/1380 2470/1/1380 2466/1/1381 2469/1/1381
f 2011/1/1377 2012/1/1377 2471/1/1383 2470/1/1383
f 2012/1/1378 2013/1/1378 2472/1/1378 2471/1/1378
f 2013/1/1379 2014/1/1379 2473/1/1384 2472/1/1384
f 2014/1/1380 2011/1/1380 2470/1/1380 2473/1/1380
f 2477/1/1385 2478/1/1385 2475/1/1385 2474/1/1385
f 2478/1/1386 2479/1/1386 2345/1/1386 2475/1/1386
f 2479/1/1387 2480/1/1387 2476/1/1387 2345/1/1387
f 2480/1/1388 2477/1/1388 2474/1/1388 2476/1/1388
f 2481/1/1389 2482/1/1389 2478/1/1385 2477/1/1385
f 2482/1/1390 2483/1/1390 2479/1/1390 2478/1/1390
f 2483/1/1391 2484/1/1391 2480/1/1391 2479/1/1391
f 2484/1/1392 2481/1/1392 2477/1/1392 2480/1/1392
f 2485/1/1385 2486/1/1385 2482/1/1389 2481/1/1389
f 2486/1/1390 2487/1/1390 2483/1/1390 2482/1/1390
f 2487/1/1391 2488/1/1391 2484/1/1391 2483/1/1391
f 2488/1/1392 2485/1/1392 2481/1/1392 2484/1/1392
f 2489/1/1385 2490/1/1385 2486/1/1385 2485/1/1385
f 2490/1/1390 2491/1/1390 2487/1/1390 2486/1/1390
f 2491/1/1391 2492/1/1391 2488/1/1391 2487/1/1391
f 2492/1/2256 2489/1/2256 2485/1/1392 2488/1/1392
f 2163/1/1389 2164/1/1389 2490/1/1385 2489/1/1385
f 2164/1/1390 2165/1/1390 2491/1/1390 2490/1/1390
f 2165/1/1391 2166/1/1391 2492/1/1391 2491/1/1391
f 2166/1/1392 2163/1/1392 2489/1/2256 2492/1/2256
f 2493/1/1389 2494/1/1389 2164/1/1389 2163/1/1389
f 2494/1/1390 2495/1/1390 2165/1/1390 2164/1/1390
f 2495/1/1391 2496/1/1391 2166/1/1391 2165/1/1391
f 2496/1/1392 2493/1/1392 2163/1/1392 2166/1/1392
f 2497/1/1389 2498/1/1389 2494/1/1389 2493/1/1389
f 2498/1/1390 2499/1/1390 2495/1/1390 2494/1/1390
f 2499/1/1391 2500/1/1391 2496/1/1391 2495/1/1391
f 2500/1/1392 2497/1/1392 2493/1/1392 2496/1/1392
f 2501/1/1385 2502/1/1385 2498/1/1389 2497/1/1389
f 2502/1/1393 2503/1/1393 2499/1/1390 2498/1/1390
f 2503/1/1391 2504/1/1391 2500/1/1391 2499/1/1391
f 2504/1/1392 2501/1/1392 2497/1/1392 2500/1/1392
f 2505/1/1385 2506/1/1385 2502/1/1385 2501/1/1385
f 2506/1/1393 2507/1/1393 2503/1/1393 2502/1/1393
f 2507/1/1394 2508/1/1394 2504/1/1391 2503/1/1391
f 2508/1/1392 2505/1/1392 2501/1/1392 2504/1/1392
f 2509/1/1389 2510/1/1389 2506/1/1385 2505/1/1385
f 2510/1/1390 2511/1/1390 2507/1/1393 2506/1/1393
f 2511/1/1394 2512/1/1394 2508/1/1394 2507/1/1394
f 2512/1/1392 2509/1/1392 2505/1/1392 2508/1/1392
f 2513/1/1389 2514/1/1389 2510/1/1389 2509/1/1389
f 2514/1/1390 2515/1/1390 2511/1/1390 2510/1/1390
f 2515/1/1391 2516/1/1391 2512/1/1394 2511/1/1394
f 2516/1/1392 2513/1/1392 2509/1/1392 2512/1/1392
f 2517/1/1389 2518/1/1389 2514/1/1389 2513/1/1389
f 2518/1/1390 2519/1/1390 2515/1/1390 2514/1/1390
f 2519/1/1391 2520/1/1391 2516/1/1391 2515/1/1391
f 2520/1/1392 2517/1/1392 2513/1/1392 2516/1/1392
f 2015/1/1385 2016/1/1385 2518/1/1389 2517/1/1389
f 2016/1/1390 2017/1/1390 2519/1/1390 2518/1/1390
f 2017/1/1391 2018/1/1391 2520/1/1391 2519/1/1391
f 2018/1/2256 2015/1/2256 2517/1/1392 2520/1/1392
f 2095/1/1395 2096/1/1395 2168/1/1396 2167/1/1396
f 2096/1/1397 2097/1/1397 2169/1/1398 2168/1/1398
f 2097/1/1399 2098/1/1399 2170/1/1400 2169/1/1400
f 2098/1/2257 2095/1/1401 2167/1/1402 2170/1/1402
f 2167/1/1403 2168/1/1403 2020/1/1403 2019/1/1403
f 2168/1/1398 2169/1/1398 2021/1/1404 2020/1/1404
f 2169/1/1400 2170/1/1400 2022/1/2258 2021/1/2258
f 2170/1/1402 2167/1/1402 2019/1/1406 2022/1/1406
f 2027/1/1407 2028/1/1407 2522/1/1408 2521/1/1408
f 2028/1/1409 2029/1/1409 2523/1/1410 2522/1/1410
f 2029/1/1411 2030/1/1411 2524/1/1412 2523/1/1412
f 2030/1/1413 2027/1/1413 2521/1/1414 2524/1/1414
f 2521/1/1408 2522/1/1408 2172/1/1415 2171/1/1415
f 2522/1/1410 2523/1/1410 2173/1/1416 2172/1/1416
f 2523/1/1412 2524/1/1412 2174/1/1417 2173/1/1417
f 2524/1/1414 2521/1/1414 2171/1/1418 2174/1/1418
f 2171/1/1419 2172/1/1419 2526/1/1419 2525/1/1419
f 2172/1/1416 2173/1/1416 2527/1/1421 2526/1/1421
f 2173/1/1422 2174/1/1422 2528/1/1422 2527/1/1422
f 2174/1/1418 2171/1/1418 2525/1/1423 2528/1/1423
f 2525/1/1419 2526/1/1419 2024/1/1420 2023/1/1420
f 2526/1/1421 2527/1/1421 2025/1/1425 2024/1/1425
f 2527/1/1422 2528/1/1422 2026/1/1426 2025/1/1426
f 2528/1/1423 2525/1/1423 2023/1/1423 2026/1/1423
f 2019/1/1427 2020/1/1427 2176/1/1427 2175/1/1427
f 2020/1/1404 2021/1/1404 2177/1/1428 2176/1/1428
f 2021/1/1429 2022/1/1429 2178/1/1429 2177/1/1429
f 2022/1/1406 2019/1/1406 2175/1/1430 2178/1/1430
f 2175/1/1431 2176/1/1431 2028/1/1431 2027/1/1431
f 2176/1/1428 2177/1/1428 2029/1/1432 2028/1/1432
f 2177/1/1433 2178/1/1433 2030/1/1433 2029/1/1433
f 2178/1/1430 2175/1/1430 2027/1/1434 2030/1/1434
f 2179/1/1435 2180/1/1435 2530/1/1436 2529/1/1436
f 2180/1/1437 2181/1/1437 2531/1/1437 2530/1/1437
f 2181/1/1438 2182/1/1438 2532/1/1438 2531/1/1438
f 2182/1/1439 2179/1/1439 2529/1/1440 2532/1/1440
f 2533/1/1441 2534/1/1441 2180/1/1435 2179/1/1435
f 2534/1/1442 2535/1/1442 2181/1/1443 2180/1/1443
f 2535/1/1444 2536/1/1444 2182/1/1445 2181/1/1445
f 2536/1/2259 2533/1/2259 2179/1/1439 2182/1/1439
f 2031/1/1447 2032/1/1447 2534/1/1441 2533/1/1441
f 2032/1/1448 2033/1/1448 2535/1/1442 2534/1/1442
f 2033/1/1449 2034/1/1449 2536/1/1444 2535/1/1444
f 2034/1/1450 2031/1/1450 2533/1/2259 2536/1/2259
f 2183/1/1451 2184/1/1451 2084/1/1451 2083/1/1451
f 2184/1/1452 2185/1/1452 2085/1/1453 2084/1/1453
f 2185/1/1454 2186/1/1454 2086/1/1454 2085/1/1454
f 2186/1/1455 2183/1/1455 2083/1/1456 2086/1/1456
f 2035/1/1457 2036/1/1457 2184/1/1457 2183/1/1457
f 2036/1/1458 2037/1/1458 2185/1/1452 2184/1/1452
f 2037/1/1459 2038/1/1459 2186/1/1459 2185/1/1459
f 2038/1/1460 2035/1/1460 2183/1/1455 2186/1/1455
f 2539/1/2260 2540/1/2260 2476/1/2260 2537/1/2260
f 2540/1/2261 2541/1/2261 2345/1/2261 2476/1/2261
f 2541/1/1463 2542/1/1463 2538/1/1463 2345/1/1463
f 2542/1/1464 2539/1/1464 2537/1/1465 2538/1/1465
f 2187/1/1466 2188/1/1466 2540/1/1466 2539/1/1466
f 2188/1/1467 2189/1/1467 2541/1/1467 2540/1/1467
f 2189/1/2262 2190/1/2262 2542/1/2262 2541/1/2262
f 2190/1/1469 2187/1/1469 2539/1/1464 2542/1/1464
f 2543/1/1470 2544/1/1470 2188/1/1471 2187/1/1471
f 2544/1/1472 2545/1/1472 2189/1/1473 2188/1/1473
f 2545/1/1474 2546/1/1474 2190/1/1474 2189/1/1474
f 2546/1/1475 2543/1/1475 2187/1/1476 2190/1/1476
f 2547/1/2263 2548/1/2263 2544/1/1470 2543/1/1470
f 2548/1/1478 2549/1/1478 2545/1/1472 2544/1/1472
f 2549/1/2264 2550/1/2264 2546/1/1474 2545/1/1474
f 2550/1/1480 2547/1/1480 2543/1/1475 2546/1/1475
f 2039/1/1481 2040/1/1481 2548/1/2263 2547/1/2263
f 2040/1/1482 2041/1/1482 2549/1/1478 2548/1/1478
f 2041/1/2265 2042/1/2265 2550/1/2264 2549/1/2264
f 2042/1/1484 2039/1/1484 2547/1/1480 2550/1/1480
f 2079/1/1485 2080/1/1485 2192/1/1485 2191/1/1485
f 2080/1/1486 2081/1/1486 2193/1/1487 2192/1/1487
f 2081/1/1488 2082/1/1488 2194/1/1488 2193/1/1488
f 2082/1/1489 2079/1/1489 2191/1/1490 2194/1/1490
f 2191/1/1491 2192/1/1491 2044/1/1491 2043/1/1491
f 2192/1/1487 2193/1/1487 2045/1/1492 2044/1/1492
f 2193/1/1493 2194/1/1493 2046/1/1493 2045/1/1493
f 2194/1/1490 2191/1/1490 2043/1/1494 2046/1/1494
f 2551/1/1495 2552/1/1495 2556/1/1495 2555/1/1495
f 2552/1/1497 2553/1/1497 2557/1/1496 2556/1/1496
f 2553/1/2266 2554/1/2266 2558/1/1498 2557/1/1498
f 2554/1/2267 2551/1/2267 2555/1/1499 2558/1/1499
f 2555/1/1495 2556/1/1495 2196/1/1500 2195/1/1500
f 2556/1/1496 2557/1/1496 2197/1/1501 2196/1/1501
f 2557/1/1498 2558/1/1498 2198/1/1502 2197/1/1502
f 2558/1/1499 2555/1/1499 2195/1/1503 2198/1/1503
f 2195/1/1500 2196/1/1500 2560/1/1504 2559/1/1504
f 2196/1/1501 2197/1/1501 2561/1/1505 2560/1/1505
f 2197/1/1502 2198/1/1502 2562/1/1506 2561/1/1506
f 2198/1/1503 2195/1/1503 2559/1/1507 2562/1/1507
f 2559/1/1504 2560/1/1504 2564/1/1508 2563/1/1508
f 2560/1/1505 2561/1/1505 2565/1/1509 2564/1/1509
f 2561/1/1506 2562/1/1506 2566/1/1510 2565/1/1510
f 2562/1/1507 2559/1/1507 2563/1/1511 2566/1/1511
f 2563/1/1508 2564/1/1508 2048/1/1512 2047/1/1512
f 2564/1/1509 2565/1/1509 2049/1/1509 2048/1/1509
f 2565/1/1510 2566/1/1510 2050/1/1513 2049/1/1513
f 2566/1/1511 2563/1/1511 2047/1/1511 2050/1/1511
f 2199/1/1514 2200/1/1514 2126/1/1514 2567/1/1514
f 2200/1/2268 2201/1/2268 2568/1/2268 2126/1/2268
f 2201/1/1516 2202/1/1516 2569/1/1516 2568/1/1516
f 2202/1/1517 2199/1/1517 2567/1/1517 2569/1/1517
f 2570/1/1518 2571/1/1518 2200/1/1519 2199/1/1519
f 2571/1/1520 2572/1/1520 2201/1/1521 2200/1/1521
f 2572/1/1522 2573/1/1522 2202/1/1523 2201/1/1523
f 2573/1/2269 2570/1/1524 2199/1/1525 2202/1/1525
f 2051/1/2270 2052/1/2270 2571/1/1518 2570/1/1518
f 2052/1/1527 2053/1/1527 2572/1/1520 2571/1/1520
f 2053/1/2271 2054/1/2271 2573/1/1522 2572/1/1522
f 2054/1/1529 2051/1/1529 2570/1/1524 2573/1/2269
f 2574/1/1530 2575/1/1530 2060/1/1531 2059/1/1531
f 2575/1/1532 2576/1/1532 2061/1/1533 2060/1/1533
f 2576/1/1534 2577/1/1534 2062/1/1535 2061/1/1535
f 2577/1/1536 2574/1/1536 2059/1/2272 2062/1/2272
f 2203/1/1537 2204/1/1537 2575/1/1530 2574/1/1530
f 2204/1/1538 2205/1/1538 2576/1/1532 2575/1/1532
f 2205/1/1539 2206/1/1539 2577/1/1534 2576/1/1534
f 2206/1/1540 2203/1/1540 2574/1/1536 2577/1/1536
f 2578/1/1541 2579/1/1541 2204/1/1537 2203/1/1537
f 2579/1/1542 2580/1/1542 2205/1/1538 2204/1/1538
f 2580/1/1543 2581/1/1543 2206/1/1539 2205/1/1539
f 2581/1/1544 2578/1/1544 2203/1/1540 2206/1/1540
f 2055/1/1545 2056/1/1545 2579/1/1541 2578/1/1541
f 2056/1/1546 2057/1/1546 2580/1/1542 2579/1/1542
f 2057/1/1547 2058/1/1547 2581/1/1543 2580/1/1543
f 2058/1/1544 2055/1/1544 2578/1/1544 2581/1/1544
f 2207/1/2273 2208/1/2273 2582/1/2273 2272/1/2273
f 2208/1/1549 2209/1/1549 2583/1/1549 2582/1/1549
f 2209/1/1550 2210/1/1550 2531/1/1550 2583/1/1550
f 2210/1/1551 2207/1/1552 2272/1/1553 2531/1/1553
f 2584/1/1554 2585/1/1554 2208/1/1555 2207/1/1555
f 2585/1/1556 2586/1/1556 2209/1/1557 2208/1/1557
f 2586/1/1558 2587/1/1558 2210/1/1559 2209/1/1559
f 2587/1/1560 2584/1/1560 2207/1/1552 2210/1/1551
f 2059/1/1531 2060/1/1531 2585/1/1554 2584/1/1554
f 2060/1/1561 2061/1/1561 2586/1/1556 2585/1/1556
f 2061/1/1535 2062/1/1535 2587/1/1558 2586/1/1558
f 2062/1/2274 2059/1/2274 2584/1/1560 2587/1/1560
f 2588/1/1563 2589/1/1563 2056/1/1564 2055/1/1564
f 2589/1/1565 2590/1/1565 2057/1/1565 2056/1/1565
f 2590/1/1566 2591/1/1566 2058/1/1567 2057/1/1567
f 2591/1/1568 2588/1/1568 2055/1/1569 2058/1/1569
f 2211/1/1570 2212/1/1570 2589/1/1563 2588/1/1563
f 2212/1/1571 2213/1/1571 2590/1/1565 2589/1/1565
f 2213/1/1572 2214/1/1572 2591/1/1566 2590/1/1566
f 2214/1/1573 2211/1/1573 2588/1/1568 2591/1/1568
f 2592/1/1574 2593/1/1574 2212/1/1570 2211/1/1570
f 2593/1/1575 2594/1/1575 2213/1/1571 2212/1/1571
f 2594/1/1576 2595/1/1576 2214/1/1572 2213/1/1572
f 2595/1/1577 2592/1/1577 2211/1/1573 2214/1/1573
f 2063/1/1578 2064/1/1578 2593/1/1574 2592/1/1574
f 2064/1/1575 2065/1/1575 2594/1/1575 2593/1/1575
f 2065/1/1579 2066/1/1579 2595/1/1576 2594/1/1576
f 2066/1/1580 2063/1/1580 2592/1/1577 2595/1/1577
f 2600/1/1581 2601/1/1581 2597/1/1581 2596/1/1581
f 2601/1/1582 2602/1/1582 2598/1/1582 2597/1/1582
f 2602/1/1583 2603/1/1583 2599/1/1583 2598/1/1583
f 2603/1/1584 2600/1/1584 2596/1/1584 2599/1/1584
f 2604/1/2275 2605/1/2275 2601/1/1581 2600/1/1581
f 2605/1/1582 2606/1/1582 2602/1/1582 2601/1/1582
f 2606/1/1586 2607/1/1586 2603/1/1583 2602/1/1583
f 2607/1/1587 2604/1/1587 2600/1/1584 2603/1/1584
f 2215/1/1588 2216/1/1588 2605/1/2275 2604/1/2275
f 2216/1/1589 2217/1/1589 2606/1/1582 2605/1/1582
f 2217/1/1590 2218/1/1590 2607/1/1586 2606/1/1586
f 2218/1/1591 2215/1/1591 2604/1/1587 2607/1/1587
f 2608/1/1592 2609/1/1592 2216/1/1593 2215/1/1593
f 2609/1/1594 2610/1/1594 2217/1/1595 2216/1/1595
f 2610/1/1596 2611/1/1596 2218/1/1597 2217/1/1597
f 2611/1/1598 2608/1/1598 2215/1/1599 2218/1/1599
f 2612/1/1592 2613/1/1592 2609/1/1592 2608/1/1592
f 2613/1/1600 2614/1/1600 2610/1/1594 2609/1/1594
f 2614/1/1601 2615/1/1601 2611/1/1596 2610/1/1596
f 2615/1/1602 2612/1/1602 2608/1/1598 2611/1/1598
f 2616/1/1603 2617/1/1592 2613/1/1592 2612/1/1592
f 2617/1/1600 2618/1/1600 2614/1/1600 2613/1/1600
f 2618/1/1601 2619/1/1601 2615/1/1601 2614/1/1601
f 2619/1/1602 2616/1/1602 2612/1/1602 2615/1/1602
f 2620/1/1604 2621/1/1604 2617/1/1592 2616/1/1603
f 2621/1/1605 2622/1/1605 2618/1/1600 2617/1/1600
f 2622/1/1601 2623/1/1601 2619/1/1601 2618/1/1601
f 2623/1/1606 2620/1/1606 2616/1/1602 2619/1/1602
f 2067/1/1607 2068/1/1607 2621/1/1604 2620/1/1604
f 2068/1/1608 2069/1/1608 2622/1/1605 2621/1/1605
f 2069/1/1609 2070/1/1609 2623/1/1601 2622/1/1601
f 2070/1/1610 2067/1/1610 2620/1/1606 2623/1/1606
f 2628/1/1611 2629/1/1611 2625/1/1611 2624/1/1611
f 2629/1/1612 2630/1/1612 2626/1/1612 2625/1/1612
f 2630/1/1613 2631/1/1613 2627/1/1613 2626/1/1613
f 2631/1/1614 2628/1/1614 2624/1/1614 2627/1/1614
f 2632/1/1611 2633/1/1611 2629/1/1611 2628/1/1611
f 2633/1/1612 2634/1/1612 2630/1/1612 2629/1/1612
f 2634/1/1613 2635/1/1613 2631/1/1613 2630/1/1613
f 2635/1/1614 2632/1/1614 2628/1/1614 2631/1/1614
f 2636/1/1611 2637/1/1611 2633/1/1611 2632/1/1611
f 2637/1/1612 2638/1/1612 2634/1/1612 2633/1/1612
f 2638/1/1613 2639/1/1613 2635/1/1613 2634/1/1613
f 2639/1/1615 2636/1/1615 2632/1/1614 2635/1/1614
f 2219/1/1616 2220/1/1616 2637/1/1611 2636/1/1611
f 2220/1/1617 2221/1/1617 2638/1/1612 2637/1/1612
f 2221/1/1618 2222/1/1618 2639/1/1613 2638/1/1613
f 2222/1/1619 2219/1/1619 2636/1/1615 2639/1/1615
f 2640/1/1620 2641/1/1620 2220/1/1616 2219/1/1616
f 2641/1/1621 2642/1/1621 2221/1/1617 2220/1/1617
f 2642/1/1624 2643/1/1624 2222/1/1618 2221/1/1618
f 2643/1/1623 2640/1/1623 2219/1/1619 2222/1/1619
f 2644/1/1620 2645/1/1620 2641/1/1620 2640/1/1620
f 2645/1/1621 2646/1/1621 2642/1/1621 2641/1/1621
f 2646/1/1624 2647/1/1624 2643/1/1624 2642/1/1624
f 2647/1/1623 2644/1/1623 2640/1/1623 2643/1/1623
f 2648/1/1620 2649/1/1620 2645/1/1620 2644/1/1620
f 2649/1/1621 2650/1/1621 2646/1/1621 2645/1/1621
f 2650/1/1624 2651/1/1624 2647/1/1624 2646/1/1624
f 2651/1/1623 2648/1/1623 2644/1/1623 2647/1/1623
f 2652/1/1625 2653/1/1625 2649/1/1620 2648/1/1620
f 2653/1/1621 2654/1/1621 2650/1/1621 2649/1/1621
f 2654/1/1624 2655/1/1624 2651/1/1624 2650/1/1624
f 2655/1/1623 2652/1/1623 2648/1/1623 2651/1/1623
f 2656/1/1625 2657/1/1625 2653/1/1625 2652/1/1625
f 2657/1/1621 2658/1/1621 2654/1/1621 2653/1/1621
f 2658/1/1624 2659/1/1624 2655/1/1624 2654/1/1624
f 2659/1/1626 2656/1/1626 2652/1/1623 2655/1/1623
f 2071/1/1365 2072/1/1365 2657/1/1625 2656/1/1625
f 2072/1/1621 2073/1/1621 2658/1/1621 2657/1/1621
f 2073/1/1369 2074/1/1369 2659/1/1624 2658/1/1624
f 2074/1/1627 2071/1/1627 2656/1/1626 2659/1/1626
f 2043/1/2276 2044/1/2276 2224/1/1629 2223/1/1629
f 2044/1/1492 2045/1/1492 2225/1/1630 2224/1/1630
f 2045/1/1631 2046/1/1631 2226/1/1632 2225/1/1632
f 2046/1/1494 2043/1/1494 2223/1/1633 2226/1/1633
f 2223/1/1629 2224/1/1629 2076/1/1634 2075/1/1634
f 2224/1/1630 2225/1/1630 2077/1/1141 2076/1/1141
f 2225/1/1632 2226/1/1632 2078/1/1635 2077/1/1635
f 2226/1/1633 2223/1/1633 2075/1/1636 2078/1/1636
f 2227/1/1637 2228/1/1637 2080/1/1637 2079/1/1637
f 2228/1/1638 2583/1/1638 2081/1/1638 2080/1/1638
f 2583/1/1639 2229/1/1639 2082/1/1639 2081/1/1639
f 2229/1/1640 2227/1/1640 2079/1/1489 2082/1/1489
f 2660/1/1641 2661/1/1641 2032/1/1447 2031/1/1447
f 2661/1/1642 2662/1/1642 2033/1/1448 2032/1/1448
f 2662/1/1643 2663/1/1643 2034/1/1449 2033/1/1449
f 2663/1/1644 2660/1/1644 2031/1/1450 2034/1/1450
f 2230/1/1645 2231/1/1645 2661/1/1641 2660/1/1641
f 2231/1/1646 2232/1/1646 2662/1/1642 2661/1/1642
f 2232/1/1647 2233/1/1647 2663/1/1643 2662/1/1643
f 2233/1/1648 2230/1/1648 2660/1/1644 2663/1/1644
f 2664/1/1649 2665/1/1649 2231/1/1650 2230/1/1650
f 2665/1/2277 2666/1/2277 2232/1/1646 2231/1/1646
f 2666/1/2278 2667/1/2278 2233/1/1653 2232/1/1653
f 2667/1/1654 2664/1/1654 2230/1/1648 2233/1/1648
f 2083/1/1655 2084/1/1655 2665/1/1649 2664/1/1649
f 2084/1/1453 2085/1/1453 2666/1/2277 2665/1/2277
f 2085/1/1656 2086/1/1656 2667/1/2278 2666/1/2278
f 2086/1/1456 2083/1/1456 2664/1/1654 2667/1/1654
f 2234/1/1657 2235/1/1657 2036/1/1657 2035/1/1657
f 2235/1/1658 2236/1/1658 2037/1/1458 2036/1/1458
f 2236/1/1659 2237/1/1659 2038/1/1659 2037/1/1659
f 2237/1/1660 2234/1/1660 2035/1/1460 2038/1/1460
f 2668/1/1661 2669/1/1661 2235/1/1662 2234/1/1662
f 2669/1/1663 2670/1/1663 2236/1/1658 2235/1/1658
f 2670/1/2279 2671/1/2279 2237/1/1665 2236/1/1665
f 2671/1/2280 2668/1/2280 2234/1/1660 2237/1/1660
f 2087/1/1667 2088/1/1667 2669/1/1661 2668/1/1661
f 2088/1/1231 2089/1/1231 2670/1/1663 2669/1/1663
f 2089/1/1668 2090/1/1668 2671/1/2279 2670/1/2279
f 2090/1/2240 2087/1/2240 2668/1/2280 2671/1/2280
f 2023/1/1669 2024/1/1669 2673/1/1670 2672/1/1670
f 2024/1/1671 2025/1/1671 2674/1/1672 2673/1/1672
f 2025/1/1673 2026/1/1673 2675/1/1674 2674/1/1674
f 2026/1/2281 2023/1/2281 2672/1/1676 2675/1/1676
f 2672/1/1670 2673/1/1670 2239/1/1677 2238/1/1677
f 2673/1/1672 2674/1/1672 2240/1/1678 2239/1/1678
f 2674/1/1674 2675/1/1674 2241/1/2282 2240/1/2282
f 2675/1/1676 2672/1/1676 2238/1/1680 2241/1/1680
f 2238/1/2283 2239/1/2283 2677/1/1682 2676/1/1682
f 2239/1/1678 2240/1/1678 2678/1/1683 2677/1/1683
f 2240/1/1684 2241/1/1684 2679/1/1685 2678/1/1685
f 2241/1/1680 2238/1/1680 2676/1/1686 2679/1/1686
f 2676/1/1682 2677/1/1682 2092/1/1687 2091/1/1687
f 2677/1/1683 2678/1/1683 2093/1/1161 2092/1/1161
f 2678/1/1685 2679/1/1685 2094/1/1688 2093/1/1688
f 2679/1/1686 2676/1/1686 2091/1/1158 2094/1/1158
f 2099/1/1689 2100/1/1689 2243/1/1690 2242/1/1690
f 2100/1/1691 2101/1/1691 2244/1/1692 2243/1/1692
f 2101/1/1693 2102/1/1693 2245/1/1694 2244/1/1694
f 2102/1/1695 2099/1/1696 2242/1/1697 2245/1/1697
f 2242/1/1690 2243/1/1690 2096/1/1395 2095/1/1395
f 2243/1/1692 2244/1/1692 2097/1/1397 2096/1/1397
f 2244/1/1694 2245/1/1694 2098/1/1698 2097/1/1698
f 2245/1/1697 2242/1/1697 2095/1/1401 2098/1/2257
f 2103/1/1689 2104/1/1689 2247/1/1690 2246/1/1690
f 2104/1/1699 2105/1/1699 2248/1/1692 2247/1/1692
f 2105/1/1693 2106/1/1693 2249/1/1700 2248/1/1700
f 2106/1/1695 2103/1/1695 2246/1/1701 2249/1/1701
f 2246/1/1690 2247/1/1690 2100/1/1689 2099/1/1689
f 2247/1/1692 2248/1/1692 2101/1/1691 2100/1/1691
f 2248/1/1700 2249/1/1700 2102/1/1693 2101/1/1693
f 2249/1/1701 2246/1/1701 2099/1/1696 2102/1/1695
f 2107/1/2284 2108/1/2284 2251/1/1690 2250/1/1690
f 2108/1/1699 2109/1/1699 2252/1/1692 2251/1/1692
f 2109/1/1693 2110/1/1693 2253/1/1700 2252/1/1700
f 2110/1/1702 2107/1/1702 2250/1/1701 2253/1/1701
f 2250/1/1690 2251/1/1690 2104/1/1689 2103/1/1689
f 2251/1/1692 2252/1/1692 2105/1/1699 2104/1/1699
f 2252/1/1700 2253/1/1700 2106/1/1693 2105/1/1693
f 2253/1/1701 2250/1/1701 2103/1/1695 2106/1/1695
f 2111/1/2285 2112/1/2285 2255/1/1690 2254/1/1703
f 2112/1/2286 2113/1/2286 2256/1/1692 2255/1/1692
f 2113/1/1693 2114/1/1693 2257/1/2287 2256/1/2287
f 2114/1/1704 2111/1/1704 2254/1/2288 2257/1/1701
f 2254/1/1703 2255/1/1690 2108/1/2284 2107/1/2284
f 2255/1/1692 2256/1/1692 2109/1/1699 2108/1/1699
f 2256/1/2287 2257/1/2287 2110/1/1693 2109/1/1693
f 2257/1/1701 2254/1/2288 2107/1/1702 2110/1/1702
f 2115/1/2289 2116/1/2289 2259/1/2290 2258/1/2290
f 2116/1/2291 2117/1/2291 2260/1/2292 2259/1/2292
f 2117/1/1710 2118/1/1710 2261/1/1711 2260/1/1711
f 2118/1/2293 2115/1/2294 2258/1/2295 2261/1/2295
f 2258/1/2290 2259/1/2290 2112/1/2285 2111/1/2285
f 2259/1/2292 2260/1/2292 2113/1/2286 2112/1/2286
f 2260/1/1711 2261/1/1711 2114/1/1693 2113/1/1693
f 2261/1/2295 2258/1/2295 2111/1/1704 2114/1/1704
f 1983/1/1716 1984/1/1716 2263/1/2296 2262/1/2296
f 1984/1/1717 1985/1/1717 2264/1/2297 2263/1/2298
f 1985/1/2299 1986/1/2299 2265/1/2300 2264/1/2300
f 1986/1/2301 1983/1/2301 2262/1/2302 2265/1/2302
f 2262/1/2296 2263/1/2296 2116/1/2289 2115/1/2289
f 2263/1/2298 2264/1/2297 2117/1/2291 2116/1/2291
f 2264/1/2300 2265/1/2300 2118/1/1710 2117/1/1710
f 2265/1/2302 2262/1/2302 2115/1/2294 2118/1/2293
usemtl Material.027
f 698/2/609 711/3/609 710/4/609
f 699/5/610 711/6/610 713/7/610
f 698/8/611 710/9/611 715/10/611
f 698/11/612 715/12/612 717/13/612
f 698/14/613 717/15/613 714/16/613
f 699/5/614 713/7/614 720/17/614
f 700/18/615 712/19/615 722/20/615
f 701/21/616 716/22/616 724/23/616
f 702/24/617 718/25/617 726/26/617
f 703/27/618 719/28/618 728/29/618
f 699/5/619 720/17/619 723/30/619
f 700/18/620 722/20/621 725/31/622
f 701/21/623 724/23/623 727/32/623
f 702/24/624 726/26/624 729/33/624
f 703/27/625 728/29/625 721/34/625
f 704/35/626 730/36/626 735/37/626
f 705/38/627 731/39/627 737/40/627
f 706/41/628 732/42/628 738/43/628
f 707/44/629 733/45/629 739/46/629
f 708/47/630 734/48/630 736/49/630
f 736/49/631 739/50/631 709/51/631
f 736/49/632 734/48/632 739/50/632
f 734/48/633 707/44/633 739/50/633
f 739/46/634 738/52/634 709/53/634
f 739/46/635 733/45/636 738/52/637
f 733/45/636 706/41/638 738/52/637
f 738/43/639 737/54/639 709/55/639
f 738/43/640 732/42/640 737/54/640
f 732/42/641 705/56/641 737/54/641
f 737/40/642 735/57/642 709/58/642
f 737/40/643 731/39/643 735/57/643
f 731/39/644 704/35/644 735/57/644
f 735/37/645 736/59/645 709/60/645
f 735/37/646 730/36/646 736/59/646
f 730/36/647 708/47/647 736/59/647
f 721/34/648 734/48/648 708/47/648
f 721/34/649 728/29/649 734/48/649
f 728/29/650 707/44/650 734/48/650
f 729/33/651 733/45/651 707/44/651
f 729/33/652 726/26/652 733/45/652
f 726/26/653 706/41/653 733/45/653
f 727/32/654 732/42/654 706/41/654
f 727/32/655 724/23/655 732/42/655
f 724/23/656 705/56/656 732/42/656
f 725/31/657 731/39/657 705/38/657
f 725/31/622 722/20/621 731/39/658
f 722/20/659 704/35/659 731/39/659
f 723/30/660 730/36/660 704/35/660
f 723/30/661 720/17/661 730/36/661
f 720/17/662 708/47/662 730/36/662
f 728/29/663 729/33/663 707/44/663
f 728/29/664 719/28/664 729/33/664
f 719/28/665 702/24/665 729/33/665
f 726/26/666 727/32/666 706/41/666
f 726/26/667 718/25/667 727/32/667
f 718/25/668 701/21/668 727/32/668
f 724/23/669 725/61/669 705/56/669
f 724/23/670 716/22/670 725/61/670
f 716/22/671 700/62/671 725/61/671
f 722/20/672 723/30/672 704/35/672
f 722/20/673 712/19/673 723/30/673
f 712/19/674 699/5/674 723/30/674
f 720/17/675 721/34/675 708/47/675
f 720/17/676 713/7/676 721/34/676
f 713/7/677 703/27/677 721/34/677
f 714/16/678 719/28/678 703/27/678
f 714/16/679 717/15/679 719/28/679
f 717/15/680 702/24/680 719/28/680
f 717/13/681 718/25/681 702/24/681
f 717/13/682 715/12/682 718/25/682
f 715/12/683 701/21/683 718/25/683
f 715/10/684 716/22/684 701/21/684
f 715/10/685 710/9/685 716/22/685
f 710/9/686 700/62/686 716/22/686
f 713/7/687 714/63/687 703/27/687
f 713/7/688 711/6/688 714/63/688
f 711/6/689 698/64/689 714/63/689
f 710/4/690 712/19/690 700/18/690
f 710/4/691 711/3/691 712/19/691
f 711/3/692 699/5/692 712/19/692
f 1689/2/1724 1702/3/1724 1701/4/1724
f 1690/5/1725 1702/6/1725 1704/7/1725
f 1689/8/1726 1701/9/1726 1706/10/1726
f 1689/11/1727 1706/12/1727 1708/13/1727
f 1689/14/1728 1708/15/1728 1705/16/1728
f 1690/5/1729 1704/7/1729 1711/17/1729
f 1691/18/1730 1703/19/1730 1713/20/1730
f 1692/21/1731 1707/22/1731 1715/23/1731
f 1693/24/1732 1709/25/1732 1717/26/1732
f 1694/27/1733 1710/28/1733 1719/29/1733
f 1690/5/1734 1711/17/1734 1714/30/1734
f 1691/18/1735 1713/20/1736 1716/31/1737
f 1692/21/1738 1715/23/1738 1718/32/1738
f 1693/24/1739 1717/26/1739 1720/33/1739
f 1694/27/1740 1719/29/1740 1712/34/1740
f 1695/35/1741 1721/36/1741 1726/37/1741
f 1696/38/1742 1722/39/1742 1728/40/1742
f 1697/41/1743 1723/42/1743 1729/43/1743
f 1698/44/1744 1724/45/1744 1730/46/1744
f 1699/47/1745 1725/48/1745 1727/49/1745
f 1727/49/1746 1730/50/1746 1700/51/1746
f 1727/49/1747 1725/48/1747 1730/50/1747
f 1725/48/1748 1698/44/1748 1730/50/1748
f 1730/46/1749 1729/52/1749 1700/53/1749
f 1730/46/1750 1724/45/1751 1729/52/1752
f 1724/45/1751 1697/41/1753 1729/52/1752
f 1729/43/1754 1728/54/1754 1700/55/1754
f 1729/43/1755 1723/42/1755 1728/54/1755
f 1723/42/1756 1696/56/1756 1728/54/1756
f 1728/40/1757 1726/57/1757 1700/58/1757
f 1728/40/1758 1722/39/1758 1726/57/1758
f 1722/39/1759 1695/35/1759 1726/57/1759
f 1726/37/1760 1727/59/1760 1700/60/1760
f 1726/37/1761 1721/36/1761 1727/59/1761
f 1721/36/1762 1699/47/1762 1727/59/1762
f 1712/34/1763 1725/48/1763 1699/47/1763
f 1712/34/1764 1719/29/1764 1725/48/1764
f 1719/29/1765 1698/44/1765 1725/48/1765
f 1720/33/1766 1724/45/1766 1698/44/1766
f 1720/33/1767 1717/26/1767 1724/45/1767
f 1717/26/1768 1697/41/1768 1724/45/1768
f 1718/32/1769 1723/42/1769 1697/41/1769
f 1718/32/1770 1715/23/1770 1723/42/1770
f 1715/23/1771 1696/56/1771 1723/42/1771
f 1716/31/1772 1722/39/1772 1696/38/1772
f 1716/31/1737 1713/20/1736 1722/39/1773
f 1713/20/1774 1695/35/1774 1722/39/1774
f 1714/30/1775 1721/36/1775 1695/35/1775
f 1714/30/1776 1711/17/1776 1721/36/1776
f 1711/17/1777 1699/47/1777 1721/36/1777
f 1719/29/1778 1720/33/1778 1698/44/1778
f 1719/29/1779 1710/28/1779 1720/33/1779
f 1710/28/1780 1693/24/1780 1720/33/1780
f 1717/26/1781 1718/32/1781 1697/41/1781
f 1717/26/1782 1709/25/1782 1718/32/1782
f 1709/25/1783 1692/21/1783 1718/32/1783
f 1715/23/1784 1716/61/1784 1696/56/1784
f 1715/23/1785 1707/22/1785 1716/61/1785
f 1707/22/1786 1691/62/1786 1716/61/1786
f 1713/20/1787 1714/30/1787 1695/35/1787
f 1713/20/1788 1703/19/1788 1714/30/1788
f 1703/19/1789 1690/5/1789 1714/30/1789
f 1711/17/1790 1712/34/1790 1699/47/1790
f 1711/17/1791 1704/7/1791 1712/34/1791
f 1704/7/1792 1694/27/1792 1712/34/1792
f 1705/16/1793 1710/28/1793 1694/27/1793
f 1705/16/1794 1708/15/1794 1710/28/1794
f 1708/15/1795 1693/24/1795 1710/28/1795
f 1708/13/1796 1709/25/1796 1693/24/1796
f 1708/13/1797 1706/12/1797 1709/25/1797
f 1706/12/1798 1692/21/1798 1709/25/1798
f 1706/10/1799 1707/22/1799 1692/21/1799
f 1706/10/1800 1701/9/1800 1707/22/1800
f 1701/9/1801 1691/62/1801 1707/22/1801
f 1704/7/1802 1705/63/1802 1694/27/1802
f 1704/7/1803 1702/6/1803 1705/63/1803
f 1702/6/1804 1689/64/1804 1705/63/1804
f 1701/4/1805 1703/19/1805 1691/18/1805
f 1701/4/1806 1702/3/1806 1703/19/1806
f 1702/3/1807 1690/5/1807 1703/19/1807
f 2680/2/1724 2693/3/1724 2692/4/1724
f 2681/5/1725 2693/6/1725 2695/7/1725
f 2680/8/1879 2692/9/1879 2697/10/1879
f 2680/11/1727 2697/12/1727 2699/13/1727
f 2680/14/1728 2699/15/1728 2696/16/1728
f 2681/5/1729 2695/7/1729 2702/17/1729
f 2682/18/1730 2694/19/1730 2704/20/1730
f 2683/21/1731 2698/22/1731 2706/23/1731
f 2684/24/1732 2700/25/1732 2708/26/1732
f 2685/27/1733 2701/28/1733 2710/29/1733
f 2681/5/1734 2702/17/1734 2705/30/1734
f 2682/18/1735 2704/20/1736 2707/31/1737
f 2683/21/1738 2706/23/1738 2709/32/1738
f 2684/24/2303 2708/26/2303 2711/33/2303
f 2685/27/1740 2710/29/1740 2703/34/1740
f 2686/35/1741 2712/36/1741 2717/37/1741
f 2687/38/1742 2713/39/1742 2719/40/1742
f 2688/41/1743 2714/42/1743 2720/43/1743
f 2689/44/1744 2715/45/1744 2721/46/1744
f 2690/47/1745 2716/48/1745 2718/49/1745
f 2718/49/1746 2721/50/1746 2691/51/1746
f 2718/49/1747 2716/48/1747 2721/50/1747
f 2716/48/1748 2689/44/1748 2721/50/1748
f 2721/46/1749 2720/52/1749 2691/53/1749
f 2721/46/1750 2715/45/1751 2720/52/1752
f 2715/45/1751 2688/41/1753 2720/52/1752
f 2720/43/1754 2719/54/1754 2691/55/1754
f 2720/43/1755 2714/42/1755 2719/54/1755
f 2714/42/1756 2687/56/1756 2719/54/1756
f 2719/40/1757 2717/57/1757 2691/58/1757
f 2719/40/1758 2713/39/1758 2717/57/1758
f 2713/39/1759 2686/35/1759 2717/57/1759
f 2717/37/1760 2718/59/1760 2691/60/1760
f 2717/37/1761 2712/36/1761 2718/59/1761
f 2712/36/1762 2690/47/1762 2718/59/1762
f 2703/34/1763 2716/48/1763 2690/47/1763
f 2703/34/1764 2710/29/1764 2716/48/1764
f 2710/29/1765 2689/44/1765 2716/48/1765
f 2711/33/1766 2715/45/1766 2689/44/1766
f 2711/33/1767 2708/26/1767 2715/45/1767
f 2708/26/1768 2688/41/1768 2715/45/1768
f 2709/32/1769 2714/42/1769 2688/41/1769
f 2709/32/1770 2706/23/1770 2714/42/1770
f 2706/23/1771 2687/56/1771 2714/42/1771
f 2707/31/1772 2713/39/1772 2687/38/1772
f 2707/31/1737 2704/20/1736 2713/39/1773
f 2704/20/1774 2686/35/1774 2713/39/1774
f 2705/30/1775 2712/36/1775 2686/35/1775
f 2705/30/1776 2702/17/1776 2712/36/1776
f 2702/17/1777 2690/47/1777 2712/36/1777
f 2710/29/1778 2711/33/1778 2689/44/1778
f 2710/29/1779 2701/28/1779 2711/33/1779
f 2701/28/1780 2684/24/1780 2711/33/1780
f 2708/26/1781 2709/32/1781 2688/41/1781
f 2708/26/1782 2700/25/1782 2709/32/1782
f 2700/25/1783 2683/21/1783 2709/32/1783
f 2706/23/1784 2707/61/1784 2687/56/1784
f 2706/23/1785 2698/22/1785 2707/61/1785
f 2698/22/2304 2682/62/2304 2707/61/2304
f 2704/20/1787 2705/30/1787 2686/35/1787
f 2704/20/1788 2694/19/1788 2705/30/1788
f 2694/19/1789 2681/5/1789 2705/30/1789
f 2702/17/1790 2703/34/1790 2690/47/1790
f 2702/17/1791 2695/7/1791 2703/34/1791
f 2695/7/1792 2685/27/1792 2703/34/1792
f 2696/16/1793 2701/28/1793 2685/27/1793
f 2696/16/1794 2699/15/1794 2701/28/1794
f 2699/15/1795 2684/24/1795 2701/28/1795
f 2699/13/1796 2700/25/1796 2684/24/1796
f 2699/13/1797 2697/12/1797 2700/25/1797
f 2697/12/1798 2683/21/1798 2700/25/1798
f 2697/10/1799 2698/22/1799 2683/21/1799
f 2697/10/1800 2692/9/1800 2698/22/1800
f 2692/9/1801 2682/62/1801 2698/22/1801
f 2695/7/1802 2696/63/1802 2685/27/1802
f 2695/7/1803 2693/6/1803 2696/63/1803
f 2693/6/1804 2680/64/1804 2696/63/1804
f 2692/4/1805 2694/19/1805 2682/18/1805
f 2692/4/1806 2693/3/1806 2694/19/1806
f 2693/3/1807 2681/5/1807 2694/19/1807
usemtl Material.028
f 740/2/693 753/3/693 752/4/693
f 741/5/694 753/6/694 755/7/694
f 740/8/695 752/9/695 757/10/695
f 740/11/696 757/12/696 759/13/696
f 740/14/697 759/15/697 756/16/697
f 741/5/698 755/7/698 762/17/698
f 742/18/699 754/19/699 764/20/699
f 743/21/700 758/22/700 766/23/700
f 744/24/701 760/25/701 768/26/701
f 745/27/702 761/28/702 770/29/702
f 741/5/619 762/17/619 765/30/619
f 742/18/703 764/20/703 767/31/703
f 743/21/704 766/23/704 769/32/704
f 744/24/705 768/26/705 771/33/705
f 745/27/706 770/29/706 763/34/706
f 746/35/626 772/36/626 777/37/626
f 747/38/707 773/39/707 779/40/707
f 748/41/708 774/42/708 780/43/708
f 749/44/709 775/45/710 781/46/711
f 750/47/630 776/48/630 778/49/630
f 778/49/712 781/50/712 751/51/712
f 778/49/713 776/48/713 781/50/713
f 776/48/714 749/44/709 781/50/711
f 781/46/715 780/52/715 751/53/715
f 781/46/716 775/45/716 780/52/716
f 775/45/717 748/41/717 780/52/717
f 780/43/718 779/54/718 751/55/718
f 780/43/719 774/42/719 779/54/719
f 774/42/720 747/56/720 779/54/720
f 779/40/721 777/57/721 751/58/721
f 779/40/722 773/39/722 777/57/722
f 773/39/723 746/35/723 777/57/723
f 777/37/645 778/59/645 751/60/645
f 777/37/646 772/36/646 778/59/646
f 772/36/647 750/47/647 778/59/647
f 763/34/648 776/48/648 750/47/648
f 763/34/724 770/29/724 776/48/724
f 770/29/725 749/44/725 776/48/725
f 771/33/726 775/45/726 749/44/726
f 771/33/727 768/26/727 775/45/727
f 768/26/728 748/41/728 775/45/728
f 769/32/729 774/42/729 748/41/729
f 769/32/730 766/23/730 774/42/730
f 766/23/731 747/56/731 774/42/731
f 767/31/732 773/39/732 747/38/732
f 767/31/733 764/20/733 773/39/733
f 764/20/734 746/35/734 773/39/734
f 765/30/660 772/36/660 746/35/660
f 765/30/661 762/17/661 772/36/661
f 762/17/662 750/47/662 772/36/662
f 770/29/735 771/33/735 749/44/735
f 770/29/736 761/28/736 771/33/736
f 761/28/737 744/24/737 771/33/737
f 768/26/738 769/32/738 748/41/738
f 768/26/739 760/25/739 769/32/739
f 760/25/740 743/21/740 769/32/740
f 766/23/741 767/61/741 747/56/741
f 766/23/742 758/22/742 767/61/742
f 758/22/743 742/62/743 767/61/743
f 764/20/744 765/30/744 746/35/744
f 764/20/745 754/19/745 765/30/745
f 754/19/674 741/5/674 765/30/674
f 762/17/675 763/34/675 750/47/675
f 762/17/746 755/7/746 763/34/746
f 755/7/747 745/27/747 763/34/747
f 756/16/748 761/28/748 745/27/748
f 756/16/749 759/15/749 761/28/749
f 759/15/750 744/24/750 761/28/750
f 759/13/751 760/25/751 744/24/751
f 759/13/752 757/12/752 760/25/752
f 757/12/753 743/21/753 760/25/753
f 757/10/754 758/22/754 743/21/754
f 757/10/755 752/9/755 758/22/755
f 752/9/756 742/62/756 758/22/756
f 755/7/757 756/63/757 745/27/757
f 755/7/758 753/6/758 756/63/758
f 753/6/759 740/64/759 756/63/759
f 752/4/760 754/19/760 742/18/760
f 752/4/761 753/3/761 754/19/761
f 753/3/762 741/5/762 754/19/762
f 1731/2/1808 1744/3/1808 1743/4/1808
f 1732/5/1809 1744/6/1809 1746/7/1809
f 1731/8/1810 1743/9/1810 1748/10/1810
f 1731/11/1811 1748/12/1811 1750/13/1811
f 1731/14/1812 1750/15/1812 1747/16/1812
f 1732/5/1813 1746/7/1813 1753/17/1813
f 1733/18/1814 1745/19/1814 1755/20/1814
f 1734/21/1815 1749/22/1815 1757/23/1815
f 1735/24/1816 1751/25/1816 1759/26/1816
f 1736/27/1817 1752/28/1817 1761/29/1817
f 1732/5/1734 1753/17/1734 1756/30/1734
f 1733/18/1818 1755/20/1818 1758/31/1818
f 1734/21/1819 1757/23/1819 1760/32/1819
f 1735/24/1820 1759/26/1820 1762/33/1820
f 1736/27/1821 1761/29/1821 1754/34/1821
f 1737/35/1822 1763/36/1822 1768/37/1822
f 1738/38/1823 1764/39/1823 1770/40/1823
f 1739/41/1824 1765/42/1824 1771/43/1824
f 1740/44/1825 1766/45/1826 1772/46/1827
f 1741/47/1745 1767/48/1745 1769/49/1745
f 1769/49/1828 1772/50/1828 1742/51/1828
f 1769/49/1829 1767/48/1829 1772/50/1829
f 1767/48/1830 1740/44/1825 1772/50/1827
f 1772/46/1831 1771/52/1831 1742/53/1831
f 1772/46/1832 1766/45/1832 1771/52/1832
f 1766/45/1833 1739/41/1833 1771/52/1833
f 1771/43/1834 1770/54/1834 1742/55/1834
f 1771/43/1835 1765/42/1835 1770/54/1835
f 1765/42/1836 1738/56/1836 1770/54/1836
f 1770/40/1837 1768/57/1837 1742/58/1837
f 1770/40/1838 1764/39/1838 1768/57/1838
f 1764/39/1839 1737/35/1839 1768/57/1839
f 1768/37/1760 1769/59/1760 1742/60/1760
f 1768/37/1761 1763/36/1761 1769/59/1761
f 1763/36/1762 1741/47/1762 1769/59/1762
f 1754/34/1763 1767/48/1763 1741/47/1763
f 1754/34/1840 1761/29/1840 1767/48/1840
f 1761/29/1841 1740/44/1841 1767/48/1841
f 1762/33/1842 1766/45/1842 1740/44/1842
f 1762/33/1843 1759/26/1843 1766/45/1843
f 1759/26/1844 1739/41/1844 1766/45/1844
f 1760/32/1845 1765/42/1845 1739/41/1845
f 1760/32/1846 1757/23/1846 1765/42/1846
f 1757/23/1847 1738/56/1847 1765/42/1847
f 1758/31/1848 1764/39/1848 1738/38/1848
f 1758/31/1849 1755/20/1849 1764/39/1849
f 1755/20/1850 1737/35/1850 1764/39/1850
f 1756/30/1775 1763/36/1775 1737/35/1775
f 1756/30/1776 1753/17/1776 1763/36/1776
f 1753/17/1777 1741/47/1777 1763/36/1777
f 1761/29/1851 1762/33/1851 1740/44/1851
f 1761/29/1852 1752/28/1852 1762/33/1852
f 1752/28/1853 1735/24/1853 1762/33/1853
f 1759/26/1854 1760/32/1854 1739/41/1854
f 1759/26/1855 1751/25/1855 1760/32/1855
f 1751/25/1856 1734/21/1856 1760/32/1856
f 1757/23/1857 1758/61/1857 1738/56/1857
f 1757/23/1858 1749/22/1858 1758/61/1858
f 1749/22/1859 1733/62/1859 1758/61/1859
f 1755/20/1860 1756/30/1860 1737/35/1860
f 1755/20/1861 1745/19/1861 1756/30/1861
f 1745/19/1789 1732/5/1789 1756/30/1789
f 1753/17/1790 1754/34/1790 1741/47/1790
f 1753/17/1862 1746/7/1862 1754/34/1862
f 1746/7/1863 1736/27/1863 1754/34/1863
f 1747/16/1864 1752/28/1864 1736/27/1864
f 1747/16/1865 1750/15/1865 1752/28/1865
f 1750/15/1866 1735/24/1866 1752/28/1866
f 1750/13/1867 1751/25/1867 1735/24/1867
f 1750/13/1868 1748/12/1868 1751/25/1868
f 1748/12/1869 1734/21/1869 1751/25/1869
f 1748/10/1870 1749/22/1870 1734/21/1870
f 1748/10/1871 1743/9/1871 1749/22/1871
f 1743/9/1872 1733/62/1872 1749/22/1872
f 1746/7/1873 1747/63/1873 1736/27/1873
f 1746/7/1874 1744/6/1874 1747/63/1874
f 1744/6/1875 1731/64/1875 1747/63/1875
f 1743/4/1876 1745/19/1876 1733/18/1876
f 1743/4/1877 1744/3/1877 1745/19/1877
f 1744/3/1878 1732/5/1878 1745/19/1878
f 2722/2/1808 2735/3/1808 2734/4/1808
f 2723/5/1809 2735/6/1809 2737/7/1809
f 2722/8/1810 2734/9/1810 2739/10/1810
f 2722/11/1811 2739/12/1811 2741/13/1811
f 2722/14/1812 2741/15/1812 2738/16/1812
f 2723/5/1813 2737/7/1813 2744/17/1813
f 2724/18/1814 2736/19/1814 2746/20/1814
f 2725/21/1815 2740/22/1815 2748/23/1815
f 2726/24/1816 2742/25/1816 2750/26/1816
f 2727/27/1817 2743/28/1817 2752/29/1817
f 2723/5/1734 2744/17/1734 2747/30/1734
f 2724/18/1818 2746/20/1818 2749/31/1818
f 2725/21/1819 2748/23/1819 2751/32/1819
f 2726/24/1820 2750/26/1820 2753/33/1820
f 2727/27/2305 2752/29/2305 2745/34/2305
f 2728/35/1822 2754/36/1822 2759/37/1822
f 2729/38/1823 2755/39/1823 2761/40/1823
f 2730/41/1824 2756/42/1824 2762/43/1824
f 2731/44/1825 2757/45/1826 2763/46/1827
f 2732/47/1745 2758/48/1745 2760/49/1745
f 2760/49/1828 2763/50/1828 2733/51/1828
f 2760/49/1829 2758/48/1829 2763/50/1829
f 2758/48/1830 2731/44/1825 2763/50/1827
f 2763/46/1831 2762/52/1831 2733/53/1831
f 2763/46/1832 2757/45/1832 2762/52/1832
f 2757/45/1833 2730/41/1833 2762/52/1833
f 2762/43/1834 2761/54/1834 2733/55/1834
f 2762/43/1835 2756/42/1835 2761/54/1835
f 2756/42/2306 2729/56/2306 2761/54/2306
f 2761/40/1837 2759/57/1837 2733/58/1837
f 2761/40/1838 2755/39/1838 2759/57/1838
f 2755/39/1839 2728/35/1839 2759/57/1839
f 2759/37/1760 2760/59/1760 2733/60/1760
f 2759/37/1761 2754/36/1761 2760/59/1761
f 2754/36/1762 2732/47/1762 2760/59/1762
f 2745/34/1763 2758/48/1763 2732/47/1763
f 2745/34/1840 2752/29/1840 2758/48/1840
f 2752/29/1841 2731/44/1841 2758/48/1841
f 2753/33/1842 2757/45/1842 2731/44/1842
f 2753/33/1843 2750/26/1843 2757/45/1843
f 2750/26/1844 2730/41/1844 2757/45/1844
f 2751/32/1845 2756/42/1845 2730/41/1845
f 2751/32/1846 2748/23/1846 2756/42/1846
f 2748/23/1847 2729/56/1847 2756/42/1847
f 2749/31/1848 2755/39/1848 2729/38/1848
f 2749/31/1849 2746/20/1849 2755/39/1849
f 2746/20/1850 2728/35/1850 2755/39/1850
f 2747/30/1775 2754/36/1775 2728/35/1775
f 2747/30/1776 2744/17/1776 2754/36/1776
f 2744/17/1777 2732/47/1777 2754/36/1777
f 2752/29/1851 2753/33/1851 2731/44/1851
f 2752/29/1852 2743/28/1852 2753/33/1852
f 2743/28/1853 2726/24/1853 2753/33/1853
f 2750/26/1854 2751/32/1854 2730/41/1854
f 2750/26/1855 2742/25/1855 2751/32/1855
f 2742/25/1856 2725/21/1856 2751/32/1856
f 2748/23/1857 2749/61/1857 2729/56/1857
f 2748/23/1858 2740/22/1858 2749/61/1858
f 2740/22/1859 2724/62/1859 2749/61/1859
f 2746/20/1860 2747/30/1860 2728/35/1860
f 2746/20/1861 2736/19/1861 2747/30/1861
f 2736/19/1789 2723/5/1789 2747/30/1789
f 2744/17/1790 2745/34/1790 2732/47/1790
f 2744/17/1862 2737/7/1862 2745/34/1862
f 2737/7/2307 2727/27/2307 2745/34/2307
f 2738/16/1864 2743/28/1864 2727/27/1864
f 2738/16/1865 2741/15/1865 2743/28/1865
f 2741/15/1866 2726/24/1866 2743/28/1866
f 2741/13/1867 2742/25/1867 2726/24/1867
f 2741/13/1868 2739/12/1868 2742/25/1868
f 2739/12/1869 2725/21/1869 2742/25/1869
f 2739/10/1870 2740/22/1870 2725/21/1870
f 2739/10/1871 2734/9/1871 2740/22/1871
f 2734/9/1872 2724/62/1872 2740/22/1872
f 2737/7/1873 2738/63/1873 2727/27/1873
f 2737/7/1874 2735/6/1874 2738/63/1874
f 2735/6/1875 2722/64/1875 2738/63/1875
f 2734/4/1876 2736/19/1876 2724/18/1876
f 2734/4/1877 2735/3/1877 2736/19/1877
f 2735/3/1878 2723/5/1878 2736/19/1878
usemtl Material.029
f 782/2/609 795/3/609 794/4/609
f 783/5/610 795/6/610 797/7/610
f 782/8/611 794/9/611 799/10/611
f 782/11/763 799/12/763 801/13/763
f 782/14/764 801/15/764 798/16/764
f 783/5/614 797/7/614 804/17/614
f 784/18/615 796/19/615 806/20/615
f 785/21/616 800/22/616 808/23/616
f 786/24/617 802/25/617 810/26/617
f 787/27/618 803/28/618 812/29/618
f 783/5/619 804/17/619 807/30/619
f 784/18/620 806/20/765 809/31/622
f 785/21/766 808/23/766 811/32/766
f 786/24/624 810/26/624 813/33/624
f 787/27/625 812/29/625 805/34/625
f 788/35/626 814/36/626 819/37/626
f 789/38/627 815/39/627 821/40/627
f 790/41/628 816/42/628 822/43/628
f 791/44/629 817/45/629 823/46/629
f 792/47/767 818/48/767 820/49/767
f 820/49/768 823/50/768 793/51/768
f 820/49/632 818/48/632 823/50/632
f 818/48/633 791/44/633 823/50/633
f 823/46/634 822/52/634 793/53/634
f 823/46/635 817/45/636 822/52/637
f 817/45/636 790/41/638 822/52/637
f 822/43/639 821/54/639 793/55/639
f 822/43/640 816/42/640 821/54/640
f 816/42/769 789/56/769 821/54/769
f 821/40/642 819/57/642 793/58/642
f 821/40/643 815/39/643 819/57/643
f 815/39/644 788/35/644 819/57/644
f 819/37/645 820/59/645 793/60/645
f 819/37/646 814/36/646 820/59/646
f 814/36/770 792/47/770 820/59/770
f 805/34/648 818/48/648 792/47/648
f 805/34/649 812/29/649 818/48/649
f 812/29/650 791/44/650 818/48/650
f 813/33/651 817/45/651 791/44/651
f 813/33/771 810/26/771 817/45/771
f 810/26/653 790/41/653 817/45/653
f 811/32/654 816/42/654 790/41/654
f 811/32/772 808/23/772 816/42/772
f 808/23/656 789/56/656 816/42/656
f 809/31/657 815/39/657 789/38/657
f 809/31/622 806/20/765 815/39/658
f 806/20/659 788/35/659 815/39/659
f 807/30/660 814/36/660 788/35/660
f 807/30/661 804/17/661 814/36/661
f 804/17/662 792/47/662 814/36/662
f 812/29/663 813/33/663 791/44/663
f 812/29/664 803/28/664 813/33/664
f 803/28/665 786/24/665 813/33/665
f 810/26/666 811/32/666 790/41/666
f 810/26/773 802/25/773 811/32/773
f 802/25/774 785/21/774 811/32/774
f 808/23/669 809/61/669 789/56/669
f 808/23/670 800/22/670 809/61/670
f 800/22/671 784/62/671 809/61/671
f 806/20/672 807/30/672 788/35/672
f 806/20/673 796/19/673 807/30/673
f 796/19/674 783/5/674 807/30/674
f 804/17/675 805/34/675 792/47/675
f 804/17/676 797/7/676 805/34/676
f 797/7/677 787/27/677 805/34/677
f 798/16/678 803/28/678 787/27/678
f 798/16/775 801/15/775 803/28/775
f 801/15/680 786/24/680 803/28/680
f 801/13/681 802/25/681 786/24/681
f 801/13/682 799/12/682 802/25/682
f 799/12/683 785/21/683 802/25/683
f 799/10/684 800/22/684 785/21/684
f 799/10/685 794/9/685 800/22/685
f 794/9/686 784/62/686 800/22/686
f 797/7/776 798/63/776 787/27/776
f 797/7/688 795/6/688 798/63/688
f 795/6/777 782/64/777 798/63/777
f 794/4/690 796/19/690 784/18/690
f 794/4/691 795/3/691 796/19/691
f 795/3/778 783/5/778 796/19/778
f 1773/2/1724 1786/3/1724 1785/4/1724
f 1774/5/1725 1786/6/1725 1788/7/1725
f 1773/8/1879 1785/9/1879 1790/10/1879
f 1773/11/1727 1790/12/1727 1792/13/1727
f 1773/14/1880 1792/15/1880 1789/16/1880
f 1774/5/1729 1788/7/1729 1795/17/1729
f 1775/18/1730 1787/19/1730 1797/20/1730
f 1776/21/1731 1791/22/1731 1799/23/1731
f 1777/24/1732 1793/25/1732 1801/26/1732
f 1778/27/1881 1794/28/1881 1803/29/1881
f 1774/5/1734 1795/17/1734 1798/30/1734
f 1775/18/1735 1797/20/1882 1800/31/1737
f 1776/21/1883 1799/23/1883 1802/32/1883
f 1777/24/1739 1801/26/1739 1804/33/1739
f 1778/27/1740 1803/29/1740 1796/34/1740
f 1779/35/1822 1805/36/1822 1810/37/1822
f 1780/38/1742 1806/39/1742 1812/40/1742
f 1781/41/1743 1807/42/1743 1813/43/1743
f 1782/44/1884 1808/45/1884 1814/46/1884
f 1783/47/1745 1809/48/1745 1811/49/1745
f 1811/49/1746 1814/50/1746 1784/51/1746
f 1811/49/1747 1809/48/1747 1814/50/1747
f 1809/48/1748 1782/44/1748 1814/50/1748
f 1814/46/1749 1813/52/1749 1784/53/1749
f 1814/46/1750 1808/45/1751 1813/52/1752
f 1808/45/1751 1781/41/1885 1813/52/1752
f 1813/43/1754 1812/54/1754 1784/55/1754
f 1813/43/1755 1807/42/1755 1812/54/1755
f 1807/42/1756 1780/56/1756 1812/54/1756
f 1812/40/1757 1810/57/1757 1784/58/1757
f 1812/40/1758 1806/39/1758 1810/57/1758
f 1806/39/1759 1779/35/1759 1810/57/1759
f 1810/37/1760 1811/59/1760 1784/60/1760
f 1810/37/1886 1805/36/1886 1811/59/1886
f 1805/36/1762 1783/47/1762 1811/59/1762
f 1796/34/1763 1809/48/1763 1783/47/1763
f 1796/34/1764 1803/29/1764 1809/48/1764
f 1803/29/1765 1782/44/1765 1809/48/1765
f 1804/33/1766 1808/45/1766 1782/44/1766
f 1804/33/1887 1801/26/1887 1808/45/1887
f 1801/26/1768 1781/41/1768 1808/45/1768
f 1802/32/1888 1807/42/1888 1781/41/1888
f 1802/32/1770 1799/23/1770 1807/42/1770
f 1799/23/1771 1780/56/1771 1807/42/1771
f 1800/31/1889 1806/39/1889 1780/38/1889
f 1800/31/1737 1797/20/1882 1806/39/1773
f 1797/20/1890 1779/35/1890 1806/39/1890
f 1798/30/1775 1805/36/1775 1779/35/1775
f 1798/30/1776 1795/17/1776 1805/36/1776
f 1795/17/1777 1783/47/1777 1805/36/1777
f 1803/29/1778 1804/33/1778 1782/44/1778
f 1803/29/1779 1794/28/1779 1804/33/1779
f 1794/28/1780 1777/24/1780 1804/33/1780
f 1801/26/1781 1802/32/1781 1781/41/1781
f 1801/26/1782 1793/25/1782 1802/32/1782
f 1793/25/1891 1776/21/1891 1802/32/1891
f 1799/23/1784 1800/61/1784 1780/56/1784
f 1799/23/1785 1791/22/1785 1800/61/1785
f 1791/22/1786 1775/62/1786 1800/61/1786
f 1797/20/1787 1798/30/1787 1779/35/1787
f 1797/20/1788 1787/19/1788 1798/30/1788
f 1787/19/1789 1774/5/1789 1798/30/1789
f 1795/17/1790 1796/34/1790 1783/47/1790
f 1795/17/1791 1788/7/1791 1796/34/1791
f 1788/7/1792 1778/27/1792 1796/34/1792
f 1789/16/1892 1794/28/1892 1778/27/1892
f 1789/16/1893 1792/15/1893 1794/28/1893
f 1792/15/1795 1777/24/1795 1794/28/1795
f 1792/13/1796 1793/25/1796 1777/24/1796
f 1792/13/1797 1790/12/1797 1793/25/1797
f 1790/12/1798 1776/21/1798 1793/25/1798
f 1790/10/1799 1791/22/1799 1776/21/1799
f 1790/10/1894 1785/9/1894 1791/22/1894
f 1785/9/1801 1775/62/1801 1791/22/1801
f 1788/7/1802 1789/63/1802 1778/27/1802
f 1788/7/1895 1786/6/1895 1789/63/1895
f 1786/6/1896 1773/64/1896 1789/63/1896
f 1785/4/1805 1787/19/1805 1775/18/1805
f 1785/4/1806 1786/3/1806 1787/19/1806
f 1786/3/1807 1774/5/1807 1787/19/1807
f 2764/2/1724 2777/3/1724 2776/4/1724
f 2765/5/1725 2777/6/1725 2779/7/1725
f 2764/8/1879 2776/9/1879 2781/10/1879
f 2764/11/1727 2781/12/1727 2783/13/1727
f 2764/14/1880 2783/15/1880 2780/16/1880
f 2765/5/1729 2779/7/1729 2786/17/1729
f 2766/18/1730 2778/19/1730 2788/20/1730
f 2767/21/1731 2782/22/1731 2790/23/1731
f 2768/24/1732 2784/25/1732 2792/26/1732
f 2769/27/1881 2785/28/1881 2794/29/1881
f 2765/5/1734 2786/17/1734 2789/30/1734
f 2766/18/1735 2788/20/1882 2791/31/1737
f 2767/21/1883 2790/23/1883 2793/32/1883
f 2768/24/2303 2792/26/2303 2795/33/2303
f 2769/27/1740 2794/29/1740 2787/34/1740
f 2770/35/1741 2796/36/1741 2801/37/1741
f 2771/38/1742 2797/39/1742 2803/40/1742
f 2772/41/1743 2798/42/1743 2804/43/1743
f 2773/44/1884 2799/45/1884 2805/46/1884
f 2774/47/1745 2800/48/1745 2802/49/1745
f 2802/49/1746 2805/50/1746 2775/51/1746
f 2802/49/1747 2800/48/1747 2805/50/1747
f 2800/48/2308 2773/44/2308 2805/50/2308
f 2805/46/1749 2804/52/1749 2775/53/1749
f 2805/46/1750 2799/45/1751 2804/52/1752
f 2799/45/1751 2772/41/1885 2804/52/1752
f 2804/43/1754 2803/54/1754 2775/55/1754
f 2804/43/1755 2798/42/1755 2803/54/1755
f 2798/42/1756 2771/56/1756 2803/54/1756
f 2803/40/1757 2801/57/1757 2775/58/1757
f 2803/40/1758 2797/39/1758 2801/57/1758
f 2797/39/1759 2770/35/1759 2801/57/1759
f 2801/37/1760 2802/59/1760 2775/60/1760
f 2801/37/1886 2796/36/1886 2802/59/1886
f 2796/36/1762 2774/47/1762 2802/59/1762
f 2787/34/2309 2800/48/2309 2774/47/2309
f 2787/34/1764 2794/29/1764 2800/48/1764
f 2794/29/1765 2773/44/1765 2800/48/1765
f 2795/33/2310 2799/45/2310 2773/44/2310
f 2795/33/1767 2792/26/1767 2799/45/1767
f 2792/26/1768 2772/41/1768 2799/45/1768
f 2793/32/1888 2798/42/1888 2772/41/1888
f 2793/32/1770 2790/23/1770 2798/42/1770
f 2790/23/2311 2771/56/2311 2798/42/2311
f 2791/31/1889 2797/39/1889 2771/38/1889
f 2791/31/1737 2788/20/1882 2797/39/1773
f 2788/20/1890 2770/35/1890 2797/39/1890
f 2789/30/1775 2796/36/1775 2770/35/1775
f 2789/30/2312 2786/17/2312 2796/36/2312
f 2786/17/1777 2774/47/1777 2796/36/1777
f 2794/29/1778 2795/33/1778 2773/44/1778
f 2794/29/1779 2785/28/1779 2795/33/1779
f 2785/28/1780 2768/24/1780 2795/33/1780
f 2792/26/1781 2793/32/1781 2772/41/1781
f 2792/26/1782 2784/25/1782 2793/32/1782
f 2784/25/1891 2767/21/1891 2793/32/1891
f 2790/23/1784 2791/61/1784 2771/56/1784
f 2790/23/1785 2782/22/1785 2791/61/1785
f 2782/22/1786 2766/62/1786 2791/61/1786
f 2788/20/1787 2789/30/1787 2770/35/1787
f 2788/20/1788 2778/19/1788 2789/30/1788
f 2778/19/1789 2765/5/1789 2789/30/1789
f 2786/17/1790 2787/34/1790 2774/47/1790
f 2786/17/1791 2779/7/1791 2787/34/1791
f 2779/7/1792 2769/27/1792 2787/34/1792
f 2780/16/1892 2785/28/1892 2769/27/1892
f 2780/16/1893 2783/15/1893 2785/28/1893
f 2783/15/1795 2768/24/1795 2785/28/1795
f 2783/13/1796 2784/25/1796 2768/24/1796
f 2783/13/1797 2781/12/1797 2784/25/1797
f 2781/12/1798 2767/21/1798 2784/25/1798
f 2781/10/1799 2782/22/1799 2767/21/1799
f 2781/10/1894 2776/9/1894 2782/22/1894
f 2776/9/1801 2766/62/1801 2782/22/1801
f 2779/7/1802 2780/63/1802 2769/27/1802
f 2779/7/1895 2777/6/1895 2780/63/1895
f 2777/6/1896 2764/64/1896 2780/63/1896
f 2776/4/1805 2778/19/1805 2766/18/1805
f 2776/4/1806 2777/3/1806 2778/19/1806
f 2777/3/1807 2765/5/1807 2778/19/1807
usemtl Material.030
f 824/2/779 837/3/779 836/4/779
f 825/5/780 837/6/780 839/7/780
f 824/8/781 836/9/781 841/10/781
f 824/11/782 841/12/782 843/13/782
f 824/14/783 843/15/783 840/16/783
f 825/5/784 839/7/784 846/17/784
f 826/18/785 838/19/785 848/20/785
f 827/21/786 842/22/786 850/23/786
f 828/24/787 844/25/787 852/26/787
f 829/27/788 845/28/788 854/29/788
f 825/5/789 846/17/789 849/30/789
f 826/18/790 848/20/791 851/31/792
f 827/21/793 850/23/793 853/32/793
f 828/24/794 852/26/794 855/33/794
f 829/27/795 854/29/795 847/34/795
f 830/35/796 856/36/796 861/37/796
f 831/38/797 857/39/797 863/40/797
f 832/41/798 858/42/798 864/43/798
f 833/44/799 859/45/799 865/46/799
f 834/47/800 860/48/800 862/49/800
f 862/49/801 865/50/801 835/51/801
f 862/49/802 860/48/802 865/50/802
f 860/48/803 833/44/803 865/50/803
f 865/46/804 864/52/804 835/53/804
f 865/46/805 859/45/806 864/52/807
f 859/45/806 832/41/808 864/52/807
f 864/43/809 863/54/809 835/55/809
f 864/43/810 858/42/810 863/54/810
f 858/42/811 831/56/811 863/54/811
f 863/40/812 861/57/812 835/58/812
f 863/40/813 857/39/813 861/57/813
f 857/39/814 830/35/814 861/57/814
f 861/37/815 862/59/815 835/60/815
f 861/37/816 856/36/816 862/59/816
f 856/36/817 834/47/817 862/59/817
f 847/34/818 860/48/818 834/47/818
f 847/34/819 854/29/819 860/48/819
f 854/29/820 833/44/820 860/48/820
f 855/33/821 859/45/821 833/44/821
f 855/33/822 852/26/822 859/45/822
f 852/26/823 832/41/823 859/45/823
f 853/32/824 858/42/824 832/41/824
f 853/32/825 850/23/825 858/42/825
f 850/23/826 831/56/826 858/42/826
f 851/31/827 857/39/827 831/38/827
f 851/31/792 848/20/791 857/39/828
f 848/20/829 830/35/829 857/39/829
f 849/30/830 856/36/830 830/35/830
f 849/30/831 846/17/831 856/36/831
f 846/17/832 834/47/832 856/36/832
f 854/29/833 855/33/833 833/44/833
f 854/29/834 845/28/834 855/33/834
f 845/28/835 828/24/835 855/33/835
f 852/26/836 853/32/836 832/41/836
f 852/26/837 844/25/837 853/32/837
f 844/25/838 827/21/838 853/32/838
f 850/23/839 851/61/839 831/56/839
f 850/23/840 842/22/840 851/61/840
f 842/22/841 826/62/841 851/61/841
f 848/20/842 849/30/842 830/35/842
f 848/20/843 838/19/843 849/30/843
f 838/19/844 825/5/844 849/30/844
f 846/17/845 847/34/845 834/47/845
f 846/17/846 839/7/846 847/34/846
f 839/7/847 829/27/847 847/34/847
f 840/16/848 845/28/848 829/27/848
f 840/16/849 843/15/849 845/28/849
f 843/15/850 828/24/850 845/28/850
f 843/13/851 844/25/851 828/24/851
f 843/13/852 841/12/852 844/25/852
f 841/12/853 827/21/853 844/25/853
f 841/10/854 842/22/854 827/21/854
f 841/10/855 836/9/855 842/22/855
f 836/9/856 826/62/856 842/22/856
f 839/7/857 840/63/857 829/27/857
f 839/7/858 837/6/858 840/63/858
f 837/6/859 824/64/859 840/63/859
f 836/4/860 838/19/860 826/18/860
f 836/4/861 837/3/861 838/19/861
f 837/3/862 825/5/862 838/19/862
f 1815/2/1897 1828/3/1897 1827/4/1897
f 1816/5/1898 1828/6/1898 1830/7/1898
f 1815/8/1899 1827/9/1899 1832/10/1899
f 1815/11/1900 1832/12/1900 1834/13/1900
f 1815/14/1901 1834/15/1901 1831/16/1901
f 1816/5/1902 1830/7/1902 1837/17/1902
f 1817/18/1903 1829/19/1903 1839/20/1903
f 1818/21/1904 1833/22/1904 1841/23/1904
f 1819/24/1905 1835/25/1905 1843/26/1905
f 1820/27/1906 1836/28/1906 1845/29/1906
f 1816/5/1907 1837/17/1907 1840/30/1907
f 1817/18/1908 1839/20/1909 1842/31/1910
f 1818/21/1911 1841/23/1911 1844/32/1911
f 1819/24/1912 1843/26/1912 1846/33/1912
f 1820/27/1913 1845/29/1913 1838/34/1913
f 1821/35/1914 1847/36/1914 1852/37/1914
f 1822/38/1915 1848/39/1915 1854/40/1915
f 1823/41/1916 1849/42/1916 1855/43/1916
f 1824/44/1917 1850/45/1917 1856/46/1917
f 1825/47/1918 1851/48/1918 1853/49/1918
f 1853/49/1919 1856/50/1919 1826/51/1919
f 1853/49/1920 1851/48/1920 1856/50/1920
f 1851/48/1921 1824/44/1921 1856/50/1921
f 1856/46/1922 1855/52/1922 1826/53/1922
f 1856/46/1923 1850/45/1924 1855/52/1925
f 1850/45/1924 1823/41/1926 1855/52/1925
f 1855/43/1927 1854/54/1927 1826/55/1927
f 1855/43/1928 1849/42/1928 1854/54/1928
f 1849/42/1929 1822/56/1929 1854/54/1929
f 1854/40/1930 1852/57/1930 1826/58/1930
f 1854/40/1931 1848/39/1931 1852/57/1931
f 1848/39/1932 1821/35/1932 1852/57/1932
f 1852/37/1933 1853/59/1933 1826/60/1933
f 1852/37/1934 1847/36/1934 1853/59/1934
f 1847/36/1935 1825/47/1935 1853/59/1935
f 1838/34/1936 1851/48/1936 1825/47/1936
f 1838/34/1937 1845/29/1937 1851/48/1937
f 1845/29/1938 1824/44/1938 1851/48/1938
f 1846/33/1939 1850/45/1939 1824/44/1939
f 1846/33/1940 1843/26/1940 1850/45/1940
f 1843/26/1941 1823/41/1941 1850/45/1941
f 1844/32/1942 1849/42/1942 1823/41/1942
f 1844/32/1943 1841/23/1943 1849/42/1943
f 1841/23/1944 1822/56/1944 1849/42/1944
f 1842/31/1945 1848/39/1945 1822/38/1945
f 1842/31/1910 1839/20/1909 1848/39/1946
f 1839/20/1947 1821/35/1947 1848/39/1947
f 1840/30/1948 1847/36/1948 1821/35/1948
f 1840/30/1949 1837/17/1949 1847/36/1949
f 1837/17/1950 1825/47/1950 1847/36/1950
f 1845/29/1951 1846/33/1951 1824/44/1951
f 1845/29/1952 1836/28/1952 1846/33/1952
f 1836/28/1953 1819/24/1953 1846/33/1953
f 1843/26/1954 1844/32/1954 1823/41/1954
f 1843/26/1955 1835/25/1955 1844/32/1955
f 1835/25/1956 1818/21/1956 1844/32/1956
f 1841/23/1957 1842/61/1957 1822/56/1957
f 1841/23/1958 1833/22/1958 1842/61/1958
f 1833/22/1959 1817/62/1959 1842/61/1959
f 1839/20/1960 1840/30/1960 1821/35/1960
f 1839/20/1961 1829/19/1961 1840/30/1961
f 1829/19/1962 1816/5/1962 1840/30/1962
f 1837/17/1963 1838/34/1963 1825/47/1963
f 1837/17/1964 1830/7/1964 1838/34/1964
f 1830/7/1965 1820/27/1965 1838/34/1965
f 1831/16/1966 1836/28/1966 1820/27/1966
f 1831/16/1967 1834/15/1967 1836/28/1967
f 1834/15/1968 1819/24/1968 1836/28/1968
f 1834/13/1969 1835/25/1969 1819/24/1969
f 1834/13/1970 1832/12/1970 1835/25/1970
f 1832/12/1971 1818/21/1971 1835/25/1971
f 1832/10/1972 1833/22/1972 1818/21/1972
f 1832/10/1973 1827/9/1973 1833/22/1973
f 1827/9/1974 1817/62/1974 1833/22/1974
f 1830/7/1975 1831/63/1975 1820/27/1975
f 1830/7/1976 1828/6/1976 1831/63/1976
f 1828/6/1977 1815/64/1977 1831/63/1977
f 1827/4/1978 1829/19/1978 1817/18/1978
f 1827/4/1979 1828/3/1979 1829/19/1979
f 1828/3/1980 1816/5/1980 1829/19/1980
f 2806/2/1897 2819/3/1897 2818/4/1897
f 2807/5/2313 2819/6/2313 2821/7/2313
f 2806/8/1899 2818/9/1899 2823/10/1899
f 2806/11/1900 2823/12/1900 2825/13/1900
f 2806/14/1901 2825/15/1901 2822/16/1901
f 2807/5/1902 2821/7/1902 2828/17/1902
f 2808/18/2314 2820/19/2314 2830/20/2314
f 2809/21/1904 2824/22/1904 2832/23/1904
f 2810/24/1905 2826/25/1905 2834/26/1905
f 2811/27/1906 2827/28/1906 2836/29/1906
f 2807/5/1907 2828/17/1907 2831/30/1907
f 2808/18/1908 2830/20/1909 2833/31/1910
f 2809/21/1911 2832/23/1911 2835/32/1911
f 2810/24/1912 2834/26/1912 2837/33/1912
f 2811/27/2315 2836/29/2315 2829/34/2315
f 2812/35/1914 2838/36/1914 2843/37/1914
f 2813/38/1915 2839/39/1915 2845/40/1915
f 2814/41/1916 2840/42/1916 2846/43/1916
f 2815/44/1917 2841/45/1917 2847/46/1917
f 2816/47/1918 2842/48/1918 2844/49/1918
f 2844/49/2316 2847/50/2316 2817/51/2316
f 2844/49/1920 2842/48/1920 2847/50/1920
f 2842/48/1921 2815/44/1921 2847/50/1921
f 2847/46/1922 2846/52/1922 2817/53/1922
f 2847/46/1923 2841/45/1924 2846/52/1925
f 2841/45/1924 2814/41/1926 2846/52/1925
f 2846/43/1927 2845/54/1927 2817/55/1927
f 2846/43/1928 2840/42/1928 2845/54/1928
f 2840/42/1929 2813/56/1929 2845/54/1929
f 2845/40/1930 2843/57/1930 2817/58/1930
f 2845/40/1931 2839/39/1931 2843/57/1931
f 2839/39/1932 2812/35/1932 2843/57/1932
f 2843/37/1933 2844/59/1933 2817/60/1933
f 2843/37/1934 2838/36/1934 2844/59/1934
f 2838/36/1935 2816/47/1935 2844/59/1935
f 2829/34/1936 2842/48/1936 2816/47/1936
f 2829/34/1937 2836/29/1937 2842/48/1937
f 2836/29/1938 2815/44/1938 2842/48/1938
f 2837/33/1939 2841/45/1939 2815/44/1939
f 2837/33/1940 2834/26/1940 2841/45/1940
f 2834/26/1941 2814/41/1941 2841/45/1941
f 2835/32/1942 2840/42/1942 2814/41/1942
f 2835/32/1943 2832/23/1943 2840/42/1943
f 2832/23/1944 2813/56/1944 2840/42/1944
f 2833/31/1945 2839/39/1945 2813/38/1945
f 2833/31/1910 2830/20/1909 2839/39/1946
f 2830/20/1947 2812/35/1947 2839/39/1947
f 2831/30/1948 2838/36/1948 2812/35/1948
f 2831/30/1949 2828/17/1949 2838/36/1949
f 2828/17/1950 2816/47/1950 2838/36/1950
f 2836/29/1951 2837/33/1951 2815/44/1951
f 2836/29/2317 2827/28/2317 2837/33/2317
f 2827/28/1953 2810/24/1953 2837/33/1953
f 2834/26/1954 2835/32/1954 2814/41/1954
f 2834/26/1955 2826/25/1955 2835/32/1955
f 2826/25/1956 2809/21/1956 2835/32/1956
f 2832/23/1957 2833/61/1957 2813/56/1957
f 2832/23/1958 2824/22/1958 2833/61/1958
f 2824/22/1959 2808/62/1959 2833/61/1959
f 2830/20/1960 2831/30/1960 2812/35/1960
f 2830/20/2318 2820/19/2318 2831/30/2318
f 2820/19/1962 2807/5/1962 2831/30/1962
f 2828/17/1963 2829/34/1963 2816/47/1963
f 2828/17/1964 2821/7/1964 2829/34/1964
f 2821/7/1965 2811/27/1965 2829/34/1965
f 2822/16/1966 2827/28/1966 2811/27/1966
f 2822/16/2319 2825/15/2319 2827/28/2319
f 2825/15/2320 2810/24/2320 2827/28/2320
f 2825/13/1969 2826/25/1969 2810/24/1969
f 2825/13/1970 2823/12/1970 2826/25/1970
f 2823/12/1971 2809/21/1971 2826/25/1971
f 2823/10/1972 2824/22/1972 2809/21/1972
f 2823/10/1973 2818/9/1973 2824/22/1973
f 2818/9/1974 2808/62/1974 2824/22/1974
f 2821/7/1975 2822/63/1975 2811/27/1975
f 2821/7/1976 2819/6/1976 2822/63/1976
f 2819/6/2321 2806/64/2321 2822/63/2321
f 2818/4/1978 2820/19/1978 2808/18/1978
f 2818/4/1979 2819/3/1979 2820/19/1979
f 2819/3/1980 2807/5/1980 2820/19/1980
usemtl Material.034
f 866/2/863 879/3/863 878/4/863
f 867/5/864 879/6/864 881/7/864
f 866/8/865 878/9/865 883/10/865
f 866/11/866 883/12/866 885/13/866
f 866/14/867 885/15/867 882/16/867
f 867/5/868 881/7/868 888/17/868
f 868/18/869 880/19/869 890/20/869
f 869/21/870 884/22/870 892/23/870
f 870/24/871 886/25/871 894/26/871
f 871/27/872 887/28/872 896/29/872
f 867/5/873 888/17/873 891/30/873
f 868/18/874 890/20/874 893/31/874
f 869/21/875 892/23/875 895/32/875
f 870/24/876 894/26/876 897/33/876
f 871/27/877 896/29/877 889/34/877
f 872/35/878 898/36/878 903/37/878
f 873/38/879 899/39/879 905/40/879
f 874/41/880 900/42/880 906/43/880
f 875/44/881 901/45/881 907/46/881
f 876/47/882 902/48/882 904/49/882
f 904/49/883 907/50/883 877/51/883
f 904/49/884 902/48/884 907/50/884
f 902/48/885 875/44/885 907/50/885
f 907/46/886 906/52/886 877/53/886
f 907/46/887 901/45/888 906/52/889
f 901/45/888 874/41/890 906/52/889
f 906/43/891 905/54/891 877/55/891
f 906/43/892 900/42/892 905/54/892
f 900/42/893 873/56/893 905/54/893
f 905/40/894 903/57/894 877/58/894
f 905/40/895 899/39/895 903/57/895
f 899/39/896 872/35/896 903/57/896
f 903/37/897 904/59/897 877/60/897
f 903/37/898 898/36/898 904/59/898
f 898/36/899 876/47/899 904/59/899
f 889/34/900 902/48/900 876/47/900
f 889/34/901 896/29/901 902/48/901
f 896/29/902 875/44/902 902/48/902
f 897/33/903 901/45/903 875/44/903
f 897/33/904 894/26/904 901/45/904
f 894/26/905 874/41/905 901/45/905
f 895/32/906 900/42/906 874/41/906
f 895/32/907 892/23/907 900/42/907
f 892/23/908 873/56/908 900/42/908
f 893/31/909 899/39/909 873/38/909
f 893/31/910 890/20/910 899/39/910
f 890/20/911 872/35/911 899/39/911
f 891/30/912 898/36/912 872/35/912
f 891/30/913 888/17/913 898/36/913
f 888/17/914 876/47/914 898/36/914
f 896/29/915 897/33/915 875/44/915
f 896/29/916 887/28/916 897/33/916
f 887/28/917 870/24/917 897/33/917
f 894/26/918 895/32/918 874/41/918
f 894/26/919 886/25/919 895/32/919
f 886/25/920 869/21/920 895/32/920
f 892/23/921 893/61/921 873/56/921
f 892/23/922 884/22/922 893/61/922
f 884/22/923 868/62/923 893/61/923
f 890/20/924 891/30/924 872/35/924
f 890/20/925 880/19/925 891/30/925
f 880/19/926 867/5/926 891/30/926
f 888/17/927 889/34/927 876/47/927
f 888/17/928 881/7/928 889/34/928
f 881/7/929 871/27/929 889/34/929
f 882/16/930 887/28/930 871/27/930
f 882/16/931 885/15/931 887/28/931
f 885/15/932 870/24/932 887/28/932
f 885/13/933 886/25/933 870/24/933
f 885/13/934 883/12/934 886/25/934
f 883/12/935 869/21/935 886/25/935
f 883/10/936 884/22/936 869/21/936
f 883/10/937 878/9/937 884/22/937
f 878/9/938 868/62/938 884/22/938
f 881/7/939 882/63/939 871/27/939
f 881/7/940 879/6/940 882/63/940
f 879/6/941 866/64/941 882/63/941
f 878/4/942 880/19/942 868/18/942
f 878/4/943 879/3/943 880/19/943
f 879/3/944 867/5/944 880/19/944
f 1857/2/1981 1870/3/1981 1869/4/1981
f 1858/5/1982 1870/6/1982 1872/7/1982
f 1857/8/1983 1869/9/1983 1874/10/1983
f 1857/11/1984 1874/12/1984 1876/13/1984
f 1857/14/1985 1876/15/1985 1873/16/1985
f 1858/5/1986 1872/7/1986 1879/17/1986
f 1859/18/1987 1871/19/1987 1881/20/1987
f 1860/21/1988 1875/22/1988 1883/23/1988
f 1861/24/1989 1877/25/1989 1885/26/1989
f 1862/27/1990 1878/28/1990 1887/29/1990
f 1858/5/1991 1879/17/1991 1882/30/1991
f 1859/18/1992 1881/20/1992 1884/31/1992
f 1860/21/1993 1883/23/1993 1886/32/1993
f 1861/24/1994 1885/26/1994 1888/33/1994
f 1862/27/1995 1887/29/1995 1880/34/1995
f 1863/35/1996 1889/36/1996 1894/37/1996
f 1864/38/1997 1890/39/1997 1896/40/1997
f 1865/41/1998 1891/42/1998 1897/43/1998
f 1866/44/1999 1892/45/1999 1898/46/1999
f 1867/47/2000 1893/48/2000 1895/49/2000
f 1895/49/2001 1898/50/2001 1868/51/2001
f 1895/49/2002 1893/48/2002 1898/50/2002
f 1893/48/2003 1866/44/2003 1898/50/2003
f 1898/46/2004 1897/52/2004 1868/53/2004
f 1898/46/2005 1892/45/2006 1897/52/2007
f 1892/45/2006 1865/41/2008 1897/52/2007
f 1897/43/2009 1896/54/2009 1868/55/2009
f 1897/43/2010 1891/42/2010 1896/54/2010
f 1891/42/2011 1864/56/2011 1896/54/2011
f 1896/40/2012 1894/57/2012 1868/58/2012
f 1896/40/2013 1890/39/2013 1894/57/2013
f 1890/39/2014 1863/35/2014 1894/57/2014
f 1894/37/2015 1895/59/2015 1868/60/2015
f 1894/37/2016 1889/36/2016 1895/59/2016
f 1889/36/2017 1867/47/2017 1895/59/2017
f 1880/34/2018 1893/48/2018 1867/47/2018
f 1880/34/2019 1887/29/2019 1893/48/2019
f 1887/29/2020 1866/44/2020 1893/48/2020
f 1888/33/2021 1892/45/2021 1866/44/2021
f 1888/33/2022 1885/26/2022 1892/45/2022
f 1885/26/2023 1865/41/2023 1892/45/2023
f 1886/32/2024 1891/42/2024 1865/41/2024
f 1886/32/2025 1883/23/2025 1891/42/2025
f 1883/23/2026 1864/56/2026 1891/42/2026
f 1884/31/2027 1890/39/2027 1864/38/2027
f 1884/31/2028 1881/20/2028 1890/39/2028
f 1881/20/2029 1863/35/2029 1890/39/2029
f 1882/30/2030 1889/36/2030 1863/35/2030
f 1882/30/2031 1879/17/2031 1889/36/2031
f 1879/17/2032 1867/47/2032 1889/36/2032
f 1887/29/2033 1888/33/2033 1866/44/2033
f 1887/29/2034 1878/28/2034 1888/33/2034
f 1878/28/2035 1861/24/2035 1888/33/2035
f 1885/26/2036 1886/32/2036 1865/41/2036
f 1885/26/2037 1877/25/2037 1886/32/2037
f 1877/25/2038 1860/21/2038 1886/32/2038
f 1883/23/2039 1884/61/2039 1864/56/2039
f 1883/23/2040 1875/22/2040 1884/61/2040
f 1875/22/2041 1859/62/2041 1884/61/2041
f 1881/20/2042 1882/30/2042 1863/35/2042
f 1881/20/2043 1871/19/2043 1882/30/2043
f 1871/19/2044 1858/5/2044 1882/30/2044
f 1879/17/2045 1880/34/2045 1867/47/2045
f 1879/17/2046 1872/7/2046 1880/34/2046
f 1872/7/2047 1862/27/2047 1880/34/2047
f 1873/16/2048 1878/28/2048 1862/27/2048
f 1873/16/2049 1876/15/2049 1878/28/2049
f 1876/15/2050 1861/24/2050 1878/28/2050
f 1876/13/2051 1877/25/2051 1861/24/2051
f 1876/13/2052 1874/12/2052 1877/25/2052
f 1874/12/2053 1860/21/2053 1877/25/2053
f 1874/10/2054 1875/22/2054 1860/21/2054
f 1874/10/2055 1869/9/2055 1875/22/2055
f 1869/9/2056 1859/62/2056 1875/22/2056
f 1872/7/2057 1873/63/2057 1862/27/2057
f 1872/7/2058 1870/6/2058 1873/63/2058
f 1870/6/2059 1857/64/2059 1873/63/2059
f 1869/4/2060 1871/19/2060 1859/18/2060
f 1869/4/2061 1870/3/2061 1871/19/2061
f 1870/3/2062 1858/5/2062 1871/19/2062
f 2848/2/1981 2861/3/1981 2860/4/1981
f 2849/5/1982 2861/6/1982 2863/7/1982
f 2848/8/1983 2860/9/1983 2865/10/1983
f 2848/11/1984 2865/12/1984 2867/13/1984
f 2848/14/1985 2867/15/1985 2864/16/1985
f 2849/5/1986 2863/7/1986 2870/17/1986
f 2850/18/2322 2862/19/2322 2872/20/2322
f 2851/21/1988 2866/22/1988 2874/23/1988
f 2852/24/1989 2868/25/1989 2876/26/1989
f 2853/27/1990 2869/28/1990 2878/29/1990
f 2849/5/1991 2870/17/1991 2873/30/1991
f 2850/18/1992 2872/20/1992 2875/31/1992
f 2851/21/1993 2874/23/1993 2877/32/1993
f 2852/24/1994 2876/26/1994 2879/33/1994
f 2853/27/1995 2878/29/1995 2871/34/1995
f 2854/35/1996 2880/36/1996 2885/37/1996
f 2855/38/1997 2881/39/1997 2887/40/1997
f 2856/41/1998 2882/42/1998 2888/43/1998
f 2857/44/1999 2883/45/1999 2889/46/1999
f 2858/47/2323 2884/48/2323 2886/49/2323
f 2886/49/2001 2889/50/2001 2859/51/2001
f 2886/49/2002 2884/48/2002 2889/50/2002
f 2884/48/2003 2857/44/2003 2889/50/2003
f 2889/46/2004 2888/52/2004 2859/53/2004
f 2889/46/2005 2883/45/2006 2888/52/2007
f 2883/45/2006 2856/41/2008 2888/52/2007
f 2888/43/2009 2887/54/2009 2859/55/2009
f 2888/43/2010 2882/42/2010 2887/54/2010
f 2882/42/2011 2855/56/2011 2887/54/2011
f 2887/40/2012 2885/57/2012 2859/58/2012
f 2887/40/2013 2881/39/2013 2885/57/2013
f 2881/39/2324 2854/35/2324 2885/57/2324
f 2885/37/2015 2886/59/2015 2859/60/2015
f 2885/37/2016 2880/36/2016 2886/59/2016
f 2880/36/2325 2858/47/2325 2886/59/2325
f 2871/34/2018 2884/48/2018 2858/47/2018
f 2871/34/2019 2878/29/2019 2884/48/2019
f 2878/29/2020 2857/44/2020 2884/48/2020
f 2879/33/2021 2883/45/2021 2857/44/2021
f 2879/33/2022 2876/26/2022 2883/45/2022
f 2876/26/2023 2856/41/2023 2883/45/2023
f 2877/32/2024 2882/42/2024 2856/41/2024
f 2877/32/2025 2874/23/2025 2882/42/2025
f 2874/23/2026 2855/56/2026 2882/42/2026
f 2875/31/2027 2881/39/2027 2855/38/2027
f 2875/31/2028 2872/20/2028 2881/39/2028
f 2872/20/2029 2854/35/2029 2881/39/2029
f 2873/30/2030 2880/36/2030 2854/35/2030
f 2873/30/2031 2870/17/2031 2880/36/2031
f 2870/17/2032 2858/47/2032 2880/36/2032
f 2878/29/2033 2879/33/2033 2857/44/2033
f 2878/29/2034 2869/28/2034 2879/33/2034
f 2869/28/2035 2852/24/2035 2879/33/2035
f 2876/26/2036 2877/32/2036 2856/41/2036
f 2876/26/2326 2868/25/2326 2877/32/2326
f 2868/25/2038 2851/21/2038 2877/32/2038
f 2874/23/2039 2875/61/2039 2855/56/2039
f 2874/23/2040 2866/22/2040 2875/61/2040
f 2866/22/2041 2850/62/2041 2875/61/2041
f 2872/20/2042 2873/30/2042 2854/35/2042
f 2872/20/2043 2862/19/2043 2873/30/2043
f 2862/19/2044 2849/5/2044 2873/30/2044
f 2870/17/2045 2871/34/2045 2858/47/2045
f 2870/17/2046 2863/7/2046 2871/34/2046
f 2863/7/2047 2853/27/2047 2871/34/2047
f 2864/16/2048 2869/28/2048 2853/27/2048
f 2864/16/2049 2867/15/2049 2869/28/2049
f 2867/15/2050 2852/24/2050 2869/28/2050
f 2867/13/2051 2868/25/2051 2852/24/2051
f 2867/13/2052 2865/12/2052 2868/25/2052
f 2865/12/2327 2851/21/2327 2868/25/2327
f 2865/10/2054 2866/22/2054 2851/21/2054
f 2865/10/2055 2860/9/2055 2866/22/2055
f 2860/9/2056 2850/62/2056 2866/22/2056
f 2863/7/2057 2864/63/2057 2853/27/2057
f 2863/7/2058 2861/6/2058 2864/63/2058
f 2861/6/2059 2848/64/2059 2864/63/2059
f 2860/4/2060 2862/19/2060 2850/18/2060
f 2860/4/2061 2861/3/2061 2862/19/2061
f 2861/3/2062 2849/5/2062 2862/19/2062
usemtl Material.035
f 908/2/945 921/3/945 920/4/945
f 909/5/946 921/6/946 923/7/946
f 908/8/947 920/9/947 925/10/947
f 908/11/948 925/12/948 927/13/948
f 908/14/949 927/15/949 924/16/949
f 909/5/950 923/7/950 930/17/950
f 910/18/951 922/19/951 932/20/951
f 911/21/952 926/22/952 934/23/952
f 912/24/953 928/25/953 936/26/953
f 913/27/954 929/28/954 938/29/954
f 909/5/955 930/17/955 933/30/955
f 910/18/956 932/20/956 935/31/956
f 911/21/957 934/23/957 937/32/957
f 912/24/958 936/26/958 939/33/958
f 913/27/959 938/29/959 931/34/959
f 914/35/960 940/36/960 945/37/960
f 915/38/961 941/39/961 947/40/961
f 916/41/962 942/42/962 948/43/962
f 917/44/963 943/45/964 949/46/965
f 918/47/966 944/48/966 946/49/966
f 946/49/967 949/50/967 919/51/967
f 946/49/968 944/48/968 949/50/968
f 944/48/969 917/44/963 949/50/965
f 949/46/970 948/52/970 919/53/970
f 949/46/971 943/45/971 948/52/971
f 943/45/972 916/41/972 948/52/972
f 948/43/973 947/54/973 919/55/973
f 948/43/974 942/42/974 947/54/974
f 942/42/975 915/56/975 947/54/975
f 947/40/976 945/57/976 919/58/976
f 947/40/977 941/39/977 945/57/977
f 941/39/978 914/35/978 945/57/978
f 945/37/979 946/59/979 919/60/979
f 945/37/980 940/36/980 946/59/980
f 940/36/981 918/47/981 946/59/981
f 931/34/982 944/48/982 918/47/982
f 931/34/983 938/29/983 944/48/983
f 938/29/984 917/44/984 944/48/984
f 939/33/985 943/45/985 917/44/985
f 939/33/986 936/26/986 943/45/986
f 936/26/987 916/41/987 943/45/987
f 937/32/988 942/42/988 916/41/988
f 937/32/989 934/23/989 942/42/989
f 934/23/990 915/56/990 942/42/990
f 935/31/991 941/39/991 915/38/991
f 935/31/992 932/20/992 941/39/992
f 932/20/993 914/35/993 941/39/993
f 933/30/994 940/36/994 914/35/994
f 933/30/995 930/17/995 940/36/995
f 930/17/996 918/47/996 940/36/996
f 938/29/997 939/33/997 917/44/997
f 938/29/998 929/28/998 939/33/998
f 929/28/999 912/24/999 939/33/999
f 936/26/1000 937/32/1000 916/41/1000
f 936/26/1001 928/25/1001 937/32/1001
f 928/25/1002 911/21/1002 937/32/1002
f 934/23/1003 935/61/1003 915/56/1003
f 934/23/1004 926/22/1004 935/61/1004
f 926/22/1005 910/62/1005 935/61/1005
f 932/20/1006 933/30/1006 914/35/1006
f 932/20/1007 922/19/1007 933/30/1007
f 922/19/1008 909/5/1008 933/30/1008
f 930/17/1009 931/34/1009 918/47/1009
f 930/17/1010 923/7/1010 931/34/1010
f 923/7/1011 913/27/1011 931/34/1011
f 924/16/1012 929/28/1012 913/27/1012
f 924/16/1013 927/15/1013 929/28/1013
f 927/15/1014 912/24/1014 929/28/1014
f 927/13/1015 928/25/1015 912/24/1015
f 927/13/1016 925/12/1016 928/25/1016
f 925/12/1017 911/21/1018 928/25/1019
f 925/10/1017 926/22/1020 911/21/1018
f 925/10/1021 920/9/1021 926/22/1021
f 920/9/1022 910/62/1022 926/22/1022
f 923/7/1023 924/63/1023 913/27/1023
f 923/7/1024 921/6/1024 924/63/1024
f 921/6/1025 908/64/1025 924/63/1025
f 920/4/1026 922/19/1026 910/18/1026
f 920/4/1027 921/3/1027 922/19/1027
f 921/3/1028 909/5/1028 922/19/1028
f 1899/2/2063 1912/3/2063 1911/4/2063
f 1900/5/2064 1912/6/2064 1914/7/2064
f 1899/8/2065 1911/9/2065 1916/10/2065
f 1899/11/2066 1916/12/2066 1918/13/2066
f 1899/14/2067 1918/15/2067 1915/16/2067
f 1900/5/2068 1914/7/2068 1921/17/2068
f 1901/18/2069 1913/19/2069 1923/20/2069
f 1902/21/2070 1917/22/2070 1925/23/2070
f 1903/24/2071 1919/25/2071 1927/26/2071
f 1904/27/2072 1920/28/2072 1929/29/2072
f 1900/5/2073 1921/17/2073 1924/30/2073
f 1901/18/2074 1923/20/2074 1926/31/2074
f 1902/21/2075 1925/23/2075 1928/32/2075
f 1903/24/2076 1927/26/2076 1930/33/2076
f 1904/27/2077 1929/29/2077 1922/34/2077
f 1905/35/2078 1931/36/2078 1936/37/2078
f 1906/38/2079 1932/39/2079 1938/40/2079
f 1907/41/2080 1933/42/2080 1939/43/2080
f 1908/44/2081 1934/45/2082 1940/46/2083
f 1909/47/2084 1935/48/2084 1937/49/2084
f 1937/49/2085 1940/50/2085 1910/51/2085
f 1937/49/2086 1935/48/2086 1940/50/2086
f 1935/48/2087 1908/44/2081 1940/50/2083
f 1940/46/2088 1939/52/2088 1910/53/2088
f 1940/46/2089 1934/45/2089 1939/52/2089
f 1934/45/2090 1907/41/2090 1939/52/2090
f 1939/43/2091 1938/54/2091 1910/55/2091
f 1939/43/2092 1933/42/2092 1938/54/2092
f 1933/42/2093 1906/56/2093 1938/54/2093
f 1938/40/2094 1936/57/2094 1910/58/2094
f 1938/40/2095 1932/39/2095 1936/57/2095
f 1932/39/2096 1905/35/2096 1936/57/2096
f 1936/37/2097 1937/59/2097 1910/60/2097
f 1936/37/2098 1931/36/2098 1937/59/2098
f 1931/36/2099 1909/47/2099 1937/59/2099
f 1922/34/2100 1935/48/2100 1909/47/2100
f 1922/34/2101 1929/29/2101 1935/48/2101
f 1929/29/2102 1908/44/2102 1935/48/2102
f 1930/33/2103 1934/45/2103 1908/44/2103
f 1930/33/2104 1927/26/2104 1934/45/2104
f 1927/26/2105 1907/41/2105 1934/45/2105
f 1928/32/2106 1933/42/2106 1907/41/2106
f 1928/32/2107 1925/23/2107 1933/42/2107
f 1925/23/2108 1906/56/2108 1933/42/2108
f 1926/31/2109 1932/39/2109 1906/38/2109
f 1926/31/2110 1923/20/2110 1932/39/2110
f 1923/20/2111 1905/35/2111 1932/39/2111
f 1924/30/2112 1931/36/2112 1905/35/2112
f 1924/30/2113 1921/17/2113 1931/36/2113
f 1921/17/2114 1909/47/2114 1931/36/2114
f 1929/29/2115 1930/33/2115 1908/44/2115
f 1929/29/2116 1920/28/2116 1930/33/2116
f 1920/28/2117 1903/24/2117 1930/33/2117
f 1927/26/2118 1928/32/2118 1907/41/2118
f 1927/26/2119 1919/25/2119 1928/32/2119
f 1919/25/2120 1902/21/2120 1928/32/2120
f 1925/23/2121 1926/61/2121 1906/56/2121
f 1925/23/2122 1917/22/2122 1926/61/2122
f 1917/22/2123 1901/62/2123 1926/61/2123
f 1923/20/2124 1924/30/2124 1905/35/2124
f 1923/20/2125 1913/19/2125 1924/30/2125
f 1913/19/2126 1900/5/2126 1924/30/2126
f 1921/17/2127 1922/34/2127 1909/47/2127
f 1921/17/2128 1914/7/2128 1922/34/2128
f 1914/7/2129 1904/27/2129 1922/34/2129
f 1915/16/2130 1920/28/2130 1904/27/2130
f 1915/16/2131 1918/15/2131 1920/28/2131
f 1918/15/2132 1903/24/2132 1920/28/2132
f 1918/13/2133 1919/25/2133 1903/24/2133
f 1918/13/2134 1916/12/2134 1919/25/2134
f 1916/12/2135 1902/21/2136 1919/25/2137
f 1916/10/2135 1917/22/2138 1902/21/2136
f 1916/10/2139 1911/9/2139 1917/22/2139
f 1911/9/2140 1901/62/2140 1917/22/2140
f 1914/7/2141 1915/63/2141 1904/27/2141
f 1914/7/2142 1912/6/2142 1915/63/2142
f 1912/6/2143 1899/64/2143 1915/63/2143
f 1911/4/2144 1913/19/2144 1901/18/2144
f 1911/4/2145 1912/3/2145 1913/19/2145
f 1912/3/2146 1900/5/2146 1913/19/2146
f 2890/2/2063 2903/3/2063 2902/4/2063
f 2891/5/2064 2903/6/2064 2905/7/2064
f 2890/8/2065 2902/9/2065 2907/10/2065
f 2890/11/2066 2907/12/2066 2909/13/2066
f 2890/14/2067 2909/15/2067 2906/16/2067
f 2891/5/2068 2905/7/2068 2912/17/2068
f 2892/18/2069 2904/19/2069 2914/20/2069
f 2893/21/2328 2908/22/2328 2916/23/2328
f 2894/24/2071 2910/25/2071 2918/26/2071
f 2895/27/2329 2911/28/2329 2920/29/2329
f 2891/5/2073 2912/17/2073 2915/30/2073
f 2892/18/2074 2914/20/2074 2917/31/2074
f 2893/21/2075 2916/23/2075 2919/32/2075
f 2894/24/2076 2918/26/2076 2921/33/2076
f 2895/27/2077 2920/29/2077 2913/34/2077
f 2896/35/2078 2922/36/2078 2927/37/2078
f 2897/38/2079 2923/39/2079 2929/40/2079
f 2898/41/2080 2924/42/2080 2930/43/2080
f 2899/44/2081 2925/45/2082 2931/46/2083
f 2900/47/2084 2926/48/2084 2928/49/2084
f 2928/49/2085 2931/50/2085 2901/51/2085
f 2928/49/2086 2926/48/2086 2931/50/2086
f 2926/48/2087 2899/44/2081 2931/50/2083
f 2931/46/2088 2930/52/2088 2901/53/2088
f 2931/46/2089 2925/45/2089 2930/52/2089
f 2925/45/2090 2898/41/2090 2930/52/2090
f 2930/43/2091 2929/54/2091 2901/55/2091
f 2930/43/2092 2924/42/2092 2929/54/2092
f 2924/42/2093 2897/56/2093 2929/54/2093
f 2929/40/2094 2927/57/2094 2901/58/2094
f 2929/40/2330 2923/39/2330 2927/57/2330
f 2923/39/2096 2896/35/2096 2927/57/2096
f 2927/37/2097 2928/59/2097 2901/60/2097
f 2927/37/2098 2922/36/2098 2928/59/2098
f 2922/36/2099 2900/47/2099 2928/59/2099
f 2913/34/2100 2926/48/2100 2900/47/2100
f 2913/34/2101 2920/29/2101 2926/48/2101
f 2920/29/2102 2899/44/2102 2926/48/2102
f 2921/33/2103 2925/45/2103 2899/44/2103
f 2921/33/2104 2918/26/2104 2925/45/2104
f 2918/26/2331 2898/41/2331 2925/45/2331
f 2919/32/2106 2924/42/2106 2898/41/2106
f 2919/32/2107 2916/23/2107 2924/42/2107
f 2916/23/2108 2897/56/2108 2924/42/2108
f 2917/31/2109 2923/39/2109 2897/38/2109
f 2917/31/2110 2914/20/2110 2923/39/2110
f 2914/20/2111 2896/35/2111 2923/39/2111
f 2915/30/2112 2922/36/2112 2896/35/2112
f 2915/30/2113 2912/17/2113 2922/36/2113
f 2912/17/2114 2900/47/2114 2922/36/2114
f 2920/29/2115 2921/33/2115 2899/44/2115
f 2920/29/2116 2911/28/2116 2921/33/2116
f 2911/28/2117 2894/24/2117 2921/33/2117
f 2918/26/2118 2919/32/2118 2898/41/2118
f 2918/26/2119 2910/25/2119 2919/32/2119
f 2910/25/2120 2893/21/2120 2919/32/2120
f 2916/23/2121 2917/61/2121 2897/56/2121
f 2916/23/2122 2908/22/2122 2917/61/2122
f 2908/22/2123 2892/62/2123 2917/61/2123
f 2914/20/2124 2915/30/2124 2896/35/2124
f 2914/20/2125 2904/19/2125 2915/30/2125
f 2904/19/2126 2891/5/2126 2915/30/2126
f 2912/17/2127 2913/34/2127 2900/47/2127
f 2912/17/2128 2905/7/2128 2913/34/2128
f 2905/7/2129 2895/27/2129 2913/34/2129
f 2906/16/2130 2911/28/2130 2895/27/2130
f 2906/16/2131 2909/15/2131 2911/28/2131
f 2909/15/2132 2894/24/2132 2911/28/2132
f 2909/13/2133 2910/25/2133 2894/24/2133
f 2909/13/2134 2907/12/2134 2910/25/2134
f 2907/12/2135 2893/21/2136 2910/25/2137
f 2907/10/2135 2908/22/2138 2893/21/2136
f 2907/10/2139 2902/9/2139 2908/22/2139
f 2902/9/2140 2892/62/2140 2908/22/2140
f 2905/7/2141 2906/63/2141 2895/27/2141
f 2905/7/2142 2903/6/2142 2906/63/2142
f 2903/6/2143 2890/64/2143 2906/63/2143
f 2902/4/2144 2904/19/2144 2892/18/2144
f 2902/4/2145 2903/3/2145 2904/19/2145
f 2903/3/2146 2891/5/2146 2904/19/2146
usemtl Material.036
f 950/2/1029 963/3/1029 962/4/1029
f 951/5/1030 963/6/1030 965/7/1030
f 950/8/1031 962/9/1031 967/10/1031
f 950/11/1032 967/12/1032 969/13/1032
f 950/14/1033 969/15/1033 966/16/1033
f 951/5/1034 965/7/1034 972/17/1034
f 952/18/1035 964/19/1035 974/20/1035
f 953/21/1036 968/22/1036 976/23/1036
f 954/24/1037 970/25/1037 978/26/1037
f 955/27/1038 971/28/1038 980/29/1038
f 951/5/1039 972/17/1039 975/30/1039
f 952/18/1040 974/20/1040 977/31/1040
f 953/21/1041 976/23/1041 979/32/1041
f 954/24/1042 978/26/1042 981/33/1042
f 955/27/1043 980/29/1043 973/34/1043
f 956/35/1044 982/36/1044 987/37/1044
f 957/38/1045 983/39/1045 989/40/1045
f 958/41/1046 984/42/1046 990/43/1046
f 959/44/1047 985/45/1048 991/46/1049
f 960/47/966 986/48/966 988/49/966
f 988/49/1050 991/50/1050 961/51/1050
f 988/49/1051 986/48/1051 991/50/1051
f 986/48/1052 959/44/1047 991/50/1049
f 991/46/1053 990/52/1053 961/53/1053
f 991/46/1054 985/45/1054 990/52/1054
f 985/45/1055 958/41/1055 990/52/1055
f 990/43/1056 989/54/1056 961/55/1056
f 990/43/1057 984/42/1057 989/54/1057
f 984/42/1058 957/56/1058 989/54/1058
f 989/40/1059 987/57/1059 961/58/1059
f 989/40/1060 983/39/1060 987/57/1060
f 983/39/1061 956/35/1061 987/57/1061
f 987/37/1062 988/59/1062 961/60/1062
f 987/37/1063 982/36/1063 988/59/1063
f 982/36/1064 960/47/1064 988/59/1064
f 973/34/1065 986/48/1065 960/47/1065
f 973/34/1066 980/29/1066 986/48/1066
f 980/29/1067 959/44/1067 986/48/1067
f 981/33/1068 985/45/1068 959/44/1068
f 981/33/1069 978/26/1069 985/45/1069
f 978/26/1070 958/41/1070 985/45/1070
f 979/32/1071 984/42/1071 958/41/1071
f 979/32/1072 976/23/1072 984/42/1072
f 976/23/1073 957/56/1073 984/42/1073
f 977/31/1074 983/39/1074 957/38/1074
f 977/31/1075 974/20/1075 983/39/1075
f 974/20/1076 956/35/1076 983/39/1076
f 975/30/1077 982/36/1077 956/35/1077
f 975/30/1078 972/17/1078 982/36/1078
f 972/17/1079 960/47/1079 982/36/1079
f 980/29/1080 981/33/1080 959/44/1080
f 980/29/1081 971/28/1081 981/33/1081
f 971/28/1082 954/24/1082 981/33/1082
f 978/26/1083 979/32/1083 958/41/1083
f 978/26/1084 970/25/1084 979/32/1084
f 970/25/1085 953/21/1085 979/32/1085
f 976/23/1086 977/61/1086 957/56/1086
f 976/23/1087 968/22/1087 977/61/1087
f 968/22/1088 952/62/1088 977/61/1088
f 974/20/1089 975/30/1089 956/35/1089
f 974/20/1090 964/19/1090 975/30/1090
f 964/19/1091 951/5/1091 975/30/1091
f 972/17/1092 973/34/1092 960/47/1092
f 972/17/1093 965/7/1093 973/34/1093
f 965/7/1094 955/27/1094 973/34/1094
f 966/16/1095 971/28/1095 955/27/1095
f 966/16/1096 969/15/1096 971/28/1096
f 969/15/1097 954/24/1097 971/28/1097
f 969/13/1098 970/25/1098 954/24/1098
f 969/13/1099 967/12/1099 970/25/1099
f 967/12/1100 953/21/1100 970/25/1100
f 967/10/1101 968/22/1101 953/21/1101
f 967/10/1102 962/9/1102 968/22/1102
f 962/9/1103 952/62/1103 968/22/1103
f 965/7/1104 966/63/1104 955/27/1104
f 965/7/1105 963/6/1105 966/63/1105
f 963/6/1106 950/64/1106 966/63/1106
f 962/4/1107 964/19/1107 952/18/1107
f 962/4/1108 963/3/1108 964/19/1108
f 963/3/1109 951/5/1109 964/19/1109
f 1941/2/2147 1954/3/2147 1953/4/2147
f 1942/5/2148 1954/6/2148 1956/7/2148
f 1941/8/2149 1953/9/2149 1958/10/2149
f 1941/11/2150 1958/12/2150 1960/13/2150
f 1941/14/2151 1960/15/2151 1957/16/2151
f 1942/5/2152 1956/7/2152 1963/17/2152
f 1943/18/2153 1955/19/2153 1965/20/2153
f 1944/21/2154 1959/22/2154 1967/23/2154
f 1945/24/2155 1961/25/2155 1969/26/2155
f 1946/27/2156 1962/28/2156 1971/29/2156
f 1942/5/2157 1963/17/2157 1966/30/2157
f 1943/18/2158 1965/20/2158 1968/31/2158
f 1944/21/2159 1967/23/2159 1970/32/2159
f 1945/24/2160 1969/26/2160 1972/33/2160
f 1946/27/2161 1971/29/2161 1964/34/2161
f 1947/35/2162 1973/36/2162 1978/37/2162
f 1948/38/2163 1974/39/2163 1980/40/2163
f 1949/41/2164 1975/42/2164 1981/43/2164
f 1950/44/2165 1976/45/2166 1982/46/2167
f 1951/47/2168 1977/48/2168 1979/49/2168
f 1979/49/2169 1982/50/2169 1952/51/2169
f 1979/49/2170 1977/48/2170 1982/50/2170
f 1977/48/2171 1950/44/2165 1982/50/2167
f 1982/46/2172 1981/52/2172 1952/53/2172
f 1982/46/2173 1976/45/2173 1981/52/2173
f 1976/45/2174 1949/41/2174 1981/52/2174
f 1981/43/2175 1980/54/2175 1952/55/2175
f 1981/43/2176 1975/42/2176 1980/54/2176
f 1975/42/2177 1948/56/2177 1980/54/2177
f 1980/40/2178 1978/57/2178 1952/58/2178
f 1980/40/2179 1974/39/2179 1978/57/2179
f 1974/39/2180 1947/35/2180 1978/57/2180
f 1978/37/2181 1979/59/2181 1952/60/2181
f 1978/37/2182 1973/36/2182 1979/59/2182
f 1973/36/2183 1951/47/2183 1979/59/2183
f 1964/34/2184 1977/48/2184 1951/47/2184
f 1964/34/2185 1971/29/2185 1977/48/2185
f 1971/29/2186 1950/44/2186 1977/48/2186
f 1972/33/2187 1976/45/2187 1950/44/2187
f 1972/33/2188 1969/26/2188 1976/45/2188
f 1969/26/2189 1949/41/2189 1976/45/2189
f 1970/32/2190 1975/42/2190 1949/41/2190
f 1970/32/2191 1967/23/2191 1975/42/2191
f 1967/23/2192 1948/56/2192 1975/42/2192
f 1968/31/2193 1974/39/2193 1948/38/2193
f 1968/31/2194 1965/20/2194 1974/39/2194
f 1965/20/2195 1947/35/2195 1974/39/2195
f 1966/30/2196 1973/36/2196 1947/35/2196
f 1966/30/2197 1963/17/2197 1973/36/2197
f 1963/17/2198 1951/47/2198 1973/36/2198
f 1971/29/2199 1972/33/2199 1950/44/2199
f 1971/29/2200 1962/28/2200 1972/33/2200
f 1962/28/2201 1945/24/2201 1972/33/2201
f 1969/26/2202 1970/32/2202 1949/41/2202
f 1969/26/2203 1961/25/2203 1970/32/2203
f 1961/25/2204 1944/21/2204 1970/32/2204
f 1967/23/2205 1968/61/2205 1948/56/2205
f 1967/23/2206 1959/22/2206 1968/61/2206
f 1959/22/2207 1943/62/2207 1968/61/2207
f 1965/20/2208 1966/30/2208 1947/35/2208
f 1965/20/2209 1955/19/2209 1966/30/2209
f 1955/19/2210 1942/5/2210 1966/30/2210
f 1963/17/2211 1964/34/2211 1951/47/2211
f 1963/17/2212 1956/7/2212 1964/34/2212
f 1956/7/2213 1946/27/2213 1964/34/2213
f 1957/16/2214 1962/28/2214 1946/27/2214
f 1957/16/2215 1960/15/2215 1962/28/2215
f 1960/15/2216 1945/24/2216 1962/28/2216
f 1960/13/2217 1961/25/2217 1945/24/2217
f 1960/13/2218 1958/12/2218 1961/25/2218
f 1958/12/2219 1944/21/2219 1961/25/2219
f 1958/10/2220 1959/22/2220 1944/21/2220
f 1958/10/2221 1953/9/2221 1959/22/2221
f 1953/9/2222 1943/62/2222 1959/22/2222
f 1956/7/2223 1957/63/2223 1946/27/2223
f 1956/7/2224 1954/6/2224 1957/63/2224
f 1954/6/2225 1941/64/2225 1957/63/2225
f 1953/4/2226 1955/19/2226 1943/18/2226
f 1953/4/2227 1954/3/2227 1955/19/2227
f 1954/3/2228 1942/5/2228 1955/19/2228
f 2932/2/2147 2945/3/2147 2944/4/2147
f 2933/5/2148 2945/6/2148 2947/7/2148
f 2932/8/2149 2944/9/2149 2949/10/2149
f 2932/11/2150 2949/12/2150 2951/13/2150
f 2932/14/2151 2951/15/2151 2948/16/2151
f 2933/5/2152 2947/7/2152 2954/17/2152
f 2934/18/2153 2946/19/2153 2956/20/2153
f 2935/21/2154 2950/22/2154 2958/23/2154
f 2936/24/2155 2952/25/2155 2960/26/2155
f 2937/27/2332 2953/28/2332 2962/29/2332
f 2933/5/2157 2954/17/2157 2957/30/2157
f 2934/18/2158 2956/20/2158 2959/31/2158
f 2935/21/2159 2958/23/2159 2961/32/2159
f 2936/24/2160 2960/26/2160 2963/33/2160
f 2937/27/2161 2962/29/2161 2955/34/2161
f 2938/35/2162 2964/36/2162 2969/37/2162
f 2939/38/2163 2965/39/2163 2971/40/2163
f 2940/41/2164 2966/42/2164 2972/43/2164
f 2941/44/2165 2967/45/2166 2973/46/2167
f 2942/47/2168 2968/48/2168 2970/49/2168
f 2970/49/2169 2973/50/2169 2943/51/2169
f 2970/49/2170 2968/48/2170 2973/50/2170
f 2968/48/2171 2941/44/2165 2973/50/2167
f 2973/46/2172 2972/52/2172 2943/53/2172
f 2973/46/2173 2967/45/2173 2972/52/2173
f 2967/45/2174 2940/41/2174 2972/52/2174
f 2972/43/2175 2971/54/2175 2943/55/2175
f 2972/43/2176 2966/42/2176 2971/54/2176
f 2966/42/2177 2939/56/2177 2971/54/2177
f 2971/40/2178 2969/57/2178 2943/58/2178
f 2971/40/2179 2965/39/2179 2969/57/2179
f 2965/39/2180 2938/35/2180 2969/57/2180
f 2969/37/2333 2970/59/2333 2943/60/2333
f 2969/37/2182 2964/36/2182 2970/59/2182
f 2964/36/2183 2942/47/2183 2970/59/2183
f 2955/34/2184 2968/48/2184 2942/47/2184
f 2955/34/2185 2962/29/2185 2968/48/2185
f 2962/29/2186 2941/44/2186 2968/48/2186
f 2963/33/2187 2967/45/2187 2941/44/2187
f 2963/33/2188 2960/26/2188 2967/45/2188
f 2960/26/2189 2940/41/2189 2967/45/2189
f 2961/32/2190 2966/42/2190 2940/41/2190
f 2961/32/2334 2958/23/2334 2966/42/2334
f 2958/23/2335 2939/56/2335 2966/42/2335
f 2959/31/2193 2965/39/2193 2939/38/2193
f 2959/31/2194 2956/20/2194 2965/39/2194
f 2956/20/2195 2938/35/2195 2965/39/2195
f 2957/30/2336 2964/36/2336 2938/35/2336
f 2957/30/2197 2954/17/2197 2964/36/2197
f 2954/17/2198 2942/47/2198 2964/36/2198
f 2962/29/2199 2963/33/2199 2941/44/2199
f 2962/29/2200 2953/28/2200 2963/33/2200
f 2953/28/2201 2936/24/2201 2963/33/2201
f 2960/26/2202 2961/32/2202 2940/41/2202
f 2960/26/2203 2952/25/2203 2961/32/2203
f 2952/25/2204 2935/21/2204 2961/32/2204
f 2958/23/2337 2959/61/2337 2939/56/2337
f 2958/23/2206 2950/22/2206 2959/61/2206
f 2950/22/2207 2934/62/2207 2959/61/2207
f 2956/20/2338 2957/30/2338 2938/35/2338
f 2956/20/2209 2946/19/2209 2957/30/2209
f 2946/19/2210 2933/5/2210 2957/30/2210
f 2954/17/2211 2955/34/2211 2942/47/2211
f 2954/17/2212 2947/7/2212 2955/34/2212
f 2947/7/2213 2937/27/2213 2955/34/2213
f 2948/16/2214 2953/28/2214 2937/27/2214
f 2948/16/2215 2951/15/2215 2953/28/2215
f 2951/15/2216 2936/24/2216 2953/28/2216
f 2951/13/2217 2952/25/2217 2936/24/2217
f 2951/13/2218 2949/12/2218 2952/25/2218
f 2949/12/2219 2935/21/2219 2952/25/2219
f 2949/10/2220 2950/22/2220 2935/21/2220
f 2949/10/2221 2944/9/2221 2950/22/2221
f 2944/9/2222 2934/62/2222 2950/22/2222
f 2947/7/2223 2948/63/2223 2937/27/2223
f 2947/7/2224 2945/6/2224 2948/63/2224
f 2945/6/2225 2932/64/2225 2948/63/2225
f 2944/4/2226 2946/19/2226 2934/18/2226
f 2944/4/2227 2945/3/2227 2946/19/2227
f 2945/3/2228 2933/5/2228 2946/19/2228
